[00:00:09] ⏳ [Automático] Tocaba disparar 'sesiones' pero hay una ejecución en curso; la limpieza de sesiones espera a que termine; se reintenta en breve sin perder el turno.
[00:00:09] ⏳ [Automático] Tocaba disparar 'pagos' pero ya hay una ejecución en curso (Actualizar pagos); esperando a que termine; se reintenta en breve sin perder el turno.
[00:00:54] 🔐 [Automático] Limpieza diaria de sesiones (00:00): se fuerza login nuevo en la próxima corrida.
[00:02:54] 🤖 [Automático] Es hora de actualizar pagos. Arrancando...
[00:03:09] ⏳ [Automático] Tocaba disparar 'pagos' pero ya hay una ejecución en curso (Actualizar pagos); esperando a que termine; se reintenta en breve sin perder el turno.
[00:06:09] 🤖 [Automático] Es hora de actualizar pagos. Arrancando...
[00:06:24] ⏳ [Automático] Tocaba disparar 'pagos' pero ya hay una ejecución en curso (Actualizar pagos); esperando a que termine; se reintenta en breve sin perder el turno.
[00:09:39] 🤖 [Automático] Es hora de actualizar pagos. Arrancando...
[00:09:54] ⏳ [Automático] Tocaba disparar 'pagos' pero ya hay una ejecución en curso (Actualizar pagos); esperando a que termine; se reintenta en breve sin perder el turno.
[00:12:39] 🤖 [Automático] Es hora de actualizar pagos. Arrancando...
[00:12:54] ⏳ [Automático] Tocaba disparar 'pagos' pero ya hay una ejecución en curso (Actualizar pagos); esperando a que termine; se reintenta en breve sin perder el turno.
[00:15:39] 🤖 [Automático] Es hora de actualizar pagos. Arrancando...
[00:15:54] ⏳ [Automático] Tocaba disparar 'pagos' pero ya hay una ejecución en curso (Actualizar pagos); esperando a que termine; se reintenta en breve sin perder el turno.
[00:18:40] 🤖 [Automático] Es hora de actualizar pagos. Arrancando...
[00:18:55] ⏳ [Automático] Tocaba disparar 'pagos' pero ya hay una ejecución en curso (Actualizar pagos); esperando a que termine; se reintenta en breve sin perder el turno.
[00:21:40] 🤖 [Automático] Es hora de actualizar pagos. Arrancando...
[00:21:55] ⏳ [Automático] Tocaba disparar 'pagos' pero ya hay una ejecución en curso (Actualizar pagos); esperando a que termine; se reintenta en breve sin perder el turno.
[00:24:55] 🤖 [Automático] Es hora de actualizar pagos. Arrancando...
[00:25:10] ⏳ [Automático] Tocaba disparar 'pagos' pero ya hay una ejecución en curso (Actualizar pagos); esperando a que termine; se reintenta en breve sin perder el turno.
[00:27:55] 🤖 [Automático] Es hora de actualizar pagos. Arrancando...
[00:28:10] ⏳ [Automático] Tocaba disparar 'pagos' pero ya hay una ejecución en curso (Actualizar pagos); esperando a que termine; se reintenta en breve sin perder el turno.
[00:30:55] 🤖 [Automático] Es hora de actualizar pagos. Arrancando...
[00:31:10] ⏳ [Automático] Tocaba disparar 'pagos' pero ya hay una ejecución en curso (Actualizar pagos); esperando a que termine; se reintenta en breve sin perder el turno.
[00:33:55] 🤖 [Automático] Es hora de actualizar pagos. Arrancando...
[00:34:10] ⏳ [Automático] Tocaba disparar 'pagos' pero ya hay una ejecución en curso (Actualizar pagos); esperando a que termine; se reintenta en breve sin perder el turno.
[00:36:55] 🤖 [Automático] Es hora de actualizar pagos. Arrancando...
[00:37:10] ⏳ [Automático] Tocaba disparar 'pagos' pero ya hay una ejecución en curso (Actualizar pagos); esperando a que termine; se reintenta en breve sin perder el turno.
[00:39:55] 🤖 [Automático] Es hora de actualizar pagos. Arrancando...
[00:40:10] ⏳ [Automático] Tocaba disparar 'pagos' pero ya hay una ejecución en curso (Actualizar pagos); esperando a que termine; se reintenta en breve sin perder el turno.
[00:42:55] 🤖 [Automático] Es hora de actualizar pagos. Arrancando...
[00:43:10] ⏳ [Automático] Tocaba disparar 'pagos' pero ya hay una ejecución en curso (Actualizar pagos); esperando a que termine; se reintenta en breve sin perder el turno.
[00:46:40] 🤖 [Automático] Es hora de actualizar pagos. Arrancando...
[00:46:55] ⏳ [Automático] Tocaba disparar 'pagos' pero ya hay una ejecución en curso (Actualizar pagos); esperando a que termine; se reintenta en breve sin perder el turno.
[00:49:55] 🤖 [Automático] Es hora de actualizar pagos. Arrancando...
[00:50:10] ⏳ [Automático] Tocaba disparar 'pagos' pero ya hay una ejecución en curso (Actualizar pagos); esperando a que termine; se reintenta en breve sin perder el turno.
[00:52:55] 🤖 [Automático] Es hora de actualizar pagos. Arrancando...
[00:53:10] ⏳ [Automático] Tocaba disparar 'pagos' pero ya hay una ejecución en curso (Actualizar pagos); esperando a que termine; se reintenta en breve sin perder el turno.
[00:55:55] 🤖 [Automático] Es hora de actualizar pagos. Arrancando...
[00:56:10] ⏳ [Automático] Tocaba disparar 'pagos' pero ya hay una ejecución en curso (Actualizar pagos); esperando a que termine; se reintenta en breve sin perder el turno.
[00:58:55] 🤖 [Automático] Es hora de actualizar pagos. Arrancando...
[00:59:10] ⏳ [Automático] Tocaba disparar 'pagos' pero ya hay una ejecución en curso (Actualizar pagos); esperando a que termine; se reintenta en breve sin perder el turno.
[01:01:55] 🤖 [Automático] Es hora de actualizar pagos. Arrancando...
[01:02:10] ⏳ [Automático] Tocaba disparar 'pagos' pero ya hay una ejecución en curso (Actualizar pagos); esperando a que termine; se reintenta en breve sin perder el turno.
[01:04:55] 🤖 [Automático] Es hora de actualizar pagos. Arrancando...
[01:05:10] ⏳ [Automático] Tocaba disparar 'pagos' pero ya hay una ejecución en curso (Actualizar pagos); esperando a que termine; se reintenta en breve sin perder el turno.
[01:07:55] 🤖 [Automático] Es hora de actualizar pagos. Arrancando...
[01:08:10] ⏳ [Automático] Tocaba disparar 'pagos' pero ya hay una ejecución en curso (Actualizar pagos); esperando a que termine; se reintenta en breve sin perder el turno.
[01:10:55] 🤖 [Automático] Es hora de actualizar pagos. Arrancando...
[01:11:10] ⏳ [Automático] Tocaba disparar 'pagos' pero ya hay una ejecución en curso (Actualizar pagos); esperando a que termine; se reintenta en breve sin perder el turno.
[01:13:56] 🤖 [Automático] Es hora de actualizar pagos. Arrancando...
[01:14:11] ⏳ [Automático] Tocaba disparar 'pagos' pero ya hay una ejecución en curso (Actualizar pagos); esperando a que termine; se reintenta en breve sin perder el turno.
[01:16:56] 🤖 [Automático] Es hora de actualizar pagos. Arrancando...
[01:17:11] ⏳ [Automático] Tocaba disparar 'pagos' pero ya hay una ejecución en curso (Actualizar pagos); esperando a que termine; se reintenta en breve sin perder el turno.
[01:19:56] 🤖 [Automático] Es hora de actualizar pagos. Arrancando...
[01:20:11] ⏳ [Automático] Tocaba disparar 'pagos' pero ya hay una ejecución en curso (Actualizar pagos); esperando a que termine; se reintenta en breve sin perder el turno.
[01:22:56] 🤖 [Automático] Es hora de actualizar pagos. Arrancando...
[01:23:11] ⏳ [Automático] Tocaba disparar 'pagos' pero ya hay una ejecución en curso (Actualizar pagos); esperando a que termine; se reintenta en breve sin perder el turno.
[01:25:56] 🤖 [Automático] Es hora de actualizar pagos. Arrancando...
[01:26:11] ⏳ [Automático] Tocaba disparar 'pagos' pero ya hay una ejecución en curso (Actualizar pagos); esperando a que termine; se reintenta en breve sin perder el turno.
[01:28:56] 🤖 [Automático] Es hora de actualizar pagos. Arrancando...
[01:29:11] ⏳ [Automático] Tocaba disparar 'pagos' pero ya hay una ejecución en curso (Actualizar pagos); esperando a que termine; se reintenta en breve sin perder el turno.
[01:32:11] 🤖 [Automático] Es hora de actualizar pagos. Arrancando...
[01:32:26] ⏳ [Automático] Tocaba disparar 'pagos' pero ya hay una ejecución en curso (Actualizar pagos); esperando a que termine; se reintenta en breve sin perder el turno.
[01:35:41] 🤖 [Automático] Es hora de actualizar pagos. Arrancando...
[01:35:56] ⏳ [Automático] Tocaba disparar 'pagos' pero ya hay una ejecución en curso (Actualizar pagos); esperando a que termine; se reintenta en breve sin perder el turno.
[01:38:56] 🤖 [Automático] Es hora de actualizar pagos. Arrancando...
[01:39:11] ⏳ [Automático] Tocaba disparar 'pagos' pero ya hay una ejecución en curso (Actualizar pagos); esperando a que termine; se reintenta en breve sin perder el turno.
[01:42:11] 🤖 [Automático] Es hora de actualizar pagos. Arrancando...
[01:42:26] ⏳ [Automático] Tocaba disparar 'pagos' pero ya hay una ejecución en curso (Actualizar pagos); esperando a que termine; se reintenta en breve sin perder el turno.
[01:45:11] 🤖 [Automático] Es hora de actualizar pagos. Arrancando...
[01:45:26] ⏳ [Automático] Tocaba disparar 'pagos' pero ya hay una ejecución en curso (Actualizar pagos); esperando a que termine; se reintenta en breve sin perder el turno.
[01:48:26] 🤖 [Automático] Es hora de actualizar pagos. Arrancando...
[01:48:41] ⏳ [Automático] Tocaba disparar 'pagos' pero ya hay una ejecución en curso (Actualizar pagos); esperando a que termine; se reintenta en breve sin perder el turno.
[01:51:26] 🤖 [Automático] Es hora de actualizar pagos. Arrancando...
[01:51:41] ⏳ [Automático] Tocaba disparar 'pagos' pero ya hay una ejecución en curso (Actualizar pagos); esperando a que termine; se reintenta en breve sin perder el turno.
[01:54:41] 🤖 [Automático] Es hora de actualizar pagos. Arrancando...
[01:54:56] ⏳ [Automático] Tocaba disparar 'pagos' pero ya hay una ejecución en curso (Actualizar pagos); esperando a que termine; se reintenta en breve sin perder el turno.
[01:57:41] 🤖 [Automático] Es hora de actualizar pagos. Arrancando...
[01:57:56] ⏳ [Automático] Tocaba disparar 'pagos' pero ya hay una ejecución en curso (Actualizar pagos); esperando a que termine; se reintenta en breve sin perder el turno.
[02:00:41] 🤖 [Automático] Es hora de actualizar pagos. Arrancando...
[02:00:56] ⏳ [Automático] Tocaba disparar 'pagos' pero ya hay una ejecución en curso (Actualizar pagos); esperando a que termine; se reintenta en breve sin perder el turno.
[02:03:56] 🤖 [Automático] Es hora de actualizar pagos. Arrancando...
[02:04:12] ⏳ [Automático] Tocaba disparar 'pagos' pero ya hay una ejecución en curso (Actualizar pagos); esperando a que termine; se reintenta en breve sin perder el turno.
[02:06:57] 🤖 [Automático] Es hora de actualizar pagos. Arrancando...
[02:07:12] ⏳ [Automático] Tocaba disparar 'pagos' pero ya hay una ejecución en curso (Actualizar pagos); esperando a que termine; se reintenta en breve sin perder el turno.
[02:10:12] 🤖 [Automático] Es hora de actualizar pagos. Arrancando...
[02:10:27] ⏳ [Automático] Tocaba disparar 'pagos' pero ya hay una ejecución en curso (Actualizar pagos); esperando a que termine; se reintenta en breve sin perder el turno.
[02:13:42] 🤖 [Automático] Es hora de actualizar pagos. Arrancando...
[02:13:57] ⏳ [Automático] Tocaba disparar 'pagos' pero ya hay una ejecución en curso (Actualizar pagos); esperando a que termine; se reintenta en breve sin perder el turno.
[02:16:57] 🤖 [Automático] Es hora de actualizar pagos. Arrancando...
[02:17:12] ⏳ [Automático] Tocaba disparar 'pagos' pero ya hay una ejecución en curso (Actualizar pagos); esperando a que termine; se reintenta en breve sin perder el turno.
[02:20:12] 🤖 [Automático] Es hora de actualizar pagos. Arrancando...
[02:20:27] ⏳ [Automático] Tocaba disparar 'pagos' pero ya hay una ejecución en curso (Actualizar pagos); esperando a que termine; se reintenta en breve sin perder el turno.
[02:23:27] 🤖 [Automático] Es hora de actualizar pagos. Arrancando...
[02:23:42] ⏳ [Automático] Tocaba disparar 'pagos' pero ya hay una ejecución en curso (Actualizar pagos); esperando a que termine; se reintenta en breve sin perder el turno.
[02:26:27] 🤖 [Automático] Es hora de actualizar pagos. Arrancando...
[02:26:42] ⏳ [Automático] Tocaba disparar 'pagos' pero ya hay una ejecución en curso (Actualizar pagos); esperando a que termine; se reintenta en breve sin perder el turno.
[02:29:27] 🤖 [Automático] Es hora de actualizar pagos. Arrancando...
[02:29:42] ⏳ [Automático] Tocaba disparar 'pagos' pero ya hay una ejecución en curso (Actualizar pagos); esperando a que termine; se reintenta en breve sin perder el turno.
[02:32:42] 🤖 [Automático] Es hora de actualizar pagos. Arrancando...
[02:32:57] ⏳ [Automático] Tocaba disparar 'pagos' pero ya hay una ejecución en curso (Actualizar pagos); esperando a que termine; se reintenta en breve sin perder el turno.
[02:35:57] 🤖 [Automático] Es hora de actualizar pagos. Arrancando...
[02:36:12] ⏳ [Automático] Tocaba disparar 'pagos' pero ya hay una ejecución en curso (Actualizar pagos); esperando a que termine; se reintenta en breve sin perder el turno.
[02:39:27] 🤖 [Automático] Es hora de actualizar pagos. Arrancando...
[02:39:42] ⏳ [Automático] Tocaba disparar 'pagos' pero ya hay una ejecución en curso (Actualizar pagos); esperando a que termine; se reintenta en breve sin perder el turno.
[02:42:57] 🤖 [Automático] Es hora de actualizar pagos. Arrancando...
[02:43:12] ⏳ [Automático] Tocaba disparar 'pagos' pero ya hay una ejecución en curso (Actualizar pagos); esperando a que termine; se reintenta en breve sin perder el turno.
[02:46:12] 🤖 [Automático] Es hora de actualizar pagos. Arrancando...
[02:46:27] ⏳ [Automático] Tocaba disparar 'pagos' pero ya hay una ejecución en curso (Actualizar pagos); esperando a que termine; se reintenta en breve sin perder el turno.
[02:49:28] 🤖 [Automático] Es hora de actualizar pagos. Arrancando...
[02:49:43] ⏳ [Automático] Tocaba disparar 'pagos' pero ya hay una ejecución en curso (Actualizar pagos); esperando a que termine; se reintenta en breve sin perder el turno.
[02:52:43] 🤖 [Automático] Es hora de actualizar pagos. Arrancando...
[02:52:58] ⏳ [Automático] Tocaba disparar 'pagos' pero ya hay una ejecución en curso (Actualizar pagos); esperando a que termine; se reintenta en breve sin perder el turno.
[02:55:43] 🤖 [Automático] Es hora de actualizar pagos. Arrancando...
[02:55:58] ⏳ [Automático] Tocaba disparar 'pagos' pero ya hay una ejecución en curso (Actualizar pagos); esperando a que termine; se reintenta en breve sin perder el turno.
[02:58:43] 🤖 [Automático] Es hora de actualizar pagos. Arrancando...
[02:58:58] ⏳ [Automático] Tocaba disparar 'pagos' pero ya hay una ejecución en curso (Actualizar pagos); esperando a que termine; se reintenta en breve sin perder el turno.
[03:01:58] 🤖 [Automático] Es hora de actualizar pagos. Arrancando...
[03:02:13] ⏳ [Automático] Tocaba disparar 'pagos' pero ya hay una ejecución en curso (Actualizar pagos); esperando a que termine; se reintenta en breve sin perder el turno.
[03:05:28] 🤖 [Automático] Es hora de actualizar pagos. Arrancando...
[03:05:43] ⏳ [Automático] Tocaba disparar 'pagos' pero ya hay una ejecución en curso (Actualizar pagos); esperando a que termine; se reintenta en breve sin perder el turno.
[03:08:43] 🤖 [Automático] Es hora de actualizar pagos. Arrancando...
[03:08:58] ⏳ [Automático] Tocaba disparar 'pagos' pero ya hay una ejecución en curso (Actualizar pagos); esperando a que termine; se reintenta en breve sin perder el turno.
[03:11:58] 🤖 [Automático] Es hora de actualizar pagos. Arrancando...
[03:12:13] ⏳ [Automático] Tocaba disparar 'pagos' pero ya hay una ejecución en curso (Actualizar pagos); esperando a que termine; se reintenta en breve sin perder el turno.
[03:14:58] 🤖 [Automático] Es hora de actualizar pagos. Arrancando...
[03:15:13] ⏳ [Automático] Tocaba disparar 'pagos' pero ya hay una ejecución en curso (Actualizar pagos); esperando a que termine; se reintenta en breve sin perder el turno.
[03:18:14] 🤖 [Automático] Es hora de actualizar pagos. Arrancando...
[03:18:29] ⏳ [Automático] Tocaba disparar 'pagos' pero ya hay una ejecución en curso (Actualizar pagos); esperando a que termine; se reintenta en breve sin perder el turno.
[03:21:14] 🤖 [Automático] Es hora de actualizar pagos. Arrancando...
[03:21:29] ⏳ [Automático] Tocaba disparar 'pagos' pero ya hay una ejecución en curso (Actualizar pagos); esperando a que termine; se reintenta en breve sin perder el turno.
[03:24:29] 🤖 [Automático] Es hora de actualizar pagos. Arrancando...
[03:24:44] ⏳ [Automático] Tocaba disparar 'pagos' pero ya hay una ejecución en curso (Actualizar pagos); esperando a que termine; se reintenta en breve sin perder el turno.
[03:27:44] 🤖 [Automático] Es hora de actualizar pagos. Arrancando...
[03:27:59] ⏳ [Automático] Tocaba disparar 'pagos' pero ya hay una ejecución en curso (Actualizar pagos); esperando a que termine; se reintenta en breve sin perder el turno.
[03:30:59] 🤖 [Automático] Es hora de actualizar pagos. Arrancando...
[03:31:14] ⏳ [Automático] Tocaba disparar 'pagos' pero ya hay una ejecución en curso (Actualizar pagos); esperando a que termine; se reintenta en breve sin perder el turno.
[03:34:29] 🤖 [Automático] Es hora de actualizar pagos. Arrancando...
[03:34:44] ⏳ [Automático] Tocaba disparar 'pagos' pero ya hay una ejecución en curso (Actualizar pagos); esperando a que termine; se reintenta en breve sin perder el turno.
[03:37:59] 🤖 [Automático] Es hora de actualizar pagos. Arrancando...
[03:38:14] ⏳ [Automático] Tocaba disparar 'pagos' pero ya hay una ejecución en curso (Actualizar pagos); esperando a que termine; se reintenta en breve sin perder el turno.
[03:41:29] 🤖 [Automático] Es hora de actualizar pagos. Arrancando...
[03:41:44] ⏳ [Automático] Tocaba disparar 'pagos' pero ya hay una ejecución en curso (Actualizar pagos); esperando a que termine; se reintenta en breve sin perder el turno.
[03:45:00] 🤖 [Automático] Es hora de actualizar pagos. Arrancando...
[03:45:15] ⏳ [Automático] Tocaba disparar 'pagos' pero ya hay una ejecución en curso (Actualizar pagos); esperando a que termine; se reintenta en breve sin perder el turno.
[03:48:30] 🤖 [Automático] Es hora de actualizar pagos. Arrancando...
[03:48:45] ⏳ [Automático] Tocaba disparar 'pagos' pero ya hay una ejecución en curso (Actualizar pagos); esperando a que termine; se reintenta en breve sin perder el turno.
[03:51:45] 🤖 [Automático] Es hora de actualizar pagos. Arrancando...
[03:52:00] ⏳ [Automático] Tocaba disparar 'pagos' pero ya hay una ejecución en curso (Actualizar pagos); esperando a que termine; se reintenta en breve sin perder el turno.
[03:55:00] 🤖 [Automático] Es hora de actualizar pagos. Arrancando...
[03:55:15] ⏳ [Automático] Tocaba disparar 'pagos' pero ya hay una ejecución en curso (Actualizar pagos); esperando a que termine; se reintenta en breve sin perder el turno.
[03:58:15] 🤖 [Automático] Es hora de actualizar pagos. Arrancando...
[03:58:30] ⏳ [Automático] Tocaba disparar 'pagos' pero ya hay una ejecución en curso (Actualizar pagos); esperando a que termine; se reintenta en breve sin perder el turno.
[04:01:30] 🤖 [Automático] Es hora de actualizar pagos. Arrancando...
[04:01:45] ⏳ [Automático] Tocaba disparar 'pagos' pero ya hay una ejecución en curso (Actualizar pagos); esperando a que termine; se reintenta en breve sin perder el turno.
[04:04:45] 🤖 [Automático] Es hora de actualizar pagos. Arrancando...
[04:05:00] ⏳ [Automático] Tocaba disparar 'pagos' pero ya hay una ejecución en curso (Actualizar pagos); esperando a que termine; se reintenta en breve sin perder el turno.
[04:08:00] 🤖 [Automático] Es hora de actualizar pagos. Arrancando...
[04:08:15] ⏳ [Automático] Tocaba disparar 'pagos' pero ya hay una ejecución en curso (Actualizar pagos); esperando a que termine; se reintenta en breve sin perder el turno.
[04:11:00] 🤖 [Automático] Es hora de actualizar pagos. Arrancando...
[04:11:15] ⏳ [Automático] Tocaba disparar 'pagos' pero ya hay una ejecución en curso (Actualizar pagos); esperando a que termine; se reintenta en breve sin perder el turno.
[04:14:15] 🤖 [Automático] Es hora de actualizar pagos. Arrancando...
[04:14:30] ⏳ [Automático] Tocaba disparar 'pagos' pero ya hay una ejecución en curso (Actualizar pagos); esperando a que termine; se reintenta en breve sin perder el turno.
[04:17:31] 🤖 [Automático] Es hora de actualizar pagos. Arrancando...
[04:17:46] ⏳ [Automático] Tocaba disparar 'pagos' pero ya hay una ejecución en curso (Actualizar pagos); esperando a que termine; se reintenta en breve sin perder el turno.
[04:20:46] 🤖 [Automático] Es hora de actualizar pagos. Arrancando...
[04:21:01] ⏳ [Automático] Tocaba disparar 'pagos' pero ya hay una ejecución en curso (Actualizar pagos); esperando a que termine; se reintenta en breve sin perder el turno.
[04:24:01] 🤖 [Automático] Es hora de actualizar pagos. Arrancando...
[04:24:16] ⏳ [Automático] Tocaba disparar 'pagos' pero ya hay una ejecución en curso (Actualizar pagos); esperando a que termine; se reintenta en breve sin perder el turno.
[04:27:01] 🤖 [Automático] Es hora de actualizar pagos. Arrancando...
[04:27:16] ⏳ [Automático] Tocaba disparar 'pagos' pero ya hay una ejecución en curso (Actualizar pagos); esperando a que termine; se reintenta en breve sin perder el turno.
[04:30:01] 🤖 [Automático] Es hora de actualizar pagos. Arrancando...
[04:30:16] ⏳ [Automático] Tocaba disparar 'pagos' pero ya hay una ejecución en curso (Actualizar pagos); esperando a que termine; se reintenta en breve sin perder el turno.
[04:33:16] 🤖 [Automático] Es hora de actualizar pagos. Arrancando...
[04:33:31] ⏳ [Automático] Tocaba disparar 'pagos' pero ya hay una ejecución en curso (Actualizar pagos); esperando a que termine; se reintenta en breve sin perder el turno.
[04:36:31] 🤖 [Automático] Es hora de actualizar pagos. Arrancando...
[04:36:46] ⏳ [Automático] Tocaba disparar 'pagos' pero ya hay una ejecución en curso (Actualizar pagos); esperando a que termine; se reintenta en breve sin perder el turno.
[04:40:01] 🤖 [Automático] Es hora de actualizar pagos. Arrancando...
[04:40:16] ⏳ [Automático] Tocaba disparar 'pagos' pero ya hay una ejecución en curso (Actualizar pagos); esperando a que termine; se reintenta en breve sin perder el turno.
[04:43:16] 🤖 [Automático] Es hora de actualizar pagos. Arrancando...
[04:43:31] ⏳ [Automático] Tocaba disparar 'pagos' pero ya hay una ejecución en curso (Actualizar pagos); esperando a que termine; se reintenta en breve sin perder el turno.
[04:46:31] 🤖 [Automático] Es hora de actualizar pagos. Arrancando...
[04:46:46] ⏳ [Automático] Tocaba disparar 'pagos' pero ya hay una ejecución en curso (Actualizar pagos); esperando a que termine; se reintenta en breve sin perder el turno.
[04:49:31] 🤖 [Automático] Es hora de actualizar pagos. Arrancando...
[04:49:46] ⏳ [Automático] Tocaba disparar 'pagos' pero ya hay una ejecución en curso (Actualizar pagos); esperando a que termine; se reintenta en breve sin perder el turno.
[04:52:47] 🤖 [Automático] Es hora de actualizar pagos. Arrancando...
[04:53:02] ⏳ [Automático] Tocaba disparar 'pagos' pero ya hay una ejecución en curso (Actualizar pagos); esperando a que termine; se reintenta en breve sin perder el turno.
[04:56:02] 🤖 [Automático] Es hora de actualizar pagos. Arrancando...
[04:56:17] ⏳ [Automático] Tocaba disparar 'pagos' pero ya hay una ejecución en curso (Actualizar pagos); esperando a que termine; se reintenta en breve sin perder el turno.
[04:59:32] 🤖 [Automático] Es hora de actualizar pagos. Arrancando...
[04:59:47] ⏳ [Automático] Tocaba disparar 'pagos' pero ya hay una ejecución en curso (Actualizar pagos); esperando a que termine; se reintenta en breve sin perder el turno.
[05:03:02] 🤖 [Automático] Es hora de actualizar pagos. Arrancando...
[05:03:17] ⏳ [Automático] Tocaba disparar 'pagos' pero ya hay una ejecución en curso (Actualizar pagos); esperando a que termine; se reintenta en breve sin perder el turno.
[05:06:02] 🤖 [Automático] Es hora de actualizar pagos. Arrancando...
[05:06:17] ⏳ [Automático] Tocaba disparar 'pagos' pero ya hay una ejecución en curso (Actualizar pagos); esperando a que termine; se reintenta en breve sin perder el turno.
[05:09:02] 🤖 [Automático] Es hora de actualizar pagos. Arrancando...
[05:09:17] ⏳ [Automático] Tocaba disparar 'pagos' pero ya hay una ejecución en curso (Actualizar pagos); esperando a que termine; se reintenta en breve sin perder el turno.
[05:12:02] 🤖 [Automático] Es hora de actualizar pagos. Arrancando...
[05:12:17] ⏳ [Automático] Tocaba disparar 'pagos' pero ya hay una ejecución en curso (Actualizar pagos); esperando a que termine; se reintenta en breve sin perder el turno.
[05:15:17] 🤖 [Automático] Es hora de actualizar pagos. Arrancando...
[05:15:32] ⏳ [Automático] Tocaba disparar 'pagos' pero ya hay una ejecución en curso (Actualizar pagos); esperando a que termine; se reintenta en breve sin perder el turno.
[05:18:32] 🤖 [Automático] Es hora de actualizar pagos. Arrancando...
[05:18:48] ⏳ [Automático] Tocaba disparar 'pagos' pero ya hay una ejecución en curso (Actualizar pagos); esperando a que termine; se reintenta en breve sin perder el turno.
[05:21:33] 🤖 [Automático] Es hora de actualizar pagos. Arrancando...
[05:21:48] ⏳ [Automático] Tocaba disparar 'pagos' pero ya hay una ejecución en curso (Actualizar pagos); esperando a que termine; se reintenta en breve sin perder el turno.
[05:24:33] 🤖 [Automático] Es hora de actualizar pagos. Arrancando...
[05:24:48] ⏳ [Automático] Tocaba disparar 'pagos' pero ya hay una ejecución en curso (Actualizar pagos); esperando a que termine; se reintenta en breve sin perder el turno.
[05:27:48] 🤖 [Automático] Es hora de actualizar pagos. Arrancando...
[05:28:03] ⏳ [Automático] Tocaba disparar 'pagos' pero ya hay una ejecución en curso (Actualizar pagos); esperando a que termine; se reintenta en breve sin perder el turno.
[05:31:03] 🤖 [Automático] Es hora de actualizar pagos. Arrancando...
[05:31:18] ⏳ [Automático] Tocaba disparar 'pagos' pero ya hay una ejecución en curso (Actualizar pagos); esperando a que termine; se reintenta en breve sin perder el turno.
[05:34:18] 🤖 [Automático] Es hora de actualizar pagos. Arrancando...
[05:34:33] ⏳ [Automático] Tocaba disparar 'pagos' pero ya hay una ejecución en curso (Actualizar pagos); esperando a que termine; se reintenta en breve sin perder el turno.
[05:37:33] 🤖 [Automático] Es hora de actualizar pagos. Arrancando...
[05:37:48] ⏳ [Automático] Tocaba disparar 'pagos' pero ya hay una ejecución en curso (Actualizar pagos); esperando a que termine; se reintenta en breve sin perder el turno.
[05:40:48] 🤖 [Automático] Es hora de actualizar pagos. Arrancando...
[05:41:03] ⏳ [Automático] Tocaba disparar 'pagos' pero ya hay una ejecución en curso (Actualizar pagos); esperando a que termine; se reintenta en breve sin perder el turno.
[05:43:49] 🤖 [Automático] Es hora de actualizar pagos. Arrancando...
[05:44:04] ⏳ [Automático] Tocaba disparar 'pagos' pero ya hay una ejecución en curso (Actualizar pagos); esperando a que termine; se reintenta en breve sin perder el turno.
[05:47:04] 🤖 [Automático] Es hora de actualizar pagos. Arrancando...
[05:47:19] ⏳ [Automático] Tocaba disparar 'pagos' pero ya hay una ejecución en curso (Actualizar pagos); esperando a que termine; se reintenta en breve sin perder el turno.
[05:50:04] 🤖 [Automático] Es hora de actualizar pagos. Arrancando...
[05:50:19] ⏳ [Automático] Tocaba disparar 'pagos' pero ya hay una ejecución en curso (Actualizar pagos); esperando a que termine; se reintenta en breve sin perder el turno.
[05:53:19] 🤖 [Automático] Es hora de actualizar pagos. Arrancando...
[05:53:34] ⏳ [Automático] Tocaba disparar 'pagos' pero ya hay una ejecución en curso (Actualizar pagos); esperando a que termine; se reintenta en breve sin perder el turno.
[05:56:19] 🤖 [Automático] Es hora de actualizar pagos. Arrancando...
[05:56:34] ⏳ [Automático] Tocaba disparar 'pagos' pero ya hay una ejecución en curso (Actualizar pagos); esperando a que termine; se reintenta en breve sin perder el turno.
[05:59:34] 🤖 [Automático] Es hora de actualizar pagos. Arrancando...
[05:59:49] ⏳ [Automático] Tocaba disparar 'pagos' pero ya hay una ejecución en curso (Actualizar pagos); esperando a que termine; se reintenta en breve sin perder el turno.
[06:02:49] 🤖 [Automático] Es hora de actualizar pagos. Arrancando...
[06:03:04] ⏳ [Automático] Tocaba disparar 'pagos' pero ya hay una ejecución en curso (Actualizar pagos); esperando a que termine; se reintenta en breve sin perder el turno.
[06:05:49] 🤖 [Automático] Es hora de actualizar pagos. Arrancando...
[06:06:04] ⏳ [Automático] Tocaba disparar 'pagos' pero ya hay una ejecución en curso (Actualizar pagos); esperando a que termine; se reintenta en breve sin perder el turno.
[06:08:49] 🤖 [Automático] Es hora de actualizar pagos. Arrancando...
[06:09:04] ⏳ [Automático] Tocaba disparar 'pagos' pero ya hay una ejecución en curso (Actualizar pagos); esperando a que termine; se reintenta en breve sin perder el turno.
[06:11:49] 🤖 [Automático] Es hora de actualizar pagos. Arrancando...
[06:12:04] ⏳ [Automático] Tocaba disparar 'pagos' pero ya hay una ejecución en curso (Actualizar pagos); esperando a que termine; se reintenta en breve sin perder el turno.
[06:15:05] 🤖 [Automático] Es hora de actualizar pagos. Arrancando...
[06:15:20] ⏳ [Automático] Tocaba disparar 'pagos' pero ya hay una ejecución en curso (Actualizar pagos); esperando a que termine; se reintenta en breve sin perder el turno.
[06:18:20] 🤖 [Automático] Es hora de actualizar pagos. Arrancando...
[06:18:35] ⏳ [Automático] Tocaba disparar 'pagos' pero ya hay una ejecución en curso (Actualizar pagos); esperando a que termine; se reintenta en breve sin perder el turno.
[06:21:50] 🤖 [Automático] Es hora de actualizar pagos. Arrancando...
[06:22:05] ⏳ [Automático] Tocaba disparar 'pagos' pero ya hay una ejecución en curso (Actualizar pagos); esperando a que termine; se reintenta en breve sin perder el turno.
[06:25:05] 🤖 [Automático] Es hora de actualizar pagos. Arrancando...
[06:25:20] ⏳ [Automático] Tocaba disparar 'pagos' pero ya hay una ejecución en curso (Actualizar pagos); esperando a que termine; se reintenta en breve sin perder el turno.
[06:28:05] 🤖 [Automático] Es hora de actualizar pagos. Arrancando...
[06:28:20] ⏳ [Automático] Tocaba disparar 'pagos' pero ya hay una ejecución en curso (Actualizar pagos); esperando a que termine; se reintenta en breve sin perder el turno.
[06:31:05] 🤖 [Automático] Es hora de actualizar pagos. Arrancando...
[06:31:21] ⏳ [Automático] Tocaba disparar 'pagos' pero ya hay una ejecución en curso (Actualizar pagos); esperando a que termine; se reintenta en breve sin perder el turno.
[06:34:06] 🤖 [Automático] Es hora de actualizar pagos. Arrancando...
[06:34:21] ⏳ [Automático] Tocaba disparar 'pagos' pero ya hay una ejecución en curso (Actualizar pagos); esperando a que termine; se reintenta en breve sin perder el turno.
[06:37:21] 🤖 [Automático] Es hora de actualizar pagos. Arrancando...
[06:37:36] ⏳ [Automático] Tocaba disparar 'pagos' pero ya hay una ejecución en curso (Actualizar pagos); esperando a que termine; se reintenta en breve sin perder el turno.
[06:40:21] 🤖 [Automático] Es hora de actualizar pagos. Arrancando...
[06:40:36] ⏳ [Automático] Tocaba disparar 'pagos' pero ya hay una ejecución en curso (Actualizar pagos); esperando a que termine; se reintenta en breve sin perder el turno.
[06:43:21] 🤖 [Automático] Es hora de actualizar pagos. Arrancando...
[06:43:36] ⏳ [Automático] Tocaba disparar 'pagos' pero ya hay una ejecución en curso (Actualizar pagos); esperando a que termine; se reintenta en breve sin perder el turno.
[06:46:21] 🤖 [Automático] Es hora de actualizar pagos. Arrancando...
[06:46:36] ⏳ [Automático] Tocaba disparar 'pagos' pero ya hay una ejecución en curso (Actualizar pagos); esperando a que termine; se reintenta en breve sin perder el turno.
[06:49:21] 🤖 [Automático] Es hora de actualizar pagos. Arrancando...
[06:49:36] ⏳ [Automático] Tocaba disparar 'pagos' pero ya hay una ejecución en curso (Actualizar pagos); esperando a que termine; se reintenta en breve sin perder el turno.
[06:52:36] 🤖 [Automático] Es hora de actualizar pagos. Arrancando...
[06:52:51] ⏳ [Automático] Tocaba disparar 'pagos' pero ya hay una ejecución en curso (Actualizar pagos); esperando a que termine; se reintenta en breve sin perder el turno.
[06:55:52] 🤖 [Automático] Es hora de actualizar pagos. Arrancando...
[06:56:07] ⏳ [Automático] Tocaba disparar 'pagos' pero ya hay una ejecución en curso (Actualizar pagos); esperando a que termine; se reintenta en breve sin perder el turno.
[06:58:52] 🤖 [Automático] Es hora de actualizar pagos. Arrancando...
[06:59:07] ⏳ [Automático] Tocaba disparar 'pagos' pero ya hay una ejecución en curso (Actualizar pagos); esperando a que termine; se reintenta en breve sin perder el turno.
[07:02:07] 🤖 [Automático] Es hora de actualizar pagos. Arrancando...
[07:02:22] ⏳ [Automático] Tocaba disparar 'pagos' pero ya hay una ejecución en curso (Actualizar pagos); esperando a que termine; se reintenta en breve sin perder el turno.
[07:05:07] 🤖 [Automático] Es hora de actualizar pagos. Arrancando...
[07:05:22] ⏳ [Automático] Tocaba disparar 'pagos' pero ya hay una ejecución en curso (Actualizar pagos); esperando a que termine; se reintenta en breve sin perder el turno.
[07:08:07] 🤖 [Automático] Es hora de actualizar pagos. Arrancando...
[07:08:22] ⏳ [Automático] Tocaba disparar 'pagos' pero ya hay una ejecución en curso (Actualizar pagos); esperando a que termine; se reintenta en breve sin perder el turno.
[07:11:07] 🤖 [Automático] Es hora de actualizar pagos. Arrancando...
[07:11:22] ⏳ [Automático] Tocaba disparar 'pagos' pero ya hay una ejecución en curso (Actualizar pagos); esperando a que termine; se reintenta en breve sin perder el turno.
[07:14:07] 🤖 [Automático] Es hora de actualizar pagos. Arrancando...
[07:14:22] ⏳ [Automático] Tocaba disparar 'pagos' pero ya hay una ejecución en curso (Actualizar pagos); esperando a que termine; se reintenta en breve sin perder el turno.
[07:17:23] 🤖 [Automático] Es hora de actualizar pagos. Arrancando...
[07:17:38] ⏳ [Automático] Tocaba disparar 'pagos' pero ya hay una ejecución en curso (Actualizar pagos); esperando a que termine; se reintenta en breve sin perder el turno.
[07:20:23] 🤖 [Automático] Es hora de actualizar pagos. Arrancando...
[07:20:38] ⏳ [Automático] Tocaba disparar 'pagos' pero ya hay una ejecución en curso (Actualizar pagos); esperando a que termine; se reintenta en breve sin perder el turno.
[07:23:23] 🤖 [Automático] Es hora de actualizar pagos. Arrancando...
[07:23:38] ⏳ [Automático] Tocaba disparar 'pagos' pero ya hay una ejecución en curso (Actualizar pagos); esperando a que termine; se reintenta en breve sin perder el turno.
[07:26:38] 🤖 [Automático] Es hora de actualizar pagos. Arrancando...
[07:26:53] ⏳ [Automático] Tocaba disparar 'pagos' pero ya hay una ejecución en curso (Actualizar pagos); esperando a que termine; se reintenta en breve sin perder el turno.
[07:29:38] 🤖 [Automático] Es hora de actualizar pagos. Arrancando...
[07:29:53] ⏳ [Automático] Tocaba disparar 'pagos' pero ya hay una ejecución en curso (Actualizar pagos); esperando a que termine; se reintenta en breve sin perder el turno.
[07:32:54] 🤖 [Automático] Es hora de actualizar pagos. Arrancando...
[07:33:09] ⏳ [Automático] Tocaba disparar 'pagos' pero ya hay una ejecución en curso (Actualizar pagos); esperando a que termine; se reintenta en breve sin perder el turno.
[07:36:09] 🤖 [Automático] Es hora de actualizar pagos. Arrancando...
[07:36:24] ⏳ [Automático] Tocaba disparar 'pagos' pero ya hay una ejecución en curso (Actualizar pagos); esperando a que termine; se reintenta en breve sin perder el turno.
[07:39:09] 🤖 [Automático] Es hora de actualizar pagos. Arrancando...
[07:39:24] ⏳ [Automático] Tocaba disparar 'pagos' pero ya hay una ejecución en curso (Actualizar pagos); esperando a que termine; se reintenta en breve sin perder el turno.
[07:42:09] 🤖 [Automático] Es hora de actualizar pagos. Arrancando...
[07:42:24] ⏳ [Automático] Tocaba disparar 'pagos' pero ya hay una ejecución en curso (Actualizar pagos); esperando a que termine; se reintenta en breve sin perder el turno.
[07:51:28] 🤖 [Automático] Es hora de actualizar pagos. Arrancando...
[07:51:30] ❌ [Automático] 'pagos' falló (intento 1 de 4). Se reintenta a las 07:56.
[08:03:51] 🤖 [Automático] Es hora de actualizar pagos (reintento 1 de 3). Arrancando...
[08:03:52] ❌ [Automático] 'pagos' falló (intento 2 de 4). Se reintenta a las 08:18.
[08:19:06] 🤖 [Automático] Es hora de actualizar pagos (reintento 2 de 3). Arrancando...
[08:19:21] ⏳ [Automático] Tocaba disparar 'pagos' pero ya hay una ejecución en curso (Actualizar pagos); esperando a que termine; se reintenta en breve sin perder el turno.
[08:20:05] ✅ [Automático] 'pagos' terminó bien en el reintento 2.
[08:22:06] 🤖 [Automático] Es hora de actualizar pagos. Arrancando...
[08:22:21] ⏳ [Automático] Tocaba disparar 'pagos' pero ya hay una ejecución en curso (Actualizar pagos); esperando a que termine; se reintenta en breve sin perder el turno.
[08:24:33] ❌ [Automático] 'pagos' falló (intento 1 de 4). Se reintenta a las 08:29.
[08:29:37] 🤖 [Automático] Es hora de actualizar pagos (reintento 1 de 3). Arrancando...
[08:29:52] ⏳ [Automático] Tocaba disparar 'pagos' pero ya hay una ejecución en curso (Actualizar pagos); esperando a que termine; se reintenta en breve sin perder el turno.
[08:30:51] ✅ [Automático] 'pagos' terminó bien en el reintento 1.
[08:32:52] 🤖 [Automático] Es hora de actualizar pagos. Arrancando...
[08:33:07] ⏳ [Automático] Tocaba disparar 'pagos' pero ya hay una ejecución en curso (Actualizar pagos); esperando a que termine; se reintenta en breve sin perder el turno.
[08:36:37] 🤖 [Automático] Es hora de actualizar pagos. Arrancando...
[08:36:52] ⏳ [Automático] Tocaba disparar 'pagos' pero ya hay una ejecución en curso (Actualizar pagos); esperando a que termine; se reintenta en breve sin perder el turno.
[08:40:07] 🤖 [Automático] Es hora de actualizar pagos. Arrancando...
[08:40:22] ⏳ [Automático] Tocaba disparar 'pagos' pero ya hay una ejecución en curso (Actualizar pagos); esperando a que termine; se reintenta en breve sin perder el turno.
[08:43:52] 🤖 [Automático] Es hora de actualizar pagos. Arrancando...
[08:44:07] ⏳ [Automático] Tocaba disparar 'pagos' pero ya hay una ejecución en curso (Actualizar pagos); esperando a que termine; se reintenta en breve sin perder el turno.
[08:47:07] 🤖 [Automático] Es hora de actualizar pagos. Arrancando...
[08:47:22] ⏳ [Automático] Tocaba disparar 'pagos' pero ya hay una ejecución en curso (Actualizar pagos); esperando a que termine; se reintenta en breve sin perder el turno.
[08:51:22] 🤖 [Automático] Es hora de actualizar pagos. Arrancando...
[08:51:37] ⏳ [Automático] Tocaba disparar 'pagos' pero ya hay una ejecución en curso (Actualizar pagos); esperando a que termine; se reintenta en breve sin perder el turno.
[08:54:52] 🤖 [Automático] Es hora de actualizar pagos. Arrancando...
[08:55:07] ⏳ [Automático] Tocaba disparar 'pagos' pero ya hay una ejecución en curso (Actualizar pagos); esperando a que termine; se reintenta en breve sin perder el turno.
[08:58:52] 🤖 [Automático] Es hora de actualizar pagos. Arrancando...
[08:59:07] ⏳ [Automático] Tocaba disparar 'pagos' pero ya hay una ejecución en curso (Actualizar pagos); esperando a que termine; se reintenta en breve sin perder el turno.
[09:03:22] 🤖 [Automático] Es hora de actualizar pagos. Arrancando...
[09:03:37] ⏳ [Automático] Tocaba disparar 'pagos' pero ya hay una ejecución en curso (Actualizar pagos); esperando a que termine; se reintenta en breve sin perder el turno.
[09:06:52] 🤖 [Automático] Es hora de actualizar pagos. Arrancando...
[09:07:07] ⏳ [Automático] Tocaba disparar 'pagos' pero ya hay una ejecución en curso (Actualizar pagos); esperando a que termine; se reintenta en breve sin perder el turno.
[09:10:22] 🤖 [Automático] Es hora de actualizar pagos. Arrancando...
[09:10:37] ⏳ [Automático] Tocaba disparar 'pagos' pero ya hay una ejecución en curso (Actualizar pagos); esperando a que termine; se reintenta en breve sin perder el turno.
[09:13:52] 🤖 [Automático] Es hora de actualizar pagos. Arrancando...
[09:14:07] ⏳ [Automático] Tocaba disparar 'pagos' pero ya hay una ejecución en curso (Actualizar pagos); esperando a que termine; se reintenta en breve sin perder el turno.
[09:17:23] 🤖 [Automático] Es hora de actualizar pagos. Arrancando...
[09:17:38] ⏳ [Automático] Tocaba disparar 'pagos' pero ya hay una ejecución en curso (Actualizar pagos); esperando a que termine; se reintenta en breve sin perder el turno.
[09:20:53] 🤖 [Automático] Es hora de actualizar pagos. Arrancando...
[09:21:08] ⏳ [Automático] Tocaba disparar 'pagos' pero ya hay una ejecución en curso (Actualizar pagos); esperando a que termine; se reintenta en breve sin perder el turno.
[09:24:38] 🤖 [Automático] Es hora de actualizar pagos. Arrancando...
[09:24:53] ⏳ [Automático] Tocaba disparar 'pagos' pero ya hay una ejecución en curso (Actualizar pagos); esperando a que termine; se reintenta en breve sin perder el turno.
[09:27:53] 🤖 [Automático] Es hora de actualizar pagos. Arrancando...
[09:28:08] ⏳ [Automático] Tocaba disparar 'pagos' pero ya hay una ejecución en curso (Actualizar pagos); esperando a que termine; se reintenta en breve sin perder el turno.
[09:31:23] 🤖 [Automático] Es hora de actualizar pagos. Arrancando...
[09:31:38] ⏳ [Automático] Tocaba disparar 'pagos' pero ya hay una ejecución en curso (Actualizar pagos); esperando a que termine; se reintenta en breve sin perder el turno.
[09:35:53] 🤖 [Automático] Es hora de actualizar pagos. Arrancando...
[09:36:08] ⏳ [Automático] Tocaba disparar 'pagos' pero ya hay una ejecución en curso (Actualizar pagos); esperando a que termine; se reintenta en breve sin perder el turno.
[09:39:53] 🤖 [Automático] Es hora de actualizar pagos. Arrancando...
[09:40:08] ⏳ [Automático] Tocaba disparar 'pagos' pero ya hay una ejecución en curso (Actualizar pagos); esperando a que termine; se reintenta en breve sin perder el turno.
[09:43:23] 🤖 [Automático] Es hora de actualizar pagos. Arrancando...
[09:43:38] ⏳ [Automático] Tocaba disparar 'pagos' pero ya hay una ejecución en curso (Actualizar pagos); esperando a que termine; se reintenta en breve sin perder el turno.
[09:46:53] 🤖 [Automático] Es hora de actualizar pagos. Arrancando...
[09:47:08] ⏳ [Automático] Tocaba disparar 'pagos' pero ya hay una ejecución en curso (Actualizar pagos); esperando a que termine; se reintenta en breve sin perder el turno.
[09:51:23] 🤖 [Automático] Es hora de actualizar pagos. Arrancando...
[09:51:38] ⏳ [Automático] Tocaba disparar 'pagos' pero ya hay una ejecución en curso (Actualizar pagos); esperando a que termine; se reintenta en breve sin perder el turno.
[09:54:53] 🤖 [Automático] Es hora de actualizar pagos. Arrancando...
[09:55:08] ⏳ [Automático] Tocaba disparar 'pagos' pero ya hay una ejecución en curso (Actualizar pagos); esperando a que termine; se reintenta en breve sin perder el turno.
[09:58:24] 🤖 [Automático] Es hora de actualizar pagos. Arrancando...
[09:58:39] ⏳ [Automático] Tocaba disparar 'pagos' pero ya hay una ejecución en curso (Actualizar pagos); esperando a que termine; se reintenta en breve sin perder el turno.
[10:02:09] 🤖 [Automático] Es hora de actualizar pagos. Arrancando...
[10:02:24] ⏳ [Automático] Tocaba disparar 'pagos' pero ya hay una ejecución en curso (Actualizar pagos); esperando a que termine; se reintenta en breve sin perder el turno.
[10:05:24] 🤖 [Automático] Es hora de actualizar pagos. Arrancando...
[10:05:39] ⏳ [Automático] Tocaba disparar 'pagos' pero ya hay una ejecución en curso (Actualizar pagos); esperando a que termine; se reintenta en breve sin perder el turno.
[10:09:24] 🤖 [Automático] Es hora de actualizar pagos. Arrancando...
[10:09:39] ⏳ [Automático] Tocaba disparar 'pagos' pero ya hay una ejecución en curso (Actualizar pagos); esperando a que termine; se reintenta en breve sin perder el turno.
[10:12:54] 🤖 [Automático] Es hora de actualizar pagos. Arrancando...
[10:13:09] ⏳ [Automático] Tocaba disparar 'pagos' pero ya hay una ejecución en curso (Actualizar pagos); esperando a que termine; se reintenta en breve sin perder el turno.
[10:16:39] 🤖 [Automático] Es hora de actualizar pagos. Arrancando...
[10:16:54] ⏳ [Automático] Tocaba disparar 'pagos' pero ya hay una ejecución en curso (Actualizar pagos); esperando a que termine; se reintenta en breve sin perder el turno.
[10:20:54] 🤖 [Automático] Es hora de actualizar pagos. Arrancando...
[10:21:09] ⏳ [Automático] Tocaba disparar 'pagos' pero ya hay una ejecución en curso (Actualizar pagos); esperando a que termine; se reintenta en breve sin perder el turno.
[10:24:54] 🤖 [Automático] Es hora de actualizar pagos. Arrancando...
[10:25:09] ⏳ [Automático] Tocaba disparar 'pagos' pero ya hay una ejecución en curso (Actualizar pagos); esperando a que termine; se reintenta en breve sin perder el turno.
[10:28:09] 🤖 [Automático] Es hora de actualizar pagos. Arrancando...
[10:28:24] ⏳ [Automático] Tocaba disparar 'pagos' pero ya hay una ejecución en curso (Actualizar pagos); esperando a que termine; se reintenta en breve sin perder el turno.
[10:29:11] ❌ [Automático] 'pagos' falló (intento 1 de 4). Se reintenta a las 10:34.
[10:34:24] 🤖 [Automático] Es hora de actualizar pagos (reintento 1 de 3). Arrancando...
[10:34:39] ⏳ [Automático] Tocaba disparar 'pagos' pero ya hay una ejecución en curso (Actualizar pagos); esperando a que termine; se reintenta en breve sin perder el turno.
[10:35:52] ✅ [Automático] 'pagos' terminó bien en el reintento 1.
[10:37:54] 🤖 [Automático] Es hora de actualizar pagos. Arrancando...
[10:38:09] ⏳ [Automático] Tocaba disparar 'pagos' pero ya hay una ejecución en curso (Actualizar pagos); esperando a que termine; se reintenta en breve sin perder el turno.
[10:41:10] 🤖 [Automático] Es hora de actualizar pagos. Arrancando...
[10:41:25] ⏳ [Automático] Tocaba disparar 'pagos' pero ya hay una ejecución en curso (Actualizar pagos); esperando a que termine; se reintenta en breve sin perder el turno.
[10:44:25] 🤖 [Automático] Es hora de actualizar pagos. Arrancando...
[10:44:40] ⏳ [Automático] Tocaba disparar 'pagos' pero ya hay una ejecución en curso (Actualizar pagos); esperando a que termine; se reintenta en breve sin perder el turno.
[10:47:25] 🤖 [Automático] Es hora de actualizar pagos. Arrancando...
[10:47:40] ⏳ [Automático] Tocaba disparar 'pagos' pero ya hay una ejecución en curso (Actualizar pagos); esperando a que termine; se reintenta en breve sin perder el turno.
[10:50:55] 🤖 [Automático] Es hora de actualizar pagos. Arrancando...
[10:51:10] ⏳ [Automático] Tocaba disparar 'pagos' pero ya hay una ejecución en curso (Actualizar pagos); esperando a que termine; se reintenta en breve sin perder el turno.
[10:54:25] 🤖 [Automático] Es hora de actualizar pagos. Arrancando...
[10:54:40] ⏳ [Automático] Tocaba disparar 'pagos' pero ya hay una ejecución en curso (Actualizar pagos); esperando a que termine; se reintenta en breve sin perder el turno.
[10:57:40] 🤖 [Automático] Es hora de actualizar pagos. Arrancando...
[10:57:55] ⏳ [Automático] Tocaba disparar 'pagos' pero ya hay una ejecución en curso (Actualizar pagos); esperando a que termine; se reintenta en breve sin perder el turno.
[11:01:40] 🤖 [Automático] Es hora de actualizar pagos. Arrancando...
[11:01:55] ⏳ [Automático] Tocaba disparar 'pagos' pero ya hay una ejecución en curso (Actualizar pagos); esperando a que termine; se reintenta en breve sin perder el turno.
[11:05:40] 🤖 [Automático] Es hora de actualizar pagos. Arrancando...
[11:05:55] ⏳ [Automático] Tocaba disparar 'pagos' pero ya hay una ejecución en curso (Actualizar pagos); esperando a que termine; se reintenta en breve sin perder el turno.
[11:08:55] 🤖 [Automático] Es hora de actualizar pagos. Arrancando...
[11:09:10] ⏳ [Automático] Tocaba disparar 'pagos' pero ya hay una ejecución en curso (Actualizar pagos); esperando a que termine; se reintenta en breve sin perder el turno.
[11:12:25] 🤖 [Automático] Es hora de actualizar pagos. Arrancando...
[11:12:40] ⏳ [Automático] Tocaba disparar 'pagos' pero ya hay una ejecución en curso (Actualizar pagos); esperando a que termine; se reintenta en breve sin perder el turno.
[11:15:40] 🤖 [Automático] Es hora de actualizar pagos. Arrancando...
[11:15:55] ⏳ [Automático] Tocaba disparar 'pagos' pero ya hay una ejecución en curso (Actualizar pagos); esperando a que termine; se reintenta en breve sin perder el turno.
[11:18:55] 🤖 [Automático] Es hora de actualizar pagos. Arrancando...
[11:19:10] ⏳ [Automático] Tocaba disparar 'pagos' pero ya hay una ejecución en curso (Actualizar pagos); esperando a que termine; se reintenta en breve sin perder el turno.
[11:22:25] 🤖 [Automático] Es hora de actualizar pagos. Arrancando...
[11:22:40] ⏳ [Automático] Tocaba disparar 'pagos' pero ya hay una ejecución en curso (Actualizar pagos); esperando a que termine; se reintenta en breve sin perder el turno.
[11:25:40] 🤖 [Automático] Es hora de actualizar pagos. Arrancando...
[11:25:55] ⏳ [Automático] Tocaba disparar 'pagos' pero ya hay una ejecución en curso (Actualizar pagos); esperando a que termine; se reintenta en breve sin perder el turno.
[11:29:10] 🤖 [Automático] Es hora de actualizar pagos. Arrancando...
[11:29:25] ⏳ [Automático] Tocaba disparar 'pagos' pero ya hay una ejecución en curso (Actualizar pagos); esperando a que termine; se reintenta en breve sin perder el turno.
[11:32:41] 🤖 [Automático] Es hora de actualizar pagos. Arrancando...
[11:32:56] ⏳ [Automático] Tocaba disparar 'pagos' pero ya hay una ejecución en curso (Actualizar pagos); esperando a que termine; se reintenta en breve sin perder el turno.
[11:36:11] 🤖 [Automático] Es hora de actualizar pagos. Arrancando...
[11:36:26] ⏳ [Automático] Tocaba disparar 'pagos' pero ya hay una ejecución en curso (Actualizar pagos); esperando a que termine; se reintenta en breve sin perder el turno.
[11:40:11] 🤖 [Automático] Es hora de actualizar pagos. Arrancando...
[11:40:26] ⏳ [Automático] Tocaba disparar 'pagos' pero ya hay una ejecución en curso (Actualizar pagos); esperando a que termine; se reintenta en breve sin perder el turno.
[11:43:26] 🤖 [Automático] Es hora de actualizar pagos. Arrancando...
[11:43:41] ⏳ [Automático] Tocaba disparar 'pagos' pero ya hay una ejecución en curso (Actualizar pagos); esperando a que termine; se reintenta en breve sin perder el turno.
[11:47:11] 🤖 [Automático] Es hora de actualizar pagos. Arrancando...
[11:47:26] ⏳ [Automático] Tocaba disparar 'pagos' pero ya hay una ejecución en curso (Actualizar pagos); esperando a que termine; se reintenta en breve sin perder el turno.
[11:50:11] 🤖 [Automático] Es hora de actualizar pagos. Arrancando...
[11:50:26] ⏳ [Automático] Tocaba disparar 'pagos' pero ya hay una ejecución en curso (Actualizar pagos); esperando a que termine; se reintenta en breve sin perder el turno.
[11:54:11] 🤖 [Automático] Es hora de actualizar pagos. Arrancando...
[11:54:26] ⏳ [Automático] Tocaba disparar 'pagos' pero ya hay una ejecución en curso (Actualizar pagos); esperando a que termine; se reintenta en breve sin perder el turno.
[11:57:41] 🤖 [Automático] Es hora de actualizar pagos. Arrancando...
[11:57:56] ⏳ [Automático] Tocaba disparar 'pagos' pero ya hay una ejecución en curso (Actualizar pagos); esperando a que termine; se reintenta en breve sin perder el turno.
[11:59:41] ❌ [Automático] 'pagos' falló (intento 1 de 4). Se reintenta a las 12:04.
[12:04:49] 🤖 [Automático] Es hora de actualizar pagos (reintento 1 de 3). Arrancando...
[12:05:04] ⏳ [Automático] Tocaba disparar 'pagos' pero ya hay una ejecución en curso (Actualizar pagos); esperando a que termine; se reintenta en breve sin perder el turno.
[12:06:04] ✅ [Automático] 'pagos' terminó bien en el reintento 1.
[12:08:04] 🤖 [Automático] Es hora de actualizar pagos. Arrancando...
[12:08:19] ⏳ [Automático] Tocaba disparar 'pagos' pero ya hay una ejecución en curso (Actualizar pagos); esperando a que termine; se reintenta en breve sin perder el turno.
[12:11:49] 🤖 [Automático] Es hora de actualizar pagos. Arrancando...
[12:12:04] ⏳ [Automático] Tocaba disparar 'pagos' pero ya hay una ejecución en curso (Actualizar pagos); esperando a que termine; se reintenta en breve sin perder el turno.
[12:15:35] 🤖 [Automático] Es hora de actualizar pagos. Arrancando...
[12:15:50] ⏳ [Automático] Tocaba disparar 'pagos' pero ya hay una ejecución en curso (Actualizar pagos); esperando a que termine; se reintenta en breve sin perder el turno.
[12:19:05] 🤖 [Automático] Es hora de actualizar pagos. Arrancando...
[12:19:20] ⏳ [Automático] Tocaba disparar 'pagos' pero ya hay una ejecución en curso (Actualizar pagos); esperando a que termine; se reintenta en breve sin perder el turno.
[12:22:50] 🤖 [Automático] Es hora de actualizar pagos. Arrancando...
[12:23:05] ⏳ [Automático] Tocaba disparar 'pagos' pero ya hay una ejecución en curso (Actualizar pagos); esperando a que termine; se reintenta en breve sin perder el turno.
[12:26:05] 🤖 [Automático] Es hora de actualizar pagos. Arrancando...
[12:26:20] ⏳ [Automático] Tocaba disparar 'pagos' pero ya hay una ejecución en curso (Actualizar pagos); esperando a que termine; se reintenta en breve sin perder el turno.
[12:30:05] 🤖 [Automático] Es hora de actualizar pagos. Arrancando...
[12:30:20] ⏳ [Automático] Tocaba disparar 'pagos' pero ya hay una ejecución en curso (Actualizar pagos); esperando a que termine; se reintenta en breve sin perder el turno.
[12:33:20] 🤖 [Automático] Es hora de actualizar pagos. Arrancando...
[12:33:35] ⏳ [Automático] Tocaba disparar 'pagos' pero ya hay una ejecución en curso (Actualizar pagos); esperando a que termine; se reintenta en breve sin perder el turno.
[12:36:20] 🤖 [Automático] Es hora de actualizar pagos. Arrancando...
[12:36:35] ⏳ [Automático] Tocaba disparar 'pagos' pero ya hay una ejecución en curso (Actualizar pagos); esperando a que termine; se reintenta en breve sin perder el turno.
[12:39:35] 🤖 [Automático] Es hora de actualizar pagos. Arrancando...
[12:39:50] ⏳ [Automático] Tocaba disparar 'pagos' pero ya hay una ejecución en curso (Actualizar pagos); esperando a que termine; se reintenta en breve sin perder el turno.
[12:43:05] 🤖 [Automático] Es hora de actualizar pagos. Arrancando...
[12:43:20] ⏳ [Automático] Tocaba disparar 'pagos' pero ya hay una ejecución en curso (Actualizar pagos); esperando a que termine; se reintenta en breve sin perder el turno.
[12:46:50] 🤖 [Automático] Es hora de actualizar pagos. Arrancando...
[12:47:05] ⏳ [Automático] Tocaba disparar 'pagos' pero ya hay una ejecución en curso (Actualizar pagos); esperando a que termine; se reintenta en breve sin perder el turno.
[12:50:20] 🤖 [Automático] Es hora de actualizar pagos. Arrancando...
[12:50:35] ⏳ [Automático] Tocaba disparar 'pagos' pero ya hay una ejecución en curso (Actualizar pagos); esperando a que termine; se reintenta en breve sin perder el turno.
[12:53:35] 🤖 [Automático] Es hora de actualizar pagos. Arrancando...
[12:53:50] ⏳ [Automático] Tocaba disparar 'pagos' pero ya hay una ejecución en curso (Actualizar pagos); esperando a que termine; se reintenta en breve sin perder el turno.
[12:56:50] 🤖 [Automático] Es hora de actualizar pagos. Arrancando...
[12:57:05] ⏳ [Automático] Tocaba disparar 'pagos' pero ya hay una ejecución en curso (Actualizar pagos); esperando a que termine; se reintenta en breve sin perder el turno.
[13:30:50] ❌ [Automático] 'pagos' falló (intento 1 de 4). Se reintenta a las 13:35.
[13:35:56] 🤖 [Automático] Es hora de actualizar pagos (reintento 1 de 3). Arrancando...
[13:36:11] ⏳ [Automático] Tocaba disparar 'pagos' pero ya hay una ejecución en curso (Actualizar pagos); esperando a que termine; se reintenta en breve sin perder el turno.
[13:37:07] ✅ [Automático] 'pagos' terminó bien en el reintento 1.
[13:39:11] 🤖 [Automático] Es hora de actualizar pagos. Arrancando...
[13:39:26] ⏳ [Automático] Tocaba disparar 'pagos' pero ya hay una ejecución en curso (Actualizar pagos); esperando a que termine; se reintenta en breve sin perder el turno.
[13:42:11] 🤖 [Automático] Es hora de actualizar pagos. Arrancando...
[13:42:26] ⏳ [Automático] Tocaba disparar 'pagos' pero ya hay una ejecución en curso (Actualizar pagos); esperando a que termine; se reintenta en breve sin perder el turno.
[13:44:56] 🤖 [Automático] Es hora de actualizar pagos. Arrancando...
[13:45:11] ⏳ [Automático] Tocaba disparar 'pagos' pero ya hay una ejecución en curso (Actualizar pagos); esperando a que termine; se reintenta en breve sin perder el turno.
[13:47:56] 🤖 [Automático] Es hora de actualizar pagos. Arrancando...
[13:48:11] ⏳ [Automático] Tocaba disparar 'pagos' pero ya hay una ejecución en curso (Actualizar pagos); esperando a que termine; se reintenta en breve sin perder el turno.
[13:50:41] 🤖 [Automático] Es hora de actualizar pagos. Arrancando...
[13:50:56] ⏳ [Automático] Tocaba disparar 'pagos' pero ya hay una ejecución en curso (Actualizar pagos); esperando a que termine; se reintenta en breve sin perder el turno.
[13:53:26] 🤖 [Automático] Es hora de actualizar pagos. Arrancando...
[13:53:41] ⏳ [Automático] Tocaba disparar 'pagos' pero ya hay una ejecución en curso (Actualizar pagos); esperando a que termine; se reintenta en breve sin perder el turno.
[13:56:11] 🤖 [Automático] Es hora de actualizar pagos. Arrancando...
[13:56:26] ⏳ [Automático] Tocaba disparar 'pagos' pero ya hay una ejecución en curso (Actualizar pagos); esperando a que termine; se reintenta en breve sin perder el turno.
[13:58:56] 🤖 [Automático] Es hora de actualizar pagos. Arrancando...
[13:59:11] ⏳ [Automático] Tocaba disparar 'pagos' pero ya hay una ejecución en curso (Actualizar pagos); esperando a que termine; se reintenta en breve sin perder el turno.
[14:01:42] 🤖 [Automático] Es hora de actualizar pagos. Arrancando...
[14:01:57] ⏳ [Automático] Tocaba disparar 'pagos' pero ya hay una ejecución en curso (Actualizar pagos); esperando a que termine; se reintenta en breve sin perder el turno.
[14:04:42] 🤖 [Automático] Es hora de actualizar pagos. Arrancando...
[14:04:57] ⏳ [Automático] Tocaba disparar 'pagos' pero ya hay una ejecución en curso (Actualizar pagos); esperando a que termine; se reintenta en breve sin perder el turno.
[14:07:42] 🤖 [Automático] Es hora de actualizar pagos. Arrancando...
[14:07:57] ⏳ [Automático] Tocaba disparar 'pagos' pero ya hay una ejecución en curso (Actualizar pagos); esperando a que termine; se reintenta en breve sin perder el turno.
[14:13:09] 🤖 [Automático] Es hora de actualizar pagos. Arrancando...
[14:26:46] ⏳ [Automático] Tocaba disparar 'pagos' pero ya hay una ejecución en curso (Actualizar pagos); esperando a que termine; se reintenta en breve sin perder el turno.
[14:28:15] ❌ [Automático] 'pagos' falló (intento 1 de 4). Se reintenta a las 14:33.
[14:33:16] 🤖 [Automático] Es hora de actualizar pagos (reintento 1 de 3). Arrancando...
[14:33:31] ⏳ [Automático] Tocaba disparar 'pagos' pero ya hay una ejecución en curso (Actualizar pagos); esperando a que termine; se reintenta en breve sin perder el turno.
[14:34:04] ✅ [Automático] 'pagos' terminó bien en el reintento 1.
[14:36:16] 🤖 [Automático] Es hora de actualizar pagos. Arrancando...
[14:36:31] ⏳ [Automático] Tocaba disparar 'pagos' pero ya hay una ejecución en curso (Actualizar pagos); esperando a que termine; se reintenta en breve sin perder el turno.
[14:39:01] 🤖 [Automático] Es hora de actualizar pagos. Arrancando...
[14:39:16] ⏳ [Automático] Tocaba disparar 'pagos' pero ya hay una ejecución en curso (Actualizar pagos); esperando a que termine; se reintenta en breve sin perder el turno.
[14:41:46] 🤖 [Automático] Es hora de actualizar pagos. Arrancando...
[14:42:01] ⏳ [Automático] Tocaba disparar 'pagos' pero ya hay una ejecución en curso (Actualizar pagos); esperando a que termine; se reintenta en breve sin perder el turno.
[14:44:46] 🤖 [Automático] Es hora de actualizar pagos. Arrancando...
[14:45:01] ⏳ [Automático] Tocaba disparar 'pagos' pero ya hay una ejecución en curso (Actualizar pagos); esperando a que termine; se reintenta en breve sin perder el turno.
[14:47:46] 🤖 [Automático] Es hora de actualizar pagos. Arrancando...
[14:48:01] ⏳ [Automático] Tocaba disparar 'pagos' pero ya hay una ejecución en curso (Actualizar pagos); esperando a que termine; se reintenta en breve sin perder el turno.
[14:50:46] 🤖 [Automático] Es hora de actualizar pagos. Arrancando...
[14:51:01] ⏳ [Automático] Tocaba disparar 'pagos' pero ya hay una ejecución en curso (Actualizar pagos); esperando a que termine; se reintenta en breve sin perder el turno.
[14:53:46] 🤖 [Automático] Es hora de actualizar pagos. Arrancando...
[14:54:01] ⏳ [Automático] Tocaba disparar 'pagos' pero ya hay una ejecución en curso (Actualizar pagos); esperando a que termine; se reintenta en breve sin perder el turno.
[14:56:46] 🤖 [Automático] Es hora de actualizar pagos. Arrancando...
[14:57:01] ⏳ [Automático] Tocaba disparar 'pagos' pero ya hay una ejecución en curso (Actualizar pagos); esperando a que termine; se reintenta en breve sin perder el turno.
[14:59:31] 🤖 [Automático] Es hora de actualizar pagos. Arrancando...
[14:59:47] ⏳ [Automático] Tocaba disparar 'pagos' pero ya hay una ejecución en curso (Actualizar pagos); esperando a que termine; se reintenta en breve sin perder el turno.
[15:02:32] 🤖 [Automático] Es hora de actualizar pagos. Arrancando...
[15:02:47] ⏳ [Automático] Tocaba disparar 'pagos' pero ya hay una ejecución en curso (Actualizar pagos); esperando a que termine; se reintenta en breve sin perder el turno.
[15:05:17] 🤖 [Automático] Es hora de actualizar pagos. Arrancando...
[15:05:32] ⏳ [Automático] Tocaba disparar 'pagos' pero ya hay una ejecución en curso (Actualizar pagos); esperando a que termine; se reintenta en breve sin perder el turno.
[15:08:02] 🤖 [Automático] Es hora de actualizar pagos. Arrancando...
[15:08:17] ⏳ [Automático] Tocaba disparar 'pagos' pero ya hay una ejecución en curso (Actualizar pagos); esperando a que termine; se reintenta en breve sin perder el turno.
[15:10:47] 🤖 [Automático] Es hora de actualizar pagos. Arrancando...
[15:11:02] ⏳ [Automático] Tocaba disparar 'pagos' pero ya hay una ejecución en curso (Actualizar pagos); esperando a que termine; se reintenta en breve sin perder el turno.
[15:13:32] 🤖 [Automático] Es hora de actualizar pagos. Arrancando...
[15:13:47] ⏳ [Automático] Tocaba disparar 'pagos' pero ya hay una ejecución en curso (Actualizar pagos); esperando a que termine; se reintenta en breve sin perder el turno.
[15:16:32] 🤖 [Automático] Es hora de actualizar pagos. Arrancando...
[15:16:47] ⏳ [Automático] Tocaba disparar 'pagos' pero ya hay una ejecución en curso (Actualizar pagos); esperando a que termine; se reintenta en breve sin perder el turno.
[15:19:32] 🤖 [Automático] Es hora de actualizar pagos. Arrancando...
[15:19:47] ⏳ [Automático] Tocaba disparar 'pagos' pero ya hay una ejecución en curso (Actualizar pagos); esperando a que termine; se reintenta en breve sin perder el turno.
[15:22:17] 🤖 [Automático] Es hora de actualizar pagos. Arrancando...
[15:22:32] ⏳ [Automático] Tocaba disparar 'pagos' pero ya hay una ejecución en curso (Actualizar pagos); esperando a que termine; se reintenta en breve sin perder el turno.
[15:25:02] 🤖 [Automático] Es hora de actualizar pagos. Arrancando...
[15:25:17] ⏳ [Automático] Tocaba disparar 'pagos' pero ya hay una ejecución en curso (Actualizar pagos); esperando a que termine; se reintenta en breve sin perder el turno.
[15:28:02] 🤖 [Automático] Es hora de actualizar pagos. Arrancando...
[15:28:17] ⏳ [Automático] Tocaba disparar 'pagos' pero ya hay una ejecución en curso (Actualizar pagos); esperando a que termine; se reintenta en breve sin perder el turno.
[15:30:47] 🤖 [Automático] Es hora de actualizar pagos. Arrancando...
[15:31:02] ⏳ [Automático] Tocaba disparar 'pagos' pero ya hay una ejecución en curso (Actualizar pagos); esperando a que termine; se reintenta en breve sin perder el turno.
[15:33:32] 🤖 [Automático] Es hora de actualizar pagos. Arrancando...
[15:33:47] ⏳ [Automático] Tocaba disparar 'pagos' pero ya hay una ejecución en curso (Actualizar pagos); esperando a que termine; se reintenta en breve sin perder el turno.
[15:36:32] 🤖 [Automático] Es hora de actualizar pagos. Arrancando...
[15:36:47] ⏳ [Automático] Tocaba disparar 'pagos' pero ya hay una ejecución en curso (Actualizar pagos); esperando a que termine; se reintenta en breve sin perder el turno.
[15:39:18] 🤖 [Automático] Es hora de actualizar pagos. Arrancando...
[15:39:33] ⏳ [Automático] Tocaba disparar 'pagos' pero ya hay una ejecución en curso (Actualizar pagos); esperando a que termine; se reintenta en breve sin perder el turno.
[15:42:03] 🤖 [Automático] Es hora de actualizar pagos. Arrancando...
[15:42:18] ⏳ [Automático] Tocaba disparar 'pagos' pero ya hay una ejecución en curso (Actualizar pagos); esperando a que termine; se reintenta en breve sin perder el turno.
[15:46:14] 🤖 [Automático] Es hora de actualizar pagos. Arrancando...
[16:06:14] ⏳ [Automático] Tocaba disparar 'pagos' pero ya hay una ejecución en curso (Actualizar pagos); esperando a que termine; se reintenta en breve sin perder el turno.
[16:09:14] 🤖 [Automático] Es hora de actualizar pagos. Arrancando...
[16:09:29] ⏳ [Automático] Tocaba disparar 'pagos' pero ya hay una ejecución en curso (Actualizar pagos); esperando a que termine; se reintenta en breve sin perder el turno.
[16:12:14] 🤖 [Automático] Es hora de actualizar pagos. Arrancando...
[16:12:29] ⏳ [Automático] Tocaba disparar 'pagos' pero ya hay una ejecución en curso (Actualizar pagos); esperando a que termine; se reintenta en breve sin perder el turno.
[16:14:59] 🤖 [Automático] Es hora de actualizar pagos. Arrancando...
[16:15:14] ⏳ [Automático] Tocaba disparar 'pagos' pero ya hay una ejecución en curso (Actualizar pagos); esperando a que termine; se reintenta en breve sin perder el turno.
[16:17:59] 🤖 [Automático] Es hora de actualizar pagos. Arrancando...
[16:18:14] ⏳ [Automático] Tocaba disparar 'pagos' pero ya hay una ejecución en curso (Actualizar pagos); esperando a que termine; se reintenta en breve sin perder el turno.
[16:20:59] 🤖 [Automático] Es hora de actualizar pagos. Arrancando...
[16:21:15] ⏳ [Automático] Tocaba disparar 'pagos' pero ya hay una ejecución en curso (Actualizar pagos); esperando a que termine; se reintenta en breve sin perder el turno.
[16:24:00] 🤖 [Automático] Es hora de actualizar pagos. Arrancando...
[16:24:15] ⏳ [Automático] Tocaba disparar 'pagos' pero ya hay una ejecución en curso (Actualizar pagos); esperando a que termine; se reintenta en breve sin perder el turno.
[16:27:00] 🤖 [Automático] Es hora de actualizar pagos. Arrancando...
[16:27:15] ⏳ [Automático] Tocaba disparar 'pagos' pero ya hay una ejecución en curso (Actualizar pagos); esperando a que termine; se reintenta en breve sin perder el turno.
[16:29:45] 🤖 [Automático] Es hora de actualizar pagos. Arrancando...
[16:30:00] ⏳ [Automático] Tocaba disparar 'pagos' pero ya hay una ejecución en curso (Actualizar pagos); esperando a que termine; se reintenta en breve sin perder el turno.
[16:32:45] 🤖 [Automático] Es hora de actualizar pagos. Arrancando...
[16:33:00] ⏳ [Automático] Tocaba disparar 'pagos' pero ya hay una ejecución en curso (Actualizar pagos); esperando a que termine; se reintenta en breve sin perder el turno.
[16:35:45] 🤖 [Automático] Es hora de actualizar pagos. Arrancando...
[16:36:00] ⏳ [Automático] Tocaba disparar 'pagos' pero ya hay una ejecución en curso (Actualizar pagos); esperando a que termine; se reintenta en breve sin perder el turno.
[16:39:00] 🤖 [Automático] Es hora de actualizar pagos. Arrancando...
[16:39:15] ⏳ [Automático] Tocaba disparar 'pagos' pero ya hay una ejecución en curso (Actualizar pagos); esperando a que termine; se reintenta en breve sin perder el turno.
[16:42:00] 🤖 [Automático] Es hora de actualizar pagos. Arrancando...
[16:42:15] ⏳ [Automático] Tocaba disparar 'pagos' pero ya hay una ejecución en curso (Actualizar pagos); esperando a que termine; se reintenta en breve sin perder el turno.
[16:45:15] 🤖 [Automático] Es hora de actualizar pagos. Arrancando...
[16:45:30] ⏳ [Automático] Tocaba disparar 'pagos' pero ya hay una ejecución en curso (Actualizar pagos); esperando a que termine; se reintenta en breve sin perder el turno.
[16:48:15] 🤖 [Automático] Es hora de actualizar pagos. Arrancando...
[16:48:30] ⏳ [Automático] Tocaba disparar 'pagos' pero ya hay una ejecución en curso (Actualizar pagos); esperando a que termine; se reintenta en breve sin perder el turno.
[16:51:30] 🤖 [Automático] Es hora de actualizar pagos. Arrancando...
[16:51:46] ⏳ [Automático] Tocaba disparar 'pagos' pero ya hay una ejecución en curso (Actualizar pagos); esperando a que termine; se reintenta en breve sin perder el turno.
[16:54:31] 🤖 [Automático] Es hora de actualizar pagos. Arrancando...
[16:54:46] ⏳ [Automático] Tocaba disparar 'pagos' pero ya hay una ejecución en curso (Actualizar pagos); esperando a que termine; se reintenta en breve sin perder el turno.
[16:57:31] 🤖 [Automático] Es hora de actualizar pagos. Arrancando...
[16:57:46] ⏳ [Automático] Tocaba disparar 'pagos' pero ya hay una ejecución en curso (Actualizar pagos); esperando a que termine; se reintenta en breve sin perder el turno.
[17:00:31] 🤖 [Automático] Es hora de actualizar pagos. Arrancando...
[17:00:46] ⏳ [Automático] Tocaba disparar 'pagos' pero ya hay una ejecución en curso (Actualizar pagos); esperando a que termine; se reintenta en breve sin perder el turno.
[17:03:31] 🤖 [Automático] Es hora de actualizar pagos. Arrancando...
[17:03:46] ⏳ [Automático] Tocaba disparar 'pagos' pero ya hay una ejecución en curso (Actualizar pagos); esperando a que termine; se reintenta en breve sin perder el turno.
[17:07:01] 🤖 [Automático] Es hora de actualizar pagos. Arrancando...
[17:07:16] ⏳ [Automático] Tocaba disparar 'pagos' pero ya hay una ejecución en curso (Actualizar pagos); esperando a que termine; se reintenta en breve sin perder el turno.
[17:10:01] 🤖 [Automático] Es hora de actualizar pagos. Arrancando...
[17:10:16] ⏳ [Automático] Tocaba disparar 'pagos' pero ya hay una ejecución en curso (Actualizar pagos); esperando a que termine; se reintenta en breve sin perder el turno.
[17:13:16] 🤖 [Automático] Es hora de actualizar pagos. Arrancando...
[17:13:31] ⏳ [Automático] Tocaba disparar 'pagos' pero ya hay una ejecución en curso (Actualizar pagos); esperando a que termine; se reintenta en breve sin perder el turno.
[17:16:46] 🤖 [Automático] Es hora de actualizar pagos. Arrancando...
[17:17:01] ⏳ [Automático] Tocaba disparar 'pagos' pero ya hay una ejecución en curso (Actualizar pagos); esperando a que termine; se reintenta en breve sin perder el turno.
[17:20:16] 🤖 [Automático] Es hora de actualizar pagos. Arrancando...
[17:20:31] ⏳ [Automático] Tocaba disparar 'pagos' pero ya hay una ejecución en curso (Actualizar pagos); esperando a que termine; se reintenta en breve sin perder el turno.
[17:23:46] 🤖 [Automático] Es hora de actualizar pagos. Arrancando...
[17:24:01] ⏳ [Automático] Tocaba disparar 'pagos' pero ya hay una ejecución en curso (Actualizar pagos); esperando a que termine; se reintenta en breve sin perder el turno.
[17:29:24] 🤖 [Automático] Es hora de actualizar pagos. Arrancando...
[17:29:45] ❌ [Automático] 'pagos' falló (intento 1 de 4). Se reintenta a las 17:34.
[17:42:14] 🤖 [Automático] Es hora de actualizar pagos (reintento 1 de 3). Arrancando...
[17:42:29] ⏳ [Automático] Tocaba disparar 'pagos' pero ya hay una ejecución en curso (Actualizar pagos); esperando a que termine; se reintenta en breve sin perder el turno.
[17:46:02] ✅ [Automático] 'pagos' terminó bien en el reintento 1.
[17:48:09] 🤖 [Automático] Es hora de actualizar pagos. Arrancando...
[17:48:24] ⏳ [Automático] Tocaba disparar 'pagos' pero ya hay una ejecución en curso (Actualizar pagos); esperando a que termine; se reintenta en breve sin perder el turno.
[17:51:09] 🤖 [Automático] Es hora de actualizar pagos. Arrancando...
[17:51:24] ⏳ [Automático] Tocaba disparar 'pagos' pero ya hay una ejecución en curso (Actualizar pagos); esperando a que termine; se reintenta en breve sin perder el turno.
[17:54:09] 🤖 [Automático] Es hora de actualizar pagos. Arrancando...
[17:54:24] ⏳ [Automático] Tocaba disparar 'pagos' pero ya hay una ejecución en curso (Actualizar pagos); esperando a que termine; se reintenta en breve sin perder el turno.
[17:57:24] 🤖 [Automático] Es hora de actualizar pagos. Arrancando...
[17:57:39] ⏳ [Automático] Tocaba disparar 'pagos' pero ya hay una ejecución en curso (Actualizar pagos); esperando a que termine; se reintenta en breve sin perder el turno.
[18:00:39] 🤖 [Automático] Es hora de actualizar pagos. Arrancando...
[18:00:54] ⏳ [Automático] Tocaba disparar 'pagos' pero ya hay una ejecución en curso (Actualizar pagos); esperando a que termine; se reintenta en breve sin perder el turno.
[18:03:54] 🤖 [Automático] Es hora de actualizar pagos. Arrancando...
[18:04:09] ⏳ [Automático] Tocaba disparar 'pagos' pero ya hay una ejecución en curso (Actualizar pagos); esperando a que termine; se reintenta en breve sin perder el turno.
[18:06:54] 🤖 [Automático] Es hora de actualizar pagos. Arrancando...
[18:07:09] ⏳ [Automático] Tocaba disparar 'pagos' pero ya hay una ejecución en curso (Actualizar pagos); esperando a que termine; se reintenta en breve sin perder el turno.
[18:09:54] 🤖 [Automático] Es hora de actualizar pagos. Arrancando...
[18:10:09] ⏳ [Automático] Tocaba disparar 'pagos' pero ya hay una ejecución en curso (Actualizar pagos); esperando a que termine; se reintenta en breve sin perder el turno.
[18:13:09] 🤖 [Automático] Es hora de actualizar pagos. Arrancando...
[18:13:24] ⏳ [Automático] Tocaba disparar 'pagos' pero ya hay una ejecución en curso (Actualizar pagos); esperando a que termine; se reintenta en breve sin perder el turno.
[18:16:09] 🤖 [Automático] Es hora de actualizar pagos. Arrancando...
[18:16:24] ⏳ [Automático] Tocaba disparar 'pagos' pero ya hay una ejecución en curso (Actualizar pagos); esperando a que termine; se reintenta en breve sin perder el turno.
[18:19:09] 🤖 [Automático] Es hora de actualizar pagos. Arrancando...
[18:19:24] ⏳ [Automático] Tocaba disparar 'pagos' pero ya hay una ejecución en curso (Actualizar pagos); esperando a que termine; se reintenta en breve sin perder el turno.
[18:22:09] 🤖 [Automático] Es hora de actualizar pagos. Arrancando...
[18:22:25] ⏳ [Automático] Tocaba disparar 'pagos' pero ya hay una ejecución en curso (Actualizar pagos); esperando a que termine; se reintenta en breve sin perder el turno.
[18:25:10] 🤖 [Automático] Es hora de actualizar pagos. Arrancando...
[18:25:25] ⏳ [Automático] Tocaba disparar 'pagos' pero ya hay una ejecución en curso (Actualizar pagos); esperando a que termine; se reintenta en breve sin perder el turno.
[18:27:55] 🤖 [Automático] Es hora de actualizar pagos. Arrancando...
[18:28:10] ⏳ [Automático] Tocaba disparar 'pagos' pero ya hay una ejecución en curso (Actualizar pagos); esperando a que termine; se reintenta en breve sin perder el turno.
[18:31:10] 🤖 [Automático] Es hora de actualizar pagos. Arrancando...
[18:31:25] ⏳ [Automático] Tocaba disparar 'pagos' pero ya hay una ejecución en curso (Actualizar pagos); esperando a que termine; se reintenta en breve sin perder el turno.
[18:34:10] 🤖 [Automático] Es hora de actualizar pagos. Arrancando...
[18:34:25] ⏳ [Automático] Tocaba disparar 'pagos' pero ya hay una ejecución en curso (Actualizar pagos); esperando a que termine; se reintenta en breve sin perder el turno.
[18:37:10] 🤖 [Automático] Es hora de actualizar pagos. Arrancando...
[18:37:25] ⏳ [Automático] Tocaba disparar 'pagos' pero ya hay una ejecución en curso (Actualizar pagos); esperando a que termine; se reintenta en breve sin perder el turno.
[18:40:10] 🤖 [Automático] Es hora de actualizar pagos. Arrancando...
[18:40:25] ⏳ [Automático] Tocaba disparar 'pagos' pero ya hay una ejecución en curso (Actualizar pagos); esperando a que termine; se reintenta en breve sin perder el turno.
[18:43:10] 🤖 [Automático] Es hora de actualizar pagos. Arrancando...
[18:43:25] ⏳ [Automático] Tocaba disparar 'pagos' pero ya hay una ejecución en curso (Actualizar pagos); esperando a que termine; se reintenta en breve sin perder el turno.
[18:46:10] 🤖 [Automático] Es hora de actualizar pagos. Arrancando...
[18:46:25] ⏳ [Automático] Tocaba disparar 'pagos' pero ya hay una ejecución en curso (Actualizar pagos); esperando a que termine; se reintenta en breve sin perder el turno.
[18:49:10] 🤖 [Automático] Es hora de actualizar pagos. Arrancando...
[18:49:25] ⏳ [Automático] Tocaba disparar 'pagos' pero ya hay una ejecución en curso (Actualizar pagos); esperando a que termine; se reintenta en breve sin perder el turno.
[18:52:10] 🤖 [Automático] Es hora de actualizar pagos. Arrancando...
[18:52:25] ⏳ [Automático] Tocaba disparar 'pagos' pero ya hay una ejecución en curso (Actualizar pagos); esperando a que termine; se reintenta en breve sin perder el turno.
[18:55:10] 🤖 [Automático] Es hora de actualizar pagos. Arrancando...
[18:55:25] ⏳ [Automático] Tocaba disparar 'pagos' pero ya hay una ejecución en curso (Actualizar pagos); esperando a que termine; se reintenta en breve sin perder el turno.
[18:58:10] 🤖 [Automático] Es hora de actualizar pagos. Arrancando...
[18:58:25] ⏳ [Automático] Tocaba disparar 'pagos' pero ya hay una ejecución en curso (Actualizar pagos); esperando a que termine; se reintenta en breve sin perder el turno.
[19:01:10] 🤖 [Automático] Es hora de actualizar pagos. Arrancando...
[19:01:25] ⏳ [Automático] Tocaba disparar 'pagos' pero ya hay una ejecución en curso (Actualizar pagos); esperando a que termine; se reintenta en breve sin perder el turno.
[19:04:10] 🤖 [Automático] Es hora de actualizar pagos. Arrancando...
[19:04:25] ⏳ [Automático] Tocaba disparar 'pagos' pero ya hay una ejecución en curso (Actualizar pagos); esperando a que termine; se reintenta en breve sin perder el turno.
[19:07:10] 🤖 [Automático] Es hora de actualizar pagos. Arrancando...
[19:07:25] ⏳ [Automático] Tocaba disparar 'pagos' pero ya hay una ejecución en curso (Actualizar pagos); esperando a que termine; se reintenta en breve sin perder el turno.
[19:10:40] 🤖 [Automático] Es hora de actualizar pagos. Arrancando...
[19:10:55] ⏳ [Automático] Tocaba disparar 'pagos' pero ya hay una ejecución en curso (Actualizar pagos); esperando a que termine; se reintenta en breve sin perder el turno.
[19:13:41] 🤖 [Automático] Es hora de actualizar pagos. Arrancando...
[19:13:56] ⏳ [Automático] Tocaba disparar 'pagos' pero ya hay una ejecución en curso (Actualizar pagos); esperando a que termine; se reintenta en breve sin perder el turno.
[19:16:41] 🤖 [Automático] Es hora de actualizar pagos. Arrancando...
[19:16:56] ⏳ [Automático] Tocaba disparar 'pagos' pero ya hay una ejecución en curso (Actualizar pagos); esperando a que termine; se reintenta en breve sin perder el turno.
[19:20:11] 🤖 [Automático] Es hora de actualizar pagos. Arrancando...
[19:20:26] ⏳ [Automático] Tocaba disparar 'pagos' pero ya hay una ejecución en curso (Actualizar pagos); esperando a que termine; se reintenta en breve sin perder el turno.
[19:23:11] 🤖 [Automático] Es hora de actualizar pagos. Arrancando...
[19:23:26] ⏳ [Automático] Tocaba disparar 'pagos' pero ya hay una ejecución en curso (Actualizar pagos); esperando a que termine; se reintenta en breve sin perder el turno.
[19:26:26] 🤖 [Automático] Es hora de actualizar pagos. Arrancando...
[19:26:41] ⏳ [Automático] Tocaba disparar 'pagos' pero ya hay una ejecución en curso (Actualizar pagos); esperando a que termine; se reintenta en breve sin perder el turno.
[19:29:41] 🤖 [Automático] Es hora de actualizar pagos. Arrancando...
[19:29:56] ⏳ [Automático] Tocaba disparar 'pagos' pero ya hay una ejecución en curso (Actualizar pagos); esperando a que termine; se reintenta en breve sin perder el turno.
[19:32:56] 🤖 [Automático] Es hora de actualizar pagos. Arrancando...
[19:33:11] ⏳ [Automático] Tocaba disparar 'pagos' pero ya hay una ejecución en curso (Actualizar pagos); esperando a que termine; se reintenta en breve sin perder el turno.
[19:36:11] 🤖 [Automático] Es hora de actualizar pagos. Arrancando...
[19:36:26] ⏳ [Automático] Tocaba disparar 'pagos' pero ya hay una ejecución en curso (Actualizar pagos); esperando a que termine; se reintenta en breve sin perder el turno.
[19:39:11] 🤖 [Automático] Es hora de actualizar pagos. Arrancando...
[19:39:26] ⏳ [Automático] Tocaba disparar 'pagos' pero ya hay una ejecución en curso (Actualizar pagos); esperando a que termine; se reintenta en breve sin perder el turno.
[19:41:56] 🤖 [Automático] Es hora de actualizar pagos. Arrancando...
[19:42:11] ⏳ [Automático] Tocaba disparar 'pagos' pero ya hay una ejecución en curso (Actualizar pagos); esperando a que termine; se reintenta en breve sin perder el turno.
[19:44:56] 🤖 [Automático] Es hora de actualizar pagos. Arrancando...
[19:45:11] ⏳ [Automático] Tocaba disparar 'pagos' pero ya hay una ejecución en curso (Actualizar pagos); esperando a que termine; se reintenta en breve sin perder el turno.
[19:47:56] 🤖 [Automático] Es hora de actualizar pagos. Arrancando...
[19:48:11] ⏳ [Automático] Tocaba disparar 'pagos' pero ya hay una ejecución en curso (Actualizar pagos); esperando a que termine; se reintenta en breve sin perder el turno.
[19:50:56] 🤖 [Automático] Es hora de actualizar pagos. Arrancando...
[19:51:11] ⏳ [Automático] Tocaba disparar 'pagos' pero ya hay una ejecución en curso (Actualizar pagos); esperando a que termine; se reintenta en breve sin perder el turno.
[19:53:56] 🤖 [Automático] Es hora de actualizar pagos. Arrancando...
[19:54:11] ⏳ [Automático] Tocaba disparar 'pagos' pero ya hay una ejecución en curso (Actualizar pagos); esperando a que termine; se reintenta en breve sin perder el turno.
[19:56:57] 🤖 [Automático] Es hora de actualizar pagos. Arrancando...
[19:57:12] ⏳ [Automático] Tocaba disparar 'pagos' pero ya hay una ejecución en curso (Actualizar pagos); esperando a que termine; se reintenta en breve sin perder el turno.
[20:00:12] 🤖 [Automático] Es hora de actualizar pagos. Arrancando...
[20:00:27] ⏳ [Automático] Tocaba disparar 'pagos' pero ya hay una ejecución en curso (Actualizar pagos); esperando a que termine; se reintenta en breve sin perder el turno.
[20:03:27] 🤖 [Automático] Es hora de actualizar pagos. Arrancando...
[20:03:42] ⏳ [Automático] Tocaba disparar 'pagos' pero ya hay una ejecución en curso (Actualizar pagos); esperando a que termine; se reintenta en breve sin perder el turno.
[20:06:27] 🤖 [Automático] Es hora de actualizar pagos. Arrancando...
[20:06:42] ⏳ [Automático] Tocaba disparar 'pagos' pero ya hay una ejecución en curso (Actualizar pagos); esperando a que termine; se reintenta en breve sin perder el turno.
[20:09:27] 🤖 [Automático] Es hora de actualizar pagos. Arrancando...
[20:09:42] ⏳ [Automático] Tocaba disparar 'pagos' pero ya hay una ejecución en curso (Actualizar pagos); esperando a que termine; se reintenta en breve sin perder el turno.
[20:12:27] 🤖 [Automático] Es hora de actualizar pagos. Arrancando...
[20:12:42] ⏳ [Automático] Tocaba disparar 'pagos' pero ya hay una ejecución en curso (Actualizar pagos); esperando a que termine; se reintenta en breve sin perder el turno.
[20:15:42] 🤖 [Automático] Es hora de actualizar pagos. Arrancando...
[20:15:57] ⏳ [Automático] Tocaba disparar 'pagos' pero ya hay una ejecución en curso (Actualizar pagos); esperando a que termine; se reintenta en breve sin perder el turno.
[20:18:42] 🤖 [Automático] Es hora de actualizar pagos. Arrancando...
[20:18:57] ⏳ [Automático] Tocaba disparar 'pagos' pero ya hay una ejecución en curso (Actualizar pagos); esperando a que termine; se reintenta en breve sin perder el turno.
[20:21:42] 🤖 [Automático] Es hora de actualizar pagos. Arrancando...
[20:21:57] ⏳ [Automático] Tocaba disparar 'pagos' pero ya hay una ejecución en curso (Actualizar pagos); esperando a que termine; se reintenta en breve sin perder el turno.
[20:24:57] 🤖 [Automático] Es hora de actualizar pagos. Arrancando...
[20:25:12] ⏳ [Automático] Tocaba disparar 'pagos' pero ya hay una ejecución en curso (Actualizar pagos); esperando a que termine; se reintenta en breve sin perder el turno.
[20:27:57] 🤖 [Automático] Es hora de actualizar pagos. Arrancando...
[20:28:12] ⏳ [Automático] Tocaba disparar 'pagos' pero ya hay una ejecución en curso (Actualizar pagos); esperando a que termine; se reintenta en breve sin perder el turno.
[20:30:57] 🤖 [Automático] Es hora de actualizar pagos. Arrancando...
[20:31:12] ⏳ [Automático] Tocaba disparar 'pagos' pero ya hay una ejecución en curso (Actualizar pagos); esperando a que termine; se reintenta en breve sin perder el turno.
[20:33:57] 🤖 [Automático] Es hora de actualizar pagos. Arrancando...
[20:34:12] ⏳ [Automático] Tocaba disparar 'pagos' pero ya hay una ejecución en curso (Actualizar pagos); esperando a que termine; se reintenta en breve sin perder el turno.
[20:36:58] 🤖 [Automático] Es hora de actualizar pagos. Arrancando...
[20:37:13] ⏳ [Automático] Tocaba disparar 'pagos' pero ya hay una ejecución en curso (Actualizar pagos); esperando a que termine; se reintenta en breve sin perder el turno.
[20:39:58] 🤖 [Automático] Es hora de actualizar pagos. Arrancando...
[20:40:13] ⏳ [Automático] Tocaba disparar 'pagos' pero ya hay una ejecución en curso (Actualizar pagos); esperando a que termine; se reintenta en breve sin perder el turno.
[20:42:58] 🤖 [Automático] Es hora de actualizar pagos. Arrancando...
[20:43:13] ⏳ [Automático] Tocaba disparar 'pagos' pero ya hay una ejecución en curso (Actualizar pagos); esperando a que termine; se reintenta en breve sin perder el turno.
[20:46:13] 🤖 [Automático] Es hora de actualizar pagos. Arrancando...
[20:46:28] ⏳ [Automático] Tocaba disparar 'pagos' pero ya hay una ejecución en curso (Actualizar pagos); esperando a que termine; se reintenta en breve sin perder el turno.
[20:49:13] 🤖 [Automático] Es hora de actualizar pagos. Arrancando...
[20:49:28] ⏳ [Automático] Tocaba disparar 'pagos' pero ya hay una ejecución en curso (Actualizar pagos); esperando a que termine; se reintenta en breve sin perder el turno.
[20:52:13] 🤖 [Automático] Es hora de actualizar pagos. Arrancando...
[20:52:28] ⏳ [Automático] Tocaba disparar 'pagos' pero ya hay una ejecución en curso (Actualizar pagos); esperando a que termine; se reintenta en breve sin perder el turno.
[20:55:13] 🤖 [Automático] Es hora de actualizar pagos. Arrancando...
[20:55:28] ⏳ [Automático] Tocaba disparar 'pagos' pero ya hay una ejecución en curso (Actualizar pagos); esperando a que termine; se reintenta en breve sin perder el turno.
[20:58:28] 🤖 [Automático] Es hora de actualizar pagos. Arrancando...
[20:58:43] ⏳ [Automático] Tocaba disparar 'pagos' pero ya hay una ejecución en curso (Actualizar pagos); esperando a que termine; se reintenta en breve sin perder el turno.
[21:01:43] 🤖 [Automático] Es hora de actualizar pagos. Arrancando...
[21:01:58] ⏳ [Automático] Tocaba disparar 'pagos' pero ya hay una ejecución en curso (Actualizar pagos); esperando a que termine; se reintenta en breve sin perder el turno.
[21:04:43] 🤖 [Automático] Es hora de actualizar pagos. Arrancando...
[21:04:58] ⏳ [Automático] Tocaba disparar 'pagos' pero ya hay una ejecución en curso (Actualizar pagos); esperando a que termine; se reintenta en breve sin perder el turno.
[21:07:43] 🤖 [Automático] Es hora de actualizar pagos. Arrancando...
[21:07:58] ⏳ [Automático] Tocaba disparar 'pagos' pero ya hay una ejecución en curso (Actualizar pagos); esperando a que termine; se reintenta en breve sin perder el turno.
[21:10:43] 🤖 [Automático] Es hora de actualizar pagos. Arrancando...
[21:10:58] ⏳ [Automático] Tocaba disparar 'pagos' pero ya hay una ejecución en curso (Actualizar pagos); esperando a que termine; se reintenta en breve sin perder el turno.
[21:14:28] 🤖 [Automático] Es hora de actualizar pagos. Arrancando...
[21:14:43] ⏳ [Automático] Tocaba disparar 'pagos' pero ya hay una ejecución en curso (Actualizar pagos); esperando a que termine; se reintenta en breve sin perder el turno.
[21:17:29] 🤖 [Automático] Es hora de actualizar pagos. Arrancando...
[21:17:44] ⏳ [Automático] Tocaba disparar 'pagos' pero ya hay una ejecución en curso (Actualizar pagos); esperando a que termine; se reintenta en breve sin perder el turno.
[21:20:29] 🤖 [Automático] Es hora de actualizar pagos. Arrancando...
[21:20:44] ⏳ [Automático] Tocaba disparar 'pagos' pero ya hay una ejecución en curso (Actualizar pagos); esperando a que termine; se reintenta en breve sin perder el turno.
[21:23:29] 🤖 [Automático] Es hora de actualizar pagos. Arrancando...
[21:23:44] ⏳ [Automático] Tocaba disparar 'pagos' pero ya hay una ejecución en curso (Actualizar pagos); esperando a que termine; se reintenta en breve sin perder el turno.
[21:26:44] 🤖 [Automático] Es hora de actualizar pagos. Arrancando...
[21:26:59] ⏳ [Automático] Tocaba disparar 'pagos' pero ya hay una ejecución en curso (Actualizar pagos); esperando a que termine; se reintenta en breve sin perder el turno.
[21:29:59] 🤖 [Automático] Es hora de actualizar pagos. Arrancando...
[21:30:14] ⏳ [Automático] Tocaba disparar 'pagos' pero ya hay una ejecución en curso (Actualizar pagos); esperando a que termine; se reintenta en breve sin perder el turno.
[21:33:14] 🤖 [Automático] Es hora de actualizar pagos. Arrancando...
[21:33:29] ⏳ [Automático] Tocaba disparar 'pagos' pero ya hay una ejecución en curso (Actualizar pagos); esperando a que termine; se reintenta en breve sin perder el turno.
[21:36:14] 🤖 [Automático] Es hora de actualizar pagos. Arrancando...
[21:36:29] ⏳ [Automático] Tocaba disparar 'pagos' pero ya hay una ejecución en curso (Actualizar pagos); esperando a que termine; se reintenta en breve sin perder el turno.
[21:39:14] 🤖 [Automático] Es hora de actualizar pagos. Arrancando...
[21:39:29] ⏳ [Automático] Tocaba disparar 'pagos' pero ya hay una ejecución en curso (Actualizar pagos); esperando a que termine; se reintenta en breve sin perder el turno.
[21:42:14] 🤖 [Automático] Es hora de actualizar pagos. Arrancando...
[21:42:29] ⏳ [Automático] Tocaba disparar 'pagos' pero ya hay una ejecución en curso (Actualizar pagos); esperando a que termine; se reintenta en breve sin perder el turno.
[21:45:14] 🤖 [Automático] Es hora de actualizar pagos. Arrancando...
[21:45:29] ⏳ [Automático] Tocaba disparar 'pagos' pero ya hay una ejecución en curso (Actualizar pagos); esperando a que termine; se reintenta en breve sin perder el turno.
[21:48:14] 🤖 [Automático] Es hora de actualizar pagos. Arrancando...
[21:48:29] ⏳ [Automático] Tocaba disparar 'pagos' pero ya hay una ejecución en curso (Actualizar pagos); esperando a que termine; se reintenta en breve sin perder el turno.
[21:51:29] 🤖 [Automático] Es hora de actualizar pagos. Arrancando...
[21:51:44] ⏳ [Automático] Tocaba disparar 'pagos' pero ya hay una ejecución en curso (Actualizar pagos); esperando a que termine; se reintenta en breve sin perder el turno.
[21:54:29] 🤖 [Automático] Es hora de actualizar pagos. Arrancando...
[21:54:44] ⏳ [Automático] Tocaba disparar 'pagos' pero ya hay una ejecución en curso (Actualizar pagos); esperando a que termine; se reintenta en breve sin perder el turno.
[21:57:29] 🤖 [Automático] Es hora de actualizar pagos. Arrancando...
[21:57:44] ⏳ [Automático] Tocaba disparar 'pagos' pero ya hay una ejecución en curso (Actualizar pagos); esperando a que termine; se reintenta en breve sin perder el turno.
[22:00:30] 🤖 [Automático] Es hora de actualizar pagos. Arrancando...
[22:00:45] ⏳ [Automático] Tocaba disparar 'pagos' pero ya hay una ejecución en curso (Actualizar pagos); esperando a que termine; se reintenta en breve sin perder el turno.
[22:03:30] 🤖 [Automático] Es hora de actualizar pagos. Arrancando...
[22:03:45] ⏳ [Automático] Tocaba disparar 'pagos' pero ya hay una ejecución en curso (Actualizar pagos); esperando a que termine; se reintenta en breve sin perder el turno.
[22:06:30] 🤖 [Automático] Es hora de actualizar pagos. Arrancando...
[22:06:45] ⏳ [Automático] Tocaba disparar 'pagos' pero ya hay una ejecución en curso (Actualizar pagos); esperando a que termine; se reintenta en breve sin perder el turno.
[22:09:30] 🤖 [Automático] Es hora de actualizar pagos. Arrancando...
[22:09:45] ⏳ [Automático] Tocaba disparar 'pagos' pero ya hay una ejecución en curso (Actualizar pagos); esperando a que termine; se reintenta en breve sin perder el turno.
[22:12:30] 🤖 [Automático] Es hora de actualizar pagos. Arrancando...
[22:12:45] ⏳ [Automático] Tocaba disparar 'pagos' pero ya hay una ejecución en curso (Actualizar pagos); esperando a que termine; se reintenta en breve sin perder el turno.
[22:15:30] 🤖 [Automático] Es hora de actualizar pagos. Arrancando...
[22:15:45] ⏳ [Automático] Tocaba disparar 'pagos' pero ya hay una ejecución en curso (Actualizar pagos); esperando a que termine; se reintenta en breve sin perder el turno.
[22:18:30] 🤖 [Automático] Es hora de actualizar pagos. Arrancando...
[22:18:45] ⏳ [Automático] Tocaba disparar 'pagos' pero ya hay una ejecución en curso (Actualizar pagos); esperando a que termine; se reintenta en breve sin perder el turno.
[22:21:30] 🤖 [Automático] Es hora de actualizar pagos. Arrancando...
[22:21:45] ⏳ [Automático] Tocaba disparar 'pagos' pero ya hay una ejecución en curso (Actualizar pagos); esperando a que termine; se reintenta en breve sin perder el turno.
[22:24:30] 🤖 [Automático] Es hora de actualizar pagos. Arrancando...
[22:24:45] ⏳ [Automático] Tocaba disparar 'pagos' pero ya hay una ejecución en curso (Actualizar pagos); esperando a que termine; se reintenta en breve sin perder el turno.
[22:27:30] 🤖 [Automático] Es hora de actualizar pagos. Arrancando...
[22:27:45] ⏳ [Automático] Tocaba disparar 'pagos' pero ya hay una ejecución en curso (Actualizar pagos); esperando a que termine; se reintenta en breve sin perder el turno.
[22:30:30] 🤖 [Automático] Es hora de actualizar pagos. Arrancando...
[22:30:45] ⏳ [Automático] Tocaba disparar 'pagos' pero ya hay una ejecución en curso (Actualizar pagos); esperando a que termine; se reintenta en breve sin perder el turno.
[22:33:30] 🤖 [Automático] Es hora de actualizar pagos. Arrancando...
[22:33:45] ⏳ [Automático] Tocaba disparar 'pagos' pero ya hay una ejecución en curso (Actualizar pagos); esperando a que termine; se reintenta en breve sin perder el turno.
[22:36:15] 🤖 [Automático] Es hora de actualizar pagos. Arrancando...
[22:36:30] ⏳ [Automático] Tocaba disparar 'pagos' pero ya hay una ejecución en curso (Actualizar pagos); esperando a que termine; se reintenta en breve sin perder el turno.
[22:39:16] 🤖 [Automático] Es hora de actualizar pagos. Arrancando...
[22:39:31] ⏳ [Automático] Tocaba disparar 'pagos' pero ya hay una ejecución en curso (Actualizar pagos); esperando a que termine; se reintenta en breve sin perder el turno.
[22:42:01] 🤖 [Automático] Es hora de actualizar pagos. Arrancando...
[22:42:16] ⏳ [Automático] Tocaba disparar 'pagos' pero ya hay una ejecución en curso (Actualizar pagos); esperando a que termine; se reintenta en breve sin perder el turno.
[22:45:01] 🤖 [Automático] Es hora de actualizar pagos. Arrancando...
[22:45:16] ⏳ [Automático] Tocaba disparar 'pagos' pero ya hay una ejecución en curso (Actualizar pagos); esperando a que termine; se reintenta en breve sin perder el turno.
[22:48:01] 🤖 [Automático] Es hora de actualizar pagos. Arrancando...
[22:48:16] ⏳ [Automático] Tocaba disparar 'pagos' pero ya hay una ejecución en curso (Actualizar pagos); esperando a que termine; se reintenta en breve sin perder el turno.
[22:51:01] 🤖 [Automático] Es hora de actualizar pagos. Arrancando...
[22:51:16] ⏳ [Automático] Tocaba disparar 'pagos' pero ya hay una ejecución en curso (Actualizar pagos); esperando a que termine; se reintenta en breve sin perder el turno.
[22:54:01] 🤖 [Automático] Es hora de actualizar pagos. Arrancando...
[22:54:16] ⏳ [Automático] Tocaba disparar 'pagos' pero ya hay una ejecución en curso (Actualizar pagos); esperando a que termine; se reintenta en breve sin perder el turno.
[22:57:01] 🤖 [Automático] Es hora de actualizar pagos. Arrancando...
[22:57:16] ⏳ [Automático] Tocaba disparar 'pagos' pero ya hay una ejecución en curso (Actualizar pagos); esperando a que termine; se reintenta en breve sin perder el turno.
[23:00:01] 🤖 [Automático] Es hora de actualizar pagos. Arrancando...
[23:00:16] ⏳ [Automático] Tocaba disparar 'pagos' pero ya hay una ejecución en curso (Actualizar pagos); esperando a que termine; se reintenta en breve sin perder el turno.
[23:03:01] 🤖 [Automático] Es hora de actualizar pagos. Arrancando...
[23:03:16] ⏳ [Automático] Tocaba disparar 'pagos' pero ya hay una ejecución en curso (Actualizar pagos); esperando a que termine; se reintenta en breve sin perder el turno.
[23:06:01] 🤖 [Automático] Es hora de actualizar pagos. Arrancando...
[23:06:16] ⏳ [Automático] Tocaba disparar 'pagos' pero ya hay una ejecución en curso (Actualizar pagos); esperando a que termine; se reintenta en breve sin perder el turno.
[23:09:01] 🤖 [Automático] Es hora de actualizar pagos. Arrancando...
[23:09:16] ⏳ [Automático] Tocaba disparar 'pagos' pero ya hay una ejecución en curso (Actualizar pagos); esperando a que termine; se reintenta en breve sin perder el turno.
[23:12:01] 🤖 [Automático] Es hora de actualizar pagos. Arrancando...
[23:12:16] ⏳ [Automático] Tocaba disparar 'pagos' pero ya hay una ejecución en curso (Actualizar pagos); esperando a que termine; se reintenta en breve sin perder el turno.
[23:15:02] 🤖 [Automático] Es hora de actualizar pagos. Arrancando...
[23:15:17] ⏳ [Automático] Tocaba disparar 'pagos' pero ya hay una ejecución en curso (Actualizar pagos); esperando a que termine; se reintenta en breve sin perder el turno.
[23:18:02] 🤖 [Automático] Es hora de actualizar pagos. Arrancando...
[23:18:17] ⏳ [Automático] Tocaba disparar 'pagos' pero ya hay una ejecución en curso (Actualizar pagos); esperando a que termine; se reintenta en breve sin perder el turno.
[23:21:02] 🤖 [Automático] Es hora de actualizar pagos. Arrancando...
[23:21:17] ⏳ [Automático] Tocaba disparar 'pagos' pero ya hay una ejecución en curso (Actualizar pagos); esperando a que termine; se reintenta en breve sin perder el turno.
[23:24:02] 🤖 [Automático] Es hora de actualizar pagos. Arrancando...
[23:24:17] ⏳ [Automático] Tocaba disparar 'pagos' pero ya hay una ejecución en curso (Actualizar pagos); esperando a que termine; se reintenta en breve sin perder el turno.
[23:27:02] 🤖 [Automático] Es hora de actualizar pagos. Arrancando...
[23:27:17] ⏳ [Automático] Tocaba disparar 'pagos' pero ya hay una ejecución en curso (Actualizar pagos); esperando a que termine; se reintenta en breve sin perder el turno.
[23:30:02] 🤖 [Automático] Es hora de actualizar pagos. Arrancando...
[23:30:17] ⏳ [Automático] Tocaba disparar 'pagos' pero ya hay una ejecución en curso (Actualizar pagos); esperando a que termine; se reintenta en breve sin perder el turno.
[23:33:02] 🤖 [Automático] Es hora de actualizar pagos. Arrancando...
[23:33:17] ⏳ [Automático] Tocaba disparar 'pagos' pero ya hay una ejecución en curso (Actualizar pagos); esperando a que termine; se reintenta en breve sin perder el turno.
[23:36:02] 🤖 [Automático] Es hora de actualizar pagos. Arrancando...
[23:36:17] ⏳ [Automático] Tocaba disparar 'pagos' pero ya hay una ejecución en curso (Actualizar pagos); esperando a que termine; se reintenta en breve sin perder el turno.
[23:39:02] 🤖 [Automático] Es hora de actualizar pagos. Arrancando...
[23:39:17] ⏳ [Automático] Tocaba disparar 'pagos' pero ya hay una ejecución en curso (Actualizar pagos); esperando a que termine; se reintenta en breve sin perder el turno.
[23:42:02] 🤖 [Automático] Es hora de actualizar pagos. Arrancando...
[23:42:17] ⏳ [Automático] Tocaba disparar 'pagos' pero ya hay una ejecución en curso (Actualizar pagos); esperando a que termine; se reintenta en breve sin perder el turno.
[23:45:02] 🤖 [Automático] Es hora de actualizar pagos. Arrancando...
[23:45:17] ⏳ [Automático] Tocaba disparar 'pagos' pero ya hay una ejecución en curso (Actualizar pagos); esperando a que termine; se reintenta en breve sin perder el turno.
[23:48:02] 🤖 [Automático] Es hora de actualizar pagos. Arrancando...
[23:48:17] ⏳ [Automático] Tocaba disparar 'pagos' pero ya hay una ejecución en curso (Actualizar pagos); esperando a que termine; se reintenta en breve sin perder el turno.
[23:51:02] 🤖 [Automático] Es hora de actualizar pagos. Arrancando...
[23:51:17] ⏳ [Automático] Tocaba disparar 'pagos' pero ya hay una ejecución en curso (Actualizar pagos); esperando a que termine; se reintenta en breve sin perder el turno.
[23:54:03] 🤖 [Automático] Es hora de actualizar pagos. Arrancando...
[23:54:18] ⏳ [Automático] Tocaba disparar 'pagos' pero ya hay una ejecución en curso (Actualizar pagos); esperando a que termine; se reintenta en breve sin perder el turno.
[23:57:03] 🤖 [Automático] Es hora de actualizar pagos. Arrancando...
[23:57:18] ⏳ [Automático] Tocaba disparar 'pagos' pero ya hay una ejecución en curso (Actualizar pagos); esperando a que termine; se reintenta en breve sin perder el turno.
