
🔐 Verificando sesiones (SEMyT y Juzgado)...
▶ [LoginSemytPaso] Iniciando...

==================================================
🚀 PASO: LoginSemytPaso
==================================================
Abriendo SEMyT...
✅ [SEMyT] Sesión existente detectada. Login omitido.
✅ LoginSemytPaso finalizado. (⏱ 4.3s)

✓ [LoginSemytPaso] Completado.
▶ [LoginJuzgadoPaso] Iniciando...

==================================================
🚀 PASO: LoginJuzgadoPaso
==================================================
Abriendo sitio municipalidad (CiDi)...
✅ [Juzgado] Sesión existente detectada. Login omitido.
✅ LoginJuzgadoPaso finalizado. (⏱ 1.5s)

✓ [LoginJuzgadoPaso] Completado.
✅ Sesiones listas. Si ya estabas logueado de antes, se reutilizó la sesión guardada y no se volvió a pedir usuario/contraseña.

🤖 [Automático] Es hora de actualizar pagos. Arrancando...
🤖 Modo automático activado.
   Actualización de pagos: arrancando ya mismo.
   Combo diario de pagos + multas vencidas: DESHABILITADO (AUTOMATICO_MULTAS_HABILITADO=False)
✅ Servicio activo. Esperando la próxima ejecución programada...
[ACTUALIZAR PAGOS · AUTO] === Inicio de ejecución: pagos ===
[ACTUALIZAR PAGOS · AUTO] ▶ [LoginSemytPaso] Iniciando...
[ACTUALIZAR PAGOS · AUTO] ==================================================
[ACTUALIZAR PAGOS · AUTO] 🚀 PASO: LoginSemytPaso
[ACTUALIZAR PAGOS · AUTO] ==================================================
[ACTUALIZAR PAGOS · AUTO] Abriendo SEMyT...
[ACTUALIZAR PAGOS · AUTO] ✅ [SEMyT] Sesión existente detectada. Login omitido.
[ACTUALIZAR PAGOS · AUTO] ✅ LoginSemytPaso finalizado. (⏱ 3.9s)
[ACTUALIZAR PAGOS · AUTO] ✓ [LoginSemytPaso] Completado.
[ACTUALIZAR PAGOS · AUTO] ▶ [LoginJuzgadoPaso] Iniciando...
[ACTUALIZAR PAGOS · AUTO] ==================================================
[ACTUALIZAR PAGOS · AUTO] 🚀 PASO: LoginJuzgadoPaso
[ACTUALIZAR PAGOS · AUTO] ==================================================
[ACTUALIZAR PAGOS · AUTO] Abriendo sitio municipalidad (CiDi)...
[ACTUALIZAR PAGOS · AUTO] ✅ [Juzgado] Sesión existente detectada. Login omitido.
[ACTUALIZAR PAGOS · AUTO] ✅ LoginJuzgadoPaso finalizado. (⏱ 1.4s)
[ACTUALIZAR PAGOS · AUTO] ✓ [LoginJuzgadoPaso] Completado.
[ACTUALIZAR PAGOS · AUTO] ▶ [DescargasParalelasPaso] Iniciando...
[ACTUALIZAR PAGOS · AUTO] ==================================================
[ACTUALIZAR PAGOS · AUTO] 🚀 PASO: DescargasParalelasPaso
[ACTUALIZAR PAGOS · AUTO] ==================================================
[ACTUALIZAR PAGOS · AUTO] 📤 Arrancando las 3 descargas en paralelo (mismo browser, páginas separadas)...
[ACTUALIZAR PAGOS · AUTO] Fecha Desde: 27/06/2024
[ACTUALIZAR PAGOS · AUTO] Fecha Hasta: 24/11/2025
[ACTUALIZAR PAGOS · AUTO] Fecha Desde: 25/11/2025
[ACTUALIZAR PAGOS · AUTO] Fecha Hasta: 23/07/2026
[ACTUALIZAR PAGOS · AUTO] Descargando Excel...
[ACTUALIZAR PAGOS · AUTO] Descargando Excel...
⏳ [Automático] Tocaba disparar 'pagos' pero ya hay una ejecución en curso (Actualizar pagos); esperando a que termine; se reintenta en breve sin perder el turno.
[ACTUALIZAR PAGOS · AUTO] Archivo descargado en: backend/descargas/cache_actas_cruce/MULTAS_JUZGADO_CRUCE.xlsx
[ACTUALIZAR PAGOS · AUTO] ⏱ [actas_juzgado] completado en 17.4s
[ACTUALIZAR PAGOS · AUTO] Archivo descargado en: backend/descargas/cache_actas_cruce/MULTAS_SIGEMI_CRUCE.xlsx
[ACTUALIZAR PAGOS · AUTO] ⏱ [actas_sigemi] completado en 40.5s
[ACTUALIZAR PAGOS · AUTO] ✅ TXT de pagos descargado en: backend/descargas/pagos/2026-07-23/PAGOS DESCARGADOS.txt
[ACTUALIZAR PAGOS · AUTO] ⏱ [pagos_txt] completado en 40.6s
[ACTUALIZAR PAGOS · AUTO] ⏱ TOTAL descargas en paralelo: 40.6s
[ACTUALIZAR PAGOS · AUTO] ✅ DescargasParalelasPaso finalizado. (⏱ 42.1s)
[ACTUALIZAR PAGOS · AUTO] ✓ [DescargasParalelasPaso] Completado.
[ACTUALIZAR PAGOS · AUTO] ▶ [CompararActasPaso] Iniciando...
[ACTUALIZAR PAGOS · AUTO] ==================================================
[ACTUALIZAR PAGOS · AUTO] 🚀 PASO: CompararActasPaso
[ACTUALIZAR PAGOS · AUTO] ==================================================
[ACTUALIZAR PAGOS · AUTO] 🔍 Comparando actas del SEMyT contra pagos del Juzgado...
[ACTUALIZAR PAGOS · AUTO] ================================================================================
[ACTUALIZAR PAGOS · AUTO] INICIANDO PROCESO DE GENERACIÓN DE PAGOS DESACTUALIZADOS
[ACTUALIZAR PAGOS · AUTO] ================================================================================
[ACTUALIZAR PAGOS · AUTO] 📂 Cargando archivos...
[ACTUALIZAR PAGOS · AUTO]   ✓ Pagos: 16381 registros
[ACTUALIZAR PAGOS · AUTO]   ✓ Excel SIGEMI (multas vencidas viejas): 103775 registros
[ACTUALIZAR PAGOS · AUTO]   ✓ Excel Juzgado (multas vencidas nuevas): 40491 registros
[ACTUALIZAR PAGOS · AUTO] ================================================================================
[ACTUALIZAR PAGOS · AUTO] PASO 1: LLENANDO ACTA_NUMERO (búsqueda por patente + fecha, con desempate por hora)
[ACTUALIZAR PAGOS · AUTO] ================================================================================
[ACTUALIZAR PAGOS · AUTO] 📊 ESTADÍSTICAS DE LLENADO DE ACTAS:
[ACTUALIZAR PAGOS · AUTO]   • Pagos con acta ORIGINAL: 2555
[ACTUALIZAR PAGOS · AUTO]   • Pagos SIN acta (buscados): 13826
[ACTUALIZAR PAGOS · AUTO]   • Pagos LLENADOS exitosamente: 29
[ACTUALIZAR PAGOS · AUTO]   • Pagos NO encontrados en multas: 13797
[ACTUALIZAR PAGOS · AUTO]   • Pagos SIN RESOLVER por desbalance de cantidades: 0
[ACTUALIZAR PAGOS · AUTO] ================================================================================
[ACTUALIZAR PAGOS · AUTO] PASO 1: LLENANDO ACTA_NUMERO (búsqueda por patente + fecha, con desempate por hora)
[ACTUALIZAR PAGOS · AUTO] ================================================================================
[ACTUALIZAR PAGOS · AUTO] 📊 ESTADÍSTICAS DE LLENADO DE ACTAS:
[ACTUALIZAR PAGOS · AUTO]   • Pagos con acta ORIGINAL: 2584
[ACTUALIZAR PAGOS · AUTO]   • Pagos SIN acta (buscados): 13797
[ACTUALIZAR PAGOS · AUTO]   • Pagos LLENADOS exitosamente: 0
[ACTUALIZAR PAGOS · AUTO]   • Pagos NO encontrados en multas: 13797
[ACTUALIZAR PAGOS · AUTO]   • Pagos SIN RESOLVER por desbalance de cantidades: 0
[ACTUALIZAR PAGOS · AUTO] ⏱ PASO 1 (llenar actas): 17.9s
[ACTUALIZAR PAGOS · AUTO] ================================================================================
[ACTUALIZAR PAGOS · AUTO] PASO 2: FILTRANDO PAGOS CON ACTA_NUMERO COMPLETO
[ACTUALIZAR PAGOS · AUTO] ================================================================================
[ACTUALIZAR PAGOS · AUTO] 📊 ESTADÍSTICAS DE FILTRADO:
[ACTUALIZAR PAGOS · AUTO]   • Pagos TOTALES al inicio: 16381
[ACTUALIZAR PAGOS · AUTO]   • Pagos CON acta (MANTIENEN): 2584
[ACTUALIZAR PAGOS · AUTO]   • Pagos RECHAZADOS (sin coincidencias): 13797
[ACTUALIZAR PAGOS · AUTO] ⚠️  Se eliminaron 13797 registros sin número de acta
[ACTUALIZAR PAGOS · AUTO]      (recordá: esto incluye tanto pagos ya actualizados/pagados
[ACTUALIZAR PAGOS · AUTO]       como pagos que quedaron sin resolver por desbalance en el Paso 1)
[ACTUALIZAR PAGOS · AUTO] ================================================================================
[ACTUALIZAR PAGOS · AUTO] PASO 2-bis: CONFIRMANDO VIGENCIA DE PAGOS DEL SISTEMA NUEVO (contra MULTAS_JUZGADO_CRUCE)
[ACTUALIZAR PAGOS · AUTO] ================================================================================
[ACTUALIZAR PAGOS · AUTO]   ⚠ 2506 pago(s) del sistema nuevo descartados: su acta ya no figura como vencida en MULTAS_JUZGADO_CRUCE (SEMyT ya los actualizó).
[ACTUALIZAR PAGOS · AUTO]   • Pagos del sistema nuevo descartados por ya estar actualizados: 2506
[ACTUALIZAR PAGOS · AUTO] ⏱ PASO 2 (filtrar): 1.1s
[ACTUALIZAR PAGOS · AUTO] 📂 Cargando maestro de causas SIGEMI...
[ACTUALIZAR PAGOS · AUTO]   ✓ Causas totales (maestro): 134069 registros
[ACTUALIZAR PAGOS · AUTO] ⏱ PASO 2.5 (causas simplificado): 0.2s
[ACTUALIZAR PAGOS · AUTO] ================================================================================
[ACTUALIZAR PAGOS · AUTO] PASO 2.5: ARMANDO causas.txt SIMPLIFICADO (cruce contra total_causas_sigemi.txt)
[ACTUALIZAR PAGOS · AUTO] ================================================================================
[ACTUALIZAR PAGOS · AUTO]   • Actas vencidas viejas (multas): 103775
[ACTUALIZAR PAGOS · AUTO]   • Causas totales en el maestro SIGEMI: 134069
[ACTUALIZAR PAGOS · AUTO]   • Causas que coinciden (simplificado): 103445
[ACTUALIZAR PAGOS · AUTO]   ✅ Archivo escrito: backend/descargas/causas/causas.txt
[ACTUALIZAR PAGOS · AUTO] ⏱ PASO 2.5 (causas simplificado): 2.9s
[ACTUALIZAR PAGOS · AUTO] ================================================================================
[ACTUALIZAR PAGOS · AUTO] PASO 3: LLENANDO CAUSA_NUMERO (según fecha de cambio de sistema, cruzando por acta + año)
[ACTUALIZAR PAGOS · AUTO] ================================================================================
[ACTUALIZAR PAGOS · AUTO] 📊 ESTADÍSTICAS DE LLENADO DE CAUSAS:
[ACTUALIZAR PAGOS · AUTO]   • Pagos con causa ORIGINAL: 49
[ACTUALIZAR PAGOS · AUTO]   • Causas encontradas en SIGEMI (actas viejas): 29
[ACTUALIZAR PAGOS · AUTO]   • Causas NO encontradas en SIGEMI: 0
[ACTUALIZAR PAGOS · AUTO]   • Causas asignadas automáticamente (actas nuevas): 0
[ACTUALIZAR PAGOS · AUTO] ⏱ PASO 3 (llenar causas): 0.0s
[ACTUALIZAR PAGOS · AUTO] ================================================================================
[ACTUALIZAR PAGOS · AUTO] PASO 4: ORDENANDO POR FECHA Y ACTA_NUMERO
[ACTUALIZAR PAGOS · AUTO] ================================================================================
[ACTUALIZAR PAGOS · AUTO] ✓ Pagos ordenados correctamente
[ACTUALIZAR PAGOS · AUTO]   • Primera entrada: Acta=4784, Fecha=04/07/2024
[ACTUALIZAR PAGOS · AUTO]   • Última entrada: Acta=300439, Fecha=23/04/2026
[ACTUALIZAR PAGOS · AUTO] 📝 Escribiendo archivo de salida...
[ACTUALIZAR PAGOS · AUTO]   ✅ Archivo escrito: backend/descargas/pagos/2026-07-23/PAGOS 20260723 072918.txt
[ACTUALIZAR PAGOS · AUTO]   ✅ Total registros: 8378
[ACTUALIZAR PAGOS · AUTO] ⏱ PASO 4 (ordenar y escribir): 0.0s
[ACTUALIZAR PAGOS · AUTO] ================================================================================
[ACTUALIZAR PAGOS · AUTO] ✅ PROCESO COMPLETADO EXITOSAMENTE
[ACTUALIZAR PAGOS · AUTO] ================================================================================
[ACTUALIZAR PAGOS · AUTO] 📊 RESUMEN FINAL DEL PROCESAMIENTO:
[ACTUALIZAR PAGOS · AUTO]   ENTRADA:
[ACTUALIZAR PAGOS · AUTO]     • Pagos originales: 16381
[ACTUALIZAR PAGOS · AUTO]     • Multas SIGEMI cargadas: 103775
[ACTUALIZAR PAGOS · AUTO]     • Multas Juzgado cargadas: 40491
[ACTUALIZAR PAGOS · AUTO]     • Causas simplificadas (usadas para el cruce): 103445
[ACTUALIZAR PAGOS · AUTO]   PROCESO:
[ACTUALIZAR PAGOS · AUTO]     • Pagos rechazados sigemi: 13797
[ACTUALIZAR PAGOS · AUTO]     • Pagos rechazados juzgado: 2506
[ACTUALIZAR PAGOS · AUTO]   SALIDA:
[ACTUALIZAR PAGOS · AUTO]     • Pagos desactualizados procesados: 78
[ACTUALIZAR PAGOS · AUTO]     • Archivo final: backend/descargas/pagos/2026-07-23/PAGOS 20260723 072918.txt
[ACTUALIZAR PAGOS · AUTO]     • Ordenados por fecha: SÍ ✓
[ACTUALIZAR PAGOS · AUTO]     • Todos con ACTA_NUMERO: SÍ ✓
[ACTUALIZAR PAGOS · AUTO]     • Todos con CAUSA_NUMERO: SÍ ✓
[ACTUALIZAR PAGOS · AUTO] ✅ TXT de pagos (ya cruzado con actas y causas) generado en: backend/descargas/pagos/2026-07-23/PAGOS 20260723 072918.txt
[ACTUALIZAR PAGOS · AUTO] 🧹 TXT de pagos crudo eliminado (ya usado en el cruce): backend/descargas/pagos/2026-07-23/PAGOS DESCARGADOS.txt
[ACTUALIZAR PAGOS · AUTO] 🧹 Excel MULTAS_SIGEMI_CRUCE eliminado (ya usado en el cruce): backend/descargas/cache_actas_cruce/MULTAS_SIGEMI_CRUCE.xlsx
[ACTUALIZAR PAGOS · AUTO] 🧹 Excel MULTAS_JUZGADO_CRUCE eliminado (ya usado en el cruce): backend/descargas/cache_actas_cruce/MULTAS_JUZGADO_CRUCE.xlsx
[ACTUALIZAR PAGOS · AUTO] ✅ CompararActasPaso finalizado. (⏱ 52.1s)
[ACTUALIZAR PAGOS · AUTO] ✓ [CompararActasPaso] Completado.
[ACTUALIZAR PAGOS · AUTO] ▶ [CargarPagosPaso] Iniciando...
[ACTUALIZAR PAGOS · AUTO] ==================================================
[ACTUALIZAR PAGOS · AUTO] 🚀 PASO: CargarPagosPaso
[ACTUALIZAR PAGOS · AUTO] ==================================================
[ACTUALIZAR PAGOS · AUTO] 📤 Subiendo TXT de pagos al SEMyT...
[ACTUALIZAR PAGOS · AUTO] ✅ Importación de pagos completada con éxito.
[ACTUALIZAR PAGOS · AUTO] ✅ Archivo TXT de pagos cargado en el SEMyT correctamente.
[ACTUALIZAR PAGOS · AUTO] ✅ CargarPagosPaso finalizado. (⏱ 3.5s)
[ACTUALIZAR PAGOS · AUTO] ✓ [CargarPagosPaso] Completado.
[ACTUALIZAR PAGOS · AUTO] === Ejecución finalizada con éxito ===
🤖 [Automático] Es hora de actualizar pagos. Arrancando...
[ACTUALIZAR PAGOS · AUTO] === Inicio de ejecución: pagos ===
[ACTUALIZAR PAGOS · AUTO] ▶ [LoginSemytPaso] Iniciando...
[ACTUALIZAR PAGOS · AUTO] ==================================================
[ACTUALIZAR PAGOS · AUTO] 🚀 PASO: LoginSemytPaso
[ACTUALIZAR PAGOS · AUTO] ==================================================
[ACTUALIZAR PAGOS · AUTO] Abriendo SEMyT...
[ACTUALIZAR PAGOS · AUTO] ✅ [SEMyT] Sesión existente detectada. Login omitido.
[ACTUALIZAR PAGOS · AUTO] ✅ LoginSemytPaso finalizado. (⏱ 4.2s)
[ACTUALIZAR PAGOS · AUTO] ✓ [LoginSemytPaso] Completado.
[ACTUALIZAR PAGOS · AUTO] ▶ [LoginJuzgadoPaso] Iniciando...
[ACTUALIZAR PAGOS · AUTO] ==================================================
[ACTUALIZAR PAGOS · AUTO] 🚀 PASO: LoginJuzgadoPaso
[ACTUALIZAR PAGOS · AUTO] ==================================================
[ACTUALIZAR PAGOS · AUTO] Abriendo sitio municipalidad (CiDi)...
[ACTUALIZAR PAGOS · AUTO] ✅ [Juzgado] Sesión existente detectada. Login omitido.
[ACTUALIZAR PAGOS · AUTO] ✅ LoginJuzgadoPaso finalizado. (⏱ 1.3s)
[ACTUALIZAR PAGOS · AUTO] ✓ [LoginJuzgadoPaso] Completado.
[ACTUALIZAR PAGOS · AUTO] ▶ [DescargasParalelasPaso] Iniciando...
[ACTUALIZAR PAGOS · AUTO] ==================================================
[ACTUALIZAR PAGOS · AUTO] 🚀 PASO: DescargasParalelasPaso
[ACTUALIZAR PAGOS · AUTO] ==================================================
[ACTUALIZAR PAGOS · AUTO] 📤 Arrancando las 3 descargas en paralelo (mismo browser, páginas separadas)...
[ACTUALIZAR PAGOS · AUTO] Fecha Desde: 27/06/2024
[ACTUALIZAR PAGOS · AUTO] Fecha Hasta: 24/11/2025
[ACTUALIZAR PAGOS · AUTO] Fecha Desde: 25/11/2025
[ACTUALIZAR PAGOS · AUTO] Fecha Hasta: 23/07/2026
[ACTUALIZAR PAGOS · AUTO] Descargando Excel...
[ACTUALIZAR PAGOS · AUTO] Descargando Excel...
⏳ [Automático] Tocaba disparar 'pagos' pero ya hay una ejecución en curso (Actualizar pagos); esperando a que termine; se reintenta en breve sin perder el turno.
[ACTUALIZAR PAGOS · AUTO] Archivo descargado en: backend/descargas/cache_actas_cruce/MULTAS_JUZGADO_CRUCE.xlsx
[ACTUALIZAR PAGOS · AUTO] ⏱ [actas_juzgado] completado en 19.8s
[ACTUALIZAR PAGOS · AUTO] Archivo descargado en: backend/descargas/cache_actas_cruce/MULTAS_SIGEMI_CRUCE.xlsx
[ACTUALIZAR PAGOS · AUTO] ⏱ [actas_sigemi] completado en 40.8s
[ACTUALIZAR PAGOS · AUTO] ✅ TXT de pagos descargado en: backend/descargas/pagos/2026-07-23/PAGOS DESCARGADOS.txt
[ACTUALIZAR PAGOS · AUTO] ⏱ [pagos_txt] completado en 40.9s
[ACTUALIZAR PAGOS · AUTO] ⏱ TOTAL descargas en paralelo: 41.0s
[ACTUALIZAR PAGOS · AUTO] ✅ DescargasParalelasPaso finalizado. (⏱ 42.5s)
[ACTUALIZAR PAGOS · AUTO] ✓ [DescargasParalelasPaso] Completado.
[ACTUALIZAR PAGOS · AUTO] ▶ [CompararActasPaso] Iniciando...
[ACTUALIZAR PAGOS · AUTO] ==================================================
[ACTUALIZAR PAGOS · AUTO] 🚀 PASO: CompararActasPaso
[ACTUALIZAR PAGOS · AUTO] ==================================================
[ACTUALIZAR PAGOS · AUTO] 🔍 Comparando actas del SEMyT contra pagos del Juzgado...
[ACTUALIZAR PAGOS · AUTO] ================================================================================
[ACTUALIZAR PAGOS · AUTO] INICIANDO PROCESO DE GENERACIÓN DE PAGOS DESACTUALIZADOS
[ACTUALIZAR PAGOS · AUTO] ================================================================================
[ACTUALIZAR PAGOS · AUTO] 📂 Cargando archivos...
[ACTUALIZAR PAGOS · AUTO]   ✓ Pagos: 16385 registros
[ACTUALIZAR PAGOS · AUTO]   ✓ Excel SIGEMI (multas vencidas viejas): 103746 registros
[ACTUALIZAR PAGOS · AUTO]   ✓ Excel Juzgado (multas vencidas nuevas): 40442 registros
[ACTUALIZAR PAGOS · AUTO] ================================================================================
[ACTUALIZAR PAGOS · AUTO] PASO 1: LLENANDO ACTA_NUMERO (búsqueda por patente + fecha, con desempate por hora)
[ACTUALIZAR PAGOS · AUTO] ================================================================================
[ACTUALIZAR PAGOS · AUTO] 📊 ESTADÍSTICAS DE LLENADO DE ACTAS:
[ACTUALIZAR PAGOS · AUTO]   • Pagos con acta ORIGINAL: 2558
[ACTUALIZAR PAGOS · AUTO]   • Pagos SIN acta (buscados): 13827
[ACTUALIZAR PAGOS · AUTO]   • Pagos LLENADOS exitosamente: 1
[ACTUALIZAR PAGOS · AUTO]   • Pagos NO encontrados en multas: 13826
[ACTUALIZAR PAGOS · AUTO]   • Pagos SIN RESOLVER por desbalance de cantidades: 0
[ACTUALIZAR PAGOS · AUTO] ================================================================================
[ACTUALIZAR PAGOS · AUTO] PASO 1: LLENANDO ACTA_NUMERO (búsqueda por patente + fecha, con desempate por hora)
[ACTUALIZAR PAGOS · AUTO] ================================================================================
[ACTUALIZAR PAGOS · AUTO] 📊 ESTADÍSTICAS DE LLENADO DE ACTAS:
[ACTUALIZAR PAGOS · AUTO]   • Pagos con acta ORIGINAL: 2559
[ACTUALIZAR PAGOS · AUTO]   • Pagos SIN acta (buscados): 13826
[ACTUALIZAR PAGOS · AUTO]   • Pagos LLENADOS exitosamente: 0
[ACTUALIZAR PAGOS · AUTO]   • Pagos NO encontrados en multas: 13826
[ACTUALIZAR PAGOS · AUTO]   • Pagos SIN RESOLVER por desbalance de cantidades: 0
[ACTUALIZAR PAGOS · AUTO] ⏱ PASO 1 (llenar actas): 19.2s
[ACTUALIZAR PAGOS · AUTO] ================================================================================
[ACTUALIZAR PAGOS · AUTO] PASO 2: FILTRANDO PAGOS CON ACTA_NUMERO COMPLETO
[ACTUALIZAR PAGOS · AUTO] ================================================================================
[ACTUALIZAR PAGOS · AUTO] 📊 ESTADÍSTICAS DE FILTRADO:
[ACTUALIZAR PAGOS · AUTO]   • Pagos TOTALES al inicio: 16385
[ACTUALIZAR PAGOS · AUTO]   • Pagos CON acta (MANTIENEN): 2559
[ACTUALIZAR PAGOS · AUTO]   • Pagos RECHAZADOS (sin coincidencias): 13826
[ACTUALIZAR PAGOS · AUTO] ⚠️  Se eliminaron 13826 registros sin número de acta
[ACTUALIZAR PAGOS · AUTO]      (recordá: esto incluye tanto pagos ya actualizados/pagados
[ACTUALIZAR PAGOS · AUTO]       como pagos que quedaron sin resolver por desbalance en el Paso 1)
[ACTUALIZAR PAGOS · AUTO] ================================================================================
[ACTUALIZAR PAGOS · AUTO] PASO 2-bis: CONFIRMANDO VIGENCIA DE PAGOS DEL SISTEMA NUEVO (contra MULTAS_JUZGADO_CRUCE)
[ACTUALIZAR PAGOS · AUTO] ================================================================================
[ACTUALIZAR PAGOS · AUTO]   ⚠ 2555 pago(s) del sistema nuevo descartados: su acta ya no figura como vencida en MULTAS_JUZGADO_CRUCE (SEMyT ya los actualizó).
[ACTUALIZAR PAGOS · AUTO]   • Pagos del sistema nuevo descartados por ya estar actualizados: 2555
[ACTUALIZAR PAGOS · AUTO] ⏱ PASO 2 (filtrar): 1.2s
[ACTUALIZAR PAGOS · AUTO] 📂 Cargando maestro de causas SIGEMI...
[ACTUALIZAR PAGOS · AUTO]   ✓ Causas totales (maestro): 134069 registros
[ACTUALIZAR PAGOS · AUTO] ⏱ PASO 2.5 (causas simplificado): 0.2s
[ACTUALIZAR PAGOS · AUTO] ================================================================================
[ACTUALIZAR PAGOS · AUTO] PASO 2.5: ARMANDO causas.txt SIMPLIFICADO (cruce contra total_causas_sigemi.txt)
[ACTUALIZAR PAGOS · AUTO] ================================================================================
[ACTUALIZAR PAGOS · AUTO]   • Actas vencidas viejas (multas): 103746
[ACTUALIZAR PAGOS · AUTO]   • Causas totales en el maestro SIGEMI: 134069
[ACTUALIZAR PAGOS · AUTO]   • Causas que coinciden (simplificado): 103416
[ACTUALIZAR PAGOS · AUTO]   ✅ Archivo escrito: backend/descargas/causas/causas.txt
[ACTUALIZAR PAGOS · AUTO] ⏱ PASO 2.5 (causas simplificado): 3.0s
[ACTUALIZAR PAGOS · AUTO] ================================================================================
[ACTUALIZAR PAGOS · AUTO] PASO 3: LLENANDO CAUSA_NUMERO (según fecha de cambio de sistema, cruzando por acta + año)
[ACTUALIZAR PAGOS · AUTO] ================================================================================
[ACTUALIZAR PAGOS · AUTO] 📊 ESTADÍSTICAS DE LLENADO DE CAUSAS:
[ACTUALIZAR PAGOS · AUTO]   • Pagos con causa ORIGINAL: 3
[ACTUALIZAR PAGOS · AUTO]   • Causas encontradas en SIGEMI (actas viejas): 1
[ACTUALIZAR PAGOS · AUTO]   • Causas NO encontradas en SIGEMI: 0
[ACTUALIZAR PAGOS · AUTO]   • Causas asignadas automáticamente (actas nuevas): 0
[ACTUALIZAR PAGOS · AUTO] ⏱ PASO 3 (llenar causas): 0.0s
[ACTUALIZAR PAGOS · AUTO] ================================================================================
[ACTUALIZAR PAGOS · AUTO] PASO 4: ORDENANDO POR FECHA Y ACTA_NUMERO
[ACTUALIZAR PAGOS · AUTO] ================================================================================
[ACTUALIZAR PAGOS · AUTO] ✓ Pagos ordenados correctamente
[ACTUALIZAR PAGOS · AUTO]   • Primera entrada: Acta=95179, Fecha=27/12/2024
[ACTUALIZAR PAGOS · AUTO]   • Última entrada: Acta=283355, Fecha=20/03/2026
[ACTUALIZAR PAGOS · AUTO] 📝 Escribiendo archivo de salida...
[ACTUALIZAR PAGOS · AUTO]   ✅ Archivo escrito: backend/descargas/pagos/2026-07-23/PAGOS 20260723 074109.txt
[ACTUALIZAR PAGOS · AUTO]   ✅ Total registros: 585
[ACTUALIZAR PAGOS · AUTO] ⏱ PASO 4 (ordenar y escribir): 0.0s
[ACTUALIZAR PAGOS · AUTO] ================================================================================
[ACTUALIZAR PAGOS · AUTO] ✅ PROCESO COMPLETADO EXITOSAMENTE
[ACTUALIZAR PAGOS · AUTO] ================================================================================
[ACTUALIZAR PAGOS · AUTO] 📊 RESUMEN FINAL DEL PROCESAMIENTO:
[ACTUALIZAR PAGOS · AUTO]   ENTRADA:
[ACTUALIZAR PAGOS · AUTO]     • Pagos originales: 16385
[ACTUALIZAR PAGOS · AUTO]     • Multas SIGEMI cargadas: 103746
[ACTUALIZAR PAGOS · AUTO]     • Multas Juzgado cargadas: 40442
[ACTUALIZAR PAGOS · AUTO]     • Causas simplificadas (usadas para el cruce): 103416
[ACTUALIZAR PAGOS · AUTO]   PROCESO:
[ACTUALIZAR PAGOS · AUTO]     • Pagos rechazados sigemi: 13826
[ACTUALIZAR PAGOS · AUTO]     • Pagos rechazados juzgado: 2555
[ACTUALIZAR PAGOS · AUTO]   SALIDA:
[ACTUALIZAR PAGOS · AUTO]     • Pagos desactualizados procesados: 4
[ACTUALIZAR PAGOS · AUTO]     • Archivo final: backend/descargas/pagos/2026-07-23/PAGOS 20260723 074109.txt
[ACTUALIZAR PAGOS · AUTO]     • Ordenados por fecha: SÍ ✓
[ACTUALIZAR PAGOS · AUTO]     • Todos con ACTA_NUMERO: SÍ ✓
[ACTUALIZAR PAGOS · AUTO]     • Todos con CAUSA_NUMERO: SÍ ✓
[ACTUALIZAR PAGOS · AUTO] ✅ TXT de pagos (ya cruzado con actas y causas) generado en: backend/descargas/pagos/2026-07-23/PAGOS 20260723 074109.txt
[ACTUALIZAR PAGOS · AUTO] 🧹 TXT de pagos crudo eliminado (ya usado en el cruce): backend/descargas/pagos/2026-07-23/PAGOS DESCARGADOS.txt
[ACTUALIZAR PAGOS · AUTO] 🧹 Excel MULTAS_SIGEMI_CRUCE eliminado (ya usado en el cruce): backend/descargas/cache_actas_cruce/MULTAS_SIGEMI_CRUCE.xlsx
[ACTUALIZAR PAGOS · AUTO] 🧹 Excel MULTAS_JUZGADO_CRUCE eliminado (ya usado en el cruce): backend/descargas/cache_actas_cruce/MULTAS_JUZGADO_CRUCE.xlsx
[ACTUALIZAR PAGOS · AUTO] ✅ CompararActasPaso finalizado. (⏱ 53.6s)
[ACTUALIZAR PAGOS · AUTO] ✓ [CompararActasPaso] Completado.
[ACTUALIZAR PAGOS · AUTO] ▶ [CargarPagosPaso] Iniciando...
[ACTUALIZAR PAGOS · AUTO] ==================================================
[ACTUALIZAR PAGOS · AUTO] 🚀 PASO: CargarPagosPaso
[ACTUALIZAR PAGOS · AUTO] ==================================================
[ACTUALIZAR PAGOS · AUTO] 📤 Subiendo TXT de pagos al SEMyT...
[ACTUALIZAR PAGOS · AUTO] ✅ Importación de pagos completada con éxito.
[ACTUALIZAR PAGOS · AUTO] ✅ Archivo TXT de pagos cargado en el SEMyT correctamente.
[ACTUALIZAR PAGOS · AUTO] ✅ CargarPagosPaso finalizado. (⏱ 4.2s)
[ACTUALIZAR PAGOS · AUTO] ✓ [CargarPagosPaso] Completado.
[ACTUALIZAR PAGOS · AUTO] === Ejecución finalizada con éxito ===
🤖 [Automático] Es hora de actualizar pagos. Arrancando...
[ACTUALIZAR PAGOS · AUTO] === Inicio de ejecución: pagos ===
[ACTUALIZAR PAGOS · AUTO] ▶ [LoginSemytPaso] Iniciando...
[ACTUALIZAR PAGOS · AUTO] ==================================================
[ACTUALIZAR PAGOS · AUTO] 🚀 PASO: LoginSemytPaso
[ACTUALIZAR PAGOS · AUTO] ==================================================
[ACTUALIZAR PAGOS · AUTO] Abriendo SEMyT...
[ACTUALIZAR PAGOS · AUTO] ✅ [SEMyT] Sesión existente detectada. Login omitido.
[ACTUALIZAR PAGOS · AUTO] ✅ LoginSemytPaso finalizado. (⏱ 9.4s)
[ACTUALIZAR PAGOS · AUTO] ✓ [LoginSemytPaso] Completado.
[ACTUALIZAR PAGOS · AUTO] ▶ [LoginJuzgadoPaso] Iniciando...
[ACTUALIZAR PAGOS · AUTO] ==================================================
[ACTUALIZAR PAGOS · AUTO] 🚀 PASO: LoginJuzgadoPaso
[ACTUALIZAR PAGOS · AUTO] ==================================================
[ACTUALIZAR PAGOS · AUTO] Abriendo sitio municipalidad (CiDi)...
[ACTUALIZAR PAGOS · AUTO] ✅ [Juzgado] Sesión existente detectada. Login omitido.
[ACTUALIZAR PAGOS · AUTO] ✅ LoginJuzgadoPaso finalizado. (⏱ 1.9s)
[ACTUALIZAR PAGOS · AUTO] ✓ [LoginJuzgadoPaso] Completado.
[ACTUALIZAR PAGOS · AUTO] ▶ [DescargasParalelasPaso] Iniciando...
[ACTUALIZAR PAGOS · AUTO] ==================================================
[ACTUALIZAR PAGOS · AUTO] 🚀 PASO: DescargasParalelasPaso
[ACTUALIZAR PAGOS · AUTO] ==================================================
⏳ [Automático] Tocaba disparar 'pagos' pero ya hay una ejecución en curso (Actualizar pagos); esperando a que termine; se reintenta en breve sin perder el turno.
[ACTUALIZAR PAGOS · AUTO] 📤 Arrancando las 3 descargas en paralelo (mismo browser, páginas separadas)...
[ACTUALIZAR PAGOS · AUTO] Fecha Desde: 27/06/2024
[ACTUALIZAR PAGOS · AUTO] Fecha Hasta: 24/11/2025
[ACTUALIZAR PAGOS · AUTO] Fecha Desde: 25/11/2025
[ACTUALIZAR PAGOS · AUTO] Fecha Hasta: 23/07/2026
[ACTUALIZAR PAGOS · AUTO] Descargando Excel...
[ACTUALIZAR PAGOS · AUTO] Descargando Excel...
[ACTUALIZAR PAGOS · AUTO] Archivo descargado en: backend/descargas/cache_actas_cruce/MULTAS_JUZGADO_CRUCE.xlsx
[ACTUALIZAR PAGOS · AUTO] ⏱ [actas_juzgado] completado en 48.9s
[ACTUALIZAR PAGOS · AUTO] Archivo descargado en: backend/descargas/cache_actas_cruce/MULTAS_SIGEMI_CRUCE.xlsx
[ACTUALIZAR PAGOS · AUTO] ⏱ [actas_sigemi] completado en 69.8s
[ACTUALIZAR PAGOS · AUTO] ⏱ [pagos_txt] falló a los 101.1s -> TimeoutError: Timeout 100000ms exceeded while waiting for event "download"
[ACTUALIZAR PAGOS · AUTO] =========================== logs ===========================
[ACTUALIZAR PAGOS · AUTO] waiting for event "download"
[ACTUALIZAR PAGOS · AUTO] ============================================================
[ACTUALIZAR PAGOS · AUTO] ⏱ TOTAL descargas en paralelo: 101.1s
[ACTUALIZAR PAGOS · AUTO] ❌ Error en el paso [DescargasParalelasPaso]: TimeoutError: Timeout 100000ms exceeded while waiting for event "download"
[ACTUALIZAR PAGOS · AUTO] =========================== logs ===========================
[ACTUALIZAR PAGOS · AUTO] waiting for event "download"
[ACTUALIZAR PAGOS · AUTO] ============================================================
[ACTUALIZAR PAGOS · AUTO] ❌ === ERROR: TimeoutError: Timeout 100000ms exceeded while waiting for event "download"
[ACTUALIZAR PAGOS · AUTO] =========================== logs ===========================
[ACTUALIZAR PAGOS · AUTO] waiting for event "download"
[ACTUALIZAR PAGOS · AUTO] ============================================================ ===
[ACTUALIZAR PAGOS · AUTO] Traceback (most recent call last):
[ACTUALIZAR PAGOS · AUTO]   File "/Users/nicolascesolari/Downloads/proyectoJuzgado(perfect) /backend/orquestador/trabajador.py", line 87, in ejecutar_worker
[ACTUALIZAR PAGOS · AUTO]     contexto_resultado = asyncio.run(
[ACTUALIZAR PAGOS · AUTO]         _correr_tipo(tipo, origen, fecha_desde_multas_manual, archivo_creado)
[ACTUALIZAR PAGOS · AUTO]     )
[ACTUALIZAR PAGOS · AUTO]   File "/Library/Frameworks/Python.framework/Versions/3.14/lib/python3.14/asyncio/runners.py", line 205, in run
[ACTUALIZAR PAGOS · AUTO]     return runner.run(main)
[ACTUALIZAR PAGOS · AUTO]            ~~~~~~~~~~^^^^^^
[ACTUALIZAR PAGOS · AUTO]   File "/Library/Frameworks/Python.framework/Versions/3.14/lib/python3.14/asyncio/runners.py", line 128, in run
[ACTUALIZAR PAGOS · AUTO]     return self._loop.run_until_complete(task)
[ACTUALIZAR PAGOS · AUTO]            ~~~~~~~~~~~~~~~~~~~~~~~~~~~~~^^^^^^
[ACTUALIZAR PAGOS · AUTO]   File "/Library/Frameworks/Python.framework/Versions/3.14/lib/python3.14/asyncio/base_events.py", line 719, in run_until_complete
[ACTUALIZAR PAGOS · AUTO]     return future.result()
[ACTUALIZAR PAGOS · AUTO]            ~~~~~~~~~~~~~^^
[ACTUALIZAR PAGOS · AUTO]   File "/Users/nicolascesolari/Downloads/proyectoJuzgado(perfect) /backend/orquestador/trabajador.py", line 146, in _correr_tipo
[ACTUALIZAR PAGOS · AUTO]     return await PagosWorkflow(navegador).ejecutar(archivo_fn=archivo_creado,cerrar_navegador_al_final=False,)
[ACTUALIZAR PAGOS · AUTO]            ^^^^^^^^^^^^^^^^^^^^^^^^^^^^^^^^^^^^^^^^^^^^^^^^^^^^^^^^^^^^^^^^^^^^^^^^^^^^^^^^^^^^^^^^^^^^^^^^^^^
[ACTUALIZAR PAGOS · AUTO]   File "/Users/nicolascesolari/Downloads/proyectoJuzgado(perfect) /backend/workflows/workflow_base.py", line 35, in ejecutar
[ACTUALIZAR PAGOS · AUTO]     await paso.ejecutar(contexto)
[ACTUALIZAR PAGOS · AUTO]   File "/Users/nicolascesolari/Downloads/proyectoJuzgado(perfect) /backend/pasos/descargas_paralelas_paso.py", line 75, in ejecutar
[ACTUALIZAR PAGOS · AUTO]     ruta_txt, ruta_sigemi, ruta_juzgado = self._procesar_resultados(resultados)
[ACTUALIZAR PAGOS · AUTO]                                           ~~~~~~~~~~~~~~~~~~~~~~~~~^^^^^^^^^^^^
[ACTUALIZAR PAGOS · AUTO]   File "/Users/nicolascesolari/Downloads/proyectoJuzgado(perfect) /backend/pasos/descargas_paralelas_paso.py", line 153, in _procesar_resultados
[ACTUALIZAR PAGOS · AUTO]     raise error_txt
[ACTUALIZAR PAGOS · AUTO]   File "/Users/nicolascesolari/Downloads/proyectoJuzgado(perfect) /backend/pasos/descargas_paralelas_paso.py", line 128, in _con_tiempo
[ACTUALIZAR PAGOS · AUTO]     resultado = await corutina
[ACTUALIZAR PAGOS · AUTO]                 ^^^^^^^^^^^^^^
[ACTUALIZAR PAGOS · AUTO]   File "/Users/nicolascesolari/Downloads/proyectoJuzgado(perfect) /backend/pasos/descargas_paralelas_paso.py", line 101, in _descargar_pagos
[ACTUALIZAR PAGOS · AUTO]     return await service.descargar_txt_pagos(pagina)
[ACTUALIZAR PAGOS · AUTO]            ^^^^^^^^^^^^^^^^^^^^^^^^^^^^^^^^^^^^^^^^^
[ACTUALIZAR PAGOS · AUTO]   File "/Users/nicolascesolari/Downloads/proyectoJuzgado(perfect) /backend/services/pagos_service.py", line 22, in descargar_txt_pagos
[ACTUALIZAR PAGOS · AUTO]     descarga = await page.descargar_txt_pagos()
[ACTUALIZAR PAGOS · AUTO]                ^^^^^^^^^^^^^^^^^^^^^^^^^^^^^^^^
[ACTUALIZAR PAGOS · AUTO]   File "/Users/nicolascesolari/Downloads/proyectoJuzgado(perfect) /backend/pages/descargar_pagos_page.py", line 20, in descargar_txt_pagos
[ACTUALIZAR PAGOS · AUTO]     async with self.page.expect_download(timeout=100000) as descarga_info:
[ACTUALIZAR PAGOS · AUTO]                ~~~~~~~~~~~~~~~~~~~~~~~~~^^^^^^^^^^^^^^^^
[ACTUALIZAR PAGOS · AUTO]   File "/Library/Frameworks/Python.framework/Versions/3.14/lib/python3.14/site-packages/playwright/_impl/_async_base.py", line 60, in __aexit__
[ACTUALIZAR PAGOS · AUTO]     await self._event.value
[ACTUALIZAR PAGOS · AUTO]   File "/Library/Frameworks/Python.framework/Versions/3.14/lib/python3.14/site-packages/playwright/_impl/_async_base.py", line 35, in value
[ACTUALIZAR PAGOS · AUTO]     return mapping.from_maybe_impl(await self._future)
[ACTUALIZAR PAGOS · AUTO]                                    ^^^^^^^^^^^^^^^^^^
[ACTUALIZAR PAGOS · AUTO] playwright._impl._errors.TimeoutError: Timeout 100000ms exceeded while waiting for event "download"
[ACTUALIZAR PAGOS · AUTO] =========================== logs ===========================
[ACTUALIZAR PAGOS · AUTO] waiting for event "download"
[ACTUALIZAR PAGOS · AUTO] ============================================================
ℹ El log detallado de esta corrida no se conservó en disco (no se llegó a subir ningún archivo).
❌ [Automático] 'pagos' falló (intento 1 de 4). Se reintenta a las 08:10.
🤖 [Automático] Es hora de actualizar pagos (reintento 1 de 3). Arrancando...
[ACTUALIZAR PAGOS · AUTO] === Inicio de ejecución: pagos ===
[ACTUALIZAR PAGOS · AUTO] ▶ [LoginSemytPaso] Iniciando...
[ACTUALIZAR PAGOS · AUTO] ==================================================
[ACTUALIZAR PAGOS · AUTO] 🚀 PASO: LoginSemytPaso
[ACTUALIZAR PAGOS · AUTO] ==================================================
[ACTUALIZAR PAGOS · AUTO] Abriendo SEMyT...
[ACTUALIZAR PAGOS · AUTO] ❌ Error en el paso [LoginSemytPaso]: Error: Page.goto: net::ERR_INTERNET_DISCONNECTED at https://ciudad.villamaria.gob.ar/#/inicio
[ACTUALIZAR PAGOS · AUTO] Call log:
[ACTUALIZAR PAGOS · AUTO]   - navigating to "https://ciudad.villamaria.gob.ar/#/inicio", waiting until "domcontentloaded"
[ACTUALIZAR PAGOS · AUTO] ❌ === ERROR: Error: Page.goto: net::ERR_INTERNET_DISCONNECTED at https://ciudad.villamaria.gob.ar/#/inicio
[ACTUALIZAR PAGOS · AUTO] Call log:
[ACTUALIZAR PAGOS · AUTO]   - navigating to "https://ciudad.villamaria.gob.ar/#/inicio", waiting until "domcontentloaded"
[ACTUALIZAR PAGOS · AUTO]  ===
[ACTUALIZAR PAGOS · AUTO] Traceback (most recent call last):
[ACTUALIZAR PAGOS · AUTO]   File "/Users/nicolascesolari/Downloads/proyectoJuzgado(perfect) /backend/orquestador/trabajador.py", line 87, in ejecutar_worker
[ACTUALIZAR PAGOS · AUTO]     contexto_resultado = asyncio.run(
[ACTUALIZAR PAGOS · AUTO]         _correr_tipo(tipo, origen, fecha_desde_multas_manual, archivo_creado)
[ACTUALIZAR PAGOS · AUTO]     )
[ACTUALIZAR PAGOS · AUTO]   File "/Library/Frameworks/Python.framework/Versions/3.14/lib/python3.14/asyncio/runners.py", line 205, in run
[ACTUALIZAR PAGOS · AUTO]     return runner.run(main)
[ACTUALIZAR PAGOS · AUTO]            ~~~~~~~~~~^^^^^^
[ACTUALIZAR PAGOS · AUTO]   File "/Library/Frameworks/Python.framework/Versions/3.14/lib/python3.14/asyncio/runners.py", line 128, in run
[ACTUALIZAR PAGOS · AUTO]     return self._loop.run_until_complete(task)
[ACTUALIZAR PAGOS · AUTO]            ~~~~~~~~~~~~~~~~~~~~~~~~~~~~~^^^^^^
[ACTUALIZAR PAGOS · AUTO]   File "/Library/Frameworks/Python.framework/Versions/3.14/lib/python3.14/asyncio/base_events.py", line 719, in run_until_complete
[ACTUALIZAR PAGOS · AUTO]     return future.result()
[ACTUALIZAR PAGOS · AUTO]            ~~~~~~~~~~~~~^^
[ACTUALIZAR PAGOS · AUTO]   File "/Users/nicolascesolari/Downloads/proyectoJuzgado(perfect) /backend/orquestador/trabajador.py", line 146, in _correr_tipo
[ACTUALIZAR PAGOS · AUTO]     return await PagosWorkflow(navegador).ejecutar(archivo_fn=archivo_creado,cerrar_navegador_al_final=False,)
[ACTUALIZAR PAGOS · AUTO]            ^^^^^^^^^^^^^^^^^^^^^^^^^^^^^^^^^^^^^^^^^^^^^^^^^^^^^^^^^^^^^^^^^^^^^^^^^^^^^^^^^^^^^^^^^^^^^^^^^^^
[ACTUALIZAR PAGOS · AUTO]   File "/Users/nicolascesolari/Downloads/proyectoJuzgado(perfect) /backend/workflows/workflow_base.py", line 35, in ejecutar
[ACTUALIZAR PAGOS · AUTO]     await paso.ejecutar(contexto)
[ACTUALIZAR PAGOS · AUTO]   File "/Users/nicolascesolari/Downloads/proyectoJuzgado(perfect) /backend/pasos/login_semyt_paso.py", line 29, in ejecutar
[ACTUALIZAR PAGOS · AUTO]     await login_page.abrir_semyt_con_sesion()
[ACTUALIZAR PAGOS · AUTO]   File "/Users/nicolascesolari/Downloads/proyectoJuzgado(perfect) /backend/pages/login_page.py", line 27, in abrir_semyt_con_sesion
[ACTUALIZAR PAGOS · AUTO]     await self.page.goto(self.url_inicio_semyt(), wait_until="domcontentloaded", timeout=60000)
[ACTUALIZAR PAGOS · AUTO]   File "/Library/Frameworks/Python.framework/Versions/3.14/lib/python3.14/site-packages/playwright/async_api/_generated.py", line 9611, in goto
[ACTUALIZAR PAGOS · AUTO]     await self._impl_obj.goto(
[ACTUALIZAR PAGOS · AUTO]     ...<4 lines>...
[ACTUALIZAR PAGOS · AUTO]     )
[ACTUALIZAR PAGOS · AUTO]   File "/Library/Frameworks/Python.framework/Versions/3.14/lib/python3.14/site-packages/playwright/_impl/_page.py", line 557, in goto
[ACTUALIZAR PAGOS · AUTO]     return await self._main_frame.goto(**locals_to_params(locals()))
[ACTUALIZAR PAGOS · AUTO]            ^^^^^^^^^^^^^^^^^^^^^^^^^^^^^^^^^^^^^^^^^^^^^^^^^^^^^^^^^
[ACTUALIZAR PAGOS · AUTO]   File "/Library/Frameworks/Python.framework/Versions/3.14/lib/python3.14/site-packages/playwright/_impl/_frame.py", line 156, in goto
[ACTUALIZAR PAGOS · AUTO]     await self._channel.send(
[ACTUALIZAR PAGOS · AUTO]         "goto", self._navigation_timeout, locals_to_params(locals())
[ACTUALIZAR PAGOS · AUTO]     )
[ACTUALIZAR PAGOS · AUTO]   File "/Library/Frameworks/Python.framework/Versions/3.14/lib/python3.14/site-packages/playwright/_impl/_connection.py", line 69, in send
[ACTUALIZAR PAGOS · AUTO]     return await self._connection.wrap_api_call(
[ACTUALIZAR PAGOS · AUTO]            ^^^^^^^^^^^^^^^^^^^^^^^^^^^^^^^^^^^^^
[ACTUALIZAR PAGOS · AUTO]     ...<3 lines>...
[ACTUALIZAR PAGOS · AUTO]     )
[ACTUALIZAR PAGOS · AUTO]     ^
[ACTUALIZAR PAGOS · AUTO]   File "/Library/Frameworks/Python.framework/Versions/3.14/lib/python3.14/site-packages/playwright/_impl/_connection.py", line 559, in wrap_api_call
[ACTUALIZAR PAGOS · AUTO]     raise rewrite_error(error, f"{parsed_st['apiName']}: {error}") from None
[ACTUALIZAR PAGOS · AUTO] playwright._impl._errors.Error: Page.goto: net::ERR_INTERNET_DISCONNECTED at https://ciudad.villamaria.gob.ar/#/inicio
[ACTUALIZAR PAGOS · AUTO] Call log:
[ACTUALIZAR PAGOS · AUTO]   - navigating to "https://ciudad.villamaria.gob.ar/#/inicio", waiting until "domcontentloaded"
ℹ El log detallado de esta corrida no se conservó en disco (no se llegó a subir ningún archivo).
❌ [Automático] 'pagos' falló (intento 2 de 4). Se reintenta a las 08:26.
🤖 [Automático] Es hora de actualizar pagos (reintento 2 de 3). Arrancando...
[ACTUALIZAR PAGOS · AUTO] === Inicio de ejecución: pagos ===
[ACTUALIZAR PAGOS · AUTO] ▶ [LoginSemytPaso] Iniciando...
[ACTUALIZAR PAGOS · AUTO] ==================================================
[ACTUALIZAR PAGOS · AUTO] 🚀 PASO: LoginSemytPaso
[ACTUALIZAR PAGOS · AUTO] ==================================================
[ACTUALIZAR PAGOS · AUTO] Abriendo SEMyT...
[ACTUALIZAR PAGOS · AUTO] ✅ [SEMyT] Sesión existente detectada. Login omitido.
[ACTUALIZAR PAGOS · AUTO] ✅ LoginSemytPaso finalizado. (⏱ 7.8s)
[ACTUALIZAR PAGOS · AUTO] ✓ [LoginSemytPaso] Completado.
[ACTUALIZAR PAGOS · AUTO] ▶ [LoginJuzgadoPaso] Iniciando...
[ACTUALIZAR PAGOS · AUTO] ==================================================
[ACTUALIZAR PAGOS · AUTO] 🚀 PASO: LoginJuzgadoPaso
[ACTUALIZAR PAGOS · AUTO] ==================================================
[ACTUALIZAR PAGOS · AUTO] Abriendo sitio municipalidad (CiDi)...
[ACTUALIZAR PAGOS · AUTO] ✅ [Juzgado] Sesión existente detectada. Login omitido.
[ACTUALIZAR PAGOS · AUTO] ✅ LoginJuzgadoPaso finalizado. (⏱ 1.3s)
[ACTUALIZAR PAGOS · AUTO] ✓ [LoginJuzgadoPaso] Completado.
[ACTUALIZAR PAGOS · AUTO] ▶ [DescargasParalelasPaso] Iniciando...
[ACTUALIZAR PAGOS · AUTO] ==================================================
[ACTUALIZAR PAGOS · AUTO] 🚀 PASO: DescargasParalelasPaso
[ACTUALIZAR PAGOS · AUTO] ==================================================
[ACTUALIZAR PAGOS · AUTO] 📤 Arrancando las 3 descargas en paralelo (mismo browser, páginas separadas)...
[ACTUALIZAR PAGOS · AUTO] Fecha Desde: 27/06/2024
[ACTUALIZAR PAGOS · AUTO] Fecha Hasta: 24/11/2025
[ACTUALIZAR PAGOS · AUTO] Fecha Desde: 25/11/2025
[ACTUALIZAR PAGOS · AUTO] Fecha Hasta: 23/07/2026
[ACTUALIZAR PAGOS · AUTO] Descargando Excel...
[ACTUALIZAR PAGOS · AUTO] Descargando Excel...
⏳ [Automático] Tocaba disparar 'pagos' pero ya hay una ejecución en curso (Actualizar pagos); esperando a que termine; se reintenta en breve sin perder el turno.
[ACTUALIZAR PAGOS · AUTO] Archivo descargado en: backend/descargas/cache_actas_cruce/MULTAS_JUZGADO_CRUCE.xlsx
[ACTUALIZAR PAGOS · AUTO] ⏱ [actas_juzgado] completado en 21.1s
[ACTUALIZAR PAGOS · AUTO] ✅ TXT de pagos descargado en: backend/descargas/pagos/2026-07-23/PAGOS DESCARGADOS.txt
[ACTUALIZAR PAGOS · AUTO] ⏱ [pagos_txt] completado en 22.7s
[ACTUALIZAR PAGOS · AUTO] Archivo descargado en: backend/descargas/cache_actas_cruce/MULTAS_SIGEMI_CRUCE.xlsx
[ACTUALIZAR PAGOS · AUTO] ⏱ [actas_sigemi] completado en 50.2s
[ACTUALIZAR PAGOS · AUTO] ⏱ TOTAL descargas en paralelo: 50.2s
[ACTUALIZAR PAGOS · AUTO] ✅ DescargasParalelasPaso finalizado. (⏱ 51.6s)
[ACTUALIZAR PAGOS · AUTO] ✓ [DescargasParalelasPaso] Completado.
[ACTUALIZAR PAGOS · AUTO] ▶ [CompararActasPaso] Iniciando...
[ACTUALIZAR PAGOS · AUTO] ==================================================
[ACTUALIZAR PAGOS · AUTO] 🚀 PASO: CompararActasPaso
[ACTUALIZAR PAGOS · AUTO] ==================================================
[ACTUALIZAR PAGOS · AUTO] 🔍 Comparando actas del SEMyT contra pagos del Juzgado...
[ACTUALIZAR PAGOS · AUTO] ================================================================================
[ACTUALIZAR PAGOS · AUTO] INICIANDO PROCESO DE GENERACIÓN DE PAGOS DESACTUALIZADOS
[ACTUALIZAR PAGOS · AUTO] ================================================================================
[ACTUALIZAR PAGOS · AUTO] 📂 Cargando archivos...
[ACTUALIZAR PAGOS · AUTO]   ✓ Pagos: 16406 registros
[ACTUALIZAR PAGOS · AUTO]   ✓ Excel SIGEMI (multas vencidas viejas): 103745 registros
[ACTUALIZAR PAGOS · AUTO]   ✓ Excel Juzgado (multas vencidas nuevas): 40439 registros
[ACTUALIZAR PAGOS · AUTO] ================================================================================
[ACTUALIZAR PAGOS · AUTO] PASO 1: LLENANDO ACTA_NUMERO (búsqueda por patente + fecha, con desempate por hora)
[ACTUALIZAR PAGOS · AUTO] ================================================================================
[ACTUALIZAR PAGOS · AUTO] 📊 ESTADÍSTICAS DE LLENADO DE ACTAS:
[ACTUALIZAR PAGOS · AUTO]   • Pagos con acta ORIGINAL: 2569
[ACTUALIZAR PAGOS · AUTO]   • Pagos SIN acta (buscados): 13837
[ACTUALIZAR PAGOS · AUTO]   • Pagos LLENADOS exitosamente: 10
[ACTUALIZAR PAGOS · AUTO]   • Pagos NO encontrados en multas: 13827
[ACTUALIZAR PAGOS · AUTO]   • Pagos SIN RESOLVER por desbalance de cantidades: 0
[ACTUALIZAR PAGOS · AUTO] ================================================================================
[ACTUALIZAR PAGOS · AUTO] PASO 1: LLENANDO ACTA_NUMERO (búsqueda por patente + fecha, con desempate por hora)
[ACTUALIZAR PAGOS · AUTO] ================================================================================
[ACTUALIZAR PAGOS · AUTO] 📊 ESTADÍSTICAS DE LLENADO DE ACTAS:
[ACTUALIZAR PAGOS · AUTO]   • Pagos con acta ORIGINAL: 2579
[ACTUALIZAR PAGOS · AUTO]   • Pagos SIN acta (buscados): 13827
[ACTUALIZAR PAGOS · AUTO]   • Pagos LLENADOS exitosamente: 0
[ACTUALIZAR PAGOS · AUTO]   • Pagos NO encontrados en multas: 13827
[ACTUALIZAR PAGOS · AUTO]   • Pagos SIN RESOLVER por desbalance de cantidades: 0
[ACTUALIZAR PAGOS · AUTO] ⏱ PASO 1 (llenar actas): 19.1s
[ACTUALIZAR PAGOS · AUTO] ================================================================================
[ACTUALIZAR PAGOS · AUTO] PASO 2: FILTRANDO PAGOS CON ACTA_NUMERO COMPLETO
[ACTUALIZAR PAGOS · AUTO] ================================================================================
[ACTUALIZAR PAGOS · AUTO] 📊 ESTADÍSTICAS DE FILTRADO:
[ACTUALIZAR PAGOS · AUTO]   • Pagos TOTALES al inicio: 16406
[ACTUALIZAR PAGOS · AUTO]   • Pagos CON acta (MANTIENEN): 2579
[ACTUALIZAR PAGOS · AUTO]   • Pagos RECHAZADOS (sin coincidencias): 13827
[ACTUALIZAR PAGOS · AUTO] ⚠️  Se eliminaron 13827 registros sin número de acta
[ACTUALIZAR PAGOS · AUTO]      (recordá: esto incluye tanto pagos ya actualizados/pagados
[ACTUALIZAR PAGOS · AUTO]       como pagos que quedaron sin resolver por desbalance en el Paso 1)
[ACTUALIZAR PAGOS · AUTO] ================================================================================
[ACTUALIZAR PAGOS · AUTO] PASO 2-bis: CONFIRMANDO VIGENCIA DE PAGOS DEL SISTEMA NUEVO (contra MULTAS_JUZGADO_CRUCE)
[ACTUALIZAR PAGOS · AUTO] ================================================================================
[ACTUALIZAR PAGOS · AUTO]   ⚠ 2558 pago(s) del sistema nuevo descartados: su acta ya no figura como vencida en MULTAS_JUZGADO_CRUCE (SEMyT ya los actualizó).
[ACTUALIZAR PAGOS · AUTO]   • Pagos del sistema nuevo descartados por ya estar actualizados: 2558
[ACTUALIZAR PAGOS · AUTO] ⏱ PASO 2 (filtrar): 1.2s
[ACTUALIZAR PAGOS · AUTO] 📂 Cargando maestro de causas SIGEMI...
[ACTUALIZAR PAGOS · AUTO]   ✓ Causas totales (maestro): 134069 registros
[ACTUALIZAR PAGOS · AUTO] ⏱ PASO 2.5 (causas simplificado): 0.2s
[ACTUALIZAR PAGOS · AUTO] ================================================================================
[ACTUALIZAR PAGOS · AUTO] PASO 2.5: ARMANDO causas.txt SIMPLIFICADO (cruce contra total_causas_sigemi.txt)
[ACTUALIZAR PAGOS · AUTO] ================================================================================
[ACTUALIZAR PAGOS · AUTO]   • Actas vencidas viejas (multas): 103745
[ACTUALIZAR PAGOS · AUTO]   • Causas totales en el maestro SIGEMI: 134069
[ACTUALIZAR PAGOS · AUTO]   • Causas que coinciden (simplificado): 103415
[ACTUALIZAR PAGOS · AUTO]   ✅ Archivo escrito: backend/descargas/causas/causas.txt
[ACTUALIZAR PAGOS · AUTO] ⏱ PASO 2.5 (causas simplificado): 2.9s
[ACTUALIZAR PAGOS · AUTO] ================================================================================
[ACTUALIZAR PAGOS · AUTO] PASO 3: LLENANDO CAUSA_NUMERO (según fecha de cambio de sistema, cruzando por acta + año)
[ACTUALIZAR PAGOS · AUTO] ================================================================================
[ACTUALIZAR PAGOS · AUTO] 📊 ESTADÍSTICAS DE LLENADO DE CAUSAS:
[ACTUALIZAR PAGOS · AUTO]   • Pagos con causa ORIGINAL: 11
[ACTUALIZAR PAGOS · AUTO]   • Causas encontradas en SIGEMI (actas viejas): 10
[ACTUALIZAR PAGOS · AUTO]   • Causas NO encontradas en SIGEMI: 0
[ACTUALIZAR PAGOS · AUTO]   • Causas asignadas automáticamente (actas nuevas): 0
[ACTUALIZAR PAGOS · AUTO] ⏱ PASO 3 (llenar causas): 0.0s
[ACTUALIZAR PAGOS · AUTO] ================================================================================
[ACTUALIZAR PAGOS · AUTO] PASO 4: ORDENANDO POR FECHA Y ACTA_NUMERO
[ACTUALIZAR PAGOS · AUTO] ================================================================================
[ACTUALIZAR PAGOS · AUTO] ✓ Pagos ordenados correctamente
[ACTUALIZAR PAGOS · AUTO]   • Primera entrada: Acta=1863, Fecha=29/06/2024
[ACTUALIZAR PAGOS · AUTO]   • Última entrada: Acta=306258, Fecha=30/04/2026
[ACTUALIZAR PAGOS · AUTO] 📝 Escribiendo archivo de salida...
[ACTUALIZAR PAGOS · AUTO]   ✅ Archivo escrito: backend/descargas/pagos/2026-07-23/PAGOS 20260723 082724.txt
[ACTUALIZAR PAGOS · AUTO]   ✅ Total registros: 2362
[ACTUALIZAR PAGOS · AUTO] ⏱ PASO 4 (ordenar y escribir): 0.0s
[ACTUALIZAR PAGOS · AUTO] ================================================================================
[ACTUALIZAR PAGOS · AUTO] ✅ PROCESO COMPLETADO EXITOSAMENTE
[ACTUALIZAR PAGOS · AUTO] ================================================================================
[ACTUALIZAR PAGOS · AUTO] 📊 RESUMEN FINAL DEL PROCESAMIENTO:
[ACTUALIZAR PAGOS · AUTO]   ENTRADA:
[ACTUALIZAR PAGOS · AUTO]     • Pagos originales: 16406
[ACTUALIZAR PAGOS · AUTO]     • Multas SIGEMI cargadas: 103745
[ACTUALIZAR PAGOS · AUTO]     • Multas Juzgado cargadas: 40439
[ACTUALIZAR PAGOS · AUTO]     • Causas simplificadas (usadas para el cruce): 103415
[ACTUALIZAR PAGOS · AUTO]   PROCESO:
[ACTUALIZAR PAGOS · AUTO]     • Pagos rechazados sigemi: 13827
[ACTUALIZAR PAGOS · AUTO]     • Pagos rechazados juzgado: 2558
[ACTUALIZAR PAGOS · AUTO]   SALIDA:
[ACTUALIZAR PAGOS · AUTO]     • Pagos desactualizados procesados: 21
[ACTUALIZAR PAGOS · AUTO]     • Archivo final: backend/descargas/pagos/2026-07-23/PAGOS 20260723 082724.txt
[ACTUALIZAR PAGOS · AUTO]     • Ordenados por fecha: SÍ ✓
[ACTUALIZAR PAGOS · AUTO]     • Todos con ACTA_NUMERO: SÍ ✓
[ACTUALIZAR PAGOS · AUTO]     • Todos con CAUSA_NUMERO: SÍ ✓
[ACTUALIZAR PAGOS · AUTO] ✅ TXT de pagos (ya cruzado con actas y causas) generado en: backend/descargas/pagos/2026-07-23/PAGOS 20260723 082724.txt
[ACTUALIZAR PAGOS · AUTO] 🧹 TXT de pagos crudo eliminado (ya usado en el cruce): backend/descargas/pagos/2026-07-23/PAGOS DESCARGADOS.txt
[ACTUALIZAR PAGOS · AUTO] 🧹 Excel MULTAS_SIGEMI_CRUCE eliminado (ya usado en el cruce): backend/descargas/cache_actas_cruce/MULTAS_SIGEMI_CRUCE.xlsx
[ACTUALIZAR PAGOS · AUTO] 🧹 Excel MULTAS_JUZGADO_CRUCE eliminado (ya usado en el cruce): backend/descargas/cache_actas_cruce/MULTAS_JUZGADO_CRUCE.xlsx
[ACTUALIZAR PAGOS · AUTO] ✅ CompararActasPaso finalizado. (⏱ 53.2s)
[ACTUALIZAR PAGOS · AUTO] ✓ [CompararActasPaso] Completado.
[ACTUALIZAR PAGOS · AUTO] ▶ [CargarPagosPaso] Iniciando...
[ACTUALIZAR PAGOS · AUTO] ==================================================
[ACTUALIZAR PAGOS · AUTO] 🚀 PASO: CargarPagosPaso
[ACTUALIZAR PAGOS · AUTO] ==================================================
[ACTUALIZAR PAGOS · AUTO] 📤 Subiendo TXT de pagos al SEMyT...
[ACTUALIZAR PAGOS · AUTO] ✅ Importación de pagos completada con éxito.
[ACTUALIZAR PAGOS · AUTO] ✅ Archivo TXT de pagos cargado en el SEMyT correctamente.
[ACTUALIZAR PAGOS · AUTO] ✅ CargarPagosPaso finalizado. (⏱ 4.4s)
[ACTUALIZAR PAGOS · AUTO] ✓ [CargarPagosPaso] Completado.
[ACTUALIZAR PAGOS · AUTO] === Ejecución finalizada con éxito ===
✅ [Automático] 'pagos' terminó bien en el reintento 2.
🤖 [Automático] Es hora de actualizar pagos. Arrancando...
[ACTUALIZAR PAGOS · AUTO] === Inicio de ejecución: pagos ===
[ACTUALIZAR PAGOS · AUTO] ▶ [LoginSemytPaso] Iniciando...
[ACTUALIZAR PAGOS · AUTO] ==================================================
[ACTUALIZAR PAGOS · AUTO] 🚀 PASO: LoginSemytPaso
[ACTUALIZAR PAGOS · AUTO] ==================================================
[ACTUALIZAR PAGOS · AUTO] Abriendo SEMyT...
[ACTUALIZAR PAGOS · AUTO] ✅ [SEMyT] Sesión existente detectada. Login omitido.
[ACTUALIZAR PAGOS · AUTO] ✅ LoginSemytPaso finalizado. (⏱ 5.7s)
[ACTUALIZAR PAGOS · AUTO] ✓ [LoginSemytPaso] Completado.
[ACTUALIZAR PAGOS · AUTO] ▶ [LoginJuzgadoPaso] Iniciando...
[ACTUALIZAR PAGOS · AUTO] ==================================================
[ACTUALIZAR PAGOS · AUTO] 🚀 PASO: LoginJuzgadoPaso
[ACTUALIZAR PAGOS · AUTO] ==================================================
[ACTUALIZAR PAGOS · AUTO] Abriendo sitio municipalidad (CiDi)...
[ACTUALIZAR PAGOS · AUTO] ✅ [Juzgado] Sesión existente detectada. Login omitido.
[ACTUALIZAR PAGOS · AUTO] ✅ LoginJuzgadoPaso finalizado. (⏱ 1.3s)
[ACTUALIZAR PAGOS · AUTO] ✓ [LoginJuzgadoPaso] Completado.
[ACTUALIZAR PAGOS · AUTO] ▶ [DescargasParalelasPaso] Iniciando...
[ACTUALIZAR PAGOS · AUTO] ==================================================
[ACTUALIZAR PAGOS · AUTO] 🚀 PASO: DescargasParalelasPaso
[ACTUALIZAR PAGOS · AUTO] ==================================================
[ACTUALIZAR PAGOS · AUTO] 📤 Arrancando las 3 descargas en paralelo (mismo browser, páginas separadas)...
[ACTUALIZAR PAGOS · AUTO] Fecha Desde: 27/06/2024
[ACTUALIZAR PAGOS · AUTO] Fecha Hasta: 24/11/2025
[ACTUALIZAR PAGOS · AUTO] Fecha Desde: 25/11/2025
[ACTUALIZAR PAGOS · AUTO] Fecha Hasta: 23/07/2026
[ACTUALIZAR PAGOS · AUTO] Descargando Excel...
[ACTUALIZAR PAGOS · AUTO] Descargando Excel...
⏳ [Automático] Tocaba disparar 'pagos' pero ya hay una ejecución en curso (Actualizar pagos); esperando a que termine; se reintenta en breve sin perder el turno.
[ACTUALIZAR PAGOS · AUTO] Archivo descargado en: backend/descargas/cache_actas_cruce/MULTAS_JUZGADO_CRUCE.xlsx
[ACTUALIZAR PAGOS · AUTO] ⏱ [actas_juzgado] completado en 21.8s
[ACTUALIZAR PAGOS · AUTO] ✅ TXT de pagos descargado en: backend/descargas/pagos/2026-07-23/PAGOS DESCARGADOS.txt
[ACTUALIZAR PAGOS · AUTO] ⏱ [pagos_txt] completado en 27.0s
[ACTUALIZAR PAGOS · AUTO] Archivo descargado en: backend/descargas/cache_actas_cruce/MULTAS_SIGEMI_CRUCE.xlsx
[ACTUALIZAR PAGOS · AUTO] ⏱ [actas_sigemi] completado en 68.4s
[ACTUALIZAR PAGOS · AUTO] ⏱ TOTAL descargas en paralelo: 68.4s
[ACTUALIZAR PAGOS · AUTO] ✅ DescargasParalelasPaso finalizado. (⏱ 69.4s)
[ACTUALIZAR PAGOS · AUTO] ✓ [DescargasParalelasPaso] Completado.
[ACTUALIZAR PAGOS · AUTO] ▶ [CompararActasPaso] Iniciando...
[ACTUALIZAR PAGOS · AUTO] ==================================================
[ACTUALIZAR PAGOS · AUTO] 🚀 PASO: CompararActasPaso
[ACTUALIZAR PAGOS · AUTO] ==================================================
[ACTUALIZAR PAGOS · AUTO] 🔍 Comparando actas del SEMyT contra pagos del Juzgado...
[ACTUALIZAR PAGOS · AUTO] ================================================================================
[ACTUALIZAR PAGOS · AUTO] INICIANDO PROCESO DE GENERACIÓN DE PAGOS DESACTUALIZADOS
[ACTUALIZAR PAGOS · AUTO] ================================================================================
[ACTUALIZAR PAGOS · AUTO] 📂 Cargando archivos...
[ACTUALIZAR PAGOS · AUTO]   ✓ Pagos: 16423 registros
[ACTUALIZAR PAGOS · AUTO]   ✓ Excel SIGEMI (multas vencidas viejas): 103734 registros
[ACTUALIZAR PAGOS · AUTO]   ✓ Excel Juzgado (multas vencidas nuevas): 40425 registros
[ACTUALIZAR PAGOS · AUTO] ================================================================================
[ACTUALIZAR PAGOS · AUTO] PASO 1: LLENANDO ACTA_NUMERO (búsqueda por patente + fecha, con desempate por hora)
[ACTUALIZAR PAGOS · AUTO] ================================================================================
[ACTUALIZAR PAGOS · AUTO] 📊 ESTADÍSTICAS DE LLENADO DE ACTAS:
[ACTUALIZAR PAGOS · AUTO]   • Pagos con acta ORIGINAL: 2580
[ACTUALIZAR PAGOS · AUTO]   • Pagos SIN acta (buscados): 13843
[ACTUALIZAR PAGOS · AUTO]   • Pagos LLENADOS exitosamente: 5
[ACTUALIZAR PAGOS · AUTO]   • Pagos NO encontrados en multas: 13838
[ACTUALIZAR PAGOS · AUTO]   • Pagos SIN RESOLVER por desbalance de cantidades: 0
[ACTUALIZAR PAGOS · AUTO] ================================================================================
[ACTUALIZAR PAGOS · AUTO] PASO 1: LLENANDO ACTA_NUMERO (búsqueda por patente + fecha, con desempate por hora)
[ACTUALIZAR PAGOS · AUTO] ================================================================================
[ACTUALIZAR PAGOS · AUTO] 📊 ESTADÍSTICAS DE LLENADO DE ACTAS:
[ACTUALIZAR PAGOS · AUTO]   • Pagos con acta ORIGINAL: 2585
[ACTUALIZAR PAGOS · AUTO]   • Pagos SIN acta (buscados): 13838
[ACTUALIZAR PAGOS · AUTO]   • Pagos LLENADOS exitosamente: 0
[ACTUALIZAR PAGOS · AUTO]   • Pagos NO encontrados en multas: 13838
[ACTUALIZAR PAGOS · AUTO]   • Pagos SIN RESOLVER por desbalance de cantidades: 0
[ACTUALIZAR PAGOS · AUTO] ⏱ PASO 1 (llenar actas): 19.5s
[ACTUALIZAR PAGOS · AUTO] ================================================================================
[ACTUALIZAR PAGOS · AUTO] PASO 2: FILTRANDO PAGOS CON ACTA_NUMERO COMPLETO
[ACTUALIZAR PAGOS · AUTO] ================================================================================
[ACTUALIZAR PAGOS · AUTO] 📊 ESTADÍSTICAS DE FILTRADO:
[ACTUALIZAR PAGOS · AUTO]   • Pagos TOTALES al inicio: 16423
[ACTUALIZAR PAGOS · AUTO]   • Pagos CON acta (MANTIENEN): 2585
[ACTUALIZAR PAGOS · AUTO]   • Pagos RECHAZADOS (sin coincidencias): 13838
[ACTUALIZAR PAGOS · AUTO] ⚠️  Se eliminaron 13838 registros sin número de acta
[ACTUALIZAR PAGOS · AUTO]      (recordá: esto incluye tanto pagos ya actualizados/pagados
[ACTUALIZAR PAGOS · AUTO]       como pagos que quedaron sin resolver por desbalance en el Paso 1)
[ACTUALIZAR PAGOS · AUTO] ================================================================================
[ACTUALIZAR PAGOS · AUTO] PASO 2-bis: CONFIRMANDO VIGENCIA DE PAGOS DEL SISTEMA NUEVO (contra MULTAS_JUZGADO_CRUCE)
[ACTUALIZAR PAGOS · AUTO] ================================================================================
[ACTUALIZAR PAGOS · AUTO]   ⚠ 2572 pago(s) del sistema nuevo descartados: su acta ya no figura como vencida en MULTAS_JUZGADO_CRUCE (SEMyT ya los actualizó).
[ACTUALIZAR PAGOS · AUTO]   • Pagos del sistema nuevo descartados por ya estar actualizados: 2572
[ACTUALIZAR PAGOS · AUTO] ⏱ PASO 2 (filtrar): 1.2s
[ACTUALIZAR PAGOS · AUTO] 📂 Cargando maestro de causas SIGEMI...
[ACTUALIZAR PAGOS · AUTO]   ✓ Causas totales (maestro): 134069 registros
[ACTUALIZAR PAGOS · AUTO] ⏱ PASO 2.5 (causas simplificado): 0.2s
[ACTUALIZAR PAGOS · AUTO] ================================================================================
[ACTUALIZAR PAGOS · AUTO] PASO 2.5: ARMANDO causas.txt SIMPLIFICADO (cruce contra total_causas_sigemi.txt)
[ACTUALIZAR PAGOS · AUTO] ================================================================================
[ACTUALIZAR PAGOS · AUTO]   • Actas vencidas viejas (multas): 103734
[ACTUALIZAR PAGOS · AUTO]   • Causas totales en el maestro SIGEMI: 134069
[ACTUALIZAR PAGOS · AUTO]   • Causas que coinciden (simplificado): 103404
[ACTUALIZAR PAGOS · AUTO]   ✅ Archivo escrito: backend/descargas/causas/causas.txt
[ACTUALIZAR PAGOS · AUTO] ⏱ PASO 2.5 (causas simplificado): 2.9s
[ACTUALIZAR PAGOS · AUTO] ================================================================================
[ACTUALIZAR PAGOS · AUTO] PASO 3: LLENANDO CAUSA_NUMERO (según fecha de cambio de sistema, cruzando por acta + año)
[ACTUALIZAR PAGOS · AUTO] ================================================================================
[ACTUALIZAR PAGOS · AUTO] 📊 ESTADÍSTICAS DE LLENADO DE CAUSAS:
[ACTUALIZAR PAGOS · AUTO]   • Pagos con causa ORIGINAL: 8
[ACTUALIZAR PAGOS · AUTO]   • Causas encontradas en SIGEMI (actas viejas): 5
[ACTUALIZAR PAGOS · AUTO]   • Causas NO encontradas en SIGEMI: 0
[ACTUALIZAR PAGOS · AUTO]   • Causas asignadas automáticamente (actas nuevas): 0
[ACTUALIZAR PAGOS · AUTO] ⏱ PASO 3 (llenar causas): 0.0s
[ACTUALIZAR PAGOS · AUTO] ================================================================================
[ACTUALIZAR PAGOS · AUTO] PASO 4: ORDENANDO POR FECHA Y ACTA_NUMERO
[ACTUALIZAR PAGOS · AUTO] ================================================================================
[ACTUALIZAR PAGOS · AUTO] ✓ Pagos ordenados correctamente
[ACTUALIZAR PAGOS · AUTO]   • Primera entrada: Acta=137602, Fecha=19/04/2025
[ACTUALIZAR PAGOS · AUTO]   • Última entrada: Acta=272114, Fecha=26/02/2026
[ACTUALIZAR PAGOS · AUTO] 📝 Escribiendo archivo de salida...
[ACTUALIZAR PAGOS · AUTO]   ✅ Archivo escrito: backend/descargas/pagos/2026-07-23/PAGOS 20260723 083944.txt
[ACTUALIZAR PAGOS · AUTO]   ✅ Total registros: 1573
[ACTUALIZAR PAGOS · AUTO] ⏱ PASO 4 (ordenar y escribir): 0.0s
[ACTUALIZAR PAGOS · AUTO] ================================================================================
[ACTUALIZAR PAGOS · AUTO] ✅ PROCESO COMPLETADO EXITOSAMENTE
[ACTUALIZAR PAGOS · AUTO] ================================================================================
[ACTUALIZAR PAGOS · AUTO] 📊 RESUMEN FINAL DEL PROCESAMIENTO:
[ACTUALIZAR PAGOS · AUTO]   ENTRADA:
[ACTUALIZAR PAGOS · AUTO]     • Pagos originales: 16423
[ACTUALIZAR PAGOS · AUTO]     • Multas SIGEMI cargadas: 103734
[ACTUALIZAR PAGOS · AUTO]     • Multas Juzgado cargadas: 40425
[ACTUALIZAR PAGOS · AUTO]     • Causas simplificadas (usadas para el cruce): 103404
[ACTUALIZAR PAGOS · AUTO]   PROCESO:
[ACTUALIZAR PAGOS · AUTO]     • Pagos rechazados sigemi: 13838
[ACTUALIZAR PAGOS · AUTO]     • Pagos rechazados juzgado: 2572
[ACTUALIZAR PAGOS · AUTO]   SALIDA:
[ACTUALIZAR PAGOS · AUTO]     • Pagos desactualizados procesados: 13
[ACTUALIZAR PAGOS · AUTO]     • Archivo final: backend/descargas/pagos/2026-07-23/PAGOS 20260723 083944.txt
[ACTUALIZAR PAGOS · AUTO]     • Ordenados por fecha: SÍ ✓
[ACTUALIZAR PAGOS · AUTO]     • Todos con ACTA_NUMERO: SÍ ✓
[ACTUALIZAR PAGOS · AUTO]     • Todos con CAUSA_NUMERO: SÍ ✓
[ACTUALIZAR PAGOS · AUTO] ✅ TXT de pagos (ya cruzado con actas y causas) generado en: backend/descargas/pagos/2026-07-23/PAGOS 20260723 083944.txt
[ACTUALIZAR PAGOS · AUTO] 🧹 TXT de pagos crudo eliminado (ya usado en el cruce): backend/descargas/pagos/2026-07-23/PAGOS DESCARGADOS.txt
[ACTUALIZAR PAGOS · AUTO] 🧹 Excel MULTAS_SIGEMI_CRUCE eliminado (ya usado en el cruce): backend/descargas/cache_actas_cruce/MULTAS_SIGEMI_CRUCE.xlsx
[ACTUALIZAR PAGOS · AUTO] 🧹 Excel MULTAS_JUZGADO_CRUCE eliminado (ya usado en el cruce): backend/descargas/cache_actas_cruce/MULTAS_JUZGADO_CRUCE.xlsx
[ACTUALIZAR PAGOS · AUTO] ✅ CompararActasPaso finalizado. (⏱ 53.2s)
[ACTUALIZAR PAGOS · AUTO] ✓ [CompararActasPaso] Completado.
[ACTUALIZAR PAGOS · AUTO] ▶ [CargarPagosPaso] Iniciando...
[ACTUALIZAR PAGOS · AUTO] ==================================================
[ACTUALIZAR PAGOS · AUTO] 🚀 PASO: CargarPagosPaso
[ACTUALIZAR PAGOS · AUTO] ==================================================
[ACTUALIZAR PAGOS · AUTO] 📤 Subiendo TXT de pagos al SEMyT...
[ACTUALIZAR PAGOS · AUTO] ✅ Importación de pagos completada con éxito.
[ACTUALIZAR PAGOS · AUTO] ✅ Archivo TXT de pagos cargado en el SEMyT correctamente.
[ACTUALIZAR PAGOS · AUTO] ✅ CargarPagosPaso finalizado. (⏱ 3.2s)
[ACTUALIZAR PAGOS · AUTO] ✓ [CargarPagosPaso] Completado.
[ACTUALIZAR PAGOS · AUTO] === Ejecución finalizada con éxito ===
🤖 [Automático] Es hora de actualizar pagos. Arrancando...
[ACTUALIZAR PAGOS · AUTO] === Inicio de ejecución: pagos ===
[ACTUALIZAR PAGOS · AUTO] ▶ [LoginSemytPaso] Iniciando...
[ACTUALIZAR PAGOS · AUTO] ==================================================
[ACTUALIZAR PAGOS · AUTO] 🚀 PASO: LoginSemytPaso
[ACTUALIZAR PAGOS · AUTO] ==================================================
[ACTUALIZAR PAGOS · AUTO] Abriendo SEMyT...
⏳ [Automático] Tocaba disparar 'pagos' pero ya hay una ejecución en curso (Actualizar pagos); esperando a que termine; se reintenta en breve sin perder el turno.
[ACTUALIZAR PAGOS · AUTO] ✅ [SEMyT] Sesión existente detectada. Login omitido.
[ACTUALIZAR PAGOS · AUTO] ✅ LoginSemytPaso finalizado. (⏱ 25.4s)
[ACTUALIZAR PAGOS · AUTO] ✓ [LoginSemytPaso] Completado.
[ACTUALIZAR PAGOS · AUTO] ▶ [LoginJuzgadoPaso] Iniciando...
[ACTUALIZAR PAGOS · AUTO] ==================================================
[ACTUALIZAR PAGOS · AUTO] 🚀 PASO: LoginJuzgadoPaso
[ACTUALIZAR PAGOS · AUTO] ==================================================
[ACTUALIZAR PAGOS · AUTO] Abriendo sitio municipalidad (CiDi)...
[ACTUALIZAR PAGOS · AUTO] ✅ [Juzgado] Sesión existente detectada. Login omitido.
[ACTUALIZAR PAGOS · AUTO] ✅ LoginJuzgadoPaso finalizado. (⏱ 1.7s)
[ACTUALIZAR PAGOS · AUTO] ✓ [LoginJuzgadoPaso] Completado.
[ACTUALIZAR PAGOS · AUTO] ▶ [DescargasParalelasPaso] Iniciando...
[ACTUALIZAR PAGOS · AUTO] ==================================================
[ACTUALIZAR PAGOS · AUTO] 🚀 PASO: DescargasParalelasPaso
[ACTUALIZAR PAGOS · AUTO] ==================================================
[ACTUALIZAR PAGOS · AUTO] 📤 Arrancando las 3 descargas en paralelo (mismo browser, páginas separadas)...
[ACTUALIZAR PAGOS · AUTO] Fecha Desde: 27/06/2024
[ACTUALIZAR PAGOS · AUTO] Fecha Hasta: 24/11/2025
[ACTUALIZAR PAGOS · AUTO] Fecha Desde: 25/11/2025
[ACTUALIZAR PAGOS · AUTO] Fecha Hasta: 23/07/2026
[ACTUALIZAR PAGOS · AUTO] Descargando Excel...
[ACTUALIZAR PAGOS · AUTO] Descargando Excel...
[ACTUALIZAR PAGOS · AUTO] Archivo descargado en: backend/descargas/cache_actas_cruce/MULTAS_JUZGADO_CRUCE.xlsx
[ACTUALIZAR PAGOS · AUTO] ⏱ [actas_juzgado] completado en 35.1s
[ACTUALIZAR PAGOS · AUTO] ✅ TXT de pagos descargado en: backend/descargas/pagos/2026-07-23/PAGOS DESCARGADOS.txt
[ACTUALIZAR PAGOS · AUTO] ⏱ [pagos_txt] completado en 35.2s
[ACTUALIZAR PAGOS · AUTO] Archivo descargado en: backend/descargas/cache_actas_cruce/MULTAS_SIGEMI_CRUCE.xlsx
[ACTUALIZAR PAGOS · AUTO] ⏱ [actas_sigemi] completado en 80.2s
[ACTUALIZAR PAGOS · AUTO] ⏱ TOTAL descargas en paralelo: 80.2s
[ACTUALIZAR PAGOS · AUTO] ✅ DescargasParalelasPaso finalizado. (⏱ 81.7s)
[ACTUALIZAR PAGOS · AUTO] ✓ [DescargasParalelasPaso] Completado.
[ACTUALIZAR PAGOS · AUTO] ▶ [CompararActasPaso] Iniciando...
[ACTUALIZAR PAGOS · AUTO] ==================================================
[ACTUALIZAR PAGOS · AUTO] 🚀 PASO: CompararActasPaso
[ACTUALIZAR PAGOS · AUTO] ==================================================
[ACTUALIZAR PAGOS · AUTO] 🔍 Comparando actas del SEMyT contra pagos del Juzgado...
[ACTUALIZAR PAGOS · AUTO] ================================================================================
[ACTUALIZAR PAGOS · AUTO] INICIANDO PROCESO DE GENERACIÓN DE PAGOS DESACTUALIZADOS
[ACTUALIZAR PAGOS · AUTO] ================================================================================
[ACTUALIZAR PAGOS · AUTO] 📂 Cargando archivos...
[ACTUALIZAR PAGOS · AUTO]   ✓ Pagos: 16440 registros
[ACTUALIZAR PAGOS · AUTO]   ✓ Excel SIGEMI (multas vencidas viejas): 103729 registros
[ACTUALIZAR PAGOS · AUTO]   ✓ Excel Juzgado (multas vencidas nuevas): 40417 registros
[ACTUALIZAR PAGOS · AUTO] ================================================================================
[ACTUALIZAR PAGOS · AUTO] PASO 1: LLENANDO ACTA_NUMERO (búsqueda por patente + fecha, con desempate por hora)
[ACTUALIZAR PAGOS · AUTO] ================================================================================
[ACTUALIZAR PAGOS · AUTO] 📊 ESTADÍSTICAS DE LLENADO DE ACTAS:
[ACTUALIZAR PAGOS · AUTO]   • Pagos con acta ORIGINAL: 2590
[ACTUALIZAR PAGOS · AUTO]   • Pagos SIN acta (buscados): 13850
[ACTUALIZAR PAGOS · AUTO]   • Pagos LLENADOS exitosamente: 7
[ACTUALIZAR PAGOS · AUTO]   • Pagos NO encontrados en multas: 13843
[ACTUALIZAR PAGOS · AUTO]   • Pagos SIN RESOLVER por desbalance de cantidades: 0
[ACTUALIZAR PAGOS · AUTO] ================================================================================
[ACTUALIZAR PAGOS · AUTO] PASO 1: LLENANDO ACTA_NUMERO (búsqueda por patente + fecha, con desempate por hora)
[ACTUALIZAR PAGOS · AUTO] ================================================================================
[ACTUALIZAR PAGOS · AUTO] 📊 ESTADÍSTICAS DE LLENADO DE ACTAS:
[ACTUALIZAR PAGOS · AUTO]   • Pagos con acta ORIGINAL: 2597
[ACTUALIZAR PAGOS · AUTO]   • Pagos SIN acta (buscados): 13843
[ACTUALIZAR PAGOS · AUTO]   • Pagos LLENADOS exitosamente: 0
[ACTUALIZAR PAGOS · AUTO]   • Pagos NO encontrados en multas: 13843
[ACTUALIZAR PAGOS · AUTO]   • Pagos SIN RESOLVER por desbalance de cantidades: 0
[ACTUALIZAR PAGOS · AUTO] ⏱ PASO 1 (llenar actas): 18.3s
[ACTUALIZAR PAGOS · AUTO] ================================================================================
[ACTUALIZAR PAGOS · AUTO] PASO 2: FILTRANDO PAGOS CON ACTA_NUMERO COMPLETO
[ACTUALIZAR PAGOS · AUTO] ================================================================================
[ACTUALIZAR PAGOS · AUTO] 📊 ESTADÍSTICAS DE FILTRADO:
[ACTUALIZAR PAGOS · AUTO]   • Pagos TOTALES al inicio: 16440
[ACTUALIZAR PAGOS · AUTO]   • Pagos CON acta (MANTIENEN): 2597
[ACTUALIZAR PAGOS · AUTO]   • Pagos RECHAZADOS (sin coincidencias): 13843
[ACTUALIZAR PAGOS · AUTO] ⚠️  Se eliminaron 13843 registros sin número de acta
[ACTUALIZAR PAGOS · AUTO]      (recordá: esto incluye tanto pagos ya actualizados/pagados
[ACTUALIZAR PAGOS · AUTO]       como pagos que quedaron sin resolver por desbalance en el Paso 1)
[ACTUALIZAR PAGOS · AUTO] ================================================================================
[ACTUALIZAR PAGOS · AUTO] PASO 2-bis: CONFIRMANDO VIGENCIA DE PAGOS DEL SISTEMA NUEVO (contra MULTAS_JUZGADO_CRUCE)
[ACTUALIZAR PAGOS · AUTO] ================================================================================
[ACTUALIZAR PAGOS · AUTO]   ⚠ 2580 pago(s) del sistema nuevo descartados: su acta ya no figura como vencida en MULTAS_JUZGADO_CRUCE (SEMyT ya los actualizó).
[ACTUALIZAR PAGOS · AUTO]   • Pagos del sistema nuevo descartados por ya estar actualizados: 2580
[ACTUALIZAR PAGOS · AUTO] ⏱ PASO 2 (filtrar): 1.3s
[ACTUALIZAR PAGOS · AUTO] 📂 Cargando maestro de causas SIGEMI...
[ACTUALIZAR PAGOS · AUTO]   ✓ Causas totales (maestro): 134069 registros
[ACTUALIZAR PAGOS · AUTO] ⏱ PASO 2.5 (causas simplificado): 0.2s
[ACTUALIZAR PAGOS · AUTO] ================================================================================
[ACTUALIZAR PAGOS · AUTO] PASO 2.5: ARMANDO causas.txt SIMPLIFICADO (cruce contra total_causas_sigemi.txt)
[ACTUALIZAR PAGOS · AUTO] ================================================================================
[ACTUALIZAR PAGOS · AUTO]   • Actas vencidas viejas (multas): 103729
[ACTUALIZAR PAGOS · AUTO]   • Causas totales en el maestro SIGEMI: 134069
[ACTUALIZAR PAGOS · AUTO]   • Causas que coinciden (simplificado): 103399
[ACTUALIZAR PAGOS · AUTO]   ✅ Archivo escrito: backend/descargas/causas/causas.txt
[ACTUALIZAR PAGOS · AUTO] ⏱ PASO 2.5 (causas simplificado): 3.0s
[ACTUALIZAR PAGOS · AUTO] ================================================================================
[ACTUALIZAR PAGOS · AUTO] PASO 3: LLENANDO CAUSA_NUMERO (según fecha de cambio de sistema, cruzando por acta + año)
[ACTUALIZAR PAGOS · AUTO] ================================================================================
[ACTUALIZAR PAGOS · AUTO] 📊 ESTADÍSTICAS DE LLENADO DE CAUSAS:
[ACTUALIZAR PAGOS · AUTO]   • Pagos con causa ORIGINAL: 10
[ACTUALIZAR PAGOS · AUTO]   • Causas encontradas en SIGEMI (actas viejas): 7
[ACTUALIZAR PAGOS · AUTO]   • Causas NO encontradas en SIGEMI: 0
[ACTUALIZAR PAGOS · AUTO]   • Causas asignadas automáticamente (actas nuevas): 0
[ACTUALIZAR PAGOS · AUTO] ⏱ PASO 3 (llenar causas): 0.0s
[ACTUALIZAR PAGOS · AUTO] ================================================================================
[ACTUALIZAR PAGOS · AUTO] PASO 4: ORDENANDO POR FECHA Y ACTA_NUMERO
[ACTUALIZAR PAGOS · AUTO] ================================================================================
[ACTUALIZAR PAGOS · AUTO] ✓ Pagos ordenados correctamente
[ACTUALIZAR PAGOS · AUTO]   • Primera entrada: Acta=36282, Fecha=26/08/2024
[ACTUALIZAR PAGOS · AUTO]   • Última entrada: Acta=272644, Fecha=27/02/2026
[ACTUALIZAR PAGOS · AUTO] 📝 Escribiendo archivo de salida...
[ACTUALIZAR PAGOS · AUTO]   ✅ Archivo escrito: backend/descargas/pagos/2026-07-23/PAGOS 20260723 085237.txt
[ACTUALIZAR PAGOS · AUTO]   ✅ Total registros: 1941
[ACTUALIZAR PAGOS · AUTO] ⏱ PASO 4 (ordenar y escribir): 0.0s
[ACTUALIZAR PAGOS · AUTO] ================================================================================
[ACTUALIZAR PAGOS · AUTO] ✅ PROCESO COMPLETADO EXITOSAMENTE
[ACTUALIZAR PAGOS · AUTO] ================================================================================
[ACTUALIZAR PAGOS · AUTO] 📊 RESUMEN FINAL DEL PROCESAMIENTO:
[ACTUALIZAR PAGOS · AUTO]   ENTRADA:
[ACTUALIZAR PAGOS · AUTO]     • Pagos originales: 16440
[ACTUALIZAR PAGOS · AUTO]     • Multas SIGEMI cargadas: 103729
[ACTUALIZAR PAGOS · AUTO]     • Multas Juzgado cargadas: 40417
[ACTUALIZAR PAGOS · AUTO]     • Causas simplificadas (usadas para el cruce): 103399
[ACTUALIZAR PAGOS · AUTO]   PROCESO:
[ACTUALIZAR PAGOS · AUTO]     • Pagos rechazados sigemi: 13843
[ACTUALIZAR PAGOS · AUTO]     • Pagos rechazados juzgado: 2580
[ACTUALIZAR PAGOS · AUTO]   SALIDA:
[ACTUALIZAR PAGOS · AUTO]     • Pagos desactualizados procesados: 17
[ACTUALIZAR PAGOS · AUTO]     • Archivo final: backend/descargas/pagos/2026-07-23/PAGOS 20260723 085237.txt
[ACTUALIZAR PAGOS · AUTO]     • Ordenados por fecha: SÍ ✓
[ACTUALIZAR PAGOS · AUTO]     • Todos con ACTA_NUMERO: SÍ ✓
[ACTUALIZAR PAGOS · AUTO]     • Todos con CAUSA_NUMERO: SÍ ✓
[ACTUALIZAR PAGOS · AUTO] ✅ TXT de pagos (ya cruzado con actas y causas) generado en: backend/descargas/pagos/2026-07-23/PAGOS 20260723 085237.txt
[ACTUALIZAR PAGOS · AUTO] 🧹 TXT de pagos crudo eliminado (ya usado en el cruce): backend/descargas/pagos/2026-07-23/PAGOS DESCARGADOS.txt
[ACTUALIZAR PAGOS · AUTO] 🧹 Excel MULTAS_SIGEMI_CRUCE eliminado (ya usado en el cruce): backend/descargas/cache_actas_cruce/MULTAS_SIGEMI_CRUCE.xlsx
[ACTUALIZAR PAGOS · AUTO] 🧹 Excel MULTAS_JUZGADO_CRUCE eliminado (ya usado en el cruce): backend/descargas/cache_actas_cruce/MULTAS_JUZGADO_CRUCE.xlsx
[ACTUALIZAR PAGOS · AUTO] ✅ CompararActasPaso finalizado. (⏱ 53.7s)
[ACTUALIZAR PAGOS · AUTO] ✓ [CompararActasPaso] Completado.
[ACTUALIZAR PAGOS · AUTO] ▶ [CargarPagosPaso] Iniciando...
[ACTUALIZAR PAGOS · AUTO] ==================================================
[ACTUALIZAR PAGOS · AUTO] 🚀 PASO: CargarPagosPaso
[ACTUALIZAR PAGOS · AUTO] ==================================================
[ACTUALIZAR PAGOS · AUTO] 📤 Subiendo TXT de pagos al SEMyT...
[ACTUALIZAR PAGOS · AUTO] ✅ Importación de pagos completada con éxito.
[ACTUALIZAR PAGOS · AUTO] ✅ Archivo TXT de pagos cargado en el SEMyT correctamente.
[ACTUALIZAR PAGOS · AUTO] ✅ CargarPagosPaso finalizado. (⏱ 3.2s)
[ACTUALIZAR PAGOS · AUTO] ✓ [CargarPagosPaso] Completado.
[ACTUALIZAR PAGOS · AUTO] === Ejecución finalizada con éxito ===
🤖 [Automático] Es hora de actualizar pagos. Arrancando...
[ACTUALIZAR PAGOS · AUTO] === Inicio de ejecución: pagos ===
[ACTUALIZAR PAGOS · AUTO] ▶ [LoginSemytPaso] Iniciando...
[ACTUALIZAR PAGOS · AUTO] ==================================================
[ACTUALIZAR PAGOS · AUTO] 🚀 PASO: LoginSemytPaso
[ACTUALIZAR PAGOS · AUTO] ==================================================
[ACTUALIZAR PAGOS · AUTO] Abriendo SEMyT...
⏳ [Automático] Tocaba disparar 'pagos' pero ya hay una ejecución en curso (Actualizar pagos); esperando a que termine; se reintenta en breve sin perder el turno.
[ACTUALIZAR PAGOS · AUTO] ✅ [SEMyT] Sesión existente detectada. Login omitido.
[ACTUALIZAR PAGOS · AUTO] ✅ LoginSemytPaso finalizado. (⏱ 14.0s)
[ACTUALIZAR PAGOS · AUTO] ✓ [LoginSemytPaso] Completado.
[ACTUALIZAR PAGOS · AUTO] ▶ [LoginJuzgadoPaso] Iniciando...
[ACTUALIZAR PAGOS · AUTO] ==================================================
[ACTUALIZAR PAGOS · AUTO] 🚀 PASO: LoginJuzgadoPaso
[ACTUALIZAR PAGOS · AUTO] ==================================================
[ACTUALIZAR PAGOS · AUTO] Abriendo sitio municipalidad (CiDi)...
[ACTUALIZAR PAGOS · AUTO] ✅ [Juzgado] Sesión existente detectada. Login omitido.
[ACTUALIZAR PAGOS · AUTO] ✅ LoginJuzgadoPaso finalizado. (⏱ 1.2s)
[ACTUALIZAR PAGOS · AUTO] ✓ [LoginJuzgadoPaso] Completado.
[ACTUALIZAR PAGOS · AUTO] ▶ [DescargasParalelasPaso] Iniciando...
[ACTUALIZAR PAGOS · AUTO] ==================================================
[ACTUALIZAR PAGOS · AUTO] 🚀 PASO: DescargasParalelasPaso
[ACTUALIZAR PAGOS · AUTO] ==================================================
[ACTUALIZAR PAGOS · AUTO] 📤 Arrancando las 3 descargas en paralelo (mismo browser, páginas separadas)...
[ACTUALIZAR PAGOS · AUTO] Fecha Desde: 27/06/2024
[ACTUALIZAR PAGOS · AUTO] Fecha Hasta: 24/11/2025
[ACTUALIZAR PAGOS · AUTO] Fecha Desde: 25/11/2025
[ACTUALIZAR PAGOS · AUTO] Fecha Hasta: 23/07/2026
[ACTUALIZAR PAGOS · AUTO] Descargando Excel...
[ACTUALIZAR PAGOS · AUTO] Descargando Excel...
[ACTUALIZAR PAGOS · AUTO] Archivo descargado en: backend/descargas/cache_actas_cruce/MULTAS_JUZGADO_CRUCE.xlsx
[ACTUALIZAR PAGOS · AUTO] ⏱ [actas_juzgado] completado en 27.5s
[ACTUALIZAR PAGOS · AUTO] ✅ TXT de pagos descargado en: backend/descargas/pagos/2026-07-23/PAGOS DESCARGADOS.txt
[ACTUALIZAR PAGOS · AUTO] ⏱ [pagos_txt] completado en 27.6s
[ACTUALIZAR PAGOS · AUTO] Archivo descargado en: backend/descargas/cache_actas_cruce/MULTAS_SIGEMI_CRUCE.xlsx
[ACTUALIZAR PAGOS · AUTO] ⏱ [actas_sigemi] completado en 53.9s
[ACTUALIZAR PAGOS · AUTO] ⏱ TOTAL descargas en paralelo: 53.9s
[ACTUALIZAR PAGOS · AUTO] ✅ DescargasParalelasPaso finalizado. (⏱ 55.5s)
[ACTUALIZAR PAGOS · AUTO] ✓ [DescargasParalelasPaso] Completado.
[ACTUALIZAR PAGOS · AUTO] ▶ [CompararActasPaso] Iniciando...
[ACTUALIZAR PAGOS · AUTO] ==================================================
[ACTUALIZAR PAGOS · AUTO] 🚀 PASO: CompararActasPaso
[ACTUALIZAR PAGOS · AUTO] ==================================================
[ACTUALIZAR PAGOS · AUTO] 🔍 Comparando actas del SEMyT contra pagos del Juzgado...
[ACTUALIZAR PAGOS · AUTO] ================================================================================
[ACTUALIZAR PAGOS · AUTO] INICIANDO PROCESO DE GENERACIÓN DE PAGOS DESACTUALIZADOS
[ACTUALIZAR PAGOS · AUTO] ================================================================================
[ACTUALIZAR PAGOS · AUTO] 📂 Cargando archivos...
[ACTUALIZAR PAGOS · AUTO]   ✓ Pagos: 16456 registros
[ACTUALIZAR PAGOS · AUTO]   ✓ Excel SIGEMI (multas vencidas viejas): 103722 registros
[ACTUALIZAR PAGOS · AUTO]   ✓ Excel Juzgado (multas vencidas nuevas): 40407 registros
[ACTUALIZAR PAGOS · AUTO] ================================================================================
[ACTUALIZAR PAGOS · AUTO] PASO 1: LLENANDO ACTA_NUMERO (búsqueda por patente + fecha, con desempate por hora)
[ACTUALIZAR PAGOS · AUTO] ================================================================================
[ACTUALIZAR PAGOS · AUTO] 📊 ESTADÍSTICAS DE LLENADO DE ACTAS:
[ACTUALIZAR PAGOS · AUTO]   • Pagos con acta ORIGINAL: 2603
[ACTUALIZAR PAGOS · AUTO]   • Pagos SIN acta (buscados): 13853
[ACTUALIZAR PAGOS · AUTO]   • Pagos LLENADOS exitosamente: 3
[ACTUALIZAR PAGOS · AUTO]   • Pagos NO encontrados en multas: 13850
[ACTUALIZAR PAGOS · AUTO]   • Pagos SIN RESOLVER por desbalance de cantidades: 0
[ACTUALIZAR PAGOS · AUTO] ================================================================================
[ACTUALIZAR PAGOS · AUTO] PASO 1: LLENANDO ACTA_NUMERO (búsqueda por patente + fecha, con desempate por hora)
[ACTUALIZAR PAGOS · AUTO] ================================================================================
[ACTUALIZAR PAGOS · AUTO] 📊 ESTADÍSTICAS DE LLENADO DE ACTAS:
[ACTUALIZAR PAGOS · AUTO]   • Pagos con acta ORIGINAL: 2606
[ACTUALIZAR PAGOS · AUTO]   • Pagos SIN acta (buscados): 13850
[ACTUALIZAR PAGOS · AUTO]   • Pagos LLENADOS exitosamente: 0
[ACTUALIZAR PAGOS · AUTO]   • Pagos NO encontrados en multas: 13850
[ACTUALIZAR PAGOS · AUTO]   • Pagos SIN RESOLVER por desbalance de cantidades: 0
[ACTUALIZAR PAGOS · AUTO] ⏱ PASO 1 (llenar actas): 18.4s
[ACTUALIZAR PAGOS · AUTO] ================================================================================
[ACTUALIZAR PAGOS · AUTO] PASO 2: FILTRANDO PAGOS CON ACTA_NUMERO COMPLETO
[ACTUALIZAR PAGOS · AUTO] ================================================================================
[ACTUALIZAR PAGOS · AUTO] 📊 ESTADÍSTICAS DE FILTRADO:
[ACTUALIZAR PAGOS · AUTO]   • Pagos TOTALES al inicio: 16456
[ACTUALIZAR PAGOS · AUTO]   • Pagos CON acta (MANTIENEN): 2606
[ACTUALIZAR PAGOS · AUTO]   • Pagos RECHAZADOS (sin coincidencias): 13850
[ACTUALIZAR PAGOS · AUTO] ⚠️  Se eliminaron 13850 registros sin número de acta
[ACTUALIZAR PAGOS · AUTO]      (recordá: esto incluye tanto pagos ya actualizados/pagados
[ACTUALIZAR PAGOS · AUTO]       como pagos que quedaron sin resolver por desbalance en el Paso 1)
[ACTUALIZAR PAGOS · AUTO] ================================================================================
[ACTUALIZAR PAGOS · AUTO] PASO 2-bis: CONFIRMANDO VIGENCIA DE PAGOS DEL SISTEMA NUEVO (contra MULTAS_JUZGADO_CRUCE)
[ACTUALIZAR PAGOS · AUTO] ================================================================================
[ACTUALIZAR PAGOS · AUTO]   ⚠ 2591 pago(s) del sistema nuevo descartados: su acta ya no figura como vencida en MULTAS_JUZGADO_CRUCE (SEMyT ya los actualizó).
[ACTUALIZAR PAGOS · AUTO]   • Pagos del sistema nuevo descartados por ya estar actualizados: 2591
[ACTUALIZAR PAGOS · AUTO] ⏱ PASO 2 (filtrar): 1.2s
[ACTUALIZAR PAGOS · AUTO] 📂 Cargando maestro de causas SIGEMI...
[ACTUALIZAR PAGOS · AUTO]   ✓ Causas totales (maestro): 134069 registros
[ACTUALIZAR PAGOS · AUTO] ⏱ PASO 2.5 (causas simplificado): 0.2s
[ACTUALIZAR PAGOS · AUTO] ================================================================================
[ACTUALIZAR PAGOS · AUTO] PASO 2.5: ARMANDO causas.txt SIMPLIFICADO (cruce contra total_causas_sigemi.txt)
[ACTUALIZAR PAGOS · AUTO] ================================================================================
[ACTUALIZAR PAGOS · AUTO]   • Actas vencidas viejas (multas): 103722
[ACTUALIZAR PAGOS · AUTO]   • Causas totales en el maestro SIGEMI: 134069
[ACTUALIZAR PAGOS · AUTO]   • Causas que coinciden (simplificado): 103392
[ACTUALIZAR PAGOS · AUTO]   ✅ Archivo escrito: backend/descargas/causas/causas.txt
[ACTUALIZAR PAGOS · AUTO] ⏱ PASO 2.5 (causas simplificado): 2.6s
[ACTUALIZAR PAGOS · AUTO] ================================================================================
[ACTUALIZAR PAGOS · AUTO] PASO 3: LLENANDO CAUSA_NUMERO (según fecha de cambio de sistema, cruzando por acta + año)
[ACTUALIZAR PAGOS · AUTO] ================================================================================
[ACTUALIZAR PAGOS · AUTO] 📊 ESTADÍSTICAS DE LLENADO DE CAUSAS:
[ACTUALIZAR PAGOS · AUTO]   • Pagos con causa ORIGINAL: 12
[ACTUALIZAR PAGOS · AUTO]   • Causas encontradas en SIGEMI (actas viejas): 3
[ACTUALIZAR PAGOS · AUTO]   • Causas NO encontradas en SIGEMI: 0
[ACTUALIZAR PAGOS · AUTO]   • Causas asignadas automáticamente (actas nuevas): 0
[ACTUALIZAR PAGOS · AUTO] ⏱ PASO 3 (llenar causas): 0.0s
[ACTUALIZAR PAGOS · AUTO] ================================================================================
[ACTUALIZAR PAGOS · AUTO] PASO 4: ORDENANDO POR FECHA Y ACTA_NUMERO
[ACTUALIZAR PAGOS · AUTO] ================================================================================
[ACTUALIZAR PAGOS · AUTO] ✓ Pagos ordenados correctamente
[ACTUALIZAR PAGOS · AUTO]   • Primera entrada: Acta=76386, Fecha=14/11/2024
[ACTUALIZAR PAGOS · AUTO]   • Última entrada: Acta=301233, Fecha=23/04/2026
[ACTUALIZAR PAGOS · AUTO] 📝 Escribiendo archivo de salida...
[ACTUALIZAR PAGOS · AUTO]   ✅ Archivo escrito: backend/descargas/pagos/2026-07-23/PAGOS 20260723 090448.txt
[ACTUALIZAR PAGOS · AUTO]   ✅ Total registros: 1716
[ACTUALIZAR PAGOS · AUTO] ⏱ PASO 4 (ordenar y escribir): 0.0s
[ACTUALIZAR PAGOS · AUTO] ================================================================================
[ACTUALIZAR PAGOS · AUTO] ✅ PROCESO COMPLETADO EXITOSAMENTE
[ACTUALIZAR PAGOS · AUTO] ================================================================================
[ACTUALIZAR PAGOS · AUTO] 📊 RESUMEN FINAL DEL PROCESAMIENTO:
[ACTUALIZAR PAGOS · AUTO]   ENTRADA:
[ACTUALIZAR PAGOS · AUTO]     • Pagos originales: 16456
[ACTUALIZAR PAGOS · AUTO]     • Multas SIGEMI cargadas: 103722
[ACTUALIZAR PAGOS · AUTO]     • Multas Juzgado cargadas: 40407
[ACTUALIZAR PAGOS · AUTO]     • Causas simplificadas (usadas para el cruce): 103392
[ACTUALIZAR PAGOS · AUTO]   PROCESO:
[ACTUALIZAR PAGOS · AUTO]     • Pagos rechazados sigemi: 13850
[ACTUALIZAR PAGOS · AUTO]     • Pagos rechazados juzgado: 2591
[ACTUALIZAR PAGOS · AUTO]   SALIDA:
[ACTUALIZAR PAGOS · AUTO]     • Pagos desactualizados procesados: 15
[ACTUALIZAR PAGOS · AUTO]     • Archivo final: backend/descargas/pagos/2026-07-23/PAGOS 20260723 090448.txt
[ACTUALIZAR PAGOS · AUTO]     • Ordenados por fecha: SÍ ✓
[ACTUALIZAR PAGOS · AUTO]     • Todos con ACTA_NUMERO: SÍ ✓
[ACTUALIZAR PAGOS · AUTO]     • Todos con CAUSA_NUMERO: SÍ ✓
[ACTUALIZAR PAGOS · AUTO] ✅ TXT de pagos (ya cruzado con actas y causas) generado en: backend/descargas/pagos/2026-07-23/PAGOS 20260723 090448.txt
[ACTUALIZAR PAGOS · AUTO] 🧹 TXT de pagos crudo eliminado (ya usado en el cruce): backend/descargas/pagos/2026-07-23/PAGOS DESCARGADOS.txt
[ACTUALIZAR PAGOS · AUTO] 🧹 Excel MULTAS_SIGEMI_CRUCE eliminado (ya usado en el cruce): backend/descargas/cache_actas_cruce/MULTAS_SIGEMI_CRUCE.xlsx
[ACTUALIZAR PAGOS · AUTO] 🧹 Excel MULTAS_JUZGADO_CRUCE eliminado (ya usado en el cruce): backend/descargas/cache_actas_cruce/MULTAS_JUZGADO_CRUCE.xlsx
[ACTUALIZAR PAGOS · AUTO] ✅ CompararActasPaso finalizado. (⏱ 50.6s)
[ACTUALIZAR PAGOS · AUTO] ✓ [CompararActasPaso] Completado.
[ACTUALIZAR PAGOS · AUTO] ▶ [CargarPagosPaso] Iniciando...
[ACTUALIZAR PAGOS · AUTO] ==================================================
[ACTUALIZAR PAGOS · AUTO] 🚀 PASO: CargarPagosPaso
[ACTUALIZAR PAGOS · AUTO] ==================================================
[ACTUALIZAR PAGOS · AUTO] 📤 Subiendo TXT de pagos al SEMyT...
[ACTUALIZAR PAGOS · AUTO] ✅ Importación de pagos completada con éxito.
[ACTUALIZAR PAGOS · AUTO] ✅ Archivo TXT de pagos cargado en el SEMyT correctamente.
[ACTUALIZAR PAGOS · AUTO] ✅ CargarPagosPaso finalizado. (⏱ 3.9s)
[ACTUALIZAR PAGOS · AUTO] ✓ [CargarPagosPaso] Completado.
[ACTUALIZAR PAGOS · AUTO] === Ejecución finalizada con éxito ===
🤖 [Automático] Es hora de actualizar pagos. Arrancando...
[ACTUALIZAR PAGOS · AUTO] === Inicio de ejecución: pagos ===
[ACTUALIZAR PAGOS · AUTO] ▶ [LoginSemytPaso] Iniciando...
[ACTUALIZAR PAGOS · AUTO] ==================================================
[ACTUALIZAR PAGOS · AUTO] 🚀 PASO: LoginSemytPaso
[ACTUALIZAR PAGOS · AUTO] ==================================================
[ACTUALIZAR PAGOS · AUTO] Abriendo SEMyT...
⏳ [Automático] Tocaba disparar 'pagos' pero ya hay una ejecución en curso (Actualizar pagos); esperando a que termine; se reintenta en breve sin perder el turno.
[ACTUALIZAR PAGOS · AUTO] ✅ [SEMyT] Sesión existente detectada. Login omitido.
[ACTUALIZAR PAGOS · AUTO] ✅ LoginSemytPaso finalizado. (⏱ 35.4s)
[ACTUALIZAR PAGOS · AUTO] ✓ [LoginSemytPaso] Completado.
[ACTUALIZAR PAGOS · AUTO] ▶ [LoginJuzgadoPaso] Iniciando...
[ACTUALIZAR PAGOS · AUTO] ==================================================
[ACTUALIZAR PAGOS · AUTO] 🚀 PASO: LoginJuzgadoPaso
[ACTUALIZAR PAGOS · AUTO] ==================================================
[ACTUALIZAR PAGOS · AUTO] Abriendo sitio municipalidad (CiDi)...
[ACTUALIZAR PAGOS · AUTO] ✅ [Juzgado] Sesión existente detectada. Login omitido.
[ACTUALIZAR PAGOS · AUTO] ✅ LoginJuzgadoPaso finalizado. (⏱ 1.4s)
[ACTUALIZAR PAGOS · AUTO] ✓ [LoginJuzgadoPaso] Completado.
[ACTUALIZAR PAGOS · AUTO] ▶ [DescargasParalelasPaso] Iniciando...
[ACTUALIZAR PAGOS · AUTO] ==================================================
[ACTUALIZAR PAGOS · AUTO] 🚀 PASO: DescargasParalelasPaso
[ACTUALIZAR PAGOS · AUTO] ==================================================
[ACTUALIZAR PAGOS · AUTO] 📤 Arrancando las 3 descargas en paralelo (mismo browser, páginas separadas)...
[ACTUALIZAR PAGOS · AUTO] Fecha Desde: 27/06/2024
[ACTUALIZAR PAGOS · AUTO] Fecha Hasta: 24/11/2025
[ACTUALIZAR PAGOS · AUTO] Fecha Desde: 25/11/2025
[ACTUALIZAR PAGOS · AUTO] Fecha Hasta: 23/07/2026
[ACTUALIZAR PAGOS · AUTO] Descargando Excel...
[ACTUALIZAR PAGOS · AUTO] Descargando Excel...
[ACTUALIZAR PAGOS · AUTO] Archivo descargado en: backend/descargas/cache_actas_cruce/MULTAS_JUZGADO_CRUCE.xlsx
[ACTUALIZAR PAGOS · AUTO] ⏱ [actas_juzgado] completado en 28.4s
[ACTUALIZAR PAGOS · AUTO] ✅ TXT de pagos descargado en: backend/descargas/pagos/2026-07-23/PAGOS DESCARGADOS.txt
[ACTUALIZAR PAGOS · AUTO] ⏱ [pagos_txt] completado en 28.6s
[ACTUALIZAR PAGOS · AUTO] Archivo descargado en: backend/descargas/cache_actas_cruce/MULTAS_SIGEMI_CRUCE.xlsx
[ACTUALIZAR PAGOS · AUTO] ⏱ [actas_sigemi] completado en 71.9s
[ACTUALIZAR PAGOS · AUTO] ⏱ TOTAL descargas en paralelo: 72.0s
[ACTUALIZAR PAGOS · AUTO] ✅ DescargasParalelasPaso finalizado. (⏱ 73.4s)
[ACTUALIZAR PAGOS · AUTO] ✓ [DescargasParalelasPaso] Completado.
[ACTUALIZAR PAGOS · AUTO] ▶ [CompararActasPaso] Iniciando...
[ACTUALIZAR PAGOS · AUTO] ==================================================
[ACTUALIZAR PAGOS · AUTO] 🚀 PASO: CompararActasPaso
[ACTUALIZAR PAGOS · AUTO] ==================================================
[ACTUALIZAR PAGOS · AUTO] 🔍 Comparando actas del SEMyT contra pagos del Juzgado...
[ACTUALIZAR PAGOS · AUTO] ================================================================================
[ACTUALIZAR PAGOS · AUTO] INICIANDO PROCESO DE GENERACIÓN DE PAGOS DESACTUALIZADOS
[ACTUALIZAR PAGOS · AUTO] ================================================================================
[ACTUALIZAR PAGOS · AUTO] 📂 Cargando archivos...
[ACTUALIZAR PAGOS · AUTO]   ✓ Pagos: 16471 registros
[ACTUALIZAR PAGOS · AUTO]   ✓ Excel SIGEMI (multas vencidas viejas): 103719 registros
[ACTUALIZAR PAGOS · AUTO]   ✓ Excel Juzgado (multas vencidas nuevas): 40395 registros
[ACTUALIZAR PAGOS · AUTO] ================================================================================
[ACTUALIZAR PAGOS · AUTO] PASO 1: LLENANDO ACTA_NUMERO (búsqueda por patente + fecha, con desempate por hora)
[ACTUALIZAR PAGOS · AUTO] ================================================================================
[ACTUALIZAR PAGOS · AUTO] 📊 ESTADÍSTICAS DE LLENADO DE ACTAS:
[ACTUALIZAR PAGOS · AUTO]   • Pagos con acta ORIGINAL: 2617
[ACTUALIZAR PAGOS · AUTO]   • Pagos SIN acta (buscados): 13854
[ACTUALIZAR PAGOS · AUTO]   • Pagos LLENADOS exitosamente: 1
[ACTUALIZAR PAGOS · AUTO]   • Pagos NO encontrados en multas: 13853
[ACTUALIZAR PAGOS · AUTO]   • Pagos SIN RESOLVER por desbalance de cantidades: 0
[ACTUALIZAR PAGOS · AUTO] ================================================================================
[ACTUALIZAR PAGOS · AUTO] PASO 1: LLENANDO ACTA_NUMERO (búsqueda por patente + fecha, con desempate por hora)
[ACTUALIZAR PAGOS · AUTO] ================================================================================
[ACTUALIZAR PAGOS · AUTO] 📊 ESTADÍSTICAS DE LLENADO DE ACTAS:
[ACTUALIZAR PAGOS · AUTO]   • Pagos con acta ORIGINAL: 2618
[ACTUALIZAR PAGOS · AUTO]   • Pagos SIN acta (buscados): 13853
[ACTUALIZAR PAGOS · AUTO]   • Pagos LLENADOS exitosamente: 0
[ACTUALIZAR PAGOS · AUTO]   • Pagos NO encontrados en multas: 13853
[ACTUALIZAR PAGOS · AUTO]   • Pagos SIN RESOLVER por desbalance de cantidades: 0
[ACTUALIZAR PAGOS · AUTO] ⏱ PASO 1 (llenar actas): 19.8s
[ACTUALIZAR PAGOS · AUTO] ================================================================================
[ACTUALIZAR PAGOS · AUTO] PASO 2: FILTRANDO PAGOS CON ACTA_NUMERO COMPLETO
[ACTUALIZAR PAGOS · AUTO] ================================================================================
[ACTUALIZAR PAGOS · AUTO] 📊 ESTADÍSTICAS DE FILTRADO:
[ACTUALIZAR PAGOS · AUTO]   • Pagos TOTALES al inicio: 16471
[ACTUALIZAR PAGOS · AUTO]   • Pagos CON acta (MANTIENEN): 2618
[ACTUALIZAR PAGOS · AUTO]   • Pagos RECHAZADOS (sin coincidencias): 13853
[ACTUALIZAR PAGOS · AUTO] ⚠️  Se eliminaron 13853 registros sin número de acta
[ACTUALIZAR PAGOS · AUTO]      (recordá: esto incluye tanto pagos ya actualizados/pagados
[ACTUALIZAR PAGOS · AUTO]       como pagos que quedaron sin resolver por desbalance en el Paso 1)
[ACTUALIZAR PAGOS · AUTO] ================================================================================
[ACTUALIZAR PAGOS · AUTO] PASO 2-bis: CONFIRMANDO VIGENCIA DE PAGOS DEL SISTEMA NUEVO (contra MULTAS_JUZGADO_CRUCE)
[ACTUALIZAR PAGOS · AUTO] ================================================================================
[ACTUALIZAR PAGOS · AUTO]   ⚠ 2603 pago(s) del sistema nuevo descartados: su acta ya no figura como vencida en MULTAS_JUZGADO_CRUCE (SEMyT ya los actualizó).
[ACTUALIZAR PAGOS · AUTO]   • Pagos del sistema nuevo descartados por ya estar actualizados: 2603
[ACTUALIZAR PAGOS · AUTO] ⏱ PASO 2 (filtrar): 1.3s
[ACTUALIZAR PAGOS · AUTO] 📂 Cargando maestro de causas SIGEMI...
[ACTUALIZAR PAGOS · AUTO]   ✓ Causas totales (maestro): 134069 registros
[ACTUALIZAR PAGOS · AUTO] ⏱ PASO 2.5 (causas simplificado): 0.2s
[ACTUALIZAR PAGOS · AUTO] ================================================================================
[ACTUALIZAR PAGOS · AUTO] PASO 2.5: ARMANDO causas.txt SIMPLIFICADO (cruce contra total_causas_sigemi.txt)
[ACTUALIZAR PAGOS · AUTO] ================================================================================
[ACTUALIZAR PAGOS · AUTO]   • Actas vencidas viejas (multas): 103719
[ACTUALIZAR PAGOS · AUTO]   • Causas totales en el maestro SIGEMI: 134069
[ACTUALIZAR PAGOS · AUTO]   • Causas que coinciden (simplificado): 103389
[ACTUALIZAR PAGOS · AUTO]   ✅ Archivo escrito: backend/descargas/causas/causas.txt
[ACTUALIZAR PAGOS · AUTO] ⏱ PASO 2.5 (causas simplificado): 3.0s
[ACTUALIZAR PAGOS · AUTO] ================================================================================
[ACTUALIZAR PAGOS · AUTO] PASO 3: LLENANDO CAUSA_NUMERO (según fecha de cambio de sistema, cruzando por acta + año)
[ACTUALIZAR PAGOS · AUTO] ================================================================================
[ACTUALIZAR PAGOS · AUTO] 📊 ESTADÍSTICAS DE LLENADO DE CAUSAS:
[ACTUALIZAR PAGOS · AUTO]   • Pagos con causa ORIGINAL: 14
[ACTUALIZAR PAGOS · AUTO]   • Causas encontradas en SIGEMI (actas viejas): 1
[ACTUALIZAR PAGOS · AUTO]   • Causas NO encontradas en SIGEMI: 0
[ACTUALIZAR PAGOS · AUTO]   • Causas asignadas automáticamente (actas nuevas): 0
[ACTUALIZAR PAGOS · AUTO] ⏱ PASO 3 (llenar causas): 0.0s
[ACTUALIZAR PAGOS · AUTO] ================================================================================
[ACTUALIZAR PAGOS · AUTO] PASO 4: ORDENANDO POR FECHA Y ACTA_NUMERO
[ACTUALIZAR PAGOS · AUTO] ================================================================================
[ACTUALIZAR PAGOS · AUTO] ✓ Pagos ordenados correctamente
[ACTUALIZAR PAGOS · AUTO]   • Primera entrada: Acta=215679, Fecha=06/10/2025
[ACTUALIZAR PAGOS · AUTO]   • Última entrada: Acta=315100, Fecha=18/05/2026
[ACTUALIZAR PAGOS · AUTO] 📝 Escribiendo archivo de salida...
[ACTUALIZAR PAGOS · AUTO]   ✅ Archivo escrito: backend/descargas/pagos/2026-07-23/PAGOS 20260723 091750.txt
[ACTUALIZAR PAGOS · AUTO]   ✅ Total registros: 1743
[ACTUALIZAR PAGOS · AUTO] ⏱ PASO 4 (ordenar y escribir): 0.0s
[ACTUALIZAR PAGOS · AUTO] ================================================================================
[ACTUALIZAR PAGOS · AUTO] ✅ PROCESO COMPLETADO EXITOSAMENTE
[ACTUALIZAR PAGOS · AUTO] ================================================================================
[ACTUALIZAR PAGOS · AUTO] 📊 RESUMEN FINAL DEL PROCESAMIENTO:
[ACTUALIZAR PAGOS · AUTO]   ENTRADA:
[ACTUALIZAR PAGOS · AUTO]     • Pagos originales: 16471
[ACTUALIZAR PAGOS · AUTO]     • Multas SIGEMI cargadas: 103719
[ACTUALIZAR PAGOS · AUTO]     • Multas Juzgado cargadas: 40395
[ACTUALIZAR PAGOS · AUTO]     • Causas simplificadas (usadas para el cruce): 103389
[ACTUALIZAR PAGOS · AUTO]   PROCESO:
[ACTUALIZAR PAGOS · AUTO]     • Pagos rechazados sigemi: 13853
[ACTUALIZAR PAGOS · AUTO]     • Pagos rechazados juzgado: 2603
[ACTUALIZAR PAGOS · AUTO]   SALIDA:
[ACTUALIZAR PAGOS · AUTO]     • Pagos desactualizados procesados: 15
[ACTUALIZAR PAGOS · AUTO]     • Archivo final: backend/descargas/pagos/2026-07-23/PAGOS 20260723 091750.txt
[ACTUALIZAR PAGOS · AUTO]     • Ordenados por fecha: SÍ ✓
[ACTUALIZAR PAGOS · AUTO]     • Todos con ACTA_NUMERO: SÍ ✓
[ACTUALIZAR PAGOS · AUTO]     • Todos con CAUSA_NUMERO: SÍ ✓
[ACTUALIZAR PAGOS · AUTO] ✅ TXT de pagos (ya cruzado con actas y causas) generado en: backend/descargas/pagos/2026-07-23/PAGOS 20260723 091750.txt
[ACTUALIZAR PAGOS · AUTO] 🧹 TXT de pagos crudo eliminado (ya usado en el cruce): backend/descargas/pagos/2026-07-23/PAGOS DESCARGADOS.txt
[ACTUALIZAR PAGOS · AUTO] 🧹 Excel MULTAS_SIGEMI_CRUCE eliminado (ya usado en el cruce): backend/descargas/cache_actas_cruce/MULTAS_SIGEMI_CRUCE.xlsx
[ACTUALIZAR PAGOS · AUTO] 🧹 Excel MULTAS_JUZGADO_CRUCE eliminado (ya usado en el cruce): backend/descargas/cache_actas_cruce/MULTAS_JUZGADO_CRUCE.xlsx
[ACTUALIZAR PAGOS · AUTO] ✅ CompararActasPaso finalizado. (⏱ 55.5s)
[ACTUALIZAR PAGOS · AUTO] ✓ [CompararActasPaso] Completado.
[ACTUALIZAR PAGOS · AUTO] ▶ [CargarPagosPaso] Iniciando...
[ACTUALIZAR PAGOS · AUTO] ==================================================
[ACTUALIZAR PAGOS · AUTO] 🚀 PASO: CargarPagosPaso
[ACTUALIZAR PAGOS · AUTO] ==================================================
[ACTUALIZAR PAGOS · AUTO] 📤 Subiendo TXT de pagos al SEMyT...
[ACTUALIZAR PAGOS · AUTO] ✅ Importación de pagos completada con éxito.
[ACTUALIZAR PAGOS · AUTO] ✅ Archivo TXT de pagos cargado en el SEMyT correctamente.
[ACTUALIZAR PAGOS · AUTO] ✅ CargarPagosPaso finalizado. (⏱ 3.9s)
[ACTUALIZAR PAGOS · AUTO] ✓ [CargarPagosPaso] Completado.
[ACTUALIZAR PAGOS · AUTO] === Ejecución finalizada con éxito ===
🤖 [Automático] Es hora de actualizar pagos. Arrancando...
[ACTUALIZAR PAGOS · AUTO] === Inicio de ejecución: pagos ===
[ACTUALIZAR PAGOS · AUTO] ▶ [LoginSemytPaso] Iniciando...
[ACTUALIZAR PAGOS · AUTO] ==================================================
[ACTUALIZAR PAGOS · AUTO] 🚀 PASO: LoginSemytPaso
[ACTUALIZAR PAGOS · AUTO] ==================================================
[ACTUALIZAR PAGOS · AUTO] Abriendo SEMyT...
[ACTUALIZAR PAGOS · AUTO] ✅ [SEMyT] Sesión existente detectada. Login omitido.
[ACTUALIZAR PAGOS · AUTO] ✅ LoginSemytPaso finalizado. (⏱ 9.8s)
[ACTUALIZAR PAGOS · AUTO] ✓ [LoginSemytPaso] Completado.
[ACTUALIZAR PAGOS · AUTO] ▶ [LoginJuzgadoPaso] Iniciando...
[ACTUALIZAR PAGOS · AUTO] ==================================================
[ACTUALIZAR PAGOS · AUTO] 🚀 PASO: LoginJuzgadoPaso
[ACTUALIZAR PAGOS · AUTO] ==================================================
[ACTUALIZAR PAGOS · AUTO] Abriendo sitio municipalidad (CiDi)...
[ACTUALIZAR PAGOS · AUTO] ✅ [Juzgado] Sesión existente detectada. Login omitido.
[ACTUALIZAR PAGOS · AUTO] ✅ LoginJuzgadoPaso finalizado. (⏱ 1.6s)
[ACTUALIZAR PAGOS · AUTO] ✓ [LoginJuzgadoPaso] Completado.
[ACTUALIZAR PAGOS · AUTO] ▶ [DescargasParalelasPaso] Iniciando...
[ACTUALIZAR PAGOS · AUTO] ==================================================
[ACTUALIZAR PAGOS · AUTO] 🚀 PASO: DescargasParalelasPaso
[ACTUALIZAR PAGOS · AUTO] ==================================================
⏳ [Automático] Tocaba disparar 'pagos' pero ya hay una ejecución en curso (Actualizar pagos); esperando a que termine; se reintenta en breve sin perder el turno.
[ACTUALIZAR PAGOS · AUTO] 📤 Arrancando las 3 descargas en paralelo (mismo browser, páginas separadas)...
[ACTUALIZAR PAGOS · AUTO] Fecha Desde: 27/06/2024
[ACTUALIZAR PAGOS · AUTO] Fecha Hasta: 24/11/2025
[ACTUALIZAR PAGOS · AUTO] Fecha Desde: 25/11/2025
[ACTUALIZAR PAGOS · AUTO] Fecha Hasta: 23/07/2026
[ACTUALIZAR PAGOS · AUTO] Descargando Excel...
[ACTUALIZAR PAGOS · AUTO] Descargando Excel...
[ACTUALIZAR PAGOS · AUTO] Archivo descargado en: backend/descargas/cache_actas_cruce/MULTAS_JUZGADO_CRUCE.xlsx
[ACTUALIZAR PAGOS · AUTO] ⏱ [actas_juzgado] completado en 29.7s
[ACTUALIZAR PAGOS · AUTO] ✅ TXT de pagos descargado en: backend/descargas/pagos/2026-07-23/PAGOS DESCARGADOS.txt
[ACTUALIZAR PAGOS · AUTO] ⏱ [pagos_txt] completado en 29.8s
[ACTUALIZAR PAGOS · AUTO] Archivo descargado en: backend/descargas/cache_actas_cruce/MULTAS_SIGEMI_CRUCE.xlsx
[ACTUALIZAR PAGOS · AUTO] ⏱ [actas_sigemi] completado en 59.8s
[ACTUALIZAR PAGOS · AUTO] ⏱ TOTAL descargas en paralelo: 59.8s
[ACTUALIZAR PAGOS · AUTO] ✅ DescargasParalelasPaso finalizado. (⏱ 61.3s)
[ACTUALIZAR PAGOS · AUTO] ✓ [DescargasParalelasPaso] Completado.
[ACTUALIZAR PAGOS · AUTO] ▶ [CompararActasPaso] Iniciando...
[ACTUALIZAR PAGOS · AUTO] ==================================================
[ACTUALIZAR PAGOS · AUTO] 🚀 PASO: CompararActasPaso
[ACTUALIZAR PAGOS · AUTO] ==================================================
[ACTUALIZAR PAGOS · AUTO] 🔍 Comparando actas del SEMyT contra pagos del Juzgado...
[ACTUALIZAR PAGOS · AUTO] ================================================================================
[ACTUALIZAR PAGOS · AUTO] INICIANDO PROCESO DE GENERACIÓN DE PAGOS DESACTUALIZADOS
[ACTUALIZAR PAGOS · AUTO] ================================================================================
[ACTUALIZAR PAGOS · AUTO] 📂 Cargando archivos...
[ACTUALIZAR PAGOS · AUTO]   ✓ Pagos: 16479 registros
[ACTUALIZAR PAGOS · AUTO]   ✓ Excel SIGEMI (multas vencidas viejas): 103718 registros
[ACTUALIZAR PAGOS · AUTO]   ✓ Excel Juzgado (multas vencidas nuevas): 40381 registros
[ACTUALIZAR PAGOS · AUTO] ================================================================================
[ACTUALIZAR PAGOS · AUTO] PASO 1: LLENANDO ACTA_NUMERO (búsqueda por patente + fecha, con desempate por hora)
[ACTUALIZAR PAGOS · AUTO] ================================================================================
[ACTUALIZAR PAGOS · AUTO] 📊 ESTADÍSTICAS DE LLENADO DE ACTAS:
[ACTUALIZAR PAGOS · AUTO]   • Pagos con acta ORIGINAL: 2620
[ACTUALIZAR PAGOS · AUTO]   • Pagos SIN acta (buscados): 13859
[ACTUALIZAR PAGOS · AUTO]   • Pagos LLENADOS exitosamente: 5
[ACTUALIZAR PAGOS · AUTO]   • Pagos NO encontrados en multas: 13854
[ACTUALIZAR PAGOS · AUTO]   • Pagos SIN RESOLVER por desbalance de cantidades: 0
[ACTUALIZAR PAGOS · AUTO] ================================================================================
[ACTUALIZAR PAGOS · AUTO] PASO 1: LLENANDO ACTA_NUMERO (búsqueda por patente + fecha, con desempate por hora)
[ACTUALIZAR PAGOS · AUTO] ================================================================================
[ACTUALIZAR PAGOS · AUTO] 📊 ESTADÍSTICAS DE LLENADO DE ACTAS:
[ACTUALIZAR PAGOS · AUTO]   • Pagos con acta ORIGINAL: 2625
[ACTUALIZAR PAGOS · AUTO]   • Pagos SIN acta (buscados): 13854
[ACTUALIZAR PAGOS · AUTO]   • Pagos LLENADOS exitosamente: 0
[ACTUALIZAR PAGOS · AUTO]   • Pagos NO encontrados en multas: 13854
[ACTUALIZAR PAGOS · AUTO]   • Pagos SIN RESOLVER por desbalance de cantidades: 0
[ACTUALIZAR PAGOS · AUTO] ⏱ PASO 1 (llenar actas): 19.8s
[ACTUALIZAR PAGOS · AUTO] ================================================================================
[ACTUALIZAR PAGOS · AUTO] PASO 2: FILTRANDO PAGOS CON ACTA_NUMERO COMPLETO
[ACTUALIZAR PAGOS · AUTO] ================================================================================
[ACTUALIZAR PAGOS · AUTO] 📊 ESTADÍSTICAS DE FILTRADO:
[ACTUALIZAR PAGOS · AUTO]   • Pagos TOTALES al inicio: 16479
[ACTUALIZAR PAGOS · AUTO]   • Pagos CON acta (MANTIENEN): 2625
[ACTUALIZAR PAGOS · AUTO]   • Pagos RECHAZADOS (sin coincidencias): 13854
[ACTUALIZAR PAGOS · AUTO] ⚠️  Se eliminaron 13854 registros sin número de acta
[ACTUALIZAR PAGOS · AUTO]      (recordá: esto incluye tanto pagos ya actualizados/pagados
[ACTUALIZAR PAGOS · AUTO]       como pagos que quedaron sin resolver por desbalance en el Paso 1)
[ACTUALIZAR PAGOS · AUTO] ================================================================================
[ACTUALIZAR PAGOS · AUTO] PASO 2-bis: CONFIRMANDO VIGENCIA DE PAGOS DEL SISTEMA NUEVO (contra MULTAS_JUZGADO_CRUCE)
[ACTUALIZAR PAGOS · AUTO] ================================================================================
[ACTUALIZAR PAGOS · AUTO]   ⚠ 2617 pago(s) del sistema nuevo descartados: su acta ya no figura como vencida en MULTAS_JUZGADO_CRUCE (SEMyT ya los actualizó).
[ACTUALIZAR PAGOS · AUTO]   • Pagos del sistema nuevo descartados por ya estar actualizados: 2617
[ACTUALIZAR PAGOS · AUTO] ⏱ PASO 2 (filtrar): 1.2s
[ACTUALIZAR PAGOS · AUTO] 📂 Cargando maestro de causas SIGEMI...
[ACTUALIZAR PAGOS · AUTO]   ✓ Causas totales (maestro): 134069 registros
[ACTUALIZAR PAGOS · AUTO] ⏱ PASO 2.5 (causas simplificado): 0.2s
[ACTUALIZAR PAGOS · AUTO] ================================================================================
[ACTUALIZAR PAGOS · AUTO] PASO 2.5: ARMANDO causas.txt SIMPLIFICADO (cruce contra total_causas_sigemi.txt)
[ACTUALIZAR PAGOS · AUTO] ================================================================================
[ACTUALIZAR PAGOS · AUTO]   • Actas vencidas viejas (multas): 103718
[ACTUALIZAR PAGOS · AUTO]   • Causas totales en el maestro SIGEMI: 134069
[ACTUALIZAR PAGOS · AUTO]   • Causas que coinciden (simplificado): 103388
[ACTUALIZAR PAGOS · AUTO]   ✅ Archivo escrito: backend/descargas/causas/causas.txt
[ACTUALIZAR PAGOS · AUTO] ⏱ PASO 2.5 (causas simplificado): 3.0s
[ACTUALIZAR PAGOS · AUTO] ================================================================================
[ACTUALIZAR PAGOS · AUTO] PASO 3: LLENANDO CAUSA_NUMERO (según fecha de cambio de sistema, cruzando por acta + año)
[ACTUALIZAR PAGOS · AUTO] ================================================================================
[ACTUALIZAR PAGOS · AUTO] 📊 ESTADÍSTICAS DE LLENADO DE CAUSAS:
[ACTUALIZAR PAGOS · AUTO]   • Pagos con causa ORIGINAL: 3
[ACTUALIZAR PAGOS · AUTO]   • Causas encontradas en SIGEMI (actas viejas): 5
[ACTUALIZAR PAGOS · AUTO]   • Causas NO encontradas en SIGEMI: 0
[ACTUALIZAR PAGOS · AUTO]   • Causas asignadas automáticamente (actas nuevas): 0
[ACTUALIZAR PAGOS · AUTO] ⏱ PASO 3 (llenar causas): 0.0s
[ACTUALIZAR PAGOS · AUTO] ================================================================================
[ACTUALIZAR PAGOS · AUTO] PASO 4: ORDENANDO POR FECHA Y ACTA_NUMERO
[ACTUALIZAR PAGOS · AUTO] ================================================================================
[ACTUALIZAR PAGOS · AUTO] ✓ Pagos ordenados correctamente
[ACTUALIZAR PAGOS · AUTO]   • Primera entrada: Acta=567, Fecha=27/06/2024
[ACTUALIZAR PAGOS · AUTO]   • Última entrada: Acta=271798, Fecha=25/02/2026
[ACTUALIZAR PAGOS · AUTO] 📝 Escribiendo archivo de salida...
[ACTUALIZAR PAGOS · AUTO]   ✅ Archivo escrito: backend/descargas/pagos/2026-07-23/PAGOS 20260723 093020.txt
[ACTUALIZAR PAGOS · AUTO]   ✅ Total registros: 1005
[ACTUALIZAR PAGOS · AUTO] ⏱ PASO 4 (ordenar y escribir): 0.0s
[ACTUALIZAR PAGOS · AUTO] ================================================================================
[ACTUALIZAR PAGOS · AUTO] ✅ PROCESO COMPLETADO EXITOSAMENTE
[ACTUALIZAR PAGOS · AUTO] ================================================================================
[ACTUALIZAR PAGOS · AUTO] 📊 RESUMEN FINAL DEL PROCESAMIENTO:
[ACTUALIZAR PAGOS · AUTO]   ENTRADA:
[ACTUALIZAR PAGOS · AUTO]     • Pagos originales: 16479
[ACTUALIZAR PAGOS · AUTO]     • Multas SIGEMI cargadas: 103718
[ACTUALIZAR PAGOS · AUTO]     • Multas Juzgado cargadas: 40381
[ACTUALIZAR PAGOS · AUTO]     • Causas simplificadas (usadas para el cruce): 103388
[ACTUALIZAR PAGOS · AUTO]   PROCESO:
[ACTUALIZAR PAGOS · AUTO]     • Pagos rechazados sigemi: 13854
[ACTUALIZAR PAGOS · AUTO]     • Pagos rechazados juzgado: 2617
[ACTUALIZAR PAGOS · AUTO]   SALIDA:
[ACTUALIZAR PAGOS · AUTO]     • Pagos desactualizados procesados: 8
[ACTUALIZAR PAGOS · AUTO]     • Archivo final: backend/descargas/pagos/2026-07-23/PAGOS 20260723 093020.txt
[ACTUALIZAR PAGOS · AUTO]     • Ordenados por fecha: SÍ ✓
[ACTUALIZAR PAGOS · AUTO]     • Todos con ACTA_NUMERO: SÍ ✓
[ACTUALIZAR PAGOS · AUTO]     • Todos con CAUSA_NUMERO: SÍ ✓
[ACTUALIZAR PAGOS · AUTO] ✅ TXT de pagos (ya cruzado con actas y causas) generado en: backend/descargas/pagos/2026-07-23/PAGOS 20260723 093020.txt
[ACTUALIZAR PAGOS · AUTO] 🧹 TXT de pagos crudo eliminado (ya usado en el cruce): backend/descargas/pagos/2026-07-23/PAGOS DESCARGADOS.txt
[ACTUALIZAR PAGOS · AUTO] 🧹 Excel MULTAS_SIGEMI_CRUCE eliminado (ya usado en el cruce): backend/descargas/cache_actas_cruce/MULTAS_SIGEMI_CRUCE.xlsx
[ACTUALIZAR PAGOS · AUTO] 🧹 Excel MULTAS_JUZGADO_CRUCE eliminado (ya usado en el cruce): backend/descargas/cache_actas_cruce/MULTAS_JUZGADO_CRUCE.xlsx
[ACTUALIZAR PAGOS · AUTO] ✅ CompararActasPaso finalizado. (⏱ 55.2s)
[ACTUALIZAR PAGOS · AUTO] ✓ [CompararActasPaso] Completado.
[ACTUALIZAR PAGOS · AUTO] ▶ [CargarPagosPaso] Iniciando...
[ACTUALIZAR PAGOS · AUTO] ==================================================
[ACTUALIZAR PAGOS · AUTO] 🚀 PASO: CargarPagosPaso
[ACTUALIZAR PAGOS · AUTO] ==================================================
[ACTUALIZAR PAGOS · AUTO] 📤 Subiendo TXT de pagos al SEMyT...
[ACTUALIZAR PAGOS · AUTO] ✅ Importación de pagos completada con éxito.
[ACTUALIZAR PAGOS · AUTO] ✅ Archivo TXT de pagos cargado en el SEMyT correctamente.
[ACTUALIZAR PAGOS · AUTO] ✅ CargarPagosPaso finalizado. (⏱ 3.9s)
[ACTUALIZAR PAGOS · AUTO] ✓ [CargarPagosPaso] Completado.
[ACTUALIZAR PAGOS · AUTO] === Ejecución finalizada con éxito ===
🤖 [Automático] Es hora de actualizar pagos. Arrancando...
[ACTUALIZAR PAGOS · AUTO] === Inicio de ejecución: pagos ===
[ACTUALIZAR PAGOS · AUTO] ▶ [LoginSemytPaso] Iniciando...
[ACTUALIZAR PAGOS · AUTO] ==================================================
[ACTUALIZAR PAGOS · AUTO] 🚀 PASO: LoginSemytPaso
[ACTUALIZAR PAGOS · AUTO] ==================================================
[ACTUALIZAR PAGOS · AUTO] Abriendo SEMyT...
[ACTUALIZAR PAGOS · AUTO] ✅ [SEMyT] Sesión existente detectada. Login omitido.
[ACTUALIZAR PAGOS · AUTO] ✅ LoginSemytPaso finalizado. (⏱ 11.0s)
[ACTUALIZAR PAGOS · AUTO] ✓ [LoginSemytPaso] Completado.
[ACTUALIZAR PAGOS · AUTO] ▶ [LoginJuzgadoPaso] Iniciando...
[ACTUALIZAR PAGOS · AUTO] ==================================================
[ACTUALIZAR PAGOS · AUTO] 🚀 PASO: LoginJuzgadoPaso
[ACTUALIZAR PAGOS · AUTO] ==================================================
[ACTUALIZAR PAGOS · AUTO] Abriendo sitio municipalidad (CiDi)...
[ACTUALIZAR PAGOS · AUTO] ✅ [Juzgado] Sesión existente detectada. Login omitido.
[ACTUALIZAR PAGOS · AUTO] ✅ LoginJuzgadoPaso finalizado. (⏱ 1.4s)
[ACTUALIZAR PAGOS · AUTO] ✓ [LoginJuzgadoPaso] Completado.
[ACTUALIZAR PAGOS · AUTO] ▶ [DescargasParalelasPaso] Iniciando...
[ACTUALIZAR PAGOS · AUTO] ==================================================
[ACTUALIZAR PAGOS · AUTO] 🚀 PASO: DescargasParalelasPaso
[ACTUALIZAR PAGOS · AUTO] ==================================================
⏳ [Automático] Tocaba disparar 'pagos' pero ya hay una ejecución en curso (Actualizar pagos); esperando a que termine; se reintenta en breve sin perder el turno.
[ACTUALIZAR PAGOS · AUTO] 📤 Arrancando las 3 descargas en paralelo (mismo browser, páginas separadas)...
[ACTUALIZAR PAGOS · AUTO] Fecha Desde: 27/06/2024
[ACTUALIZAR PAGOS · AUTO] Fecha Hasta: 24/11/2025
[ACTUALIZAR PAGOS · AUTO] Fecha Desde: 25/11/2025
[ACTUALIZAR PAGOS · AUTO] Fecha Hasta: 23/07/2026
[ACTUALIZAR PAGOS · AUTO] Descargando Excel...
[ACTUALIZAR PAGOS · AUTO] Descargando Excel...
[ACTUALIZAR PAGOS · AUTO] ✅ TXT de pagos descargado en: backend/descargas/pagos/2026-07-23/PAGOS DESCARGADOS.txt
[ACTUALIZAR PAGOS · AUTO] ⏱ [pagos_txt] completado en 25.8s
[ACTUALIZAR PAGOS · AUTO] Archivo descargado en: backend/descargas/cache_actas_cruce/MULTAS_JUZGADO_CRUCE.xlsx
[ACTUALIZAR PAGOS · AUTO] ⏱ [actas_juzgado] completado en 43.4s
[ACTUALIZAR PAGOS · AUTO] Archivo descargado en: backend/descargas/cache_actas_cruce/MULTAS_SIGEMI_CRUCE.xlsx
[ACTUALIZAR PAGOS · AUTO] ⏱ [actas_sigemi] completado en 69.1s
[ACTUALIZAR PAGOS · AUTO] ⏱ TOTAL descargas en paralelo: 69.1s
[ACTUALIZAR PAGOS · AUTO] ✅ DescargasParalelasPaso finalizado. (⏱ 70.6s)
[ACTUALIZAR PAGOS · AUTO] ✓ [DescargasParalelasPaso] Completado.
[ACTUALIZAR PAGOS · AUTO] ▶ [CompararActasPaso] Iniciando...
[ACTUALIZAR PAGOS · AUTO] ==================================================
[ACTUALIZAR PAGOS · AUTO] 🚀 PASO: CompararActasPaso
[ACTUALIZAR PAGOS · AUTO] ==================================================
[ACTUALIZAR PAGOS · AUTO] 🔍 Comparando actas del SEMyT contra pagos del Juzgado...
[ACTUALIZAR PAGOS · AUTO] ================================================================================
[ACTUALIZAR PAGOS · AUTO] INICIANDO PROCESO DE GENERACIÓN DE PAGOS DESACTUALIZADOS
[ACTUALIZAR PAGOS · AUTO] ================================================================================
[ACTUALIZAR PAGOS · AUTO] 📂 Cargando archivos...
[ACTUALIZAR PAGOS · AUTO]   ✓ Pagos: 16494 registros
[ACTUALIZAR PAGOS · AUTO]   ✓ Excel SIGEMI (multas vencidas viejas): 103713 registros
[ACTUALIZAR PAGOS · AUTO]   ✓ Excel Juzgado (multas vencidas nuevas): 40378 registros
[ACTUALIZAR PAGOS · AUTO] ================================================================================
[ACTUALIZAR PAGOS · AUTO] PASO 1: LLENANDO ACTA_NUMERO (búsqueda por patente + fecha, con desempate por hora)
[ACTUALIZAR PAGOS · AUTO] ================================================================================
[ACTUALIZAR PAGOS · AUTO] 📊 ESTADÍSTICAS DE LLENADO DE ACTAS:
[ACTUALIZAR PAGOS · AUTO]   • Pagos con acta ORIGINAL: 2632
[ACTUALIZAR PAGOS · AUTO]   • Pagos SIN acta (buscados): 13862
[ACTUALIZAR PAGOS · AUTO]   • Pagos LLENADOS exitosamente: 3
[ACTUALIZAR PAGOS · AUTO]   • Pagos NO encontrados en multas: 13859
[ACTUALIZAR PAGOS · AUTO]   • Pagos SIN RESOLVER por desbalance de cantidades: 0
[ACTUALIZAR PAGOS · AUTO] ================================================================================
[ACTUALIZAR PAGOS · AUTO] PASO 1: LLENANDO ACTA_NUMERO (búsqueda por patente + fecha, con desempate por hora)
[ACTUALIZAR PAGOS · AUTO] ================================================================================
[ACTUALIZAR PAGOS · AUTO] 📊 ESTADÍSTICAS DE LLENADO DE ACTAS:
[ACTUALIZAR PAGOS · AUTO]   • Pagos con acta ORIGINAL: 2635
[ACTUALIZAR PAGOS · AUTO]   • Pagos SIN acta (buscados): 13859
[ACTUALIZAR PAGOS · AUTO]   • Pagos LLENADOS exitosamente: 0
[ACTUALIZAR PAGOS · AUTO]   • Pagos NO encontrados en multas: 13859
[ACTUALIZAR PAGOS · AUTO]   • Pagos SIN RESOLVER por desbalance de cantidades: 0
[ACTUALIZAR PAGOS · AUTO] ⏱ PASO 1 (llenar actas): 20.0s
[ACTUALIZAR PAGOS · AUTO] ================================================================================
[ACTUALIZAR PAGOS · AUTO] PASO 2: FILTRANDO PAGOS CON ACTA_NUMERO COMPLETO
[ACTUALIZAR PAGOS · AUTO] ================================================================================
[ACTUALIZAR PAGOS · AUTO] 📊 ESTADÍSTICAS DE FILTRADO:
[ACTUALIZAR PAGOS · AUTO]   • Pagos TOTALES al inicio: 16494
[ACTUALIZAR PAGOS · AUTO]   • Pagos CON acta (MANTIENEN): 2635
[ACTUALIZAR PAGOS · AUTO]   • Pagos RECHAZADOS (sin coincidencias): 13859
[ACTUALIZAR PAGOS · AUTO] ⚠️  Se eliminaron 13859 registros sin número de acta
[ACTUALIZAR PAGOS · AUTO]      (recordá: esto incluye tanto pagos ya actualizados/pagados
[ACTUALIZAR PAGOS · AUTO]       como pagos que quedaron sin resolver por desbalance en el Paso 1)
[ACTUALIZAR PAGOS · AUTO] ================================================================================
[ACTUALIZAR PAGOS · AUTO] PASO 2-bis: CONFIRMANDO VIGENCIA DE PAGOS DEL SISTEMA NUEVO (contra MULTAS_JUZGADO_CRUCE)
[ACTUALIZAR PAGOS · AUTO] ================================================================================
[ACTUALIZAR PAGOS · AUTO]   ⚠ 2620 pago(s) del sistema nuevo descartados: su acta ya no figura como vencida en MULTAS_JUZGADO_CRUCE (SEMyT ya los actualizó).
[ACTUALIZAR PAGOS · AUTO]   • Pagos del sistema nuevo descartados por ya estar actualizados: 2620
[ACTUALIZAR PAGOS · AUTO] ⏱ PASO 2 (filtrar): 1.3s
[ACTUALIZAR PAGOS · AUTO] 📂 Cargando maestro de causas SIGEMI...
[ACTUALIZAR PAGOS · AUTO]   ✓ Causas totales (maestro): 134069 registros
[ACTUALIZAR PAGOS · AUTO] ⏱ PASO 2.5 (causas simplificado): 0.2s
[ACTUALIZAR PAGOS · AUTO] ================================================================================
[ACTUALIZAR PAGOS · AUTO] PASO 2.5: ARMANDO causas.txt SIMPLIFICADO (cruce contra total_causas_sigemi.txt)
[ACTUALIZAR PAGOS · AUTO] ================================================================================
[ACTUALIZAR PAGOS · AUTO]   • Actas vencidas viejas (multas): 103713
[ACTUALIZAR PAGOS · AUTO]   • Causas totales en el maestro SIGEMI: 134069
[ACTUALIZAR PAGOS · AUTO]   • Causas que coinciden (simplificado): 103383
[ACTUALIZAR PAGOS · AUTO]   ✅ Archivo escrito: backend/descargas/causas/causas.txt
[ACTUALIZAR PAGOS · AUTO] ⏱ PASO 2.5 (causas simplificado): 3.0s
[ACTUALIZAR PAGOS · AUTO] ================================================================================
[ACTUALIZAR PAGOS · AUTO] PASO 3: LLENANDO CAUSA_NUMERO (según fecha de cambio de sistema, cruzando por acta + año)
[ACTUALIZAR PAGOS · AUTO] ================================================================================
[ACTUALIZAR PAGOS · AUTO] 📊 ESTADÍSTICAS DE LLENADO DE CAUSAS:
[ACTUALIZAR PAGOS · AUTO]   • Pagos con causa ORIGINAL: 12
[ACTUALIZAR PAGOS · AUTO]   • Causas encontradas en SIGEMI (actas viejas): 3
[ACTUALIZAR PAGOS · AUTO]   • Causas NO encontradas en SIGEMI: 0
[ACTUALIZAR PAGOS · AUTO]   • Causas asignadas automáticamente (actas nuevas): 0
[ACTUALIZAR PAGOS · AUTO] ⏱ PASO 3 (llenar causas): 0.0s
[ACTUALIZAR PAGOS · AUTO] ================================================================================
[ACTUALIZAR PAGOS · AUTO] PASO 4: ORDENANDO POR FECHA Y ACTA_NUMERO
[ACTUALIZAR PAGOS · AUTO] ================================================================================
[ACTUALIZAR PAGOS · AUTO] ✓ Pagos ordenados correctamente
[ACTUALIZAR PAGOS · AUTO]   • Primera entrada: Acta=76233, Fecha=14/11/2024
[ACTUALIZAR PAGOS · AUTO]   • Última entrada: Acta=304168, Fecha=28/04/2026
[ACTUALIZAR PAGOS · AUTO] 📝 Escribiendo archivo de salida...
[ACTUALIZAR PAGOS · AUTO]   ✅ Archivo escrito: backend/descargas/pagos/2026-07-23/PAGOS 20260723 094253.txt
[ACTUALIZAR PAGOS · AUTO]   ✅ Total registros: 1752
[ACTUALIZAR PAGOS · AUTO] ⏱ PASO 4 (ordenar y escribir): 0.0s
[ACTUALIZAR PAGOS · AUTO] ================================================================================
[ACTUALIZAR PAGOS · AUTO] ✅ PROCESO COMPLETADO EXITOSAMENTE
[ACTUALIZAR PAGOS · AUTO] ================================================================================
[ACTUALIZAR PAGOS · AUTO] 📊 RESUMEN FINAL DEL PROCESAMIENTO:
[ACTUALIZAR PAGOS · AUTO]   ENTRADA:
[ACTUALIZAR PAGOS · AUTO]     • Pagos originales: 16494
[ACTUALIZAR PAGOS · AUTO]     • Multas SIGEMI cargadas: 103713
[ACTUALIZAR PAGOS · AUTO]     • Multas Juzgado cargadas: 40378
[ACTUALIZAR PAGOS · AUTO]     • Causas simplificadas (usadas para el cruce): 103383
[ACTUALIZAR PAGOS · AUTO]   PROCESO:
[ACTUALIZAR PAGOS · AUTO]     • Pagos rechazados sigemi: 13859
[ACTUALIZAR PAGOS · AUTO]     • Pagos rechazados juzgado: 2620
[ACTUALIZAR PAGOS · AUTO]   SALIDA:
[ACTUALIZAR PAGOS · AUTO]     • Pagos desactualizados procesados: 15
[ACTUALIZAR PAGOS · AUTO]     • Archivo final: backend/descargas/pagos/2026-07-23/PAGOS 20260723 094253.txt
[ACTUALIZAR PAGOS · AUTO]     • Ordenados por fecha: SÍ ✓
[ACTUALIZAR PAGOS · AUTO]     • Todos con ACTA_NUMERO: SÍ ✓
[ACTUALIZAR PAGOS · AUTO]     • Todos con CAUSA_NUMERO: SÍ ✓
[ACTUALIZAR PAGOS · AUTO] ✅ TXT de pagos (ya cruzado con actas y causas) generado en: backend/descargas/pagos/2026-07-23/PAGOS 20260723 094253.txt
[ACTUALIZAR PAGOS · AUTO] 🧹 TXT de pagos crudo eliminado (ya usado en el cruce): backend/descargas/pagos/2026-07-23/PAGOS DESCARGADOS.txt
[ACTUALIZAR PAGOS · AUTO] 🧹 Excel MULTAS_SIGEMI_CRUCE eliminado (ya usado en el cruce): backend/descargas/cache_actas_cruce/MULTAS_SIGEMI_CRUCE.xlsx
[ACTUALIZAR PAGOS · AUTO] 🧹 Excel MULTAS_JUZGADO_CRUCE eliminado (ya usado en el cruce): backend/descargas/cache_actas_cruce/MULTAS_JUZGADO_CRUCE.xlsx
[ACTUALIZAR PAGOS · AUTO] ✅ CompararActasPaso finalizado. (⏱ 55.7s)
[ACTUALIZAR PAGOS · AUTO] ✓ [CompararActasPaso] Completado.
[ACTUALIZAR PAGOS · AUTO] ▶ [CargarPagosPaso] Iniciando...
[ACTUALIZAR PAGOS · AUTO] ==================================================
[ACTUALIZAR PAGOS · AUTO] 🚀 PASO: CargarPagosPaso
[ACTUALIZAR PAGOS · AUTO] ==================================================
[ACTUALIZAR PAGOS · AUTO] 📤 Subiendo TXT de pagos al SEMyT...
[ACTUALIZAR PAGOS · AUTO] ✅ Importación de pagos completada con éxito.
[ACTUALIZAR PAGOS · AUTO] ✅ Archivo TXT de pagos cargado en el SEMyT correctamente.
[ACTUALIZAR PAGOS · AUTO] ✅ CargarPagosPaso finalizado. (⏱ 3.8s)
[ACTUALIZAR PAGOS · AUTO] ✓ [CargarPagosPaso] Completado.
[ACTUALIZAR PAGOS · AUTO] === Ejecución finalizada con éxito ===
🤖 [Automático] Es hora de actualizar pagos. Arrancando...
[ACTUALIZAR PAGOS · AUTO] === Inicio de ejecución: pagos ===
[ACTUALIZAR PAGOS · AUTO] ▶ [LoginSemytPaso] Iniciando...
[ACTUALIZAR PAGOS · AUTO] ==================================================
[ACTUALIZAR PAGOS · AUTO] 🚀 PASO: LoginSemytPaso
[ACTUALIZAR PAGOS · AUTO] ==================================================
[ACTUALIZAR PAGOS · AUTO] Abriendo SEMyT...
⏳ [Automático] Tocaba disparar 'pagos' pero ya hay una ejecución en curso (Actualizar pagos); esperando a que termine; se reintenta en breve sin perder el turno.
[ACTUALIZAR PAGOS · AUTO] ✅ [SEMyT] Sesión existente detectada. Login omitido.
[ACTUALIZAR PAGOS · AUTO] ✅ LoginSemytPaso finalizado. (⏱ 25.0s)
[ACTUALIZAR PAGOS · AUTO] ✓ [LoginSemytPaso] Completado.
[ACTUALIZAR PAGOS · AUTO] ▶ [LoginJuzgadoPaso] Iniciando...
[ACTUALIZAR PAGOS · AUTO] ==================================================
[ACTUALIZAR PAGOS · AUTO] 🚀 PASO: LoginJuzgadoPaso
[ACTUALIZAR PAGOS · AUTO] ==================================================
[ACTUALIZAR PAGOS · AUTO] Abriendo sitio municipalidad (CiDi)...
[ACTUALIZAR PAGOS · AUTO] ✅ [Juzgado] Sesión existente detectada. Login omitido.
[ACTUALIZAR PAGOS · AUTO] ✅ LoginJuzgadoPaso finalizado. (⏱ 1.3s)
[ACTUALIZAR PAGOS · AUTO] ✓ [LoginJuzgadoPaso] Completado.
[ACTUALIZAR PAGOS · AUTO] ▶ [DescargasParalelasPaso] Iniciando...
[ACTUALIZAR PAGOS · AUTO] ==================================================
[ACTUALIZAR PAGOS · AUTO] 🚀 PASO: DescargasParalelasPaso
[ACTUALIZAR PAGOS · AUTO] ==================================================
[ACTUALIZAR PAGOS · AUTO] 📤 Arrancando las 3 descargas en paralelo (mismo browser, páginas separadas)...
[ACTUALIZAR PAGOS · AUTO] Fecha Desde: 27/06/2024
[ACTUALIZAR PAGOS · AUTO] Fecha Hasta: 24/11/2025
[ACTUALIZAR PAGOS · AUTO] Fecha Desde: 25/11/2025
[ACTUALIZAR PAGOS · AUTO] Fecha Hasta: 23/07/2026
[ACTUALIZAR PAGOS · AUTO] Descargando Excel...
[ACTUALIZAR PAGOS · AUTO] Descargando Excel...
[ACTUALIZAR PAGOS · AUTO] ✅ TXT de pagos descargado en: backend/descargas/pagos/2026-07-23/PAGOS DESCARGADOS.txt
[ACTUALIZAR PAGOS · AUTO] ⏱ [pagos_txt] completado en 23.5s
[ACTUALIZAR PAGOS · AUTO] Archivo descargado en: backend/descargas/cache_actas_cruce/MULTAS_JUZGADO_CRUCE.xlsx
[ACTUALIZAR PAGOS · AUTO] ⏱ [actas_juzgado] completado en 34.8s
[ACTUALIZAR PAGOS · AUTO] Archivo descargado en: backend/descargas/cache_actas_cruce/MULTAS_SIGEMI_CRUCE.xlsx
[ACTUALIZAR PAGOS · AUTO] ⏱ [actas_sigemi] completado en 69.4s
[ACTUALIZAR PAGOS · AUTO] ⏱ TOTAL descargas en paralelo: 69.4s
[ACTUALIZAR PAGOS · AUTO] ✅ DescargasParalelasPaso finalizado. (⏱ 70.9s)
[ACTUALIZAR PAGOS · AUTO] ✓ [DescargasParalelasPaso] Completado.
[ACTUALIZAR PAGOS · AUTO] ▶ [CompararActasPaso] Iniciando...
[ACTUALIZAR PAGOS · AUTO] ==================================================
[ACTUALIZAR PAGOS · AUTO] 🚀 PASO: CompararActasPaso
[ACTUALIZAR PAGOS · AUTO] ==================================================
[ACTUALIZAR PAGOS · AUTO] 🔍 Comparando actas del SEMyT contra pagos del Juzgado...
[ACTUALIZAR PAGOS · AUTO] ================================================================================
[ACTUALIZAR PAGOS · AUTO] INICIANDO PROCESO DE GENERACIÓN DE PAGOS DESACTUALIZADOS
[ACTUALIZAR PAGOS · AUTO] ================================================================================
[ACTUALIZAR PAGOS · AUTO] 📂 Cargando archivos...
[ACTUALIZAR PAGOS · AUTO]   ✓ Pagos: 16503 registros
[ACTUALIZAR PAGOS · AUTO]   ✓ Excel SIGEMI (multas vencidas viejas): 103710 registros
[ACTUALIZAR PAGOS · AUTO]   ✓ Excel Juzgado (multas vencidas nuevas): 40366 registros
[ACTUALIZAR PAGOS · AUTO] ================================================================================
[ACTUALIZAR PAGOS · AUTO] PASO 1: LLENANDO ACTA_NUMERO (búsqueda por patente + fecha, con desempate por hora)
[ACTUALIZAR PAGOS · AUTO] ================================================================================
[ACTUALIZAR PAGOS · AUTO] 📊 ESTADÍSTICAS DE LLENADO DE ACTAS:
[ACTUALIZAR PAGOS · AUTO]   • Pagos con acta ORIGINAL: 2640
[ACTUALIZAR PAGOS · AUTO]   • Pagos SIN acta (buscados): 13863
[ACTUALIZAR PAGOS · AUTO]   • Pagos LLENADOS exitosamente: 1
[ACTUALIZAR PAGOS · AUTO]   • Pagos NO encontrados en multas: 13862
[ACTUALIZAR PAGOS · AUTO]   • Pagos SIN RESOLVER por desbalance de cantidades: 0
[ACTUALIZAR PAGOS · AUTO] ================================================================================
[ACTUALIZAR PAGOS · AUTO] PASO 1: LLENANDO ACTA_NUMERO (búsqueda por patente + fecha, con desempate por hora)
[ACTUALIZAR PAGOS · AUTO] ================================================================================
[ACTUALIZAR PAGOS · AUTO] 📊 ESTADÍSTICAS DE LLENADO DE ACTAS:
[ACTUALIZAR PAGOS · AUTO]   • Pagos con acta ORIGINAL: 2641
[ACTUALIZAR PAGOS · AUTO]   • Pagos SIN acta (buscados): 13862
[ACTUALIZAR PAGOS · AUTO]   • Pagos LLENADOS exitosamente: 0
[ACTUALIZAR PAGOS · AUTO]   • Pagos NO encontrados en multas: 13862
[ACTUALIZAR PAGOS · AUTO]   • Pagos SIN RESOLVER por desbalance de cantidades: 0
[ACTUALIZAR PAGOS · AUTO] ⏱ PASO 1 (llenar actas): 19.9s
[ACTUALIZAR PAGOS · AUTO] ================================================================================
[ACTUALIZAR PAGOS · AUTO] PASO 2: FILTRANDO PAGOS CON ACTA_NUMERO COMPLETO
[ACTUALIZAR PAGOS · AUTO] ================================================================================
[ACTUALIZAR PAGOS · AUTO] 📊 ESTADÍSTICAS DE FILTRADO:
[ACTUALIZAR PAGOS · AUTO]   • Pagos TOTALES al inicio: 16503
[ACTUALIZAR PAGOS · AUTO]   • Pagos CON acta (MANTIENEN): 2641
[ACTUALIZAR PAGOS · AUTO]   • Pagos RECHAZADOS (sin coincidencias): 13862
[ACTUALIZAR PAGOS · AUTO] ⚠️  Se eliminaron 13862 registros sin número de acta
[ACTUALIZAR PAGOS · AUTO]      (recordá: esto incluye tanto pagos ya actualizados/pagados
[ACTUALIZAR PAGOS · AUTO]       como pagos que quedaron sin resolver por desbalance en el Paso 1)
[ACTUALIZAR PAGOS · AUTO] ================================================================================
[ACTUALIZAR PAGOS · AUTO] PASO 2-bis: CONFIRMANDO VIGENCIA DE PAGOS DEL SISTEMA NUEVO (contra MULTAS_JUZGADO_CRUCE)
[ACTUALIZAR PAGOS · AUTO] ================================================================================
[ACTUALIZAR PAGOS · AUTO]   ⚠ 2632 pago(s) del sistema nuevo descartados: su acta ya no figura como vencida en MULTAS_JUZGADO_CRUCE (SEMyT ya los actualizó).
[ACTUALIZAR PAGOS · AUTO]   • Pagos del sistema nuevo descartados por ya estar actualizados: 2632
[ACTUALIZAR PAGOS · AUTO] ⏱ PASO 2 (filtrar): 1.3s
[ACTUALIZAR PAGOS · AUTO] 📂 Cargando maestro de causas SIGEMI...
[ACTUALIZAR PAGOS · AUTO]   ✓ Causas totales (maestro): 134069 registros
[ACTUALIZAR PAGOS · AUTO] ⏱ PASO 2.5 (causas simplificado): 0.2s
[ACTUALIZAR PAGOS · AUTO] ================================================================================
[ACTUALIZAR PAGOS · AUTO] PASO 2.5: ARMANDO causas.txt SIMPLIFICADO (cruce contra total_causas_sigemi.txt)
[ACTUALIZAR PAGOS · AUTO] ================================================================================
[ACTUALIZAR PAGOS · AUTO]   • Actas vencidas viejas (multas): 103710
[ACTUALIZAR PAGOS · AUTO]   • Causas totales en el maestro SIGEMI: 134069
[ACTUALIZAR PAGOS · AUTO]   • Causas que coinciden (simplificado): 103380
[ACTUALIZAR PAGOS · AUTO]   ✅ Archivo escrito: backend/descargas/causas/causas.txt
[ACTUALIZAR PAGOS · AUTO] ⏱ PASO 2.5 (causas simplificado): 3.0s
[ACTUALIZAR PAGOS · AUTO] ================================================================================
[ACTUALIZAR PAGOS · AUTO] PASO 3: LLENANDO CAUSA_NUMERO (según fecha de cambio de sistema, cruzando por acta + año)
[ACTUALIZAR PAGOS · AUTO] ================================================================================
[ACTUALIZAR PAGOS · AUTO] 📊 ESTADÍSTICAS DE LLENADO DE CAUSAS:
[ACTUALIZAR PAGOS · AUTO]   • Pagos con causa ORIGINAL: 8
[ACTUALIZAR PAGOS · AUTO]   • Causas encontradas en SIGEMI (actas viejas): 1
[ACTUALIZAR PAGOS · AUTO]   • Causas NO encontradas en SIGEMI: 0
[ACTUALIZAR PAGOS · AUTO]   • Causas asignadas automáticamente (actas nuevas): 0
[ACTUALIZAR PAGOS · AUTO] ⏱ PASO 3 (llenar causas): 0.0s
[ACTUALIZAR PAGOS · AUTO] ================================================================================
[ACTUALIZAR PAGOS · AUTO] PASO 4: ORDENANDO POR FECHA Y ACTA_NUMERO
[ACTUALIZAR PAGOS · AUTO] ================================================================================
[ACTUALIZAR PAGOS · AUTO] ✓ Pagos ordenados correctamente
[ACTUALIZAR PAGOS · AUTO]   • Primera entrada: Acta=232082, Fecha=11/11/2025
[ACTUALIZAR PAGOS · AUTO]   • Última entrada: Acta=277746, Fecha=11/03/2026
[ACTUALIZAR PAGOS · AUTO] 📝 Escribiendo archivo de salida...
[ACTUALIZAR PAGOS · AUTO]   ✅ Archivo escrito: backend/descargas/pagos/2026-07-23/PAGOS 20260723 095545.txt
[ACTUALIZAR PAGOS · AUTO]   ✅ Total registros: 1099
[ACTUALIZAR PAGOS · AUTO] ⏱ PASO 4 (ordenar y escribir): 0.0s
[ACTUALIZAR PAGOS · AUTO] ================================================================================
[ACTUALIZAR PAGOS · AUTO] ✅ PROCESO COMPLETADO EXITOSAMENTE
[ACTUALIZAR PAGOS · AUTO] ================================================================================
[ACTUALIZAR PAGOS · AUTO] 📊 RESUMEN FINAL DEL PROCESAMIENTO:
[ACTUALIZAR PAGOS · AUTO]   ENTRADA:
[ACTUALIZAR PAGOS · AUTO]     • Pagos originales: 16503
[ACTUALIZAR PAGOS · AUTO]     • Multas SIGEMI cargadas: 103710
[ACTUALIZAR PAGOS · AUTO]     • Multas Juzgado cargadas: 40366
[ACTUALIZAR PAGOS · AUTO]     • Causas simplificadas (usadas para el cruce): 103380
[ACTUALIZAR PAGOS · AUTO]   PROCESO:
[ACTUALIZAR PAGOS · AUTO]     • Pagos rechazados sigemi: 13862
[ACTUALIZAR PAGOS · AUTO]     • Pagos rechazados juzgado: 2632
[ACTUALIZAR PAGOS · AUTO]   SALIDA:
[ACTUALIZAR PAGOS · AUTO]     • Pagos desactualizados procesados: 9
[ACTUALIZAR PAGOS · AUTO]     • Archivo final: backend/descargas/pagos/2026-07-23/PAGOS 20260723 095545.txt
[ACTUALIZAR PAGOS · AUTO]     • Ordenados por fecha: SÍ ✓
[ACTUALIZAR PAGOS · AUTO]     • Todos con ACTA_NUMERO: SÍ ✓
[ACTUALIZAR PAGOS · AUTO]     • Todos con CAUSA_NUMERO: SÍ ✓
[ACTUALIZAR PAGOS · AUTO] ✅ TXT de pagos (ya cruzado con actas y causas) generado en: backend/descargas/pagos/2026-07-23/PAGOS 20260723 095545.txt
[ACTUALIZAR PAGOS · AUTO] 🧹 TXT de pagos crudo eliminado (ya usado en el cruce): backend/descargas/pagos/2026-07-23/PAGOS DESCARGADOS.txt
[ACTUALIZAR PAGOS · AUTO] 🧹 Excel MULTAS_SIGEMI_CRUCE eliminado (ya usado en el cruce): backend/descargas/cache_actas_cruce/MULTAS_SIGEMI_CRUCE.xlsx
[ACTUALIZAR PAGOS · AUTO] 🧹 Excel MULTAS_JUZGADO_CRUCE eliminado (ya usado en el cruce): backend/descargas/cache_actas_cruce/MULTAS_JUZGADO_CRUCE.xlsx
[ACTUALIZAR PAGOS · AUTO] ✅ CompararActasPaso finalizado. (⏱ 55.3s)
[ACTUALIZAR PAGOS · AUTO] ✓ [CompararActasPaso] Completado.
[ACTUALIZAR PAGOS · AUTO] ▶ [CargarPagosPaso] Iniciando...
[ACTUALIZAR PAGOS · AUTO] ==================================================
[ACTUALIZAR PAGOS · AUTO] 🚀 PASO: CargarPagosPaso
[ACTUALIZAR PAGOS · AUTO] ==================================================
[ACTUALIZAR PAGOS · AUTO] 📤 Subiendo TXT de pagos al SEMyT...
[ACTUALIZAR PAGOS · AUTO] ✅ Importación de pagos completada con éxito.
[ACTUALIZAR PAGOS · AUTO] ✅ Archivo TXT de pagos cargado en el SEMyT correctamente.
[ACTUALIZAR PAGOS · AUTO] ✅ CargarPagosPaso finalizado. (⏱ 4.4s)
[ACTUALIZAR PAGOS · AUTO] ✓ [CargarPagosPaso] Completado.
[ACTUALIZAR PAGOS · AUTO] === Ejecución finalizada con éxito ===
🤖 [Automático] Es hora de actualizar pagos. Arrancando...
[ACTUALIZAR PAGOS · AUTO] === Inicio de ejecución: pagos ===
[ACTUALIZAR PAGOS · AUTO] ▶ [LoginSemytPaso] Iniciando...
[ACTUALIZAR PAGOS · AUTO] ==================================================
[ACTUALIZAR PAGOS · AUTO] 🚀 PASO: LoginSemytPaso
[ACTUALIZAR PAGOS · AUTO] ==================================================
[ACTUALIZAR PAGOS · AUTO] Abriendo SEMyT...
[ACTUALIZAR PAGOS · AUTO] ✅ [SEMyT] Sesión existente detectada. Login omitido.
[ACTUALIZAR PAGOS · AUTO] ✅ LoginSemytPaso finalizado. (⏱ 7.3s)
[ACTUALIZAR PAGOS · AUTO] ✓ [LoginSemytPaso] Completado.
[ACTUALIZAR PAGOS · AUTO] ▶ [LoginJuzgadoPaso] Iniciando...
[ACTUALIZAR PAGOS · AUTO] ==================================================
[ACTUALIZAR PAGOS · AUTO] 🚀 PASO: LoginJuzgadoPaso
[ACTUALIZAR PAGOS · AUTO] ==================================================
[ACTUALIZAR PAGOS · AUTO] Abriendo sitio municipalidad (CiDi)...
[ACTUALIZAR PAGOS · AUTO] ✅ [Juzgado] Sesión existente detectada. Login omitido.
[ACTUALIZAR PAGOS · AUTO] ✅ LoginJuzgadoPaso finalizado. (⏱ 1.5s)
[ACTUALIZAR PAGOS · AUTO] ✓ [LoginJuzgadoPaso] Completado.
[ACTUALIZAR PAGOS · AUTO] ▶ [DescargasParalelasPaso] Iniciando...
[ACTUALIZAR PAGOS · AUTO] ==================================================
[ACTUALIZAR PAGOS · AUTO] 🚀 PASO: DescargasParalelasPaso
[ACTUALIZAR PAGOS · AUTO] ==================================================
⏳ [Automático] Tocaba disparar 'pagos' pero ya hay una ejecución en curso (Actualizar pagos); esperando a que termine; se reintenta en breve sin perder el turno.
[ACTUALIZAR PAGOS · AUTO] 📤 Arrancando las 3 descargas en paralelo (mismo browser, páginas separadas)...
[ACTUALIZAR PAGOS · AUTO] Fecha Desde: 27/06/2024
[ACTUALIZAR PAGOS · AUTO] Fecha Hasta: 24/11/2025
[ACTUALIZAR PAGOS · AUTO] Fecha Desde: 25/11/2025
[ACTUALIZAR PAGOS · AUTO] Fecha Hasta: 23/07/2026
[ACTUALIZAR PAGOS · AUTO] Descargando Excel...
[ACTUALIZAR PAGOS · AUTO] Descargando Excel...
[ACTUALIZAR PAGOS · AUTO] Archivo descargado en: backend/descargas/cache_actas_cruce/MULTAS_JUZGADO_CRUCE.xlsx
[ACTUALIZAR PAGOS · AUTO] ⏱ [actas_juzgado] completado en 25.8s
[ACTUALIZAR PAGOS · AUTO] ✅ TXT de pagos descargado en: backend/descargas/pagos/2026-07-23/PAGOS DESCARGADOS.txt
[ACTUALIZAR PAGOS · AUTO] ⏱ [pagos_txt] completado en 25.9s
[ACTUALIZAR PAGOS · AUTO] Archivo descargado en: backend/descargas/cache_actas_cruce/MULTAS_SIGEMI_CRUCE.xlsx
[ACTUALIZAR PAGOS · AUTO] ⏱ [actas_sigemi] completado en 70.6s
[ACTUALIZAR PAGOS · AUTO] ⏱ TOTAL descargas en paralelo: 70.6s
[ACTUALIZAR PAGOS · AUTO] ✅ DescargasParalelasPaso finalizado. (⏱ 72.1s)
[ACTUALIZAR PAGOS · AUTO] ✓ [DescargasParalelasPaso] Completado.
[ACTUALIZAR PAGOS · AUTO] ▶ [CompararActasPaso] Iniciando...
[ACTUALIZAR PAGOS · AUTO] ==================================================
[ACTUALIZAR PAGOS · AUTO] 🚀 PASO: CompararActasPaso
[ACTUALIZAR PAGOS · AUTO] ==================================================
[ACTUALIZAR PAGOS · AUTO] 🔍 Comparando actas del SEMyT contra pagos del Juzgado...
[ACTUALIZAR PAGOS · AUTO] ================================================================================
[ACTUALIZAR PAGOS · AUTO] INICIANDO PROCESO DE GENERACIÓN DE PAGOS DESACTUALIZADOS
[ACTUALIZAR PAGOS · AUTO] ================================================================================
[ACTUALIZAR PAGOS · AUTO] 📂 Cargando archivos...
[ACTUALIZAR PAGOS · AUTO]   ✓ Pagos: 16512 registros
[ACTUALIZAR PAGOS · AUTO]   ✓ Excel SIGEMI (multas vencidas viejas): 103709 registros
[ACTUALIZAR PAGOS · AUTO]   ✓ Excel Juzgado (multas vencidas nuevas): 40358 registros
[ACTUALIZAR PAGOS · AUTO] ================================================================================
[ACTUALIZAR PAGOS · AUTO] PASO 1: LLENANDO ACTA_NUMERO (búsqueda por patente + fecha, con desempate por hora)
[ACTUALIZAR PAGOS · AUTO] ================================================================================
[ACTUALIZAR PAGOS · AUTO] 📊 ESTADÍSTICAS DE LLENADO DE ACTAS:
[ACTUALIZAR PAGOS · AUTO]   • Pagos con acta ORIGINAL: 2648
[ACTUALIZAR PAGOS · AUTO]   • Pagos SIN acta (buscados): 13864
[ACTUALIZAR PAGOS · AUTO]   • Pagos LLENADOS exitosamente: 1
[ACTUALIZAR PAGOS · AUTO]   • Pagos NO encontrados en multas: 13863
[ACTUALIZAR PAGOS · AUTO]   • Pagos SIN RESOLVER por desbalance de cantidades: 0
[ACTUALIZAR PAGOS · AUTO] ================================================================================
[ACTUALIZAR PAGOS · AUTO] PASO 1: LLENANDO ACTA_NUMERO (búsqueda por patente + fecha, con desempate por hora)
[ACTUALIZAR PAGOS · AUTO] ================================================================================
[ACTUALIZAR PAGOS · AUTO] 📊 ESTADÍSTICAS DE LLENADO DE ACTAS:
[ACTUALIZAR PAGOS · AUTO]   • Pagos con acta ORIGINAL: 2649
[ACTUALIZAR PAGOS · AUTO]   • Pagos SIN acta (buscados): 13863
[ACTUALIZAR PAGOS · AUTO]   • Pagos LLENADOS exitosamente: 0
[ACTUALIZAR PAGOS · AUTO]   • Pagos NO encontrados en multas: 13863
[ACTUALIZAR PAGOS · AUTO]   • Pagos SIN RESOLVER por desbalance de cantidades: 0
[ACTUALIZAR PAGOS · AUTO] ⏱ PASO 1 (llenar actas): 15.1s
[ACTUALIZAR PAGOS · AUTO] ================================================================================
[ACTUALIZAR PAGOS · AUTO] PASO 2: FILTRANDO PAGOS CON ACTA_NUMERO COMPLETO
[ACTUALIZAR PAGOS · AUTO] ================================================================================
[ACTUALIZAR PAGOS · AUTO] 📊 ESTADÍSTICAS DE FILTRADO:
[ACTUALIZAR PAGOS · AUTO]   • Pagos TOTALES al inicio: 16512
[ACTUALIZAR PAGOS · AUTO]   • Pagos CON acta (MANTIENEN): 2649
[ACTUALIZAR PAGOS · AUTO]   • Pagos RECHAZADOS (sin coincidencias): 13863
[ACTUALIZAR PAGOS · AUTO] ⚠️  Se eliminaron 13863 registros sin número de acta
[ACTUALIZAR PAGOS · AUTO]      (recordá: esto incluye tanto pagos ya actualizados/pagados
[ACTUALIZAR PAGOS · AUTO]       como pagos que quedaron sin resolver por desbalance en el Paso 1)
[ACTUALIZAR PAGOS · AUTO] ================================================================================
[ACTUALIZAR PAGOS · AUTO] PASO 2-bis: CONFIRMANDO VIGENCIA DE PAGOS DEL SISTEMA NUEVO (contra MULTAS_JUZGADO_CRUCE)
[ACTUALIZAR PAGOS · AUTO] ================================================================================
[ACTUALIZAR PAGOS · AUTO]   ⚠ 2640 pago(s) del sistema nuevo descartados: su acta ya no figura como vencida en MULTAS_JUZGADO_CRUCE (SEMyT ya los actualizó).
[ACTUALIZAR PAGOS · AUTO]   • Pagos del sistema nuevo descartados por ya estar actualizados: 2640
[ACTUALIZAR PAGOS · AUTO] ⏱ PASO 2 (filtrar): 0.9s
[ACTUALIZAR PAGOS · AUTO] 📂 Cargando maestro de causas SIGEMI...
[ACTUALIZAR PAGOS · AUTO]   ✓ Causas totales (maestro): 134069 registros
[ACTUALIZAR PAGOS · AUTO] ⏱ PASO 2.5 (causas simplificado): 0.2s
[ACTUALIZAR PAGOS · AUTO] ================================================================================
[ACTUALIZAR PAGOS · AUTO] PASO 2.5: ARMANDO causas.txt SIMPLIFICADO (cruce contra total_causas_sigemi.txt)
[ACTUALIZAR PAGOS · AUTO] ================================================================================
[ACTUALIZAR PAGOS · AUTO]   • Actas vencidas viejas (multas): 103709
[ACTUALIZAR PAGOS · AUTO]   • Causas totales en el maestro SIGEMI: 134069
[ACTUALIZAR PAGOS · AUTO]   • Causas que coinciden (simplificado): 103379
[ACTUALIZAR PAGOS · AUTO]   ✅ Archivo escrito: backend/descargas/causas/causas.txt
[ACTUALIZAR PAGOS · AUTO] ⏱ PASO 2.5 (causas simplificado): 2.5s
[ACTUALIZAR PAGOS · AUTO] ================================================================================
[ACTUALIZAR PAGOS · AUTO] PASO 3: LLENANDO CAUSA_NUMERO (según fecha de cambio de sistema, cruzando por acta + año)
[ACTUALIZAR PAGOS · AUTO] ================================================================================
[ACTUALIZAR PAGOS · AUTO] 📊 ESTADÍSTICAS DE LLENADO DE CAUSAS:
[ACTUALIZAR PAGOS · AUTO]   • Pagos con causa ORIGINAL: 8
[ACTUALIZAR PAGOS · AUTO]   • Causas encontradas en SIGEMI (actas viejas): 1
[ACTUALIZAR PAGOS · AUTO]   • Causas NO encontradas en SIGEMI: 0
[ACTUALIZAR PAGOS · AUTO]   • Causas asignadas automáticamente (actas nuevas): 0
[ACTUALIZAR PAGOS · AUTO] ⏱ PASO 3 (llenar causas): 0.0s
[ACTUALIZAR PAGOS · AUTO] ================================================================================
[ACTUALIZAR PAGOS · AUTO] PASO 4: ORDENANDO POR FECHA Y ACTA_NUMERO
[ACTUALIZAR PAGOS · AUTO] ================================================================================
[ACTUALIZAR PAGOS · AUTO] ✓ Pagos ordenados correctamente
[ACTUALIZAR PAGOS · AUTO]   • Primera entrada: Acta=10695, Fecha=15/07/2024
[ACTUALIZAR PAGOS · AUTO]   • Última entrada: Acta=304087, Fecha=28/04/2026
[ACTUALIZAR PAGOS · AUTO] 📝 Escribiendo archivo de salida...
[ACTUALIZAR PAGOS · AUTO]   ✅ Archivo escrito: backend/descargas/pagos/2026-07-23/PAGOS 20260723 100815.txt
[ACTUALIZAR PAGOS · AUTO]   ✅ Total registros: 1094
[ACTUALIZAR PAGOS · AUTO] ⏱ PASO 4 (ordenar y escribir): 0.0s
[ACTUALIZAR PAGOS · AUTO] ================================================================================
[ACTUALIZAR PAGOS · AUTO] ✅ PROCESO COMPLETADO EXITOSAMENTE
[ACTUALIZAR PAGOS · AUTO] ================================================================================
[ACTUALIZAR PAGOS · AUTO] 📊 RESUMEN FINAL DEL PROCESAMIENTO:
[ACTUALIZAR PAGOS · AUTO]   ENTRADA:
[ACTUALIZAR PAGOS · AUTO]     • Pagos originales: 16512
[ACTUALIZAR PAGOS · AUTO]     • Multas SIGEMI cargadas: 103709
[ACTUALIZAR PAGOS · AUTO]     • Multas Juzgado cargadas: 40358
[ACTUALIZAR PAGOS · AUTO]     • Causas simplificadas (usadas para el cruce): 103379
[ACTUALIZAR PAGOS · AUTO]   PROCESO:
[ACTUALIZAR PAGOS · AUTO]     • Pagos rechazados sigemi: 13863
[ACTUALIZAR PAGOS · AUTO]     • Pagos rechazados juzgado: 2640
[ACTUALIZAR PAGOS · AUTO]   SALIDA:
[ACTUALIZAR PAGOS · AUTO]     • Pagos desactualizados procesados: 9
[ACTUALIZAR PAGOS · AUTO]     • Archivo final: backend/descargas/pagos/2026-07-23/PAGOS 20260723 100815.txt
[ACTUALIZAR PAGOS · AUTO]     • Ordenados por fecha: SÍ ✓
[ACTUALIZAR PAGOS · AUTO]     • Todos con ACTA_NUMERO: SÍ ✓
[ACTUALIZAR PAGOS · AUTO]     • Todos con CAUSA_NUMERO: SÍ ✓
[ACTUALIZAR PAGOS · AUTO] ✅ TXT de pagos (ya cruzado con actas y causas) generado en: backend/descargas/pagos/2026-07-23/PAGOS 20260723 100815.txt
[ACTUALIZAR PAGOS · AUTO] 🧹 TXT de pagos crudo eliminado (ya usado en el cruce): backend/descargas/pagos/2026-07-23/PAGOS DESCARGADOS.txt
[ACTUALIZAR PAGOS · AUTO] 🧹 Excel MULTAS_SIGEMI_CRUCE eliminado (ya usado en el cruce): backend/descargas/cache_actas_cruce/MULTAS_SIGEMI_CRUCE.xlsx
[ACTUALIZAR PAGOS · AUTO] 🧹 Excel MULTAS_JUZGADO_CRUCE eliminado (ya usado en el cruce): backend/descargas/cache_actas_cruce/MULTAS_JUZGADO_CRUCE.xlsx
[ACTUALIZAR PAGOS · AUTO] ✅ CompararActasPaso finalizado. (⏱ 44.1s)
[ACTUALIZAR PAGOS · AUTO] ✓ [CompararActasPaso] Completado.
[ACTUALIZAR PAGOS · AUTO] ▶ [CargarPagosPaso] Iniciando...
[ACTUALIZAR PAGOS · AUTO] ==================================================
[ACTUALIZAR PAGOS · AUTO] 🚀 PASO: CargarPagosPaso
[ACTUALIZAR PAGOS · AUTO] ==================================================
[ACTUALIZAR PAGOS · AUTO] 📤 Subiendo TXT de pagos al SEMyT...
[ACTUALIZAR PAGOS · AUTO] ✅ Importación de pagos completada con éxito.
[ACTUALIZAR PAGOS · AUTO] ✅ Archivo TXT de pagos cargado en el SEMyT correctamente.
[ACTUALIZAR PAGOS · AUTO] ✅ CargarPagosPaso finalizado. (⏱ 2.8s)
[ACTUALIZAR PAGOS · AUTO] ✓ [CargarPagosPaso] Completado.
[ACTUALIZAR PAGOS · AUTO] === Ejecución finalizada con éxito ===
🤖 [Automático] Es hora de actualizar pagos. Arrancando...
[ACTUALIZAR PAGOS · AUTO] === Inicio de ejecución: pagos ===
[ACTUALIZAR PAGOS · AUTO] ▶ [LoginSemytPaso] Iniciando...
[ACTUALIZAR PAGOS · AUTO] ==================================================
[ACTUALIZAR PAGOS · AUTO] 🚀 PASO: LoginSemytPaso
[ACTUALIZAR PAGOS · AUTO] ==================================================
[ACTUALIZAR PAGOS · AUTO] Abriendo SEMyT...
⏳ [Automático] Tocaba disparar 'pagos' pero ya hay una ejecución en curso (Actualizar pagos); esperando a que termine; se reintenta en breve sin perder el turno.
[ACTUALIZAR PAGOS · AUTO] ✅ [SEMyT] Sesión existente detectada. Login omitido.
[ACTUALIZAR PAGOS · AUTO] ✅ LoginSemytPaso finalizado. (⏱ 20.5s)
[ACTUALIZAR PAGOS · AUTO] ✓ [LoginSemytPaso] Completado.
[ACTUALIZAR PAGOS · AUTO] ▶ [LoginJuzgadoPaso] Iniciando...
[ACTUALIZAR PAGOS · AUTO] ==================================================
[ACTUALIZAR PAGOS · AUTO] 🚀 PASO: LoginJuzgadoPaso
[ACTUALIZAR PAGOS · AUTO] ==================================================
[ACTUALIZAR PAGOS · AUTO] Abriendo sitio municipalidad (CiDi)...
[ACTUALIZAR PAGOS · AUTO] ✅ [Juzgado] Sesión existente detectada. Login omitido.
[ACTUALIZAR PAGOS · AUTO] ✅ LoginJuzgadoPaso finalizado. (⏱ 1.5s)
[ACTUALIZAR PAGOS · AUTO] ✓ [LoginJuzgadoPaso] Completado.
[ACTUALIZAR PAGOS · AUTO] ▶ [DescargasParalelasPaso] Iniciando...
[ACTUALIZAR PAGOS · AUTO] ==================================================
[ACTUALIZAR PAGOS · AUTO] 🚀 PASO: DescargasParalelasPaso
[ACTUALIZAR PAGOS · AUTO] ==================================================
[ACTUALIZAR PAGOS · AUTO] 📤 Arrancando las 3 descargas en paralelo (mismo browser, páginas separadas)...
[ACTUALIZAR PAGOS · AUTO] Fecha Desde: 27/06/2024
[ACTUALIZAR PAGOS · AUTO] Fecha Hasta: 24/11/2025
[ACTUALIZAR PAGOS · AUTO] Fecha Desde: 25/11/2025
[ACTUALIZAR PAGOS · AUTO] Fecha Hasta: 23/07/2026
[ACTUALIZAR PAGOS · AUTO] Descargando Excel...
[ACTUALIZAR PAGOS · AUTO] Descargando Excel...
[ACTUALIZAR PAGOS · AUTO] Archivo descargado en: backend/descargas/cache_actas_cruce/MULTAS_JUZGADO_CRUCE.xlsx
[ACTUALIZAR PAGOS · AUTO] ⏱ [actas_juzgado] completado en 32.7s
[ACTUALIZAR PAGOS · AUTO] ✅ TXT de pagos descargado en: backend/descargas/pagos/2026-07-23/PAGOS DESCARGADOS.txt
[ACTUALIZAR PAGOS · AUTO] ⏱ [pagos_txt] completado en 32.8s
[ACTUALIZAR PAGOS · AUTO] Archivo descargado en: backend/descargas/cache_actas_cruce/MULTAS_SIGEMI_CRUCE.xlsx
[ACTUALIZAR PAGOS · AUTO] ⏱ [actas_sigemi] completado en 57.2s
[ACTUALIZAR PAGOS · AUTO] ⏱ TOTAL descargas en paralelo: 57.2s
[ACTUALIZAR PAGOS · AUTO] ✅ DescargasParalelasPaso finalizado. (⏱ 58.7s)
[ACTUALIZAR PAGOS · AUTO] ✓ [DescargasParalelasPaso] Completado.
[ACTUALIZAR PAGOS · AUTO] ▶ [CompararActasPaso] Iniciando...
[ACTUALIZAR PAGOS · AUTO] ==================================================
[ACTUALIZAR PAGOS · AUTO] 🚀 PASO: CompararActasPaso
[ACTUALIZAR PAGOS · AUTO] ==================================================
[ACTUALIZAR PAGOS · AUTO] 🔍 Comparando actas del SEMyT contra pagos del Juzgado...
[ACTUALIZAR PAGOS · AUTO] ================================================================================
[ACTUALIZAR PAGOS · AUTO] INICIANDO PROCESO DE GENERACIÓN DE PAGOS DESACTUALIZADOS
[ACTUALIZAR PAGOS · AUTO] ================================================================================
[ACTUALIZAR PAGOS · AUTO] 📂 Cargando archivos...
[ACTUALIZAR PAGOS · AUTO]   ✓ Pagos: 16522 registros
[ACTUALIZAR PAGOS · AUTO]   ✓ Excel SIGEMI (multas vencidas viejas): 103708 registros
[ACTUALIZAR PAGOS · AUTO]   ✓ Excel Juzgado (multas vencidas nuevas): 40350 registros
[ACTUALIZAR PAGOS · AUTO] ================================================================================
[ACTUALIZAR PAGOS · AUTO] PASO 1: LLENANDO ACTA_NUMERO (búsqueda por patente + fecha, con desempate por hora)
[ACTUALIZAR PAGOS · AUTO] ================================================================================
[ACTUALIZAR PAGOS · AUTO] 📊 ESTADÍSTICAS DE LLENADO DE ACTAS:
[ACTUALIZAR PAGOS · AUTO]   • Pagos con acta ORIGINAL: 2655
[ACTUALIZAR PAGOS · AUTO]   • Pagos SIN acta (buscados): 13867
[ACTUALIZAR PAGOS · AUTO]   • Pagos LLENADOS exitosamente: 3
[ACTUALIZAR PAGOS · AUTO]   • Pagos NO encontrados en multas: 13864
[ACTUALIZAR PAGOS · AUTO]   • Pagos SIN RESOLVER por desbalance de cantidades: 0
[ACTUALIZAR PAGOS · AUTO] ================================================================================
[ACTUALIZAR PAGOS · AUTO] PASO 1: LLENANDO ACTA_NUMERO (búsqueda por patente + fecha, con desempate por hora)
[ACTUALIZAR PAGOS · AUTO] ================================================================================
[ACTUALIZAR PAGOS · AUTO] 📊 ESTADÍSTICAS DE LLENADO DE ACTAS:
[ACTUALIZAR PAGOS · AUTO]   • Pagos con acta ORIGINAL: 2658
[ACTUALIZAR PAGOS · AUTO]   • Pagos SIN acta (buscados): 13864
[ACTUALIZAR PAGOS · AUTO]   • Pagos LLENADOS exitosamente: 0
[ACTUALIZAR PAGOS · AUTO]   • Pagos NO encontrados en multas: 13864
[ACTUALIZAR PAGOS · AUTO]   • Pagos SIN RESOLVER por desbalance de cantidades: 0
[ACTUALIZAR PAGOS · AUTO] ⏱ PASO 1 (llenar actas): 15.4s
[ACTUALIZAR PAGOS · AUTO] ================================================================================
[ACTUALIZAR PAGOS · AUTO] PASO 2: FILTRANDO PAGOS CON ACTA_NUMERO COMPLETO
[ACTUALIZAR PAGOS · AUTO] ================================================================================
[ACTUALIZAR PAGOS · AUTO] 📊 ESTADÍSTICAS DE FILTRADO:
[ACTUALIZAR PAGOS · AUTO]   • Pagos TOTALES al inicio: 16522
[ACTUALIZAR PAGOS · AUTO]   • Pagos CON acta (MANTIENEN): 2658
[ACTUALIZAR PAGOS · AUTO]   • Pagos RECHAZADOS (sin coincidencias): 13864
[ACTUALIZAR PAGOS · AUTO] ⚠️  Se eliminaron 13864 registros sin número de acta
[ACTUALIZAR PAGOS · AUTO]      (recordá: esto incluye tanto pagos ya actualizados/pagados
[ACTUALIZAR PAGOS · AUTO]       como pagos que quedaron sin resolver por desbalance en el Paso 1)
[ACTUALIZAR PAGOS · AUTO] ================================================================================
[ACTUALIZAR PAGOS · AUTO] PASO 2-bis: CONFIRMANDO VIGENCIA DE PAGOS DEL SISTEMA NUEVO (contra MULTAS_JUZGADO_CRUCE)
[ACTUALIZAR PAGOS · AUTO] ================================================================================
[ACTUALIZAR PAGOS · AUTO]   ⚠ 2648 pago(s) del sistema nuevo descartados: su acta ya no figura como vencida en MULTAS_JUZGADO_CRUCE (SEMyT ya los actualizó).
[ACTUALIZAR PAGOS · AUTO]   • Pagos del sistema nuevo descartados por ya estar actualizados: 2648
[ACTUALIZAR PAGOS · AUTO] ⏱ PASO 2 (filtrar): 1.1s
[ACTUALIZAR PAGOS · AUTO] 📂 Cargando maestro de causas SIGEMI...
[ACTUALIZAR PAGOS · AUTO]   ✓ Causas totales (maestro): 134069 registros
[ACTUALIZAR PAGOS · AUTO] ⏱ PASO 2.5 (causas simplificado): 0.2s
[ACTUALIZAR PAGOS · AUTO] ================================================================================
[ACTUALIZAR PAGOS · AUTO] PASO 2.5: ARMANDO causas.txt SIMPLIFICADO (cruce contra total_causas_sigemi.txt)
[ACTUALIZAR PAGOS · AUTO] ================================================================================
[ACTUALIZAR PAGOS · AUTO]   • Actas vencidas viejas (multas): 103708
[ACTUALIZAR PAGOS · AUTO]   • Causas totales en el maestro SIGEMI: 134069
[ACTUALIZAR PAGOS · AUTO]   • Causas que coinciden (simplificado): 103378
[ACTUALIZAR PAGOS · AUTO]   ✅ Archivo escrito: backend/descargas/causas/causas.txt
[ACTUALIZAR PAGOS · AUTO] ⏱ PASO 2.5 (causas simplificado): 2.4s
[ACTUALIZAR PAGOS · AUTO] ================================================================================
[ACTUALIZAR PAGOS · AUTO] PASO 3: LLENANDO CAUSA_NUMERO (según fecha de cambio de sistema, cruzando por acta + año)
[ACTUALIZAR PAGOS · AUTO] ================================================================================
[ACTUALIZAR PAGOS · AUTO] 📊 ESTADÍSTICAS DE LLENADO DE CAUSAS:
[ACTUALIZAR PAGOS · AUTO]   • Pagos con causa ORIGINAL: 7
[ACTUALIZAR PAGOS · AUTO]   • Causas encontradas en SIGEMI (actas viejas): 3
[ACTUALIZAR PAGOS · AUTO]   • Causas NO encontradas en SIGEMI: 0
[ACTUALIZAR PAGOS · AUTO]   • Causas asignadas automáticamente (actas nuevas): 0
[ACTUALIZAR PAGOS · AUTO] ⏱ PASO 3 (llenar causas): 0.0s
[ACTUALIZAR PAGOS · AUTO] ================================================================================
[ACTUALIZAR PAGOS · AUTO] PASO 4: ORDENANDO POR FECHA Y ACTA_NUMERO
[ACTUALIZAR PAGOS · AUTO] ================================================================================
[ACTUALIZAR PAGOS · AUTO] ✓ Pagos ordenados correctamente
[ACTUALIZAR PAGOS · AUTO]   • Primera entrada: Acta=156640, Fecha=28/05/2025
[ACTUALIZAR PAGOS · AUTO]   • Última entrada: Acta=306215, Fecha=30/04/2026
[ACTUALIZAR PAGOS · AUTO] 📝 Escribiendo archivo de salida...
[ACTUALIZAR PAGOS · AUTO]   ✅ Archivo escrito: backend/descargas/pagos/2026-07-23/PAGOS 20260723 102032.txt
[ACTUALIZAR PAGOS · AUTO]   ✅ Total registros: 1209
[ACTUALIZAR PAGOS · AUTO] ⏱ PASO 4 (ordenar y escribir): 0.0s
[ACTUALIZAR PAGOS · AUTO] ================================================================================
[ACTUALIZAR PAGOS · AUTO] ✅ PROCESO COMPLETADO EXITOSAMENTE
[ACTUALIZAR PAGOS · AUTO] ================================================================================
[ACTUALIZAR PAGOS · AUTO] 📊 RESUMEN FINAL DEL PROCESAMIENTO:
[ACTUALIZAR PAGOS · AUTO]   ENTRADA:
[ACTUALIZAR PAGOS · AUTO]     • Pagos originales: 16522
[ACTUALIZAR PAGOS · AUTO]     • Multas SIGEMI cargadas: 103708
[ACTUALIZAR PAGOS · AUTO]     • Multas Juzgado cargadas: 40350
[ACTUALIZAR PAGOS · AUTO]     • Causas simplificadas (usadas para el cruce): 103378
[ACTUALIZAR PAGOS · AUTO]   PROCESO:
[ACTUALIZAR PAGOS · AUTO]     • Pagos rechazados sigemi: 13864
[ACTUALIZAR PAGOS · AUTO]     • Pagos rechazados juzgado: 2648
[ACTUALIZAR PAGOS · AUTO]   SALIDA:
[ACTUALIZAR PAGOS · AUTO]     • Pagos desactualizados procesados: 10
[ACTUALIZAR PAGOS · AUTO]     • Archivo final: backend/descargas/pagos/2026-07-23/PAGOS 20260723 102032.txt
[ACTUALIZAR PAGOS · AUTO]     • Ordenados por fecha: SÍ ✓
[ACTUALIZAR PAGOS · AUTO]     • Todos con ACTA_NUMERO: SÍ ✓
[ACTUALIZAR PAGOS · AUTO]     • Todos con CAUSA_NUMERO: SÍ ✓
[ACTUALIZAR PAGOS · AUTO] ✅ TXT de pagos (ya cruzado con actas y causas) generado en: backend/descargas/pagos/2026-07-23/PAGOS 20260723 102032.txt
[ACTUALIZAR PAGOS · AUTO] 🧹 TXT de pagos crudo eliminado (ya usado en el cruce): backend/descargas/pagos/2026-07-23/PAGOS DESCARGADOS.txt
[ACTUALIZAR PAGOS · AUTO] 🧹 Excel MULTAS_SIGEMI_CRUCE eliminado (ya usado en el cruce): backend/descargas/cache_actas_cruce/MULTAS_SIGEMI_CRUCE.xlsx
[ACTUALIZAR PAGOS · AUTO] 🧹 Excel MULTAS_JUZGADO_CRUCE eliminado (ya usado en el cruce): backend/descargas/cache_actas_cruce/MULTAS_JUZGADO_CRUCE.xlsx
[ACTUALIZAR PAGOS · AUTO] ✅ CompararActasPaso finalizado. (⏱ 45.6s)
[ACTUALIZAR PAGOS · AUTO] ✓ [CompararActasPaso] Completado.
[ACTUALIZAR PAGOS · AUTO] ▶ [CargarPagosPaso] Iniciando...
[ACTUALIZAR PAGOS · AUTO] ==================================================
[ACTUALIZAR PAGOS · AUTO] 🚀 PASO: CargarPagosPaso
[ACTUALIZAR PAGOS · AUTO] ==================================================
[ACTUALIZAR PAGOS · AUTO] 📤 Subiendo TXT de pagos al SEMyT...
[ACTUALIZAR PAGOS · AUTO] ✅ Importación de pagos completada con éxito.
[ACTUALIZAR PAGOS · AUTO] ✅ Archivo TXT de pagos cargado en el SEMyT correctamente.
[ACTUALIZAR PAGOS · AUTO] ✅ CargarPagosPaso finalizado. (⏱ 2.8s)
[ACTUALIZAR PAGOS · AUTO] ✓ [CargarPagosPaso] Completado.
[ACTUALIZAR PAGOS · AUTO] === Ejecución finalizada con éxito ===
🤖 [Automático] Es hora de actualizar pagos. Arrancando...
[ACTUALIZAR PAGOS · AUTO] === Inicio de ejecución: pagos ===
[ACTUALIZAR PAGOS · AUTO] ▶ [LoginSemytPaso] Iniciando...
[ACTUALIZAR PAGOS · AUTO] ==================================================
[ACTUALIZAR PAGOS · AUTO] 🚀 PASO: LoginSemytPaso
[ACTUALIZAR PAGOS · AUTO] ==================================================
[ACTUALIZAR PAGOS · AUTO] Abriendo SEMyT...
[ACTUALIZAR PAGOS · AUTO] ✅ [SEMyT] Sesión existente detectada. Login omitido.
[ACTUALIZAR PAGOS · AUTO] ✅ LoginSemytPaso finalizado. (⏱ 12.3s)
[ACTUALIZAR PAGOS · AUTO] ✓ [LoginSemytPaso] Completado.
[ACTUALIZAR PAGOS · AUTO] ▶ [LoginJuzgadoPaso] Iniciando...
[ACTUALIZAR PAGOS · AUTO] ==================================================
[ACTUALIZAR PAGOS · AUTO] 🚀 PASO: LoginJuzgadoPaso
[ACTUALIZAR PAGOS · AUTO] ==================================================
⏳ [Automático] Tocaba disparar 'pagos' pero ya hay una ejecución en curso (Actualizar pagos); esperando a que termine; se reintenta en breve sin perder el turno.
[ACTUALIZAR PAGOS · AUTO] Abriendo sitio municipalidad (CiDi)...
[ACTUALIZAR PAGOS · AUTO] ✅ [Juzgado] Sesión existente detectada. Login omitido.
[ACTUALIZAR PAGOS · AUTO] ✅ LoginJuzgadoPaso finalizado. (⏱ 1.5s)
[ACTUALIZAR PAGOS · AUTO] ✓ [LoginJuzgadoPaso] Completado.
[ACTUALIZAR PAGOS · AUTO] ▶ [DescargasParalelasPaso] Iniciando...
[ACTUALIZAR PAGOS · AUTO] ==================================================
[ACTUALIZAR PAGOS · AUTO] 🚀 PASO: DescargasParalelasPaso
[ACTUALIZAR PAGOS · AUTO] ==================================================
[ACTUALIZAR PAGOS · AUTO] 📤 Arrancando las 3 descargas en paralelo (mismo browser, páginas separadas)...
[ACTUALIZAR PAGOS · AUTO] Fecha Desde: 27/06/2024
[ACTUALIZAR PAGOS · AUTO] Fecha Hasta: 24/11/2025
[ACTUALIZAR PAGOS · AUTO] Fecha Desde: 25/11/2025
[ACTUALIZAR PAGOS · AUTO] Fecha Hasta: 23/07/2026
[ACTUALIZAR PAGOS · AUTO] Descargando Excel...
[ACTUALIZAR PAGOS · AUTO] Descargando Excel...
[ACTUALIZAR PAGOS · AUTO] ✅ TXT de pagos descargado en: backend/descargas/pagos/2026-07-23/PAGOS DESCARGADOS.txt
[ACTUALIZAR PAGOS · AUTO] ⏱ [pagos_txt] completado en 24.3s
[ACTUALIZAR PAGOS · AUTO] Archivo descargado en: backend/descargas/cache_actas_cruce/MULTAS_JUZGADO_CRUCE.xlsx
[ACTUALIZAR PAGOS · AUTO] ⏱ [actas_juzgado] completado en 35.8s
[ACTUALIZAR PAGOS · AUTO] Archivo descargado en: backend/descargas/cache_actas_cruce/MULTAS_SIGEMI_CRUCE.xlsx
[ACTUALIZAR PAGOS · AUTO] ⏱ [actas_sigemi] completado en 62.7s
[ACTUALIZAR PAGOS · AUTO] ⏱ TOTAL descargas en paralelo: 62.8s
[ACTUALIZAR PAGOS · AUTO] ✅ DescargasParalelasPaso finalizado. (⏱ 64.3s)
[ACTUALIZAR PAGOS · AUTO] ✓ [DescargasParalelasPaso] Completado.
[ACTUALIZAR PAGOS · AUTO] ▶ [CompararActasPaso] Iniciando...
[ACTUALIZAR PAGOS · AUTO] ==================================================
[ACTUALIZAR PAGOS · AUTO] 🚀 PASO: CompararActasPaso
[ACTUALIZAR PAGOS · AUTO] ==================================================
[ACTUALIZAR PAGOS · AUTO] 🔍 Comparando actas del SEMyT contra pagos del Juzgado...
[ACTUALIZAR PAGOS · AUTO] ================================================================================
[ACTUALIZAR PAGOS · AUTO] INICIANDO PROCESO DE GENERACIÓN DE PAGOS DESACTUALIZADOS
[ACTUALIZAR PAGOS · AUTO] ================================================================================
[ACTUALIZAR PAGOS · AUTO] 📂 Cargando archivos...
[ACTUALIZAR PAGOS · AUTO]   ✓ Pagos: 16526 registros
[ACTUALIZAR PAGOS · AUTO]   ✓ Excel SIGEMI (multas vencidas viejas): 103705 registros
[ACTUALIZAR PAGOS · AUTO]   ✓ Excel Juzgado (multas vencidas nuevas): 40343 registros
[ACTUALIZAR PAGOS · AUTO] ================================================================================
[ACTUALIZAR PAGOS · AUTO] PASO 1: LLENANDO ACTA_NUMERO (búsqueda por patente + fecha, con desempate por hora)
[ACTUALIZAR PAGOS · AUTO] ================================================================================
[ACTUALIZAR PAGOS · AUTO] 📊 ESTADÍSTICAS DE LLENADO DE ACTAS:
[ACTUALIZAR PAGOS · AUTO]   • Pagos con acta ORIGINAL: 2659
[ACTUALIZAR PAGOS · AUTO]   • Pagos SIN acta (buscados): 13867
[ACTUALIZAR PAGOS · AUTO]   • Pagos LLENADOS exitosamente: 0
[ACTUALIZAR PAGOS · AUTO]   • Pagos NO encontrados en multas: 13867
[ACTUALIZAR PAGOS · AUTO]   • Pagos SIN RESOLVER por desbalance de cantidades: 0
[ACTUALIZAR PAGOS · AUTO] ================================================================================
[ACTUALIZAR PAGOS · AUTO] PASO 1: LLENANDO ACTA_NUMERO (búsqueda por patente + fecha, con desempate por hora)
[ACTUALIZAR PAGOS · AUTO] ================================================================================
[ACTUALIZAR PAGOS · AUTO] 📊 ESTADÍSTICAS DE LLENADO DE ACTAS:
[ACTUALIZAR PAGOS · AUTO]   • Pagos con acta ORIGINAL: 2659
[ACTUALIZAR PAGOS · AUTO]   • Pagos SIN acta (buscados): 13867
[ACTUALIZAR PAGOS · AUTO]   • Pagos LLENADOS exitosamente: 0
[ACTUALIZAR PAGOS · AUTO]   • Pagos NO encontrados en multas: 13867
[ACTUALIZAR PAGOS · AUTO]   • Pagos SIN RESOLVER por desbalance de cantidades: 0
[ACTUALIZAR PAGOS · AUTO] ⏱ PASO 1 (llenar actas): 16.8s
[ACTUALIZAR PAGOS · AUTO] ================================================================================
[ACTUALIZAR PAGOS · AUTO] PASO 2: FILTRANDO PAGOS CON ACTA_NUMERO COMPLETO
[ACTUALIZAR PAGOS · AUTO] ================================================================================
[ACTUALIZAR PAGOS · AUTO] 📊 ESTADÍSTICAS DE FILTRADO:
[ACTUALIZAR PAGOS · AUTO]   • Pagos TOTALES al inicio: 16526
[ACTUALIZAR PAGOS · AUTO]   • Pagos CON acta (MANTIENEN): 2659
[ACTUALIZAR PAGOS · AUTO]   • Pagos RECHAZADOS (sin coincidencias): 13867
[ACTUALIZAR PAGOS · AUTO] ⚠️  Se eliminaron 13867 registros sin número de acta
[ACTUALIZAR PAGOS · AUTO]      (recordá: esto incluye tanto pagos ya actualizados/pagados
[ACTUALIZAR PAGOS · AUTO]       como pagos que quedaron sin resolver por desbalance en el Paso 1)
[ACTUALIZAR PAGOS · AUTO] ================================================================================
[ACTUALIZAR PAGOS · AUTO] PASO 2-bis: CONFIRMANDO VIGENCIA DE PAGOS DEL SISTEMA NUEVO (contra MULTAS_JUZGADO_CRUCE)
[ACTUALIZAR PAGOS · AUTO] ================================================================================
[ACTUALIZAR PAGOS · AUTO]   ⚠ 2655 pago(s) del sistema nuevo descartados: su acta ya no figura como vencida en MULTAS_JUZGADO_CRUCE (SEMyT ya los actualizó).
[ACTUALIZAR PAGOS · AUTO]   • Pagos del sistema nuevo descartados por ya estar actualizados: 2655
[ACTUALIZAR PAGOS · AUTO] ⏱ PASO 2 (filtrar): 1.2s
[ACTUALIZAR PAGOS · AUTO] 📂 Cargando maestro de causas SIGEMI...
[ACTUALIZAR PAGOS · AUTO]   ✓ Causas totales (maestro): 134069 registros
[ACTUALIZAR PAGOS · AUTO] ⏱ PASO 2.5 (causas simplificado): 0.2s
[ACTUALIZAR PAGOS · AUTO] ================================================================================
[ACTUALIZAR PAGOS · AUTO] PASO 2.5: ARMANDO causas.txt SIMPLIFICADO (cruce contra total_causas_sigemi.txt)
[ACTUALIZAR PAGOS · AUTO] ================================================================================
[ACTUALIZAR PAGOS · AUTO]   • Actas vencidas viejas (multas): 103705
[ACTUALIZAR PAGOS · AUTO]   • Causas totales en el maestro SIGEMI: 134069
[ACTUALIZAR PAGOS · AUTO]   • Causas que coinciden (simplificado): 103375
[ACTUALIZAR PAGOS · AUTO]   ✅ Archivo escrito: backend/descargas/causas/causas.txt
[ACTUALIZAR PAGOS · AUTO] ⏱ PASO 2.5 (causas simplificado): 2.8s
[ACTUALIZAR PAGOS · AUTO] ================================================================================
[ACTUALIZAR PAGOS · AUTO] PASO 3: LLENANDO CAUSA_NUMERO (según fecha de cambio de sistema, cruzando por acta + año)
[ACTUALIZAR PAGOS · AUTO] ================================================================================
[ACTUALIZAR PAGOS · AUTO] 📊 ESTADÍSTICAS DE LLENADO DE CAUSAS:
[ACTUALIZAR PAGOS · AUTO]   • Pagos con causa ORIGINAL: 4
[ACTUALIZAR PAGOS · AUTO]   • Causas encontradas en SIGEMI (actas viejas): 0
[ACTUALIZAR PAGOS · AUTO]   • Causas NO encontradas en SIGEMI: 0
[ACTUALIZAR PAGOS · AUTO]   • Causas asignadas automáticamente (actas nuevas): 0
[ACTUALIZAR PAGOS · AUTO] ⏱ PASO 3 (llenar causas): 0.0s
[ACTUALIZAR PAGOS · AUTO] ================================================================================
[ACTUALIZAR PAGOS · AUTO] PASO 4: ORDENANDO POR FECHA Y ACTA_NUMERO
[ACTUALIZAR PAGOS · AUTO] ================================================================================
[ACTUALIZAR PAGOS · AUTO] ✓ Pagos ordenados correctamente
[ACTUALIZAR PAGOS · AUTO]   • Primera entrada: Acta=261043, Fecha=02/02/2026
[ACTUALIZAR PAGOS · AUTO]   • Última entrada: Acta=270445, Fecha=24/02/2026
[ACTUALIZAR PAGOS · AUTO] 📝 Escribiendo archivo de salida...
[ACTUALIZAR PAGOS · AUTO]   ✅ Archivo escrito: backend/descargas/pagos/2026-07-23/PAGOS 20260723 103249.txt
[ACTUALIZAR PAGOS · AUTO]   ✅ Total registros: 585
[ACTUALIZAR PAGOS · AUTO] ⏱ PASO 4 (ordenar y escribir): 0.0s
[ACTUALIZAR PAGOS · AUTO] ================================================================================
[ACTUALIZAR PAGOS · AUTO] ✅ PROCESO COMPLETADO EXITOSAMENTE
[ACTUALIZAR PAGOS · AUTO] ================================================================================
[ACTUALIZAR PAGOS · AUTO] 📊 RESUMEN FINAL DEL PROCESAMIENTO:
[ACTUALIZAR PAGOS · AUTO]   ENTRADA:
[ACTUALIZAR PAGOS · AUTO]     • Pagos originales: 16526
[ACTUALIZAR PAGOS · AUTO]     • Multas SIGEMI cargadas: 103705
[ACTUALIZAR PAGOS · AUTO]     • Multas Juzgado cargadas: 40343
[ACTUALIZAR PAGOS · AUTO]     • Causas simplificadas (usadas para el cruce): 103375
[ACTUALIZAR PAGOS · AUTO]   PROCESO:
[ACTUALIZAR PAGOS · AUTO]     • Pagos rechazados sigemi: 13867
[ACTUALIZAR PAGOS · AUTO]     • Pagos rechazados juzgado: 2655
[ACTUALIZAR PAGOS · AUTO]   SALIDA:
[ACTUALIZAR PAGOS · AUTO]     • Pagos desactualizados procesados: 4
[ACTUALIZAR PAGOS · AUTO]     • Archivo final: backend/descargas/pagos/2026-07-23/PAGOS 20260723 103249.txt
[ACTUALIZAR PAGOS · AUTO]     • Ordenados por fecha: SÍ ✓
[ACTUALIZAR PAGOS · AUTO]     • Todos con ACTA_NUMERO: SÍ ✓
[ACTUALIZAR PAGOS · AUTO]     • Todos con CAUSA_NUMERO: SÍ ✓
[ACTUALIZAR PAGOS · AUTO] ✅ TXT de pagos (ya cruzado con actas y causas) generado en: backend/descargas/pagos/2026-07-23/PAGOS 20260723 103249.txt
[ACTUALIZAR PAGOS · AUTO] 🧹 TXT de pagos crudo eliminado (ya usado en el cruce): backend/descargas/pagos/2026-07-23/PAGOS DESCARGADOS.txt
[ACTUALIZAR PAGOS · AUTO] 🧹 Excel MULTAS_SIGEMI_CRUCE eliminado (ya usado en el cruce): backend/descargas/cache_actas_cruce/MULTAS_SIGEMI_CRUCE.xlsx
[ACTUALIZAR PAGOS · AUTO] 🧹 Excel MULTAS_JUZGADO_CRUCE eliminado (ya usado en el cruce): backend/descargas/cache_actas_cruce/MULTAS_JUZGADO_CRUCE.xlsx
[ACTUALIZAR PAGOS · AUTO] ✅ CompararActasPaso finalizado. (⏱ 46.4s)
[ACTUALIZAR PAGOS · AUTO] ✓ [CompararActasPaso] Completado.
[ACTUALIZAR PAGOS · AUTO] ▶ [CargarPagosPaso] Iniciando...
[ACTUALIZAR PAGOS · AUTO] ==================================================
[ACTUALIZAR PAGOS · AUTO] 🚀 PASO: CargarPagosPaso
[ACTUALIZAR PAGOS · AUTO] ==================================================
[ACTUALIZAR PAGOS · AUTO] 📤 Subiendo TXT de pagos al SEMyT...
[ACTUALIZAR PAGOS · AUTO] ✅ Importación de pagos completada con éxito.
[ACTUALIZAR PAGOS · AUTO] ✅ Archivo TXT de pagos cargado en el SEMyT correctamente.
[ACTUALIZAR PAGOS · AUTO] ✅ CargarPagosPaso finalizado. (⏱ 3.1s)
[ACTUALIZAR PAGOS · AUTO] ✓ [CargarPagosPaso] Completado.
[ACTUALIZAR PAGOS · AUTO] === Ejecución finalizada con éxito ===
🤖 [Automático] Es hora de actualizar pagos. Arrancando...
[ACTUALIZAR PAGOS · AUTO] === Inicio de ejecución: pagos ===
[ACTUALIZAR PAGOS · AUTO] ▶ [LoginSemytPaso] Iniciando...
[ACTUALIZAR PAGOS · AUTO] ==================================================
[ACTUALIZAR PAGOS · AUTO] 🚀 PASO: LoginSemytPaso
[ACTUALIZAR PAGOS · AUTO] ==================================================
[ACTUALIZAR PAGOS · AUTO] Abriendo SEMyT...
⏳ [Automático] Tocaba disparar 'pagos' pero ya hay una ejecución en curso (Actualizar pagos); esperando a que termine; se reintenta en breve sin perder el turno.
[ACTUALIZAR PAGOS · AUTO] ✅ [SEMyT] Sesión existente detectada. Login omitido.
[ACTUALIZAR PAGOS · AUTO] ✅ LoginSemytPaso finalizado. (⏱ 16.3s)
[ACTUALIZAR PAGOS · AUTO] ✓ [LoginSemytPaso] Completado.
[ACTUALIZAR PAGOS · AUTO] ▶ [LoginJuzgadoPaso] Iniciando...
[ACTUALIZAR PAGOS · AUTO] ==================================================
[ACTUALIZAR PAGOS · AUTO] 🚀 PASO: LoginJuzgadoPaso
[ACTUALIZAR PAGOS · AUTO] ==================================================
[ACTUALIZAR PAGOS · AUTO] Abriendo sitio municipalidad (CiDi)...
[ACTUALIZAR PAGOS · AUTO] ✅ [Juzgado] Sesión existente detectada. Login omitido.
[ACTUALIZAR PAGOS · AUTO] ✅ LoginJuzgadoPaso finalizado. (⏱ 1.2s)
[ACTUALIZAR PAGOS · AUTO] ✓ [LoginJuzgadoPaso] Completado.
[ACTUALIZAR PAGOS · AUTO] ▶ [DescargasParalelasPaso] Iniciando...
[ACTUALIZAR PAGOS · AUTO] ==================================================
[ACTUALIZAR PAGOS · AUTO] 🚀 PASO: DescargasParalelasPaso
[ACTUALIZAR PAGOS · AUTO] ==================================================
[ACTUALIZAR PAGOS · AUTO] 📤 Arrancando las 3 descargas en paralelo (mismo browser, páginas separadas)...
[ACTUALIZAR PAGOS · AUTO] Fecha Desde: 27/06/2024
[ACTUALIZAR PAGOS · AUTO] Fecha Hasta: 24/11/2025
[ACTUALIZAR PAGOS · AUTO] Fecha Desde: 25/11/2025
[ACTUALIZAR PAGOS · AUTO] Fecha Hasta: 23/07/2026
[ACTUALIZAR PAGOS · AUTO] Descargando Excel...
[ACTUALIZAR PAGOS · AUTO] Descargando Excel...
[ACTUALIZAR PAGOS · AUTO] Archivo descargado en: backend/descargas/cache_actas_cruce/MULTAS_JUZGADO_CRUCE.xlsx
[ACTUALIZAR PAGOS · AUTO] ⏱ [actas_juzgado] completado en 26.2s
[ACTUALIZAR PAGOS · AUTO] ✅ TXT de pagos descargado en: backend/descargas/pagos/2026-07-23/PAGOS DESCARGADOS.txt
[ACTUALIZAR PAGOS · AUTO] ⏱ [pagos_txt] completado en 28.0s
[ACTUALIZAR PAGOS · AUTO] Archivo descargado en: backend/descargas/cache_actas_cruce/MULTAS_SIGEMI_CRUCE.xlsx
[ACTUALIZAR PAGOS · AUTO] ⏱ [actas_sigemi] completado en 69.7s
[ACTUALIZAR PAGOS · AUTO] ⏱ TOTAL descargas en paralelo: 69.7s
[ACTUALIZAR PAGOS · AUTO] ✅ DescargasParalelasPaso finalizado. (⏱ 71.2s)
[ACTUALIZAR PAGOS · AUTO] ✓ [DescargasParalelasPaso] Completado.
[ACTUALIZAR PAGOS · AUTO] ▶ [CompararActasPaso] Iniciando...
[ACTUALIZAR PAGOS · AUTO] ==================================================
[ACTUALIZAR PAGOS · AUTO] 🚀 PASO: CompararActasPaso
[ACTUALIZAR PAGOS · AUTO] ==================================================
[ACTUALIZAR PAGOS · AUTO] 🔍 Comparando actas del SEMyT contra pagos del Juzgado...
[ACTUALIZAR PAGOS · AUTO] ================================================================================
[ACTUALIZAR PAGOS · AUTO] INICIANDO PROCESO DE GENERACIÓN DE PAGOS DESACTUALIZADOS
[ACTUALIZAR PAGOS · AUTO] ================================================================================
[ACTUALIZAR PAGOS · AUTO] 📂 Cargando archivos...
[ACTUALIZAR PAGOS · AUTO]   ✓ Pagos: 16536 registros
[ACTUALIZAR PAGOS · AUTO]   ✓ Excel SIGEMI (multas vencidas viejas): 103705 registros
[ACTUALIZAR PAGOS · AUTO]   ✓ Excel Juzgado (multas vencidas nuevas): 40339 registros
[ACTUALIZAR PAGOS · AUTO] ================================================================================
[ACTUALIZAR PAGOS · AUTO] PASO 1: LLENANDO ACTA_NUMERO (búsqueda por patente + fecha, con desempate por hora)
[ACTUALIZAR PAGOS · AUTO] ================================================================================
[ACTUALIZAR PAGOS · AUTO] 📊 ESTADÍSTICAS DE LLENADO DE ACTAS:
[ACTUALIZAR PAGOS · AUTO]   • Pagos con acta ORIGINAL: 2669
[ACTUALIZAR PAGOS · AUTO]   • Pagos SIN acta (buscados): 13867
[ACTUALIZAR PAGOS · AUTO]   • Pagos LLENADOS exitosamente: 0
[ACTUALIZAR PAGOS · AUTO]   • Pagos NO encontrados en multas: 13867
[ACTUALIZAR PAGOS · AUTO]   • Pagos SIN RESOLVER por desbalance de cantidades: 0
[ACTUALIZAR PAGOS · AUTO] ================================================================================
[ACTUALIZAR PAGOS · AUTO] PASO 1: LLENANDO ACTA_NUMERO (búsqueda por patente + fecha, con desempate por hora)
[ACTUALIZAR PAGOS · AUTO] ================================================================================
[ACTUALIZAR PAGOS · AUTO] 📊 ESTADÍSTICAS DE LLENADO DE ACTAS:
[ACTUALIZAR PAGOS · AUTO]   • Pagos con acta ORIGINAL: 2669
[ACTUALIZAR PAGOS · AUTO]   • Pagos SIN acta (buscados): 13867
[ACTUALIZAR PAGOS · AUTO]   • Pagos LLENADOS exitosamente: 0
[ACTUALIZAR PAGOS · AUTO]   • Pagos NO encontrados en multas: 13867
[ACTUALIZAR PAGOS · AUTO]   • Pagos SIN RESOLVER por desbalance de cantidades: 0
[ACTUALIZAR PAGOS · AUTO] ⏱ PASO 1 (llenar actas): 15.3s
[ACTUALIZAR PAGOS · AUTO] ================================================================================
[ACTUALIZAR PAGOS · AUTO] PASO 2: FILTRANDO PAGOS CON ACTA_NUMERO COMPLETO
[ACTUALIZAR PAGOS · AUTO] ================================================================================
[ACTUALIZAR PAGOS · AUTO] 📊 ESTADÍSTICAS DE FILTRADO:
[ACTUALIZAR PAGOS · AUTO]   • Pagos TOTALES al inicio: 16536
[ACTUALIZAR PAGOS · AUTO]   • Pagos CON acta (MANTIENEN): 2669
[ACTUALIZAR PAGOS · AUTO]   • Pagos RECHAZADOS (sin coincidencias): 13867
[ACTUALIZAR PAGOS · AUTO] ⚠️  Se eliminaron 13867 registros sin número de acta
[ACTUALIZAR PAGOS · AUTO]      (recordá: esto incluye tanto pagos ya actualizados/pagados
[ACTUALIZAR PAGOS · AUTO]       como pagos que quedaron sin resolver por desbalance en el Paso 1)
[ACTUALIZAR PAGOS · AUTO] ================================================================================
[ACTUALIZAR PAGOS · AUTO] PASO 2-bis: CONFIRMANDO VIGENCIA DE PAGOS DEL SISTEMA NUEVO (contra MULTAS_JUZGADO_CRUCE)
[ACTUALIZAR PAGOS · AUTO] ================================================================================
[ACTUALIZAR PAGOS · AUTO]   ⚠ 2659 pago(s) del sistema nuevo descartados: su acta ya no figura como vencida en MULTAS_JUZGADO_CRUCE (SEMyT ya los actualizó).
[ACTUALIZAR PAGOS · AUTO]   • Pagos del sistema nuevo descartados por ya estar actualizados: 2659
[ACTUALIZAR PAGOS · AUTO] ⏱ PASO 2 (filtrar): 1.1s
[ACTUALIZAR PAGOS · AUTO] 📂 Cargando maestro de causas SIGEMI...
[ACTUALIZAR PAGOS · AUTO]   ✓ Causas totales (maestro): 134069 registros
[ACTUALIZAR PAGOS · AUTO] ⏱ PASO 2.5 (causas simplificado): 0.1s
[ACTUALIZAR PAGOS · AUTO] ================================================================================
[ACTUALIZAR PAGOS · AUTO] PASO 2.5: ARMANDO causas.txt SIMPLIFICADO (cruce contra total_causas_sigemi.txt)
[ACTUALIZAR PAGOS · AUTO] ================================================================================
[ACTUALIZAR PAGOS · AUTO]   • Actas vencidas viejas (multas): 103705
[ACTUALIZAR PAGOS · AUTO]   • Causas totales en el maestro SIGEMI: 134069
[ACTUALIZAR PAGOS · AUTO]   • Causas que coinciden (simplificado): 103375
[ACTUALIZAR PAGOS · AUTO]   ✅ Archivo escrito: backend/descargas/causas/causas.txt
[ACTUALIZAR PAGOS · AUTO] ⏱ PASO 2.5 (causas simplificado): 2.4s
[ACTUALIZAR PAGOS · AUTO] ================================================================================
[ACTUALIZAR PAGOS · AUTO] PASO 3: LLENANDO CAUSA_NUMERO (según fecha de cambio de sistema, cruzando por acta + año)
[ACTUALIZAR PAGOS · AUTO] ================================================================================
[ACTUALIZAR PAGOS · AUTO] 📊 ESTADÍSTICAS DE LLENADO DE CAUSAS:
[ACTUALIZAR PAGOS · AUTO]   • Pagos con causa ORIGINAL: 10
[ACTUALIZAR PAGOS · AUTO]   • Causas encontradas en SIGEMI (actas viejas): 0
[ACTUALIZAR PAGOS · AUTO]   • Causas NO encontradas en SIGEMI: 0
[ACTUALIZAR PAGOS · AUTO]   • Causas asignadas automáticamente (actas nuevas): 0
[ACTUALIZAR PAGOS · AUTO] ⏱ PASO 3 (llenar causas): 0.0s
[ACTUALIZAR PAGOS · AUTO] ================================================================================
[ACTUALIZAR PAGOS · AUTO] PASO 4: ORDENANDO POR FECHA Y ACTA_NUMERO
[ACTUALIZAR PAGOS · AUTO] ================================================================================
[ACTUALIZAR PAGOS · AUTO] ✓ Pagos ordenados correctamente
[ACTUALIZAR PAGOS · AUTO]   • Primera entrada: Acta=241420, Fecha=03/12/2025
[ACTUALIZAR PAGOS · AUTO]   • Última entrada: Acta=278244, Fecha=11/03/2026
[ACTUALIZAR PAGOS · AUTO] 📝 Escribiendo archivo de salida...
[ACTUALIZAR PAGOS · AUTO]   ✅ Archivo escrito: backend/descargas/pagos/2026-07-23/PAGOS 20260723 104518.txt
[ACTUALIZAR PAGOS · AUTO]   ✅ Total registros: 1231
[ACTUALIZAR PAGOS · AUTO] ⏱ PASO 4 (ordenar y escribir): 0.0s
[ACTUALIZAR PAGOS · AUTO] ================================================================================
[ACTUALIZAR PAGOS · AUTO] ✅ PROCESO COMPLETADO EXITOSAMENTE
[ACTUALIZAR PAGOS · AUTO] ================================================================================
[ACTUALIZAR PAGOS · AUTO] 📊 RESUMEN FINAL DEL PROCESAMIENTO:
[ACTUALIZAR PAGOS · AUTO]   ENTRADA:
[ACTUALIZAR PAGOS · AUTO]     • Pagos originales: 16536
[ACTUALIZAR PAGOS · AUTO]     • Multas SIGEMI cargadas: 103705
[ACTUALIZAR PAGOS · AUTO]     • Multas Juzgado cargadas: 40339
[ACTUALIZAR PAGOS · AUTO]     • Causas simplificadas (usadas para el cruce): 103375
[ACTUALIZAR PAGOS · AUTO]   PROCESO:
[ACTUALIZAR PAGOS · AUTO]     • Pagos rechazados sigemi: 13867
[ACTUALIZAR PAGOS · AUTO]     • Pagos rechazados juzgado: 2659
[ACTUALIZAR PAGOS · AUTO]   SALIDA:
[ACTUALIZAR PAGOS · AUTO]     • Pagos desactualizados procesados: 10
[ACTUALIZAR PAGOS · AUTO]     • Archivo final: backend/descargas/pagos/2026-07-23/PAGOS 20260723 104518.txt
[ACTUALIZAR PAGOS · AUTO]     • Ordenados por fecha: SÍ ✓
[ACTUALIZAR PAGOS · AUTO]     • Todos con ACTA_NUMERO: SÍ ✓
[ACTUALIZAR PAGOS · AUTO]     • Todos con CAUSA_NUMERO: SÍ ✓
[ACTUALIZAR PAGOS · AUTO] ✅ TXT de pagos (ya cruzado con actas y causas) generado en: backend/descargas/pagos/2026-07-23/PAGOS 20260723 104518.txt
[ACTUALIZAR PAGOS · AUTO] 🧹 TXT de pagos crudo eliminado (ya usado en el cruce): backend/descargas/pagos/2026-07-23/PAGOS DESCARGADOS.txt
[ACTUALIZAR PAGOS · AUTO] 🧹 Excel MULTAS_SIGEMI_CRUCE eliminado (ya usado en el cruce): backend/descargas/cache_actas_cruce/MULTAS_SIGEMI_CRUCE.xlsx
[ACTUALIZAR PAGOS · AUTO] 🧹 Excel MULTAS_JUZGADO_CRUCE eliminado (ya usado en el cruce): backend/descargas/cache_actas_cruce/MULTAS_JUZGADO_CRUCE.xlsx
[ACTUALIZAR PAGOS · AUTO] ✅ CompararActasPaso finalizado. (⏱ 43.5s)
[ACTUALIZAR PAGOS · AUTO] ✓ [CompararActasPaso] Completado.
[ACTUALIZAR PAGOS · AUTO] ▶ [CargarPagosPaso] Iniciando...
[ACTUALIZAR PAGOS · AUTO] ==================================================
[ACTUALIZAR PAGOS · AUTO] 🚀 PASO: CargarPagosPaso
[ACTUALIZAR PAGOS · AUTO] ==================================================
[ACTUALIZAR PAGOS · AUTO] 📤 Subiendo TXT de pagos al SEMyT...
[ACTUALIZAR PAGOS · AUTO] ✅ Importación de pagos completada con éxito.
[ACTUALIZAR PAGOS · AUTO] ✅ Archivo TXT de pagos cargado en el SEMyT correctamente.
[ACTUALIZAR PAGOS · AUTO] ✅ CargarPagosPaso finalizado. (⏱ 2.3s)
[ACTUALIZAR PAGOS · AUTO] ✓ [CargarPagosPaso] Completado.
[ACTUALIZAR PAGOS · AUTO] === Ejecución finalizada con éxito ===
🤖 [Automático] Es hora de actualizar pagos. Arrancando...
[ACTUALIZAR PAGOS · AUTO] === Inicio de ejecución: pagos ===
[ACTUALIZAR PAGOS · AUTO] ▶ [LoginSemytPaso] Iniciando...
[ACTUALIZAR PAGOS · AUTO] ==================================================
[ACTUALIZAR PAGOS · AUTO] 🚀 PASO: LoginSemytPaso
[ACTUALIZAR PAGOS · AUTO] ==================================================
[ACTUALIZAR PAGOS · AUTO] Abriendo SEMyT...
⏳ [Automático] Tocaba disparar 'pagos' pero ya hay una ejecución en curso (Actualizar pagos); esperando a que termine; se reintenta en breve sin perder el turno.
[ACTUALIZAR PAGOS · AUTO] ✅ [SEMyT] Sesión existente detectada. Login omitido.
[ACTUALIZAR PAGOS · AUTO] ✅ LoginSemytPaso finalizado. (⏱ 23.3s)
[ACTUALIZAR PAGOS · AUTO] ✓ [LoginSemytPaso] Completado.
[ACTUALIZAR PAGOS · AUTO] ▶ [LoginJuzgadoPaso] Iniciando...
[ACTUALIZAR PAGOS · AUTO] ==================================================
[ACTUALIZAR PAGOS · AUTO] 🚀 PASO: LoginJuzgadoPaso
[ACTUALIZAR PAGOS · AUTO] ==================================================
[ACTUALIZAR PAGOS · AUTO] Abriendo sitio municipalidad (CiDi)...
[ACTUALIZAR PAGOS · AUTO] ✅ [Juzgado] Sesión existente detectada. Login omitido.
[ACTUALIZAR PAGOS · AUTO] ✅ LoginJuzgadoPaso finalizado. (⏱ 1.7s)
[ACTUALIZAR PAGOS · AUTO] ✓ [LoginJuzgadoPaso] Completado.
[ACTUALIZAR PAGOS · AUTO] ▶ [DescargasParalelasPaso] Iniciando...
[ACTUALIZAR PAGOS · AUTO] ==================================================
[ACTUALIZAR PAGOS · AUTO] 🚀 PASO: DescargasParalelasPaso
[ACTUALIZAR PAGOS · AUTO] ==================================================
[ACTUALIZAR PAGOS · AUTO] 📤 Arrancando las 3 descargas en paralelo (mismo browser, páginas separadas)...
[ACTUALIZAR PAGOS · AUTO] Fecha Desde: 27/06/2024
[ACTUALIZAR PAGOS · AUTO] Fecha Hasta: 24/11/2025
[ACTUALIZAR PAGOS · AUTO] Fecha Desde: 25/11/2025
[ACTUALIZAR PAGOS · AUTO] Fecha Hasta: 23/07/2026
[ACTUALIZAR PAGOS · AUTO] Descargando Excel...
[ACTUALIZAR PAGOS · AUTO] Descargando Excel...
[ACTUALIZAR PAGOS · AUTO] Archivo descargado en: backend/descargas/cache_actas_cruce/MULTAS_JUZGADO_CRUCE.xlsx
[ACTUALIZAR PAGOS · AUTO] ⏱ [actas_juzgado] completado en 33.6s
[ACTUALIZAR PAGOS · AUTO] ✅ TXT de pagos descargado en: backend/descargas/pagos/2026-07-23/PAGOS DESCARGADOS.txt
[ACTUALIZAR PAGOS · AUTO] ⏱ [pagos_txt] completado en 33.7s
[ACTUALIZAR PAGOS · AUTO] Archivo descargado en: backend/descargas/cache_actas_cruce/MULTAS_SIGEMI_CRUCE.xlsx
[ACTUALIZAR PAGOS · AUTO] ⏱ [actas_sigemi] completado en 72.1s
[ACTUALIZAR PAGOS · AUTO] ⏱ TOTAL descargas en paralelo: 72.1s
[ACTUALIZAR PAGOS · AUTO] ✅ DescargasParalelasPaso finalizado. (⏱ 73.8s)
[ACTUALIZAR PAGOS · AUTO] ✓ [DescargasParalelasPaso] Completado.
[ACTUALIZAR PAGOS · AUTO] ▶ [CompararActasPaso] Iniciando...
[ACTUALIZAR PAGOS · AUTO] ==================================================
[ACTUALIZAR PAGOS · AUTO] 🚀 PASO: CompararActasPaso
[ACTUALIZAR PAGOS · AUTO] ==================================================
[ACTUALIZAR PAGOS · AUTO] 🔍 Comparando actas del SEMyT contra pagos del Juzgado...
[ACTUALIZAR PAGOS · AUTO] ================================================================================
[ACTUALIZAR PAGOS · AUTO] INICIANDO PROCESO DE GENERACIÓN DE PAGOS DESACTUALIZADOS
[ACTUALIZAR PAGOS · AUTO] ================================================================================
[ACTUALIZAR PAGOS · AUTO] 📂 Cargando archivos...
[ACTUALIZAR PAGOS · AUTO]   ✓ Pagos: 16543 registros
[ACTUALIZAR PAGOS · AUTO]   ✓ Excel SIGEMI (multas vencidas viejas): 103705 registros
[ACTUALIZAR PAGOS · AUTO]   ✓ Excel Juzgado (multas vencidas nuevas): 40329 registros
[ACTUALIZAR PAGOS · AUTO] ================================================================================
[ACTUALIZAR PAGOS · AUTO] PASO 1: LLENANDO ACTA_NUMERO (búsqueda por patente + fecha, con desempate por hora)
[ACTUALIZAR PAGOS · AUTO] ================================================================================
[ACTUALIZAR PAGOS · AUTO] 📊 ESTADÍSTICAS DE LLENADO DE ACTAS:
[ACTUALIZAR PAGOS · AUTO]   • Pagos con acta ORIGINAL: 2675
[ACTUALIZAR PAGOS · AUTO]   • Pagos SIN acta (buscados): 13868
[ACTUALIZAR PAGOS · AUTO]   • Pagos LLENADOS exitosamente: 1
[ACTUALIZAR PAGOS · AUTO]   • Pagos NO encontrados en multas: 13867
[ACTUALIZAR PAGOS · AUTO]   • Pagos SIN RESOLVER por desbalance de cantidades: 0
[ACTUALIZAR PAGOS · AUTO] ================================================================================
[ACTUALIZAR PAGOS · AUTO] PASO 1: LLENANDO ACTA_NUMERO (búsqueda por patente + fecha, con desempate por hora)
[ACTUALIZAR PAGOS · AUTO] ================================================================================
[ACTUALIZAR PAGOS · AUTO] 📊 ESTADÍSTICAS DE LLENADO DE ACTAS:
[ACTUALIZAR PAGOS · AUTO]   • Pagos con acta ORIGINAL: 2676
[ACTUALIZAR PAGOS · AUTO]   • Pagos SIN acta (buscados): 13867
[ACTUALIZAR PAGOS · AUTO]   • Pagos LLENADOS exitosamente: 0
[ACTUALIZAR PAGOS · AUTO]   • Pagos NO encontrados en multas: 13867
[ACTUALIZAR PAGOS · AUTO]   • Pagos SIN RESOLVER por desbalance de cantidades: 0
[ACTUALIZAR PAGOS · AUTO] ⏱ PASO 1 (llenar actas): 19.2s
[ACTUALIZAR PAGOS · AUTO] ================================================================================
[ACTUALIZAR PAGOS · AUTO] PASO 2: FILTRANDO PAGOS CON ACTA_NUMERO COMPLETO
[ACTUALIZAR PAGOS · AUTO] ================================================================================
[ACTUALIZAR PAGOS · AUTO] 📊 ESTADÍSTICAS DE FILTRADO:
[ACTUALIZAR PAGOS · AUTO]   • Pagos TOTALES al inicio: 16543
[ACTUALIZAR PAGOS · AUTO]   • Pagos CON acta (MANTIENEN): 2676
[ACTUALIZAR PAGOS · AUTO]   • Pagos RECHAZADOS (sin coincidencias): 13867
[ACTUALIZAR PAGOS · AUTO] ⚠️  Se eliminaron 13867 registros sin número de acta
[ACTUALIZAR PAGOS · AUTO]      (recordá: esto incluye tanto pagos ya actualizados/pagados
[ACTUALIZAR PAGOS · AUTO]       como pagos que quedaron sin resolver por desbalance en el Paso 1)
[ACTUALIZAR PAGOS · AUTO] ================================================================================
[ACTUALIZAR PAGOS · AUTO] PASO 2-bis: CONFIRMANDO VIGENCIA DE PAGOS DEL SISTEMA NUEVO (contra MULTAS_JUZGADO_CRUCE)
[ACTUALIZAR PAGOS · AUTO] ================================================================================
[ACTUALIZAR PAGOS · AUTO]   ⚠ 2669 pago(s) del sistema nuevo descartados: su acta ya no figura como vencida en MULTAS_JUZGADO_CRUCE (SEMyT ya los actualizó).
[ACTUALIZAR PAGOS · AUTO]   • Pagos del sistema nuevo descartados por ya estar actualizados: 2669
[ACTUALIZAR PAGOS · AUTO] ⏱ PASO 2 (filtrar): 1.3s
[ACTUALIZAR PAGOS · AUTO] 📂 Cargando maestro de causas SIGEMI...
[ACTUALIZAR PAGOS · AUTO]   ✓ Causas totales (maestro): 134069 registros
[ACTUALIZAR PAGOS · AUTO] ⏱ PASO 2.5 (causas simplificado): 0.2s
[ACTUALIZAR PAGOS · AUTO] ================================================================================
[ACTUALIZAR PAGOS · AUTO] PASO 2.5: ARMANDO causas.txt SIMPLIFICADO (cruce contra total_causas_sigemi.txt)
[ACTUALIZAR PAGOS · AUTO] ================================================================================
[ACTUALIZAR PAGOS · AUTO]   • Actas vencidas viejas (multas): 103705
[ACTUALIZAR PAGOS · AUTO]   • Causas totales en el maestro SIGEMI: 134069
[ACTUALIZAR PAGOS · AUTO]   • Causas que coinciden (simplificado): 103375
[ACTUALIZAR PAGOS · AUTO]   ✅ Archivo escrito: backend/descargas/causas/causas.txt
[ACTUALIZAR PAGOS · AUTO] ⏱ PASO 2.5 (causas simplificado): 3.0s
[ACTUALIZAR PAGOS · AUTO] ================================================================================
[ACTUALIZAR PAGOS · AUTO] PASO 3: LLENANDO CAUSA_NUMERO (según fecha de cambio de sistema, cruzando por acta + año)
[ACTUALIZAR PAGOS · AUTO] ================================================================================
[ACTUALIZAR PAGOS · AUTO] 📊 ESTADÍSTICAS DE LLENADO DE CAUSAS:
[ACTUALIZAR PAGOS · AUTO]   • Pagos con causa ORIGINAL: 6
[ACTUALIZAR PAGOS · AUTO]   • Causas encontradas en SIGEMI (actas viejas): 1
[ACTUALIZAR PAGOS · AUTO]   • Causas NO encontradas en SIGEMI: 0
[ACTUALIZAR PAGOS · AUTO]   • Causas asignadas automáticamente (actas nuevas): 0
[ACTUALIZAR PAGOS · AUTO] ⏱ PASO 3 (llenar causas): 0.0s
[ACTUALIZAR PAGOS · AUTO] ================================================================================
[ACTUALIZAR PAGOS · AUTO] PASO 4: ORDENANDO POR FECHA Y ACTA_NUMERO
[ACTUALIZAR PAGOS · AUTO] ================================================================================
[ACTUALIZAR PAGOS · AUTO] ✓ Pagos ordenados correctamente
[ACTUALIZAR PAGOS · AUTO]   • Primera entrada: Acta=196174, Fecha=28/08/2025
[ACTUALIZAR PAGOS · AUTO]   • Última entrada: Acta=313399, Fecha=14/05/2026
[ACTUALIZAR PAGOS · AUTO] 📝 Escribiendo archivo de salida...
[ACTUALIZAR PAGOS · AUTO]   ✅ Archivo escrito: backend/descargas/pagos/2026-07-23/PAGOS 20260723 105747.txt
[ACTUALIZAR PAGOS · AUTO]   ✅ Total registros: 891
[ACTUALIZAR PAGOS · AUTO] ⏱ PASO 4 (ordenar y escribir): 0.0s
[ACTUALIZAR PAGOS · AUTO] ================================================================================
[ACTUALIZAR PAGOS · AUTO] ✅ PROCESO COMPLETADO EXITOSAMENTE
[ACTUALIZAR PAGOS · AUTO] ================================================================================
[ACTUALIZAR PAGOS · AUTO] 📊 RESUMEN FINAL DEL PROCESAMIENTO:
[ACTUALIZAR PAGOS · AUTO]   ENTRADA:
[ACTUALIZAR PAGOS · AUTO]     • Pagos originales: 16543
[ACTUALIZAR PAGOS · AUTO]     • Multas SIGEMI cargadas: 103705
[ACTUALIZAR PAGOS · AUTO]     • Multas Juzgado cargadas: 40329
[ACTUALIZAR PAGOS · AUTO]     • Causas simplificadas (usadas para el cruce): 103375
[ACTUALIZAR PAGOS · AUTO]   PROCESO:
[ACTUALIZAR PAGOS · AUTO]     • Pagos rechazados sigemi: 13867
[ACTUALIZAR PAGOS · AUTO]     • Pagos rechazados juzgado: 2669
[ACTUALIZAR PAGOS · AUTO]   SALIDA:
[ACTUALIZAR PAGOS · AUTO]     • Pagos desactualizados procesados: 7
[ACTUALIZAR PAGOS · AUTO]     • Archivo final: backend/descargas/pagos/2026-07-23/PAGOS 20260723 105747.txt
[ACTUALIZAR PAGOS · AUTO]     • Ordenados por fecha: SÍ ✓
[ACTUALIZAR PAGOS · AUTO]     • Todos con ACTA_NUMERO: SÍ ✓
[ACTUALIZAR PAGOS · AUTO]     • Todos con CAUSA_NUMERO: SÍ ✓
[ACTUALIZAR PAGOS · AUTO] ✅ TXT de pagos (ya cruzado con actas y causas) generado en: backend/descargas/pagos/2026-07-23/PAGOS 20260723 105747.txt
[ACTUALIZAR PAGOS · AUTO] 🧹 TXT de pagos crudo eliminado (ya usado en el cruce): backend/descargas/pagos/2026-07-23/PAGOS DESCARGADOS.txt
[ACTUALIZAR PAGOS · AUTO] 🧹 Excel MULTAS_SIGEMI_CRUCE eliminado (ya usado en el cruce): backend/descargas/cache_actas_cruce/MULTAS_SIGEMI_CRUCE.xlsx
[ACTUALIZAR PAGOS · AUTO] 🧹 Excel MULTAS_JUZGADO_CRUCE eliminado (ya usado en el cruce): backend/descargas/cache_actas_cruce/MULTAS_JUZGADO_CRUCE.xlsx
[ACTUALIZAR PAGOS · AUTO] ✅ CompararActasPaso finalizado. (⏱ 52.7s)
[ACTUALIZAR PAGOS · AUTO] ✓ [CompararActasPaso] Completado.
[ACTUALIZAR PAGOS · AUTO] ▶ [CargarPagosPaso] Iniciando...
[ACTUALIZAR PAGOS · AUTO] ==================================================
[ACTUALIZAR PAGOS · AUTO] 🚀 PASO: CargarPagosPaso
[ACTUALIZAR PAGOS · AUTO] ==================================================
[ACTUALIZAR PAGOS · AUTO] 📤 Subiendo TXT de pagos al SEMyT...
[ACTUALIZAR PAGOS · AUTO] ✅ Importación de pagos completada con éxito.
[ACTUALIZAR PAGOS · AUTO] ✅ Archivo TXT de pagos cargado en el SEMyT correctamente.
[ACTUALIZAR PAGOS · AUTO] ✅ CargarPagosPaso finalizado. (⏱ 2.8s)
[ACTUALIZAR PAGOS · AUTO] ✓ [CargarPagosPaso] Completado.
[ACTUALIZAR PAGOS · AUTO] === Ejecución finalizada con éxito ===
🤖 [Automático] Es hora de actualizar pagos. Arrancando...
[ACTUALIZAR PAGOS · AUTO] === Inicio de ejecución: pagos ===
[ACTUALIZAR PAGOS · AUTO] ▶ [LoginSemytPaso] Iniciando...
[ACTUALIZAR PAGOS · AUTO] ==================================================
[ACTUALIZAR PAGOS · AUTO] 🚀 PASO: LoginSemytPaso
[ACTUALIZAR PAGOS · AUTO] ==================================================
[ACTUALIZAR PAGOS · AUTO] Abriendo SEMyT...
⏳ [Automático] Tocaba disparar 'pagos' pero ya hay una ejecución en curso (Actualizar pagos); esperando a que termine; se reintenta en breve sin perder el turno.
[ACTUALIZAR PAGOS · AUTO] ✅ [SEMyT] Sesión existente detectada. Login omitido.
[ACTUALIZAR PAGOS · AUTO] ✅ LoginSemytPaso finalizado. (⏱ 44.8s)
[ACTUALIZAR PAGOS · AUTO] ✓ [LoginSemytPaso] Completado.
[ACTUALIZAR PAGOS · AUTO] ▶ [LoginJuzgadoPaso] Iniciando...
[ACTUALIZAR PAGOS · AUTO] ==================================================
[ACTUALIZAR PAGOS · AUTO] 🚀 PASO: LoginJuzgadoPaso
[ACTUALIZAR PAGOS · AUTO] ==================================================
[ACTUALIZAR PAGOS · AUTO] Abriendo sitio municipalidad (CiDi)...
[ACTUALIZAR PAGOS · AUTO] ✅ [Juzgado] Sesión existente detectada. Login omitido.
[ACTUALIZAR PAGOS · AUTO] ✅ LoginJuzgadoPaso finalizado. (⏱ 2.6s)
[ACTUALIZAR PAGOS · AUTO] ✓ [LoginJuzgadoPaso] Completado.
[ACTUALIZAR PAGOS · AUTO] ▶ [DescargasParalelasPaso] Iniciando...
[ACTUALIZAR PAGOS · AUTO] ==================================================
[ACTUALIZAR PAGOS · AUTO] 🚀 PASO: DescargasParalelasPaso
[ACTUALIZAR PAGOS · AUTO] ==================================================
[ACTUALIZAR PAGOS · AUTO] 📤 Arrancando las 3 descargas en paralelo (mismo browser, páginas separadas)...
[ACTUALIZAR PAGOS · AUTO] Fecha Desde: 27/06/2024
[ACTUALIZAR PAGOS · AUTO] Fecha Hasta: 24/11/2025
[ACTUALIZAR PAGOS · AUTO] Fecha Desde: 25/11/2025
[ACTUALIZAR PAGOS · AUTO] Fecha Hasta: 23/07/2026
[ACTUALIZAR PAGOS · AUTO] Descargando Excel...
[ACTUALIZAR PAGOS · AUTO] Descargando Excel...
[ACTUALIZAR PAGOS · AUTO] Archivo descargado en: backend/descargas/cache_actas_cruce/MULTAS_JUZGADO_CRUCE.xlsx
[ACTUALIZAR PAGOS · AUTO] ⏱ [actas_juzgado] completado en 41.5s
[ACTUALIZAR PAGOS · AUTO] ✅ TXT de pagos descargado en: backend/descargas/pagos/2026-07-23/PAGOS DESCARGADOS.txt
[ACTUALIZAR PAGOS · AUTO] ⏱ [pagos_txt] completado en 41.7s
[ACTUALIZAR PAGOS · AUTO] Archivo descargado en: backend/descargas/cache_actas_cruce/MULTAS_SIGEMI_CRUCE.xlsx
[ACTUALIZAR PAGOS · AUTO] ⏱ [actas_sigemi] completado en 79.1s
[ACTUALIZAR PAGOS · AUTO] ⏱ TOTAL descargas en paralelo: 79.1s
[ACTUALIZAR PAGOS · AUTO] ✅ DescargasParalelasPaso finalizado. (⏱ 80.5s)
[ACTUALIZAR PAGOS · AUTO] ✓ [DescargasParalelasPaso] Completado.
[ACTUALIZAR PAGOS · AUTO] ▶ [CompararActasPaso] Iniciando...
[ACTUALIZAR PAGOS · AUTO] ==================================================
[ACTUALIZAR PAGOS · AUTO] 🚀 PASO: CompararActasPaso
[ACTUALIZAR PAGOS · AUTO] ==================================================
[ACTUALIZAR PAGOS · AUTO] 🔍 Comparando actas del SEMyT contra pagos del Juzgado...
[ACTUALIZAR PAGOS · AUTO] ================================================================================
[ACTUALIZAR PAGOS · AUTO] INICIANDO PROCESO DE GENERACIÓN DE PAGOS DESACTUALIZADOS
[ACTUALIZAR PAGOS · AUTO] ================================================================================
[ACTUALIZAR PAGOS · AUTO] 📂 Cargando archivos...
[ACTUALIZAR PAGOS · AUTO]   ✓ Pagos: 16553 registros
[ACTUALIZAR PAGOS · AUTO]   ✓ Excel SIGEMI (multas vencidas viejas): 103704 registros
[ACTUALIZAR PAGOS · AUTO]   ✓ Excel Juzgado (multas vencidas nuevas): 40323 registros
[ACTUALIZAR PAGOS · AUTO] ================================================================================
[ACTUALIZAR PAGOS · AUTO] PASO 1: LLENANDO ACTA_NUMERO (búsqueda por patente + fecha, con desempate por hora)
[ACTUALIZAR PAGOS · AUTO] ================================================================================
[ACTUALIZAR PAGOS · AUTO] 📊 ESTADÍSTICAS DE LLENADO DE ACTAS:
[ACTUALIZAR PAGOS · AUTO]   • Pagos con acta ORIGINAL: 2683
[ACTUALIZAR PAGOS · AUTO]   • Pagos SIN acta (buscados): 13870
[ACTUALIZAR PAGOS · AUTO]   • Pagos LLENADOS exitosamente: 2
[ACTUALIZAR PAGOS · AUTO]   • Pagos NO encontrados en multas: 13868
[ACTUALIZAR PAGOS · AUTO]   • Pagos SIN RESOLVER por desbalance de cantidades: 0
[ACTUALIZAR PAGOS · AUTO] ================================================================================
[ACTUALIZAR PAGOS · AUTO] PASO 1: LLENANDO ACTA_NUMERO (búsqueda por patente + fecha, con desempate por hora)
[ACTUALIZAR PAGOS · AUTO] ================================================================================
[ACTUALIZAR PAGOS · AUTO] 📊 ESTADÍSTICAS DE LLENADO DE ACTAS:
[ACTUALIZAR PAGOS · AUTO]   • Pagos con acta ORIGINAL: 2685
[ACTUALIZAR PAGOS · AUTO]   • Pagos SIN acta (buscados): 13868
[ACTUALIZAR PAGOS · AUTO]   • Pagos LLENADOS exitosamente: 0
[ACTUALIZAR PAGOS · AUTO]   • Pagos NO encontrados en multas: 13868
[ACTUALIZAR PAGOS · AUTO]   • Pagos SIN RESOLVER por desbalance de cantidades: 0
[ACTUALIZAR PAGOS · AUTO] ⏱ PASO 1 (llenar actas): 16.6s
[ACTUALIZAR PAGOS · AUTO] ================================================================================
[ACTUALIZAR PAGOS · AUTO] PASO 2: FILTRANDO PAGOS CON ACTA_NUMERO COMPLETO
[ACTUALIZAR PAGOS · AUTO] ================================================================================
[ACTUALIZAR PAGOS · AUTO] 📊 ESTADÍSTICAS DE FILTRADO:
[ACTUALIZAR PAGOS · AUTO]   • Pagos TOTALES al inicio: 16553
[ACTUALIZAR PAGOS · AUTO]   • Pagos CON acta (MANTIENEN): 2685
[ACTUALIZAR PAGOS · AUTO]   • Pagos RECHAZADOS (sin coincidencias): 13868
[ACTUALIZAR PAGOS · AUTO] ⚠️  Se eliminaron 13868 registros sin número de acta
[ACTUALIZAR PAGOS · AUTO]      (recordá: esto incluye tanto pagos ya actualizados/pagados
[ACTUALIZAR PAGOS · AUTO]       como pagos que quedaron sin resolver por desbalance en el Paso 1)
[ACTUALIZAR PAGOS · AUTO] ================================================================================
[ACTUALIZAR PAGOS · AUTO] PASO 2-bis: CONFIRMANDO VIGENCIA DE PAGOS DEL SISTEMA NUEVO (contra MULTAS_JUZGADO_CRUCE)
[ACTUALIZAR PAGOS · AUTO] ================================================================================
[ACTUALIZAR PAGOS · AUTO]   ⚠ 2675 pago(s) del sistema nuevo descartados: su acta ya no figura como vencida en MULTAS_JUZGADO_CRUCE (SEMyT ya los actualizó).
[ACTUALIZAR PAGOS · AUTO]   • Pagos del sistema nuevo descartados por ya estar actualizados: 2675
[ACTUALIZAR PAGOS · AUTO] ⏱ PASO 2 (filtrar): 1.0s
[ACTUALIZAR PAGOS · AUTO] 📂 Cargando maestro de causas SIGEMI...
[ACTUALIZAR PAGOS · AUTO]   ✓ Causas totales (maestro): 134069 registros
[ACTUALIZAR PAGOS · AUTO] ⏱ PASO 2.5 (causas simplificado): 0.2s
[ACTUALIZAR PAGOS · AUTO] ================================================================================
[ACTUALIZAR PAGOS · AUTO] PASO 2.5: ARMANDO causas.txt SIMPLIFICADO (cruce contra total_causas_sigemi.txt)
[ACTUALIZAR PAGOS · AUTO] ================================================================================
[ACTUALIZAR PAGOS · AUTO]   • Actas vencidas viejas (multas): 103704
[ACTUALIZAR PAGOS · AUTO]   • Causas totales en el maestro SIGEMI: 134069
[ACTUALIZAR PAGOS · AUTO]   • Causas que coinciden (simplificado): 103374
[ACTUALIZAR PAGOS · AUTO]   ✅ Archivo escrito: backend/descargas/causas/causas.txt
[ACTUALIZAR PAGOS · AUTO] ⏱ PASO 2.5 (causas simplificado): 2.6s
[ACTUALIZAR PAGOS · AUTO] ================================================================================
[ACTUALIZAR PAGOS · AUTO] PASO 3: LLENANDO CAUSA_NUMERO (según fecha de cambio de sistema, cruzando por acta + año)
[ACTUALIZAR PAGOS · AUTO] ================================================================================
[ACTUALIZAR PAGOS · AUTO] 📊 ESTADÍSTICAS DE LLENADO DE CAUSAS:
[ACTUALIZAR PAGOS · AUTO]   • Pagos con causa ORIGINAL: 8
[ACTUALIZAR PAGOS · AUTO]   • Causas encontradas en SIGEMI (actas viejas): 2
[ACTUALIZAR PAGOS · AUTO]   • Causas NO encontradas en SIGEMI: 0
[ACTUALIZAR PAGOS · AUTO]   • Causas asignadas automáticamente (actas nuevas): 0
[ACTUALIZAR PAGOS · AUTO] ⏱ PASO 3 (llenar causas): 0.0s
[ACTUALIZAR PAGOS · AUTO] ================================================================================
[ACTUALIZAR PAGOS · AUTO] PASO 4: ORDENANDO POR FECHA Y ACTA_NUMERO
[ACTUALIZAR PAGOS · AUTO] ================================================================================
[ACTUALIZAR PAGOS · AUTO] ✓ Pagos ordenados correctamente
[ACTUALIZAR PAGOS · AUTO]   • Primera entrada: Acta=220922, Fecha=16/10/2025
[ACTUALIZAR PAGOS · AUTO]   • Última entrada: Acta=303603, Fecha=28/04/2026
[ACTUALIZAR PAGOS · AUTO] 📝 Escribiendo archivo de salida...
[ACTUALIZAR PAGOS · AUTO]   ✅ Archivo escrito: backend/descargas/pagos/2026-07-23/PAGOS 20260723 111105.txt
[ACTUALIZAR PAGOS · AUTO]   ✅ Total registros: 1215
[ACTUALIZAR PAGOS · AUTO] ⏱ PASO 4 (ordenar y escribir): 0.0s
[ACTUALIZAR PAGOS · AUTO] ================================================================================
[ACTUALIZAR PAGOS · AUTO] ✅ PROCESO COMPLETADO EXITOSAMENTE
[ACTUALIZAR PAGOS · AUTO] ================================================================================
[ACTUALIZAR PAGOS · AUTO] 📊 RESUMEN FINAL DEL PROCESAMIENTO:
[ACTUALIZAR PAGOS · AUTO]   ENTRADA:
[ACTUALIZAR PAGOS · AUTO]     • Pagos originales: 16553
[ACTUALIZAR PAGOS · AUTO]     • Multas SIGEMI cargadas: 103704
[ACTUALIZAR PAGOS · AUTO]     • Multas Juzgado cargadas: 40323
[ACTUALIZAR PAGOS · AUTO]     • Causas simplificadas (usadas para el cruce): 103374
[ACTUALIZAR PAGOS · AUTO]   PROCESO:
[ACTUALIZAR PAGOS · AUTO]     • Pagos rechazados sigemi: 13868
[ACTUALIZAR PAGOS · AUTO]     • Pagos rechazados juzgado: 2675
[ACTUALIZAR PAGOS · AUTO]   SALIDA:
[ACTUALIZAR PAGOS · AUTO]     • Pagos desactualizados procesados: 10
[ACTUALIZAR PAGOS · AUTO]     • Archivo final: backend/descargas/pagos/2026-07-23/PAGOS 20260723 111105.txt
[ACTUALIZAR PAGOS · AUTO]     • Ordenados por fecha: SÍ ✓
[ACTUALIZAR PAGOS · AUTO]     • Todos con ACTA_NUMERO: SÍ ✓
[ACTUALIZAR PAGOS · AUTO]     • Todos con CAUSA_NUMERO: SÍ ✓
[ACTUALIZAR PAGOS · AUTO] ✅ TXT de pagos (ya cruzado con actas y causas) generado en: backend/descargas/pagos/2026-07-23/PAGOS 20260723 111105.txt
[ACTUALIZAR PAGOS · AUTO] 🧹 TXT de pagos crudo eliminado (ya usado en el cruce): backend/descargas/pagos/2026-07-23/PAGOS DESCARGADOS.txt
[ACTUALIZAR PAGOS · AUTO] 🧹 Excel MULTAS_SIGEMI_CRUCE eliminado (ya usado en el cruce): backend/descargas/cache_actas_cruce/MULTAS_SIGEMI_CRUCE.xlsx
[ACTUALIZAR PAGOS · AUTO] 🧹 Excel MULTAS_JUZGADO_CRUCE eliminado (ya usado en el cruce): backend/descargas/cache_actas_cruce/MULTAS_JUZGADO_CRUCE.xlsx
[ACTUALIZAR PAGOS · AUTO] ✅ CompararActasPaso finalizado. (⏱ 44.6s)
[ACTUALIZAR PAGOS · AUTO] ✓ [CompararActasPaso] Completado.
[ACTUALIZAR PAGOS · AUTO] ▶ [CargarPagosPaso] Iniciando...
[ACTUALIZAR PAGOS · AUTO] ==================================================
[ACTUALIZAR PAGOS · AUTO] 🚀 PASO: CargarPagosPaso
[ACTUALIZAR PAGOS · AUTO] ==================================================
[ACTUALIZAR PAGOS · AUTO] 📤 Subiendo TXT de pagos al SEMyT...
[ACTUALIZAR PAGOS · AUTO] ✅ Importación de pagos completada con éxito.
[ACTUALIZAR PAGOS · AUTO] ✅ Archivo TXT de pagos cargado en el SEMyT correctamente.
[ACTUALIZAR PAGOS · AUTO] ✅ CargarPagosPaso finalizado. (⏱ 3.2s)
[ACTUALIZAR PAGOS · AUTO] ✓ [CargarPagosPaso] Completado.
[ACTUALIZAR PAGOS · AUTO] === Ejecución finalizada con éxito ===
🤖 [Automático] Es hora de actualizar pagos. Arrancando...
[ACTUALIZAR PAGOS · AUTO] === Inicio de ejecución: pagos ===
[ACTUALIZAR PAGOS · AUTO] ▶ [LoginSemytPaso] Iniciando...
[ACTUALIZAR PAGOS · AUTO] ==================================================
[ACTUALIZAR PAGOS · AUTO] 🚀 PASO: LoginSemytPaso
[ACTUALIZAR PAGOS · AUTO] ==================================================
[ACTUALIZAR PAGOS · AUTO] Abriendo SEMyT...
⏳ [Automático] Tocaba disparar 'pagos' pero ya hay una ejecución en curso (Actualizar pagos); esperando a que termine; se reintenta en breve sin perder el turno.
[ACTUALIZAR PAGOS · AUTO] ✅ [SEMyT] Sesión existente detectada. Login omitido.
[ACTUALIZAR PAGOS · AUTO] ✅ LoginSemytPaso finalizado. (⏱ 27.3s)
[ACTUALIZAR PAGOS · AUTO] ✓ [LoginSemytPaso] Completado.
[ACTUALIZAR PAGOS · AUTO] ▶ [LoginJuzgadoPaso] Iniciando...
[ACTUALIZAR PAGOS · AUTO] ==================================================
[ACTUALIZAR PAGOS · AUTO] 🚀 PASO: LoginJuzgadoPaso
[ACTUALIZAR PAGOS · AUTO] ==================================================
[ACTUALIZAR PAGOS · AUTO] Abriendo sitio municipalidad (CiDi)...
[ACTUALIZAR PAGOS · AUTO] ✅ [Juzgado] Sesión existente detectada. Login omitido.
[ACTUALIZAR PAGOS · AUTO] ✅ LoginJuzgadoPaso finalizado. (⏱ 2.5s)
[ACTUALIZAR PAGOS · AUTO] ✓ [LoginJuzgadoPaso] Completado.
[ACTUALIZAR PAGOS · AUTO] ▶ [DescargasParalelasPaso] Iniciando...
[ACTUALIZAR PAGOS · AUTO] ==================================================
[ACTUALIZAR PAGOS · AUTO] 🚀 PASO: DescargasParalelasPaso
[ACTUALIZAR PAGOS · AUTO] ==================================================
[ACTUALIZAR PAGOS · AUTO] 📤 Arrancando las 3 descargas en paralelo (mismo browser, páginas separadas)...
[ACTUALIZAR PAGOS · AUTO] Fecha Desde: 27/06/2024
[ACTUALIZAR PAGOS · AUTO] Fecha Hasta: 24/11/2025
[ACTUALIZAR PAGOS · AUTO] Fecha Desde: 25/11/2025
[ACTUALIZAR PAGOS · AUTO] Fecha Hasta: 23/07/2026
[ACTUALIZAR PAGOS · AUTO] Descargando Excel...
[ACTUALIZAR PAGOS · AUTO] Descargando Excel...
[ACTUALIZAR PAGOS · AUTO] ✅ TXT de pagos descargado en: backend/descargas/pagos/2026-07-23/PAGOS DESCARGADOS.txt
[ACTUALIZAR PAGOS · AUTO] ⏱ [pagos_txt] completado en 24.5s
[ACTUALIZAR PAGOS · AUTO] Archivo descargado en: backend/descargas/cache_actas_cruce/MULTAS_JUZGADO_CRUCE.xlsx
[ACTUALIZAR PAGOS · AUTO] ⏱ [actas_juzgado] completado en 32.1s
[ACTUALIZAR PAGOS · AUTO] Archivo descargado en: backend/descargas/cache_actas_cruce/MULTAS_SIGEMI_CRUCE.xlsx
[ACTUALIZAR PAGOS · AUTO] ⏱ [actas_sigemi] completado en 73.1s
[ACTUALIZAR PAGOS · AUTO] ⏱ TOTAL descargas en paralelo: 73.1s
[ACTUALIZAR PAGOS · AUTO] ✅ DescargasParalelasPaso finalizado. (⏱ 74.9s)
[ACTUALIZAR PAGOS · AUTO] ✓ [DescargasParalelasPaso] Completado.
[ACTUALIZAR PAGOS · AUTO] ▶ [CompararActasPaso] Iniciando...
[ACTUALIZAR PAGOS · AUTO] ==================================================
[ACTUALIZAR PAGOS · AUTO] 🚀 PASO: CompararActasPaso
[ACTUALIZAR PAGOS · AUTO] ==================================================
[ACTUALIZAR PAGOS · AUTO] 🔍 Comparando actas del SEMyT contra pagos del Juzgado...
[ACTUALIZAR PAGOS · AUTO] ================================================================================
[ACTUALIZAR PAGOS · AUTO] INICIANDO PROCESO DE GENERACIÓN DE PAGOS DESACTUALIZADOS
[ACTUALIZAR PAGOS · AUTO] ================================================================================
[ACTUALIZAR PAGOS · AUTO] 📂 Cargando archivos...
[ACTUALIZAR PAGOS · AUTO]   ✓ Pagos: 16563 registros
[ACTUALIZAR PAGOS · AUTO]   ✓ Excel SIGEMI (multas vencidas viejas): 103702 registros
[ACTUALIZAR PAGOS · AUTO]   ✓ Excel Juzgado (multas vencidas nuevas): 40315 registros
[ACTUALIZAR PAGOS · AUTO] ================================================================================
[ACTUALIZAR PAGOS · AUTO] PASO 1: LLENANDO ACTA_NUMERO (búsqueda por patente + fecha, con desempate por hora)
[ACTUALIZAR PAGOS · AUTO] ================================================================================
[ACTUALIZAR PAGOS · AUTO] 📊 ESTADÍSTICAS DE LLENADO DE ACTAS:
[ACTUALIZAR PAGOS · AUTO]   • Pagos con acta ORIGINAL: 2692
[ACTUALIZAR PAGOS · AUTO]   • Pagos SIN acta (buscados): 13871
[ACTUALIZAR PAGOS · AUTO]   • Pagos LLENADOS exitosamente: 1
[ACTUALIZAR PAGOS · AUTO]   • Pagos NO encontrados en multas: 13870
[ACTUALIZAR PAGOS · AUTO]   • Pagos SIN RESOLVER por desbalance de cantidades: 0
[ACTUALIZAR PAGOS · AUTO] ================================================================================
[ACTUALIZAR PAGOS · AUTO] PASO 1: LLENANDO ACTA_NUMERO (búsqueda por patente + fecha, con desempate por hora)
[ACTUALIZAR PAGOS · AUTO] ================================================================================
[ACTUALIZAR PAGOS · AUTO] 📊 ESTADÍSTICAS DE LLENADO DE ACTAS:
[ACTUALIZAR PAGOS · AUTO]   • Pagos con acta ORIGINAL: 2693
[ACTUALIZAR PAGOS · AUTO]   • Pagos SIN acta (buscados): 13870
[ACTUALIZAR PAGOS · AUTO]   • Pagos LLENADOS exitosamente: 0
[ACTUALIZAR PAGOS · AUTO]   • Pagos NO encontrados en multas: 13870
[ACTUALIZAR PAGOS · AUTO]   • Pagos SIN RESOLVER por desbalance de cantidades: 0
[ACTUALIZAR PAGOS · AUTO] ⏱ PASO 1 (llenar actas): 17.6s
[ACTUALIZAR PAGOS · AUTO] ================================================================================
[ACTUALIZAR PAGOS · AUTO] PASO 2: FILTRANDO PAGOS CON ACTA_NUMERO COMPLETO
[ACTUALIZAR PAGOS · AUTO] ================================================================================
[ACTUALIZAR PAGOS · AUTO] 📊 ESTADÍSTICAS DE FILTRADO:
[ACTUALIZAR PAGOS · AUTO]   • Pagos TOTALES al inicio: 16563
[ACTUALIZAR PAGOS · AUTO]   • Pagos CON acta (MANTIENEN): 2693
[ACTUALIZAR PAGOS · AUTO]   • Pagos RECHAZADOS (sin coincidencias): 13870
[ACTUALIZAR PAGOS · AUTO] ⚠️  Se eliminaron 13870 registros sin número de acta
[ACTUALIZAR PAGOS · AUTO]      (recordá: esto incluye tanto pagos ya actualizados/pagados
[ACTUALIZAR PAGOS · AUTO]       como pagos que quedaron sin resolver por desbalance en el Paso 1)
[ACTUALIZAR PAGOS · AUTO] ================================================================================
[ACTUALIZAR PAGOS · AUTO] PASO 2-bis: CONFIRMANDO VIGENCIA DE PAGOS DEL SISTEMA NUEVO (contra MULTAS_JUZGADO_CRUCE)
[ACTUALIZAR PAGOS · AUTO] ================================================================================
[ACTUALIZAR PAGOS · AUTO]   ⚠ 2684 pago(s) del sistema nuevo descartados: su acta ya no figura como vencida en MULTAS_JUZGADO_CRUCE (SEMyT ya los actualizó).
[ACTUALIZAR PAGOS · AUTO]   • Pagos del sistema nuevo descartados por ya estar actualizados: 2684
[ACTUALIZAR PAGOS · AUTO] ⏱ PASO 2 (filtrar): 1.2s
[ACTUALIZAR PAGOS · AUTO] 📂 Cargando maestro de causas SIGEMI...
[ACTUALIZAR PAGOS · AUTO]   ✓ Causas totales (maestro): 134069 registros
[ACTUALIZAR PAGOS · AUTO] ⏱ PASO 2.5 (causas simplificado): 0.2s
[ACTUALIZAR PAGOS · AUTO] ================================================================================
[ACTUALIZAR PAGOS · AUTO] PASO 2.5: ARMANDO causas.txt SIMPLIFICADO (cruce contra total_causas_sigemi.txt)
[ACTUALIZAR PAGOS · AUTO] ================================================================================
[ACTUALIZAR PAGOS · AUTO]   • Actas vencidas viejas (multas): 103702
[ACTUALIZAR PAGOS · AUTO]   • Causas totales en el maestro SIGEMI: 134069
[ACTUALIZAR PAGOS · AUTO]   • Causas que coinciden (simplificado): 103372
[ACTUALIZAR PAGOS · AUTO]   ✅ Archivo escrito: backend/descargas/causas/causas.txt
[ACTUALIZAR PAGOS · AUTO] ⏱ PASO 2.5 (causas simplificado): 2.8s
[ACTUALIZAR PAGOS · AUTO] ================================================================================
[ACTUALIZAR PAGOS · AUTO] PASO 3: LLENANDO CAUSA_NUMERO (según fecha de cambio de sistema, cruzando por acta + año)
[ACTUALIZAR PAGOS · AUTO] ================================================================================
[ACTUALIZAR PAGOS · AUTO] 📊 ESTADÍSTICAS DE LLENADO DE CAUSAS:
[ACTUALIZAR PAGOS · AUTO]   • Pagos con causa ORIGINAL: 8
[ACTUALIZAR PAGOS · AUTO]   • Causas encontradas en SIGEMI (actas viejas): 1
[ACTUALIZAR PAGOS · AUTO]   • Causas NO encontradas en SIGEMI: 0
[ACTUALIZAR PAGOS · AUTO]   • Causas asignadas automáticamente (actas nuevas): 0
[ACTUALIZAR PAGOS · AUTO] ⏱ PASO 3 (llenar causas): 0.0s
[ACTUALIZAR PAGOS · AUTO] ================================================================================
[ACTUALIZAR PAGOS · AUTO] PASO 4: ORDENANDO POR FECHA Y ACTA_NUMERO
[ACTUALIZAR PAGOS · AUTO] ================================================================================
[ACTUALIZAR PAGOS · AUTO] ✓ Pagos ordenados correctamente
[ACTUALIZAR PAGOS · AUTO]   • Primera entrada: Acta=46442, Fecha=14/09/2024
[ACTUALIZAR PAGOS · AUTO]   • Última entrada: Acta=281155, Fecha=17/03/2026
[ACTUALIZAR PAGOS · AUTO] 📝 Escribiendo archivo de salida...
[ACTUALIZAR PAGOS · AUTO]   ✅ Archivo escrito: backend/descargas/pagos/2026-07-23/PAGOS 20260723 112346.txt
[ACTUALIZAR PAGOS · AUTO]   ✅ Total registros: 1091
[ACTUALIZAR PAGOS · AUTO] ⏱ PASO 4 (ordenar y escribir): 0.0s
[ACTUALIZAR PAGOS · AUTO] ================================================================================
[ACTUALIZAR PAGOS · AUTO] ✅ PROCESO COMPLETADO EXITOSAMENTE
[ACTUALIZAR PAGOS · AUTO] ================================================================================
[ACTUALIZAR PAGOS · AUTO] 📊 RESUMEN FINAL DEL PROCESAMIENTO:
[ACTUALIZAR PAGOS · AUTO]   ENTRADA:
[ACTUALIZAR PAGOS · AUTO]     • Pagos originales: 16563
[ACTUALIZAR PAGOS · AUTO]     • Multas SIGEMI cargadas: 103702
[ACTUALIZAR PAGOS · AUTO]     • Multas Juzgado cargadas: 40315
[ACTUALIZAR PAGOS · AUTO]     • Causas simplificadas (usadas para el cruce): 103372
[ACTUALIZAR PAGOS · AUTO]   PROCESO:
[ACTUALIZAR PAGOS · AUTO]     • Pagos rechazados sigemi: 13870
[ACTUALIZAR PAGOS · AUTO]     • Pagos rechazados juzgado: 2684
[ACTUALIZAR PAGOS · AUTO]   SALIDA:
[ACTUALIZAR PAGOS · AUTO]     • Pagos desactualizados procesados: 9
[ACTUALIZAR PAGOS · AUTO]     • Archivo final: backend/descargas/pagos/2026-07-23/PAGOS 20260723 112346.txt
[ACTUALIZAR PAGOS · AUTO]     • Ordenados por fecha: SÍ ✓
[ACTUALIZAR PAGOS · AUTO]     • Todos con ACTA_NUMERO: SÍ ✓
[ACTUALIZAR PAGOS · AUTO]     • Todos con CAUSA_NUMERO: SÍ ✓
[ACTUALIZAR PAGOS · AUTO] ✅ TXT de pagos (ya cruzado con actas y causas) generado en: backend/descargas/pagos/2026-07-23/PAGOS 20260723 112346.txt
[ACTUALIZAR PAGOS · AUTO] 🧹 TXT de pagos crudo eliminado (ya usado en el cruce): backend/descargas/pagos/2026-07-23/PAGOS DESCARGADOS.txt
[ACTUALIZAR PAGOS · AUTO] 🧹 Excel MULTAS_SIGEMI_CRUCE eliminado (ya usado en el cruce): backend/descargas/cache_actas_cruce/MULTAS_SIGEMI_CRUCE.xlsx
[ACTUALIZAR PAGOS · AUTO] 🧹 Excel MULTAS_JUZGADO_CRUCE eliminado (ya usado en el cruce): backend/descargas/cache_actas_cruce/MULTAS_JUZGADO_CRUCE.xlsx
[ACTUALIZAR PAGOS · AUTO] ✅ CompararActasPaso finalizado. (⏱ 44.6s)
[ACTUALIZAR PAGOS · AUTO] ✓ [CompararActasPaso] Completado.
[ACTUALIZAR PAGOS · AUTO] ▶ [CargarPagosPaso] Iniciando...
[ACTUALIZAR PAGOS · AUTO] ==================================================
[ACTUALIZAR PAGOS · AUTO] 🚀 PASO: CargarPagosPaso
[ACTUALIZAR PAGOS · AUTO] ==================================================
[ACTUALIZAR PAGOS · AUTO] 📤 Subiendo TXT de pagos al SEMyT...
[ACTUALIZAR PAGOS · AUTO] ✅ Importación de pagos completada con éxito.
[ACTUALIZAR PAGOS · AUTO] ✅ Archivo TXT de pagos cargado en el SEMyT correctamente.
[ACTUALIZAR PAGOS · AUTO] ✅ CargarPagosPaso finalizado. (⏱ 3.0s)
[ACTUALIZAR PAGOS · AUTO] ✓ [CargarPagosPaso] Completado.
[ACTUALIZAR PAGOS · AUTO] === Ejecución finalizada con éxito ===
🤖 [Automático] Es hora de actualizar pagos. Arrancando...
[ACTUALIZAR PAGOS · AUTO] === Inicio de ejecución: pagos ===
[ACTUALIZAR PAGOS · AUTO] ▶ [LoginSemytPaso] Iniciando...
[ACTUALIZAR PAGOS · AUTO] ==================================================
[ACTUALIZAR PAGOS · AUTO] 🚀 PASO: LoginSemytPaso
[ACTUALIZAR PAGOS · AUTO] ==================================================
[ACTUALIZAR PAGOS · AUTO] Abriendo SEMyT...
⏳ [Automático] Tocaba disparar 'pagos' pero ya hay una ejecución en curso (Actualizar pagos); esperando a que termine; se reintenta en breve sin perder el turno.
[ACTUALIZAR PAGOS · AUTO] ✅ [SEMyT] Sesión existente detectada. Login omitido.
[ACTUALIZAR PAGOS · AUTO] ✅ LoginSemytPaso finalizado. (⏱ 27.7s)
[ACTUALIZAR PAGOS · AUTO] ✓ [LoginSemytPaso] Completado.
[ACTUALIZAR PAGOS · AUTO] ▶ [LoginJuzgadoPaso] Iniciando...
[ACTUALIZAR PAGOS · AUTO] ==================================================
[ACTUALIZAR PAGOS · AUTO] 🚀 PASO: LoginJuzgadoPaso
[ACTUALIZAR PAGOS · AUTO] ==================================================
[ACTUALIZAR PAGOS · AUTO] Abriendo sitio municipalidad (CiDi)...
[ACTUALIZAR PAGOS · AUTO] ✅ [Juzgado] Sesión existente detectada. Login omitido.
[ACTUALIZAR PAGOS · AUTO] ✅ LoginJuzgadoPaso finalizado. (⏱ 1.3s)
[ACTUALIZAR PAGOS · AUTO] ✓ [LoginJuzgadoPaso] Completado.
[ACTUALIZAR PAGOS · AUTO] ▶ [DescargasParalelasPaso] Iniciando...
[ACTUALIZAR PAGOS · AUTO] ==================================================
[ACTUALIZAR PAGOS · AUTO] 🚀 PASO: DescargasParalelasPaso
[ACTUALIZAR PAGOS · AUTO] ==================================================
[ACTUALIZAR PAGOS · AUTO] 📤 Arrancando las 3 descargas en paralelo (mismo browser, páginas separadas)...
[ACTUALIZAR PAGOS · AUTO] Fecha Desde: 27/06/2024
[ACTUALIZAR PAGOS · AUTO] Fecha Hasta: 24/11/2025
[ACTUALIZAR PAGOS · AUTO] Fecha Desde: 25/11/2025
[ACTUALIZAR PAGOS · AUTO] Fecha Hasta: 23/07/2026
[ACTUALIZAR PAGOS · AUTO] Descargando Excel...
[ACTUALIZAR PAGOS · AUTO] Descargando Excel...
[ACTUALIZAR PAGOS · AUTO] ✅ TXT de pagos descargado en: backend/descargas/pagos/2026-07-23/PAGOS DESCARGADOS.txt
[ACTUALIZAR PAGOS · AUTO] ⏱ [pagos_txt] completado en 26.7s
[ACTUALIZAR PAGOS · AUTO] Archivo descargado en: backend/descargas/cache_actas_cruce/MULTAS_JUZGADO_CRUCE.xlsx
[ACTUALIZAR PAGOS · AUTO] ⏱ [actas_juzgado] completado en 37.6s
[ACTUALIZAR PAGOS · AUTO] Archivo descargado en: backend/descargas/cache_actas_cruce/MULTAS_SIGEMI_CRUCE.xlsx
[ACTUALIZAR PAGOS · AUTO] ⏱ [actas_sigemi] completado en 98.6s
[ACTUALIZAR PAGOS · AUTO] ⏱ TOTAL descargas en paralelo: 98.6s
[ACTUALIZAR PAGOS · AUTO] ✅ DescargasParalelasPaso finalizado. (⏱ 100.0s)
[ACTUALIZAR PAGOS · AUTO] ✓ [DescargasParalelasPaso] Completado.
[ACTUALIZAR PAGOS · AUTO] ▶ [CompararActasPaso] Iniciando...
[ACTUALIZAR PAGOS · AUTO] ==================================================
[ACTUALIZAR PAGOS · AUTO] 🚀 PASO: CompararActasPaso
[ACTUALIZAR PAGOS · AUTO] ==================================================
[ACTUALIZAR PAGOS · AUTO] 🔍 Comparando actas del SEMyT contra pagos del Juzgado...
[ACTUALIZAR PAGOS · AUTO] ================================================================================
[ACTUALIZAR PAGOS · AUTO] INICIANDO PROCESO DE GENERACIÓN DE PAGOS DESACTUALIZADOS
[ACTUALIZAR PAGOS · AUTO] ================================================================================
[ACTUALIZAR PAGOS · AUTO] 📂 Cargando archivos...
[ACTUALIZAR PAGOS · AUTO]   ✓ Pagos: 16573 registros
[ACTUALIZAR PAGOS · AUTO]   ✓ Excel SIGEMI (multas vencidas viejas): 103697 registros
[ACTUALIZAR PAGOS · AUTO]   ✓ Excel Juzgado (multas vencidas nuevas): 40307 registros
[ACTUALIZAR PAGOS · AUTO] ================================================================================
[ACTUALIZAR PAGOS · AUTO] PASO 1: LLENANDO ACTA_NUMERO (búsqueda por patente + fecha, con desempate por hora)
[ACTUALIZAR PAGOS · AUTO] ================================================================================
[ACTUALIZAR PAGOS · AUTO] 📊 ESTADÍSTICAS DE LLENADO DE ACTAS:
[ACTUALIZAR PAGOS · AUTO]   • Pagos con acta ORIGINAL: 2698
[ACTUALIZAR PAGOS · AUTO]   • Pagos SIN acta (buscados): 13875
[ACTUALIZAR PAGOS · AUTO]   • Pagos LLENADOS exitosamente: 0
[ACTUALIZAR PAGOS · AUTO]   • Pagos NO encontrados en multas: 13875
[ACTUALIZAR PAGOS · AUTO]   • Pagos SIN RESOLVER por desbalance de cantidades: 0
[ACTUALIZAR PAGOS · AUTO] ================================================================================
[ACTUALIZAR PAGOS · AUTO] PASO 1: LLENANDO ACTA_NUMERO (búsqueda por patente + fecha, con desempate por hora)
[ACTUALIZAR PAGOS · AUTO] ================================================================================
[ACTUALIZAR PAGOS · AUTO] 📊 ESTADÍSTICAS DE LLENADO DE ACTAS:
[ACTUALIZAR PAGOS · AUTO]   • Pagos con acta ORIGINAL: 2698
[ACTUALIZAR PAGOS · AUTO]   • Pagos SIN acta (buscados): 13875
[ACTUALIZAR PAGOS · AUTO]   • Pagos LLENADOS exitosamente: 0
[ACTUALIZAR PAGOS · AUTO]   • Pagos NO encontrados en multas: 13875
[ACTUALIZAR PAGOS · AUTO]   • Pagos SIN RESOLVER por desbalance de cantidades: 0
[ACTUALIZAR PAGOS · AUTO] ⏱ PASO 1 (llenar actas): 19.9s
[ACTUALIZAR PAGOS · AUTO] ================================================================================
[ACTUALIZAR PAGOS · AUTO] PASO 2: FILTRANDO PAGOS CON ACTA_NUMERO COMPLETO
[ACTUALIZAR PAGOS · AUTO] ================================================================================
[ACTUALIZAR PAGOS · AUTO] 📊 ESTADÍSTICAS DE FILTRADO:
[ACTUALIZAR PAGOS · AUTO]   • Pagos TOTALES al inicio: 16573
[ACTUALIZAR PAGOS · AUTO]   • Pagos CON acta (MANTIENEN): 2698
[ACTUALIZAR PAGOS · AUTO]   • Pagos RECHAZADOS (sin coincidencias): 13875
[ACTUALIZAR PAGOS · AUTO] ⚠️  Se eliminaron 13875 registros sin número de acta
[ACTUALIZAR PAGOS · AUTO]      (recordá: esto incluye tanto pagos ya actualizados/pagados
[ACTUALIZAR PAGOS · AUTO]       como pagos que quedaron sin resolver por desbalance en el Paso 1)
[ACTUALIZAR PAGOS · AUTO] ================================================================================
[ACTUALIZAR PAGOS · AUTO] PASO 2-bis: CONFIRMANDO VIGENCIA DE PAGOS DEL SISTEMA NUEVO (contra MULTAS_JUZGADO_CRUCE)
[ACTUALIZAR PAGOS · AUTO] ================================================================================
[ACTUALIZAR PAGOS · AUTO]   ⚠ 2692 pago(s) del sistema nuevo descartados: su acta ya no figura como vencida en MULTAS_JUZGADO_CRUCE (SEMyT ya los actualizó).
[ACTUALIZAR PAGOS · AUTO]   • Pagos del sistema nuevo descartados por ya estar actualizados: 2692
[ACTUALIZAR PAGOS · AUTO] ⏱ PASO 2 (filtrar): 1.3s
[ACTUALIZAR PAGOS · AUTO] 📂 Cargando maestro de causas SIGEMI...
[ACTUALIZAR PAGOS · AUTO]   ✓ Causas totales (maestro): 134069 registros
[ACTUALIZAR PAGOS · AUTO] ⏱ PASO 2.5 (causas simplificado): 0.2s
[ACTUALIZAR PAGOS · AUTO] ================================================================================
[ACTUALIZAR PAGOS · AUTO] PASO 2.5: ARMANDO causas.txt SIMPLIFICADO (cruce contra total_causas_sigemi.txt)
[ACTUALIZAR PAGOS · AUTO] ================================================================================
[ACTUALIZAR PAGOS · AUTO]   • Actas vencidas viejas (multas): 103697
[ACTUALIZAR PAGOS · AUTO]   • Causas totales en el maestro SIGEMI: 134069
[ACTUALIZAR PAGOS · AUTO]   • Causas que coinciden (simplificado): 103367
[ACTUALIZAR PAGOS · AUTO]   ✅ Archivo escrito: backend/descargas/causas/causas.txt
[ACTUALIZAR PAGOS · AUTO] ⏱ PASO 2.5 (causas simplificado): 2.7s
[ACTUALIZAR PAGOS · AUTO] ================================================================================
[ACTUALIZAR PAGOS · AUTO] PASO 3: LLENANDO CAUSA_NUMERO (según fecha de cambio de sistema, cruzando por acta + año)
[ACTUALIZAR PAGOS · AUTO] ================================================================================
[ACTUALIZAR PAGOS · AUTO] 📊 ESTADÍSTICAS DE LLENADO DE CAUSAS:
[ACTUALIZAR PAGOS · AUTO]   • Pagos con causa ORIGINAL: 6
[ACTUALIZAR PAGOS · AUTO]   • Causas encontradas en SIGEMI (actas viejas): 0
[ACTUALIZAR PAGOS · AUTO]   • Causas NO encontradas en SIGEMI: 0
[ACTUALIZAR PAGOS · AUTO]   • Causas asignadas automáticamente (actas nuevas): 0
[ACTUALIZAR PAGOS · AUTO] ⏱ PASO 3 (llenar causas): 0.0s
[ACTUALIZAR PAGOS · AUTO] ================================================================================
[ACTUALIZAR PAGOS · AUTO] PASO 4: ORDENANDO POR FECHA Y ACTA_NUMERO
[ACTUALIZAR PAGOS · AUTO] ================================================================================
[ACTUALIZAR PAGOS · AUTO] ✓ Pagos ordenados correctamente
[ACTUALIZAR PAGOS · AUTO]   • Primera entrada: Acta=255356, Fecha=13/01/2026
[ACTUALIZAR PAGOS · AUTO]   • Última entrada: Acta=278610, Fecha=12/03/2026
[ACTUALIZAR PAGOS · AUTO] 📝 Escribiendo archivo de salida...
[ACTUALIZAR PAGOS · AUTO]   ✅ Archivo escrito: backend/descargas/pagos/2026-07-23/PAGOS 20260723 113659.txt
[ACTUALIZAR PAGOS · AUTO]   ✅ Total registros: 785
[ACTUALIZAR PAGOS · AUTO] ⏱ PASO 4 (ordenar y escribir): 0.0s
[ACTUALIZAR PAGOS · AUTO] ================================================================================
[ACTUALIZAR PAGOS · AUTO] ✅ PROCESO COMPLETADO EXITOSAMENTE
[ACTUALIZAR PAGOS · AUTO] ================================================================================
[ACTUALIZAR PAGOS · AUTO] 📊 RESUMEN FINAL DEL PROCESAMIENTO:
[ACTUALIZAR PAGOS · AUTO]   ENTRADA:
[ACTUALIZAR PAGOS · AUTO]     • Pagos originales: 16573
[ACTUALIZAR PAGOS · AUTO]     • Multas SIGEMI cargadas: 103697
[ACTUALIZAR PAGOS · AUTO]     • Multas Juzgado cargadas: 40307
[ACTUALIZAR PAGOS · AUTO]     • Causas simplificadas (usadas para el cruce): 103367
[ACTUALIZAR PAGOS · AUTO]   PROCESO:
[ACTUALIZAR PAGOS · AUTO]     • Pagos rechazados sigemi: 13875
[ACTUALIZAR PAGOS · AUTO]     • Pagos rechazados juzgado: 2692
[ACTUALIZAR PAGOS · AUTO]   SALIDA:
[ACTUALIZAR PAGOS · AUTO]     • Pagos desactualizados procesados: 6
[ACTUALIZAR PAGOS · AUTO]     • Archivo final: backend/descargas/pagos/2026-07-23/PAGOS 20260723 113659.txt
[ACTUALIZAR PAGOS · AUTO]     • Ordenados por fecha: SÍ ✓
[ACTUALIZAR PAGOS · AUTO]     • Todos con ACTA_NUMERO: SÍ ✓
[ACTUALIZAR PAGOS · AUTO]     • Todos con CAUSA_NUMERO: SÍ ✓
[ACTUALIZAR PAGOS · AUTO] ✅ TXT de pagos (ya cruzado con actas y causas) generado en: backend/descargas/pagos/2026-07-23/PAGOS 20260723 113659.txt
[ACTUALIZAR PAGOS · AUTO] 🧹 TXT de pagos crudo eliminado (ya usado en el cruce): backend/descargas/pagos/2026-07-23/PAGOS DESCARGADOS.txt
[ACTUALIZAR PAGOS · AUTO] 🧹 Excel MULTAS_SIGEMI_CRUCE eliminado (ya usado en el cruce): backend/descargas/cache_actas_cruce/MULTAS_SIGEMI_CRUCE.xlsx
[ACTUALIZAR PAGOS · AUTO] 🧹 Excel MULTAS_JUZGADO_CRUCE eliminado (ya usado en el cruce): backend/descargas/cache_actas_cruce/MULTAS_JUZGADO_CRUCE.xlsx
[ACTUALIZAR PAGOS · AUTO] ✅ CompararActasPaso finalizado. (⏱ 53.4s)
[ACTUALIZAR PAGOS · AUTO] ✓ [CompararActasPaso] Completado.
[ACTUALIZAR PAGOS · AUTO] ▶ [CargarPagosPaso] Iniciando...
[ACTUALIZAR PAGOS · AUTO] ==================================================
[ACTUALIZAR PAGOS · AUTO] 🚀 PASO: CargarPagosPaso
[ACTUALIZAR PAGOS · AUTO] ==================================================
[ACTUALIZAR PAGOS · AUTO] 📤 Subiendo TXT de pagos al SEMyT...
[ACTUALIZAR PAGOS · AUTO] ✅ Importación de pagos completada con éxito.
[ACTUALIZAR PAGOS · AUTO] ✅ Archivo TXT de pagos cargado en el SEMyT correctamente.
[ACTUALIZAR PAGOS · AUTO] ✅ CargarPagosPaso finalizado. (⏱ 2.9s)
[ACTUALIZAR PAGOS · AUTO] ✓ [CargarPagosPaso] Completado.
[ACTUALIZAR PAGOS · AUTO] === Ejecución finalizada con éxito ===
🤖 [Automático] Es hora de actualizar pagos. Arrancando...
[ACTUALIZAR PAGOS · AUTO] === Inicio de ejecución: pagos ===
[ACTUALIZAR PAGOS · AUTO] ▶ [LoginSemytPaso] Iniciando...
[ACTUALIZAR PAGOS · AUTO] ==================================================
[ACTUALIZAR PAGOS · AUTO] 🚀 PASO: LoginSemytPaso
[ACTUALIZAR PAGOS · AUTO] ==================================================
[ACTUALIZAR PAGOS · AUTO] Abriendo SEMyT...
⏳ [Automático] Tocaba disparar 'pagos' pero ya hay una ejecución en curso (Actualizar pagos); esperando a que termine; se reintenta en breve sin perder el turno.
[ACTUALIZAR PAGOS · AUTO] ✅ [SEMyT] Sesión existente detectada. Login omitido.
[ACTUALIZAR PAGOS · AUTO] ✅ LoginSemytPaso finalizado. (⏱ 42.8s)
[ACTUALIZAR PAGOS · AUTO] ✓ [LoginSemytPaso] Completado.
[ACTUALIZAR PAGOS · AUTO] ▶ [LoginJuzgadoPaso] Iniciando...
[ACTUALIZAR PAGOS · AUTO] ==================================================
[ACTUALIZAR PAGOS · AUTO] 🚀 PASO: LoginJuzgadoPaso
[ACTUALIZAR PAGOS · AUTO] ==================================================
[ACTUALIZAR PAGOS · AUTO] Abriendo sitio municipalidad (CiDi)...
[ACTUALIZAR PAGOS · AUTO] ✅ [Juzgado] Sesión existente detectada. Login omitido.
[ACTUALIZAR PAGOS · AUTO] ✅ LoginJuzgadoPaso finalizado. (⏱ 2.6s)
[ACTUALIZAR PAGOS · AUTO] ✓ [LoginJuzgadoPaso] Completado.
[ACTUALIZAR PAGOS · AUTO] ▶ [DescargasParalelasPaso] Iniciando...
[ACTUALIZAR PAGOS · AUTO] ==================================================
[ACTUALIZAR PAGOS · AUTO] 🚀 PASO: DescargasParalelasPaso
[ACTUALIZAR PAGOS · AUTO] ==================================================
[ACTUALIZAR PAGOS · AUTO] 📤 Arrancando las 3 descargas en paralelo (mismo browser, páginas separadas)...
[ACTUALIZAR PAGOS · AUTO] Fecha Desde: 27/06/2024
[ACTUALIZAR PAGOS · AUTO] Fecha Hasta: 24/11/2025
[ACTUALIZAR PAGOS · AUTO] Fecha Desde: 25/11/2025
[ACTUALIZAR PAGOS · AUTO] Fecha Hasta: 23/07/2026
[ACTUALIZAR PAGOS · AUTO] Descargando Excel...
[ACTUALIZAR PAGOS · AUTO] Descargando Excel...
[ACTUALIZAR PAGOS · AUTO] ✅ TXT de pagos descargado en: backend/descargas/pagos/2026-07-23/PAGOS DESCARGADOS.txt
[ACTUALIZAR PAGOS · AUTO] ⏱ [pagos_txt] completado en 24.4s
[ACTUALIZAR PAGOS · AUTO] Archivo descargado en: backend/descargas/cache_actas_cruce/MULTAS_JUZGADO_CRUCE.xlsx
[ACTUALIZAR PAGOS · AUTO] ⏱ [actas_juzgado] completado en 35.3s
[ACTUALIZAR PAGOS · AUTO] Archivo descargado en: backend/descargas/cache_actas_cruce/MULTAS_SIGEMI_CRUCE.xlsx
[ACTUALIZAR PAGOS · AUTO] ⏱ [actas_sigemi] completado en 80.7s
[ACTUALIZAR PAGOS · AUTO] ⏱ TOTAL descargas en paralelo: 80.7s
[ACTUALIZAR PAGOS · AUTO] ✅ DescargasParalelasPaso finalizado. (⏱ 82.3s)
[ACTUALIZAR PAGOS · AUTO] ✓ [DescargasParalelasPaso] Completado.
[ACTUALIZAR PAGOS · AUTO] ▶ [CompararActasPaso] Iniciando...
[ACTUALIZAR PAGOS · AUTO] ==================================================
[ACTUALIZAR PAGOS · AUTO] 🚀 PASO: CompararActasPaso
[ACTUALIZAR PAGOS · AUTO] ==================================================
[ACTUALIZAR PAGOS · AUTO] 🔍 Comparando actas del SEMyT contra pagos del Juzgado...
[ACTUALIZAR PAGOS · AUTO] ================================================================================
[ACTUALIZAR PAGOS · AUTO] INICIANDO PROCESO DE GENERACIÓN DE PAGOS DESACTUALIZADOS
[ACTUALIZAR PAGOS · AUTO] ================================================================================
[ACTUALIZAR PAGOS · AUTO] 📂 Cargando archivos...
[ACTUALIZAR PAGOS · AUTO]   ✓ Pagos: 16613 registros
[ACTUALIZAR PAGOS · AUTO]   ✓ Excel SIGEMI (multas vencidas viejas): 103697 registros
[ACTUALIZAR PAGOS · AUTO]   ✓ Excel Juzgado (multas vencidas nuevas): 40301 registros
[ACTUALIZAR PAGOS · AUTO] ================================================================================
[ACTUALIZAR PAGOS · AUTO] PASO 1: LLENANDO ACTA_NUMERO (búsqueda por patente + fecha, con desempate por hora)
[ACTUALIZAR PAGOS · AUTO] ================================================================================
[ACTUALIZAR PAGOS · AUTO] 📊 ESTADÍSTICAS DE LLENADO DE ACTAS:
[ACTUALIZAR PAGOS · AUTO]   • Pagos con acta ORIGINAL: 2738
[ACTUALIZAR PAGOS · AUTO]   • Pagos SIN acta (buscados): 13875
[ACTUALIZAR PAGOS · AUTO]   • Pagos LLENADOS exitosamente: 0
[ACTUALIZAR PAGOS · AUTO]   • Pagos NO encontrados en multas: 13875
[ACTUALIZAR PAGOS · AUTO]   • Pagos SIN RESOLVER por desbalance de cantidades: 0
[ACTUALIZAR PAGOS · AUTO] ================================================================================
[ACTUALIZAR PAGOS · AUTO] PASO 1: LLENANDO ACTA_NUMERO (búsqueda por patente + fecha, con desempate por hora)
[ACTUALIZAR PAGOS · AUTO] ================================================================================
[ACTUALIZAR PAGOS · AUTO] 📊 ESTADÍSTICAS DE LLENADO DE ACTAS:
[ACTUALIZAR PAGOS · AUTO]   • Pagos con acta ORIGINAL: 2738
[ACTUALIZAR PAGOS · AUTO]   • Pagos SIN acta (buscados): 13875
[ACTUALIZAR PAGOS · AUTO]   • Pagos LLENADOS exitosamente: 0
[ACTUALIZAR PAGOS · AUTO]   • Pagos NO encontrados en multas: 13875
[ACTUALIZAR PAGOS · AUTO]   • Pagos SIN RESOLVER por desbalance de cantidades: 0
[ACTUALIZAR PAGOS · AUTO] ⏱ PASO 1 (llenar actas): 19.3s
[ACTUALIZAR PAGOS · AUTO] ================================================================================
[ACTUALIZAR PAGOS · AUTO] PASO 2: FILTRANDO PAGOS CON ACTA_NUMERO COMPLETO
[ACTUALIZAR PAGOS · AUTO] ================================================================================
[ACTUALIZAR PAGOS · AUTO] 📊 ESTADÍSTICAS DE FILTRADO:
[ACTUALIZAR PAGOS · AUTO]   • Pagos TOTALES al inicio: 16613
[ACTUALIZAR PAGOS · AUTO]   • Pagos CON acta (MANTIENEN): 2738
[ACTUALIZAR PAGOS · AUTO]   • Pagos RECHAZADOS (sin coincidencias): 13875
[ACTUALIZAR PAGOS · AUTO] ⚠️  Se eliminaron 13875 registros sin número de acta
[ACTUALIZAR PAGOS · AUTO]      (recordá: esto incluye tanto pagos ya actualizados/pagados
[ACTUALIZAR PAGOS · AUTO]       como pagos que quedaron sin resolver por desbalance en el Paso 1)
[ACTUALIZAR PAGOS · AUTO] ================================================================================
[ACTUALIZAR PAGOS · AUTO] PASO 2-bis: CONFIRMANDO VIGENCIA DE PAGOS DEL SISTEMA NUEVO (contra MULTAS_JUZGADO_CRUCE)
[ACTUALIZAR PAGOS · AUTO] ================================================================================
[ACTUALIZAR PAGOS · AUTO]   ⚠ 2698 pago(s) del sistema nuevo descartados: su acta ya no figura como vencida en MULTAS_JUZGADO_CRUCE (SEMyT ya los actualizó).
[ACTUALIZAR PAGOS · AUTO]   • Pagos del sistema nuevo descartados por ya estar actualizados: 2698
[ACTUALIZAR PAGOS · AUTO] ⏱ PASO 2 (filtrar): 1.3s
[ACTUALIZAR PAGOS · AUTO] 📂 Cargando maestro de causas SIGEMI...
[ACTUALIZAR PAGOS · AUTO]   ✓ Causas totales (maestro): 134069 registros
[ACTUALIZAR PAGOS · AUTO] ⏱ PASO 2.5 (causas simplificado): 0.2s
[ACTUALIZAR PAGOS · AUTO] ================================================================================
[ACTUALIZAR PAGOS · AUTO] PASO 2.5: ARMANDO causas.txt SIMPLIFICADO (cruce contra total_causas_sigemi.txt)
[ACTUALIZAR PAGOS · AUTO] ================================================================================
[ACTUALIZAR PAGOS · AUTO]   • Actas vencidas viejas (multas): 103697
[ACTUALIZAR PAGOS · AUTO]   • Causas totales en el maestro SIGEMI: 134069
[ACTUALIZAR PAGOS · AUTO]   • Causas que coinciden (simplificado): 103367
[ACTUALIZAR PAGOS · AUTO]   ✅ Archivo escrito: backend/descargas/causas/causas.txt
[ACTUALIZAR PAGOS · AUTO] ⏱ PASO 2.5 (causas simplificado): 2.9s
[ACTUALIZAR PAGOS · AUTO] ================================================================================
[ACTUALIZAR PAGOS · AUTO] PASO 3: LLENANDO CAUSA_NUMERO (según fecha de cambio de sistema, cruzando por acta + año)
[ACTUALIZAR PAGOS · AUTO] ================================================================================
[ACTUALIZAR PAGOS · AUTO] 📊 ESTADÍSTICAS DE LLENADO DE CAUSAS:
[ACTUALIZAR PAGOS · AUTO]   • Pagos con causa ORIGINAL: 40
[ACTUALIZAR PAGOS · AUTO]   • Causas encontradas en SIGEMI (actas viejas): 0
[ACTUALIZAR PAGOS · AUTO]   • Causas NO encontradas en SIGEMI: 0
[ACTUALIZAR PAGOS · AUTO]   • Causas asignadas automáticamente (actas nuevas): 0
[ACTUALIZAR PAGOS · AUTO] ⏱ PASO 3 (llenar causas): 0.0s
[ACTUALIZAR PAGOS · AUTO] ================================================================================
[ACTUALIZAR PAGOS · AUTO] PASO 4: ORDENANDO POR FECHA Y ACTA_NUMERO
[ACTUALIZAR PAGOS · AUTO] ================================================================================
[ACTUALIZAR PAGOS · AUTO] ✓ Pagos ordenados correctamente
[ACTUALIZAR PAGOS · AUTO]   • Primera entrada: Acta=247595, Fecha=17/12/2025
[ACTUALIZAR PAGOS · AUTO]   • Última entrada: Acta=317173, Fecha=20/05/2026
[ACTUALIZAR PAGOS · AUTO] 📝 Escribiendo archivo de salida...
[ACTUALIZAR PAGOS · AUTO]   ✅ Archivo escrito: backend/descargas/pagos/2026-07-23/PAGOS 20260723 115017.txt
[ACTUALIZAR PAGOS · AUTO]   ✅ Total registros: 3382
[ACTUALIZAR PAGOS · AUTO] ⏱ PASO 4 (ordenar y escribir): 0.0s
[ACTUALIZAR PAGOS · AUTO] ================================================================================
[ACTUALIZAR PAGOS · AUTO] ✅ PROCESO COMPLETADO EXITOSAMENTE
[ACTUALIZAR PAGOS · AUTO] ================================================================================
[ACTUALIZAR PAGOS · AUTO] 📊 RESUMEN FINAL DEL PROCESAMIENTO:
[ACTUALIZAR PAGOS · AUTO]   ENTRADA:
[ACTUALIZAR PAGOS · AUTO]     • Pagos originales: 16613
[ACTUALIZAR PAGOS · AUTO]     • Multas SIGEMI cargadas: 103697
[ACTUALIZAR PAGOS · AUTO]     • Multas Juzgado cargadas: 40301
[ACTUALIZAR PAGOS · AUTO]     • Causas simplificadas (usadas para el cruce): 103367
[ACTUALIZAR PAGOS · AUTO]   PROCESO:
[ACTUALIZAR PAGOS · AUTO]     • Pagos rechazados sigemi: 13875
[ACTUALIZAR PAGOS · AUTO]     • Pagos rechazados juzgado: 2698
[ACTUALIZAR PAGOS · AUTO]   SALIDA:
[ACTUALIZAR PAGOS · AUTO]     • Pagos desactualizados procesados: 40
[ACTUALIZAR PAGOS · AUTO]     • Archivo final: backend/descargas/pagos/2026-07-23/PAGOS 20260723 115017.txt
[ACTUALIZAR PAGOS · AUTO]     • Ordenados por fecha: SÍ ✓
[ACTUALIZAR PAGOS · AUTO]     • Todos con ACTA_NUMERO: SÍ ✓
[ACTUALIZAR PAGOS · AUTO]     • Todos con CAUSA_NUMERO: SÍ ✓
[ACTUALIZAR PAGOS · AUTO] ✅ TXT de pagos (ya cruzado con actas y causas) generado en: backend/descargas/pagos/2026-07-23/PAGOS 20260723 115017.txt
[ACTUALIZAR PAGOS · AUTO] 🧹 TXT de pagos crudo eliminado (ya usado en el cruce): backend/descargas/pagos/2026-07-23/PAGOS DESCARGADOS.txt
[ACTUALIZAR PAGOS · AUTO] 🧹 Excel MULTAS_SIGEMI_CRUCE eliminado (ya usado en el cruce): backend/descargas/cache_actas_cruce/MULTAS_SIGEMI_CRUCE.xlsx
[ACTUALIZAR PAGOS · AUTO] 🧹 Excel MULTAS_JUZGADO_CRUCE eliminado (ya usado en el cruce): backend/descargas/cache_actas_cruce/MULTAS_JUZGADO_CRUCE.xlsx
[ACTUALIZAR PAGOS · AUTO] ✅ CompararActasPaso finalizado. (⏱ 54.4s)
[ACTUALIZAR PAGOS · AUTO] ✓ [CompararActasPaso] Completado.
[ACTUALIZAR PAGOS · AUTO] ▶ [CargarPagosPaso] Iniciando...
[ACTUALIZAR PAGOS · AUTO] ==================================================
[ACTUALIZAR PAGOS · AUTO] 🚀 PASO: CargarPagosPaso
[ACTUALIZAR PAGOS · AUTO] ==================================================
[ACTUALIZAR PAGOS · AUTO] 📤 Subiendo TXT de pagos al SEMyT...
[ACTUALIZAR PAGOS · AUTO] ✅ Importación de pagos completada con éxito.
[ACTUALIZAR PAGOS · AUTO] ✅ Archivo TXT de pagos cargado en el SEMyT correctamente.
[ACTUALIZAR PAGOS · AUTO] ✅ CargarPagosPaso finalizado. (⏱ 4.4s)
[ACTUALIZAR PAGOS · AUTO] ✓ [CargarPagosPaso] Completado.
[ACTUALIZAR PAGOS · AUTO] === Ejecución finalizada con éxito ===
🤖 [Automático] Es hora de actualizar pagos. Arrancando...
[ACTUALIZAR PAGOS · AUTO] === Inicio de ejecución: pagos ===
[ACTUALIZAR PAGOS · AUTO] ▶ [LoginSemytPaso] Iniciando...
[ACTUALIZAR PAGOS · AUTO] ==================================================
[ACTUALIZAR PAGOS · AUTO] 🚀 PASO: LoginSemytPaso
[ACTUALIZAR PAGOS · AUTO] ==================================================
[ACTUALIZAR PAGOS · AUTO] Abriendo SEMyT...
⏳ [Automático] Tocaba disparar 'pagos' pero ya hay una ejecución en curso (Actualizar pagos); esperando a que termine; se reintenta en breve sin perder el turno.
[ACTUALIZAR PAGOS · AUTO] ✅ [SEMyT] Sesión existente detectada. Login omitido.
[ACTUALIZAR PAGOS · AUTO] ✅ LoginSemytPaso finalizado. (⏱ 42.2s)
[ACTUALIZAR PAGOS · AUTO] ✓ [LoginSemytPaso] Completado.
[ACTUALIZAR PAGOS · AUTO] ▶ [LoginJuzgadoPaso] Iniciando...
[ACTUALIZAR PAGOS · AUTO] ==================================================
[ACTUALIZAR PAGOS · AUTO] 🚀 PASO: LoginJuzgadoPaso
[ACTUALIZAR PAGOS · AUTO] ==================================================
[ACTUALIZAR PAGOS · AUTO] Abriendo sitio municipalidad (CiDi)...
[ACTUALIZAR PAGOS · AUTO] ✅ [Juzgado] Sesión existente detectada. Login omitido.
[ACTUALIZAR PAGOS · AUTO] ✅ LoginJuzgadoPaso finalizado. (⏱ 2.8s)
[ACTUALIZAR PAGOS · AUTO] ✓ [LoginJuzgadoPaso] Completado.
[ACTUALIZAR PAGOS · AUTO] ▶ [DescargasParalelasPaso] Iniciando...
[ACTUALIZAR PAGOS · AUTO] ==================================================
[ACTUALIZAR PAGOS · AUTO] 🚀 PASO: DescargasParalelasPaso
[ACTUALIZAR PAGOS · AUTO] ==================================================
[ACTUALIZAR PAGOS · AUTO] 📤 Arrancando las 3 descargas en paralelo (mismo browser, páginas separadas)...
[ACTUALIZAR PAGOS · AUTO] Fecha Desde: 27/06/2024
[ACTUALIZAR PAGOS · AUTO] Fecha Hasta: 24/11/2025
[ACTUALIZAR PAGOS · AUTO] Fecha Desde: 25/11/2025
[ACTUALIZAR PAGOS · AUTO] Fecha Hasta: 23/07/2026
[ACTUALIZAR PAGOS · AUTO] Descargando Excel...
[ACTUALIZAR PAGOS · AUTO] Descargando Excel...
[ACTUALIZAR PAGOS · AUTO] ⏱ [pagos_txt] falló a los 101.2s -> TimeoutError: Timeout 100000ms exceeded while waiting for event "download"
[ACTUALIZAR PAGOS · AUTO] =========================== logs ===========================
[ACTUALIZAR PAGOS · AUTO] waiting for event "download"
[ACTUALIZAR PAGOS · AUTO] ============================================================
[ACTUALIZAR PAGOS · AUTO] ⏱ [actas_juzgado] falló a los 101.2s -> TimeoutError: Timeout esperando la descarga (sin cartel de error reconocido) tras 100s.
[ACTUALIZAR PAGOS · AUTO] ⏱ [actas_sigemi] falló a los 101.2s -> TimeoutError: Timeout esperando la descarga (sin cartel de error reconocido) tras 100s.
[ACTUALIZAR PAGOS · AUTO] ⏱ TOTAL descargas en paralelo: 101.2s
[ACTUALIZAR PAGOS · AUTO] ❌ Error en el paso [DescargasParalelasPaso]: TimeoutError: Timeout 100000ms exceeded while waiting for event "download"
[ACTUALIZAR PAGOS · AUTO] =========================== logs ===========================
[ACTUALIZAR PAGOS · AUTO] waiting for event "download"
[ACTUALIZAR PAGOS · AUTO] ============================================================
[ACTUALIZAR PAGOS · AUTO] ❌ === ERROR: TimeoutError: Timeout 100000ms exceeded while waiting for event "download"
[ACTUALIZAR PAGOS · AUTO] =========================== logs ===========================
[ACTUALIZAR PAGOS · AUTO] waiting for event "download"
[ACTUALIZAR PAGOS · AUTO] ============================================================ ===
[ACTUALIZAR PAGOS · AUTO] Traceback (most recent call last):
[ACTUALIZAR PAGOS · AUTO]   File "/Users/nicolascesolari/Downloads/proyectoJuzgado(perfect) /backend/orquestador/trabajador.py", line 87, in ejecutar_worker
[ACTUALIZAR PAGOS · AUTO]     contexto_resultado = asyncio.run(
[ACTUALIZAR PAGOS · AUTO]         _correr_tipo(tipo, origen, fecha_desde_multas_manual, archivo_creado)
[ACTUALIZAR PAGOS · AUTO]     )
[ACTUALIZAR PAGOS · AUTO]   File "/Library/Frameworks/Python.framework/Versions/3.14/lib/python3.14/asyncio/runners.py", line 205, in run
[ACTUALIZAR PAGOS · AUTO]     return runner.run(main)
[ACTUALIZAR PAGOS · AUTO]            ~~~~~~~~~~^^^^^^
[ACTUALIZAR PAGOS · AUTO]   File "/Library/Frameworks/Python.framework/Versions/3.14/lib/python3.14/asyncio/runners.py", line 128, in run
[ACTUALIZAR PAGOS · AUTO]     return self._loop.run_until_complete(task)
[ACTUALIZAR PAGOS · AUTO]            ~~~~~~~~~~~~~~~~~~~~~~~~~~~~~^^^^^^
[ACTUALIZAR PAGOS · AUTO]   File "/Library/Frameworks/Python.framework/Versions/3.14/lib/python3.14/asyncio/base_events.py", line 719, in run_until_complete
[ACTUALIZAR PAGOS · AUTO]     return future.result()
[ACTUALIZAR PAGOS · AUTO]            ~~~~~~~~~~~~~^^
[ACTUALIZAR PAGOS · AUTO]   File "/Users/nicolascesolari/Downloads/proyectoJuzgado(perfect) /backend/orquestador/trabajador.py", line 146, in _correr_tipo
[ACTUALIZAR PAGOS · AUTO]     return await PagosWorkflow(navegador).ejecutar(archivo_fn=archivo_creado,cerrar_navegador_al_final=False,)
[ACTUALIZAR PAGOS · AUTO]            ^^^^^^^^^^^^^^^^^^^^^^^^^^^^^^^^^^^^^^^^^^^^^^^^^^^^^^^^^^^^^^^^^^^^^^^^^^^^^^^^^^^^^^^^^^^^^^^^^^^
[ACTUALIZAR PAGOS · AUTO]   File "/Users/nicolascesolari/Downloads/proyectoJuzgado(perfect) /backend/workflows/workflow_base.py", line 35, in ejecutar
[ACTUALIZAR PAGOS · AUTO]     await paso.ejecutar(contexto)
[ACTUALIZAR PAGOS · AUTO]   File "/Users/nicolascesolari/Downloads/proyectoJuzgado(perfect) /backend/pasos/descargas_paralelas_paso.py", line 75, in ejecutar
[ACTUALIZAR PAGOS · AUTO]     ruta_txt, ruta_sigemi, ruta_juzgado = self._procesar_resultados(resultados)
[ACTUALIZAR PAGOS · AUTO]                                           ~~~~~~~~~~~~~~~~~~~~~~~~~^^^^^^^^^^^^
[ACTUALIZAR PAGOS · AUTO]   File "/Users/nicolascesolari/Downloads/proyectoJuzgado(perfect) /backend/pasos/descargas_paralelas_paso.py", line 153, in _procesar_resultados
[ACTUALIZAR PAGOS · AUTO]     raise error_txt
[ACTUALIZAR PAGOS · AUTO]   File "/Users/nicolascesolari/Downloads/proyectoJuzgado(perfect) /backend/pasos/descargas_paralelas_paso.py", line 128, in _con_tiempo
[ACTUALIZAR PAGOS · AUTO]     resultado = await corutina
[ACTUALIZAR PAGOS · AUTO]                 ^^^^^^^^^^^^^^
[ACTUALIZAR PAGOS · AUTO]   File "/Users/nicolascesolari/Downloads/proyectoJuzgado(perfect) /backend/pasos/descargas_paralelas_paso.py", line 101, in _descargar_pagos
[ACTUALIZAR PAGOS · AUTO]     return await service.descargar_txt_pagos(pagina)
[ACTUALIZAR PAGOS · AUTO]            ^^^^^^^^^^^^^^^^^^^^^^^^^^^^^^^^^^^^^^^^^
[ACTUALIZAR PAGOS · AUTO]   File "/Users/nicolascesolari/Downloads/proyectoJuzgado(perfect) /backend/services/pagos_service.py", line 22, in descargar_txt_pagos
[ACTUALIZAR PAGOS · AUTO]     descarga = await page.descargar_txt_pagos()
[ACTUALIZAR PAGOS · AUTO]                ^^^^^^^^^^^^^^^^^^^^^^^^^^^^^^^^
[ACTUALIZAR PAGOS · AUTO]   File "/Users/nicolascesolari/Downloads/proyectoJuzgado(perfect) /backend/pages/descargar_pagos_page.py", line 20, in descargar_txt_pagos
[ACTUALIZAR PAGOS · AUTO]     async with self.page.expect_download(timeout=100000) as descarga_info:
[ACTUALIZAR PAGOS · AUTO]                ~~~~~~~~~~~~~~~~~~~~~~~~~^^^^^^^^^^^^^^^^
[ACTUALIZAR PAGOS · AUTO]   File "/Library/Frameworks/Python.framework/Versions/3.14/lib/python3.14/site-packages/playwright/_impl/_async_base.py", line 60, in __aexit__
[ACTUALIZAR PAGOS · AUTO]     await self._event.value
[ACTUALIZAR PAGOS · AUTO]   File "/Library/Frameworks/Python.framework/Versions/3.14/lib/python3.14/site-packages/playwright/_impl/_async_base.py", line 35, in value
[ACTUALIZAR PAGOS · AUTO]     return mapping.from_maybe_impl(await self._future)
[ACTUALIZAR PAGOS · AUTO]                                    ^^^^^^^^^^^^^^^^^^
[ACTUALIZAR PAGOS · AUTO] playwright._impl._errors.TimeoutError: Timeout 100000ms exceeded while waiting for event "download"
[ACTUALIZAR PAGOS · AUTO] =========================== logs ===========================
[ACTUALIZAR PAGOS · AUTO] waiting for event "download"
[ACTUALIZAR PAGOS · AUTO] ============================================================
ℹ El log detallado de esta corrida no se conservó en disco (no se llegó a subir ningún archivo).
❌ [Automático] 'pagos' falló (intento 1 de 4). Se reintenta a las 12:09.
🤖 [Automático] Es hora de actualizar pagos (reintento 1 de 3). Arrancando...
[ACTUALIZAR PAGOS · AUTO] === Inicio de ejecución: pagos ===
[ACTUALIZAR PAGOS · AUTO] ▶ [LoginSemytPaso] Iniciando...
[ACTUALIZAR PAGOS · AUTO] ==================================================
[ACTUALIZAR PAGOS · AUTO] 🚀 PASO: LoginSemytPaso
[ACTUALIZAR PAGOS · AUTO] ==================================================
[ACTUALIZAR PAGOS · AUTO] Abriendo SEMyT...
⏳ [Automático] Tocaba disparar 'pagos' pero ya hay una ejecución en curso (Actualizar pagos); esperando a que termine; se reintenta en breve sin perder el turno.
[ACTUALIZAR PAGOS · AUTO] ✅ [SEMyT] Sesión existente detectada. Login omitido.
[ACTUALIZAR PAGOS · AUTO] ✅ LoginSemytPaso finalizado. (⏱ 40.4s)
[ACTUALIZAR PAGOS · AUTO] ✓ [LoginSemytPaso] Completado.
[ACTUALIZAR PAGOS · AUTO] ▶ [LoginJuzgadoPaso] Iniciando...
[ACTUALIZAR PAGOS · AUTO] ==================================================
[ACTUALIZAR PAGOS · AUTO] 🚀 PASO: LoginJuzgadoPaso
[ACTUALIZAR PAGOS · AUTO] ==================================================
[ACTUALIZAR PAGOS · AUTO] Abriendo sitio municipalidad (CiDi)...
[ACTUALIZAR PAGOS · AUTO] ✅ [Juzgado] Sesión existente detectada. Login omitido.
[ACTUALIZAR PAGOS · AUTO] ✅ LoginJuzgadoPaso finalizado. (⏱ 1.8s)
[ACTUALIZAR PAGOS · AUTO] ✓ [LoginJuzgadoPaso] Completado.
[ACTUALIZAR PAGOS · AUTO] ▶ [DescargasParalelasPaso] Iniciando...
[ACTUALIZAR PAGOS · AUTO] ==================================================
[ACTUALIZAR PAGOS · AUTO] 🚀 PASO: DescargasParalelasPaso
[ACTUALIZAR PAGOS · AUTO] ==================================================
[ACTUALIZAR PAGOS · AUTO] 📤 Arrancando las 3 descargas en paralelo (mismo browser, páginas separadas)...
[ACTUALIZAR PAGOS · AUTO] Fecha Desde: 27/06/2024
[ACTUALIZAR PAGOS · AUTO] Fecha Hasta: 24/11/2025
[ACTUALIZAR PAGOS · AUTO] Fecha Desde: 25/11/2025
[ACTUALIZAR PAGOS · AUTO] Fecha Hasta: 23/07/2026
[ACTUALIZAR PAGOS · AUTO] Descargando Excel...
[ACTUALIZAR PAGOS · AUTO] Descargando Excel...
[ACTUALIZAR PAGOS · AUTO] Archivo descargado en: backend/descargas/cache_actas_cruce/MULTAS_JUZGADO_CRUCE.xlsx
[ACTUALIZAR PAGOS · AUTO] ⏱ [actas_juzgado] completado en 53.3s
[ACTUALIZAR PAGOS · AUTO] ✅ TXT de pagos descargado en: backend/descargas/pagos/2026-07-23/PAGOS DESCARGADOS.txt
[ACTUALIZAR PAGOS · AUTO] ⏱ [pagos_txt] completado en 69.7s
[ACTUALIZAR PAGOS · AUTO] Archivo descargado en: backend/descargas/cache_actas_cruce/MULTAS_SIGEMI_CRUCE.xlsx
[ACTUALIZAR PAGOS · AUTO] ⏱ [actas_sigemi] completado en 109.2s
[ACTUALIZAR PAGOS · AUTO] ⏱ TOTAL descargas en paralelo: 109.2s
[ACTUALIZAR PAGOS · AUTO] ✅ DescargasParalelasPaso finalizado. (⏱ 111.0s)
[ACTUALIZAR PAGOS · AUTO] ✓ [DescargasParalelasPaso] Completado.
[ACTUALIZAR PAGOS · AUTO] ▶ [CompararActasPaso] Iniciando...
[ACTUALIZAR PAGOS · AUTO] ==================================================
[ACTUALIZAR PAGOS · AUTO] 🚀 PASO: CompararActasPaso
[ACTUALIZAR PAGOS · AUTO] ==================================================
[ACTUALIZAR PAGOS · AUTO] 🔍 Comparando actas del SEMyT contra pagos del Juzgado...
[ACTUALIZAR PAGOS · AUTO] ================================================================================
[ACTUALIZAR PAGOS · AUTO] INICIANDO PROCESO DE GENERACIÓN DE PAGOS DESACTUALIZADOS
[ACTUALIZAR PAGOS · AUTO] ================================================================================
[ACTUALIZAR PAGOS · AUTO] 📂 Cargando archivos...
[ACTUALIZAR PAGOS · AUTO]   ✓ Pagos: 16633 registros
[ACTUALIZAR PAGOS · AUTO]   ✓ Excel SIGEMI (multas vencidas viejas): 103695 registros
[ACTUALIZAR PAGOS · AUTO]   ✓ Excel Juzgado (multas vencidas nuevas): 40261 registros
[ACTUALIZAR PAGOS · AUTO] ================================================================================
[ACTUALIZAR PAGOS · AUTO] PASO 1: LLENANDO ACTA_NUMERO (búsqueda por patente + fecha, con desempate por hora)
[ACTUALIZAR PAGOS · AUTO] ================================================================================
[ACTUALIZAR PAGOS · AUTO] 📊 ESTADÍSTICAS DE LLENADO DE ACTAS:
[ACTUALIZAR PAGOS · AUTO]   • Pagos con acta ORIGINAL: 2752
[ACTUALIZAR PAGOS · AUTO]   • Pagos SIN acta (buscados): 13881
[ACTUALIZAR PAGOS · AUTO]   • Pagos LLENADOS exitosamente: 4
[ACTUALIZAR PAGOS · AUTO]   • Pagos NO encontrados en multas: 13877
[ACTUALIZAR PAGOS · AUTO]   • Pagos SIN RESOLVER por desbalance de cantidades: 0
[ACTUALIZAR PAGOS · AUTO] ================================================================================
[ACTUALIZAR PAGOS · AUTO] PASO 1: LLENANDO ACTA_NUMERO (búsqueda por patente + fecha, con desempate por hora)
[ACTUALIZAR PAGOS · AUTO] ================================================================================
[ACTUALIZAR PAGOS · AUTO] 📊 ESTADÍSTICAS DE LLENADO DE ACTAS:
[ACTUALIZAR PAGOS · AUTO]   • Pagos con acta ORIGINAL: 2756
[ACTUALIZAR PAGOS · AUTO]   • Pagos SIN acta (buscados): 13877
[ACTUALIZAR PAGOS · AUTO]   • Pagos LLENADOS exitosamente: 0
[ACTUALIZAR PAGOS · AUTO]   • Pagos NO encontrados en multas: 13877
[ACTUALIZAR PAGOS · AUTO]   • Pagos SIN RESOLVER por desbalance de cantidades: 0
[ACTUALIZAR PAGOS · AUTO] ⏱ PASO 1 (llenar actas): 20.6s
[ACTUALIZAR PAGOS · AUTO] ================================================================================
[ACTUALIZAR PAGOS · AUTO] PASO 2: FILTRANDO PAGOS CON ACTA_NUMERO COMPLETO
[ACTUALIZAR PAGOS · AUTO] ================================================================================
[ACTUALIZAR PAGOS · AUTO] 📊 ESTADÍSTICAS DE FILTRADO:
[ACTUALIZAR PAGOS · AUTO]   • Pagos TOTALES al inicio: 16633
[ACTUALIZAR PAGOS · AUTO]   • Pagos CON acta (MANTIENEN): 2756
[ACTUALIZAR PAGOS · AUTO]   • Pagos RECHAZADOS (sin coincidencias): 13877
[ACTUALIZAR PAGOS · AUTO] ⚠️  Se eliminaron 13877 registros sin número de acta
[ACTUALIZAR PAGOS · AUTO]      (recordá: esto incluye tanto pagos ya actualizados/pagados
[ACTUALIZAR PAGOS · AUTO]       como pagos que quedaron sin resolver por desbalance en el Paso 1)
[ACTUALIZAR PAGOS · AUTO] ================================================================================
[ACTUALIZAR PAGOS · AUTO] PASO 2-bis: CONFIRMANDO VIGENCIA DE PAGOS DEL SISTEMA NUEVO (contra MULTAS_JUZGADO_CRUCE)
[ACTUALIZAR PAGOS · AUTO] ================================================================================
[ACTUALIZAR PAGOS · AUTO]   ⚠ 2738 pago(s) del sistema nuevo descartados: su acta ya no figura como vencida en MULTAS_JUZGADO_CRUCE (SEMyT ya los actualizó).
[ACTUALIZAR PAGOS · AUTO]   • Pagos del sistema nuevo descartados por ya estar actualizados: 2738
[ACTUALIZAR PAGOS · AUTO] ⏱ PASO 2 (filtrar): 1.4s
[ACTUALIZAR PAGOS · AUTO] 📂 Cargando maestro de causas SIGEMI...
[ACTUALIZAR PAGOS · AUTO]   ✓ Causas totales (maestro): 134069 registros
[ACTUALIZAR PAGOS · AUTO] ⏱ PASO 2.5 (causas simplificado): 0.2s
[ACTUALIZAR PAGOS · AUTO] ================================================================================
[ACTUALIZAR PAGOS · AUTO] PASO 2.5: ARMANDO causas.txt SIMPLIFICADO (cruce contra total_causas_sigemi.txt)
[ACTUALIZAR PAGOS · AUTO] ================================================================================
[ACTUALIZAR PAGOS · AUTO]   • Actas vencidas viejas (multas): 103695
[ACTUALIZAR PAGOS · AUTO]   • Causas totales en el maestro SIGEMI: 134069
[ACTUALIZAR PAGOS · AUTO]   • Causas que coinciden (simplificado): 103365
[ACTUALIZAR PAGOS · AUTO]   ✅ Archivo escrito: backend/descargas/causas/causas.txt
[ACTUALIZAR PAGOS · AUTO] ⏱ PASO 2.5 (causas simplificado): 2.9s
[ACTUALIZAR PAGOS · AUTO] ================================================================================
[ACTUALIZAR PAGOS · AUTO] PASO 3: LLENANDO CAUSA_NUMERO (según fecha de cambio de sistema, cruzando por acta + año)
[ACTUALIZAR PAGOS · AUTO] ================================================================================
[ACTUALIZAR PAGOS · AUTO] 📊 ESTADÍSTICAS DE LLENADO DE CAUSAS:
[ACTUALIZAR PAGOS · AUTO]   • Pagos con causa ORIGINAL: 14
[ACTUALIZAR PAGOS · AUTO]   • Causas encontradas en SIGEMI (actas viejas): 4
[ACTUALIZAR PAGOS · AUTO]   • Causas NO encontradas en SIGEMI: 0
[ACTUALIZAR PAGOS · AUTO]   • Causas asignadas automáticamente (actas nuevas): 0
[ACTUALIZAR PAGOS · AUTO] ⏱ PASO 3 (llenar causas): 0.0s
[ACTUALIZAR PAGOS · AUTO] ================================================================================
[ACTUALIZAR PAGOS · AUTO] PASO 4: ORDENANDO POR FECHA Y ACTA_NUMERO
[ACTUALIZAR PAGOS · AUTO] ================================================================================
[ACTUALIZAR PAGOS · AUTO] ✓ Pagos ordenados correctamente
[ACTUALIZAR PAGOS · AUTO]   • Primera entrada: Acta=10128, Fecha=15/07/2024
[ACTUALIZAR PAGOS · AUTO]   • Última entrada: Acta=314438, Fecha=15/05/2026
[ACTUALIZAR PAGOS · AUTO] 📝 Escribiendo archivo de salida...
[ACTUALIZAR PAGOS · AUTO]   ✅ Archivo escrito: backend/descargas/pagos/2026-07-23/PAGOS 20260723 121234.txt
[ACTUALIZAR PAGOS · AUTO]   ✅ Total registros: 2048
[ACTUALIZAR PAGOS · AUTO] ⏱ PASO 4 (ordenar y escribir): 0.0s
[ACTUALIZAR PAGOS · AUTO] ================================================================================
[ACTUALIZAR PAGOS · AUTO] ✅ PROCESO COMPLETADO EXITOSAMENTE
[ACTUALIZAR PAGOS · AUTO] ================================================================================
[ACTUALIZAR PAGOS · AUTO] 📊 RESUMEN FINAL DEL PROCESAMIENTO:
[ACTUALIZAR PAGOS · AUTO]   ENTRADA:
[ACTUALIZAR PAGOS · AUTO]     • Pagos originales: 16633
[ACTUALIZAR PAGOS · AUTO]     • Multas SIGEMI cargadas: 103695
[ACTUALIZAR PAGOS · AUTO]     • Multas Juzgado cargadas: 40261
[ACTUALIZAR PAGOS · AUTO]     • Causas simplificadas (usadas para el cruce): 103365
[ACTUALIZAR PAGOS · AUTO]   PROCESO:
[ACTUALIZAR PAGOS · AUTO]     • Pagos rechazados sigemi: 13877
[ACTUALIZAR PAGOS · AUTO]     • Pagos rechazados juzgado: 2738
[ACTUALIZAR PAGOS · AUTO]   SALIDA:
[ACTUALIZAR PAGOS · AUTO]     • Pagos desactualizados procesados: 18
[ACTUALIZAR PAGOS · AUTO]     • Archivo final: backend/descargas/pagos/2026-07-23/PAGOS 20260723 121234.txt
[ACTUALIZAR PAGOS · AUTO]     • Ordenados por fecha: SÍ ✓
[ACTUALIZAR PAGOS · AUTO]     • Todos con ACTA_NUMERO: SÍ ✓
[ACTUALIZAR PAGOS · AUTO]     • Todos con CAUSA_NUMERO: SÍ ✓
[ACTUALIZAR PAGOS · AUTO] ✅ TXT de pagos (ya cruzado con actas y causas) generado en: backend/descargas/pagos/2026-07-23/PAGOS 20260723 121234.txt
[ACTUALIZAR PAGOS · AUTO] 🧹 TXT de pagos crudo eliminado (ya usado en el cruce): backend/descargas/pagos/2026-07-23/PAGOS DESCARGADOS.txt
[ACTUALIZAR PAGOS · AUTO] 🧹 Excel MULTAS_SIGEMI_CRUCE eliminado (ya usado en el cruce): backend/descargas/cache_actas_cruce/MULTAS_SIGEMI_CRUCE.xlsx
[ACTUALIZAR PAGOS · AUTO] 🧹 Excel MULTAS_JUZGADO_CRUCE eliminado (ya usado en el cruce): backend/descargas/cache_actas_cruce/MULTAS_JUZGADO_CRUCE.xlsx
[ACTUALIZAR PAGOS · AUTO] ✅ CompararActasPaso finalizado. (⏱ 58.2s)
[ACTUALIZAR PAGOS · AUTO] ✓ [CompararActasPaso] Completado.
[ACTUALIZAR PAGOS · AUTO] ▶ [CargarPagosPaso] Iniciando...
[ACTUALIZAR PAGOS · AUTO] ==================================================
[ACTUALIZAR PAGOS · AUTO] 🚀 PASO: CargarPagosPaso
[ACTUALIZAR PAGOS · AUTO] ==================================================
[ACTUALIZAR PAGOS · AUTO] 📤 Subiendo TXT de pagos al SEMyT...
[ACTUALIZAR PAGOS · AUTO] ✅ Importación de pagos completada con éxito.
[ACTUALIZAR PAGOS · AUTO] ✅ Archivo TXT de pagos cargado en el SEMyT correctamente.
[ACTUALIZAR PAGOS · AUTO] ✅ CargarPagosPaso finalizado. (⏱ 3.5s)
[ACTUALIZAR PAGOS · AUTO] ✓ [CargarPagosPaso] Completado.
[ACTUALIZAR PAGOS · AUTO] === Ejecución finalizada con éxito ===
✅ [Automático] 'pagos' terminó bien en el reintento 1.
🤖 [Automático] Es hora de actualizar pagos. Arrancando...
[ACTUALIZAR PAGOS · AUTO] === Inicio de ejecución: pagos ===
[ACTUALIZAR PAGOS · AUTO] ▶ [LoginSemytPaso] Iniciando...
[ACTUALIZAR PAGOS · AUTO] ==================================================
[ACTUALIZAR PAGOS · AUTO] 🚀 PASO: LoginSemytPaso
[ACTUALIZAR PAGOS · AUTO] ==================================================
[ACTUALIZAR PAGOS · AUTO] Abriendo SEMyT...
⏳ [Automático] Tocaba disparar 'pagos' pero ya hay una ejecución en curso (Actualizar pagos); esperando a que termine; se reintenta en breve sin perder el turno.
[ACTUALIZAR PAGOS · AUTO] ✅ [SEMyT] Sesión existente detectada. Login omitido.
[ACTUALIZAR PAGOS · AUTO] ✅ LoginSemytPaso finalizado. (⏱ 21.5s)
[ACTUALIZAR PAGOS · AUTO] ✓ [LoginSemytPaso] Completado.
[ACTUALIZAR PAGOS · AUTO] ▶ [LoginJuzgadoPaso] Iniciando...
[ACTUALIZAR PAGOS · AUTO] ==================================================
[ACTUALIZAR PAGOS · AUTO] 🚀 PASO: LoginJuzgadoPaso
[ACTUALIZAR PAGOS · AUTO] ==================================================
[ACTUALIZAR PAGOS · AUTO] Abriendo sitio municipalidad (CiDi)...
[ACTUALIZAR PAGOS · AUTO] ✅ [Juzgado] Sesión existente detectada. Login omitido.
[ACTUALIZAR PAGOS · AUTO] ✅ LoginJuzgadoPaso finalizado. (⏱ 1.6s)
[ACTUALIZAR PAGOS · AUTO] ✓ [LoginJuzgadoPaso] Completado.
[ACTUALIZAR PAGOS · AUTO] ▶ [DescargasParalelasPaso] Iniciando...
[ACTUALIZAR PAGOS · AUTO] ==================================================
[ACTUALIZAR PAGOS · AUTO] 🚀 PASO: DescargasParalelasPaso
[ACTUALIZAR PAGOS · AUTO] ==================================================
[ACTUALIZAR PAGOS · AUTO] 📤 Arrancando las 3 descargas en paralelo (mismo browser, páginas separadas)...
[ACTUALIZAR PAGOS · AUTO] Fecha Desde: 27/06/2024
[ACTUALIZAR PAGOS · AUTO] Fecha Hasta: 24/11/2025
[ACTUALIZAR PAGOS · AUTO] Fecha Desde: 25/11/2025
[ACTUALIZAR PAGOS · AUTO] Fecha Hasta: 23/07/2026
[ACTUALIZAR PAGOS · AUTO] Descargando Excel...
[ACTUALIZAR PAGOS · AUTO] Descargando Excel...
[ACTUALIZAR PAGOS · AUTO] Archivo descargado en: backend/descargas/cache_actas_cruce/MULTAS_JUZGADO_CRUCE.xlsx
[ACTUALIZAR PAGOS · AUTO] ⏱ [actas_juzgado] completado en 31.0s
[ACTUALIZAR PAGOS · AUTO] ✅ TXT de pagos descargado en: backend/descargas/pagos/2026-07-23/PAGOS DESCARGADOS.txt
[ACTUALIZAR PAGOS · AUTO] ⏱ [pagos_txt] completado en 32.1s
[ACTUALIZAR PAGOS · AUTO] Archivo descargado en: backend/descargas/cache_actas_cruce/MULTAS_SIGEMI_CRUCE.xlsx
[ACTUALIZAR PAGOS · AUTO] ⏱ [actas_sigemi] completado en 73.1s
[ACTUALIZAR PAGOS · AUTO] ⏱ TOTAL descargas en paralelo: 73.1s
[ACTUALIZAR PAGOS · AUTO] ✅ DescargasParalelasPaso finalizado. (⏱ 74.8s)
[ACTUALIZAR PAGOS · AUTO] ✓ [DescargasParalelasPaso] Completado.
[ACTUALIZAR PAGOS · AUTO] ▶ [CompararActasPaso] Iniciando...
[ACTUALIZAR PAGOS · AUTO] ==================================================
[ACTUALIZAR PAGOS · AUTO] 🚀 PASO: CompararActasPaso
[ACTUALIZAR PAGOS · AUTO] ==================================================
[ACTUALIZAR PAGOS · AUTO] 🔍 Comparando actas del SEMyT contra pagos del Juzgado...
[ACTUALIZAR PAGOS · AUTO] ================================================================================
[ACTUALIZAR PAGOS · AUTO] INICIANDO PROCESO DE GENERACIÓN DE PAGOS DESACTUALIZADOS
[ACTUALIZAR PAGOS · AUTO] ================================================================================
[ACTUALIZAR PAGOS · AUTO] 📂 Cargando archivos...
[ACTUALIZAR PAGOS · AUTO]   ✓ Pagos: 16646 registros
[ACTUALIZAR PAGOS · AUTO]   ✓ Excel SIGEMI (multas vencidas viejas): 103691 registros
[ACTUALIZAR PAGOS · AUTO]   ✓ Excel Juzgado (multas vencidas nuevas): 40247 registros
[ACTUALIZAR PAGOS · AUTO] ================================================================================
[ACTUALIZAR PAGOS · AUTO] PASO 1: LLENANDO ACTA_NUMERO (búsqueda por patente + fecha, con desempate por hora)
[ACTUALIZAR PAGOS · AUTO] ================================================================================
[ACTUALIZAR PAGOS · AUTO] 📊 ESTADÍSTICAS DE LLENADO DE ACTAS:
[ACTUALIZAR PAGOS · AUTO]   • Pagos con acta ORIGINAL: 2760
[ACTUALIZAR PAGOS · AUTO]   • Pagos SIN acta (buscados): 13886
[ACTUALIZAR PAGOS · AUTO]   • Pagos LLENADOS exitosamente: 5
[ACTUALIZAR PAGOS · AUTO]   • Pagos NO encontrados en multas: 13881
[ACTUALIZAR PAGOS · AUTO]   • Pagos SIN RESOLVER por desbalance de cantidades: 0
[ACTUALIZAR PAGOS · AUTO] ================================================================================
[ACTUALIZAR PAGOS · AUTO] PASO 1: LLENANDO ACTA_NUMERO (búsqueda por patente + fecha, con desempate por hora)
[ACTUALIZAR PAGOS · AUTO] ================================================================================
[ACTUALIZAR PAGOS · AUTO] 📊 ESTADÍSTICAS DE LLENADO DE ACTAS:
[ACTUALIZAR PAGOS · AUTO]   • Pagos con acta ORIGINAL: 2765
[ACTUALIZAR PAGOS · AUTO]   • Pagos SIN acta (buscados): 13881
[ACTUALIZAR PAGOS · AUTO]   • Pagos LLENADOS exitosamente: 0
[ACTUALIZAR PAGOS · AUTO]   • Pagos NO encontrados en multas: 13881
[ACTUALIZAR PAGOS · AUTO]   • Pagos SIN RESOLVER por desbalance de cantidades: 0
[ACTUALIZAR PAGOS · AUTO] ⏱ PASO 1 (llenar actas): 19.5s
[ACTUALIZAR PAGOS · AUTO] ================================================================================
[ACTUALIZAR PAGOS · AUTO] PASO 2: FILTRANDO PAGOS CON ACTA_NUMERO COMPLETO
[ACTUALIZAR PAGOS · AUTO] ================================================================================
[ACTUALIZAR PAGOS · AUTO] 📊 ESTADÍSTICAS DE FILTRADO:
[ACTUALIZAR PAGOS · AUTO]   • Pagos TOTALES al inicio: 16646
[ACTUALIZAR PAGOS · AUTO]   • Pagos CON acta (MANTIENEN): 2765
[ACTUALIZAR PAGOS · AUTO]   • Pagos RECHAZADOS (sin coincidencias): 13881
[ACTUALIZAR PAGOS · AUTO] ⚠️  Se eliminaron 13881 registros sin número de acta
[ACTUALIZAR PAGOS · AUTO]      (recordá: esto incluye tanto pagos ya actualizados/pagados
[ACTUALIZAR PAGOS · AUTO]       como pagos que quedaron sin resolver por desbalance en el Paso 1)
[ACTUALIZAR PAGOS · AUTO] ================================================================================
[ACTUALIZAR PAGOS · AUTO] PASO 2-bis: CONFIRMANDO VIGENCIA DE PAGOS DEL SISTEMA NUEVO (contra MULTAS_JUZGADO_CRUCE)
[ACTUALIZAR PAGOS · AUTO] ================================================================================
[ACTUALIZAR PAGOS · AUTO]   ⚠ 2752 pago(s) del sistema nuevo descartados: su acta ya no figura como vencida en MULTAS_JUZGADO_CRUCE (SEMyT ya los actualizó).
[ACTUALIZAR PAGOS · AUTO]   • Pagos del sistema nuevo descartados por ya estar actualizados: 2752
[ACTUALIZAR PAGOS · AUTO] ⏱ PASO 2 (filtrar): 0.9s
[ACTUALIZAR PAGOS · AUTO] 📂 Cargando maestro de causas SIGEMI...
[ACTUALIZAR PAGOS · AUTO]   ✓ Causas totales (maestro): 134069 registros
[ACTUALIZAR PAGOS · AUTO] ⏱ PASO 2.5 (causas simplificado): 0.1s
[ACTUALIZAR PAGOS · AUTO] ================================================================================
[ACTUALIZAR PAGOS · AUTO] PASO 2.5: ARMANDO causas.txt SIMPLIFICADO (cruce contra total_causas_sigemi.txt)
[ACTUALIZAR PAGOS · AUTO] ================================================================================
[ACTUALIZAR PAGOS · AUTO]   • Actas vencidas viejas (multas): 103691
[ACTUALIZAR PAGOS · AUTO]   • Causas totales en el maestro SIGEMI: 134069
[ACTUALIZAR PAGOS · AUTO]   • Causas que coinciden (simplificado): 103361
[ACTUALIZAR PAGOS · AUTO]   ✅ Archivo escrito: backend/descargas/causas/causas.txt
[ACTUALIZAR PAGOS · AUTO] ⏱ PASO 2.5 (causas simplificado): 2.6s
[ACTUALIZAR PAGOS · AUTO] ================================================================================
[ACTUALIZAR PAGOS · AUTO] PASO 3: LLENANDO CAUSA_NUMERO (según fecha de cambio de sistema, cruzando por acta + año)
[ACTUALIZAR PAGOS · AUTO] ================================================================================
[ACTUALIZAR PAGOS · AUTO] 📊 ESTADÍSTICAS DE LLENADO DE CAUSAS:
[ACTUALIZAR PAGOS · AUTO]   • Pagos con causa ORIGINAL: 8
[ACTUALIZAR PAGOS · AUTO]   • Causas encontradas en SIGEMI (actas viejas): 5
[ACTUALIZAR PAGOS · AUTO]   • Causas NO encontradas en SIGEMI: 0
[ACTUALIZAR PAGOS · AUTO]   • Causas asignadas automáticamente (actas nuevas): 0
[ACTUALIZAR PAGOS · AUTO] ⏱ PASO 3 (llenar causas): 0.0s
[ACTUALIZAR PAGOS · AUTO] ================================================================================
[ACTUALIZAR PAGOS · AUTO] PASO 4: ORDENANDO POR FECHA Y ACTA_NUMERO
[ACTUALIZAR PAGOS · AUTO] ================================================================================
[ACTUALIZAR PAGOS · AUTO] ✓ Pagos ordenados correctamente
[ACTUALIZAR PAGOS · AUTO]   • Primera entrada: Acta=6068, Fecha=05/07/2024
[ACTUALIZAR PAGOS · AUTO]   • Última entrada: Acta=302590, Fecha=27/04/2026
[ACTUALIZAR PAGOS · AUTO] 📝 Escribiendo archivo de salida...
[ACTUALIZAR PAGOS · AUTO]   ✅ Archivo escrito: backend/descargas/pagos/2026-07-23/PAGOS 20260723 122528.txt
[ACTUALIZAR PAGOS · AUTO]   ✅ Total registros: 1539
[ACTUALIZAR PAGOS · AUTO] ⏱ PASO 4 (ordenar y escribir): 0.0s
[ACTUALIZAR PAGOS · AUTO] ================================================================================
[ACTUALIZAR PAGOS · AUTO] ✅ PROCESO COMPLETADO EXITOSAMENTE
[ACTUALIZAR PAGOS · AUTO] ================================================================================
[ACTUALIZAR PAGOS · AUTO] 📊 RESUMEN FINAL DEL PROCESAMIENTO:
[ACTUALIZAR PAGOS · AUTO]   ENTRADA:
[ACTUALIZAR PAGOS · AUTO]     • Pagos originales: 16646
[ACTUALIZAR PAGOS · AUTO]     • Multas SIGEMI cargadas: 103691
[ACTUALIZAR PAGOS · AUTO]     • Multas Juzgado cargadas: 40247
[ACTUALIZAR PAGOS · AUTO]     • Causas simplificadas (usadas para el cruce): 103361
[ACTUALIZAR PAGOS · AUTO]   PROCESO:
[ACTUALIZAR PAGOS · AUTO]     • Pagos rechazados sigemi: 13881
[ACTUALIZAR PAGOS · AUTO]     • Pagos rechazados juzgado: 2752
[ACTUALIZAR PAGOS · AUTO]   SALIDA:
[ACTUALIZAR PAGOS · AUTO]     • Pagos desactualizados procesados: 13
[ACTUALIZAR PAGOS · AUTO]     • Archivo final: backend/descargas/pagos/2026-07-23/PAGOS 20260723 122528.txt
[ACTUALIZAR PAGOS · AUTO]     • Ordenados por fecha: SÍ ✓
[ACTUALIZAR PAGOS · AUTO]     • Todos con ACTA_NUMERO: SÍ ✓
[ACTUALIZAR PAGOS · AUTO]     • Todos con CAUSA_NUMERO: SÍ ✓
[ACTUALIZAR PAGOS · AUTO] ✅ TXT de pagos (ya cruzado con actas y causas) generado en: backend/descargas/pagos/2026-07-23/PAGOS 20260723 122528.txt
[ACTUALIZAR PAGOS · AUTO] 🧹 TXT de pagos crudo eliminado (ya usado en el cruce): backend/descargas/pagos/2026-07-23/PAGOS DESCARGADOS.txt
[ACTUALIZAR PAGOS · AUTO] 🧹 Excel MULTAS_SIGEMI_CRUCE eliminado (ya usado en el cruce): backend/descargas/cache_actas_cruce/MULTAS_SIGEMI_CRUCE.xlsx
[ACTUALIZAR PAGOS · AUTO] 🧹 Excel MULTAS_JUZGADO_CRUCE eliminado (ya usado en el cruce): backend/descargas/cache_actas_cruce/MULTAS_JUZGADO_CRUCE.xlsx
[ACTUALIZAR PAGOS · AUTO] ✅ CompararActasPaso finalizado. (⏱ 53.6s)
[ACTUALIZAR PAGOS · AUTO] ✓ [CompararActasPaso] Completado.
[ACTUALIZAR PAGOS · AUTO] ▶ [CargarPagosPaso] Iniciando...
[ACTUALIZAR PAGOS · AUTO] ==================================================
[ACTUALIZAR PAGOS · AUTO] 🚀 PASO: CargarPagosPaso
[ACTUALIZAR PAGOS · AUTO] ==================================================
[ACTUALIZAR PAGOS · AUTO] 📤 Subiendo TXT de pagos al SEMyT...
[ACTUALIZAR PAGOS · AUTO] ✅ Importación de pagos completada con éxito.
[ACTUALIZAR PAGOS · AUTO] ✅ Archivo TXT de pagos cargado en el SEMyT correctamente.
[ACTUALIZAR PAGOS · AUTO] ✅ CargarPagosPaso finalizado. (⏱ 3.1s)
[ACTUALIZAR PAGOS · AUTO] ✓ [CargarPagosPaso] Completado.
[ACTUALIZAR PAGOS · AUTO] === Ejecución finalizada con éxito ===
🤖 [Automático] Es hora de actualizar pagos. Arrancando...
[ACTUALIZAR PAGOS · AUTO] === Inicio de ejecución: pagos ===
[ACTUALIZAR PAGOS · AUTO] ▶ [LoginSemytPaso] Iniciando...
[ACTUALIZAR PAGOS · AUTO] ==================================================
[ACTUALIZAR PAGOS · AUTO] 🚀 PASO: LoginSemytPaso
[ACTUALIZAR PAGOS · AUTO] ==================================================
[ACTUALIZAR PAGOS · AUTO] Abriendo SEMyT...
⏳ [Automático] Tocaba disparar 'pagos' pero ya hay una ejecución en curso (Actualizar pagos); esperando a que termine; se reintenta en breve sin perder el turno.
[ACTUALIZAR PAGOS · AUTO] ✅ [SEMyT] Sesión existente detectada. Login omitido.
[ACTUALIZAR PAGOS · AUTO] ✅ LoginSemytPaso finalizado. (⏱ 28.0s)
[ACTUALIZAR PAGOS · AUTO] ✓ [LoginSemytPaso] Completado.
[ACTUALIZAR PAGOS · AUTO] ▶ [LoginJuzgadoPaso] Iniciando...
[ACTUALIZAR PAGOS · AUTO] ==================================================
[ACTUALIZAR PAGOS · AUTO] 🚀 PASO: LoginJuzgadoPaso
[ACTUALIZAR PAGOS · AUTO] ==================================================
[ACTUALIZAR PAGOS · AUTO] Abriendo sitio municipalidad (CiDi)...
[ACTUALIZAR PAGOS · AUTO] ✅ [Juzgado] Sesión existente detectada. Login omitido.
[ACTUALIZAR PAGOS · AUTO] ✅ LoginJuzgadoPaso finalizado. (⏱ 1.3s)
[ACTUALIZAR PAGOS · AUTO] ✓ [LoginJuzgadoPaso] Completado.
[ACTUALIZAR PAGOS · AUTO] ▶ [DescargasParalelasPaso] Iniciando...
[ACTUALIZAR PAGOS · AUTO] ==================================================
[ACTUALIZAR PAGOS · AUTO] 🚀 PASO: DescargasParalelasPaso
[ACTUALIZAR PAGOS · AUTO] ==================================================
[ACTUALIZAR PAGOS · AUTO] 📤 Arrancando las 3 descargas en paralelo (mismo browser, páginas separadas)...
[ACTUALIZAR PAGOS · AUTO] Fecha Desde: 27/06/2024
[ACTUALIZAR PAGOS · AUTO] Fecha Hasta: 24/11/2025
[ACTUALIZAR PAGOS · AUTO] Fecha Desde: 25/11/2025
[ACTUALIZAR PAGOS · AUTO] Fecha Hasta: 23/07/2026
[ACTUALIZAR PAGOS · AUTO] Descargando Excel...
[ACTUALIZAR PAGOS · AUTO] Descargando Excel...
[ACTUALIZAR PAGOS · AUTO] Archivo descargado en: backend/descargas/cache_actas_cruce/MULTAS_JUZGADO_CRUCE.xlsx
[ACTUALIZAR PAGOS · AUTO] ⏱ [actas_juzgado] completado en 28.7s
[ACTUALIZAR PAGOS · AUTO] ✅ TXT de pagos descargado en: backend/descargas/pagos/2026-07-23/PAGOS DESCARGADOS.txt
[ACTUALIZAR PAGOS · AUTO] ⏱ [pagos_txt] completado en 28.7s
[ACTUALIZAR PAGOS · AUTO] Archivo descargado en: backend/descargas/cache_actas_cruce/MULTAS_SIGEMI_CRUCE.xlsx
[ACTUALIZAR PAGOS · AUTO] ⏱ [actas_sigemi] completado en 55.7s
[ACTUALIZAR PAGOS · AUTO] ⏱ TOTAL descargas en paralelo: 55.7s
[ACTUALIZAR PAGOS · AUTO] ✅ DescargasParalelasPaso finalizado. (⏱ 57.1s)
[ACTUALIZAR PAGOS · AUTO] ✓ [DescargasParalelasPaso] Completado.
[ACTUALIZAR PAGOS · AUTO] ▶ [CompararActasPaso] Iniciando...
[ACTUALIZAR PAGOS · AUTO] ==================================================
[ACTUALIZAR PAGOS · AUTO] 🚀 PASO: CompararActasPaso
[ACTUALIZAR PAGOS · AUTO] ==================================================
[ACTUALIZAR PAGOS · AUTO] 🔍 Comparando actas del SEMyT contra pagos del Juzgado...
[ACTUALIZAR PAGOS · AUTO] ================================================================================
[ACTUALIZAR PAGOS · AUTO] INICIANDO PROCESO DE GENERACIÓN DE PAGOS DESACTUALIZADOS
[ACTUALIZAR PAGOS · AUTO] ================================================================================
[ACTUALIZAR PAGOS · AUTO] 📂 Cargando archivos...
[ACTUALIZAR PAGOS · AUTO]   ✓ Pagos: 16661 registros
[ACTUALIZAR PAGOS · AUTO]   ✓ Excel SIGEMI (multas vencidas viejas): 103686 registros
[ACTUALIZAR PAGOS · AUTO]   ✓ Excel Juzgado (multas vencidas nuevas): 40239 registros
[ACTUALIZAR PAGOS · AUTO] ================================================================================
[ACTUALIZAR PAGOS · AUTO] PASO 1: LLENANDO ACTA_NUMERO (búsqueda por patente + fecha, con desempate por hora)
[ACTUALIZAR PAGOS · AUTO] ================================================================================
[ACTUALIZAR PAGOS · AUTO] 📊 ESTADÍSTICAS DE LLENADO DE ACTAS:
[ACTUALIZAR PAGOS · AUTO]   • Pagos con acta ORIGINAL: 2769
[ACTUALIZAR PAGOS · AUTO]   • Pagos SIN acta (buscados): 13892
[ACTUALIZAR PAGOS · AUTO]   • Pagos LLENADOS exitosamente: 6
[ACTUALIZAR PAGOS · AUTO]   • Pagos NO encontrados en multas: 13886
[ACTUALIZAR PAGOS · AUTO]   • Pagos SIN RESOLVER por desbalance de cantidades: 0
[ACTUALIZAR PAGOS · AUTO] ================================================================================
[ACTUALIZAR PAGOS · AUTO] PASO 1: LLENANDO ACTA_NUMERO (búsqueda por patente + fecha, con desempate por hora)
[ACTUALIZAR PAGOS · AUTO] ================================================================================
[ACTUALIZAR PAGOS · AUTO] 📊 ESTADÍSTICAS DE LLENADO DE ACTAS:
[ACTUALIZAR PAGOS · AUTO]   • Pagos con acta ORIGINAL: 2775
[ACTUALIZAR PAGOS · AUTO]   • Pagos SIN acta (buscados): 13886
[ACTUALIZAR PAGOS · AUTO]   • Pagos LLENADOS exitosamente: 0
[ACTUALIZAR PAGOS · AUTO]   • Pagos NO encontrados en multas: 13886
[ACTUALIZAR PAGOS · AUTO]   • Pagos SIN RESOLVER por desbalance de cantidades: 0
[ACTUALIZAR PAGOS · AUTO] ⏱ PASO 1 (llenar actas): 17.4s
[ACTUALIZAR PAGOS · AUTO] ================================================================================
[ACTUALIZAR PAGOS · AUTO] PASO 2: FILTRANDO PAGOS CON ACTA_NUMERO COMPLETO
[ACTUALIZAR PAGOS · AUTO] ================================================================================
[ACTUALIZAR PAGOS · AUTO] 📊 ESTADÍSTICAS DE FILTRADO:
[ACTUALIZAR PAGOS · AUTO]   • Pagos TOTALES al inicio: 16661
[ACTUALIZAR PAGOS · AUTO]   • Pagos CON acta (MANTIENEN): 2775
[ACTUALIZAR PAGOS · AUTO]   • Pagos RECHAZADOS (sin coincidencias): 13886
[ACTUALIZAR PAGOS · AUTO] ⚠️  Se eliminaron 13886 registros sin número de acta
[ACTUALIZAR PAGOS · AUTO]      (recordá: esto incluye tanto pagos ya actualizados/pagados
[ACTUALIZAR PAGOS · AUTO]       como pagos que quedaron sin resolver por desbalance en el Paso 1)
[ACTUALIZAR PAGOS · AUTO] ================================================================================
[ACTUALIZAR PAGOS · AUTO] PASO 2-bis: CONFIRMANDO VIGENCIA DE PAGOS DEL SISTEMA NUEVO (contra MULTAS_JUZGADO_CRUCE)
[ACTUALIZAR PAGOS · AUTO] ================================================================================
[ACTUALIZAR PAGOS · AUTO]   ⚠ 2760 pago(s) del sistema nuevo descartados: su acta ya no figura como vencida en MULTAS_JUZGADO_CRUCE (SEMyT ya los actualizó).
[ACTUALIZAR PAGOS · AUTO]   • Pagos del sistema nuevo descartados por ya estar actualizados: 2760
[ACTUALIZAR PAGOS · AUTO] ⏱ PASO 2 (filtrar): 0.9s
[ACTUALIZAR PAGOS · AUTO] 📂 Cargando maestro de causas SIGEMI...
[ACTUALIZAR PAGOS · AUTO]   ✓ Causas totales (maestro): 134069 registros
[ACTUALIZAR PAGOS · AUTO] ⏱ PASO 2.5 (causas simplificado): 0.1s
[ACTUALIZAR PAGOS · AUTO] ================================================================================
[ACTUALIZAR PAGOS · AUTO] PASO 2.5: ARMANDO causas.txt SIMPLIFICADO (cruce contra total_causas_sigemi.txt)
[ACTUALIZAR PAGOS · AUTO] ================================================================================
[ACTUALIZAR PAGOS · AUTO]   • Actas vencidas viejas (multas): 103686
[ACTUALIZAR PAGOS · AUTO]   • Causas totales en el maestro SIGEMI: 134069
[ACTUALIZAR PAGOS · AUTO]   • Causas que coinciden (simplificado): 103356
[ACTUALIZAR PAGOS · AUTO]   ✅ Archivo escrito: backend/descargas/causas/causas.txt
[ACTUALIZAR PAGOS · AUTO] ⏱ PASO 2.5 (causas simplificado): 2.5s
[ACTUALIZAR PAGOS · AUTO] ================================================================================
[ACTUALIZAR PAGOS · AUTO] PASO 3: LLENANDO CAUSA_NUMERO (según fecha de cambio de sistema, cruzando por acta + año)
[ACTUALIZAR PAGOS · AUTO] ================================================================================
[ACTUALIZAR PAGOS · AUTO] 📊 ESTADÍSTICAS DE LLENADO DE CAUSAS:
[ACTUALIZAR PAGOS · AUTO]   • Pagos con causa ORIGINAL: 9
[ACTUALIZAR PAGOS · AUTO]   • Causas encontradas en SIGEMI (actas viejas): 6
[ACTUALIZAR PAGOS · AUTO]   • Causas NO encontradas en SIGEMI: 0
[ACTUALIZAR PAGOS · AUTO]   • Causas asignadas automáticamente (actas nuevas): 0
[ACTUALIZAR PAGOS · AUTO] ⏱ PASO 3 (llenar causas): 0.0s
[ACTUALIZAR PAGOS · AUTO] ================================================================================
[ACTUALIZAR PAGOS · AUTO] PASO 4: ORDENANDO POR FECHA Y ACTA_NUMERO
[ACTUALIZAR PAGOS · AUTO] ================================================================================
[ACTUALIZAR PAGOS · AUTO] ✓ Pagos ordenados correctamente
[ACTUALIZAR PAGOS · AUTO]   • Primera entrada: Acta=185121, Fecha=05/08/2025
[ACTUALIZAR PAGOS · AUTO]   • Última entrada: Acta=316069, Fecha=19/05/2026
[ACTUALIZAR PAGOS · AUTO] 📝 Escribiendo archivo de salida...
[ACTUALIZAR PAGOS · AUTO]   ✅ Archivo escrito: backend/descargas/pagos/2026-07-23/PAGOS 20260723 123806.txt
[ACTUALIZAR PAGOS · AUTO]   ✅ Total registros: 1742
[ACTUALIZAR PAGOS · AUTO] ⏱ PASO 4 (ordenar y escribir): 0.0s
[ACTUALIZAR PAGOS · AUTO] ================================================================================
[ACTUALIZAR PAGOS · AUTO] ✅ PROCESO COMPLETADO EXITOSAMENTE
[ACTUALIZAR PAGOS · AUTO] ================================================================================
[ACTUALIZAR PAGOS · AUTO] 📊 RESUMEN FINAL DEL PROCESAMIENTO:
[ACTUALIZAR PAGOS · AUTO]   ENTRADA:
[ACTUALIZAR PAGOS · AUTO]     • Pagos originales: 16661
[ACTUALIZAR PAGOS · AUTO]     • Multas SIGEMI cargadas: 103686
[ACTUALIZAR PAGOS · AUTO]     • Multas Juzgado cargadas: 40239
[ACTUALIZAR PAGOS · AUTO]     • Causas simplificadas (usadas para el cruce): 103356
[ACTUALIZAR PAGOS · AUTO]   PROCESO:
[ACTUALIZAR PAGOS · AUTO]     • Pagos rechazados sigemi: 13886
[ACTUALIZAR PAGOS · AUTO]     • Pagos rechazados juzgado: 2760
[ACTUALIZAR PAGOS · AUTO]   SALIDA:
[ACTUALIZAR PAGOS · AUTO]     • Pagos desactualizados procesados: 15
[ACTUALIZAR PAGOS · AUTO]     • Archivo final: backend/descargas/pagos/2026-07-23/PAGOS 20260723 123806.txt
[ACTUALIZAR PAGOS · AUTO]     • Ordenados por fecha: SÍ ✓
[ACTUALIZAR PAGOS · AUTO]     • Todos con ACTA_NUMERO: SÍ ✓
[ACTUALIZAR PAGOS · AUTO]     • Todos con CAUSA_NUMERO: SÍ ✓
[ACTUALIZAR PAGOS · AUTO] ✅ TXT de pagos (ya cruzado con actas y causas) generado en: backend/descargas/pagos/2026-07-23/PAGOS 20260723 123806.txt
[ACTUALIZAR PAGOS · AUTO] 🧹 TXT de pagos crudo eliminado (ya usado en el cruce): backend/descargas/pagos/2026-07-23/PAGOS DESCARGADOS.txt
[ACTUALIZAR PAGOS · AUTO] 🧹 Excel MULTAS_SIGEMI_CRUCE eliminado (ya usado en el cruce): backend/descargas/cache_actas_cruce/MULTAS_SIGEMI_CRUCE.xlsx
[ACTUALIZAR PAGOS · AUTO] 🧹 Excel MULTAS_JUZGADO_CRUCE eliminado (ya usado en el cruce): backend/descargas/cache_actas_cruce/MULTAS_JUZGADO_CRUCE.xlsx
[ACTUALIZAR PAGOS · AUTO] ✅ CompararActasPaso finalizado. (⏱ 47.4s)
[ACTUALIZAR PAGOS · AUTO] ✓ [CompararActasPaso] Completado.
[ACTUALIZAR PAGOS · AUTO] ▶ [CargarPagosPaso] Iniciando...
[ACTUALIZAR PAGOS · AUTO] ==================================================
[ACTUALIZAR PAGOS · AUTO] 🚀 PASO: CargarPagosPaso
[ACTUALIZAR PAGOS · AUTO] ==================================================
[ACTUALIZAR PAGOS · AUTO] 📤 Subiendo TXT de pagos al SEMyT...
[ACTUALIZAR PAGOS · AUTO] ✅ Importación de pagos completada con éxito.
[ACTUALIZAR PAGOS · AUTO] ✅ Archivo TXT de pagos cargado en el SEMyT correctamente.
[ACTUALIZAR PAGOS · AUTO] ✅ CargarPagosPaso finalizado. (⏱ 5.0s)
[ACTUALIZAR PAGOS · AUTO] ✓ [CargarPagosPaso] Completado.
[ACTUALIZAR PAGOS · AUTO] === Ejecución finalizada con éxito ===
🤖 [Automático] Es hora de actualizar pagos. Arrancando...
[ACTUALIZAR PAGOS · AUTO] === Inicio de ejecución: pagos ===
[ACTUALIZAR PAGOS · AUTO] ▶ [LoginSemytPaso] Iniciando...
[ACTUALIZAR PAGOS · AUTO] ==================================================
[ACTUALIZAR PAGOS · AUTO] 🚀 PASO: LoginSemytPaso
[ACTUALIZAR PAGOS · AUTO] ==================================================
[ACTUALIZAR PAGOS · AUTO] Abriendo SEMyT...
⏳ [Automático] Tocaba disparar 'pagos' pero ya hay una ejecución en curso (Actualizar pagos); esperando a que termine; se reintenta en breve sin perder el turno.
[ACTUALIZAR PAGOS · AUTO] ✅ [SEMyT] Sesión existente detectada. Login omitido.
[ACTUALIZAR PAGOS · AUTO] ✅ LoginSemytPaso finalizado. (⏱ 13.8s)
[ACTUALIZAR PAGOS · AUTO] ✓ [LoginSemytPaso] Completado.
[ACTUALIZAR PAGOS · AUTO] ▶ [LoginJuzgadoPaso] Iniciando...
[ACTUALIZAR PAGOS · AUTO] ==================================================
[ACTUALIZAR PAGOS · AUTO] 🚀 PASO: LoginJuzgadoPaso
[ACTUALIZAR PAGOS · AUTO] ==================================================
[ACTUALIZAR PAGOS · AUTO] Abriendo sitio municipalidad (CiDi)...
[ACTUALIZAR PAGOS · AUTO] ✅ [Juzgado] Sesión existente detectada. Login omitido.
[ACTUALIZAR PAGOS · AUTO] ✅ LoginJuzgadoPaso finalizado. (⏱ 1.4s)
[ACTUALIZAR PAGOS · AUTO] ✓ [LoginJuzgadoPaso] Completado.
[ACTUALIZAR PAGOS · AUTO] ▶ [DescargasParalelasPaso] Iniciando...
[ACTUALIZAR PAGOS · AUTO] ==================================================
[ACTUALIZAR PAGOS · AUTO] 🚀 PASO: DescargasParalelasPaso
[ACTUALIZAR PAGOS · AUTO] ==================================================
[ACTUALIZAR PAGOS · AUTO] 📤 Arrancando las 3 descargas en paralelo (mismo browser, páginas separadas)...
[ACTUALIZAR PAGOS · AUTO] Fecha Desde: 27/06/2024
[ACTUALIZAR PAGOS · AUTO] Fecha Hasta: 24/11/2025
[ACTUALIZAR PAGOS · AUTO] Fecha Desde: 25/11/2025
[ACTUALIZAR PAGOS · AUTO] Fecha Hasta: 23/07/2026
[ACTUALIZAR PAGOS · AUTO] Descargando Excel...
[ACTUALIZAR PAGOS · AUTO] Descargando Excel...
[ACTUALIZAR PAGOS · AUTO] Archivo descargado en: backend/descargas/cache_actas_cruce/MULTAS_JUZGADO_CRUCE.xlsx
[ACTUALIZAR PAGOS · AUTO] ⏱ [actas_juzgado] completado en 22.4s
[ACTUALIZAR PAGOS · AUTO] ✅ TXT de pagos descargado en: backend/descargas/pagos/2026-07-23/PAGOS DESCARGADOS.txt
[ACTUALIZAR PAGOS · AUTO] ⏱ [pagos_txt] completado en 26.1s
[ACTUALIZAR PAGOS · AUTO] Archivo descargado en: backend/descargas/cache_actas_cruce/MULTAS_SIGEMI_CRUCE.xlsx
[ACTUALIZAR PAGOS · AUTO] ⏱ [actas_sigemi] completado en 55.3s
[ACTUALIZAR PAGOS · AUTO] ⏱ TOTAL descargas en paralelo: 55.3s
[ACTUALIZAR PAGOS · AUTO] ✅ DescargasParalelasPaso finalizado. (⏱ 56.8s)
[ACTUALIZAR PAGOS · AUTO] ✓ [DescargasParalelasPaso] Completado.
[ACTUALIZAR PAGOS · AUTO] ▶ [CompararActasPaso] Iniciando...
[ACTUALIZAR PAGOS · AUTO] ==================================================
[ACTUALIZAR PAGOS · AUTO] 🚀 PASO: CompararActasPaso
[ACTUALIZAR PAGOS · AUTO] ==================================================
[ACTUALIZAR PAGOS · AUTO] 🔍 Comparando actas del SEMyT contra pagos del Juzgado...
[ACTUALIZAR PAGOS · AUTO] ================================================================================
[ACTUALIZAR PAGOS · AUTO] INICIANDO PROCESO DE GENERACIÓN DE PAGOS DESACTUALIZADOS
[ACTUALIZAR PAGOS · AUTO] ================================================================================
[ACTUALIZAR PAGOS · AUTO] 📂 Cargando archivos...
[ACTUALIZAR PAGOS · AUTO]   ✓ Pagos: 16664 registros
[ACTUALIZAR PAGOS · AUTO]   ✓ Excel SIGEMI (multas vencidas viejas): 103680 registros
[ACTUALIZAR PAGOS · AUTO]   ✓ Excel Juzgado (multas vencidas nuevas): 40230 registros
[ACTUALIZAR PAGOS · AUTO] ================================================================================
[ACTUALIZAR PAGOS · AUTO] PASO 1: LLENANDO ACTA_NUMERO (búsqueda por patente + fecha, con desempate por hora)
[ACTUALIZAR PAGOS · AUTO] ================================================================================
[ACTUALIZAR PAGOS · AUTO] 📊 ESTADÍSTICAS DE LLENADO DE ACTAS:
[ACTUALIZAR PAGOS · AUTO]   • Pagos con acta ORIGINAL: 2771
[ACTUALIZAR PAGOS · AUTO]   • Pagos SIN acta (buscados): 13893
[ACTUALIZAR PAGOS · AUTO]   • Pagos LLENADOS exitosamente: 1
[ACTUALIZAR PAGOS · AUTO]   • Pagos NO encontrados en multas: 13892
[ACTUALIZAR PAGOS · AUTO]   • Pagos SIN RESOLVER por desbalance de cantidades: 0
[ACTUALIZAR PAGOS · AUTO] ================================================================================
[ACTUALIZAR PAGOS · AUTO] PASO 1: LLENANDO ACTA_NUMERO (búsqueda por patente + fecha, con desempate por hora)
[ACTUALIZAR PAGOS · AUTO] ================================================================================
[ACTUALIZAR PAGOS · AUTO] 📊 ESTADÍSTICAS DE LLENADO DE ACTAS:
[ACTUALIZAR PAGOS · AUTO]   • Pagos con acta ORIGINAL: 2772
[ACTUALIZAR PAGOS · AUTO]   • Pagos SIN acta (buscados): 13892
[ACTUALIZAR PAGOS · AUTO]   • Pagos LLENADOS exitosamente: 0
[ACTUALIZAR PAGOS · AUTO]   • Pagos NO encontrados en multas: 13892
[ACTUALIZAR PAGOS · AUTO]   • Pagos SIN RESOLVER por desbalance de cantidades: 0
[ACTUALIZAR PAGOS · AUTO] ⏱ PASO 1 (llenar actas): 19.2s
[ACTUALIZAR PAGOS · AUTO] ================================================================================
[ACTUALIZAR PAGOS · AUTO] PASO 2: FILTRANDO PAGOS CON ACTA_NUMERO COMPLETO
[ACTUALIZAR PAGOS · AUTO] ================================================================================
[ACTUALIZAR PAGOS · AUTO] 📊 ESTADÍSTICAS DE FILTRADO:
[ACTUALIZAR PAGOS · AUTO]   • Pagos TOTALES al inicio: 16664
[ACTUALIZAR PAGOS · AUTO]   • Pagos CON acta (MANTIENEN): 2772
[ACTUALIZAR PAGOS · AUTO]   • Pagos RECHAZADOS (sin coincidencias): 13892
[ACTUALIZAR PAGOS · AUTO] ⚠️  Se eliminaron 13892 registros sin número de acta
[ACTUALIZAR PAGOS · AUTO]      (recordá: esto incluye tanto pagos ya actualizados/pagados
[ACTUALIZAR PAGOS · AUTO]       como pagos que quedaron sin resolver por desbalance en el Paso 1)
[ACTUALIZAR PAGOS · AUTO] ================================================================================
[ACTUALIZAR PAGOS · AUTO] PASO 2-bis: CONFIRMANDO VIGENCIA DE PAGOS DEL SISTEMA NUEVO (contra MULTAS_JUZGADO_CRUCE)
[ACTUALIZAR PAGOS · AUTO] ================================================================================
[ACTUALIZAR PAGOS · AUTO]   ⚠ 2769 pago(s) del sistema nuevo descartados: su acta ya no figura como vencida en MULTAS_JUZGADO_CRUCE (SEMyT ya los actualizó).
[ACTUALIZAR PAGOS · AUTO]   • Pagos del sistema nuevo descartados por ya estar actualizados: 2769
[ACTUALIZAR PAGOS · AUTO] ⏱ PASO 2 (filtrar): 1.3s
[ACTUALIZAR PAGOS · AUTO] 📂 Cargando maestro de causas SIGEMI...
[ACTUALIZAR PAGOS · AUTO]   ✓ Causas totales (maestro): 134069 registros
[ACTUALIZAR PAGOS · AUTO] ⏱ PASO 2.5 (causas simplificado): 0.2s
[ACTUALIZAR PAGOS · AUTO] ================================================================================
[ACTUALIZAR PAGOS · AUTO] PASO 2.5: ARMANDO causas.txt SIMPLIFICADO (cruce contra total_causas_sigemi.txt)
[ACTUALIZAR PAGOS · AUTO] ================================================================================
[ACTUALIZAR PAGOS · AUTO]   • Actas vencidas viejas (multas): 103680
[ACTUALIZAR PAGOS · AUTO]   • Causas totales en el maestro SIGEMI: 134069
[ACTUALIZAR PAGOS · AUTO]   • Causas que coinciden (simplificado): 103350
[ACTUALIZAR PAGOS · AUTO]   ✅ Archivo escrito: backend/descargas/causas/causas.txt
[ACTUALIZAR PAGOS · AUTO] ⏱ PASO 2.5 (causas simplificado): 3.0s
[ACTUALIZAR PAGOS · AUTO] ================================================================================
[ACTUALIZAR PAGOS · AUTO] PASO 3: LLENANDO CAUSA_NUMERO (según fecha de cambio de sistema, cruzando por acta + año)
[ACTUALIZAR PAGOS · AUTO] ================================================================================
[ACTUALIZAR PAGOS · AUTO] 📊 ESTADÍSTICAS DE LLENADO DE CAUSAS:
[ACTUALIZAR PAGOS · AUTO]   • Pagos con causa ORIGINAL: 2
[ACTUALIZAR PAGOS · AUTO]   • Causas encontradas en SIGEMI (actas viejas): 1
[ACTUALIZAR PAGOS · AUTO]   • Causas NO encontradas en SIGEMI: 0
[ACTUALIZAR PAGOS · AUTO]   • Causas asignadas automáticamente (actas nuevas): 0
[ACTUALIZAR PAGOS · AUTO] ⏱ PASO 3 (llenar causas): 0.0s
[ACTUALIZAR PAGOS · AUTO] ================================================================================
[ACTUALIZAR PAGOS · AUTO] PASO 4: ORDENANDO POR FECHA Y ACTA_NUMERO
[ACTUALIZAR PAGOS · AUTO] ================================================================================
[ACTUALIZAR PAGOS · AUTO] ✓ Pagos ordenados correctamente
[ACTUALIZAR PAGOS · AUTO]   • Primera entrada: Acta=202827, Fecha=10/09/2025
[ACTUALIZAR PAGOS · AUTO]   • Última entrada: Acta=351848, Fecha=12/05/2026
[ACTUALIZAR PAGOS · AUTO] 📝 Escribiendo archivo de salida...
[ACTUALIZAR PAGOS · AUTO]   ✅ Archivo escrito: backend/descargas/pagos/2026-07-23/PAGOS 20260723 125024.txt
[ACTUALIZAR PAGOS · AUTO]   ✅ Total registros: 459
[ACTUALIZAR PAGOS · AUTO] ⏱ PASO 4 (ordenar y escribir): 0.0s
[ACTUALIZAR PAGOS · AUTO] ================================================================================
[ACTUALIZAR PAGOS · AUTO] ✅ PROCESO COMPLETADO EXITOSAMENTE
[ACTUALIZAR PAGOS · AUTO] ================================================================================
[ACTUALIZAR PAGOS · AUTO] 📊 RESUMEN FINAL DEL PROCESAMIENTO:
[ACTUALIZAR PAGOS · AUTO]   ENTRADA:
[ACTUALIZAR PAGOS · AUTO]     • Pagos originales: 16664
[ACTUALIZAR PAGOS · AUTO]     • Multas SIGEMI cargadas: 103680
[ACTUALIZAR PAGOS · AUTO]     • Multas Juzgado cargadas: 40230
[ACTUALIZAR PAGOS · AUTO]     • Causas simplificadas (usadas para el cruce): 103350
[ACTUALIZAR PAGOS · AUTO]   PROCESO:
[ACTUALIZAR PAGOS · AUTO]     • Pagos rechazados sigemi: 13892
[ACTUALIZAR PAGOS · AUTO]     • Pagos rechazados juzgado: 2769
[ACTUALIZAR PAGOS · AUTO]   SALIDA:
[ACTUALIZAR PAGOS · AUTO]     • Pagos desactualizados procesados: 3
[ACTUALIZAR PAGOS · AUTO]     • Archivo final: backend/descargas/pagos/2026-07-23/PAGOS 20260723 125024.txt
[ACTUALIZAR PAGOS · AUTO]     • Ordenados por fecha: SÍ ✓
[ACTUALIZAR PAGOS · AUTO]     • Todos con ACTA_NUMERO: SÍ ✓
[ACTUALIZAR PAGOS · AUTO]     • Todos con CAUSA_NUMERO: SÍ ✓
[ACTUALIZAR PAGOS · AUTO] ✅ TXT de pagos (ya cruzado con actas y causas) generado en: backend/descargas/pagos/2026-07-23/PAGOS 20260723 125024.txt
[ACTUALIZAR PAGOS · AUTO] 🧹 TXT de pagos crudo eliminado (ya usado en el cruce): backend/descargas/pagos/2026-07-23/PAGOS DESCARGADOS.txt
[ACTUALIZAR PAGOS · AUTO] 🧹 Excel MULTAS_SIGEMI_CRUCE eliminado (ya usado en el cruce): backend/descargas/cache_actas_cruce/MULTAS_SIGEMI_CRUCE.xlsx
[ACTUALIZAR PAGOS · AUTO] 🧹 Excel MULTAS_JUZGADO_CRUCE eliminado (ya usado en el cruce): backend/descargas/cache_actas_cruce/MULTAS_JUZGADO_CRUCE.xlsx
[ACTUALIZAR PAGOS · AUTO] ✅ CompararActasPaso finalizado. (⏱ 54.0s)
[ACTUALIZAR PAGOS · AUTO] ✓ [CompararActasPaso] Completado.
[ACTUALIZAR PAGOS · AUTO] ▶ [CargarPagosPaso] Iniciando...
[ACTUALIZAR PAGOS · AUTO] ==================================================
[ACTUALIZAR PAGOS · AUTO] 🚀 PASO: CargarPagosPaso
[ACTUALIZAR PAGOS · AUTO] ==================================================
[ACTUALIZAR PAGOS · AUTO] 📤 Subiendo TXT de pagos al SEMyT...
[ACTUALIZAR PAGOS · AUTO] ✅ Importación de pagos completada con éxito.
[ACTUALIZAR PAGOS · AUTO] ✅ Archivo TXT de pagos cargado en el SEMyT correctamente.
[ACTUALIZAR PAGOS · AUTO] ✅ CargarPagosPaso finalizado. (⏱ 2.7s)
[ACTUALIZAR PAGOS · AUTO] ✓ [CargarPagosPaso] Completado.
[ACTUALIZAR PAGOS · AUTO] === Ejecución finalizada con éxito ===
🤖 [Automático] Es hora de actualizar pagos. Arrancando...
[ACTUALIZAR PAGOS · AUTO] === Inicio de ejecución: pagos ===
[ACTUALIZAR PAGOS · AUTO] ▶ [LoginSemytPaso] Iniciando...
[ACTUALIZAR PAGOS · AUTO] ==================================================
[ACTUALIZAR PAGOS · AUTO] 🚀 PASO: LoginSemytPaso
[ACTUALIZAR PAGOS · AUTO] ==================================================
[ACTUALIZAR PAGOS · AUTO] Abriendo SEMyT...
⏳ [Automático] Tocaba disparar 'pagos' pero ya hay una ejecución en curso (Actualizar pagos); esperando a que termine; se reintenta en breve sin perder el turno.
[ACTUALIZAR PAGOS · AUTO] ✅ [SEMyT] Sesión existente detectada. Login omitido.
[ACTUALIZAR PAGOS · AUTO] ✅ LoginSemytPaso finalizado. (⏱ 13.1s)
[ACTUALIZAR PAGOS · AUTO] ✓ [LoginSemytPaso] Completado.
[ACTUALIZAR PAGOS · AUTO] ▶ [LoginJuzgadoPaso] Iniciando...
[ACTUALIZAR PAGOS · AUTO] ==================================================
[ACTUALIZAR PAGOS · AUTO] 🚀 PASO: LoginJuzgadoPaso
[ACTUALIZAR PAGOS · AUTO] ==================================================
[ACTUALIZAR PAGOS · AUTO] Abriendo sitio municipalidad (CiDi)...
[ACTUALIZAR PAGOS · AUTO] ✅ [Juzgado] Sesión existente detectada. Login omitido.
[ACTUALIZAR PAGOS · AUTO] ✅ LoginJuzgadoPaso finalizado. (⏱ 1.3s)
[ACTUALIZAR PAGOS · AUTO] ✓ [LoginJuzgadoPaso] Completado.
[ACTUALIZAR PAGOS · AUTO] ▶ [DescargasParalelasPaso] Iniciando...
[ACTUALIZAR PAGOS · AUTO] ==================================================
[ACTUALIZAR PAGOS · AUTO] 🚀 PASO: DescargasParalelasPaso
[ACTUALIZAR PAGOS · AUTO] ==================================================
[ACTUALIZAR PAGOS · AUTO] 📤 Arrancando las 3 descargas en paralelo (mismo browser, páginas separadas)...
[ACTUALIZAR PAGOS · AUTO] Fecha Desde: 27/06/2024
[ACTUALIZAR PAGOS · AUTO] Fecha Hasta: 24/11/2025
[ACTUALIZAR PAGOS · AUTO] Fecha Desde: 25/11/2025
[ACTUALIZAR PAGOS · AUTO] Fecha Hasta: 23/07/2026
[ACTUALIZAR PAGOS · AUTO] Descargando Excel...
[ACTUALIZAR PAGOS · AUTO] Descargando Excel...
[ACTUALIZAR PAGOS · AUTO] Archivo descargado en: backend/descargas/cache_actas_cruce/MULTAS_JUZGADO_CRUCE.xlsx
[ACTUALIZAR PAGOS · AUTO] ⏱ [actas_juzgado] completado en 23.5s
[ACTUALIZAR PAGOS · AUTO] ✅ TXT de pagos descargado en: backend/descargas/pagos/2026-07-23/PAGOS DESCARGADOS.txt
[ACTUALIZAR PAGOS · AUTO] ⏱ [pagos_txt] completado en 23.6s
[ACTUALIZAR PAGOS · AUTO] Archivo descargado en: backend/descargas/cache_actas_cruce/MULTAS_SIGEMI_CRUCE.xlsx
[ACTUALIZAR PAGOS · AUTO] ⏱ [actas_sigemi] completado en 47.6s
[ACTUALIZAR PAGOS · AUTO] ⏱ TOTAL descargas en paralelo: 47.7s
[ACTUALIZAR PAGOS · AUTO] ✅ DescargasParalelasPaso finalizado. (⏱ 49.1s)
[ACTUALIZAR PAGOS · AUTO] ✓ [DescargasParalelasPaso] Completado.
[ACTUALIZAR PAGOS · AUTO] ▶ [CompararActasPaso] Iniciando...
[ACTUALIZAR PAGOS · AUTO] ==================================================
[ACTUALIZAR PAGOS · AUTO] 🚀 PASO: CompararActasPaso
[ACTUALIZAR PAGOS · AUTO] ==================================================
[ACTUALIZAR PAGOS · AUTO] 🔍 Comparando actas del SEMyT contra pagos del Juzgado...
[ACTUALIZAR PAGOS · AUTO] ================================================================================
[ACTUALIZAR PAGOS · AUTO] INICIANDO PROCESO DE GENERACIÓN DE PAGOS DESACTUALIZADOS
[ACTUALIZAR PAGOS · AUTO] ================================================================================
[ACTUALIZAR PAGOS · AUTO] 📂 Cargando archivos...
[ACTUALIZAR PAGOS · AUTO]   ✓ Pagos: 16672 registros
[ACTUALIZAR PAGOS · AUTO]   ✓ Excel SIGEMI (multas vencidas viejas): 103679 registros
[ACTUALIZAR PAGOS · AUTO]   ✓ Excel Juzgado (multas vencidas nuevas): 40228 registros
[ACTUALIZAR PAGOS · AUTO] ================================================================================
[ACTUALIZAR PAGOS · AUTO] PASO 1: LLENANDO ACTA_NUMERO (búsqueda por patente + fecha, con desempate por hora)
[ACTUALIZAR PAGOS · AUTO] ================================================================================
[ACTUALIZAR PAGOS · AUTO] 📊 ESTADÍSTICAS DE LLENADO DE ACTAS:
[ACTUALIZAR PAGOS · AUTO]   • Pagos con acta ORIGINAL: 2775
[ACTUALIZAR PAGOS · AUTO]   • Pagos SIN acta (buscados): 13897
[ACTUALIZAR PAGOS · AUTO]   • Pagos LLENADOS exitosamente: 4
[ACTUALIZAR PAGOS · AUTO]   • Pagos NO encontrados en multas: 13893
[ACTUALIZAR PAGOS · AUTO]   • Pagos SIN RESOLVER por desbalance de cantidades: 0
[ACTUALIZAR PAGOS · AUTO] ================================================================================
[ACTUALIZAR PAGOS · AUTO] PASO 1: LLENANDO ACTA_NUMERO (búsqueda por patente + fecha, con desempate por hora)
[ACTUALIZAR PAGOS · AUTO] ================================================================================
[ACTUALIZAR PAGOS · AUTO] 📊 ESTADÍSTICAS DE LLENADO DE ACTAS:
[ACTUALIZAR PAGOS · AUTO]   • Pagos con acta ORIGINAL: 2779
[ACTUALIZAR PAGOS · AUTO]   • Pagos SIN acta (buscados): 13893
[ACTUALIZAR PAGOS · AUTO]   • Pagos LLENADOS exitosamente: 0
[ACTUALIZAR PAGOS · AUTO]   • Pagos NO encontrados en multas: 13893
[ACTUALIZAR PAGOS · AUTO]   • Pagos SIN RESOLVER por desbalance de cantidades: 0
[ACTUALIZAR PAGOS · AUTO] ⏱ PASO 1 (llenar actas): 19.1s
[ACTUALIZAR PAGOS · AUTO] ================================================================================
[ACTUALIZAR PAGOS · AUTO] PASO 2: FILTRANDO PAGOS CON ACTA_NUMERO COMPLETO
[ACTUALIZAR PAGOS · AUTO] ================================================================================
[ACTUALIZAR PAGOS · AUTO] 📊 ESTADÍSTICAS DE FILTRADO:
[ACTUALIZAR PAGOS · AUTO]   • Pagos TOTALES al inicio: 16672
[ACTUALIZAR PAGOS · AUTO]   • Pagos CON acta (MANTIENEN): 2779
[ACTUALIZAR PAGOS · AUTO]   • Pagos RECHAZADOS (sin coincidencias): 13893
[ACTUALIZAR PAGOS · AUTO] ⚠️  Se eliminaron 13893 registros sin número de acta
[ACTUALIZAR PAGOS · AUTO]      (recordá: esto incluye tanto pagos ya actualizados/pagados
[ACTUALIZAR PAGOS · AUTO]       como pagos que quedaron sin resolver por desbalance en el Paso 1)
[ACTUALIZAR PAGOS · AUTO] ================================================================================
[ACTUALIZAR PAGOS · AUTO] PASO 2-bis: CONFIRMANDO VIGENCIA DE PAGOS DEL SISTEMA NUEVO (contra MULTAS_JUZGADO_CRUCE)
[ACTUALIZAR PAGOS · AUTO] ================================================================================
[ACTUALIZAR PAGOS · AUTO]   ⚠ 2771 pago(s) del sistema nuevo descartados: su acta ya no figura como vencida en MULTAS_JUZGADO_CRUCE (SEMyT ya los actualizó).
[ACTUALIZAR PAGOS · AUTO]   • Pagos del sistema nuevo descartados por ya estar actualizados: 2771
[ACTUALIZAR PAGOS · AUTO] ⏱ PASO 2 (filtrar): 1.3s
[ACTUALIZAR PAGOS · AUTO] 📂 Cargando maestro de causas SIGEMI...
[ACTUALIZAR PAGOS · AUTO]   ✓ Causas totales (maestro): 134069 registros
[ACTUALIZAR PAGOS · AUTO] ⏱ PASO 2.5 (causas simplificado): 0.2s
[ACTUALIZAR PAGOS · AUTO] ================================================================================
[ACTUALIZAR PAGOS · AUTO] PASO 2.5: ARMANDO causas.txt SIMPLIFICADO (cruce contra total_causas_sigemi.txt)
[ACTUALIZAR PAGOS · AUTO] ================================================================================
[ACTUALIZAR PAGOS · AUTO]   • Actas vencidas viejas (multas): 103679
[ACTUALIZAR PAGOS · AUTO]   • Causas totales en el maestro SIGEMI: 134069
[ACTUALIZAR PAGOS · AUTO]   • Causas que coinciden (simplificado): 103349
[ACTUALIZAR PAGOS · AUTO]   ✅ Archivo escrito: backend/descargas/causas/causas.txt
[ACTUALIZAR PAGOS · AUTO] ⏱ PASO 2.5 (causas simplificado): 3.0s
[ACTUALIZAR PAGOS · AUTO] ================================================================================
[ACTUALIZAR PAGOS · AUTO] PASO 3: LLENANDO CAUSA_NUMERO (según fecha de cambio de sistema, cruzando por acta + año)
[ACTUALIZAR PAGOS · AUTO] ================================================================================
[ACTUALIZAR PAGOS · AUTO] 📊 ESTADÍSTICAS DE LLENADO DE CAUSAS:
[ACTUALIZAR PAGOS · AUTO]   • Pagos con causa ORIGINAL: 4
[ACTUALIZAR PAGOS · AUTO]   • Causas encontradas en SIGEMI (actas viejas): 4
[ACTUALIZAR PAGOS · AUTO]   • Causas NO encontradas en SIGEMI: 0
[ACTUALIZAR PAGOS · AUTO]   • Causas asignadas automáticamente (actas nuevas): 0
[ACTUALIZAR PAGOS · AUTO] ⏱ PASO 3 (llenar causas): 0.0s
[ACTUALIZAR PAGOS · AUTO] ================================================================================
[ACTUALIZAR PAGOS · AUTO] PASO 4: ORDENANDO POR FECHA Y ACTA_NUMERO
[ACTUALIZAR PAGOS · AUTO] ================================================================================
[ACTUALIZAR PAGOS · AUTO] ✓ Pagos ordenados correctamente
[ACTUALIZAR PAGOS · AUTO]   • Primera entrada: Acta=39392, Fecha=02/09/2024
[ACTUALIZAR PAGOS · AUTO]   • Última entrada: Acta=293994, Fecha=13/04/2026
[ACTUALIZAR PAGOS · AUTO] 📝 Escribiendo archivo de salida...
[ACTUALIZAR PAGOS · AUTO]   ✅ Archivo escrito: backend/descargas/pagos/2026-07-23/PAGOS 20260723 130236.txt
[ACTUALIZAR PAGOS · AUTO]   ✅ Total registros: 999
[ACTUALIZAR PAGOS · AUTO] ⏱ PASO 4 (ordenar y escribir): 0.0s
[ACTUALIZAR PAGOS · AUTO] ================================================================================
[ACTUALIZAR PAGOS · AUTO] ✅ PROCESO COMPLETADO EXITOSAMENTE
[ACTUALIZAR PAGOS · AUTO] ================================================================================
[ACTUALIZAR PAGOS · AUTO] 📊 RESUMEN FINAL DEL PROCESAMIENTO:
[ACTUALIZAR PAGOS · AUTO]   ENTRADA:
[ACTUALIZAR PAGOS · AUTO]     • Pagos originales: 16672
[ACTUALIZAR PAGOS · AUTO]     • Multas SIGEMI cargadas: 103679
[ACTUALIZAR PAGOS · AUTO]     • Multas Juzgado cargadas: 40228
[ACTUALIZAR PAGOS · AUTO]     • Causas simplificadas (usadas para el cruce): 103349
[ACTUALIZAR PAGOS · AUTO]   PROCESO:
[ACTUALIZAR PAGOS · AUTO]     • Pagos rechazados sigemi: 13893
[ACTUALIZAR PAGOS · AUTO]     • Pagos rechazados juzgado: 2771
[ACTUALIZAR PAGOS · AUTO]   SALIDA:
[ACTUALIZAR PAGOS · AUTO]     • Pagos desactualizados procesados: 8
[ACTUALIZAR PAGOS · AUTO]     • Archivo final: backend/descargas/pagos/2026-07-23/PAGOS 20260723 130236.txt
[ACTUALIZAR PAGOS · AUTO]     • Ordenados por fecha: SÍ ✓
[ACTUALIZAR PAGOS · AUTO]     • Todos con ACTA_NUMERO: SÍ ✓
[ACTUALIZAR PAGOS · AUTO]     • Todos con CAUSA_NUMERO: SÍ ✓
[ACTUALIZAR PAGOS · AUTO] ✅ TXT de pagos (ya cruzado con actas y causas) generado en: backend/descargas/pagos/2026-07-23/PAGOS 20260723 130236.txt
[ACTUALIZAR PAGOS · AUTO] 🧹 TXT de pagos crudo eliminado (ya usado en el cruce): backend/descargas/pagos/2026-07-23/PAGOS DESCARGADOS.txt
[ACTUALIZAR PAGOS · AUTO] 🧹 Excel MULTAS_SIGEMI_CRUCE eliminado (ya usado en el cruce): backend/descargas/cache_actas_cruce/MULTAS_SIGEMI_CRUCE.xlsx
[ACTUALIZAR PAGOS · AUTO] 🧹 Excel MULTAS_JUZGADO_CRUCE eliminado (ya usado en el cruce): backend/descargas/cache_actas_cruce/MULTAS_JUZGADO_CRUCE.xlsx
[ACTUALIZAR PAGOS · AUTO] ✅ CompararActasPaso finalizado. (⏱ 47.8s)
[ACTUALIZAR PAGOS · AUTO] ✓ [CompararActasPaso] Completado.
[ACTUALIZAR PAGOS · AUTO] ▶ [CargarPagosPaso] Iniciando...
[ACTUALIZAR PAGOS · AUTO] ==================================================
[ACTUALIZAR PAGOS · AUTO] 🚀 PASO: CargarPagosPaso
[ACTUALIZAR PAGOS · AUTO] ==================================================
[ACTUALIZAR PAGOS · AUTO] 📤 Subiendo TXT de pagos al SEMyT...
[ACTUALIZAR PAGOS · AUTO] ✅ Importación de pagos completada con éxito.
[ACTUALIZAR PAGOS · AUTO] ✅ Archivo TXT de pagos cargado en el SEMyT correctamente.
[ACTUALIZAR PAGOS · AUTO] ✅ CargarPagosPaso finalizado. (⏱ 2.3s)
[ACTUALIZAR PAGOS · AUTO] ✓ [CargarPagosPaso] Completado.
[ACTUALIZAR PAGOS · AUTO] === Ejecución finalizada con éxito ===
🤖 [Automático] Es hora de actualizar pagos. Arrancando...
[ACTUALIZAR PAGOS · AUTO] === Inicio de ejecución: pagos ===
[ACTUALIZAR PAGOS · AUTO] ▶ [LoginSemytPaso] Iniciando...
[ACTUALIZAR PAGOS · AUTO] ==================================================
[ACTUALIZAR PAGOS · AUTO] 🚀 PASO: LoginSemytPaso
[ACTUALIZAR PAGOS · AUTO] ==================================================
[ACTUALIZAR PAGOS · AUTO] Abriendo SEMyT...
⏳ [Automático] Tocaba disparar 'pagos' pero ya hay una ejecución en curso (Actualizar pagos); esperando a que termine; se reintenta en breve sin perder el turno.
[ACTUALIZAR PAGOS · AUTO] ✅ [SEMyT] Sesión existente detectada. Login omitido.
[ACTUALIZAR PAGOS · AUTO] ✅ LoginSemytPaso finalizado. (⏱ 17.1s)
[ACTUALIZAR PAGOS · AUTO] ✓ [LoginSemytPaso] Completado.
[ACTUALIZAR PAGOS · AUTO] ▶ [LoginJuzgadoPaso] Iniciando...
[ACTUALIZAR PAGOS · AUTO] ==================================================
[ACTUALIZAR PAGOS · AUTO] 🚀 PASO: LoginJuzgadoPaso
[ACTUALIZAR PAGOS · AUTO] ==================================================
[ACTUALIZAR PAGOS · AUTO] Abriendo sitio municipalidad (CiDi)...
[ACTUALIZAR PAGOS · AUTO] ✅ [Juzgado] Sesión existente detectada. Login omitido.
[ACTUALIZAR PAGOS · AUTO] ✅ LoginJuzgadoPaso finalizado. (⏱ 1.3s)
[ACTUALIZAR PAGOS · AUTO] ✓ [LoginJuzgadoPaso] Completado.
[ACTUALIZAR PAGOS · AUTO] ▶ [DescargasParalelasPaso] Iniciando...
[ACTUALIZAR PAGOS · AUTO] ==================================================
[ACTUALIZAR PAGOS · AUTO] 🚀 PASO: DescargasParalelasPaso
[ACTUALIZAR PAGOS · AUTO] ==================================================
[ACTUALIZAR PAGOS · AUTO] 📤 Arrancando las 3 descargas en paralelo (mismo browser, páginas separadas)...
[ACTUALIZAR PAGOS · AUTO] Fecha Desde: 27/06/2024
[ACTUALIZAR PAGOS · AUTO] Fecha Hasta: 24/11/2025
[ACTUALIZAR PAGOS · AUTO] Fecha Desde: 25/11/2025
[ACTUALIZAR PAGOS · AUTO] Fecha Hasta: 23/07/2026
[ACTUALIZAR PAGOS · AUTO] Descargando Excel...
[ACTUALIZAR PAGOS · AUTO] Descargando Excel...
[ACTUALIZAR PAGOS · AUTO] Archivo descargado en: backend/descargas/cache_actas_cruce/MULTAS_JUZGADO_CRUCE.xlsx
[ACTUALIZAR PAGOS · AUTO] ⏱ [actas_juzgado] completado en 26.1s
[ACTUALIZAR PAGOS · AUTO] ✅ TXT de pagos descargado en: backend/descargas/pagos/2026-07-23/PAGOS DESCARGADOS.txt
[ACTUALIZAR PAGOS · AUTO] ⏱ [pagos_txt] completado en 26.2s
[ACTUALIZAR PAGOS · AUTO] Archivo descargado en: backend/descargas/cache_actas_cruce/MULTAS_SIGEMI_CRUCE.xlsx
[ACTUALIZAR PAGOS · AUTO] ⏱ [actas_sigemi] completado en 71.3s
[ACTUALIZAR PAGOS · AUTO] ⏱ TOTAL descargas en paralelo: 71.3s
[ACTUALIZAR PAGOS · AUTO] ✅ DescargasParalelasPaso finalizado. (⏱ 72.8s)
[ACTUALIZAR PAGOS · AUTO] ✓ [DescargasParalelasPaso] Completado.
[ACTUALIZAR PAGOS · AUTO] ▶ [CompararActasPaso] Iniciando...
[ACTUALIZAR PAGOS · AUTO] ==================================================
[ACTUALIZAR PAGOS · AUTO] 🚀 PASO: CompararActasPaso
[ACTUALIZAR PAGOS · AUTO] ==================================================
[ACTUALIZAR PAGOS · AUTO] 🔍 Comparando actas del SEMyT contra pagos del Juzgado...
[ACTUALIZAR PAGOS · AUTO] ================================================================================
[ACTUALIZAR PAGOS · AUTO] INICIANDO PROCESO DE GENERACIÓN DE PAGOS DESACTUALIZADOS
[ACTUALIZAR PAGOS · AUTO] ================================================================================
[ACTUALIZAR PAGOS · AUTO] 📂 Cargando archivos...
[ACTUALIZAR PAGOS · AUTO]   ✓ Pagos: 16679 registros
[ACTUALIZAR PAGOS · AUTO]   ✓ Excel SIGEMI (multas vencidas viejas): 103675 registros
[ACTUALIZAR PAGOS · AUTO]   ✓ Excel Juzgado (multas vencidas nuevas): 40224 registros
[ACTUALIZAR PAGOS · AUTO] ================================================================================
[ACTUALIZAR PAGOS · AUTO] PASO 1: LLENANDO ACTA_NUMERO (búsqueda por patente + fecha, con desempate por hora)
[ACTUALIZAR PAGOS · AUTO] ================================================================================
[ACTUALIZAR PAGOS · AUTO] 📊 ESTADÍSTICAS DE LLENADO DE ACTAS:
[ACTUALIZAR PAGOS · AUTO]   • Pagos con acta ORIGINAL: 2778
[ACTUALIZAR PAGOS · AUTO]   • Pagos SIN acta (buscados): 13901
[ACTUALIZAR PAGOS · AUTO]   • Pagos LLENADOS exitosamente: 4
[ACTUALIZAR PAGOS · AUTO]   • Pagos NO encontrados en multas: 13897
[ACTUALIZAR PAGOS · AUTO]   • Pagos SIN RESOLVER por desbalance de cantidades: 0
[ACTUALIZAR PAGOS · AUTO] ================================================================================
[ACTUALIZAR PAGOS · AUTO] PASO 1: LLENANDO ACTA_NUMERO (búsqueda por patente + fecha, con desempate por hora)
[ACTUALIZAR PAGOS · AUTO] ================================================================================
[ACTUALIZAR PAGOS · AUTO] 📊 ESTADÍSTICAS DE LLENADO DE ACTAS:
[ACTUALIZAR PAGOS · AUTO]   • Pagos con acta ORIGINAL: 2782
[ACTUALIZAR PAGOS · AUTO]   • Pagos SIN acta (buscados): 13897
[ACTUALIZAR PAGOS · AUTO]   • Pagos LLENADOS exitosamente: 0
[ACTUALIZAR PAGOS · AUTO]   • Pagos NO encontrados en multas: 13897
[ACTUALIZAR PAGOS · AUTO]   • Pagos SIN RESOLVER por desbalance de cantidades: 0
[ACTUALIZAR PAGOS · AUTO] ⏱ PASO 1 (llenar actas): 19.1s
[ACTUALIZAR PAGOS · AUTO] ================================================================================
[ACTUALIZAR PAGOS · AUTO] PASO 2: FILTRANDO PAGOS CON ACTA_NUMERO COMPLETO
[ACTUALIZAR PAGOS · AUTO] ================================================================================
[ACTUALIZAR PAGOS · AUTO] 📊 ESTADÍSTICAS DE FILTRADO:
[ACTUALIZAR PAGOS · AUTO]   • Pagos TOTALES al inicio: 16679
[ACTUALIZAR PAGOS · AUTO]   • Pagos CON acta (MANTIENEN): 2782
[ACTUALIZAR PAGOS · AUTO]   • Pagos RECHAZADOS (sin coincidencias): 13897
[ACTUALIZAR PAGOS · AUTO] ⚠️  Se eliminaron 13897 registros sin número de acta
[ACTUALIZAR PAGOS · AUTO]      (recordá: esto incluye tanto pagos ya actualizados/pagados
[ACTUALIZAR PAGOS · AUTO]       como pagos que quedaron sin resolver por desbalance en el Paso 1)
[ACTUALIZAR PAGOS · AUTO] ================================================================================
[ACTUALIZAR PAGOS · AUTO] PASO 2-bis: CONFIRMANDO VIGENCIA DE PAGOS DEL SISTEMA NUEVO (contra MULTAS_JUZGADO_CRUCE)
[ACTUALIZAR PAGOS · AUTO] ================================================================================
[ACTUALIZAR PAGOS · AUTO]   ⚠ 2775 pago(s) del sistema nuevo descartados: su acta ya no figura como vencida en MULTAS_JUZGADO_CRUCE (SEMyT ya los actualizó).
[ACTUALIZAR PAGOS · AUTO]   • Pagos del sistema nuevo descartados por ya estar actualizados: 2775
[ACTUALIZAR PAGOS · AUTO] ⏱ PASO 2 (filtrar): 1.2s
[ACTUALIZAR PAGOS · AUTO] 📂 Cargando maestro de causas SIGEMI...
[ACTUALIZAR PAGOS · AUTO]   ✓ Causas totales (maestro): 134069 registros
[ACTUALIZAR PAGOS · AUTO] ⏱ PASO 2.5 (causas simplificado): 0.2s
[ACTUALIZAR PAGOS · AUTO] ================================================================================
[ACTUALIZAR PAGOS · AUTO] PASO 2.5: ARMANDO causas.txt SIMPLIFICADO (cruce contra total_causas_sigemi.txt)
[ACTUALIZAR PAGOS · AUTO] ================================================================================
[ACTUALIZAR PAGOS · AUTO]   • Actas vencidas viejas (multas): 103675
[ACTUALIZAR PAGOS · AUTO]   • Causas totales en el maestro SIGEMI: 134069
[ACTUALIZAR PAGOS · AUTO]   • Causas que coinciden (simplificado): 103345
[ACTUALIZAR PAGOS · AUTO]   ✅ Archivo escrito: backend/descargas/causas/causas.txt
[ACTUALIZAR PAGOS · AUTO] ⏱ PASO 2.5 (causas simplificado): 3.0s
[ACTUALIZAR PAGOS · AUTO] ================================================================================
[ACTUALIZAR PAGOS · AUTO] PASO 3: LLENANDO CAUSA_NUMERO (según fecha de cambio de sistema, cruzando por acta + año)
[ACTUALIZAR PAGOS · AUTO] ================================================================================
[ACTUALIZAR PAGOS · AUTO] 📊 ESTADÍSTICAS DE LLENADO DE CAUSAS:
[ACTUALIZAR PAGOS · AUTO]   • Pagos con causa ORIGINAL: 3
[ACTUALIZAR PAGOS · AUTO]   • Causas encontradas en SIGEMI (actas viejas): 4
[ACTUALIZAR PAGOS · AUTO]   • Causas NO encontradas en SIGEMI: 0
[ACTUALIZAR PAGOS · AUTO]   • Causas asignadas automáticamente (actas nuevas): 0
[ACTUALIZAR PAGOS · AUTO] ⏱ PASO 3 (llenar causas): 0.0s
[ACTUALIZAR PAGOS · AUTO] ================================================================================
[ACTUALIZAR PAGOS · AUTO] PASO 4: ORDENANDO POR FECHA Y ACTA_NUMERO
[ACTUALIZAR PAGOS · AUTO] ================================================================================
[ACTUALIZAR PAGOS · AUTO] ✓ Pagos ordenados correctamente
[ACTUALIZAR PAGOS · AUTO]   • Primera entrada: Acta=119567, Fecha=07/03/2025
[ACTUALIZAR PAGOS · AUTO]   • Última entrada: Acta=298050, Fecha=20/04/2026
[ACTUALIZAR PAGOS · AUTO] 📝 Escribiendo archivo de salida...
[ACTUALIZAR PAGOS · AUTO]   ✅ Archivo escrito: backend/descargas/pagos/2026-07-23/PAGOS 20260723 131507.txt
[ACTUALIZAR PAGOS · AUTO]   ✅ Total registros: 907
[ACTUALIZAR PAGOS · AUTO] ⏱ PASO 4 (ordenar y escribir): 0.0s
[ACTUALIZAR PAGOS · AUTO] ================================================================================
[ACTUALIZAR PAGOS · AUTO] ✅ PROCESO COMPLETADO EXITOSAMENTE
[ACTUALIZAR PAGOS · AUTO] ================================================================================
[ACTUALIZAR PAGOS · AUTO] 📊 RESUMEN FINAL DEL PROCESAMIENTO:
[ACTUALIZAR PAGOS · AUTO]   ENTRADA:
[ACTUALIZAR PAGOS · AUTO]     • Pagos originales: 16679
[ACTUALIZAR PAGOS · AUTO]     • Multas SIGEMI cargadas: 103675
[ACTUALIZAR PAGOS · AUTO]     • Multas Juzgado cargadas: 40224
[ACTUALIZAR PAGOS · AUTO]     • Causas simplificadas (usadas para el cruce): 103345
[ACTUALIZAR PAGOS · AUTO]   PROCESO:
[ACTUALIZAR PAGOS · AUTO]     • Pagos rechazados sigemi: 13897
[ACTUALIZAR PAGOS · AUTO]     • Pagos rechazados juzgado: 2775
[ACTUALIZAR PAGOS · AUTO]   SALIDA:
[ACTUALIZAR PAGOS · AUTO]     • Pagos desactualizados procesados: 7
[ACTUALIZAR PAGOS · AUTO]     • Archivo final: backend/descargas/pagos/2026-07-23/PAGOS 20260723 131507.txt
[ACTUALIZAR PAGOS · AUTO]     • Ordenados por fecha: SÍ ✓
[ACTUALIZAR PAGOS · AUTO]     • Todos con ACTA_NUMERO: SÍ ✓
[ACTUALIZAR PAGOS · AUTO]     • Todos con CAUSA_NUMERO: SÍ ✓
[ACTUALIZAR PAGOS · AUTO] ✅ TXT de pagos (ya cruzado con actas y causas) generado en: backend/descargas/pagos/2026-07-23/PAGOS 20260723 131507.txt
[ACTUALIZAR PAGOS · AUTO] 🧹 TXT de pagos crudo eliminado (ya usado en el cruce): backend/descargas/pagos/2026-07-23/PAGOS DESCARGADOS.txt
[ACTUALIZAR PAGOS · AUTO] 🧹 Excel MULTAS_SIGEMI_CRUCE eliminado (ya usado en el cruce): backend/descargas/cache_actas_cruce/MULTAS_SIGEMI_CRUCE.xlsx
[ACTUALIZAR PAGOS · AUTO] 🧹 Excel MULTAS_JUZGADO_CRUCE eliminado (ya usado en el cruce): backend/descargas/cache_actas_cruce/MULTAS_JUZGADO_CRUCE.xlsx
[ACTUALIZAR PAGOS · AUTO] ✅ CompararActasPaso finalizado. (⏱ 49.1s)
[ACTUALIZAR PAGOS · AUTO] ✓ [CompararActasPaso] Completado.
[ACTUALIZAR PAGOS · AUTO] ▶ [CargarPagosPaso] Iniciando...
[ACTUALIZAR PAGOS · AUTO] ==================================================
[ACTUALIZAR PAGOS · AUTO] 🚀 PASO: CargarPagosPaso
[ACTUALIZAR PAGOS · AUTO] ==================================================
[ACTUALIZAR PAGOS · AUTO] 📤 Subiendo TXT de pagos al SEMyT...
[ACTUALIZAR PAGOS · AUTO] ❌ Error en el paso [CargarPagosPaso]: TimeoutError: Locator.click: Timeout 10000ms exceeded.
[ACTUALIZAR PAGOS · AUTO] Call log:
[ACTUALIZAR PAGOS · AUTO]   - waiting for locator("text=Nueva importación de archivo")
[ACTUALIZAR PAGOS · AUTO]     - locator resolved to <span class="mat-button-wrapper"> Nueva importación de archivo </span>
[ACTUALIZAR PAGOS · AUTO]   - attempting click action
[ACTUALIZAR PAGOS · AUTO]     - waiting for element to be visible, enabled and stable
[ACTUALIZAR PAGOS · AUTO]     - element is visible, enabled and stable
[ACTUALIZAR PAGOS · AUTO]     - scrolling into view if needed
[ACTUALIZAR PAGOS · AUTO]     - done scrolling
[ACTUALIZAR PAGOS · AUTO]     - <div class="swal2-container swal2-center swal2-backdrop-show">…</div> intercepts pointer events
[ACTUALIZAR PAGOS · AUTO]   - retrying click action
[ACTUALIZAR PAGOS · AUTO]     - waiting for element to be visible, enabled and stable
[ACTUALIZAR PAGOS · AUTO]     - element is visible, enabled and stable
[ACTUALIZAR PAGOS · AUTO]     - scrolling into view if needed
[ACTUALIZAR PAGOS · AUTO]     - done scrolling
[ACTUALIZAR PAGOS · AUTO]     - <div tabindex="-1" role="dialog" aria-modal="true" aria-live="assertive" aria-labelledby="swal2-title" aria-describedby="swal2-content" class="swal2-popup swal2-modal swal2-show">…</div> from <div class="swal2-container swal2-center swal2-backdrop-show">…</div> subtree intercepts pointer events
[ACTUALIZAR PAGOS · AUTO]   - retrying click action
[ACTUALIZAR PAGOS · AUTO]     - waiting 20ms
[ACTUALIZAR PAGOS · AUTO]     2 × waiting for element to be visible, enabled and stable
[ACTUALIZAR PAGOS · AUTO]       - element is visible, enabled and stable
[ACTUALIZAR PAGOS · AUTO]       - scrolling into view if needed
[ACTUALIZAR PAGOS · AUTO]       - done scrolling
[ACTUALIZAR PAGOS · AUTO]       - <div tabindex="-1" role="dialog" aria-modal="true" aria-live="assertive" aria-labelledby="swal2-title" aria-describedby="swal2-content" class="swal2-popup swal2-modal swal2-show">…</div> from <div class="swal2-container swal2-center swal2-backdrop-show">…</div> subtree intercepts pointer events
[ACTUALIZAR PAGOS · AUTO]     - retrying click action
[ACTUALIZAR PAGOS · AUTO]       - waiting 100ms
[ACTUALIZAR PAGOS · AUTO]     11 × waiting for element to be visible, enabled and stable
[ACTUALIZAR PAGOS · AUTO]        - element is visible, enabled and stable
[ACTUALIZAR PAGOS · AUTO]        - scrolling into view if needed
[ACTUALIZAR PAGOS · AUTO]        - done scrolling
[ACTUALIZAR PAGOS · AUTO]        - <div tabindex="-1" role="dialog" aria-modal="true" aria-live="assertive" aria-labelledby="swal2-title" aria-describedby="swal2-content" class="swal2-popup swal2-modal swal2-show">…</div> from <div class="swal2-container swal2-center swal2-backdrop-show">…</div> subtree intercepts pointer events
[ACTUALIZAR PAGOS · AUTO]      - retrying click action
[ACTUALIZAR PAGOS · AUTO]        - waiting 500ms
[ACTUALIZAR PAGOS · AUTO] ❌ === ERROR: TimeoutError: Locator.click: Timeout 10000ms exceeded.
[ACTUALIZAR PAGOS · AUTO] Call log:
[ACTUALIZAR PAGOS · AUTO]   - waiting for locator("text=Nueva importación de archivo")
[ACTUALIZAR PAGOS · AUTO]     - locator resolved to <span class="mat-button-wrapper"> Nueva importación de archivo </span>
[ACTUALIZAR PAGOS · AUTO]   - attempting click action
[ACTUALIZAR PAGOS · AUTO]     - waiting for element to be visible, enabled and stable
[ACTUALIZAR PAGOS · AUTO]     - element is visible, enabled and stable
[ACTUALIZAR PAGOS · AUTO]     - scrolling into view if needed
[ACTUALIZAR PAGOS · AUTO]     - done scrolling
[ACTUALIZAR PAGOS · AUTO]     - <div class="swal2-container swal2-center swal2-backdrop-show">…</div> intercepts pointer events
[ACTUALIZAR PAGOS · AUTO]   - retrying click action
[ACTUALIZAR PAGOS · AUTO]     - waiting for element to be visible, enabled and stable
[ACTUALIZAR PAGOS · AUTO]     - element is visible, enabled and stable
[ACTUALIZAR PAGOS · AUTO]     - scrolling into view if needed
[ACTUALIZAR PAGOS · AUTO]     - done scrolling
[ACTUALIZAR PAGOS · AUTO]     - <div tabindex="-1" role="dialog" aria-modal="true" aria-live="assertive" aria-labelledby="swal2-title" aria-describedby="swal2-content" class="swal2-popup swal2-modal swal2-show">…</div> from <div class="swal2-container swal2-center swal2-backdrop-show">…</div> subtree intercepts pointer events
[ACTUALIZAR PAGOS · AUTO]   - retrying click action
[ACTUALIZAR PAGOS · AUTO]     - waiting 20ms
[ACTUALIZAR PAGOS · AUTO]     2 × waiting for element to be visible, enabled and stable
[ACTUALIZAR PAGOS · AUTO]       - element is visible, enabled and stable
[ACTUALIZAR PAGOS · AUTO]       - scrolling into view if needed
[ACTUALIZAR PAGOS · AUTO]       - done scrolling
[ACTUALIZAR PAGOS · AUTO]       - <div tabindex="-1" role="dialog" aria-modal="true" aria-live="assertive" aria-labelledby="swal2-title" aria-describedby="swal2-content" class="swal2-popup swal2-modal swal2-show">…</div> from <div class="swal2-container swal2-center swal2-backdrop-show">…</div> subtree intercepts pointer events
[ACTUALIZAR PAGOS · AUTO]     - retrying click action
[ACTUALIZAR PAGOS · AUTO]       - waiting 100ms
[ACTUALIZAR PAGOS · AUTO]     11 × waiting for element to be visible, enabled and stable
[ACTUALIZAR PAGOS · AUTO]        - element is visible, enabled and stable
[ACTUALIZAR PAGOS · AUTO]        - scrolling into view if needed
[ACTUALIZAR PAGOS · AUTO]        - done scrolling
[ACTUALIZAR PAGOS · AUTO]        - <div tabindex="-1" role="dialog" aria-modal="true" aria-live="assertive" aria-labelledby="swal2-title" aria-describedby="swal2-content" class="swal2-popup swal2-modal swal2-show">…</div> from <div class="swal2-container swal2-center swal2-backdrop-show">…</div> subtree intercepts pointer events
[ACTUALIZAR PAGOS · AUTO]      - retrying click action
[ACTUALIZAR PAGOS · AUTO]        - waiting 500ms
[ACTUALIZAR PAGOS · AUTO]  ===
[ACTUALIZAR PAGOS · AUTO] Traceback (most recent call last):
[ACTUALIZAR PAGOS · AUTO]   File "/Users/nicolascesolari/Downloads/proyectoJuzgado(perfect) /backend/orquestador/trabajador.py", line 87, in ejecutar_worker
[ACTUALIZAR PAGOS · AUTO]     contexto_resultado = asyncio.run(
[ACTUALIZAR PAGOS · AUTO]         _correr_tipo(tipo, origen, fecha_desde_multas_manual, archivo_creado)
[ACTUALIZAR PAGOS · AUTO]     )
[ACTUALIZAR PAGOS · AUTO]   File "/Library/Frameworks/Python.framework/Versions/3.14/lib/python3.14/asyncio/runners.py", line 205, in run
[ACTUALIZAR PAGOS · AUTO]     return runner.run(main)
[ACTUALIZAR PAGOS · AUTO]            ~~~~~~~~~~^^^^^^
[ACTUALIZAR PAGOS · AUTO]   File "/Library/Frameworks/Python.framework/Versions/3.14/lib/python3.14/asyncio/runners.py", line 128, in run
[ACTUALIZAR PAGOS · AUTO]     return self._loop.run_until_complete(task)
[ACTUALIZAR PAGOS · AUTO]            ~~~~~~~~~~~~~~~~~~~~~~~~~~~~~^^^^^^
[ACTUALIZAR PAGOS · AUTO]   File "/Library/Frameworks/Python.framework/Versions/3.14/lib/python3.14/asyncio/base_events.py", line 719, in run_until_complete
[ACTUALIZAR PAGOS · AUTO]     return future.result()
[ACTUALIZAR PAGOS · AUTO]            ~~~~~~~~~~~~~^^
[ACTUALIZAR PAGOS · AUTO]   File "/Users/nicolascesolari/Downloads/proyectoJuzgado(perfect) /backend/orquestador/trabajador.py", line 146, in _correr_tipo
[ACTUALIZAR PAGOS · AUTO]     return await PagosWorkflow(navegador).ejecutar(archivo_fn=archivo_creado,cerrar_navegador_al_final=False,)
[ACTUALIZAR PAGOS · AUTO]            ^^^^^^^^^^^^^^^^^^^^^^^^^^^^^^^^^^^^^^^^^^^^^^^^^^^^^^^^^^^^^^^^^^^^^^^^^^^^^^^^^^^^^^^^^^^^^^^^^^^
[ACTUALIZAR PAGOS · AUTO]   File "/Users/nicolascesolari/Downloads/proyectoJuzgado(perfect) /backend/workflows/workflow_base.py", line 35, in ejecutar
[ACTUALIZAR PAGOS · AUTO]     await paso.ejecutar(contexto)
[ACTUALIZAR PAGOS · AUTO]   File "/Users/nicolascesolari/Downloads/proyectoJuzgado(perfect) /backend/pasos/cargar_pagos_paso.py", line 22, in ejecutar
[ACTUALIZAR PAGOS · AUTO]     resultado = await service.subir_txt_pagos(contexto.pagina_semyt, ruta_txt)
[ACTUALIZAR PAGOS · AUTO]                 ^^^^^^^^^^^^^^^^^^^^^^^^^^^^^^^^^^^^^^^^^^^^^^^^^^^^^^^^^^^^^^
[ACTUALIZAR PAGOS · AUTO]   File "/Users/nicolascesolari/Downloads/proyectoJuzgado(perfect) /backend/services/pagos_service.py", line 33, in subir_txt_pagos
[ACTUALIZAR PAGOS · AUTO]     return await page.importar_txt(ruta_txt)
[ACTUALIZAR PAGOS · AUTO]            ^^^^^^^^^^^^^^^^^^^^^^^^^^^^^^^^^
[ACTUALIZAR PAGOS · AUTO]   File "/Users/nicolascesolari/Downloads/proyectoJuzgado(perfect) /backend/pages/importar_pagos_page.py", line 33, in importar_txt
[ACTUALIZAR PAGOS · AUTO]     await self.boton_subir_archivo.click(timeout=10000)
[ACTUALIZAR PAGOS · AUTO]   File "/Library/Frameworks/Python.framework/Versions/3.14/lib/python3.14/site-packages/playwright/async_api/_generated.py", line 17449, in click
[ACTUALIZAR PAGOS · AUTO]     await self._impl_obj.click(
[ACTUALIZAR PAGOS · AUTO]     ...<10 lines>...
[ACTUALIZAR PAGOS · AUTO]     )
[ACTUALIZAR PAGOS · AUTO]   File "/Library/Frameworks/Python.framework/Versions/3.14/lib/python3.14/site-packages/playwright/_impl/_locator.py", line 163, in click
[ACTUALIZAR PAGOS · AUTO]     return await self._frame._click(self._selector, strict=True, **params)
[ACTUALIZAR PAGOS · AUTO]            ^^^^^^^^^^^^^^^^^^^^^^^^^^^^^^^^^^^^^^^^^^^^^^^^^^^^^^^^^^^^^^^
[ACTUALIZAR PAGOS · AUTO]   File "/Library/Frameworks/Python.framework/Versions/3.14/lib/python3.14/site-packages/playwright/_impl/_frame.py", line 569, in _click
[ACTUALIZAR PAGOS · AUTO]     await self._channel.send("click", self._timeout, locals_to_params(locals()))
[ACTUALIZAR PAGOS · AUTO]   File "/Library/Frameworks/Python.framework/Versions/3.14/lib/python3.14/site-packages/playwright/_impl/_connection.py", line 69, in send
[ACTUALIZAR PAGOS · AUTO]     return await self._connection.wrap_api_call(
[ACTUALIZAR PAGOS · AUTO]            ^^^^^^^^^^^^^^^^^^^^^^^^^^^^^^^^^^^^^
[ACTUALIZAR PAGOS · AUTO]     ...<3 lines>...
[ACTUALIZAR PAGOS · AUTO]     )
[ACTUALIZAR PAGOS · AUTO]     ^
[ACTUALIZAR PAGOS · AUTO]   File "/Library/Frameworks/Python.framework/Versions/3.14/lib/python3.14/site-packages/playwright/_impl/_connection.py", line 559, in wrap_api_call
[ACTUALIZAR PAGOS · AUTO]     raise rewrite_error(error, f"{parsed_st['apiName']}: {error}") from None
[ACTUALIZAR PAGOS · AUTO] playwright._impl._errors.TimeoutError: Locator.click: Timeout 10000ms exceeded.
[ACTUALIZAR PAGOS · AUTO] Call log:
[ACTUALIZAR PAGOS · AUTO]   - waiting for locator("text=Nueva importación de archivo")
[ACTUALIZAR PAGOS · AUTO]     - locator resolved to <span class="mat-button-wrapper"> Nueva importación de archivo </span>
[ACTUALIZAR PAGOS · AUTO]   - attempting click action
[ACTUALIZAR PAGOS · AUTO]     - waiting for element to be visible, enabled and stable
[ACTUALIZAR PAGOS · AUTO]     - element is visible, enabled and stable
[ACTUALIZAR PAGOS · AUTO]     - scrolling into view if needed
[ACTUALIZAR PAGOS · AUTO]     - done scrolling
[ACTUALIZAR PAGOS · AUTO]     - <div class="swal2-container swal2-center swal2-backdrop-show">…</div> intercepts pointer events
[ACTUALIZAR PAGOS · AUTO]   - retrying click action
[ACTUALIZAR PAGOS · AUTO]     - waiting for element to be visible, enabled and stable
[ACTUALIZAR PAGOS · AUTO]     - element is visible, enabled and stable
[ACTUALIZAR PAGOS · AUTO]     - scrolling into view if needed
[ACTUALIZAR PAGOS · AUTO]     - done scrolling
[ACTUALIZAR PAGOS · AUTO]     - <div tabindex="-1" role="dialog" aria-modal="true" aria-live="assertive" aria-labelledby="swal2-title" aria-describedby="swal2-content" class="swal2-popup swal2-modal swal2-show">…</div> from <div class="swal2-container swal2-center swal2-backdrop-show">…</div> subtree intercepts pointer events
[ACTUALIZAR PAGOS · AUTO]   - retrying click action
[ACTUALIZAR PAGOS · AUTO]     - waiting 20ms
[ACTUALIZAR PAGOS · AUTO]     2 × waiting for element to be visible, enabled and stable
[ACTUALIZAR PAGOS · AUTO]       - element is visible, enabled and stable
[ACTUALIZAR PAGOS · AUTO]       - scrolling into view if needed
[ACTUALIZAR PAGOS · AUTO]       - done scrolling
[ACTUALIZAR PAGOS · AUTO]       - <div tabindex="-1" role="dialog" aria-modal="true" aria-live="assertive" aria-labelledby="swal2-title" aria-describedby="swal2-content" class="swal2-popup swal2-modal swal2-show">…</div> from <div class="swal2-container swal2-center swal2-backdrop-show">…</div> subtree intercepts pointer events
[ACTUALIZAR PAGOS · AUTO]     - retrying click action
[ACTUALIZAR PAGOS · AUTO]       - waiting 100ms
[ACTUALIZAR PAGOS · AUTO]     11 × waiting for element to be visible, enabled and stable
[ACTUALIZAR PAGOS · AUTO]        - element is visible, enabled and stable
[ACTUALIZAR PAGOS · AUTO]        - scrolling into view if needed
[ACTUALIZAR PAGOS · AUTO]        - done scrolling
[ACTUALIZAR PAGOS · AUTO]        - <div tabindex="-1" role="dialog" aria-modal="true" aria-live="assertive" aria-labelledby="swal2-title" aria-describedby="swal2-content" class="swal2-popup swal2-modal swal2-show">…</div> from <div class="swal2-container swal2-center swal2-backdrop-show">…</div> subtree intercepts pointer events
[ACTUALIZAR PAGOS · AUTO]      - retrying click action
[ACTUALIZAR PAGOS · AUTO]        - waiting 500ms
ℹ El log detallado de esta corrida no se conservó en disco (no se llegó a subir ningún archivo).
❌ [Automático] 'pagos' falló (intento 1 de 4). Se reintenta a las 13:28.
🤖 [Automático] Es hora de actualizar pagos (reintento 1 de 3). Arrancando...
[ACTUALIZAR PAGOS · AUTO] === Inicio de ejecución: pagos ===
[ACTUALIZAR PAGOS · AUTO] ▶ [LoginSemytPaso] Iniciando...
[ACTUALIZAR PAGOS · AUTO] ==================================================
[ACTUALIZAR PAGOS · AUTO] 🚀 PASO: LoginSemytPaso
[ACTUALIZAR PAGOS · AUTO] ==================================================
[ACTUALIZAR PAGOS · AUTO] Abriendo SEMyT...
[ACTUALIZAR PAGOS · AUTO] ❌ Error en el paso [LoginSemytPaso]: Error: Page.goto: net::ERR_INTERNET_DISCONNECTED at https://ciudad.villamaria.gob.ar/#/inicio
[ACTUALIZAR PAGOS · AUTO] Call log:
[ACTUALIZAR PAGOS · AUTO]   - navigating to "https://ciudad.villamaria.gob.ar/#/inicio", waiting until "domcontentloaded"
[ACTUALIZAR PAGOS · AUTO] ❌ === ERROR: Error: Page.goto: net::ERR_INTERNET_DISCONNECTED at https://ciudad.villamaria.gob.ar/#/inicio
[ACTUALIZAR PAGOS · AUTO] Call log:
[ACTUALIZAR PAGOS · AUTO]   - navigating to "https://ciudad.villamaria.gob.ar/#/inicio", waiting until "domcontentloaded"
[ACTUALIZAR PAGOS · AUTO]  ===
[ACTUALIZAR PAGOS · AUTO] Traceback (most recent call last):
[ACTUALIZAR PAGOS · AUTO]   File "/Users/nicolascesolari/Downloads/proyectoJuzgado(perfect) /backend/orquestador/trabajador.py", line 87, in ejecutar_worker
[ACTUALIZAR PAGOS · AUTO]     contexto_resultado = asyncio.run(
[ACTUALIZAR PAGOS · AUTO]         _correr_tipo(tipo, origen, fecha_desde_multas_manual, archivo_creado)
[ACTUALIZAR PAGOS · AUTO]     )
[ACTUALIZAR PAGOS · AUTO]   File "/Library/Frameworks/Python.framework/Versions/3.14/lib/python3.14/asyncio/runners.py", line 205, in run
[ACTUALIZAR PAGOS · AUTO]     return runner.run(main)
[ACTUALIZAR PAGOS · AUTO]            ~~~~~~~~~~^^^^^^
[ACTUALIZAR PAGOS · AUTO]   File "/Library/Frameworks/Python.framework/Versions/3.14/lib/python3.14/asyncio/runners.py", line 128, in run
[ACTUALIZAR PAGOS · AUTO]     return self._loop.run_until_complete(task)
[ACTUALIZAR PAGOS · AUTO]            ~~~~~~~~~~~~~~~~~~~~~~~~~~~~~^^^^^^
[ACTUALIZAR PAGOS · AUTO]   File "/Library/Frameworks/Python.framework/Versions/3.14/lib/python3.14/asyncio/base_events.py", line 719, in run_until_complete
[ACTUALIZAR PAGOS · AUTO]     return future.result()
[ACTUALIZAR PAGOS · AUTO]            ~~~~~~~~~~~~~^^
[ACTUALIZAR PAGOS · AUTO]   File "/Users/nicolascesolari/Downloads/proyectoJuzgado(perfect) /backend/orquestador/trabajador.py", line 146, in _correr_tipo
[ACTUALIZAR PAGOS · AUTO]     return await PagosWorkflow(navegador).ejecutar(archivo_fn=archivo_creado,cerrar_navegador_al_final=False,)
[ACTUALIZAR PAGOS · AUTO]            ^^^^^^^^^^^^^^^^^^^^^^^^^^^^^^^^^^^^^^^^^^^^^^^^^^^^^^^^^^^^^^^^^^^^^^^^^^^^^^^^^^^^^^^^^^^^^^^^^^^
[ACTUALIZAR PAGOS · AUTO]   File "/Users/nicolascesolari/Downloads/proyectoJuzgado(perfect) /backend/workflows/workflow_base.py", line 35, in ejecutar
[ACTUALIZAR PAGOS · AUTO]     await paso.ejecutar(contexto)
[ACTUALIZAR PAGOS · AUTO]   File "/Users/nicolascesolari/Downloads/proyectoJuzgado(perfect) /backend/pasos/login_semyt_paso.py", line 29, in ejecutar
[ACTUALIZAR PAGOS · AUTO]     await login_page.abrir_semyt_con_sesion()
[ACTUALIZAR PAGOS · AUTO]   File "/Users/nicolascesolari/Downloads/proyectoJuzgado(perfect) /backend/pages/login_page.py", line 27, in abrir_semyt_con_sesion
[ACTUALIZAR PAGOS · AUTO]     await self.page.goto(self.url_inicio_semyt(), wait_until="domcontentloaded", timeout=60000)
[ACTUALIZAR PAGOS · AUTO]   File "/Library/Frameworks/Python.framework/Versions/3.14/lib/python3.14/site-packages/playwright/async_api/_generated.py", line 9611, in goto
[ACTUALIZAR PAGOS · AUTO]     await self._impl_obj.goto(
[ACTUALIZAR PAGOS · AUTO]     ...<4 lines>...
[ACTUALIZAR PAGOS · AUTO]     )
[ACTUALIZAR PAGOS · AUTO]   File "/Library/Frameworks/Python.framework/Versions/3.14/lib/python3.14/site-packages/playwright/_impl/_page.py", line 557, in goto
[ACTUALIZAR PAGOS · AUTO]     return await self._main_frame.goto(**locals_to_params(locals()))
[ACTUALIZAR PAGOS · AUTO]            ^^^^^^^^^^^^^^^^^^^^^^^^^^^^^^^^^^^^^^^^^^^^^^^^^^^^^^^^^
[ACTUALIZAR PAGOS · AUTO]   File "/Library/Frameworks/Python.framework/Versions/3.14/lib/python3.14/site-packages/playwright/_impl/_frame.py", line 156, in goto
[ACTUALIZAR PAGOS · AUTO]     await self._channel.send(
[ACTUALIZAR PAGOS · AUTO]         "goto", self._navigation_timeout, locals_to_params(locals())
[ACTUALIZAR PAGOS · AUTO]     )
[ACTUALIZAR PAGOS · AUTO]   File "/Library/Frameworks/Python.framework/Versions/3.14/lib/python3.14/site-packages/playwright/_impl/_connection.py", line 69, in send
[ACTUALIZAR PAGOS · AUTO]     return await self._connection.wrap_api_call(
[ACTUALIZAR PAGOS · AUTO]            ^^^^^^^^^^^^^^^^^^^^^^^^^^^^^^^^^^^^^
[ACTUALIZAR PAGOS · AUTO]     ...<3 lines>...
[ACTUALIZAR PAGOS · AUTO]     )
[ACTUALIZAR PAGOS · AUTO]     ^
[ACTUALIZAR PAGOS · AUTO]   File "/Library/Frameworks/Python.framework/Versions/3.14/lib/python3.14/site-packages/playwright/_impl/_connection.py", line 559, in wrap_api_call
[ACTUALIZAR PAGOS · AUTO]     raise rewrite_error(error, f"{parsed_st['apiName']}: {error}") from None
[ACTUALIZAR PAGOS · AUTO] playwright._impl._errors.Error: Page.goto: net::ERR_INTERNET_DISCONNECTED at https://ciudad.villamaria.gob.ar/#/inicio
[ACTUALIZAR PAGOS · AUTO] Call log:
[ACTUALIZAR PAGOS · AUTO]   - navigating to "https://ciudad.villamaria.gob.ar/#/inicio", waiting until "domcontentloaded"
ℹ El log detallado de esta corrida no se conservó en disco (no se llegó a subir ningún archivo).
❌ [Automático] 'pagos' falló (intento 2 de 4). Se reintenta a las 13:49.
🤖 [Automático] Es hora de actualizar pagos (reintento 2 de 3). Arrancando...
[ACTUALIZAR PAGOS · AUTO] === Inicio de ejecución: pagos ===
[ACTUALIZAR PAGOS · AUTO] ▶ [LoginSemytPaso] Iniciando...
[ACTUALIZAR PAGOS · AUTO] ==================================================
[ACTUALIZAR PAGOS · AUTO] 🚀 PASO: LoginSemytPaso
[ACTUALIZAR PAGOS · AUTO] ==================================================
[ACTUALIZAR PAGOS · AUTO] Abriendo SEMyT...
[ACTUALIZAR PAGOS · AUTO] ✅ [SEMyT] Sesión existente detectada. Login omitido.
[ACTUALIZAR PAGOS · AUTO] ✅ LoginSemytPaso finalizado. (⏱ 4.1s)
[ACTUALIZAR PAGOS · AUTO] ✓ [LoginSemytPaso] Completado.
[ACTUALIZAR PAGOS · AUTO] ▶ [LoginJuzgadoPaso] Iniciando...
[ACTUALIZAR PAGOS · AUTO] ==================================================
[ACTUALIZAR PAGOS · AUTO] 🚀 PASO: LoginJuzgadoPaso
[ACTUALIZAR PAGOS · AUTO] ==================================================
[ACTUALIZAR PAGOS · AUTO] Abriendo sitio municipalidad (CiDi)...
[ACTUALIZAR PAGOS · AUTO] ✅ [Juzgado] Sesión existente detectada. Login omitido.
[ACTUALIZAR PAGOS · AUTO] ✅ LoginJuzgadoPaso finalizado. (⏱ 1.3s)
[ACTUALIZAR PAGOS · AUTO] ✓ [LoginJuzgadoPaso] Completado.
[ACTUALIZAR PAGOS · AUTO] ▶ [DescargasParalelasPaso] Iniciando...
[ACTUALIZAR PAGOS · AUTO] ==================================================
[ACTUALIZAR PAGOS · AUTO] 🚀 PASO: DescargasParalelasPaso
[ACTUALIZAR PAGOS · AUTO] ==================================================
[ACTUALIZAR PAGOS · AUTO] 📤 Arrancando las 3 descargas en paralelo (mismo browser, páginas separadas)...
[ACTUALIZAR PAGOS · AUTO] Fecha Desde: 27/06/2024
[ACTUALIZAR PAGOS · AUTO] Fecha Hasta: 24/11/2025
[ACTUALIZAR PAGOS · AUTO] Fecha Desde: 25/11/2025
[ACTUALIZAR PAGOS · AUTO] Fecha Hasta: 23/07/2026
[ACTUALIZAR PAGOS · AUTO] Descargando Excel...
[ACTUALIZAR PAGOS · AUTO] Descargando Excel...
⏳ [Automático] Tocaba disparar 'pagos' pero ya hay una ejecución en curso (Actualizar pagos); esperando a que termine; se reintenta en breve sin perder el turno.
[ACTUALIZAR PAGOS · AUTO] Archivo descargado en: backend/descargas/cache_actas_cruce/MULTAS_JUZGADO_CRUCE.xlsx
[ACTUALIZAR PAGOS · AUTO] ⏱ [actas_juzgado] completado en 20.0s
[ACTUALIZAR PAGOS · AUTO] Archivo descargado en: backend/descargas/cache_actas_cruce/MULTAS_SIGEMI_CRUCE.xlsx
[ACTUALIZAR PAGOS · AUTO] ⏱ [actas_sigemi] completado en 42.7s
[ACTUALIZAR PAGOS · AUTO] ✅ TXT de pagos descargado en: backend/descargas/pagos/2026-07-23/PAGOS DESCARGADOS.txt
[ACTUALIZAR PAGOS · AUTO] ⏱ [pagos_txt] completado en 42.8s
[ACTUALIZAR PAGOS · AUTO] ⏱ TOTAL descargas en paralelo: 42.8s
[ACTUALIZAR PAGOS · AUTO] ✅ DescargasParalelasPaso finalizado. (⏱ 44.4s)
[ACTUALIZAR PAGOS · AUTO] ✓ [DescargasParalelasPaso] Completado.
[ACTUALIZAR PAGOS · AUTO] ▶ [CompararActasPaso] Iniciando...
[ACTUALIZAR PAGOS · AUTO] ==================================================
[ACTUALIZAR PAGOS · AUTO] 🚀 PASO: CompararActasPaso
[ACTUALIZAR PAGOS · AUTO] ==================================================
[ACTUALIZAR PAGOS · AUTO] 🔍 Comparando actas del SEMyT contra pagos del Juzgado...
[ACTUALIZAR PAGOS · AUTO] ================================================================================
[ACTUALIZAR PAGOS · AUTO] INICIANDO PROCESO DE GENERACIÓN DE PAGOS DESACTUALIZADOS
[ACTUALIZAR PAGOS · AUTO] ================================================================================
[ACTUALIZAR PAGOS · AUTO] 📂 Cargando archivos...
[ACTUALIZAR PAGOS · AUTO]   ✓ Pagos: 16685 registros
[ACTUALIZAR PAGOS · AUTO]   ✓ Excel SIGEMI (multas vencidas viejas): 103671 registros
[ACTUALIZAR PAGOS · AUTO]   ✓ Excel Juzgado (multas vencidas nuevas): 40223 registros
[ACTUALIZAR PAGOS · AUTO] ================================================================================
[ACTUALIZAR PAGOS · AUTO] PASO 1: LLENANDO ACTA_NUMERO (búsqueda por patente + fecha, con desempate por hora)
[ACTUALIZAR PAGOS · AUTO] ================================================================================
[ACTUALIZAR PAGOS · AUTO] 📊 ESTADÍSTICAS DE LLENADO DE ACTAS:
[ACTUALIZAR PAGOS · AUTO]   • Pagos con acta ORIGINAL: 2781
[ACTUALIZAR PAGOS · AUTO]   • Pagos SIN acta (buscados): 13904
[ACTUALIZAR PAGOS · AUTO]   • Pagos LLENADOS exitosamente: 3
[ACTUALIZAR PAGOS · AUTO]   • Pagos NO encontrados en multas: 13901
[ACTUALIZAR PAGOS · AUTO]   • Pagos SIN RESOLVER por desbalance de cantidades: 0
[ACTUALIZAR PAGOS · AUTO] ================================================================================
[ACTUALIZAR PAGOS · AUTO] PASO 1: LLENANDO ACTA_NUMERO (búsqueda por patente + fecha, con desempate por hora)
[ACTUALIZAR PAGOS · AUTO] ================================================================================
[ACTUALIZAR PAGOS · AUTO] 📊 ESTADÍSTICAS DE LLENADO DE ACTAS:
[ACTUALIZAR PAGOS · AUTO]   • Pagos con acta ORIGINAL: 2784
[ACTUALIZAR PAGOS · AUTO]   • Pagos SIN acta (buscados): 13901
[ACTUALIZAR PAGOS · AUTO]   • Pagos LLENADOS exitosamente: 0
[ACTUALIZAR PAGOS · AUTO]   • Pagos NO encontrados en multas: 13901
[ACTUALIZAR PAGOS · AUTO]   • Pagos SIN RESOLVER por desbalance de cantidades: 0
[ACTUALIZAR PAGOS · AUTO] ⏱ PASO 1 (llenar actas): 19.3s
[ACTUALIZAR PAGOS · AUTO] ================================================================================
[ACTUALIZAR PAGOS · AUTO] PASO 2: FILTRANDO PAGOS CON ACTA_NUMERO COMPLETO
[ACTUALIZAR PAGOS · AUTO] ================================================================================
[ACTUALIZAR PAGOS · AUTO] 📊 ESTADÍSTICAS DE FILTRADO:
[ACTUALIZAR PAGOS · AUTO]   • Pagos TOTALES al inicio: 16685
[ACTUALIZAR PAGOS · AUTO]   • Pagos CON acta (MANTIENEN): 2784
[ACTUALIZAR PAGOS · AUTO]   • Pagos RECHAZADOS (sin coincidencias): 13901
[ACTUALIZAR PAGOS · AUTO] ⚠️  Se eliminaron 13901 registros sin número de acta
[ACTUALIZAR PAGOS · AUTO]      (recordá: esto incluye tanto pagos ya actualizados/pagados
[ACTUALIZAR PAGOS · AUTO]       como pagos que quedaron sin resolver por desbalance en el Paso 1)
[ACTUALIZAR PAGOS · AUTO] ================================================================================
[ACTUALIZAR PAGOS · AUTO] PASO 2-bis: CONFIRMANDO VIGENCIA DE PAGOS DEL SISTEMA NUEVO (contra MULTAS_JUZGADO_CRUCE)
[ACTUALIZAR PAGOS · AUTO] ================================================================================
[ACTUALIZAR PAGOS · AUTO]   ⚠ 2776 pago(s) del sistema nuevo descartados: su acta ya no figura como vencida en MULTAS_JUZGADO_CRUCE (SEMyT ya los actualizó).
[ACTUALIZAR PAGOS · AUTO]   • Pagos del sistema nuevo descartados por ya estar actualizados: 2776
[ACTUALIZAR PAGOS · AUTO] ⏱ PASO 2 (filtrar): 1.3s
[ACTUALIZAR PAGOS · AUTO] 📂 Cargando maestro de causas SIGEMI...
[ACTUALIZAR PAGOS · AUTO]   ✓ Causas totales (maestro): 134069 registros
[ACTUALIZAR PAGOS · AUTO] ⏱ PASO 2.5 (causas simplificado): 0.2s
[ACTUALIZAR PAGOS · AUTO] ================================================================================
[ACTUALIZAR PAGOS · AUTO] PASO 2.5: ARMANDO causas.txt SIMPLIFICADO (cruce contra total_causas_sigemi.txt)
[ACTUALIZAR PAGOS · AUTO] ================================================================================
[ACTUALIZAR PAGOS · AUTO]   • Actas vencidas viejas (multas): 103671
[ACTUALIZAR PAGOS · AUTO]   • Causas totales en el maestro SIGEMI: 134069
[ACTUALIZAR PAGOS · AUTO]   • Causas que coinciden (simplificado): 103341
[ACTUALIZAR PAGOS · AUTO]   ✅ Archivo escrito: backend/descargas/causas/causas.txt
[ACTUALIZAR PAGOS · AUTO] ⏱ PASO 2.5 (causas simplificado): 2.9s
[ACTUALIZAR PAGOS · AUTO] ================================================================================
[ACTUALIZAR PAGOS · AUTO] PASO 3: LLENANDO CAUSA_NUMERO (según fecha de cambio de sistema, cruzando por acta + año)
[ACTUALIZAR PAGOS · AUTO] ================================================================================
[ACTUALIZAR PAGOS · AUTO] 📊 ESTADÍSTICAS DE LLENADO DE CAUSAS:
[ACTUALIZAR PAGOS · AUTO]   • Pagos con causa ORIGINAL: 5
[ACTUALIZAR PAGOS · AUTO]   • Causas encontradas en SIGEMI (actas viejas): 3
[ACTUALIZAR PAGOS · AUTO]   • Causas NO encontradas en SIGEMI: 0
[ACTUALIZAR PAGOS · AUTO]   • Causas asignadas automáticamente (actas nuevas): 0
[ACTUALIZAR PAGOS · AUTO] ⏱ PASO 3 (llenar causas): 0.0s
[ACTUALIZAR PAGOS · AUTO] ================================================================================
[ACTUALIZAR PAGOS · AUTO] PASO 4: ORDENANDO POR FECHA Y ACTA_NUMERO
[ACTUALIZAR PAGOS · AUTO] ================================================================================
[ACTUALIZAR PAGOS · AUTO] ✓ Pagos ordenados correctamente
[ACTUALIZAR PAGOS · AUTO]   • Primera entrada: Acta=201064, Fecha=05/09/2025
[ACTUALIZAR PAGOS · AUTO]   • Última entrada: Acta=272072, Fecha=26/02/2026
[ACTUALIZAR PAGOS · AUTO] 📝 Escribiendo archivo de salida...
[ACTUALIZAR PAGOS · AUTO]   ✅ Archivo escrito: backend/descargas/pagos/2026-07-23/PAGOS 20260723 134959.txt
[ACTUALIZAR PAGOS · AUTO]   ✅ Total registros: 1011
[ACTUALIZAR PAGOS · AUTO] ⏱ PASO 4 (ordenar y escribir): 0.0s
[ACTUALIZAR PAGOS · AUTO] ================================================================================
[ACTUALIZAR PAGOS · AUTO] ✅ PROCESO COMPLETADO EXITOSAMENTE
[ACTUALIZAR PAGOS · AUTO] ================================================================================
[ACTUALIZAR PAGOS · AUTO] 📊 RESUMEN FINAL DEL PROCESAMIENTO:
[ACTUALIZAR PAGOS · AUTO]   ENTRADA:
[ACTUALIZAR PAGOS · AUTO]     • Pagos originales: 16685
[ACTUALIZAR PAGOS · AUTO]     • Multas SIGEMI cargadas: 103671
[ACTUALIZAR PAGOS · AUTO]     • Multas Juzgado cargadas: 40223
[ACTUALIZAR PAGOS · AUTO]     • Causas simplificadas (usadas para el cruce): 103341
[ACTUALIZAR PAGOS · AUTO]   PROCESO:
[ACTUALIZAR PAGOS · AUTO]     • Pagos rechazados sigemi: 13901
[ACTUALIZAR PAGOS · AUTO]     • Pagos rechazados juzgado: 2776
[ACTUALIZAR PAGOS · AUTO]   SALIDA:
[ACTUALIZAR PAGOS · AUTO]     • Pagos desactualizados procesados: 8
[ACTUALIZAR PAGOS · AUTO]     • Archivo final: backend/descargas/pagos/2026-07-23/PAGOS 20260723 134959.txt
[ACTUALIZAR PAGOS · AUTO]     • Ordenados por fecha: SÍ ✓
[ACTUALIZAR PAGOS · AUTO]     • Todos con ACTA_NUMERO: SÍ ✓
[ACTUALIZAR PAGOS · AUTO]     • Todos con CAUSA_NUMERO: SÍ ✓
[ACTUALIZAR PAGOS · AUTO] ✅ TXT de pagos (ya cruzado con actas y causas) generado en: backend/descargas/pagos/2026-07-23/PAGOS 20260723 134959.txt
[ACTUALIZAR PAGOS · AUTO] 🧹 TXT de pagos crudo eliminado (ya usado en el cruce): backend/descargas/pagos/2026-07-23/PAGOS DESCARGADOS.txt
[ACTUALIZAR PAGOS · AUTO] 🧹 Excel MULTAS_SIGEMI_CRUCE eliminado (ya usado en el cruce): backend/descargas/cache_actas_cruce/MULTAS_SIGEMI_CRUCE.xlsx
[ACTUALIZAR PAGOS · AUTO] 🧹 Excel MULTAS_JUZGADO_CRUCE eliminado (ya usado en el cruce): backend/descargas/cache_actas_cruce/MULTAS_JUZGADO_CRUCE.xlsx
[ACTUALIZAR PAGOS · AUTO] ✅ CompararActasPaso finalizado. (⏱ 53.4s)
[ACTUALIZAR PAGOS · AUTO] ✓ [CompararActasPaso] Completado.
[ACTUALIZAR PAGOS · AUTO] ▶ [CargarPagosPaso] Iniciando...
[ACTUALIZAR PAGOS · AUTO] ==================================================
[ACTUALIZAR PAGOS · AUTO] 🚀 PASO: CargarPagosPaso
[ACTUALIZAR PAGOS · AUTO] ==================================================
[ACTUALIZAR PAGOS · AUTO] 📤 Subiendo TXT de pagos al SEMyT...
[ACTUALIZAR PAGOS · AUTO] ✅ Importación de pagos completada con éxito.
[ACTUALIZAR PAGOS · AUTO] ✅ Archivo TXT de pagos cargado en el SEMyT correctamente.
[ACTUALIZAR PAGOS · AUTO] ✅ CargarPagosPaso finalizado. (⏱ 3.7s)
[ACTUALIZAR PAGOS · AUTO] ✓ [CargarPagosPaso] Completado.
[ACTUALIZAR PAGOS · AUTO] === Ejecución finalizada con éxito ===
✅ [Automático] 'pagos' terminó bien en el reintento 2.
🤖 [Automático] Es hora de actualizar pagos. Arrancando...
[ACTUALIZAR PAGOS · AUTO] === Inicio de ejecución: pagos ===
[ACTUALIZAR PAGOS · AUTO] ▶ [LoginSemytPaso] Iniciando...
[ACTUALIZAR PAGOS · AUTO] ==================================================
[ACTUALIZAR PAGOS · AUTO] 🚀 PASO: LoginSemytPaso
[ACTUALIZAR PAGOS · AUTO] ==================================================
[ACTUALIZAR PAGOS · AUTO] Abriendo SEMyT...
[ACTUALIZAR PAGOS · AUTO] ✅ [SEMyT] Sesión existente detectada. Login omitido.
[ACTUALIZAR PAGOS · AUTO] ✅ LoginSemytPaso finalizado. (⏱ 4.3s)
[ACTUALIZAR PAGOS · AUTO] ✓ [LoginSemytPaso] Completado.
[ACTUALIZAR PAGOS · AUTO] ▶ [LoginJuzgadoPaso] Iniciando...
[ACTUALIZAR PAGOS · AUTO] ==================================================
[ACTUALIZAR PAGOS · AUTO] 🚀 PASO: LoginJuzgadoPaso
[ACTUALIZAR PAGOS · AUTO] ==================================================
[ACTUALIZAR PAGOS · AUTO] Abriendo sitio municipalidad (CiDi)...
[ACTUALIZAR PAGOS · AUTO] ✅ [Juzgado] Sesión existente detectada. Login omitido.
[ACTUALIZAR PAGOS · AUTO] ✅ LoginJuzgadoPaso finalizado. (⏱ 1.2s)
[ACTUALIZAR PAGOS · AUTO] ✓ [LoginJuzgadoPaso] Completado.
[ACTUALIZAR PAGOS · AUTO] ▶ [DescargasParalelasPaso] Iniciando...
[ACTUALIZAR PAGOS · AUTO] ==================================================
[ACTUALIZAR PAGOS · AUTO] 🚀 PASO: DescargasParalelasPaso
[ACTUALIZAR PAGOS · AUTO] ==================================================
[ACTUALIZAR PAGOS · AUTO] 📤 Arrancando las 3 descargas en paralelo (mismo browser, páginas separadas)...
[ACTUALIZAR PAGOS · AUTO] Fecha Desde: 27/06/2024
[ACTUALIZAR PAGOS · AUTO] Fecha Hasta: 24/11/2025
[ACTUALIZAR PAGOS · AUTO] Fecha Desde: 25/11/2025
[ACTUALIZAR PAGOS · AUTO] Fecha Hasta: 23/07/2026
[ACTUALIZAR PAGOS · AUTO] Descargando Excel...
[ACTUALIZAR PAGOS · AUTO] Descargando Excel...
⏳ [Automático] Tocaba disparar 'pagos' pero ya hay una ejecución en curso (Actualizar pagos); esperando a que termine; se reintenta en breve sin perder el turno.
[ACTUALIZAR PAGOS · AUTO] Archivo descargado en: backend/descargas/cache_actas_cruce/MULTAS_JUZGADO_CRUCE.xlsx
[ACTUALIZAR PAGOS · AUTO] ⏱ [actas_juzgado] completado en 18.5s
[ACTUALIZAR PAGOS · AUTO] Archivo descargado en: backend/descargas/cache_actas_cruce/MULTAS_SIGEMI_CRUCE.xlsx
[ACTUALIZAR PAGOS · AUTO] ⏱ [actas_sigemi] completado en 38.5s
[ACTUALIZAR PAGOS · AUTO] ✅ TXT de pagos descargado en: backend/descargas/pagos/2026-07-23/PAGOS DESCARGADOS.txt
[ACTUALIZAR PAGOS · AUTO] ⏱ [pagos_txt] completado en 38.6s
[ACTUALIZAR PAGOS · AUTO] ⏱ TOTAL descargas en paralelo: 38.6s
[ACTUALIZAR PAGOS · AUTO] ✅ DescargasParalelasPaso finalizado. (⏱ 39.9s)
[ACTUALIZAR PAGOS · AUTO] ✓ [DescargasParalelasPaso] Completado.
[ACTUALIZAR PAGOS · AUTO] ▶ [CompararActasPaso] Iniciando...
[ACTUALIZAR PAGOS · AUTO] ==================================================
[ACTUALIZAR PAGOS · AUTO] 🚀 PASO: CompararActasPaso
[ACTUALIZAR PAGOS · AUTO] ==================================================
[ACTUALIZAR PAGOS · AUTO] 🔍 Comparando actas del SEMyT contra pagos del Juzgado...
[ACTUALIZAR PAGOS · AUTO] ================================================================================
[ACTUALIZAR PAGOS · AUTO] INICIANDO PROCESO DE GENERACIÓN DE PAGOS DESACTUALIZADOS
[ACTUALIZAR PAGOS · AUTO] ================================================================================
[ACTUALIZAR PAGOS · AUTO] 📂 Cargando archivos...
[ACTUALIZAR PAGOS · AUTO]   ✓ Pagos: 16687 registros
[ACTUALIZAR PAGOS · AUTO]   ✓ Excel SIGEMI (multas vencidas viejas): 103668 registros
[ACTUALIZAR PAGOS · AUTO]   ✓ Excel Juzgado (multas vencidas nuevas): 40218 registros
[ACTUALIZAR PAGOS · AUTO] ================================================================================
[ACTUALIZAR PAGOS · AUTO] PASO 1: LLENANDO ACTA_NUMERO (búsqueda por patente + fecha, con desempate por hora)
[ACTUALIZAR PAGOS · AUTO] ================================================================================
[ACTUALIZAR PAGOS · AUTO] 📊 ESTADÍSTICAS DE LLENADO DE ACTAS:
[ACTUALIZAR PAGOS · AUTO]   • Pagos con acta ORIGINAL: 2782
[ACTUALIZAR PAGOS · AUTO]   • Pagos SIN acta (buscados): 13905
[ACTUALIZAR PAGOS · AUTO]   • Pagos LLENADOS exitosamente: 1
[ACTUALIZAR PAGOS · AUTO]   • Pagos NO encontrados en multas: 13904
[ACTUALIZAR PAGOS · AUTO]   • Pagos SIN RESOLVER por desbalance de cantidades: 0
[ACTUALIZAR PAGOS · AUTO] ================================================================================
[ACTUALIZAR PAGOS · AUTO] PASO 1: LLENANDO ACTA_NUMERO (búsqueda por patente + fecha, con desempate por hora)
[ACTUALIZAR PAGOS · AUTO] ================================================================================
[ACTUALIZAR PAGOS · AUTO] 📊 ESTADÍSTICAS DE LLENADO DE ACTAS:
[ACTUALIZAR PAGOS · AUTO]   • Pagos con acta ORIGINAL: 2783
[ACTUALIZAR PAGOS · AUTO]   • Pagos SIN acta (buscados): 13904
[ACTUALIZAR PAGOS · AUTO]   • Pagos LLENADOS exitosamente: 0
[ACTUALIZAR PAGOS · AUTO]   • Pagos NO encontrados en multas: 13904
[ACTUALIZAR PAGOS · AUTO]   • Pagos SIN RESOLVER por desbalance de cantidades: 0
[ACTUALIZAR PAGOS · AUTO] ⏱ PASO 1 (llenar actas): 16.3s
[ACTUALIZAR PAGOS · AUTO] ================================================================================
[ACTUALIZAR PAGOS · AUTO] PASO 2: FILTRANDO PAGOS CON ACTA_NUMERO COMPLETO
[ACTUALIZAR PAGOS · AUTO] ================================================================================
[ACTUALIZAR PAGOS · AUTO] 📊 ESTADÍSTICAS DE FILTRADO:
[ACTUALIZAR PAGOS · AUTO]   • Pagos TOTALES al inicio: 16687
[ACTUALIZAR PAGOS · AUTO]   • Pagos CON acta (MANTIENEN): 2783
[ACTUALIZAR PAGOS · AUTO]   • Pagos RECHAZADOS (sin coincidencias): 13904
[ACTUALIZAR PAGOS · AUTO] ⚠️  Se eliminaron 13904 registros sin número de acta
[ACTUALIZAR PAGOS · AUTO]      (recordá: esto incluye tanto pagos ya actualizados/pagados
[ACTUALIZAR PAGOS · AUTO]       como pagos que quedaron sin resolver por desbalance en el Paso 1)
[ACTUALIZAR PAGOS · AUTO] ================================================================================
[ACTUALIZAR PAGOS · AUTO] PASO 2-bis: CONFIRMANDO VIGENCIA DE PAGOS DEL SISTEMA NUEVO (contra MULTAS_JUZGADO_CRUCE)
[ACTUALIZAR PAGOS · AUTO] ================================================================================
[ACTUALIZAR PAGOS · AUTO]   ⚠ 2781 pago(s) del sistema nuevo descartados: su acta ya no figura como vencida en MULTAS_JUZGADO_CRUCE (SEMyT ya los actualizó).
[ACTUALIZAR PAGOS · AUTO]   • Pagos del sistema nuevo descartados por ya estar actualizados: 2781
[ACTUALIZAR PAGOS · AUTO] ⏱ PASO 2 (filtrar): 1.1s
[ACTUALIZAR PAGOS · AUTO] 📂 Cargando maestro de causas SIGEMI...
[ACTUALIZAR PAGOS · AUTO]   ✓ Causas totales (maestro): 134069 registros
[ACTUALIZAR PAGOS · AUTO] ⏱ PASO 2.5 (causas simplificado): 0.2s
[ACTUALIZAR PAGOS · AUTO] ================================================================================
[ACTUALIZAR PAGOS · AUTO] PASO 2.5: ARMANDO causas.txt SIMPLIFICADO (cruce contra total_causas_sigemi.txt)
[ACTUALIZAR PAGOS · AUTO] ================================================================================
[ACTUALIZAR PAGOS · AUTO]   • Actas vencidas viejas (multas): 103668
[ACTUALIZAR PAGOS · AUTO]   • Causas totales en el maestro SIGEMI: 134069
[ACTUALIZAR PAGOS · AUTO]   • Causas que coinciden (simplificado): 103338
[ACTUALIZAR PAGOS · AUTO]   ✅ Archivo escrito: backend/descargas/causas/causas.txt
[ACTUALIZAR PAGOS · AUTO] ⏱ PASO 2.5 (causas simplificado): 3.0s
[ACTUALIZAR PAGOS · AUTO] ================================================================================
[ACTUALIZAR PAGOS · AUTO] PASO 3: LLENANDO CAUSA_NUMERO (según fecha de cambio de sistema, cruzando por acta + año)
[ACTUALIZAR PAGOS · AUTO] ================================================================================
[ACTUALIZAR PAGOS · AUTO] 📊 ESTADÍSTICAS DE LLENADO DE CAUSAS:
[ACTUALIZAR PAGOS · AUTO]   • Pagos con causa ORIGINAL: 1
[ACTUALIZAR PAGOS · AUTO]   • Causas encontradas en SIGEMI (actas viejas): 1
[ACTUALIZAR PAGOS · AUTO]   • Causas NO encontradas en SIGEMI: 0
[ACTUALIZAR PAGOS · AUTO]   • Causas asignadas automáticamente (actas nuevas): 0
[ACTUALIZAR PAGOS · AUTO] ⏱ PASO 3 (llenar causas): 0.0s
[ACTUALIZAR PAGOS · AUTO] ================================================================================
[ACTUALIZAR PAGOS · AUTO] PASO 4: ORDENANDO POR FECHA Y ACTA_NUMERO
[ACTUALIZAR PAGOS · AUTO] ================================================================================
[ACTUALIZAR PAGOS · AUTO] ✓ Pagos ordenados correctamente
[ACTUALIZAR PAGOS · AUTO]   • Primera entrada: Acta=191132, Fecha=19/08/2025
[ACTUALIZAR PAGOS · AUTO]   • Última entrada: Acta=267491, Fecha=18/02/2026
[ACTUALIZAR PAGOS · AUTO] 📝 Escribiendo archivo de salida...
[ACTUALIZAR PAGOS · AUTO]   ✅ Archivo escrito: backend/descargas/pagos/2026-07-23/PAGOS 20260723 140159.txt
[ACTUALIZAR PAGOS · AUTO]   ✅ Total registros: 362
[ACTUALIZAR PAGOS · AUTO] ⏱ PASO 4 (ordenar y escribir): 0.0s
[ACTUALIZAR PAGOS · AUTO] ================================================================================
[ACTUALIZAR PAGOS · AUTO] ✅ PROCESO COMPLETADO EXITOSAMENTE
[ACTUALIZAR PAGOS · AUTO] ================================================================================
[ACTUALIZAR PAGOS · AUTO] 📊 RESUMEN FINAL DEL PROCESAMIENTO:
[ACTUALIZAR PAGOS · AUTO]   ENTRADA:
[ACTUALIZAR PAGOS · AUTO]     • Pagos originales: 16687
[ACTUALIZAR PAGOS · AUTO]     • Multas SIGEMI cargadas: 103668
[ACTUALIZAR PAGOS · AUTO]     • Multas Juzgado cargadas: 40218
[ACTUALIZAR PAGOS · AUTO]     • Causas simplificadas (usadas para el cruce): 103338
[ACTUALIZAR PAGOS · AUTO]   PROCESO:
[ACTUALIZAR PAGOS · AUTO]     • Pagos rechazados sigemi: 13904
[ACTUALIZAR PAGOS · AUTO]     • Pagos rechazados juzgado: 2781
[ACTUALIZAR PAGOS · AUTO]   SALIDA:
[ACTUALIZAR PAGOS · AUTO]     • Pagos desactualizados procesados: 2
[ACTUALIZAR PAGOS · AUTO]     • Archivo final: backend/descargas/pagos/2026-07-23/PAGOS 20260723 140159.txt
[ACTUALIZAR PAGOS · AUTO]     • Ordenados por fecha: SÍ ✓
[ACTUALIZAR PAGOS · AUTO]     • Todos con ACTA_NUMERO: SÍ ✓
[ACTUALIZAR PAGOS · AUTO]     • Todos con CAUSA_NUMERO: SÍ ✓
[ACTUALIZAR PAGOS · AUTO] ✅ TXT de pagos (ya cruzado con actas y causas) generado en: backend/descargas/pagos/2026-07-23/PAGOS 20260723 140159.txt
[ACTUALIZAR PAGOS · AUTO] 🧹 TXT de pagos crudo eliminado (ya usado en el cruce): backend/descargas/pagos/2026-07-23/PAGOS DESCARGADOS.txt
[ACTUALIZAR PAGOS · AUTO] 🧹 Excel MULTAS_SIGEMI_CRUCE eliminado (ya usado en el cruce): backend/descargas/cache_actas_cruce/MULTAS_SIGEMI_CRUCE.xlsx
[ACTUALIZAR PAGOS · AUTO] 🧹 Excel MULTAS_JUZGADO_CRUCE eliminado (ya usado en el cruce): backend/descargas/cache_actas_cruce/MULTAS_JUZGADO_CRUCE.xlsx
[ACTUALIZAR PAGOS · AUTO] ✅ CompararActasPaso finalizado. (⏱ 47.4s)
[ACTUALIZAR PAGOS · AUTO] ✓ [CompararActasPaso] Completado.
[ACTUALIZAR PAGOS · AUTO] ▶ [CargarPagosPaso] Iniciando...
[ACTUALIZAR PAGOS · AUTO] ==================================================
[ACTUALIZAR PAGOS · AUTO] 🚀 PASO: CargarPagosPaso
[ACTUALIZAR PAGOS · AUTO] ==================================================
[ACTUALIZAR PAGOS · AUTO] 📤 Subiendo TXT de pagos al SEMyT...
[ACTUALIZAR PAGOS · AUTO] ✅ Importación de pagos completada con éxito.
[ACTUALIZAR PAGOS · AUTO] ✅ Archivo TXT de pagos cargado en el SEMyT correctamente.
[ACTUALIZAR PAGOS · AUTO] ✅ CargarPagosPaso finalizado. (⏱ 2.3s)
[ACTUALIZAR PAGOS · AUTO] ✓ [CargarPagosPaso] Completado.
[ACTUALIZAR PAGOS · AUTO] === Ejecución finalizada con éxito ===
🤖 [Automático] Es hora de actualizar pagos. Arrancando...
[ACTUALIZAR PAGOS · AUTO] === Inicio de ejecución: pagos ===
[ACTUALIZAR PAGOS · AUTO] ▶ [LoginSemytPaso] Iniciando...
[ACTUALIZAR PAGOS · AUTO] ==================================================
[ACTUALIZAR PAGOS · AUTO] 🚀 PASO: LoginSemytPaso
[ACTUALIZAR PAGOS · AUTO] ==================================================
[ACTUALIZAR PAGOS · AUTO] Abriendo SEMyT...
[ACTUALIZAR PAGOS · AUTO] ✅ [SEMyT] Sesión existente detectada. Login omitido.
[ACTUALIZAR PAGOS · AUTO] ✅ LoginSemytPaso finalizado. (⏱ 4.2s)
[ACTUALIZAR PAGOS · AUTO] ✓ [LoginSemytPaso] Completado.
[ACTUALIZAR PAGOS · AUTO] ▶ [LoginJuzgadoPaso] Iniciando...
[ACTUALIZAR PAGOS · AUTO] ==================================================
[ACTUALIZAR PAGOS · AUTO] 🚀 PASO: LoginJuzgadoPaso
[ACTUALIZAR PAGOS · AUTO] ==================================================
[ACTUALIZAR PAGOS · AUTO] Abriendo sitio municipalidad (CiDi)...
[ACTUALIZAR PAGOS · AUTO] ✅ [Juzgado] Sesión existente detectada. Login omitido.
[ACTUALIZAR PAGOS · AUTO] ✅ LoginJuzgadoPaso finalizado. (⏱ 1.1s)
[ACTUALIZAR PAGOS · AUTO] ✓ [LoginJuzgadoPaso] Completado.
[ACTUALIZAR PAGOS · AUTO] ▶ [DescargasParalelasPaso] Iniciando...
[ACTUALIZAR PAGOS · AUTO] ==================================================
[ACTUALIZAR PAGOS · AUTO] 🚀 PASO: DescargasParalelasPaso
[ACTUALIZAR PAGOS · AUTO] ==================================================
[ACTUALIZAR PAGOS · AUTO] 📤 Arrancando las 3 descargas en paralelo (mismo browser, páginas separadas)...
[ACTUALIZAR PAGOS · AUTO] Fecha Desde: 27/06/2024
[ACTUALIZAR PAGOS · AUTO] Fecha Hasta: 24/11/2025
[ACTUALIZAR PAGOS · AUTO] Fecha Desde: 25/11/2025
[ACTUALIZAR PAGOS · AUTO] Fecha Hasta: 23/07/2026
[ACTUALIZAR PAGOS · AUTO] Descargando Excel...
[ACTUALIZAR PAGOS · AUTO] Descargando Excel...
⏳ [Automático] Tocaba disparar 'pagos' pero ya hay una ejecución en curso (Actualizar pagos); esperando a que termine; se reintenta en breve sin perder el turno.
[ACTUALIZAR PAGOS · AUTO] Archivo descargado en: backend/descargas/cache_actas_cruce/MULTAS_JUZGADO_CRUCE.xlsx
[ACTUALIZAR PAGOS · AUTO] ⏱ [actas_juzgado] completado en 18.6s
[ACTUALIZAR PAGOS · AUTO] Archivo descargado en: backend/descargas/cache_actas_cruce/MULTAS_SIGEMI_CRUCE.xlsx
[ACTUALIZAR PAGOS · AUTO] ⏱ [actas_sigemi] completado en 39.0s
[ACTUALIZAR PAGOS · AUTO] ✅ TXT de pagos descargado en: backend/descargas/pagos/2026-07-23/PAGOS DESCARGADOS.txt
[ACTUALIZAR PAGOS · AUTO] ⏱ [pagos_txt] completado en 39.1s
[ACTUALIZAR PAGOS · AUTO] ⏱ TOTAL descargas en paralelo: 39.1s
[ACTUALIZAR PAGOS · AUTO] ✅ DescargasParalelasPaso finalizado. (⏱ 40.7s)
[ACTUALIZAR PAGOS · AUTO] ✓ [DescargasParalelasPaso] Completado.
[ACTUALIZAR PAGOS · AUTO] ▶ [CompararActasPaso] Iniciando...
[ACTUALIZAR PAGOS · AUTO] ==================================================
[ACTUALIZAR PAGOS · AUTO] 🚀 PASO: CompararActasPaso
[ACTUALIZAR PAGOS · AUTO] ==================================================
[ACTUALIZAR PAGOS · AUTO] 🔍 Comparando actas del SEMyT contra pagos del Juzgado...
[ACTUALIZAR PAGOS · AUTO] ================================================================================
[ACTUALIZAR PAGOS · AUTO] INICIANDO PROCESO DE GENERACIÓN DE PAGOS DESACTUALIZADOS
[ACTUALIZAR PAGOS · AUTO] ================================================================================
[ACTUALIZAR PAGOS · AUTO] 📂 Cargando archivos...
[ACTUALIZAR PAGOS · AUTO]   ✓ Pagos: 16687 registros
[ACTUALIZAR PAGOS · AUTO]   ✓ Excel SIGEMI (multas vencidas viejas): 103667 registros
[ACTUALIZAR PAGOS · AUTO]   ✓ Excel Juzgado (multas vencidas nuevas): 40217 registros
[ACTUALIZAR PAGOS · AUTO] ================================================================================
[ACTUALIZAR PAGOS · AUTO] PASO 1: LLENANDO ACTA_NUMERO (búsqueda por patente + fecha, con desempate por hora)
[ACTUALIZAR PAGOS · AUTO] ================================================================================
[ACTUALIZAR PAGOS · AUTO] 📊 ESTADÍSTICAS DE LLENADO DE ACTAS:
[ACTUALIZAR PAGOS · AUTO]   • Pagos con acta ORIGINAL: 2782
[ACTUALIZAR PAGOS · AUTO]   • Pagos SIN acta (buscados): 13905
[ACTUALIZAR PAGOS · AUTO]   • Pagos LLENADOS exitosamente: 0
[ACTUALIZAR PAGOS · AUTO]   • Pagos NO encontrados en multas: 13905
[ACTUALIZAR PAGOS · AUTO]   • Pagos SIN RESOLVER por desbalance de cantidades: 0
[ACTUALIZAR PAGOS · AUTO] ================================================================================
[ACTUALIZAR PAGOS · AUTO] PASO 1: LLENANDO ACTA_NUMERO (búsqueda por patente + fecha, con desempate por hora)
[ACTUALIZAR PAGOS · AUTO] ================================================================================
[ACTUALIZAR PAGOS · AUTO] 📊 ESTADÍSTICAS DE LLENADO DE ACTAS:
[ACTUALIZAR PAGOS · AUTO]   • Pagos con acta ORIGINAL: 2782
[ACTUALIZAR PAGOS · AUTO]   • Pagos SIN acta (buscados): 13905
[ACTUALIZAR PAGOS · AUTO]   • Pagos LLENADOS exitosamente: 0
[ACTUALIZAR PAGOS · AUTO]   • Pagos NO encontrados en multas: 13905
[ACTUALIZAR PAGOS · AUTO]   • Pagos SIN RESOLVER por desbalance de cantidades: 0
[ACTUALIZAR PAGOS · AUTO] ⏱ PASO 1 (llenar actas): 17.1s
[ACTUALIZAR PAGOS · AUTO] ================================================================================
[ACTUALIZAR PAGOS · AUTO] PASO 2: FILTRANDO PAGOS CON ACTA_NUMERO COMPLETO
[ACTUALIZAR PAGOS · AUTO] ================================================================================
[ACTUALIZAR PAGOS · AUTO] 📊 ESTADÍSTICAS DE FILTRADO:
[ACTUALIZAR PAGOS · AUTO]   • Pagos TOTALES al inicio: 16687
[ACTUALIZAR PAGOS · AUTO]   • Pagos CON acta (MANTIENEN): 2782
[ACTUALIZAR PAGOS · AUTO]   • Pagos RECHAZADOS (sin coincidencias): 13905
[ACTUALIZAR PAGOS · AUTO] ⚠️  Se eliminaron 13905 registros sin número de acta
[ACTUALIZAR PAGOS · AUTO]      (recordá: esto incluye tanto pagos ya actualizados/pagados
[ACTUALIZAR PAGOS · AUTO]       como pagos que quedaron sin resolver por desbalance en el Paso 1)
[ACTUALIZAR PAGOS · AUTO] ================================================================================
[ACTUALIZAR PAGOS · AUTO] PASO 2-bis: CONFIRMANDO VIGENCIA DE PAGOS DEL SISTEMA NUEVO (contra MULTAS_JUZGADO_CRUCE)
[ACTUALIZAR PAGOS · AUTO] ================================================================================
[ACTUALIZAR PAGOS · AUTO]   ⚠ 2782 pago(s) del sistema nuevo descartados: su acta ya no figura como vencida en MULTAS_JUZGADO_CRUCE (SEMyT ya los actualizó).
[ACTUALIZAR PAGOS · AUTO]   • Pagos del sistema nuevo descartados por ya estar actualizados: 2782
[ACTUALIZAR PAGOS · AUTO] ⏱ PASO 2 (filtrar): 1.0s
[ACTUALIZAR PAGOS · AUTO] 📂 Cargando maestro de causas SIGEMI...
[ACTUALIZAR PAGOS · AUTO]   ✓ Causas totales (maestro): 134069 registros
[ACTUALIZAR PAGOS · AUTO] ⏱ PASO 2.5 (causas simplificado): 0.1s
[ACTUALIZAR PAGOS · AUTO] ================================================================================
[ACTUALIZAR PAGOS · AUTO] PASO 2.5: ARMANDO causas.txt SIMPLIFICADO (cruce contra total_causas_sigemi.txt)
[ACTUALIZAR PAGOS · AUTO] ================================================================================
[ACTUALIZAR PAGOS · AUTO]   • Actas vencidas viejas (multas): 103667
[ACTUALIZAR PAGOS · AUTO]   • Causas totales en el maestro SIGEMI: 134069
[ACTUALIZAR PAGOS · AUTO]   • Causas que coinciden (simplificado): 103337
[ACTUALIZAR PAGOS · AUTO]   ✅ Archivo escrito: backend/descargas/causas/causas.txt
[ACTUALIZAR PAGOS · AUTO] ⏱ PASO 2.5 (causas simplificado): 2.9s
[ACTUALIZAR PAGOS · AUTO] ⚠️  NO HAY PAGOS CON ACTA_NUMERO PARA PROCESAR
[ACTUALIZAR PAGOS · AUTO] Creando archivo vacío...
[ACTUALIZAR PAGOS · AUTO] ✅ TXT de pagos (ya cruzado con actas y causas) generado en: backend/descargas/pagos/2026-07-23/PAGOS 20260723 141349.txt
[ACTUALIZAR PAGOS · AUTO] 🧹 TXT de pagos crudo eliminado (ya usado en el cruce): backend/descargas/pagos/2026-07-23/PAGOS DESCARGADOS.txt
[ACTUALIZAR PAGOS · AUTO] 🧹 Excel MULTAS_SIGEMI_CRUCE eliminado (ya usado en el cruce): backend/descargas/cache_actas_cruce/MULTAS_SIGEMI_CRUCE.xlsx
[ACTUALIZAR PAGOS · AUTO] 🧹 Excel MULTAS_JUZGADO_CRUCE eliminado (ya usado en el cruce): backend/descargas/cache_actas_cruce/MULTAS_JUZGADO_CRUCE.xlsx
[ACTUALIZAR PAGOS · AUTO] ✅ CompararActasPaso finalizado. (⏱ 47.7s)
[ACTUALIZAR PAGOS · AUTO] ✓ [CompararActasPaso] Completado.
[ACTUALIZAR PAGOS · AUTO] ▶ [CargarPagosPaso] Iniciando...
[ACTUALIZAR PAGOS · AUTO] ==================================================
[ACTUALIZAR PAGOS · AUTO] 🚀 PASO: CargarPagosPaso
[ACTUALIZAR PAGOS · AUTO] ==================================================
[ACTUALIZAR PAGOS · AUTO] ℹ No se encontraron pagos para actualizar (el TXT final no tiene registros).
[ACTUALIZAR PAGOS · AUTO] 🧹 TXT de pagos sin registros eliminado (nada para subir): backend/descargas/pagos/2026-07-23/PAGOS 20260723 141349.txt
[ACTUALIZAR PAGOS · AUTO] ⏭ Se omite la carga al SEMyT.
[ACTUALIZAR PAGOS · AUTO] ✅ CargarPagosPaso finalizado. (⏱ 0.0s)
[ACTUALIZAR PAGOS · AUTO] ✓ [CargarPagosPaso] Completado.
[ACTUALIZAR PAGOS · AUTO] === Ejecución finalizada con éxito ===
[ACTUALIZAR PAGOS · AUTO] ℹ No se subió ningún archivo a ningún sistema externo en esta corrida: por política, el log detallado no se conserva en disco.
🤖 [Automático] Es hora de actualizar pagos. Arrancando...
[ACTUALIZAR PAGOS · AUTO] === Inicio de ejecución: pagos ===
[ACTUALIZAR PAGOS · AUTO] ▶ [LoginSemytPaso] Iniciando...
[ACTUALIZAR PAGOS · AUTO] ==================================================
[ACTUALIZAR PAGOS · AUTO] 🚀 PASO: LoginSemytPaso
[ACTUALIZAR PAGOS · AUTO] ==================================================
[ACTUALIZAR PAGOS · AUTO] Abriendo SEMyT...
[ACTUALIZAR PAGOS · AUTO] ✅ [SEMyT] Sesión existente detectada. Login omitido.
[ACTUALIZAR PAGOS · AUTO] ✅ LoginSemytPaso finalizado. (⏱ 4.4s)
[ACTUALIZAR PAGOS · AUTO] ✓ [LoginSemytPaso] Completado.
[ACTUALIZAR PAGOS · AUTO] ▶ [LoginJuzgadoPaso] Iniciando...
[ACTUALIZAR PAGOS · AUTO] ==================================================
[ACTUALIZAR PAGOS · AUTO] 🚀 PASO: LoginJuzgadoPaso
[ACTUALIZAR PAGOS · AUTO] ==================================================
[ACTUALIZAR PAGOS · AUTO] Abriendo sitio municipalidad (CiDi)...
[ACTUALIZAR PAGOS · AUTO] ✅ [Juzgado] Sesión existente detectada. Login omitido.
[ACTUALIZAR PAGOS · AUTO] ✅ LoginJuzgadoPaso finalizado. (⏱ 1.5s)
[ACTUALIZAR PAGOS · AUTO] ✓ [LoginJuzgadoPaso] Completado.
[ACTUALIZAR PAGOS · AUTO] ▶ [DescargasParalelasPaso] Iniciando...
[ACTUALIZAR PAGOS · AUTO] ==================================================
[ACTUALIZAR PAGOS · AUTO] 🚀 PASO: DescargasParalelasPaso
[ACTUALIZAR PAGOS · AUTO] ==================================================
[ACTUALIZAR PAGOS · AUTO] 📤 Arrancando las 3 descargas en paralelo (mismo browser, páginas separadas)...
[ACTUALIZAR PAGOS · AUTO] Fecha Desde: 27/06/2024
[ACTUALIZAR PAGOS · AUTO] Fecha Hasta: 24/11/2025
[ACTUALIZAR PAGOS · AUTO] Fecha Desde: 25/11/2025
[ACTUALIZAR PAGOS · AUTO] Fecha Hasta: 23/07/2026
[ACTUALIZAR PAGOS · AUTO] Descargando Excel...
[ACTUALIZAR PAGOS · AUTO] Descargando Excel...
⏳ [Automático] Tocaba disparar 'pagos' pero ya hay una ejecución en curso (Actualizar pagos); esperando a que termine; se reintenta en breve sin perder el turno.
[ACTUALIZAR PAGOS · AUTO] Archivo descargado en: backend/descargas/cache_actas_cruce/MULTAS_JUZGADO_CRUCE.xlsx
[ACTUALIZAR PAGOS · AUTO] ⏱ [actas_juzgado] completado en 19.2s
[ACTUALIZAR PAGOS · AUTO] Archivo descargado en: backend/descargas/cache_actas_cruce/MULTAS_SIGEMI_CRUCE.xlsx
[ACTUALIZAR PAGOS · AUTO] ⏱ [actas_sigemi] completado en 39.0s
[ACTUALIZAR PAGOS · AUTO] ✅ TXT de pagos descargado en: backend/descargas/pagos/2026-07-23/PAGOS DESCARGADOS.txt
[ACTUALIZAR PAGOS · AUTO] ⏱ [pagos_txt] completado en 39.1s
[ACTUALIZAR PAGOS · AUTO] ⏱ TOTAL descargas en paralelo: 39.1s
[ACTUALIZAR PAGOS · AUTO] ✅ DescargasParalelasPaso finalizado. (⏱ 40.5s)
[ACTUALIZAR PAGOS · AUTO] ✓ [DescargasParalelasPaso] Completado.
[ACTUALIZAR PAGOS · AUTO] ▶ [CompararActasPaso] Iniciando...
[ACTUALIZAR PAGOS · AUTO] ==================================================
[ACTUALIZAR PAGOS · AUTO] 🚀 PASO: CompararActasPaso
[ACTUALIZAR PAGOS · AUTO] ==================================================
[ACTUALIZAR PAGOS · AUTO] 🔍 Comparando actas del SEMyT contra pagos del Juzgado...
[ACTUALIZAR PAGOS · AUTO] ================================================================================
[ACTUALIZAR PAGOS · AUTO] INICIANDO PROCESO DE GENERACIÓN DE PAGOS DESACTUALIZADOS
[ACTUALIZAR PAGOS · AUTO] ================================================================================
[ACTUALIZAR PAGOS · AUTO] 📂 Cargando archivos...
[ACTUALIZAR PAGOS · AUTO]   ✓ Pagos: 16687 registros
[ACTUALIZAR PAGOS · AUTO]   ✓ Excel SIGEMI (multas vencidas viejas): 103667 registros
[ACTUALIZAR PAGOS · AUTO]   ✓ Excel Juzgado (multas vencidas nuevas): 40217 registros
[ACTUALIZAR PAGOS · AUTO] ================================================================================
[ACTUALIZAR PAGOS · AUTO] PASO 1: LLENANDO ACTA_NUMERO (búsqueda por patente + fecha, con desempate por hora)
[ACTUALIZAR PAGOS · AUTO] ================================================================================
[ACTUALIZAR PAGOS · AUTO] 📊 ESTADÍSTICAS DE LLENADO DE ACTAS:
[ACTUALIZAR PAGOS · AUTO]   • Pagos con acta ORIGINAL: 2782
[ACTUALIZAR PAGOS · AUTO]   • Pagos SIN acta (buscados): 13905
[ACTUALIZAR PAGOS · AUTO]   • Pagos LLENADOS exitosamente: 0
[ACTUALIZAR PAGOS · AUTO]   • Pagos NO encontrados en multas: 13905
[ACTUALIZAR PAGOS · AUTO]   • Pagos SIN RESOLVER por desbalance de cantidades: 0
[ACTUALIZAR PAGOS · AUTO] ================================================================================
[ACTUALIZAR PAGOS · AUTO] PASO 1: LLENANDO ACTA_NUMERO (búsqueda por patente + fecha, con desempate por hora)
[ACTUALIZAR PAGOS · AUTO] ================================================================================
[ACTUALIZAR PAGOS · AUTO] 📊 ESTADÍSTICAS DE LLENADO DE ACTAS:
[ACTUALIZAR PAGOS · AUTO]   • Pagos con acta ORIGINAL: 2782
[ACTUALIZAR PAGOS · AUTO]   • Pagos SIN acta (buscados): 13905
[ACTUALIZAR PAGOS · AUTO]   • Pagos LLENADOS exitosamente: 0
[ACTUALIZAR PAGOS · AUTO]   • Pagos NO encontrados en multas: 13905
[ACTUALIZAR PAGOS · AUTO]   • Pagos SIN RESOLVER por desbalance de cantidades: 0
[ACTUALIZAR PAGOS · AUTO] ⏱ PASO 1 (llenar actas): 17.0s
[ACTUALIZAR PAGOS · AUTO] ================================================================================
[ACTUALIZAR PAGOS · AUTO] PASO 2: FILTRANDO PAGOS CON ACTA_NUMERO COMPLETO
[ACTUALIZAR PAGOS · AUTO] ================================================================================
[ACTUALIZAR PAGOS · AUTO] 📊 ESTADÍSTICAS DE FILTRADO:
[ACTUALIZAR PAGOS · AUTO]   • Pagos TOTALES al inicio: 16687
[ACTUALIZAR PAGOS · AUTO]   • Pagos CON acta (MANTIENEN): 2782
[ACTUALIZAR PAGOS · AUTO]   • Pagos RECHAZADOS (sin coincidencias): 13905
[ACTUALIZAR PAGOS · AUTO] ⚠️  Se eliminaron 13905 registros sin número de acta
[ACTUALIZAR PAGOS · AUTO]      (recordá: esto incluye tanto pagos ya actualizados/pagados
[ACTUALIZAR PAGOS · AUTO]       como pagos que quedaron sin resolver por desbalance en el Paso 1)
[ACTUALIZAR PAGOS · AUTO] ================================================================================
[ACTUALIZAR PAGOS · AUTO] PASO 2-bis: CONFIRMANDO VIGENCIA DE PAGOS DEL SISTEMA NUEVO (contra MULTAS_JUZGADO_CRUCE)
[ACTUALIZAR PAGOS · AUTO] ================================================================================
[ACTUALIZAR PAGOS · AUTO]   ⚠ 2782 pago(s) del sistema nuevo descartados: su acta ya no figura como vencida en MULTAS_JUZGADO_CRUCE (SEMyT ya los actualizó).
[ACTUALIZAR PAGOS · AUTO]   • Pagos del sistema nuevo descartados por ya estar actualizados: 2782
[ACTUALIZAR PAGOS · AUTO] ⏱ PASO 2 (filtrar): 1.0s
[ACTUALIZAR PAGOS · AUTO] 📂 Cargando maestro de causas SIGEMI...
[ACTUALIZAR PAGOS · AUTO]   ✓ Causas totales (maestro): 134069 registros
[ACTUALIZAR PAGOS · AUTO] ⏱ PASO 2.5 (causas simplificado): 0.1s
[ACTUALIZAR PAGOS · AUTO] ================================================================================
[ACTUALIZAR PAGOS · AUTO] PASO 2.5: ARMANDO causas.txt SIMPLIFICADO (cruce contra total_causas_sigemi.txt)
[ACTUALIZAR PAGOS · AUTO] ================================================================================
[ACTUALIZAR PAGOS · AUTO]   • Actas vencidas viejas (multas): 103667
[ACTUALIZAR PAGOS · AUTO]   • Causas totales en el maestro SIGEMI: 134069
[ACTUALIZAR PAGOS · AUTO]   • Causas que coinciden (simplificado): 103337
[ACTUALIZAR PAGOS · AUTO]   ✅ Archivo escrito: backend/descargas/causas/causas.txt
[ACTUALIZAR PAGOS · AUTO] ⏱ PASO 2.5 (causas simplificado): 2.5s
[ACTUALIZAR PAGOS · AUTO] ⚠️  NO HAY PAGOS CON ACTA_NUMERO PARA PROCESAR
[ACTUALIZAR PAGOS · AUTO] Creando archivo vacío...
[ACTUALIZAR PAGOS · AUTO] ✅ TXT de pagos (ya cruzado con actas y causas) generado en: backend/descargas/pagos/2026-07-23/PAGOS 20260723 142538.txt
[ACTUALIZAR PAGOS · AUTO] 🧹 TXT de pagos crudo eliminado (ya usado en el cruce): backend/descargas/pagos/2026-07-23/PAGOS DESCARGADOS.txt
[ACTUALIZAR PAGOS · AUTO] 🧹 Excel MULTAS_SIGEMI_CRUCE eliminado (ya usado en el cruce): backend/descargas/cache_actas_cruce/MULTAS_SIGEMI_CRUCE.xlsx
[ACTUALIZAR PAGOS · AUTO] 🧹 Excel MULTAS_JUZGADO_CRUCE eliminado (ya usado en el cruce): backend/descargas/cache_actas_cruce/MULTAS_JUZGADO_CRUCE.xlsx
[ACTUALIZAR PAGOS · AUTO] ✅ CompararActasPaso finalizado. (⏱ 46.7s)
[ACTUALIZAR PAGOS · AUTO] ✓ [CompararActasPaso] Completado.
[ACTUALIZAR PAGOS · AUTO] ▶ [CargarPagosPaso] Iniciando...
[ACTUALIZAR PAGOS · AUTO] ==================================================
[ACTUALIZAR PAGOS · AUTO] 🚀 PASO: CargarPagosPaso
[ACTUALIZAR PAGOS · AUTO] ==================================================
[ACTUALIZAR PAGOS · AUTO] ℹ No se encontraron pagos para actualizar (el TXT final no tiene registros).
[ACTUALIZAR PAGOS · AUTO] 🧹 TXT de pagos sin registros eliminado (nada para subir): backend/descargas/pagos/2026-07-23/PAGOS 20260723 142538.txt
[ACTUALIZAR PAGOS · AUTO] ⏭ Se omite la carga al SEMyT.
[ACTUALIZAR PAGOS · AUTO] ✅ CargarPagosPaso finalizado. (⏱ 0.0s)
[ACTUALIZAR PAGOS · AUTO] ✓ [CargarPagosPaso] Completado.
[ACTUALIZAR PAGOS · AUTO] === Ejecución finalizada con éxito ===
[ACTUALIZAR PAGOS · AUTO] ℹ No se subió ningún archivo a ningún sistema externo en esta corrida: por política, el log detallado no se conserva en disco.
🤖 [Automático] Es hora de actualizar pagos. Arrancando...
[ACTUALIZAR PAGOS · AUTO] === Inicio de ejecución: pagos ===
[ACTUALIZAR PAGOS · AUTO] ▶ [LoginSemytPaso] Iniciando...
[ACTUALIZAR PAGOS · AUTO] ==================================================
[ACTUALIZAR PAGOS · AUTO] 🚀 PASO: LoginSemytPaso
[ACTUALIZAR PAGOS · AUTO] ==================================================
[ACTUALIZAR PAGOS · AUTO] Abriendo SEMyT...
[ACTUALIZAR PAGOS · AUTO] ✅ [SEMyT] Sesión existente detectada. Login omitido.
[ACTUALIZAR PAGOS · AUTO] ✅ LoginSemytPaso finalizado. (⏱ 4.1s)
[ACTUALIZAR PAGOS · AUTO] ✓ [LoginSemytPaso] Completado.
[ACTUALIZAR PAGOS · AUTO] ▶ [LoginJuzgadoPaso] Iniciando...
[ACTUALIZAR PAGOS · AUTO] ==================================================
[ACTUALIZAR PAGOS · AUTO] 🚀 PASO: LoginJuzgadoPaso
[ACTUALIZAR PAGOS · AUTO] ==================================================
[ACTUALIZAR PAGOS · AUTO] Abriendo sitio municipalidad (CiDi)...
[ACTUALIZAR PAGOS · AUTO] ✅ [Juzgado] Sesión existente detectada. Login omitido.
[ACTUALIZAR PAGOS · AUTO] ✅ LoginJuzgadoPaso finalizado. (⏱ 1.3s)
[ACTUALIZAR PAGOS · AUTO] ✓ [LoginJuzgadoPaso] Completado.
[ACTUALIZAR PAGOS · AUTO] ▶ [DescargasParalelasPaso] Iniciando...
[ACTUALIZAR PAGOS · AUTO] ==================================================
[ACTUALIZAR PAGOS · AUTO] 🚀 PASO: DescargasParalelasPaso
[ACTUALIZAR PAGOS · AUTO] ==================================================
[ACTUALIZAR PAGOS · AUTO] 📤 Arrancando las 3 descargas en paralelo (mismo browser, páginas separadas)...
[ACTUALIZAR PAGOS · AUTO] Fecha Desde: 27/06/2024
[ACTUALIZAR PAGOS · AUTO] Fecha Hasta: 24/11/2025
[ACTUALIZAR PAGOS · AUTO] Fecha Desde: 25/11/2025
[ACTUALIZAR PAGOS · AUTO] Fecha Hasta: 23/07/2026
[ACTUALIZAR PAGOS · AUTO] Descargando Excel...
[ACTUALIZAR PAGOS · AUTO] Descargando Excel...
⏳ [Automático] Tocaba disparar 'pagos' pero ya hay una ejecución en curso (Actualizar pagos); esperando a que termine; se reintenta en breve sin perder el turno.
[ACTUALIZAR PAGOS · AUTO] Archivo descargado en: backend/descargas/cache_actas_cruce/MULTAS_JUZGADO_CRUCE.xlsx
[ACTUALIZAR PAGOS · AUTO] ⏱ [actas_juzgado] completado en 18.5s
[ACTUALIZAR PAGOS · AUTO] Archivo descargado en: backend/descargas/cache_actas_cruce/MULTAS_SIGEMI_CRUCE.xlsx
[ACTUALIZAR PAGOS · AUTO] ⏱ [actas_sigemi] completado en 38.1s
[ACTUALIZAR PAGOS · AUTO] ✅ TXT de pagos descargado en: backend/descargas/pagos/2026-07-23/PAGOS DESCARGADOS.txt
[ACTUALIZAR PAGOS · AUTO] ⏱ [pagos_txt] completado en 38.2s
[ACTUALIZAR PAGOS · AUTO] ⏱ TOTAL descargas en paralelo: 38.2s
[ACTUALIZAR PAGOS · AUTO] ✅ DescargasParalelasPaso finalizado. (⏱ 39.8s)
[ACTUALIZAR PAGOS · AUTO] ✓ [DescargasParalelasPaso] Completado.
[ACTUALIZAR PAGOS · AUTO] ▶ [CompararActasPaso] Iniciando...
[ACTUALIZAR PAGOS · AUTO] ==================================================
[ACTUALIZAR PAGOS · AUTO] 🚀 PASO: CompararActasPaso
[ACTUALIZAR PAGOS · AUTO] ==================================================
[ACTUALIZAR PAGOS · AUTO] 🔍 Comparando actas del SEMyT contra pagos del Juzgado...
[ACTUALIZAR PAGOS · AUTO] ================================================================================
[ACTUALIZAR PAGOS · AUTO] INICIANDO PROCESO DE GENERACIÓN DE PAGOS DESACTUALIZADOS
[ACTUALIZAR PAGOS · AUTO] ================================================================================
[ACTUALIZAR PAGOS · AUTO] 📂 Cargando archivos...
[ACTUALIZAR PAGOS · AUTO]   ✓ Pagos: 16692 registros
[ACTUALIZAR PAGOS · AUTO]   ✓ Excel SIGEMI (multas vencidas viejas): 103667 registros
[ACTUALIZAR PAGOS · AUTO]   ✓ Excel Juzgado (multas vencidas nuevas): 40217 registros
[ACTUALIZAR PAGOS · AUTO] ================================================================================
[ACTUALIZAR PAGOS · AUTO] PASO 1: LLENANDO ACTA_NUMERO (búsqueda por patente + fecha, con desempate por hora)
[ACTUALIZAR PAGOS · AUTO] ================================================================================
[ACTUALIZAR PAGOS · AUTO] 📊 ESTADÍSTICAS DE LLENADO DE ACTAS:
[ACTUALIZAR PAGOS · AUTO]   • Pagos con acta ORIGINAL: 2786
[ACTUALIZAR PAGOS · AUTO]   • Pagos SIN acta (buscados): 13906
[ACTUALIZAR PAGOS · AUTO]   • Pagos LLENADOS exitosamente: 1
[ACTUALIZAR PAGOS · AUTO]   • Pagos NO encontrados en multas: 13905
[ACTUALIZAR PAGOS · AUTO]   • Pagos SIN RESOLVER por desbalance de cantidades: 0
[ACTUALIZAR PAGOS · AUTO] ================================================================================
[ACTUALIZAR PAGOS · AUTO] PASO 1: LLENANDO ACTA_NUMERO (búsqueda por patente + fecha, con desempate por hora)
[ACTUALIZAR PAGOS · AUTO] ================================================================================
[ACTUALIZAR PAGOS · AUTO] 📊 ESTADÍSTICAS DE LLENADO DE ACTAS:
[ACTUALIZAR PAGOS · AUTO]   • Pagos con acta ORIGINAL: 2787
[ACTUALIZAR PAGOS · AUTO]   • Pagos SIN acta (buscados): 13905
[ACTUALIZAR PAGOS · AUTO]   • Pagos LLENADOS exitosamente: 0
[ACTUALIZAR PAGOS · AUTO]   • Pagos NO encontrados en multas: 13905
[ACTUALIZAR PAGOS · AUTO]   • Pagos SIN RESOLVER por desbalance de cantidades: 0
[ACTUALIZAR PAGOS · AUTO] ⏱ PASO 1 (llenar actas): 17.3s
[ACTUALIZAR PAGOS · AUTO] ================================================================================
[ACTUALIZAR PAGOS · AUTO] PASO 2: FILTRANDO PAGOS CON ACTA_NUMERO COMPLETO
[ACTUALIZAR PAGOS · AUTO] ================================================================================
[ACTUALIZAR PAGOS · AUTO] 📊 ESTADÍSTICAS DE FILTRADO:
[ACTUALIZAR PAGOS · AUTO]   • Pagos TOTALES al inicio: 16692
[ACTUALIZAR PAGOS · AUTO]   • Pagos CON acta (MANTIENEN): 2787
[ACTUALIZAR PAGOS · AUTO]   • Pagos RECHAZADOS (sin coincidencias): 13905
[ACTUALIZAR PAGOS · AUTO] ⚠️  Se eliminaron 13905 registros sin número de acta
[ACTUALIZAR PAGOS · AUTO]      (recordá: esto incluye tanto pagos ya actualizados/pagados
[ACTUALIZAR PAGOS · AUTO]       como pagos que quedaron sin resolver por desbalance en el Paso 1)
[ACTUALIZAR PAGOS · AUTO] ================================================================================
[ACTUALIZAR PAGOS · AUTO] PASO 2-bis: CONFIRMANDO VIGENCIA DE PAGOS DEL SISTEMA NUEVO (contra MULTAS_JUZGADO_CRUCE)
[ACTUALIZAR PAGOS · AUTO] ================================================================================
[ACTUALIZAR PAGOS · AUTO]   ⚠ 2782 pago(s) del sistema nuevo descartados: su acta ya no figura como vencida en MULTAS_JUZGADO_CRUCE (SEMyT ya los actualizó).
[ACTUALIZAR PAGOS · AUTO]   • Pagos del sistema nuevo descartados por ya estar actualizados: 2782
[ACTUALIZAR PAGOS · AUTO] ⏱ PASO 2 (filtrar): 1.1s
[ACTUALIZAR PAGOS · AUTO] 📂 Cargando maestro de causas SIGEMI...
[ACTUALIZAR PAGOS · AUTO]   ✓ Causas totales (maestro): 134069 registros
[ACTUALIZAR PAGOS · AUTO] ⏱ PASO 2.5 (causas simplificado): 0.1s
[ACTUALIZAR PAGOS · AUTO] ================================================================================
[ACTUALIZAR PAGOS · AUTO] PASO 2.5: ARMANDO causas.txt SIMPLIFICADO (cruce contra total_causas_sigemi.txt)
[ACTUALIZAR PAGOS · AUTO] ================================================================================
[ACTUALIZAR PAGOS · AUTO]   • Actas vencidas viejas (multas): 103667
[ACTUALIZAR PAGOS · AUTO]   • Causas totales en el maestro SIGEMI: 134069
[ACTUALIZAR PAGOS · AUTO]   • Causas que coinciden (simplificado): 103337
[ACTUALIZAR PAGOS · AUTO]   ✅ Archivo escrito: backend/descargas/causas/causas.txt
[ACTUALIZAR PAGOS · AUTO] ⏱ PASO 2.5 (causas simplificado): 2.6s
[ACTUALIZAR PAGOS · AUTO] ================================================================================
[ACTUALIZAR PAGOS · AUTO] PASO 3: LLENANDO CAUSA_NUMERO (según fecha de cambio de sistema, cruzando por acta + año)
[ACTUALIZAR PAGOS · AUTO] ================================================================================
[ACTUALIZAR PAGOS · AUTO] 📊 ESTADÍSTICAS DE LLENADO DE CAUSAS:
[ACTUALIZAR PAGOS · AUTO]   • Pagos con causa ORIGINAL: 4
[ACTUALIZAR PAGOS · AUTO]   • Causas encontradas en SIGEMI (actas viejas): 1
[ACTUALIZAR PAGOS · AUTO]   • Causas NO encontradas en SIGEMI: 0
[ACTUALIZAR PAGOS · AUTO]   • Causas asignadas automáticamente (actas nuevas): 0
[ACTUALIZAR PAGOS · AUTO] ⏱ PASO 3 (llenar causas): 0.0s
[ACTUALIZAR PAGOS · AUTO] ================================================================================
[ACTUALIZAR PAGOS · AUTO] PASO 4: ORDENANDO POR FECHA Y ACTA_NUMERO
[ACTUALIZAR PAGOS · AUTO] ================================================================================
[ACTUALIZAR PAGOS · AUTO] ✓ Pagos ordenados correctamente
[ACTUALIZAR PAGOS · AUTO]   • Primera entrada: Acta=228292, Fecha=03/11/2025
[ACTUALIZAR PAGOS · AUTO]   • Última entrada: Acta=290670, Fecha=08/04/2026
[ACTUALIZAR PAGOS · AUTO] 📝 Escribiendo archivo de salida...
[ACTUALIZAR PAGOS · AUTO]   ✅ Archivo escrito: backend/descargas/pagos/2026-07-23/PAGOS 20260723 143714.txt
[ACTUALIZAR PAGOS · AUTO]   ✅ Total registros: 713
[ACTUALIZAR PAGOS · AUTO] ⏱ PASO 4 (ordenar y escribir): 0.0s
[ACTUALIZAR PAGOS · AUTO] ================================================================================
[ACTUALIZAR PAGOS · AUTO] ✅ PROCESO COMPLETADO EXITOSAMENTE
[ACTUALIZAR PAGOS · AUTO] ================================================================================
[ACTUALIZAR PAGOS · AUTO] 📊 RESUMEN FINAL DEL PROCESAMIENTO:
[ACTUALIZAR PAGOS · AUTO]   ENTRADA:
[ACTUALIZAR PAGOS · AUTO]     • Pagos originales: 16692
[ACTUALIZAR PAGOS · AUTO]     • Multas SIGEMI cargadas: 103667
[ACTUALIZAR PAGOS · AUTO]     • Multas Juzgado cargadas: 40217
[ACTUALIZAR PAGOS · AUTO]     • Causas simplificadas (usadas para el cruce): 103337
[ACTUALIZAR PAGOS · AUTO]   PROCESO:
[ACTUALIZAR PAGOS · AUTO]     • Pagos rechazados sigemi: 13905
[ACTUALIZAR PAGOS · AUTO]     • Pagos rechazados juzgado: 2782
[ACTUALIZAR PAGOS · AUTO]   SALIDA:
[ACTUALIZAR PAGOS · AUTO]     • Pagos desactualizados procesados: 5
[ACTUALIZAR PAGOS · AUTO]     • Archivo final: backend/descargas/pagos/2026-07-23/PAGOS 20260723 143714.txt
[ACTUALIZAR PAGOS · AUTO]     • Ordenados por fecha: SÍ ✓
[ACTUALIZAR PAGOS · AUTO]     • Todos con ACTA_NUMERO: SÍ ✓
[ACTUALIZAR PAGOS · AUTO]     • Todos con CAUSA_NUMERO: SÍ ✓
[ACTUALIZAR PAGOS · AUTO] ✅ TXT de pagos (ya cruzado con actas y causas) generado en: backend/descargas/pagos/2026-07-23/PAGOS 20260723 143714.txt
[ACTUALIZAR PAGOS · AUTO] 🧹 TXT de pagos crudo eliminado (ya usado en el cruce): backend/descargas/pagos/2026-07-23/PAGOS DESCARGADOS.txt
[ACTUALIZAR PAGOS · AUTO] 🧹 Excel MULTAS_SIGEMI_CRUCE eliminado (ya usado en el cruce): backend/descargas/cache_actas_cruce/MULTAS_SIGEMI_CRUCE.xlsx
[ACTUALIZAR PAGOS · AUTO] 🧹 Excel MULTAS_JUZGADO_CRUCE eliminado (ya usado en el cruce): backend/descargas/cache_actas_cruce/MULTAS_JUZGADO_CRUCE.xlsx
[ACTUALIZAR PAGOS · AUTO] ✅ CompararActasPaso finalizado. (⏱ 47.4s)
[ACTUALIZAR PAGOS · AUTO] ✓ [CompararActasPaso] Completado.
[ACTUALIZAR PAGOS · AUTO] ▶ [CargarPagosPaso] Iniciando...
[ACTUALIZAR PAGOS · AUTO] ==================================================
[ACTUALIZAR PAGOS · AUTO] 🚀 PASO: CargarPagosPaso
[ACTUALIZAR PAGOS · AUTO] ==================================================
[ACTUALIZAR PAGOS · AUTO] 📤 Subiendo TXT de pagos al SEMyT...
[ACTUALIZAR PAGOS · AUTO] ✅ Importación de pagos completada con éxito.
[ACTUALIZAR PAGOS · AUTO] ✅ Archivo TXT de pagos cargado en el SEMyT correctamente.
[ACTUALIZAR PAGOS · AUTO] ✅ CargarPagosPaso finalizado. (⏱ 3.6s)
[ACTUALIZAR PAGOS · AUTO] ✓ [CargarPagosPaso] Completado.
[ACTUALIZAR PAGOS · AUTO] === Ejecución finalizada con éxito ===
🤖 [Automático] Es hora de actualizar pagos. Arrancando...
[ACTUALIZAR PAGOS · AUTO] === Inicio de ejecución: pagos ===
[ACTUALIZAR PAGOS · AUTO] ▶ [LoginSemytPaso] Iniciando...
[ACTUALIZAR PAGOS · AUTO] ==================================================
[ACTUALIZAR PAGOS · AUTO] 🚀 PASO: LoginSemytPaso
[ACTUALIZAR PAGOS · AUTO] ==================================================
[ACTUALIZAR PAGOS · AUTO] Abriendo SEMyT...
[ACTUALIZAR PAGOS · AUTO] ✅ [SEMyT] Sesión existente detectada. Login omitido.
[ACTUALIZAR PAGOS · AUTO] ✅ LoginSemytPaso finalizado. (⏱ 4.5s)
[ACTUALIZAR PAGOS · AUTO] ✓ [LoginSemytPaso] Completado.
[ACTUALIZAR PAGOS · AUTO] ▶ [LoginJuzgadoPaso] Iniciando...
[ACTUALIZAR PAGOS · AUTO] ==================================================
[ACTUALIZAR PAGOS · AUTO] 🚀 PASO: LoginJuzgadoPaso
[ACTUALIZAR PAGOS · AUTO] ==================================================
[ACTUALIZAR PAGOS · AUTO] Abriendo sitio municipalidad (CiDi)...
[ACTUALIZAR PAGOS · AUTO] ✅ [Juzgado] Sesión existente detectada. Login omitido.
[ACTUALIZAR PAGOS · AUTO] ✅ LoginJuzgadoPaso finalizado. (⏱ 1.2s)
[ACTUALIZAR PAGOS · AUTO] ✓ [LoginJuzgadoPaso] Completado.
[ACTUALIZAR PAGOS · AUTO] ▶ [DescargasParalelasPaso] Iniciando...
[ACTUALIZAR PAGOS · AUTO] ==================================================
[ACTUALIZAR PAGOS · AUTO] 🚀 PASO: DescargasParalelasPaso
[ACTUALIZAR PAGOS · AUTO] ==================================================
[ACTUALIZAR PAGOS · AUTO] 📤 Arrancando las 3 descargas en paralelo (mismo browser, páginas separadas)...
[ACTUALIZAR PAGOS · AUTO] Fecha Desde: 27/06/2024
[ACTUALIZAR PAGOS · AUTO] Fecha Hasta: 24/11/2025
[ACTUALIZAR PAGOS · AUTO] Fecha Desde: 25/11/2025
[ACTUALIZAR PAGOS · AUTO] Fecha Hasta: 23/07/2026
[ACTUALIZAR PAGOS · AUTO] Descargando Excel...
[ACTUALIZAR PAGOS · AUTO] Descargando Excel...
⏳ [Automático] Tocaba disparar 'pagos' pero ya hay una ejecución en curso (Actualizar pagos); esperando a que termine; se reintenta en breve sin perder el turno.
[ACTUALIZAR PAGOS · AUTO] Archivo descargado en: backend/descargas/cache_actas_cruce/MULTAS_JUZGADO_CRUCE.xlsx
[ACTUALIZAR PAGOS · AUTO] ⏱ [actas_juzgado] completado en 19.0s
[ACTUALIZAR PAGOS · AUTO] Archivo descargado en: backend/descargas/cache_actas_cruce/MULTAS_SIGEMI_CRUCE.xlsx
[ACTUALIZAR PAGOS · AUTO] ⏱ [actas_sigemi] completado en 39.4s
[ACTUALIZAR PAGOS · AUTO] ✅ TXT de pagos descargado en: backend/descargas/pagos/2026-07-23/PAGOS DESCARGADOS.txt
[ACTUALIZAR PAGOS · AUTO] ⏱ [pagos_txt] completado en 39.5s
[ACTUALIZAR PAGOS · AUTO] ⏱ TOTAL descargas en paralelo: 39.5s
[ACTUALIZAR PAGOS · AUTO] ✅ DescargasParalelasPaso finalizado. (⏱ 40.8s)
[ACTUALIZAR PAGOS · AUTO] ✓ [DescargasParalelasPaso] Completado.
[ACTUALIZAR PAGOS · AUTO] ▶ [CompararActasPaso] Iniciando...
[ACTUALIZAR PAGOS · AUTO] ==================================================
[ACTUALIZAR PAGOS · AUTO] 🚀 PASO: CompararActasPaso
[ACTUALIZAR PAGOS · AUTO] ==================================================
[ACTUALIZAR PAGOS · AUTO] 🔍 Comparando actas del SEMyT contra pagos del Juzgado...
[ACTUALIZAR PAGOS · AUTO] ================================================================================
[ACTUALIZAR PAGOS · AUTO] INICIANDO PROCESO DE GENERACIÓN DE PAGOS DESACTUALIZADOS
[ACTUALIZAR PAGOS · AUTO] ================================================================================
[ACTUALIZAR PAGOS · AUTO] 📂 Cargando archivos...
[ACTUALIZAR PAGOS · AUTO]   ✓ Pagos: 16698 registros
[ACTUALIZAR PAGOS · AUTO]   ✓ Excel SIGEMI (multas vencidas viejas): 103666 registros
[ACTUALIZAR PAGOS · AUTO]   ✓ Excel Juzgado (multas vencidas nuevas): 40213 registros
[ACTUALIZAR PAGOS · AUTO] ================================================================================
[ACTUALIZAR PAGOS · AUTO] PASO 1: LLENANDO ACTA_NUMERO (búsqueda por patente + fecha, con desempate por hora)
[ACTUALIZAR PAGOS · AUTO] ================================================================================
[ACTUALIZAR PAGOS · AUTO] 📊 ESTADÍSTICAS DE LLENADO DE ACTAS:
[ACTUALIZAR PAGOS · AUTO]   • Pagos con acta ORIGINAL: 2792
[ACTUALIZAR PAGOS · AUTO]   • Pagos SIN acta (buscados): 13906
[ACTUALIZAR PAGOS · AUTO]   • Pagos LLENADOS exitosamente: 0
[ACTUALIZAR PAGOS · AUTO]   • Pagos NO encontrados en multas: 13906
[ACTUALIZAR PAGOS · AUTO]   • Pagos SIN RESOLVER por desbalance de cantidades: 0
[ACTUALIZAR PAGOS · AUTO] ================================================================================
[ACTUALIZAR PAGOS · AUTO] PASO 1: LLENANDO ACTA_NUMERO (búsqueda por patente + fecha, con desempate por hora)
[ACTUALIZAR PAGOS · AUTO] ================================================================================
[ACTUALIZAR PAGOS · AUTO] 📊 ESTADÍSTICAS DE LLENADO DE ACTAS:
[ACTUALIZAR PAGOS · AUTO]   • Pagos con acta ORIGINAL: 2792
[ACTUALIZAR PAGOS · AUTO]   • Pagos SIN acta (buscados): 13906
[ACTUALIZAR PAGOS · AUTO]   • Pagos LLENADOS exitosamente: 0
[ACTUALIZAR PAGOS · AUTO]   • Pagos NO encontrados en multas: 13906
[ACTUALIZAR PAGOS · AUTO]   • Pagos SIN RESOLVER por desbalance de cantidades: 0
[ACTUALIZAR PAGOS · AUTO] ⏱ PASO 1 (llenar actas): 16.6s
[ACTUALIZAR PAGOS · AUTO] ================================================================================
[ACTUALIZAR PAGOS · AUTO] PASO 2: FILTRANDO PAGOS CON ACTA_NUMERO COMPLETO
[ACTUALIZAR PAGOS · AUTO] ================================================================================
[ACTUALIZAR PAGOS · AUTO] 📊 ESTADÍSTICAS DE FILTRADO:
[ACTUALIZAR PAGOS · AUTO]   • Pagos TOTALES al inicio: 16698
[ACTUALIZAR PAGOS · AUTO]   • Pagos CON acta (MANTIENEN): 2792
[ACTUALIZAR PAGOS · AUTO]   • Pagos RECHAZADOS (sin coincidencias): 13906
[ACTUALIZAR PAGOS · AUTO] ⚠️  Se eliminaron 13906 registros sin número de acta
[ACTUALIZAR PAGOS · AUTO]      (recordá: esto incluye tanto pagos ya actualizados/pagados
[ACTUALIZAR PAGOS · AUTO]       como pagos que quedaron sin resolver por desbalance en el Paso 1)
[ACTUALIZAR PAGOS · AUTO] ================================================================================
[ACTUALIZAR PAGOS · AUTO] PASO 2-bis: CONFIRMANDO VIGENCIA DE PAGOS DEL SISTEMA NUEVO (contra MULTAS_JUZGADO_CRUCE)
[ACTUALIZAR PAGOS · AUTO] ================================================================================
[ACTUALIZAR PAGOS · AUTO]   ⚠ 2786 pago(s) del sistema nuevo descartados: su acta ya no figura como vencida en MULTAS_JUZGADO_CRUCE (SEMyT ya los actualizó).
[ACTUALIZAR PAGOS · AUTO]   • Pagos del sistema nuevo descartados por ya estar actualizados: 2786
[ACTUALIZAR PAGOS · AUTO] ⏱ PASO 2 (filtrar): 1.1s
[ACTUALIZAR PAGOS · AUTO] 📂 Cargando maestro de causas SIGEMI...
[ACTUALIZAR PAGOS · AUTO]   ✓ Causas totales (maestro): 134069 registros
[ACTUALIZAR PAGOS · AUTO] ⏱ PASO 2.5 (causas simplificado): 0.2s
[ACTUALIZAR PAGOS · AUTO] ================================================================================
[ACTUALIZAR PAGOS · AUTO] PASO 2.5: ARMANDO causas.txt SIMPLIFICADO (cruce contra total_causas_sigemi.txt)
[ACTUALIZAR PAGOS · AUTO] ================================================================================
[ACTUALIZAR PAGOS · AUTO]   • Actas vencidas viejas (multas): 103666
[ACTUALIZAR PAGOS · AUTO]   • Causas totales en el maestro SIGEMI: 134069
[ACTUALIZAR PAGOS · AUTO]   • Causas que coinciden (simplificado): 103336
[ACTUALIZAR PAGOS · AUTO]   ✅ Archivo escrito: backend/descargas/causas/causas.txt
[ACTUALIZAR PAGOS · AUTO] ⏱ PASO 2.5 (causas simplificado): 2.9s
[ACTUALIZAR PAGOS · AUTO] ================================================================================
[ACTUALIZAR PAGOS · AUTO] PASO 3: LLENANDO CAUSA_NUMERO (según fecha de cambio de sistema, cruzando por acta + año)
[ACTUALIZAR PAGOS · AUTO] ================================================================================
[ACTUALIZAR PAGOS · AUTO] 📊 ESTADÍSTICAS DE LLENADO DE CAUSAS:
[ACTUALIZAR PAGOS · AUTO]   • Pagos con causa ORIGINAL: 6
[ACTUALIZAR PAGOS · AUTO]   • Causas encontradas en SIGEMI (actas viejas): 0
[ACTUALIZAR PAGOS · AUTO]   • Causas NO encontradas en SIGEMI: 0
[ACTUALIZAR PAGOS · AUTO]   • Causas asignadas automáticamente (actas nuevas): 0
[ACTUALIZAR PAGOS · AUTO] ⏱ PASO 3 (llenar causas): 0.0s
[ACTUALIZAR PAGOS · AUTO] ================================================================================
[ACTUALIZAR PAGOS · AUTO] PASO 4: ORDENANDO POR FECHA Y ACTA_NUMERO
[ACTUALIZAR PAGOS · AUTO] ================================================================================
[ACTUALIZAR PAGOS · AUTO] ✓ Pagos ordenados correctamente
[ACTUALIZAR PAGOS · AUTO]   • Primera entrada: Acta=245645, Fecha=12/12/2025
[ACTUALIZAR PAGOS · AUTO]   • Última entrada: Acta=304474, Fecha=29/04/2026
[ACTUALIZAR PAGOS · AUTO] 📝 Escribiendo archivo de salida...
[ACTUALIZAR PAGOS · AUTO]   ✅ Archivo escrito: backend/descargas/pagos/2026-07-23/PAGOS 20260723 144907.txt
[ACTUALIZAR PAGOS · AUTO]   ✅ Total registros: 776
[ACTUALIZAR PAGOS · AUTO] ⏱ PASO 4 (ordenar y escribir): 0.0s
[ACTUALIZAR PAGOS · AUTO] ================================================================================
[ACTUALIZAR PAGOS · AUTO] ✅ PROCESO COMPLETADO EXITOSAMENTE
[ACTUALIZAR PAGOS · AUTO] ================================================================================
[ACTUALIZAR PAGOS · AUTO] 📊 RESUMEN FINAL DEL PROCESAMIENTO:
[ACTUALIZAR PAGOS · AUTO]   ENTRADA:
[ACTUALIZAR PAGOS · AUTO]     • Pagos originales: 16698
[ACTUALIZAR PAGOS · AUTO]     • Multas SIGEMI cargadas: 103666
[ACTUALIZAR PAGOS · AUTO]     • Multas Juzgado cargadas: 40213
[ACTUALIZAR PAGOS · AUTO]     • Causas simplificadas (usadas para el cruce): 103336
[ACTUALIZAR PAGOS · AUTO]   PROCESO:
[ACTUALIZAR PAGOS · AUTO]     • Pagos rechazados sigemi: 13906
[ACTUALIZAR PAGOS · AUTO]     • Pagos rechazados juzgado: 2786
[ACTUALIZAR PAGOS · AUTO]   SALIDA:
[ACTUALIZAR PAGOS · AUTO]     • Pagos desactualizados procesados: 6
[ACTUALIZAR PAGOS · AUTO]     • Archivo final: backend/descargas/pagos/2026-07-23/PAGOS 20260723 144907.txt
[ACTUALIZAR PAGOS · AUTO]     • Ordenados por fecha: SÍ ✓
[ACTUALIZAR PAGOS · AUTO]     • Todos con ACTA_NUMERO: SÍ ✓
[ACTUALIZAR PAGOS · AUTO]     • Todos con CAUSA_NUMERO: SÍ ✓
[ACTUALIZAR PAGOS · AUTO] ✅ TXT de pagos (ya cruzado con actas y causas) generado en: backend/descargas/pagos/2026-07-23/PAGOS 20260723 144907.txt
[ACTUALIZAR PAGOS · AUTO] 🧹 TXT de pagos crudo eliminado (ya usado en el cruce): backend/descargas/pagos/2026-07-23/PAGOS DESCARGADOS.txt
[ACTUALIZAR PAGOS · AUTO] 🧹 Excel MULTAS_SIGEMI_CRUCE eliminado (ya usado en el cruce): backend/descargas/cache_actas_cruce/MULTAS_SIGEMI_CRUCE.xlsx
[ACTUALIZAR PAGOS · AUTO] 🧹 Excel MULTAS_JUZGADO_CRUCE eliminado (ya usado en el cruce): backend/descargas/cache_actas_cruce/MULTAS_JUZGADO_CRUCE.xlsx
[ACTUALIZAR PAGOS · AUTO] ✅ CompararActasPaso finalizado. (⏱ 47.6s)
[ACTUALIZAR PAGOS · AUTO] ✓ [CompararActasPaso] Completado.
[ACTUALIZAR PAGOS · AUTO] ▶ [CargarPagosPaso] Iniciando...
[ACTUALIZAR PAGOS · AUTO] ==================================================
[ACTUALIZAR PAGOS · AUTO] 🚀 PASO: CargarPagosPaso
[ACTUALIZAR PAGOS · AUTO] ==================================================
[ACTUALIZAR PAGOS · AUTO] 📤 Subiendo TXT de pagos al SEMyT...
[ACTUALIZAR PAGOS · AUTO] ✅ Importación de pagos completada con éxito.
[ACTUALIZAR PAGOS · AUTO] ✅ Archivo TXT de pagos cargado en el SEMyT correctamente.
[ACTUALIZAR PAGOS · AUTO] ✅ CargarPagosPaso finalizado. (⏱ 3.5s)
[ACTUALIZAR PAGOS · AUTO] ✓ [CargarPagosPaso] Completado.
[ACTUALIZAR PAGOS · AUTO] === Ejecución finalizada con éxito ===
🤖 [Automático] Es hora de actualizar pagos. Arrancando...
[ACTUALIZAR PAGOS · AUTO] === Inicio de ejecución: pagos ===
[ACTUALIZAR PAGOS · AUTO] ▶ [LoginSemytPaso] Iniciando...
[ACTUALIZAR PAGOS · AUTO] ==================================================
[ACTUALIZAR PAGOS · AUTO] 🚀 PASO: LoginSemytPaso
[ACTUALIZAR PAGOS · AUTO] ==================================================
[ACTUALIZAR PAGOS · AUTO] Abriendo SEMyT...
[ACTUALIZAR PAGOS · AUTO] ✅ [SEMyT] Sesión existente detectada. Login omitido.
[ACTUALIZAR PAGOS · AUTO] ✅ LoginSemytPaso finalizado. (⏱ 3.8s)
[ACTUALIZAR PAGOS · AUTO] ✓ [LoginSemytPaso] Completado.
[ACTUALIZAR PAGOS · AUTO] ▶ [LoginJuzgadoPaso] Iniciando...
[ACTUALIZAR PAGOS · AUTO] ==================================================
[ACTUALIZAR PAGOS · AUTO] 🚀 PASO: LoginJuzgadoPaso
[ACTUALIZAR PAGOS · AUTO] ==================================================
[ACTUALIZAR PAGOS · AUTO] Abriendo sitio municipalidad (CiDi)...
[ACTUALIZAR PAGOS · AUTO] ✅ [Juzgado] Sesión existente detectada. Login omitido.
[ACTUALIZAR PAGOS · AUTO] ✅ LoginJuzgadoPaso finalizado. (⏱ 1.3s)
[ACTUALIZAR PAGOS · AUTO] ✓ [LoginJuzgadoPaso] Completado.
[ACTUALIZAR PAGOS · AUTO] ▶ [DescargasParalelasPaso] Iniciando...
[ACTUALIZAR PAGOS · AUTO] ==================================================
[ACTUALIZAR PAGOS · AUTO] 🚀 PASO: DescargasParalelasPaso
[ACTUALIZAR PAGOS · AUTO] ==================================================
[ACTUALIZAR PAGOS · AUTO] 📤 Arrancando las 3 descargas en paralelo (mismo browser, páginas separadas)...
[ACTUALIZAR PAGOS · AUTO] Fecha Desde: 27/06/2024
[ACTUALIZAR PAGOS · AUTO] Fecha Hasta: 24/11/2025
[ACTUALIZAR PAGOS · AUTO] Fecha Desde: 25/11/2025
[ACTUALIZAR PAGOS · AUTO] Fecha Hasta: 23/07/2026
[ACTUALIZAR PAGOS · AUTO] Descargando Excel...
[ACTUALIZAR PAGOS · AUTO] Descargando Excel...
⏳ [Automático] Tocaba disparar 'pagos' pero ya hay una ejecución en curso (Actualizar pagos); esperando a que termine; se reintenta en breve sin perder el turno.
[ACTUALIZAR PAGOS · AUTO] Archivo descargado en: backend/descargas/cache_actas_cruce/MULTAS_JUZGADO_CRUCE.xlsx
[ACTUALIZAR PAGOS · AUTO] ⏱ [actas_juzgado] completado en 19.8s
[ACTUALIZAR PAGOS · AUTO] Archivo descargado en: backend/descargas/cache_actas_cruce/MULTAS_SIGEMI_CRUCE.xlsx
[ACTUALIZAR PAGOS · AUTO] ⏱ [actas_sigemi] completado en 42.1s
[ACTUALIZAR PAGOS · AUTO] ✅ TXT de pagos descargado en: backend/descargas/pagos/2026-07-23/PAGOS DESCARGADOS.txt
[ACTUALIZAR PAGOS · AUTO] ⏱ [pagos_txt] completado en 42.2s
[ACTUALIZAR PAGOS · AUTO] ⏱ TOTAL descargas en paralelo: 42.2s
[ACTUALIZAR PAGOS · AUTO] ✅ DescargasParalelasPaso finalizado. (⏱ 43.7s)
[ACTUALIZAR PAGOS · AUTO] ✓ [DescargasParalelasPaso] Completado.
[ACTUALIZAR PAGOS · AUTO] ▶ [CompararActasPaso] Iniciando...
[ACTUALIZAR PAGOS · AUTO] ==================================================
[ACTUALIZAR PAGOS · AUTO] 🚀 PASO: CompararActasPaso
[ACTUALIZAR PAGOS · AUTO] ==================================================
[ACTUALIZAR PAGOS · AUTO] 🔍 Comparando actas del SEMyT contra pagos del Juzgado...
[ACTUALIZAR PAGOS · AUTO] ================================================================================
[ACTUALIZAR PAGOS · AUTO] INICIANDO PROCESO DE GENERACIÓN DE PAGOS DESACTUALIZADOS
[ACTUALIZAR PAGOS · AUTO] ================================================================================
[ACTUALIZAR PAGOS · AUTO] 📂 Cargando archivos...
[ACTUALIZAR PAGOS · AUTO]   ✓ Pagos: 16700 registros
[ACTUALIZAR PAGOS · AUTO]   ✓ Excel SIGEMI (multas vencidas viejas): 103666 registros
[ACTUALIZAR PAGOS · AUTO]   ✓ Excel Juzgado (multas vencidas nuevas): 40207 registros
[ACTUALIZAR PAGOS · AUTO] ================================================================================
[ACTUALIZAR PAGOS · AUTO] PASO 1: LLENANDO ACTA_NUMERO (búsqueda por patente + fecha, con desempate por hora)
[ACTUALIZAR PAGOS · AUTO] ================================================================================
[ACTUALIZAR PAGOS · AUTO] 📊 ESTADÍSTICAS DE LLENADO DE ACTAS:
[ACTUALIZAR PAGOS · AUTO]   • Pagos con acta ORIGINAL: 2793
[ACTUALIZAR PAGOS · AUTO]   • Pagos SIN acta (buscados): 13907
[ACTUALIZAR PAGOS · AUTO]   • Pagos LLENADOS exitosamente: 1
[ACTUALIZAR PAGOS · AUTO]   • Pagos NO encontrados en multas: 13906
[ACTUALIZAR PAGOS · AUTO]   • Pagos SIN RESOLVER por desbalance de cantidades: 0
[ACTUALIZAR PAGOS · AUTO] ================================================================================
[ACTUALIZAR PAGOS · AUTO] PASO 1: LLENANDO ACTA_NUMERO (búsqueda por patente + fecha, con desempate por hora)
[ACTUALIZAR PAGOS · AUTO] ================================================================================
[ACTUALIZAR PAGOS · AUTO] 📊 ESTADÍSTICAS DE LLENADO DE ACTAS:
[ACTUALIZAR PAGOS · AUTO]   • Pagos con acta ORIGINAL: 2794
[ACTUALIZAR PAGOS · AUTO]   • Pagos SIN acta (buscados): 13906
[ACTUALIZAR PAGOS · AUTO]   • Pagos LLENADOS exitosamente: 0
[ACTUALIZAR PAGOS · AUTO]   • Pagos NO encontrados en multas: 13906
[ACTUALIZAR PAGOS · AUTO]   • Pagos SIN RESOLVER por desbalance de cantidades: 0
[ACTUALIZAR PAGOS · AUTO] ⏱ PASO 1 (llenar actas): 17.3s
[ACTUALIZAR PAGOS · AUTO] ================================================================================
[ACTUALIZAR PAGOS · AUTO] PASO 2: FILTRANDO PAGOS CON ACTA_NUMERO COMPLETO
[ACTUALIZAR PAGOS · AUTO] ================================================================================
[ACTUALIZAR PAGOS · AUTO] 📊 ESTADÍSTICAS DE FILTRADO:
[ACTUALIZAR PAGOS · AUTO]   • Pagos TOTALES al inicio: 16700
[ACTUALIZAR PAGOS · AUTO]   • Pagos CON acta (MANTIENEN): 2794
[ACTUALIZAR PAGOS · AUTO]   • Pagos RECHAZADOS (sin coincidencias): 13906
[ACTUALIZAR PAGOS · AUTO] ⚠️  Se eliminaron 13906 registros sin número de acta
[ACTUALIZAR PAGOS · AUTO]      (recordá: esto incluye tanto pagos ya actualizados/pagados
[ACTUALIZAR PAGOS · AUTO]       como pagos que quedaron sin resolver por desbalance en el Paso 1)
[ACTUALIZAR PAGOS · AUTO] ================================================================================
[ACTUALIZAR PAGOS · AUTO] PASO 2-bis: CONFIRMANDO VIGENCIA DE PAGOS DEL SISTEMA NUEVO (contra MULTAS_JUZGADO_CRUCE)
[ACTUALIZAR PAGOS · AUTO] ================================================================================
[ACTUALIZAR PAGOS · AUTO]   ⚠ 2792 pago(s) del sistema nuevo descartados: su acta ya no figura como vencida en MULTAS_JUZGADO_CRUCE (SEMyT ya los actualizó).
[ACTUALIZAR PAGOS · AUTO]   • Pagos del sistema nuevo descartados por ya estar actualizados: 2792
[ACTUALIZAR PAGOS · AUTO] ⏱ PASO 2 (filtrar): 1.0s
[ACTUALIZAR PAGOS · AUTO] 📂 Cargando maestro de causas SIGEMI...
[ACTUALIZAR PAGOS · AUTO]   ✓ Causas totales (maestro): 134069 registros
[ACTUALIZAR PAGOS · AUTO] ⏱ PASO 2.5 (causas simplificado): 0.1s
[ACTUALIZAR PAGOS · AUTO] ================================================================================
[ACTUALIZAR PAGOS · AUTO] PASO 2.5: ARMANDO causas.txt SIMPLIFICADO (cruce contra total_causas_sigemi.txt)
[ACTUALIZAR PAGOS · AUTO] ================================================================================
[ACTUALIZAR PAGOS · AUTO]   • Actas vencidas viejas (multas): 103666
[ACTUALIZAR PAGOS · AUTO]   • Causas totales en el maestro SIGEMI: 134069
[ACTUALIZAR PAGOS · AUTO]   • Causas que coinciden (simplificado): 103336
[ACTUALIZAR PAGOS · AUTO]   ✅ Archivo escrito: backend/descargas/causas/causas.txt
[ACTUALIZAR PAGOS · AUTO] ⏱ PASO 2.5 (causas simplificado): 2.6s
[ACTUALIZAR PAGOS · AUTO] ================================================================================
[ACTUALIZAR PAGOS · AUTO] PASO 3: LLENANDO CAUSA_NUMERO (según fecha de cambio de sistema, cruzando por acta + año)
[ACTUALIZAR PAGOS · AUTO] ================================================================================
[ACTUALIZAR PAGOS · AUTO] 📊 ESTADÍSTICAS DE LLENADO DE CAUSAS:
[ACTUALIZAR PAGOS · AUTO]   • Pagos con causa ORIGINAL: 1
[ACTUALIZAR PAGOS · AUTO]   • Causas encontradas en SIGEMI (actas viejas): 1
[ACTUALIZAR PAGOS · AUTO]   • Causas NO encontradas en SIGEMI: 0
[ACTUALIZAR PAGOS · AUTO]   • Causas asignadas automáticamente (actas nuevas): 0
[ACTUALIZAR PAGOS · AUTO] ⏱ PASO 3 (llenar causas): 0.0s
[ACTUALIZAR PAGOS · AUTO] ================================================================================
[ACTUALIZAR PAGOS · AUTO] PASO 4: ORDENANDO POR FECHA Y ACTA_NUMERO
[ACTUALIZAR PAGOS · AUTO] ================================================================================
[ACTUALIZAR PAGOS · AUTO] ✓ Pagos ordenados correctamente
[ACTUALIZAR PAGOS · AUTO]   • Primera entrada: Acta=152041, Fecha=20/05/2025
[ACTUALIZAR PAGOS · AUTO]   • Última entrada: Acta=268417, Fecha=19/02/2026
[ACTUALIZAR PAGOS · AUTO] 📝 Escribiendo archivo de salida...
[ACTUALIZAR PAGOS · AUTO]   ✅ Archivo escrito: backend/descargas/pagos/2026-07-23/PAGOS 20260723 150102.txt
[ACTUALIZAR PAGOS · AUTO]   ✅ Total registros: 370
[ACTUALIZAR PAGOS · AUTO] ⏱ PASO 4 (ordenar y escribir): 0.0s
[ACTUALIZAR PAGOS · AUTO] ================================================================================
[ACTUALIZAR PAGOS · AUTO] ✅ PROCESO COMPLETADO EXITOSAMENTE
[ACTUALIZAR PAGOS · AUTO] ================================================================================
[ACTUALIZAR PAGOS · AUTO] 📊 RESUMEN FINAL DEL PROCESAMIENTO:
[ACTUALIZAR PAGOS · AUTO]   ENTRADA:
[ACTUALIZAR PAGOS · AUTO]     • Pagos originales: 16700
[ACTUALIZAR PAGOS · AUTO]     • Multas SIGEMI cargadas: 103666
[ACTUALIZAR PAGOS · AUTO]     • Multas Juzgado cargadas: 40207
[ACTUALIZAR PAGOS · AUTO]     • Causas simplificadas (usadas para el cruce): 103336
[ACTUALIZAR PAGOS · AUTO]   PROCESO:
[ACTUALIZAR PAGOS · AUTO]     • Pagos rechazados sigemi: 13906
[ACTUALIZAR PAGOS · AUTO]     • Pagos rechazados juzgado: 2792
[ACTUALIZAR PAGOS · AUTO]   SALIDA:
[ACTUALIZAR PAGOS · AUTO]     • Pagos desactualizados procesados: 2
[ACTUALIZAR PAGOS · AUTO]     • Archivo final: backend/descargas/pagos/2026-07-23/PAGOS 20260723 150102.txt
[ACTUALIZAR PAGOS · AUTO]     • Ordenados por fecha: SÍ ✓
[ACTUALIZAR PAGOS · AUTO]     • Todos con ACTA_NUMERO: SÍ ✓
[ACTUALIZAR PAGOS · AUTO]     • Todos con CAUSA_NUMERO: SÍ ✓
[ACTUALIZAR PAGOS · AUTO] ✅ TXT de pagos (ya cruzado con actas y causas) generado en: backend/descargas/pagos/2026-07-23/PAGOS 20260723 150102.txt
[ACTUALIZAR PAGOS · AUTO] 🧹 TXT de pagos crudo eliminado (ya usado en el cruce): backend/descargas/pagos/2026-07-23/PAGOS DESCARGADOS.txt
[ACTUALIZAR PAGOS · AUTO] 🧹 Excel MULTAS_SIGEMI_CRUCE eliminado (ya usado en el cruce): backend/descargas/cache_actas_cruce/MULTAS_SIGEMI_CRUCE.xlsx
[ACTUALIZAR PAGOS · AUTO] 🧹 Excel MULTAS_JUZGADO_CRUCE eliminado (ya usado en el cruce): backend/descargas/cache_actas_cruce/MULTAS_JUZGADO_CRUCE.xlsx
[ACTUALIZAR PAGOS · AUTO] ✅ CompararActasPaso finalizado. (⏱ 47.0s)
[ACTUALIZAR PAGOS · AUTO] ✓ [CompararActasPaso] Completado.
[ACTUALIZAR PAGOS · AUTO] ▶ [CargarPagosPaso] Iniciando...
[ACTUALIZAR PAGOS · AUTO] ==================================================
[ACTUALIZAR PAGOS · AUTO] 🚀 PASO: CargarPagosPaso
[ACTUALIZAR PAGOS · AUTO] ==================================================
[ACTUALIZAR PAGOS · AUTO] 📤 Subiendo TXT de pagos al SEMyT...
[ACTUALIZAR PAGOS · AUTO] ✅ Importación de pagos completada con éxito.
[ACTUALIZAR PAGOS · AUTO] ✅ Archivo TXT de pagos cargado en el SEMyT correctamente.
[ACTUALIZAR PAGOS · AUTO] ✅ CargarPagosPaso finalizado. (⏱ 3.3s)
[ACTUALIZAR PAGOS · AUTO] ✓ [CargarPagosPaso] Completado.
[ACTUALIZAR PAGOS · AUTO] === Ejecución finalizada con éxito ===
🤖 [Automático] Es hora de actualizar pagos. Arrancando...
[ACTUALIZAR PAGOS · AUTO] === Inicio de ejecución: pagos ===
[ACTUALIZAR PAGOS · AUTO] ▶ [LoginSemytPaso] Iniciando...
[ACTUALIZAR PAGOS · AUTO] ==================================================
[ACTUALIZAR PAGOS · AUTO] 🚀 PASO: LoginSemytPaso
[ACTUALIZAR PAGOS · AUTO] ==================================================
[ACTUALIZAR PAGOS · AUTO] Abriendo SEMyT...
[ACTUALIZAR PAGOS · AUTO] ✅ [SEMyT] Sesión existente detectada. Login omitido.
[ACTUALIZAR PAGOS · AUTO] ✅ LoginSemytPaso finalizado. (⏱ 3.9s)
[ACTUALIZAR PAGOS · AUTO] ✓ [LoginSemytPaso] Completado.
[ACTUALIZAR PAGOS · AUTO] ▶ [LoginJuzgadoPaso] Iniciando...
[ACTUALIZAR PAGOS · AUTO] ==================================================
[ACTUALIZAR PAGOS · AUTO] 🚀 PASO: LoginJuzgadoPaso
[ACTUALIZAR PAGOS · AUTO] ==================================================
[ACTUALIZAR PAGOS · AUTO] Abriendo sitio municipalidad (CiDi)...
[ACTUALIZAR PAGOS · AUTO] ✅ [Juzgado] Sesión existente detectada. Login omitido.
[ACTUALIZAR PAGOS · AUTO] ✅ LoginJuzgadoPaso finalizado. (⏱ 1.3s)
[ACTUALIZAR PAGOS · AUTO] ✓ [LoginJuzgadoPaso] Completado.
[ACTUALIZAR PAGOS · AUTO] ▶ [DescargasParalelasPaso] Iniciando...
[ACTUALIZAR PAGOS · AUTO] ==================================================
[ACTUALIZAR PAGOS · AUTO] 🚀 PASO: DescargasParalelasPaso
[ACTUALIZAR PAGOS · AUTO] ==================================================
[ACTUALIZAR PAGOS · AUTO] 📤 Arrancando las 3 descargas en paralelo (mismo browser, páginas separadas)...
[ACTUALIZAR PAGOS · AUTO] Fecha Desde: 27/06/2024
[ACTUALIZAR PAGOS · AUTO] Fecha Hasta: 24/11/2025
[ACTUALIZAR PAGOS · AUTO] Fecha Desde: 25/11/2025
[ACTUALIZAR PAGOS · AUTO] Fecha Hasta: 23/07/2026
[ACTUALIZAR PAGOS · AUTO] Descargando Excel...
[ACTUALIZAR PAGOS · AUTO] Descargando Excel...
⏳ [Automático] Tocaba disparar 'pagos' pero ya hay una ejecución en curso (Actualizar pagos); esperando a que termine; se reintenta en breve sin perder el turno.
[ACTUALIZAR PAGOS · AUTO] Archivo descargado en: backend/descargas/cache_actas_cruce/MULTAS_JUZGADO_CRUCE.xlsx
[ACTUALIZAR PAGOS · AUTO] ⏱ [actas_juzgado] completado en 18.2s
[ACTUALIZAR PAGOS · AUTO] Archivo descargado en: backend/descargas/cache_actas_cruce/MULTAS_SIGEMI_CRUCE.xlsx
[ACTUALIZAR PAGOS · AUTO] ⏱ [actas_sigemi] completado en 38.7s
[ACTUALIZAR PAGOS · AUTO] ✅ TXT de pagos descargado en: backend/descargas/pagos/2026-07-23/PAGOS DESCARGADOS.txt
[ACTUALIZAR PAGOS · AUTO] ⏱ [pagos_txt] completado en 38.8s
[ACTUALIZAR PAGOS · AUTO] ⏱ TOTAL descargas en paralelo: 38.8s
[ACTUALIZAR PAGOS · AUTO] ✅ DescargasParalelasPaso finalizado. (⏱ 40.4s)
[ACTUALIZAR PAGOS · AUTO] ✓ [DescargasParalelasPaso] Completado.
[ACTUALIZAR PAGOS · AUTO] ▶ [CompararActasPaso] Iniciando...
[ACTUALIZAR PAGOS · AUTO] ==================================================
[ACTUALIZAR PAGOS · AUTO] 🚀 PASO: CompararActasPaso
[ACTUALIZAR PAGOS · AUTO] ==================================================
[ACTUALIZAR PAGOS · AUTO] 🔍 Comparando actas del SEMyT contra pagos del Juzgado...
[ACTUALIZAR PAGOS · AUTO] ================================================================================
[ACTUALIZAR PAGOS · AUTO] INICIANDO PROCESO DE GENERACIÓN DE PAGOS DESACTUALIZADOS
[ACTUALIZAR PAGOS · AUTO] ================================================================================
[ACTUALIZAR PAGOS · AUTO] 📂 Cargando archivos...
[ACTUALIZAR PAGOS · AUTO]   ✓ Pagos: 16703 registros
[ACTUALIZAR PAGOS · AUTO]   ✓ Excel SIGEMI (multas vencidas viejas): 103665 registros
[ACTUALIZAR PAGOS · AUTO]   ✓ Excel Juzgado (multas vencidas nuevas): 40206 registros
[ACTUALIZAR PAGOS · AUTO] ================================================================================
[ACTUALIZAR PAGOS · AUTO] PASO 1: LLENANDO ACTA_NUMERO (búsqueda por patente + fecha, con desempate por hora)
[ACTUALIZAR PAGOS · AUTO] ================================================================================
[ACTUALIZAR PAGOS · AUTO] 📊 ESTADÍSTICAS DE LLENADO DE ACTAS:
[ACTUALIZAR PAGOS · AUTO]   • Pagos con acta ORIGINAL: 2796
[ACTUALIZAR PAGOS · AUTO]   • Pagos SIN acta (buscados): 13907
[ACTUALIZAR PAGOS · AUTO]   • Pagos LLENADOS exitosamente: 0
[ACTUALIZAR PAGOS · AUTO]   • Pagos NO encontrados en multas: 13907
[ACTUALIZAR PAGOS · AUTO]   • Pagos SIN RESOLVER por desbalance de cantidades: 0
[ACTUALIZAR PAGOS · AUTO] ================================================================================
[ACTUALIZAR PAGOS · AUTO] PASO 1: LLENANDO ACTA_NUMERO (búsqueda por patente + fecha, con desempate por hora)
[ACTUALIZAR PAGOS · AUTO] ================================================================================
[ACTUALIZAR PAGOS · AUTO] 📊 ESTADÍSTICAS DE LLENADO DE ACTAS:
[ACTUALIZAR PAGOS · AUTO]   • Pagos con acta ORIGINAL: 2796
[ACTUALIZAR PAGOS · AUTO]   • Pagos SIN acta (buscados): 13907
[ACTUALIZAR PAGOS · AUTO]   • Pagos LLENADOS exitosamente: 0
[ACTUALIZAR PAGOS · AUTO]   • Pagos NO encontrados en multas: 13907
[ACTUALIZAR PAGOS · AUTO]   • Pagos SIN RESOLVER por desbalance de cantidades: 0
[ACTUALIZAR PAGOS · AUTO] ⏱ PASO 1 (llenar actas): 17.4s
[ACTUALIZAR PAGOS · AUTO] ================================================================================
[ACTUALIZAR PAGOS · AUTO] PASO 2: FILTRANDO PAGOS CON ACTA_NUMERO COMPLETO
[ACTUALIZAR PAGOS · AUTO] ================================================================================
[ACTUALIZAR PAGOS · AUTO] 📊 ESTADÍSTICAS DE FILTRADO:
[ACTUALIZAR PAGOS · AUTO]   • Pagos TOTALES al inicio: 16703
[ACTUALIZAR PAGOS · AUTO]   • Pagos CON acta (MANTIENEN): 2796
[ACTUALIZAR PAGOS · AUTO]   • Pagos RECHAZADOS (sin coincidencias): 13907
[ACTUALIZAR PAGOS · AUTO] ⚠️  Se eliminaron 13907 registros sin número de acta
[ACTUALIZAR PAGOS · AUTO]      (recordá: esto incluye tanto pagos ya actualizados/pagados
[ACTUALIZAR PAGOS · AUTO]       como pagos que quedaron sin resolver por desbalance en el Paso 1)
[ACTUALIZAR PAGOS · AUTO] ================================================================================
[ACTUALIZAR PAGOS · AUTO] PASO 2-bis: CONFIRMANDO VIGENCIA DE PAGOS DEL SISTEMA NUEVO (contra MULTAS_JUZGADO_CRUCE)
[ACTUALIZAR PAGOS · AUTO] ================================================================================
[ACTUALIZAR PAGOS · AUTO]   ⚠ 2793 pago(s) del sistema nuevo descartados: su acta ya no figura como vencida en MULTAS_JUZGADO_CRUCE (SEMyT ya los actualizó).
[ACTUALIZAR PAGOS · AUTO]   • Pagos del sistema nuevo descartados por ya estar actualizados: 2793
[ACTUALIZAR PAGOS · AUTO] ⏱ PASO 2 (filtrar): 1.1s
[ACTUALIZAR PAGOS · AUTO] 📂 Cargando maestro de causas SIGEMI...
[ACTUALIZAR PAGOS · AUTO]   ✓ Causas totales (maestro): 134069 registros
[ACTUALIZAR PAGOS · AUTO] ⏱ PASO 2.5 (causas simplificado): 0.2s
[ACTUALIZAR PAGOS · AUTO] ================================================================================
[ACTUALIZAR PAGOS · AUTO] PASO 2.5: ARMANDO causas.txt SIMPLIFICADO (cruce contra total_causas_sigemi.txt)
[ACTUALIZAR PAGOS · AUTO] ================================================================================
[ACTUALIZAR PAGOS · AUTO]   • Actas vencidas viejas (multas): 103665
[ACTUALIZAR PAGOS · AUTO]   • Causas totales en el maestro SIGEMI: 134069
[ACTUALIZAR PAGOS · AUTO]   • Causas que coinciden (simplificado): 103335
[ACTUALIZAR PAGOS · AUTO]   ✅ Archivo escrito: backend/descargas/causas/causas.txt
[ACTUALIZAR PAGOS · AUTO] ⏱ PASO 2.5 (causas simplificado): 2.5s
[ACTUALIZAR PAGOS · AUTO] ================================================================================
[ACTUALIZAR PAGOS · AUTO] PASO 3: LLENANDO CAUSA_NUMERO (según fecha de cambio de sistema, cruzando por acta + año)
[ACTUALIZAR PAGOS · AUTO] ================================================================================
[ACTUALIZAR PAGOS · AUTO] 📊 ESTADÍSTICAS DE LLENADO DE CAUSAS:
[ACTUALIZAR PAGOS · AUTO]   • Pagos con causa ORIGINAL: 3
[ACTUALIZAR PAGOS · AUTO]   • Causas encontradas en SIGEMI (actas viejas): 0
[ACTUALIZAR PAGOS · AUTO]   • Causas NO encontradas en SIGEMI: 0
[ACTUALIZAR PAGOS · AUTO]   • Causas asignadas automáticamente (actas nuevas): 0
[ACTUALIZAR PAGOS · AUTO] ⏱ PASO 3 (llenar causas): 0.0s
[ACTUALIZAR PAGOS · AUTO] ================================================================================
[ACTUALIZAR PAGOS · AUTO] PASO 4: ORDENANDO POR FECHA Y ACTA_NUMERO
[ACTUALIZAR PAGOS · AUTO] ================================================================================
[ACTUALIZAR PAGOS · AUTO] ✓ Pagos ordenados correctamente
[ACTUALIZAR PAGOS · AUTO]   • Primera entrada: Acta=259245, Fecha=23/01/2026
[ACTUALIZAR PAGOS · AUTO]   • Última entrada: Acta=312480, Fecha=13/05/2026
[ACTUALIZAR PAGOS · AUTO] 📝 Escribiendo archivo de salida...
[ACTUALIZAR PAGOS · AUTO]   ✅ Archivo escrito: backend/descargas/pagos/2026-07-23/PAGOS 20260723 151251.txt
[ACTUALIZAR PAGOS · AUTO]   ✅ Total registros: 477
[ACTUALIZAR PAGOS · AUTO] ⏱ PASO 4 (ordenar y escribir): 0.0s
[ACTUALIZAR PAGOS · AUTO] ================================================================================
[ACTUALIZAR PAGOS · AUTO] ✅ PROCESO COMPLETADO EXITOSAMENTE
[ACTUALIZAR PAGOS · AUTO] ================================================================================
[ACTUALIZAR PAGOS · AUTO] 📊 RESUMEN FINAL DEL PROCESAMIENTO:
[ACTUALIZAR PAGOS · AUTO]   ENTRADA:
[ACTUALIZAR PAGOS · AUTO]     • Pagos originales: 16703
[ACTUALIZAR PAGOS · AUTO]     • Multas SIGEMI cargadas: 103665
[ACTUALIZAR PAGOS · AUTO]     • Multas Juzgado cargadas: 40206
[ACTUALIZAR PAGOS · AUTO]     • Causas simplificadas (usadas para el cruce): 103335
[ACTUALIZAR PAGOS · AUTO]   PROCESO:
[ACTUALIZAR PAGOS · AUTO]     • Pagos rechazados sigemi: 13907
[ACTUALIZAR PAGOS · AUTO]     • Pagos rechazados juzgado: 2793
[ACTUALIZAR PAGOS · AUTO]   SALIDA:
[ACTUALIZAR PAGOS · AUTO]     • Pagos desactualizados procesados: 3
[ACTUALIZAR PAGOS · AUTO]     • Archivo final: backend/descargas/pagos/2026-07-23/PAGOS 20260723 151251.txt
[ACTUALIZAR PAGOS · AUTO]     • Ordenados por fecha: SÍ ✓
[ACTUALIZAR PAGOS · AUTO]     • Todos con ACTA_NUMERO: SÍ ✓
[ACTUALIZAR PAGOS · AUTO]     • Todos con CAUSA_NUMERO: SÍ ✓
[ACTUALIZAR PAGOS · AUTO] ✅ TXT de pagos (ya cruzado con actas y causas) generado en: backend/descargas/pagos/2026-07-23/PAGOS 20260723 151251.txt
[ACTUALIZAR PAGOS · AUTO] 🧹 TXT de pagos crudo eliminado (ya usado en el cruce): backend/descargas/pagos/2026-07-23/PAGOS DESCARGADOS.txt
[ACTUALIZAR PAGOS · AUTO] 🧹 Excel MULTAS_SIGEMI_CRUCE eliminado (ya usado en el cruce): backend/descargas/cache_actas_cruce/MULTAS_SIGEMI_CRUCE.xlsx
[ACTUALIZAR PAGOS · AUTO] 🧹 Excel MULTAS_JUZGADO_CRUCE eliminado (ya usado en el cruce): backend/descargas/cache_actas_cruce/MULTAS_JUZGADO_CRUCE.xlsx
[ACTUALIZAR PAGOS · AUTO] ✅ CompararActasPaso finalizado. (⏱ 47.7s)
[ACTUALIZAR PAGOS · AUTO] ✓ [CompararActasPaso] Completado.
[ACTUALIZAR PAGOS · AUTO] ▶ [CargarPagosPaso] Iniciando...
[ACTUALIZAR PAGOS · AUTO] ==================================================
[ACTUALIZAR PAGOS · AUTO] 🚀 PASO: CargarPagosPaso
[ACTUALIZAR PAGOS · AUTO] ==================================================
[ACTUALIZAR PAGOS · AUTO] 📤 Subiendo TXT de pagos al SEMyT...
[ACTUALIZAR PAGOS · AUTO] ✅ Importación de pagos completada con éxito.
[ACTUALIZAR PAGOS · AUTO] ✅ Archivo TXT de pagos cargado en el SEMyT correctamente.
[ACTUALIZAR PAGOS · AUTO] ✅ CargarPagosPaso finalizado. (⏱ 3.2s)
[ACTUALIZAR PAGOS · AUTO] ✓ [CargarPagosPaso] Completado.
[ACTUALIZAR PAGOS · AUTO] === Ejecución finalizada con éxito ===
🤖 [Automático] Es hora de actualizar pagos. Arrancando...
[ACTUALIZAR PAGOS · AUTO] === Inicio de ejecución: pagos ===
[ACTUALIZAR PAGOS · AUTO] ▶ [LoginSemytPaso] Iniciando...
[ACTUALIZAR PAGOS · AUTO] ==================================================
[ACTUALIZAR PAGOS · AUTO] 🚀 PASO: LoginSemytPaso
[ACTUALIZAR PAGOS · AUTO] ==================================================
[ACTUALIZAR PAGOS · AUTO] Abriendo SEMyT...
[ACTUALIZAR PAGOS · AUTO] ✅ [SEMyT] Sesión existente detectada. Login omitido.
[ACTUALIZAR PAGOS · AUTO] ✅ LoginSemytPaso finalizado. (⏱ 4.4s)
[ACTUALIZAR PAGOS · AUTO] ✓ [LoginSemytPaso] Completado.
[ACTUALIZAR PAGOS · AUTO] ▶ [LoginJuzgadoPaso] Iniciando...
[ACTUALIZAR PAGOS · AUTO] ==================================================
[ACTUALIZAR PAGOS · AUTO] 🚀 PASO: LoginJuzgadoPaso
[ACTUALIZAR PAGOS · AUTO] ==================================================
[ACTUALIZAR PAGOS · AUTO] Abriendo sitio municipalidad (CiDi)...
[ACTUALIZAR PAGOS · AUTO] ✅ [Juzgado] Sesión existente detectada. Login omitido.
[ACTUALIZAR PAGOS · AUTO] ✅ LoginJuzgadoPaso finalizado. (⏱ 1.3s)
[ACTUALIZAR PAGOS · AUTO] ✓ [LoginJuzgadoPaso] Completado.
[ACTUALIZAR PAGOS · AUTO] ▶ [DescargasParalelasPaso] Iniciando...
[ACTUALIZAR PAGOS · AUTO] ==================================================
[ACTUALIZAR PAGOS · AUTO] 🚀 PASO: DescargasParalelasPaso
[ACTUALIZAR PAGOS · AUTO] ==================================================
[ACTUALIZAR PAGOS · AUTO] 📤 Arrancando las 3 descargas en paralelo (mismo browser, páginas separadas)...
[ACTUALIZAR PAGOS · AUTO] Fecha Desde: 27/06/2024
[ACTUALIZAR PAGOS · AUTO] Fecha Hasta: 24/11/2025
[ACTUALIZAR PAGOS · AUTO] Fecha Desde: 25/11/2025
[ACTUALIZAR PAGOS · AUTO] Fecha Hasta: 23/07/2026
[ACTUALIZAR PAGOS · AUTO] Descargando Excel...
[ACTUALIZAR PAGOS · AUTO] Descargando Excel...
⏳ [Automático] Tocaba disparar 'pagos' pero ya hay una ejecución en curso (Actualizar pagos); esperando a que termine; se reintenta en breve sin perder el turno.
[ACTUALIZAR PAGOS · AUTO] Archivo descargado en: backend/descargas/cache_actas_cruce/MULTAS_JUZGADO_CRUCE.xlsx
[ACTUALIZAR PAGOS · AUTO] ⏱ [actas_juzgado] completado en 18.5s
[ACTUALIZAR PAGOS · AUTO] Archivo descargado en: backend/descargas/cache_actas_cruce/MULTAS_SIGEMI_CRUCE.xlsx
[ACTUALIZAR PAGOS · AUTO] ⏱ [actas_sigemi] completado en 40.5s
[ACTUALIZAR PAGOS · AUTO] ✅ TXT de pagos descargado en: backend/descargas/pagos/2026-07-23/PAGOS DESCARGADOS.txt
[ACTUALIZAR PAGOS · AUTO] ⏱ [pagos_txt] completado en 40.6s
[ACTUALIZAR PAGOS · AUTO] ⏱ TOTAL descargas en paralelo: 40.6s
[ACTUALIZAR PAGOS · AUTO] ✅ DescargasParalelasPaso finalizado. (⏱ 42.2s)
[ACTUALIZAR PAGOS · AUTO] ✓ [DescargasParalelasPaso] Completado.
[ACTUALIZAR PAGOS · AUTO] ▶ [CompararActasPaso] Iniciando...
[ACTUALIZAR PAGOS · AUTO] ==================================================
[ACTUALIZAR PAGOS · AUTO] 🚀 PASO: CompararActasPaso
[ACTUALIZAR PAGOS · AUTO] ==================================================
[ACTUALIZAR PAGOS · AUTO] 🔍 Comparando actas del SEMyT contra pagos del Juzgado...
[ACTUALIZAR PAGOS · AUTO] ================================================================================
[ACTUALIZAR PAGOS · AUTO] INICIANDO PROCESO DE GENERACIÓN DE PAGOS DESACTUALIZADOS
[ACTUALIZAR PAGOS · AUTO] ================================================================================
[ACTUALIZAR PAGOS · AUTO] 📂 Cargando archivos...
[ACTUALIZAR PAGOS · AUTO]   ✓ Pagos: 16705 registros
[ACTUALIZAR PAGOS · AUTO]   ✓ Excel SIGEMI (multas vencidas viejas): 103665 registros
[ACTUALIZAR PAGOS · AUTO]   ✓ Excel Juzgado (multas vencidas nuevas): 40203 registros
[ACTUALIZAR PAGOS · AUTO] ================================================================================
[ACTUALIZAR PAGOS · AUTO] PASO 1: LLENANDO ACTA_NUMERO (búsqueda por patente + fecha, con desempate por hora)
[ACTUALIZAR PAGOS · AUTO] ================================================================================
[ACTUALIZAR PAGOS · AUTO] 📊 ESTADÍSTICAS DE LLENADO DE ACTAS:
[ACTUALIZAR PAGOS · AUTO]   • Pagos con acta ORIGINAL: 2797
[ACTUALIZAR PAGOS · AUTO]   • Pagos SIN acta (buscados): 13908
[ACTUALIZAR PAGOS · AUTO]   • Pagos LLENADOS exitosamente: 1
[ACTUALIZAR PAGOS · AUTO]   • Pagos NO encontrados en multas: 13907
[ACTUALIZAR PAGOS · AUTO]   • Pagos SIN RESOLVER por desbalance de cantidades: 0
[ACTUALIZAR PAGOS · AUTO] ================================================================================
[ACTUALIZAR PAGOS · AUTO] PASO 1: LLENANDO ACTA_NUMERO (búsqueda por patente + fecha, con desempate por hora)
[ACTUALIZAR PAGOS · AUTO] ================================================================================
[ACTUALIZAR PAGOS · AUTO] 📊 ESTADÍSTICAS DE LLENADO DE ACTAS:
[ACTUALIZAR PAGOS · AUTO]   • Pagos con acta ORIGINAL: 2798
[ACTUALIZAR PAGOS · AUTO]   • Pagos SIN acta (buscados): 13907
[ACTUALIZAR PAGOS · AUTO]   • Pagos LLENADOS exitosamente: 0
[ACTUALIZAR PAGOS · AUTO]   • Pagos NO encontrados en multas: 13907
[ACTUALIZAR PAGOS · AUTO]   • Pagos SIN RESOLVER por desbalance de cantidades: 0
[ACTUALIZAR PAGOS · AUTO] ⏱ PASO 1 (llenar actas): 16.5s
[ACTUALIZAR PAGOS · AUTO] ================================================================================
[ACTUALIZAR PAGOS · AUTO] PASO 2: FILTRANDO PAGOS CON ACTA_NUMERO COMPLETO
[ACTUALIZAR PAGOS · AUTO] ================================================================================
[ACTUALIZAR PAGOS · AUTO] 📊 ESTADÍSTICAS DE FILTRADO:
[ACTUALIZAR PAGOS · AUTO]   • Pagos TOTALES al inicio: 16705
[ACTUALIZAR PAGOS · AUTO]   • Pagos CON acta (MANTIENEN): 2798
[ACTUALIZAR PAGOS · AUTO]   • Pagos RECHAZADOS (sin coincidencias): 13907
[ACTUALIZAR PAGOS · AUTO] ⚠️  Se eliminaron 13907 registros sin número de acta
[ACTUALIZAR PAGOS · AUTO]      (recordá: esto incluye tanto pagos ya actualizados/pagados
[ACTUALIZAR PAGOS · AUTO]       como pagos que quedaron sin resolver por desbalance en el Paso 1)
[ACTUALIZAR PAGOS · AUTO] ================================================================================
[ACTUALIZAR PAGOS · AUTO] PASO 2-bis: CONFIRMANDO VIGENCIA DE PAGOS DEL SISTEMA NUEVO (contra MULTAS_JUZGADO_CRUCE)
[ACTUALIZAR PAGOS · AUTO] ================================================================================
[ACTUALIZAR PAGOS · AUTO]   ⚠ 2796 pago(s) del sistema nuevo descartados: su acta ya no figura como vencida en MULTAS_JUZGADO_CRUCE (SEMyT ya los actualizó).
[ACTUALIZAR PAGOS · AUTO]   • Pagos del sistema nuevo descartados por ya estar actualizados: 2796
[ACTUALIZAR PAGOS · AUTO] ⏱ PASO 2 (filtrar): 1.1s
[ACTUALIZAR PAGOS · AUTO] 📂 Cargando maestro de causas SIGEMI...
[ACTUALIZAR PAGOS · AUTO]   ✓ Causas totales (maestro): 134069 registros
[ACTUALIZAR PAGOS · AUTO] ⏱ PASO 2.5 (causas simplificado): 0.2s
[ACTUALIZAR PAGOS · AUTO] ================================================================================
[ACTUALIZAR PAGOS · AUTO] PASO 2.5: ARMANDO causas.txt SIMPLIFICADO (cruce contra total_causas_sigemi.txt)
[ACTUALIZAR PAGOS · AUTO] ================================================================================
[ACTUALIZAR PAGOS · AUTO]   • Actas vencidas viejas (multas): 103665
[ACTUALIZAR PAGOS · AUTO]   • Causas totales en el maestro SIGEMI: 134069
[ACTUALIZAR PAGOS · AUTO]   • Causas que coinciden (simplificado): 103335
[ACTUALIZAR PAGOS · AUTO]   ✅ Archivo escrito: backend/descargas/causas/causas.txt
[ACTUALIZAR PAGOS · AUTO] ⏱ PASO 2.5 (causas simplificado): 2.4s
[ACTUALIZAR PAGOS · AUTO] ================================================================================
[ACTUALIZAR PAGOS · AUTO] PASO 3: LLENANDO CAUSA_NUMERO (según fecha de cambio de sistema, cruzando por acta + año)
[ACTUALIZAR PAGOS · AUTO] ================================================================================
[ACTUALIZAR PAGOS · AUTO] 📊 ESTADÍSTICAS DE LLENADO DE CAUSAS:
[ACTUALIZAR PAGOS · AUTO]   • Pagos con causa ORIGINAL: 1
[ACTUALIZAR PAGOS · AUTO]   • Causas encontradas en SIGEMI (actas viejas): 1
[ACTUALIZAR PAGOS · AUTO]   • Causas NO encontradas en SIGEMI: 0
[ACTUALIZAR PAGOS · AUTO]   • Causas asignadas automáticamente (actas nuevas): 0
[ACTUALIZAR PAGOS · AUTO] ⏱ PASO 3 (llenar causas): 0.0s
[ACTUALIZAR PAGOS · AUTO] ================================================================================
[ACTUALIZAR PAGOS · AUTO] PASO 4: ORDENANDO POR FECHA Y ACTA_NUMERO
[ACTUALIZAR PAGOS · AUTO] ================================================================================
[ACTUALIZAR PAGOS · AUTO] ✓ Pagos ordenados correctamente
[ACTUALIZAR PAGOS · AUTO]   • Primera entrada: Acta=223299, Fecha=22/10/2025
[ACTUALIZAR PAGOS · AUTO]   • Última entrada: Acta=263883, Fecha=09/02/2026
[ACTUALIZAR PAGOS · AUTO] 📝 Escribiendo archivo de salida...
[ACTUALIZAR PAGOS · AUTO]   ✅ Archivo escrito: backend/descargas/pagos/2026-07-23/PAGOS 20260723 152446.txt
[ACTUALIZAR PAGOS · AUTO]   ✅ Total registros: 362
[ACTUALIZAR PAGOS · AUTO] ⏱ PASO 4 (ordenar y escribir): 0.0s
[ACTUALIZAR PAGOS · AUTO] ================================================================================
[ACTUALIZAR PAGOS · AUTO] ✅ PROCESO COMPLETADO EXITOSAMENTE
[ACTUALIZAR PAGOS · AUTO] ================================================================================
[ACTUALIZAR PAGOS · AUTO] 📊 RESUMEN FINAL DEL PROCESAMIENTO:
[ACTUALIZAR PAGOS · AUTO]   ENTRADA:
[ACTUALIZAR PAGOS · AUTO]     • Pagos originales: 16705
[ACTUALIZAR PAGOS · AUTO]     • Multas SIGEMI cargadas: 103665
[ACTUALIZAR PAGOS · AUTO]     • Multas Juzgado cargadas: 40203
[ACTUALIZAR PAGOS · AUTO]     • Causas simplificadas (usadas para el cruce): 103335
[ACTUALIZAR PAGOS · AUTO]   PROCESO:
[ACTUALIZAR PAGOS · AUTO]     • Pagos rechazados sigemi: 13907
[ACTUALIZAR PAGOS · AUTO]     • Pagos rechazados juzgado: 2796
[ACTUALIZAR PAGOS · AUTO]   SALIDA:
[ACTUALIZAR PAGOS · AUTO]     • Pagos desactualizados procesados: 2
[ACTUALIZAR PAGOS · AUTO]     • Archivo final: backend/descargas/pagos/2026-07-23/PAGOS 20260723 152446.txt
[ACTUALIZAR PAGOS · AUTO]     • Ordenados por fecha: SÍ ✓
[ACTUALIZAR PAGOS · AUTO]     • Todos con ACTA_NUMERO: SÍ ✓
[ACTUALIZAR PAGOS · AUTO]     • Todos con CAUSA_NUMERO: SÍ ✓
[ACTUALIZAR PAGOS · AUTO] ✅ TXT de pagos (ya cruzado con actas y causas) generado en: backend/descargas/pagos/2026-07-23/PAGOS 20260723 152446.txt
[ACTUALIZAR PAGOS · AUTO] 🧹 TXT de pagos crudo eliminado (ya usado en el cruce): backend/descargas/pagos/2026-07-23/PAGOS DESCARGADOS.txt
[ACTUALIZAR PAGOS · AUTO] 🧹 Excel MULTAS_SIGEMI_CRUCE eliminado (ya usado en el cruce): backend/descargas/cache_actas_cruce/MULTAS_SIGEMI_CRUCE.xlsx
[ACTUALIZAR PAGOS · AUTO] 🧹 Excel MULTAS_JUZGADO_CRUCE eliminado (ya usado en el cruce): backend/descargas/cache_actas_cruce/MULTAS_JUZGADO_CRUCE.xlsx
[ACTUALIZAR PAGOS · AUTO] ✅ CompararActasPaso finalizado. (⏱ 46.3s)
[ACTUALIZAR PAGOS · AUTO] ✓ [CompararActasPaso] Completado.
[ACTUALIZAR PAGOS · AUTO] ▶ [CargarPagosPaso] Iniciando...
[ACTUALIZAR PAGOS · AUTO] ==================================================
[ACTUALIZAR PAGOS · AUTO] 🚀 PASO: CargarPagosPaso
[ACTUALIZAR PAGOS · AUTO] ==================================================
[ACTUALIZAR PAGOS · AUTO] 📤 Subiendo TXT de pagos al SEMyT...
[ACTUALIZAR PAGOS · AUTO] ✅ Importación de pagos completada con éxito.
[ACTUALIZAR PAGOS · AUTO] ✅ Archivo TXT de pagos cargado en el SEMyT correctamente.
[ACTUALIZAR PAGOS · AUTO] ✅ CargarPagosPaso finalizado. (⏱ 3.1s)
[ACTUALIZAR PAGOS · AUTO] ✓ [CargarPagosPaso] Completado.
[ACTUALIZAR PAGOS · AUTO] === Ejecución finalizada con éxito ===
🤖 [Automático] Es hora de actualizar pagos. Arrancando...
[ACTUALIZAR PAGOS · AUTO] === Inicio de ejecución: pagos ===
[ACTUALIZAR PAGOS · AUTO] ▶ [LoginSemytPaso] Iniciando...
[ACTUALIZAR PAGOS · AUTO] ==================================================
[ACTUALIZAR PAGOS · AUTO] 🚀 PASO: LoginSemytPaso
[ACTUALIZAR PAGOS · AUTO] ==================================================
[ACTUALIZAR PAGOS · AUTO] Abriendo SEMyT...
[ACTUALIZAR PAGOS · AUTO] ✅ [SEMyT] Sesión existente detectada. Login omitido.
[ACTUALIZAR PAGOS · AUTO] ✅ LoginSemytPaso finalizado. (⏱ 3.6s)
[ACTUALIZAR PAGOS · AUTO] ✓ [LoginSemytPaso] Completado.
[ACTUALIZAR PAGOS · AUTO] ▶ [LoginJuzgadoPaso] Iniciando...
[ACTUALIZAR PAGOS · AUTO] ==================================================
[ACTUALIZAR PAGOS · AUTO] 🚀 PASO: LoginJuzgadoPaso
[ACTUALIZAR PAGOS · AUTO] ==================================================
[ACTUALIZAR PAGOS · AUTO] Abriendo sitio municipalidad (CiDi)...
[ACTUALIZAR PAGOS · AUTO] ✅ [Juzgado] Sesión existente detectada. Login omitido.
[ACTUALIZAR PAGOS · AUTO] ✅ LoginJuzgadoPaso finalizado. (⏱ 1.2s)
[ACTUALIZAR PAGOS · AUTO] ✓ [LoginJuzgadoPaso] Completado.
[ACTUALIZAR PAGOS · AUTO] ▶ [DescargasParalelasPaso] Iniciando...
[ACTUALIZAR PAGOS · AUTO] ==================================================
[ACTUALIZAR PAGOS · AUTO] 🚀 PASO: DescargasParalelasPaso
[ACTUALIZAR PAGOS · AUTO] ==================================================
[ACTUALIZAR PAGOS · AUTO] 📤 Arrancando las 3 descargas en paralelo (mismo browser, páginas separadas)...
[ACTUALIZAR PAGOS · AUTO] Fecha Desde: 27/06/2024
[ACTUALIZAR PAGOS · AUTO] Fecha Hasta: 24/11/2025
[ACTUALIZAR PAGOS · AUTO] Fecha Desde: 25/11/2025
[ACTUALIZAR PAGOS · AUTO] Fecha Hasta: 23/07/2026
[ACTUALIZAR PAGOS · AUTO] Descargando Excel...
[ACTUALIZAR PAGOS · AUTO] Descargando Excel...
⏳ [Automático] Tocaba disparar 'pagos' pero ya hay una ejecución en curso (Actualizar pagos); esperando a que termine; se reintenta en breve sin perder el turno.
[ACTUALIZAR PAGOS · AUTO] Archivo descargado en: backend/descargas/cache_actas_cruce/MULTAS_JUZGADO_CRUCE.xlsx
[ACTUALIZAR PAGOS · AUTO] ⏱ [actas_juzgado] completado en 14.6s
[ACTUALIZAR PAGOS · AUTO] Archivo descargado en: backend/descargas/cache_actas_cruce/MULTAS_SIGEMI_CRUCE.xlsx
[ACTUALIZAR PAGOS · AUTO] ⏱ [actas_sigemi] completado en 28.7s
[ACTUALIZAR PAGOS · AUTO] ✅ TXT de pagos descargado en: backend/descargas/pagos/2026-07-23/PAGOS DESCARGADOS.txt
[ACTUALIZAR PAGOS · AUTO] ⏱ [pagos_txt] completado en 28.8s
[ACTUALIZAR PAGOS · AUTO] ⏱ TOTAL descargas en paralelo: 28.8s
[ACTUALIZAR PAGOS · AUTO] ✅ DescargasParalelasPaso finalizado. (⏱ 29.5s)
[ACTUALIZAR PAGOS · AUTO] ✓ [DescargasParalelasPaso] Completado.
[ACTUALIZAR PAGOS · AUTO] ▶ [CompararActasPaso] Iniciando...
[ACTUALIZAR PAGOS · AUTO] ==================================================
[ACTUALIZAR PAGOS · AUTO] 🚀 PASO: CompararActasPaso
[ACTUALIZAR PAGOS · AUTO] ==================================================
[ACTUALIZAR PAGOS · AUTO] 🔍 Comparando actas del SEMyT contra pagos del Juzgado...
[ACTUALIZAR PAGOS · AUTO] ================================================================================
[ACTUALIZAR PAGOS · AUTO] INICIANDO PROCESO DE GENERACIÓN DE PAGOS DESACTUALIZADOS
[ACTUALIZAR PAGOS · AUTO] ================================================================================
[ACTUALIZAR PAGOS · AUTO] 📂 Cargando archivos...
[ACTUALIZAR PAGOS · AUTO]   ✓ Pagos: 16707 registros
[ACTUALIZAR PAGOS · AUTO]   ✓ Excel SIGEMI (multas vencidas viejas): 103664 registros
[ACTUALIZAR PAGOS · AUTO]   ✓ Excel Juzgado (multas vencidas nuevas): 40202 registros
[ACTUALIZAR PAGOS · AUTO] ================================================================================
[ACTUALIZAR PAGOS · AUTO] PASO 1: LLENANDO ACTA_NUMERO (búsqueda por patente + fecha, con desempate por hora)
[ACTUALIZAR PAGOS · AUTO] ================================================================================
[ACTUALIZAR PAGOS · AUTO] 📊 ESTADÍSTICAS DE LLENADO DE ACTAS:
[ACTUALIZAR PAGOS · AUTO]   • Pagos con acta ORIGINAL: 2798
[ACTUALIZAR PAGOS · AUTO]   • Pagos SIN acta (buscados): 13909
[ACTUALIZAR PAGOS · AUTO]   • Pagos LLENADOS exitosamente: 1
[ACTUALIZAR PAGOS · AUTO]   • Pagos NO encontrados en multas: 13908
[ACTUALIZAR PAGOS · AUTO]   • Pagos SIN RESOLVER por desbalance de cantidades: 0
[ACTUALIZAR PAGOS · AUTO] ================================================================================
[ACTUALIZAR PAGOS · AUTO] PASO 1: LLENANDO ACTA_NUMERO (búsqueda por patente + fecha, con desempate por hora)
[ACTUALIZAR PAGOS · AUTO] ================================================================================
[ACTUALIZAR PAGOS · AUTO] 📊 ESTADÍSTICAS DE LLENADO DE ACTAS:
[ACTUALIZAR PAGOS · AUTO]   • Pagos con acta ORIGINAL: 2799
[ACTUALIZAR PAGOS · AUTO]   • Pagos SIN acta (buscados): 13908
[ACTUALIZAR PAGOS · AUTO]   • Pagos LLENADOS exitosamente: 0
[ACTUALIZAR PAGOS · AUTO]   • Pagos NO encontrados en multas: 13908
[ACTUALIZAR PAGOS · AUTO]   • Pagos SIN RESOLVER por desbalance de cantidades: 0
[ACTUALIZAR PAGOS · AUTO] ⏱ PASO 1 (llenar actas): 8.3s
[ACTUALIZAR PAGOS · AUTO] ================================================================================
[ACTUALIZAR PAGOS · AUTO] PASO 2: FILTRANDO PAGOS CON ACTA_NUMERO COMPLETO
[ACTUALIZAR PAGOS · AUTO] ================================================================================
[ACTUALIZAR PAGOS · AUTO] 📊 ESTADÍSTICAS DE FILTRADO:
[ACTUALIZAR PAGOS · AUTO]   • Pagos TOTALES al inicio: 16707
[ACTUALIZAR PAGOS · AUTO]   • Pagos CON acta (MANTIENEN): 2799
[ACTUALIZAR PAGOS · AUTO]   • Pagos RECHAZADOS (sin coincidencias): 13908
[ACTUALIZAR PAGOS · AUTO] ⚠️  Se eliminaron 13908 registros sin número de acta
[ACTUALIZAR PAGOS · AUTO]      (recordá: esto incluye tanto pagos ya actualizados/pagados
[ACTUALIZAR PAGOS · AUTO]       como pagos que quedaron sin resolver por desbalance en el Paso 1)
[ACTUALIZAR PAGOS · AUTO] ================================================================================
[ACTUALIZAR PAGOS · AUTO] PASO 2-bis: CONFIRMANDO VIGENCIA DE PAGOS DEL SISTEMA NUEVO (contra MULTAS_JUZGADO_CRUCE)
[ACTUALIZAR PAGOS · AUTO] ================================================================================
[ACTUALIZAR PAGOS · AUTO]   ⚠ 2797 pago(s) del sistema nuevo descartados: su acta ya no figura como vencida en MULTAS_JUZGADO_CRUCE (SEMyT ya los actualizó).
[ACTUALIZAR PAGOS · AUTO]   • Pagos del sistema nuevo descartados por ya estar actualizados: 2797
[ACTUALIZAR PAGOS · AUTO] ⏱ PASO 2 (filtrar): 0.5s
[ACTUALIZAR PAGOS · AUTO] 📂 Cargando maestro de causas SIGEMI...
[ACTUALIZAR PAGOS · AUTO]   ✓ Causas totales (maestro): 134069 registros
[ACTUALIZAR PAGOS · AUTO] ⏱ PASO 2.5 (causas simplificado): 0.1s
[ACTUALIZAR PAGOS · AUTO] ================================================================================
[ACTUALIZAR PAGOS · AUTO] PASO 2.5: ARMANDO causas.txt SIMPLIFICADO (cruce contra total_causas_sigemi.txt)
[ACTUALIZAR PAGOS · AUTO] ================================================================================
[ACTUALIZAR PAGOS · AUTO]   • Actas vencidas viejas (multas): 103664
[ACTUALIZAR PAGOS · AUTO]   • Causas totales en el maestro SIGEMI: 134069
[ACTUALIZAR PAGOS · AUTO]   • Causas que coinciden (simplificado): 103334
[ACTUALIZAR PAGOS · AUTO]   ✅ Archivo escrito: backend/descargas/causas/causas.txt
[ACTUALIZAR PAGOS · AUTO] ⏱ PASO 2.5 (causas simplificado): 1.5s
[ACTUALIZAR PAGOS · AUTO] ================================================================================
[ACTUALIZAR PAGOS · AUTO] PASO 3: LLENANDO CAUSA_NUMERO (según fecha de cambio de sistema, cruzando por acta + año)
[ACTUALIZAR PAGOS · AUTO] ================================================================================
[ACTUALIZAR PAGOS · AUTO] 📊 ESTADÍSTICAS DE LLENADO DE CAUSAS:
[ACTUALIZAR PAGOS · AUTO]   • Pagos con causa ORIGINAL: 1
[ACTUALIZAR PAGOS · AUTO]   • Causas encontradas en SIGEMI (actas viejas): 1
[ACTUALIZAR PAGOS · AUTO]   • Causas NO encontradas en SIGEMI: 0
[ACTUALIZAR PAGOS · AUTO]   • Causas asignadas automáticamente (actas nuevas): 0
[ACTUALIZAR PAGOS · AUTO] ⏱ PASO 3 (llenar causas): 0.0s
[ACTUALIZAR PAGOS · AUTO] ================================================================================
[ACTUALIZAR PAGOS · AUTO] PASO 4: ORDENANDO POR FECHA Y ACTA_NUMERO
[ACTUALIZAR PAGOS · AUTO] ================================================================================
[ACTUALIZAR PAGOS · AUTO] ✓ Pagos ordenados correctamente
[ACTUALIZAR PAGOS · AUTO]   • Primera entrada: Acta=4895, Fecha=04/07/2024
[ACTUALIZAR PAGOS · AUTO]   • Última entrada: Acta=265811, Fecha=12/02/2026
[ACTUALIZAR PAGOS · AUTO] 📝 Escribiendo archivo de salida...
[ACTUALIZAR PAGOS · AUTO]   ✅ Archivo escrito: backend/descargas/pagos/2026-07-23/PAGOS 20260723 153624.txt
[ACTUALIZAR PAGOS · AUTO]   ✅ Total registros: 361
[ACTUALIZAR PAGOS · AUTO] ⏱ PASO 4 (ordenar y escribir): 0.0s
[ACTUALIZAR PAGOS · AUTO] ================================================================================
[ACTUALIZAR PAGOS · AUTO] ✅ PROCESO COMPLETADO EXITOSAMENTE
[ACTUALIZAR PAGOS · AUTO] ================================================================================
[ACTUALIZAR PAGOS · AUTO] 📊 RESUMEN FINAL DEL PROCESAMIENTO:
[ACTUALIZAR PAGOS · AUTO]   ENTRADA:
[ACTUALIZAR PAGOS · AUTO]     • Pagos originales: 16707
[ACTUALIZAR PAGOS · AUTO]     • Multas SIGEMI cargadas: 103664
[ACTUALIZAR PAGOS · AUTO]     • Multas Juzgado cargadas: 40202
[ACTUALIZAR PAGOS · AUTO]     • Causas simplificadas (usadas para el cruce): 103334
[ACTUALIZAR PAGOS · AUTO]   PROCESO:
[ACTUALIZAR PAGOS · AUTO]     • Pagos rechazados sigemi: 13908
[ACTUALIZAR PAGOS · AUTO]     • Pagos rechazados juzgado: 2797
[ACTUALIZAR PAGOS · AUTO]   SALIDA:
[ACTUALIZAR PAGOS · AUTO]     • Pagos desactualizados procesados: 2
[ACTUALIZAR PAGOS · AUTO]     • Archivo final: backend/descargas/pagos/2026-07-23/PAGOS 20260723 153624.txt
[ACTUALIZAR PAGOS · AUTO]     • Ordenados por fecha: SÍ ✓
[ACTUALIZAR PAGOS · AUTO]     • Todos con ACTA_NUMERO: SÍ ✓
[ACTUALIZAR PAGOS · AUTO]     • Todos con CAUSA_NUMERO: SÍ ✓
[ACTUALIZAR PAGOS · AUTO] ✅ TXT de pagos (ya cruzado con actas y causas) generado en: backend/descargas/pagos/2026-07-23/PAGOS 20260723 153624.txt
[ACTUALIZAR PAGOS · AUTO] 🧹 TXT de pagos crudo eliminado (ya usado en el cruce): backend/descargas/pagos/2026-07-23/PAGOS DESCARGADOS.txt
[ACTUALIZAR PAGOS · AUTO] 🧹 Excel MULTAS_SIGEMI_CRUCE eliminado (ya usado en el cruce): backend/descargas/cache_actas_cruce/MULTAS_SIGEMI_CRUCE.xlsx
[ACTUALIZAR PAGOS · AUTO] 🧹 Excel MULTAS_JUZGADO_CRUCE eliminado (ya usado en el cruce): backend/descargas/cache_actas_cruce/MULTAS_JUZGADO_CRUCE.xlsx
[ACTUALIZAR PAGOS · AUTO] ✅ CompararActasPaso finalizado. (⏱ 22.9s)
[ACTUALIZAR PAGOS · AUTO] ✓ [CompararActasPaso] Completado.
[ACTUALIZAR PAGOS · AUTO] ▶ [CargarPagosPaso] Iniciando...
[ACTUALIZAR PAGOS · AUTO] ==================================================
[ACTUALIZAR PAGOS · AUTO] 🚀 PASO: CargarPagosPaso
[ACTUALIZAR PAGOS · AUTO] ==================================================
[ACTUALIZAR PAGOS · AUTO] 📤 Subiendo TXT de pagos al SEMyT...
[ACTUALIZAR PAGOS · AUTO] ✅ Importación de pagos completada con éxito.
[ACTUALIZAR PAGOS · AUTO] ✅ Archivo TXT de pagos cargado en el SEMyT correctamente.
[ACTUALIZAR PAGOS · AUTO] ✅ CargarPagosPaso finalizado. (⏱ 3.2s)
[ACTUALIZAR PAGOS · AUTO] ✓ [CargarPagosPaso] Completado.
[ACTUALIZAR PAGOS · AUTO] === Ejecución finalizada con éxito ===
🤖 [Automático] Es hora de actualizar pagos. Arrancando...
[ACTUALIZAR PAGOS · AUTO] === Inicio de ejecución: pagos ===
[ACTUALIZAR PAGOS · AUTO] ▶ [LoginSemytPaso] Iniciando...
[ACTUALIZAR PAGOS · AUTO] ==================================================
[ACTUALIZAR PAGOS · AUTO] 🚀 PASO: LoginSemytPaso
[ACTUALIZAR PAGOS · AUTO] ==================================================
[ACTUALIZAR PAGOS · AUTO] Abriendo SEMyT...
[ACTUALIZAR PAGOS · AUTO] ✅ [SEMyT] Sesión existente detectada. Login omitido.
[ACTUALIZAR PAGOS · AUTO] ✅ LoginSemytPaso finalizado. (⏱ 4.4s)
[ACTUALIZAR PAGOS · AUTO] ✓ [LoginSemytPaso] Completado.
[ACTUALIZAR PAGOS · AUTO] ▶ [LoginJuzgadoPaso] Iniciando...
[ACTUALIZAR PAGOS · AUTO] ==================================================
[ACTUALIZAR PAGOS · AUTO] 🚀 PASO: LoginJuzgadoPaso
[ACTUALIZAR PAGOS · AUTO] ==================================================
[ACTUALIZAR PAGOS · AUTO] Abriendo sitio municipalidad (CiDi)...
[ACTUALIZAR PAGOS · AUTO] ✅ [Juzgado] Sesión existente detectada. Login omitido.
[ACTUALIZAR PAGOS · AUTO] ✅ LoginJuzgadoPaso finalizado. (⏱ 1.4s)
[ACTUALIZAR PAGOS · AUTO] ✓ [LoginJuzgadoPaso] Completado.
[ACTUALIZAR PAGOS · AUTO] ▶ [DescargasParalelasPaso] Iniciando...
[ACTUALIZAR PAGOS · AUTO] ==================================================
[ACTUALIZAR PAGOS · AUTO] 🚀 PASO: DescargasParalelasPaso
[ACTUALIZAR PAGOS · AUTO] ==================================================
[ACTUALIZAR PAGOS · AUTO] 📤 Arrancando las 3 descargas en paralelo (mismo browser, páginas separadas)...
[ACTUALIZAR PAGOS · AUTO] Fecha Desde: 27/06/2024
[ACTUALIZAR PAGOS · AUTO] Fecha Hasta: 24/11/2025
[ACTUALIZAR PAGOS · AUTO] Fecha Desde: 25/11/2025
[ACTUALIZAR PAGOS · AUTO] Fecha Hasta: 23/07/2026
[ACTUALIZAR PAGOS · AUTO] Descargando Excel...
[ACTUALIZAR PAGOS · AUTO] Descargando Excel...
⏳ [Automático] Tocaba disparar 'pagos' pero ya hay una ejecución en curso (Actualizar pagos); esperando a que termine; se reintenta en breve sin perder el turno.
[ACTUALIZAR PAGOS · AUTO] ✅ TXT de pagos descargado en: backend/descargas/pagos/2026-07-23/PAGOS DESCARGADOS.txt
[ACTUALIZAR PAGOS · AUTO] ⏱ [pagos_txt] completado en 20.3s
[ACTUALIZAR PAGOS · AUTO] Archivo descargado en: backend/descargas/cache_actas_cruce/MULTAS_JUZGADO_CRUCE.xlsx
[ACTUALIZAR PAGOS · AUTO] ⏱ [actas_juzgado] completado en 34.7s
[ACTUALIZAR PAGOS · AUTO] Archivo descargado en: backend/descargas/cache_actas_cruce/MULTAS_SIGEMI_CRUCE.xlsx
[ACTUALIZAR PAGOS · AUTO] ⏱ [actas_sigemi] completado en 57.2s
[ACTUALIZAR PAGOS · AUTO] ⏱ TOTAL descargas en paralelo: 57.2s
[ACTUALIZAR PAGOS · AUTO] ✅ DescargasParalelasPaso finalizado. (⏱ 58.7s)
[ACTUALIZAR PAGOS · AUTO] ✓ [DescargasParalelasPaso] Completado.
[ACTUALIZAR PAGOS · AUTO] ▶ [CompararActasPaso] Iniciando...
[ACTUALIZAR PAGOS · AUTO] ==================================================
[ACTUALIZAR PAGOS · AUTO] 🚀 PASO: CompararActasPaso
[ACTUALIZAR PAGOS · AUTO] ==================================================
[ACTUALIZAR PAGOS · AUTO] 🔍 Comparando actas del SEMyT contra pagos del Juzgado...
[ACTUALIZAR PAGOS · AUTO] ================================================================================
[ACTUALIZAR PAGOS · AUTO] INICIANDO PROCESO DE GENERACIÓN DE PAGOS DESACTUALIZADOS
[ACTUALIZAR PAGOS · AUTO] ================================================================================
[ACTUALIZAR PAGOS · AUTO] 📂 Cargando archivos...
[ACTUALIZAR PAGOS · AUTO]   ✓ Pagos: 16708 registros
[ACTUALIZAR PAGOS · AUTO]   ✓ Excel SIGEMI (multas vencidas viejas): 103663 registros
[ACTUALIZAR PAGOS · AUTO]   ✓ Excel Juzgado (multas vencidas nuevas): 40201 registros
[ACTUALIZAR PAGOS · AUTO] ================================================================================
[ACTUALIZAR PAGOS · AUTO] PASO 1: LLENANDO ACTA_NUMERO (búsqueda por patente + fecha, con desempate por hora)
[ACTUALIZAR PAGOS · AUTO] ================================================================================
[ACTUALIZAR PAGOS · AUTO] 📊 ESTADÍSTICAS DE LLENADO DE ACTAS:
[ACTUALIZAR PAGOS · AUTO]   • Pagos con acta ORIGINAL: 2799
[ACTUALIZAR PAGOS · AUTO]   • Pagos SIN acta (buscados): 13909
[ACTUALIZAR PAGOS · AUTO]   • Pagos LLENADOS exitosamente: 0
[ACTUALIZAR PAGOS · AUTO]   • Pagos NO encontrados en multas: 13909
[ACTUALIZAR PAGOS · AUTO]   • Pagos SIN RESOLVER por desbalance de cantidades: 0
[ACTUALIZAR PAGOS · AUTO] ================================================================================
[ACTUALIZAR PAGOS · AUTO] PASO 1: LLENANDO ACTA_NUMERO (búsqueda por patente + fecha, con desempate por hora)
[ACTUALIZAR PAGOS · AUTO] ================================================================================
[ACTUALIZAR PAGOS · AUTO] 📊 ESTADÍSTICAS DE LLENADO DE ACTAS:
[ACTUALIZAR PAGOS · AUTO]   • Pagos con acta ORIGINAL: 2799
[ACTUALIZAR PAGOS · AUTO]   • Pagos SIN acta (buscados): 13909
[ACTUALIZAR PAGOS · AUTO]   • Pagos LLENADOS exitosamente: 0
[ACTUALIZAR PAGOS · AUTO]   • Pagos NO encontrados en multas: 13909
[ACTUALIZAR PAGOS · AUTO]   • Pagos SIN RESOLVER por desbalance de cantidades: 0
[ACTUALIZAR PAGOS · AUTO] ⏱ PASO 1 (llenar actas): 19.5s
[ACTUALIZAR PAGOS · AUTO] ================================================================================
[ACTUALIZAR PAGOS · AUTO] PASO 2: FILTRANDO PAGOS CON ACTA_NUMERO COMPLETO
[ACTUALIZAR PAGOS · AUTO] ================================================================================
[ACTUALIZAR PAGOS · AUTO] 📊 ESTADÍSTICAS DE FILTRADO:
[ACTUALIZAR PAGOS · AUTO]   • Pagos TOTALES al inicio: 16708
[ACTUALIZAR PAGOS · AUTO]   • Pagos CON acta (MANTIENEN): 2799
[ACTUALIZAR PAGOS · AUTO]   • Pagos RECHAZADOS (sin coincidencias): 13909
[ACTUALIZAR PAGOS · AUTO] ⚠️  Se eliminaron 13909 registros sin número de acta
[ACTUALIZAR PAGOS · AUTO]      (recordá: esto incluye tanto pagos ya actualizados/pagados
[ACTUALIZAR PAGOS · AUTO]       como pagos que quedaron sin resolver por desbalance en el Paso 1)
[ACTUALIZAR PAGOS · AUTO] ================================================================================
[ACTUALIZAR PAGOS · AUTO] PASO 2-bis: CONFIRMANDO VIGENCIA DE PAGOS DEL SISTEMA NUEVO (contra MULTAS_JUZGADO_CRUCE)
[ACTUALIZAR PAGOS · AUTO] ================================================================================
[ACTUALIZAR PAGOS · AUTO]   ⚠ 2798 pago(s) del sistema nuevo descartados: su acta ya no figura como vencida en MULTAS_JUZGADO_CRUCE (SEMyT ya los actualizó).
[ACTUALIZAR PAGOS · AUTO]   • Pagos del sistema nuevo descartados por ya estar actualizados: 2798
[ACTUALIZAR PAGOS · AUTO] ⏱ PASO 2 (filtrar): 1.3s
[ACTUALIZAR PAGOS · AUTO] 📂 Cargando maestro de causas SIGEMI...
[ACTUALIZAR PAGOS · AUTO]   ✓ Causas totales (maestro): 134069 registros
[ACTUALIZAR PAGOS · AUTO] ⏱ PASO 2.5 (causas simplificado): 0.2s
[ACTUALIZAR PAGOS · AUTO] ================================================================================
[ACTUALIZAR PAGOS · AUTO] PASO 2.5: ARMANDO causas.txt SIMPLIFICADO (cruce contra total_causas_sigemi.txt)
[ACTUALIZAR PAGOS · AUTO] ================================================================================
[ACTUALIZAR PAGOS · AUTO]   • Actas vencidas viejas (multas): 103663
[ACTUALIZAR PAGOS · AUTO]   • Causas totales en el maestro SIGEMI: 134069
[ACTUALIZAR PAGOS · AUTO]   • Causas que coinciden (simplificado): 103333
[ACTUALIZAR PAGOS · AUTO]   ✅ Archivo escrito: backend/descargas/causas/causas.txt
[ACTUALIZAR PAGOS · AUTO] ⏱ PASO 2.5 (causas simplificado): 3.0s
[ACTUALIZAR PAGOS · AUTO] ================================================================================
[ACTUALIZAR PAGOS · AUTO] PASO 3: LLENANDO CAUSA_NUMERO (según fecha de cambio de sistema, cruzando por acta + año)
[ACTUALIZAR PAGOS · AUTO] ================================================================================
[ACTUALIZAR PAGOS · AUTO] 📊 ESTADÍSTICAS DE LLENADO DE CAUSAS:
[ACTUALIZAR PAGOS · AUTO]   • Pagos con causa ORIGINAL: 1
[ACTUALIZAR PAGOS · AUTO]   • Causas encontradas en SIGEMI (actas viejas): 0
[ACTUALIZAR PAGOS · AUTO]   • Causas NO encontradas en SIGEMI: 0
[ACTUALIZAR PAGOS · AUTO]   • Causas asignadas automáticamente (actas nuevas): 0
[ACTUALIZAR PAGOS · AUTO] ⏱ PASO 3 (llenar causas): 0.0s
[ACTUALIZAR PAGOS · AUTO] ================================================================================
[ACTUALIZAR PAGOS · AUTO] PASO 4: ORDENANDO POR FECHA Y ACTA_NUMERO
[ACTUALIZAR PAGOS · AUTO] ================================================================================
[ACTUALIZAR PAGOS · AUTO] ✓ Pagos ordenados correctamente
[ACTUALIZAR PAGOS · AUTO]   • Primera entrada: Acta=241637, Fecha=03/12/2025
[ACTUALIZAR PAGOS · AUTO]   • Última entrada: Acta=241637, Fecha=03/12/2025
[ACTUALIZAR PAGOS · AUTO] 📝 Escribiendo archivo de salida...
[ACTUALIZAR PAGOS · AUTO]   ✅ Archivo escrito: backend/descargas/pagos/2026-07-23/PAGOS 20260723 154801.txt
[ACTUALIZAR PAGOS · AUTO]   ✅ Total registros: 261
[ACTUALIZAR PAGOS · AUTO] ⏱ PASO 4 (ordenar y escribir): 0.0s
[ACTUALIZAR PAGOS · AUTO] ================================================================================
[ACTUALIZAR PAGOS · AUTO] ✅ PROCESO COMPLETADO EXITOSAMENTE
[ACTUALIZAR PAGOS · AUTO] ================================================================================
[ACTUALIZAR PAGOS · AUTO] 📊 RESUMEN FINAL DEL PROCESAMIENTO:
[ACTUALIZAR PAGOS · AUTO]   ENTRADA:
[ACTUALIZAR PAGOS · AUTO]     • Pagos originales: 16708
[ACTUALIZAR PAGOS · AUTO]     • Multas SIGEMI cargadas: 103663
[ACTUALIZAR PAGOS · AUTO]     • Multas Juzgado cargadas: 40201
[ACTUALIZAR PAGOS · AUTO]     • Causas simplificadas (usadas para el cruce): 103333
[ACTUALIZAR PAGOS · AUTO]   PROCESO:
[ACTUALIZAR PAGOS · AUTO]     • Pagos rechazados sigemi: 13909
[ACTUALIZAR PAGOS · AUTO]     • Pagos rechazados juzgado: 2798
[ACTUALIZAR PAGOS · AUTO]   SALIDA:
[ACTUALIZAR PAGOS · AUTO]     • Pagos desactualizados procesados: 1
[ACTUALIZAR PAGOS · AUTO]     • Archivo final: backend/descargas/pagos/2026-07-23/PAGOS 20260723 154801.txt
[ACTUALIZAR PAGOS · AUTO]     • Ordenados por fecha: SÍ ✓
[ACTUALIZAR PAGOS · AUTO]     • Todos con ACTA_NUMERO: SÍ ✓
[ACTUALIZAR PAGOS · AUTO]     • Todos con CAUSA_NUMERO: SÍ ✓
[ACTUALIZAR PAGOS · AUTO] ✅ TXT de pagos (ya cruzado con actas y causas) generado en: backend/descargas/pagos/2026-07-23/PAGOS 20260723 154801.txt
[ACTUALIZAR PAGOS · AUTO] 🧹 TXT de pagos crudo eliminado (ya usado en el cruce): backend/descargas/pagos/2026-07-23/PAGOS DESCARGADOS.txt
[ACTUALIZAR PAGOS · AUTO] 🧹 Excel MULTAS_SIGEMI_CRUCE eliminado (ya usado en el cruce): backend/descargas/cache_actas_cruce/MULTAS_SIGEMI_CRUCE.xlsx
[ACTUALIZAR PAGOS · AUTO] 🧹 Excel MULTAS_JUZGADO_CRUCE eliminado (ya usado en el cruce): backend/descargas/cache_actas_cruce/MULTAS_JUZGADO_CRUCE.xlsx
[ACTUALIZAR PAGOS · AUTO] ✅ CompararActasPaso finalizado. (⏱ 54.1s)
[ACTUALIZAR PAGOS · AUTO] ✓ [CompararActasPaso] Completado.
[ACTUALIZAR PAGOS · AUTO] ▶ [CargarPagosPaso] Iniciando...
[ACTUALIZAR PAGOS · AUTO] ==================================================
[ACTUALIZAR PAGOS · AUTO] 🚀 PASO: CargarPagosPaso
[ACTUALIZAR PAGOS · AUTO] ==================================================
[ACTUALIZAR PAGOS · AUTO] 📤 Subiendo TXT de pagos al SEMyT...
[ACTUALIZAR PAGOS · AUTO] ✅ Importación de pagos completada con éxito.
[ACTUALIZAR PAGOS · AUTO] ✅ Archivo TXT de pagos cargado en el SEMyT correctamente.
[ACTUALIZAR PAGOS · AUTO] ✅ CargarPagosPaso finalizado. (⏱ 4.3s)
[ACTUALIZAR PAGOS · AUTO] ✓ [CargarPagosPaso] Completado.
[ACTUALIZAR PAGOS · AUTO] === Ejecución finalizada con éxito ===
🤖 [Automático] Es hora de actualizar pagos. Arrancando...
[ACTUALIZAR PAGOS · AUTO] === Inicio de ejecución: pagos ===
[ACTUALIZAR PAGOS · AUTO] ▶ [LoginSemytPaso] Iniciando...
[ACTUALIZAR PAGOS · AUTO] ==================================================
[ACTUALIZAR PAGOS · AUTO] 🚀 PASO: LoginSemytPaso
[ACTUALIZAR PAGOS · AUTO] ==================================================
[ACTUALIZAR PAGOS · AUTO] Abriendo SEMyT...
[ACTUALIZAR PAGOS · AUTO] ✅ [SEMyT] Sesión existente detectada. Login omitido.
[ACTUALIZAR PAGOS · AUTO] ✅ LoginSemytPaso finalizado. (⏱ 4.2s)
[ACTUALIZAR PAGOS · AUTO] ✓ [LoginSemytPaso] Completado.
[ACTUALIZAR PAGOS · AUTO] ▶ [LoginJuzgadoPaso] Iniciando...
[ACTUALIZAR PAGOS · AUTO] ==================================================
[ACTUALIZAR PAGOS · AUTO] 🚀 PASO: LoginJuzgadoPaso
[ACTUALIZAR PAGOS · AUTO] ==================================================
[ACTUALIZAR PAGOS · AUTO] Abriendo sitio municipalidad (CiDi)...
[ACTUALIZAR PAGOS · AUTO] ✅ [Juzgado] Sesión existente detectada. Login omitido.
[ACTUALIZAR PAGOS · AUTO] ✅ LoginJuzgadoPaso finalizado. (⏱ 1.3s)
[ACTUALIZAR PAGOS · AUTO] ✓ [LoginJuzgadoPaso] Completado.
[ACTUALIZAR PAGOS · AUTO] ▶ [DescargasParalelasPaso] Iniciando...
[ACTUALIZAR PAGOS · AUTO] ==================================================
[ACTUALIZAR PAGOS · AUTO] 🚀 PASO: DescargasParalelasPaso
[ACTUALIZAR PAGOS · AUTO] ==================================================
[ACTUALIZAR PAGOS · AUTO] 📤 Arrancando las 3 descargas en paralelo (mismo browser, páginas separadas)...
[ACTUALIZAR PAGOS · AUTO] Fecha Desde: 27/06/2024
[ACTUALIZAR PAGOS · AUTO] Fecha Hasta: 24/11/2025
[ACTUALIZAR PAGOS · AUTO] Fecha Desde: 25/11/2025
[ACTUALIZAR PAGOS · AUTO] Fecha Hasta: 23/07/2026
[ACTUALIZAR PAGOS · AUTO] Descargando Excel...
[ACTUALIZAR PAGOS · AUTO] Descargando Excel...
⏳ [Automático] Tocaba disparar 'pagos' pero ya hay una ejecución en curso (Actualizar pagos); esperando a que termine; se reintenta en breve sin perder el turno.
[ACTUALIZAR PAGOS · AUTO] Archivo descargado en: backend/descargas/cache_actas_cruce/MULTAS_JUZGADO_CRUCE.xlsx
[ACTUALIZAR PAGOS · AUTO] ⏱ [actas_juzgado] completado en 20.1s
[ACTUALIZAR PAGOS · AUTO] Archivo descargado en: backend/descargas/cache_actas_cruce/MULTAS_SIGEMI_CRUCE.xlsx
[ACTUALIZAR PAGOS · AUTO] ⏱ [actas_sigemi] completado en 42.0s
[ACTUALIZAR PAGOS · AUTO] ✅ TXT de pagos descargado en: backend/descargas/pagos/2026-07-23/PAGOS DESCARGADOS.txt
[ACTUALIZAR PAGOS · AUTO] ⏱ [pagos_txt] completado en 42.1s
[ACTUALIZAR PAGOS · AUTO] ⏱ TOTAL descargas en paralelo: 42.1s
[ACTUALIZAR PAGOS · AUTO] ✅ DescargasParalelasPaso finalizado. (⏱ 43.6s)
[ACTUALIZAR PAGOS · AUTO] ✓ [DescargasParalelasPaso] Completado.
[ACTUALIZAR PAGOS · AUTO] ▶ [CompararActasPaso] Iniciando...
[ACTUALIZAR PAGOS · AUTO] ==================================================
[ACTUALIZAR PAGOS · AUTO] 🚀 PASO: CompararActasPaso
[ACTUALIZAR PAGOS · AUTO] ==================================================
[ACTUALIZAR PAGOS · AUTO] 🔍 Comparando actas del SEMyT contra pagos del Juzgado...
[ACTUALIZAR PAGOS · AUTO] ================================================================================
[ACTUALIZAR PAGOS · AUTO] INICIANDO PROCESO DE GENERACIÓN DE PAGOS DESACTUALIZADOS
[ACTUALIZAR PAGOS · AUTO] ================================================================================
[ACTUALIZAR PAGOS · AUTO] 📂 Cargando archivos...
[ACTUALIZAR PAGOS · AUTO]   ✓ Pagos: 16709 registros
[ACTUALIZAR PAGOS · AUTO]   ✓ Excel SIGEMI (multas vencidas viejas): 103663 registros
[ACTUALIZAR PAGOS · AUTO]   ✓ Excel Juzgado (multas vencidas nuevas): 40200 registros
[ACTUALIZAR PAGOS · AUTO] ================================================================================
[ACTUALIZAR PAGOS · AUTO] PASO 1: LLENANDO ACTA_NUMERO (búsqueda por patente + fecha, con desempate por hora)
[ACTUALIZAR PAGOS · AUTO] ================================================================================
[ACTUALIZAR PAGOS · AUTO] 📊 ESTADÍSTICAS DE LLENADO DE ACTAS:
[ACTUALIZAR PAGOS · AUTO]   • Pagos con acta ORIGINAL: 2799
[ACTUALIZAR PAGOS · AUTO]   • Pagos SIN acta (buscados): 13910
[ACTUALIZAR PAGOS · AUTO]   • Pagos LLENADOS exitosamente: 1
[ACTUALIZAR PAGOS · AUTO]   • Pagos NO encontrados en multas: 13909
[ACTUALIZAR PAGOS · AUTO]   • Pagos SIN RESOLVER por desbalance de cantidades: 0
[ACTUALIZAR PAGOS · AUTO] ================================================================================
[ACTUALIZAR PAGOS · AUTO] PASO 1: LLENANDO ACTA_NUMERO (búsqueda por patente + fecha, con desempate por hora)
[ACTUALIZAR PAGOS · AUTO] ================================================================================
[ACTUALIZAR PAGOS · AUTO] 📊 ESTADÍSTICAS DE LLENADO DE ACTAS:
[ACTUALIZAR PAGOS · AUTO]   • Pagos con acta ORIGINAL: 2800
[ACTUALIZAR PAGOS · AUTO]   • Pagos SIN acta (buscados): 13909
[ACTUALIZAR PAGOS · AUTO]   • Pagos LLENADOS exitosamente: 0
[ACTUALIZAR PAGOS · AUTO]   • Pagos NO encontrados en multas: 13909
[ACTUALIZAR PAGOS · AUTO]   • Pagos SIN RESOLVER por desbalance de cantidades: 0
[ACTUALIZAR PAGOS · AUTO] ⏱ PASO 1 (llenar actas): 18.5s
[ACTUALIZAR PAGOS · AUTO] ================================================================================
[ACTUALIZAR PAGOS · AUTO] PASO 2: FILTRANDO PAGOS CON ACTA_NUMERO COMPLETO
[ACTUALIZAR PAGOS · AUTO] ================================================================================
[ACTUALIZAR PAGOS · AUTO] 📊 ESTADÍSTICAS DE FILTRADO:
[ACTUALIZAR PAGOS · AUTO]   • Pagos TOTALES al inicio: 16709
[ACTUALIZAR PAGOS · AUTO]   • Pagos CON acta (MANTIENEN): 2800
[ACTUALIZAR PAGOS · AUTO]   • Pagos RECHAZADOS (sin coincidencias): 13909
[ACTUALIZAR PAGOS · AUTO] ⚠️  Se eliminaron 13909 registros sin número de acta
[ACTUALIZAR PAGOS · AUTO]      (recordá: esto incluye tanto pagos ya actualizados/pagados
[ACTUALIZAR PAGOS · AUTO]       como pagos que quedaron sin resolver por desbalance en el Paso 1)
[ACTUALIZAR PAGOS · AUTO] ================================================================================
[ACTUALIZAR PAGOS · AUTO] PASO 2-bis: CONFIRMANDO VIGENCIA DE PAGOS DEL SISTEMA NUEVO (contra MULTAS_JUZGADO_CRUCE)
[ACTUALIZAR PAGOS · AUTO] ================================================================================
[ACTUALIZAR PAGOS · AUTO]   ⚠ 2799 pago(s) del sistema nuevo descartados: su acta ya no figura como vencida en MULTAS_JUZGADO_CRUCE (SEMyT ya los actualizó).
[ACTUALIZAR PAGOS · AUTO]   • Pagos del sistema nuevo descartados por ya estar actualizados: 2799
[ACTUALIZAR PAGOS · AUTO] ⏱ PASO 2 (filtrar): 0.6s
[ACTUALIZAR PAGOS · AUTO] 📂 Cargando maestro de causas SIGEMI...
[ACTUALIZAR PAGOS · AUTO]   ✓ Causas totales (maestro): 134069 registros
[ACTUALIZAR PAGOS · AUTO] ⏱ PASO 2.5 (causas simplificado): 0.2s
[ACTUALIZAR PAGOS · AUTO] ================================================================================
[ACTUALIZAR PAGOS · AUTO] PASO 2.5: ARMANDO causas.txt SIMPLIFICADO (cruce contra total_causas_sigemi.txt)
[ACTUALIZAR PAGOS · AUTO] ================================================================================
[ACTUALIZAR PAGOS · AUTO]   • Actas vencidas viejas (multas): 103663
[ACTUALIZAR PAGOS · AUTO]   • Causas totales en el maestro SIGEMI: 134069
[ACTUALIZAR PAGOS · AUTO]   • Causas que coinciden (simplificado): 103333
[ACTUALIZAR PAGOS · AUTO]   ✅ Archivo escrito: backend/descargas/causas/causas.txt
[ACTUALIZAR PAGOS · AUTO] ⏱ PASO 2.5 (causas simplificado): 2.9s
[ACTUALIZAR PAGOS · AUTO] ================================================================================
[ACTUALIZAR PAGOS · AUTO] PASO 3: LLENANDO CAUSA_NUMERO (según fecha de cambio de sistema, cruzando por acta + año)
[ACTUALIZAR PAGOS · AUTO] ================================================================================
[ACTUALIZAR PAGOS · AUTO] 📊 ESTADÍSTICAS DE LLENADO DE CAUSAS:
[ACTUALIZAR PAGOS · AUTO]   • Pagos con causa ORIGINAL: 0
[ACTUALIZAR PAGOS · AUTO]   • Causas encontradas en SIGEMI (actas viejas): 1
[ACTUALIZAR PAGOS · AUTO]   • Causas NO encontradas en SIGEMI: 0
[ACTUALIZAR PAGOS · AUTO]   • Causas asignadas automáticamente (actas nuevas): 0
[ACTUALIZAR PAGOS · AUTO] ⏱ PASO 3 (llenar causas): 0.0s
[ACTUALIZAR PAGOS · AUTO] ================================================================================
[ACTUALIZAR PAGOS · AUTO] PASO 4: ORDENANDO POR FECHA Y ACTA_NUMERO
[ACTUALIZAR PAGOS · AUTO] ================================================================================
[ACTUALIZAR PAGOS · AUTO] ✓ Pagos ordenados correctamente
[ACTUALIZAR PAGOS · AUTO]   • Primera entrada: Acta=1276, Fecha=28/06/2024
[ACTUALIZAR PAGOS · AUTO]   • Última entrada: Acta=1276, Fecha=28/06/2024
[ACTUALIZAR PAGOS · AUTO] 📝 Escribiendo archivo de salida...
[ACTUALIZAR PAGOS · AUTO]   ✅ Archivo escrito: backend/descargas/pagos/2026-07-23/PAGOS 20260723 155953.txt
[ACTUALIZAR PAGOS · AUTO]   ✅ Total registros: 260
[ACTUALIZAR PAGOS · AUTO] ⏱ PASO 4 (ordenar y escribir): 0.0s
[ACTUALIZAR PAGOS · AUTO] ================================================================================
[ACTUALIZAR PAGOS · AUTO] ✅ PROCESO COMPLETADO EXITOSAMENTE
[ACTUALIZAR PAGOS · AUTO] ================================================================================
[ACTUALIZAR PAGOS · AUTO] 📊 RESUMEN FINAL DEL PROCESAMIENTO:
[ACTUALIZAR PAGOS · AUTO]   ENTRADA:
[ACTUALIZAR PAGOS · AUTO]     • Pagos originales: 16709
[ACTUALIZAR PAGOS · AUTO]     • Multas SIGEMI cargadas: 103663
[ACTUALIZAR PAGOS · AUTO]     • Multas Juzgado cargadas: 40200
[ACTUALIZAR PAGOS · AUTO]     • Causas simplificadas (usadas para el cruce): 103333
[ACTUALIZAR PAGOS · AUTO]   PROCESO:
[ACTUALIZAR PAGOS · AUTO]     • Pagos rechazados sigemi: 13909
[ACTUALIZAR PAGOS · AUTO]     • Pagos rechazados juzgado: 2799
[ACTUALIZAR PAGOS · AUTO]   SALIDA:
[ACTUALIZAR PAGOS · AUTO]     • Pagos desactualizados procesados: 1
[ACTUALIZAR PAGOS · AUTO]     • Archivo final: backend/descargas/pagos/2026-07-23/PAGOS 20260723 155953.txt
[ACTUALIZAR PAGOS · AUTO]     • Ordenados por fecha: SÍ ✓
[ACTUALIZAR PAGOS · AUTO]     • Todos con ACTA_NUMERO: SÍ ✓
[ACTUALIZAR PAGOS · AUTO]     • Todos con CAUSA_NUMERO: SÍ ✓
[ACTUALIZAR PAGOS · AUTO] ✅ TXT de pagos (ya cruzado con actas y causas) generado en: backend/descargas/pagos/2026-07-23/PAGOS 20260723 155953.txt
[ACTUALIZAR PAGOS · AUTO] 🧹 TXT de pagos crudo eliminado (ya usado en el cruce): backend/descargas/pagos/2026-07-23/PAGOS DESCARGADOS.txt
[ACTUALIZAR PAGOS · AUTO] 🧹 Excel MULTAS_SIGEMI_CRUCE eliminado (ya usado en el cruce): backend/descargas/cache_actas_cruce/MULTAS_SIGEMI_CRUCE.xlsx
[ACTUALIZAR PAGOS · AUTO] 🧹 Excel MULTAS_JUZGADO_CRUCE eliminado (ya usado en el cruce): backend/descargas/cache_actas_cruce/MULTAS_JUZGADO_CRUCE.xlsx
[ACTUALIZAR PAGOS · AUTO] ✅ CompararActasPaso finalizado. (⏱ 52.5s)
[ACTUALIZAR PAGOS · AUTO] ✓ [CompararActasPaso] Completado.
[ACTUALIZAR PAGOS · AUTO] ▶ [CargarPagosPaso] Iniciando...
[ACTUALIZAR PAGOS · AUTO] ==================================================
[ACTUALIZAR PAGOS · AUTO] 🚀 PASO: CargarPagosPaso
[ACTUALIZAR PAGOS · AUTO] ==================================================
[ACTUALIZAR PAGOS · AUTO] 📤 Subiendo TXT de pagos al SEMyT...
[ACTUALIZAR PAGOS · AUTO] ✅ Importación de pagos completada con éxito.
[ACTUALIZAR PAGOS · AUTO] ✅ Archivo TXT de pagos cargado en el SEMyT correctamente.
[ACTUALIZAR PAGOS · AUTO] ✅ CargarPagosPaso finalizado. (⏱ 3.2s)
[ACTUALIZAR PAGOS · AUTO] ✓ [CargarPagosPaso] Completado.
[ACTUALIZAR PAGOS · AUTO] === Ejecución finalizada con éxito ===
🤖 [Automático] Es hora de actualizar pagos. Arrancando...
[ACTUALIZAR PAGOS · AUTO] === Inicio de ejecución: pagos ===
[ACTUALIZAR PAGOS · AUTO] ▶ [LoginSemytPaso] Iniciando...
[ACTUALIZAR PAGOS · AUTO] ==================================================
[ACTUALIZAR PAGOS · AUTO] 🚀 PASO: LoginSemytPaso
[ACTUALIZAR PAGOS · AUTO] ==================================================
[ACTUALIZAR PAGOS · AUTO] Abriendo SEMyT...
[ACTUALIZAR PAGOS · AUTO] ✅ [SEMyT] Sesión existente detectada. Login omitido.
[ACTUALIZAR PAGOS · AUTO] ✅ LoginSemytPaso finalizado. (⏱ 4.1s)
[ACTUALIZAR PAGOS · AUTO] ✓ [LoginSemytPaso] Completado.
[ACTUALIZAR PAGOS · AUTO] ▶ [LoginJuzgadoPaso] Iniciando...
[ACTUALIZAR PAGOS · AUTO] ==================================================
[ACTUALIZAR PAGOS · AUTO] 🚀 PASO: LoginJuzgadoPaso
[ACTUALIZAR PAGOS · AUTO] ==================================================
[ACTUALIZAR PAGOS · AUTO] Abriendo sitio municipalidad (CiDi)...
[ACTUALIZAR PAGOS · AUTO] ✅ [Juzgado] Sesión existente detectada. Login omitido.
[ACTUALIZAR PAGOS · AUTO] ✅ LoginJuzgadoPaso finalizado. (⏱ 1.4s)
[ACTUALIZAR PAGOS · AUTO] ✓ [LoginJuzgadoPaso] Completado.
[ACTUALIZAR PAGOS · AUTO] ▶ [DescargasParalelasPaso] Iniciando...
[ACTUALIZAR PAGOS · AUTO] ==================================================
[ACTUALIZAR PAGOS · AUTO] 🚀 PASO: DescargasParalelasPaso
[ACTUALIZAR PAGOS · AUTO] ==================================================
[ACTUALIZAR PAGOS · AUTO] 📤 Arrancando las 3 descargas en paralelo (mismo browser, páginas separadas)...
[ACTUALIZAR PAGOS · AUTO] Fecha Desde: 27/06/2024
[ACTUALIZAR PAGOS · AUTO] Fecha Hasta: 24/11/2025
[ACTUALIZAR PAGOS · AUTO] Fecha Desde: 25/11/2025
[ACTUALIZAR PAGOS · AUTO] Fecha Hasta: 23/07/2026
[ACTUALIZAR PAGOS · AUTO] Descargando Excel...
[ACTUALIZAR PAGOS · AUTO] Descargando Excel...
⏳ [Automático] Tocaba disparar 'pagos' pero ya hay una ejecución en curso (Actualizar pagos); esperando a que termine; se reintenta en breve sin perder el turno.
[ACTUALIZAR PAGOS · AUTO] Archivo descargado en: backend/descargas/cache_actas_cruce/MULTAS_JUZGADO_CRUCE.xlsx
[ACTUALIZAR PAGOS · AUTO] ⏱ [actas_juzgado] completado en 22.2s
[ACTUALIZAR PAGOS · AUTO] Archivo descargado en: backend/descargas/cache_actas_cruce/MULTAS_SIGEMI_CRUCE.xlsx
[ACTUALIZAR PAGOS · AUTO] ⏱ [actas_sigemi] completado en 44.8s
[ACTUALIZAR PAGOS · AUTO] ✅ TXT de pagos descargado en: backend/descargas/pagos/2026-07-23/PAGOS DESCARGADOS.txt
[ACTUALIZAR PAGOS · AUTO] ⏱ [pagos_txt] completado en 50.9s
[ACTUALIZAR PAGOS · AUTO] ⏱ TOTAL descargas en paralelo: 50.9s
[ACTUALIZAR PAGOS · AUTO] ✅ DescargasParalelasPaso finalizado. (⏱ 52.4s)
[ACTUALIZAR PAGOS · AUTO] ✓ [DescargasParalelasPaso] Completado.
[ACTUALIZAR PAGOS · AUTO] ▶ [CompararActasPaso] Iniciando...
[ACTUALIZAR PAGOS · AUTO] ==================================================
[ACTUALIZAR PAGOS · AUTO] 🚀 PASO: CompararActasPaso
[ACTUALIZAR PAGOS · AUTO] ==================================================
[ACTUALIZAR PAGOS · AUTO] 🔍 Comparando actas del SEMyT contra pagos del Juzgado...
[ACTUALIZAR PAGOS · AUTO] ================================================================================
[ACTUALIZAR PAGOS · AUTO] INICIANDO PROCESO DE GENERACIÓN DE PAGOS DESACTUALIZADOS
[ACTUALIZAR PAGOS · AUTO] ================================================================================
[ACTUALIZAR PAGOS · AUTO] 📂 Cargando archivos...
[ACTUALIZAR PAGOS · AUTO]   ✓ Pagos: 16712 registros
[ACTUALIZAR PAGOS · AUTO]   ✓ Excel SIGEMI (multas vencidas viejas): 103662 registros
[ACTUALIZAR PAGOS · AUTO]   ✓ Excel Juzgado (multas vencidas nuevas): 40200 registros
[ACTUALIZAR PAGOS · AUTO] ================================================================================
[ACTUALIZAR PAGOS · AUTO] PASO 1: LLENANDO ACTA_NUMERO (búsqueda por patente + fecha, con desempate por hora)
[ACTUALIZAR PAGOS · AUTO] ================================================================================
[ACTUALIZAR PAGOS · AUTO] 📊 ESTADÍSTICAS DE LLENADO DE ACTAS:
[ACTUALIZAR PAGOS · AUTO]   • Pagos con acta ORIGINAL: 2802
[ACTUALIZAR PAGOS · AUTO]   • Pagos SIN acta (buscados): 13910
[ACTUALIZAR PAGOS · AUTO]   • Pagos LLENADOS exitosamente: 0
[ACTUALIZAR PAGOS · AUTO]   • Pagos NO encontrados en multas: 13910
[ACTUALIZAR PAGOS · AUTO]   • Pagos SIN RESOLVER por desbalance de cantidades: 0
[ACTUALIZAR PAGOS · AUTO] ================================================================================
[ACTUALIZAR PAGOS · AUTO] PASO 1: LLENANDO ACTA_NUMERO (búsqueda por patente + fecha, con desempate por hora)
[ACTUALIZAR PAGOS · AUTO] ================================================================================
[ACTUALIZAR PAGOS · AUTO] 📊 ESTADÍSTICAS DE LLENADO DE ACTAS:
[ACTUALIZAR PAGOS · AUTO]   • Pagos con acta ORIGINAL: 2802
[ACTUALIZAR PAGOS · AUTO]   • Pagos SIN acta (buscados): 13910
[ACTUALIZAR PAGOS · AUTO]   • Pagos LLENADOS exitosamente: 0
[ACTUALIZAR PAGOS · AUTO]   • Pagos NO encontrados en multas: 13910
[ACTUALIZAR PAGOS · AUTO]   • Pagos SIN RESOLVER por desbalance de cantidades: 0
[ACTUALIZAR PAGOS · AUTO] ⏱ PASO 1 (llenar actas): 19.7s
[ACTUALIZAR PAGOS · AUTO] ================================================================================
[ACTUALIZAR PAGOS · AUTO] PASO 2: FILTRANDO PAGOS CON ACTA_NUMERO COMPLETO
[ACTUALIZAR PAGOS · AUTO] ================================================================================
[ACTUALIZAR PAGOS · AUTO] 📊 ESTADÍSTICAS DE FILTRADO:
[ACTUALIZAR PAGOS · AUTO]   • Pagos TOTALES al inicio: 16712
[ACTUALIZAR PAGOS · AUTO]   • Pagos CON acta (MANTIENEN): 2802
[ACTUALIZAR PAGOS · AUTO]   • Pagos RECHAZADOS (sin coincidencias): 13910
[ACTUALIZAR PAGOS · AUTO] ⚠️  Se eliminaron 13910 registros sin número de acta
[ACTUALIZAR PAGOS · AUTO]      (recordá: esto incluye tanto pagos ya actualizados/pagados
[ACTUALIZAR PAGOS · AUTO]       como pagos que quedaron sin resolver por desbalance en el Paso 1)
[ACTUALIZAR PAGOS · AUTO] ================================================================================
[ACTUALIZAR PAGOS · AUTO] PASO 2-bis: CONFIRMANDO VIGENCIA DE PAGOS DEL SISTEMA NUEVO (contra MULTAS_JUZGADO_CRUCE)
[ACTUALIZAR PAGOS · AUTO] ================================================================================
[ACTUALIZAR PAGOS · AUTO]   ⚠ 2799 pago(s) del sistema nuevo descartados: su acta ya no figura como vencida en MULTAS_JUZGADO_CRUCE (SEMyT ya los actualizó).
[ACTUALIZAR PAGOS · AUTO]   • Pagos del sistema nuevo descartados por ya estar actualizados: 2799
[ACTUALIZAR PAGOS · AUTO] ⏱ PASO 2 (filtrar): 1.3s
[ACTUALIZAR PAGOS · AUTO] 📂 Cargando maestro de causas SIGEMI...
[ACTUALIZAR PAGOS · AUTO]   ✓ Causas totales (maestro): 134069 registros
[ACTUALIZAR PAGOS · AUTO] ⏱ PASO 2.5 (causas simplificado): 0.2s
[ACTUALIZAR PAGOS · AUTO] ================================================================================
[ACTUALIZAR PAGOS · AUTO] PASO 2.5: ARMANDO causas.txt SIMPLIFICADO (cruce contra total_causas_sigemi.txt)
[ACTUALIZAR PAGOS · AUTO] ================================================================================
[ACTUALIZAR PAGOS · AUTO]   • Actas vencidas viejas (multas): 103662
[ACTUALIZAR PAGOS · AUTO]   • Causas totales en el maestro SIGEMI: 134069
[ACTUALIZAR PAGOS · AUTO]   • Causas que coinciden (simplificado): 103332
[ACTUALIZAR PAGOS · AUTO]   ✅ Archivo escrito: backend/descargas/causas/causas.txt
[ACTUALIZAR PAGOS · AUTO] ⏱ PASO 2.5 (causas simplificado): 2.9s
[ACTUALIZAR PAGOS · AUTO] ================================================================================
[ACTUALIZAR PAGOS · AUTO] PASO 3: LLENANDO CAUSA_NUMERO (según fecha de cambio de sistema, cruzando por acta + año)
[ACTUALIZAR PAGOS · AUTO] ================================================================================
[ACTUALIZAR PAGOS · AUTO] 📊 ESTADÍSTICAS DE LLENADO DE CAUSAS:
[ACTUALIZAR PAGOS · AUTO]   • Pagos con causa ORIGINAL: 3
[ACTUALIZAR PAGOS · AUTO]   • Causas encontradas en SIGEMI (actas viejas): 0
[ACTUALIZAR PAGOS · AUTO]   • Causas NO encontradas en SIGEMI: 0
[ACTUALIZAR PAGOS · AUTO]   • Causas asignadas automáticamente (actas nuevas): 0
[ACTUALIZAR PAGOS · AUTO] ⏱ PASO 3 (llenar causas): 0.0s
[ACTUALIZAR PAGOS · AUTO] ================================================================================
[ACTUALIZAR PAGOS · AUTO] PASO 4: ORDENANDO POR FECHA Y ACTA_NUMERO
[ACTUALIZAR PAGOS · AUTO] ================================================================================
[ACTUALIZAR PAGOS · AUTO] ✓ Pagos ordenados correctamente
[ACTUALIZAR PAGOS · AUTO]   • Primera entrada: Acta=261827, Fecha=03/02/2026
[ACTUALIZAR PAGOS · AUTO]   • Última entrada: Acta=271867, Fecha=25/02/2026
[ACTUALIZAR PAGOS · AUTO] 📝 Escribiendo archivo de salida...
[ACTUALIZAR PAGOS · AUTO]   ✅ Archivo escrito: backend/descargas/pagos/2026-07-23/PAGOS 20260723 161154.txt
[ACTUALIZAR PAGOS · AUTO]   ✅ Total registros: 480
[ACTUALIZAR PAGOS · AUTO] ⏱ PASO 4 (ordenar y escribir): 0.0s
[ACTUALIZAR PAGOS · AUTO] ================================================================================
[ACTUALIZAR PAGOS · AUTO] ✅ PROCESO COMPLETADO EXITOSAMENTE
[ACTUALIZAR PAGOS · AUTO] ================================================================================
[ACTUALIZAR PAGOS · AUTO] 📊 RESUMEN FINAL DEL PROCESAMIENTO:
[ACTUALIZAR PAGOS · AUTO]   ENTRADA:
[ACTUALIZAR PAGOS · AUTO]     • Pagos originales: 16712
[ACTUALIZAR PAGOS · AUTO]     • Multas SIGEMI cargadas: 103662
[ACTUALIZAR PAGOS · AUTO]     • Multas Juzgado cargadas: 40200
[ACTUALIZAR PAGOS · AUTO]     • Causas simplificadas (usadas para el cruce): 103332
[ACTUALIZAR PAGOS · AUTO]   PROCESO:
[ACTUALIZAR PAGOS · AUTO]     • Pagos rechazados sigemi: 13910
[ACTUALIZAR PAGOS · AUTO]     • Pagos rechazados juzgado: 2799
[ACTUALIZAR PAGOS · AUTO]   SALIDA:
[ACTUALIZAR PAGOS · AUTO]     • Pagos desactualizados procesados: 3
[ACTUALIZAR PAGOS · AUTO]     • Archivo final: backend/descargas/pagos/2026-07-23/PAGOS 20260723 161154.txt
[ACTUALIZAR PAGOS · AUTO]     • Ordenados por fecha: SÍ ✓
[ACTUALIZAR PAGOS · AUTO]     • Todos con ACTA_NUMERO: SÍ ✓
[ACTUALIZAR PAGOS · AUTO]     • Todos con CAUSA_NUMERO: SÍ ✓
[ACTUALIZAR PAGOS · AUTO] ✅ TXT de pagos (ya cruzado con actas y causas) generado en: backend/descargas/pagos/2026-07-23/PAGOS 20260723 161154.txt
[ACTUALIZAR PAGOS · AUTO] 🧹 TXT de pagos crudo eliminado (ya usado en el cruce): backend/descargas/pagos/2026-07-23/PAGOS DESCARGADOS.txt
[ACTUALIZAR PAGOS · AUTO] 🧹 Excel MULTAS_SIGEMI_CRUCE eliminado (ya usado en el cruce): backend/descargas/cache_actas_cruce/MULTAS_SIGEMI_CRUCE.xlsx
[ACTUALIZAR PAGOS · AUTO] 🧹 Excel MULTAS_JUZGADO_CRUCE eliminado (ya usado en el cruce): backend/descargas/cache_actas_cruce/MULTAS_JUZGADO_CRUCE.xlsx
[ACTUALIZAR PAGOS · AUTO] ✅ CompararActasPaso finalizado. (⏱ 54.3s)
[ACTUALIZAR PAGOS · AUTO] ✓ [CompararActasPaso] Completado.
[ACTUALIZAR PAGOS · AUTO] ▶ [CargarPagosPaso] Iniciando...
[ACTUALIZAR PAGOS · AUTO] ==================================================
[ACTUALIZAR PAGOS · AUTO] 🚀 PASO: CargarPagosPaso
[ACTUALIZAR PAGOS · AUTO] ==================================================
[ACTUALIZAR PAGOS · AUTO] 📤 Subiendo TXT de pagos al SEMyT...
[ACTUALIZAR PAGOS · AUTO] ✅ Importación de pagos completada con éxito.
[ACTUALIZAR PAGOS · AUTO] ✅ Archivo TXT de pagos cargado en el SEMyT correctamente.
[ACTUALIZAR PAGOS · AUTO] ✅ CargarPagosPaso finalizado. (⏱ 3.0s)
[ACTUALIZAR PAGOS · AUTO] ✓ [CargarPagosPaso] Completado.
[ACTUALIZAR PAGOS · AUTO] === Ejecución finalizada con éxito ===
🤖 [Automático] Es hora de actualizar pagos. Arrancando...
[ACTUALIZAR PAGOS · AUTO] === Inicio de ejecución: pagos ===
[ACTUALIZAR PAGOS · AUTO] ▶ [LoginSemytPaso] Iniciando...
[ACTUALIZAR PAGOS · AUTO] ==================================================
[ACTUALIZAR PAGOS · AUTO] 🚀 PASO: LoginSemytPaso
[ACTUALIZAR PAGOS · AUTO] ==================================================
[ACTUALIZAR PAGOS · AUTO] Abriendo SEMyT...
[ACTUALIZAR PAGOS · AUTO] ✅ [SEMyT] Sesión existente detectada. Login omitido.
[ACTUALIZAR PAGOS · AUTO] ✅ LoginSemytPaso finalizado. (⏱ 4.1s)
[ACTUALIZAR PAGOS · AUTO] ✓ [LoginSemytPaso] Completado.
[ACTUALIZAR PAGOS · AUTO] ▶ [LoginJuzgadoPaso] Iniciando...
[ACTUALIZAR PAGOS · AUTO] ==================================================
[ACTUALIZAR PAGOS · AUTO] 🚀 PASO: LoginJuzgadoPaso
[ACTUALIZAR PAGOS · AUTO] ==================================================
[ACTUALIZAR PAGOS · AUTO] Abriendo sitio municipalidad (CiDi)...
[ACTUALIZAR PAGOS · AUTO] ✅ [Juzgado] Sesión existente detectada. Login omitido.
[ACTUALIZAR PAGOS · AUTO] ✅ LoginJuzgadoPaso finalizado. (⏱ 1.3s)
[ACTUALIZAR PAGOS · AUTO] ✓ [LoginJuzgadoPaso] Completado.
[ACTUALIZAR PAGOS · AUTO] ▶ [DescargasParalelasPaso] Iniciando...
[ACTUALIZAR PAGOS · AUTO] ==================================================
[ACTUALIZAR PAGOS · AUTO] 🚀 PASO: DescargasParalelasPaso
[ACTUALIZAR PAGOS · AUTO] ==================================================
[ACTUALIZAR PAGOS · AUTO] 📤 Arrancando las 3 descargas en paralelo (mismo browser, páginas separadas)...
[ACTUALIZAR PAGOS · AUTO] Fecha Desde: 27/06/2024
[ACTUALIZAR PAGOS · AUTO] Fecha Hasta: 24/11/2025
[ACTUALIZAR PAGOS · AUTO] Fecha Desde: 25/11/2025
[ACTUALIZAR PAGOS · AUTO] Fecha Hasta: 23/07/2026
[ACTUALIZAR PAGOS · AUTO] Descargando Excel...
[ACTUALIZAR PAGOS · AUTO] Descargando Excel...
⏳ [Automático] Tocaba disparar 'pagos' pero ya hay una ejecución en curso (Actualizar pagos); esperando a que termine; se reintenta en breve sin perder el turno.
[ACTUALIZAR PAGOS · AUTO] Archivo descargado en: backend/descargas/cache_actas_cruce/MULTAS_JUZGADO_CRUCE.xlsx
[ACTUALIZAR PAGOS · AUTO] ⏱ [actas_juzgado] completado en 20.2s
[ACTUALIZAR PAGOS · AUTO] Archivo descargado en: backend/descargas/cache_actas_cruce/MULTAS_SIGEMI_CRUCE.xlsx
[ACTUALIZAR PAGOS · AUTO] ⏱ [actas_sigemi] completado en 42.9s
[ACTUALIZAR PAGOS · AUTO] ✅ TXT de pagos descargado en: backend/descargas/pagos/2026-07-23/PAGOS DESCARGADOS.txt
[ACTUALIZAR PAGOS · AUTO] ⏱ [pagos_txt] completado en 42.9s
[ACTUALIZAR PAGOS · AUTO] ⏱ TOTAL descargas en paralelo: 42.9s
[ACTUALIZAR PAGOS · AUTO] ✅ DescargasParalelasPaso finalizado. (⏱ 44.4s)
[ACTUALIZAR PAGOS · AUTO] ✓ [DescargasParalelasPaso] Completado.
[ACTUALIZAR PAGOS · AUTO] ▶ [CompararActasPaso] Iniciando...
[ACTUALIZAR PAGOS · AUTO] ==================================================
[ACTUALIZAR PAGOS · AUTO] 🚀 PASO: CompararActasPaso
[ACTUALIZAR PAGOS · AUTO] ==================================================
[ACTUALIZAR PAGOS · AUTO] 🔍 Comparando actas del SEMyT contra pagos del Juzgado...
[ACTUALIZAR PAGOS · AUTO] ================================================================================
[ACTUALIZAR PAGOS · AUTO] INICIANDO PROCESO DE GENERACIÓN DE PAGOS DESACTUALIZADOS
[ACTUALIZAR PAGOS · AUTO] ================================================================================
[ACTUALIZAR PAGOS · AUTO] 📂 Cargando archivos...
[ACTUALIZAR PAGOS · AUTO]   ✓ Pagos: 16714 registros
[ACTUALIZAR PAGOS · AUTO]   ✓ Excel SIGEMI (multas vencidas viejas): 103662 registros
[ACTUALIZAR PAGOS · AUTO]   ✓ Excel Juzgado (multas vencidas nuevas): 40197 registros
[ACTUALIZAR PAGOS · AUTO] ================================================================================
[ACTUALIZAR PAGOS · AUTO] PASO 1: LLENANDO ACTA_NUMERO (búsqueda por patente + fecha, con desempate por hora)
[ACTUALIZAR PAGOS · AUTO] ================================================================================
[ACTUALIZAR PAGOS · AUTO] 📊 ESTADÍSTICAS DE LLENADO DE ACTAS:
[ACTUALIZAR PAGOS · AUTO]   • Pagos con acta ORIGINAL: 2803
[ACTUALIZAR PAGOS · AUTO]   • Pagos SIN acta (buscados): 13911
[ACTUALIZAR PAGOS · AUTO]   • Pagos LLENADOS exitosamente: 1
[ACTUALIZAR PAGOS · AUTO]   • Pagos NO encontrados en multas: 13910
[ACTUALIZAR PAGOS · AUTO]   • Pagos SIN RESOLVER por desbalance de cantidades: 0
[ACTUALIZAR PAGOS · AUTO] ================================================================================
[ACTUALIZAR PAGOS · AUTO] PASO 1: LLENANDO ACTA_NUMERO (búsqueda por patente + fecha, con desempate por hora)
[ACTUALIZAR PAGOS · AUTO] ================================================================================
[ACTUALIZAR PAGOS · AUTO] 📊 ESTADÍSTICAS DE LLENADO DE ACTAS:
[ACTUALIZAR PAGOS · AUTO]   • Pagos con acta ORIGINAL: 2804
[ACTUALIZAR PAGOS · AUTO]   • Pagos SIN acta (buscados): 13910
[ACTUALIZAR PAGOS · AUTO]   • Pagos LLENADOS exitosamente: 0
[ACTUALIZAR PAGOS · AUTO]   • Pagos NO encontrados en multas: 13910
[ACTUALIZAR PAGOS · AUTO]   • Pagos SIN RESOLVER por desbalance de cantidades: 0
[ACTUALIZAR PAGOS · AUTO] ⏱ PASO 1 (llenar actas): 19.5s
[ACTUALIZAR PAGOS · AUTO] ================================================================================
[ACTUALIZAR PAGOS · AUTO] PASO 2: FILTRANDO PAGOS CON ACTA_NUMERO COMPLETO
[ACTUALIZAR PAGOS · AUTO] ================================================================================
[ACTUALIZAR PAGOS · AUTO] 📊 ESTADÍSTICAS DE FILTRADO:
[ACTUALIZAR PAGOS · AUTO]   • Pagos TOTALES al inicio: 16714
[ACTUALIZAR PAGOS · AUTO]   • Pagos CON acta (MANTIENEN): 2804
[ACTUALIZAR PAGOS · AUTO]   • Pagos RECHAZADOS (sin coincidencias): 13910
[ACTUALIZAR PAGOS · AUTO] ⚠️  Se eliminaron 13910 registros sin número de acta
[ACTUALIZAR PAGOS · AUTO]      (recordá: esto incluye tanto pagos ya actualizados/pagados
[ACTUALIZAR PAGOS · AUTO]       como pagos que quedaron sin resolver por desbalance en el Paso 1)
[ACTUALIZAR PAGOS · AUTO] ================================================================================
[ACTUALIZAR PAGOS · AUTO] PASO 2-bis: CONFIRMANDO VIGENCIA DE PAGOS DEL SISTEMA NUEVO (contra MULTAS_JUZGADO_CRUCE)
[ACTUALIZAR PAGOS · AUTO] ================================================================================
[ACTUALIZAR PAGOS · AUTO]   ⚠ 2802 pago(s) del sistema nuevo descartados: su acta ya no figura como vencida en MULTAS_JUZGADO_CRUCE (SEMyT ya los actualizó).
[ACTUALIZAR PAGOS · AUTO]   • Pagos del sistema nuevo descartados por ya estar actualizados: 2802
[ACTUALIZAR PAGOS · AUTO] ⏱ PASO 2 (filtrar): 1.3s
[ACTUALIZAR PAGOS · AUTO] 📂 Cargando maestro de causas SIGEMI...
[ACTUALIZAR PAGOS · AUTO]   ✓ Causas totales (maestro): 134069 registros
[ACTUALIZAR PAGOS · AUTO] ⏱ PASO 2.5 (causas simplificado): 0.2s
[ACTUALIZAR PAGOS · AUTO] ================================================================================
[ACTUALIZAR PAGOS · AUTO] PASO 2.5: ARMANDO causas.txt SIMPLIFICADO (cruce contra total_causas_sigemi.txt)
[ACTUALIZAR PAGOS · AUTO] ================================================================================
[ACTUALIZAR PAGOS · AUTO]   • Actas vencidas viejas (multas): 103662
[ACTUALIZAR PAGOS · AUTO]   • Causas totales en el maestro SIGEMI: 134069
[ACTUALIZAR PAGOS · AUTO]   • Causas que coinciden (simplificado): 103332
[ACTUALIZAR PAGOS · AUTO]   ✅ Archivo escrito: backend/descargas/causas/causas.txt
[ACTUALIZAR PAGOS · AUTO] ⏱ PASO 2.5 (causas simplificado): 2.9s
[ACTUALIZAR PAGOS · AUTO] ================================================================================
[ACTUALIZAR PAGOS · AUTO] PASO 3: LLENANDO CAUSA_NUMERO (según fecha de cambio de sistema, cruzando por acta + año)
[ACTUALIZAR PAGOS · AUTO] ================================================================================
[ACTUALIZAR PAGOS · AUTO] 📊 ESTADÍSTICAS DE LLENADO DE CAUSAS:
[ACTUALIZAR PAGOS · AUTO]   • Pagos con causa ORIGINAL: 1
[ACTUALIZAR PAGOS · AUTO]   • Causas encontradas en SIGEMI (actas viejas): 1
[ACTUALIZAR PAGOS · AUTO]   • Causas NO encontradas en SIGEMI: 0
[ACTUALIZAR PAGOS · AUTO]   • Causas asignadas automáticamente (actas nuevas): 0
[ACTUALIZAR PAGOS · AUTO] ⏱ PASO 3 (llenar causas): 0.0s
[ACTUALIZAR PAGOS · AUTO] ================================================================================
[ACTUALIZAR PAGOS · AUTO] PASO 4: ORDENANDO POR FECHA Y ACTA_NUMERO
[ACTUALIZAR PAGOS · AUTO] ================================================================================
[ACTUALIZAR PAGOS · AUTO] ✓ Pagos ordenados correctamente
[ACTUALIZAR PAGOS · AUTO]   • Primera entrada: Acta=212086, Fecha=30/09/2025
[ACTUALIZAR PAGOS · AUTO]   • Última entrada: Acta=270448, Fecha=24/02/2026
[ACTUALIZAR PAGOS · AUTO] 📝 Escribiendo archivo de salida...
[ACTUALIZAR PAGOS · AUTO]   ✅ Archivo escrito: backend/descargas/pagos/2026-07-23/PAGOS 20260723 162353.txt
[ACTUALIZAR PAGOS · AUTO]   ✅ Total registros: 372
[ACTUALIZAR PAGOS · AUTO] ⏱ PASO 4 (ordenar y escribir): 0.0s
[ACTUALIZAR PAGOS · AUTO] ================================================================================
[ACTUALIZAR PAGOS · AUTO] ✅ PROCESO COMPLETADO EXITOSAMENTE
[ACTUALIZAR PAGOS · AUTO] ================================================================================
[ACTUALIZAR PAGOS · AUTO] 📊 RESUMEN FINAL DEL PROCESAMIENTO:
[ACTUALIZAR PAGOS · AUTO]   ENTRADA:
[ACTUALIZAR PAGOS · AUTO]     • Pagos originales: 16714
[ACTUALIZAR PAGOS · AUTO]     • Multas SIGEMI cargadas: 103662
[ACTUALIZAR PAGOS · AUTO]     • Multas Juzgado cargadas: 40197
[ACTUALIZAR PAGOS · AUTO]     • Causas simplificadas (usadas para el cruce): 103332
[ACTUALIZAR PAGOS · AUTO]   PROCESO:
[ACTUALIZAR PAGOS · AUTO]     • Pagos rechazados sigemi: 13910
[ACTUALIZAR PAGOS · AUTO]     • Pagos rechazados juzgado: 2802
[ACTUALIZAR PAGOS · AUTO]   SALIDA:
[ACTUALIZAR PAGOS · AUTO]     • Pagos desactualizados procesados: 2
[ACTUALIZAR PAGOS · AUTO]     • Archivo final: backend/descargas/pagos/2026-07-23/PAGOS 20260723 162353.txt
[ACTUALIZAR PAGOS · AUTO]     • Ordenados por fecha: SÍ ✓
[ACTUALIZAR PAGOS · AUTO]     • Todos con ACTA_NUMERO: SÍ ✓
[ACTUALIZAR PAGOS · AUTO]     • Todos con CAUSA_NUMERO: SÍ ✓
[ACTUALIZAR PAGOS · AUTO] ✅ TXT de pagos (ya cruzado con actas y causas) generado en: backend/descargas/pagos/2026-07-23/PAGOS 20260723 162353.txt
[ACTUALIZAR PAGOS · AUTO] 🧹 TXT de pagos crudo eliminado (ya usado en el cruce): backend/descargas/pagos/2026-07-23/PAGOS DESCARGADOS.txt
[ACTUALIZAR PAGOS · AUTO] 🧹 Excel MULTAS_SIGEMI_CRUCE eliminado (ya usado en el cruce): backend/descargas/cache_actas_cruce/MULTAS_SIGEMI_CRUCE.xlsx
[ACTUALIZAR PAGOS · AUTO] 🧹 Excel MULTAS_JUZGADO_CRUCE eliminado (ya usado en el cruce): backend/descargas/cache_actas_cruce/MULTAS_JUZGADO_CRUCE.xlsx
[ACTUALIZAR PAGOS · AUTO] ✅ CompararActasPaso finalizado. (⏱ 54.0s)
[ACTUALIZAR PAGOS · AUTO] ✓ [CompararActasPaso] Completado.
[ACTUALIZAR PAGOS · AUTO] ▶ [CargarPagosPaso] Iniciando...
[ACTUALIZAR PAGOS · AUTO] ==================================================
[ACTUALIZAR PAGOS · AUTO] 🚀 PASO: CargarPagosPaso
[ACTUALIZAR PAGOS · AUTO] ==================================================
[ACTUALIZAR PAGOS · AUTO] 📤 Subiendo TXT de pagos al SEMyT...
[ACTUALIZAR PAGOS · AUTO] ✅ Importación de pagos completada con éxito.
[ACTUALIZAR PAGOS · AUTO] ✅ Archivo TXT de pagos cargado en el SEMyT correctamente.
[ACTUALIZAR PAGOS · AUTO] ✅ CargarPagosPaso finalizado. (⏱ 4.1s)
[ACTUALIZAR PAGOS · AUTO] ✓ [CargarPagosPaso] Completado.
[ACTUALIZAR PAGOS · AUTO] === Ejecución finalizada con éxito ===
🤖 [Automático] Es hora de actualizar pagos. Arrancando...
[ACTUALIZAR PAGOS · AUTO] === Inicio de ejecución: pagos ===
[ACTUALIZAR PAGOS · AUTO] ▶ [LoginSemytPaso] Iniciando...
[ACTUALIZAR PAGOS · AUTO] ==================================================
[ACTUALIZAR PAGOS · AUTO] 🚀 PASO: LoginSemytPaso
[ACTUALIZAR PAGOS · AUTO] ==================================================
[ACTUALIZAR PAGOS · AUTO] Abriendo SEMyT...
[ACTUALIZAR PAGOS · AUTO] ✅ [SEMyT] Sesión existente detectada. Login omitido.
[ACTUALIZAR PAGOS · AUTO] ✅ LoginSemytPaso finalizado. (⏱ 4.5s)
[ACTUALIZAR PAGOS · AUTO] ✓ [LoginSemytPaso] Completado.
[ACTUALIZAR PAGOS · AUTO] ▶ [LoginJuzgadoPaso] Iniciando...
[ACTUALIZAR PAGOS · AUTO] ==================================================
[ACTUALIZAR PAGOS · AUTO] 🚀 PASO: LoginJuzgadoPaso
[ACTUALIZAR PAGOS · AUTO] ==================================================
[ACTUALIZAR PAGOS · AUTO] Abriendo sitio municipalidad (CiDi)...
[ACTUALIZAR PAGOS · AUTO] ✅ [Juzgado] Sesión existente detectada. Login omitido.
[ACTUALIZAR PAGOS · AUTO] ✅ LoginJuzgadoPaso finalizado. (⏱ 1.2s)
[ACTUALIZAR PAGOS · AUTO] ✓ [LoginJuzgadoPaso] Completado.
[ACTUALIZAR PAGOS · AUTO] ▶ [DescargasParalelasPaso] Iniciando...
[ACTUALIZAR PAGOS · AUTO] ==================================================
[ACTUALIZAR PAGOS · AUTO] 🚀 PASO: DescargasParalelasPaso
[ACTUALIZAR PAGOS · AUTO] ==================================================
[ACTUALIZAR PAGOS · AUTO] 📤 Arrancando las 3 descargas en paralelo (mismo browser, páginas separadas)...
[ACTUALIZAR PAGOS · AUTO] Fecha Desde: 27/06/2024
[ACTUALIZAR PAGOS · AUTO] Fecha Hasta: 24/11/2025
[ACTUALIZAR PAGOS · AUTO] Fecha Desde: 25/11/2025
[ACTUALIZAR PAGOS · AUTO] Fecha Hasta: 23/07/2026
[ACTUALIZAR PAGOS · AUTO] Descargando Excel...
[ACTUALIZAR PAGOS · AUTO] Descargando Excel...
⏳ [Automático] Tocaba disparar 'pagos' pero ya hay una ejecución en curso (Actualizar pagos); esperando a que termine; se reintenta en breve sin perder el turno.
[ACTUALIZAR PAGOS · AUTO] Archivo descargado en: backend/descargas/cache_actas_cruce/MULTAS_JUZGADO_CRUCE.xlsx
[ACTUALIZAR PAGOS · AUTO] ⏱ [actas_juzgado] completado en 21.6s
[ACTUALIZAR PAGOS · AUTO] Archivo descargado en: backend/descargas/cache_actas_cruce/MULTAS_SIGEMI_CRUCE.xlsx
[ACTUALIZAR PAGOS · AUTO] ⏱ [actas_sigemi] completado en 45.4s
[ACTUALIZAR PAGOS · AUTO] ✅ TXT de pagos descargado en: backend/descargas/pagos/2026-07-23/PAGOS DESCARGADOS.txt
[ACTUALIZAR PAGOS · AUTO] ⏱ [pagos_txt] completado en 47.5s
[ACTUALIZAR PAGOS · AUTO] ⏱ TOTAL descargas en paralelo: 47.5s
[ACTUALIZAR PAGOS · AUTO] ✅ DescargasParalelasPaso finalizado. (⏱ 48.9s)
[ACTUALIZAR PAGOS · AUTO] ✓ [DescargasParalelasPaso] Completado.
[ACTUALIZAR PAGOS · AUTO] ▶ [CompararActasPaso] Iniciando...
[ACTUALIZAR PAGOS · AUTO] ==================================================
[ACTUALIZAR PAGOS · AUTO] 🚀 PASO: CompararActasPaso
[ACTUALIZAR PAGOS · AUTO] ==================================================
[ACTUALIZAR PAGOS · AUTO] 🔍 Comparando actas del SEMyT contra pagos del Juzgado...
[ACTUALIZAR PAGOS · AUTO] ================================================================================
[ACTUALIZAR PAGOS · AUTO] INICIANDO PROCESO DE GENERACIÓN DE PAGOS DESACTUALIZADOS
[ACTUALIZAR PAGOS · AUTO] ================================================================================
[ACTUALIZAR PAGOS · AUTO] 📂 Cargando archivos...
[ACTUALIZAR PAGOS · AUTO]   ✓ Pagos: 16715 registros
[ACTUALIZAR PAGOS · AUTO]   ✓ Excel SIGEMI (multas vencidas viejas): 103661 registros
[ACTUALIZAR PAGOS · AUTO]   ✓ Excel Juzgado (multas vencidas nuevas): 40196 registros
[ACTUALIZAR PAGOS · AUTO] ================================================================================
[ACTUALIZAR PAGOS · AUTO] PASO 1: LLENANDO ACTA_NUMERO (búsqueda por patente + fecha, con desempate por hora)
[ACTUALIZAR PAGOS · AUTO] ================================================================================
[ACTUALIZAR PAGOS · AUTO] 📊 ESTADÍSTICAS DE LLENADO DE ACTAS:
[ACTUALIZAR PAGOS · AUTO]   • Pagos con acta ORIGINAL: 2804
[ACTUALIZAR PAGOS · AUTO]   • Pagos SIN acta (buscados): 13911
[ACTUALIZAR PAGOS · AUTO]   • Pagos LLENADOS exitosamente: 0
[ACTUALIZAR PAGOS · AUTO]   • Pagos NO encontrados en multas: 13911
[ACTUALIZAR PAGOS · AUTO]   • Pagos SIN RESOLVER por desbalance de cantidades: 0
[ACTUALIZAR PAGOS · AUTO] ================================================================================
[ACTUALIZAR PAGOS · AUTO] PASO 1: LLENANDO ACTA_NUMERO (búsqueda por patente + fecha, con desempate por hora)
[ACTUALIZAR PAGOS · AUTO] ================================================================================
[ACTUALIZAR PAGOS · AUTO] 📊 ESTADÍSTICAS DE LLENADO DE ACTAS:
[ACTUALIZAR PAGOS · AUTO]   • Pagos con acta ORIGINAL: 2804
[ACTUALIZAR PAGOS · AUTO]   • Pagos SIN acta (buscados): 13911
[ACTUALIZAR PAGOS · AUTO]   • Pagos LLENADOS exitosamente: 0
[ACTUALIZAR PAGOS · AUTO]   • Pagos NO encontrados en multas: 13911
[ACTUALIZAR PAGOS · AUTO]   • Pagos SIN RESOLVER por desbalance de cantidades: 0
[ACTUALIZAR PAGOS · AUTO] ⏱ PASO 1 (llenar actas): 19.4s
[ACTUALIZAR PAGOS · AUTO] ================================================================================
[ACTUALIZAR PAGOS · AUTO] PASO 2: FILTRANDO PAGOS CON ACTA_NUMERO COMPLETO
[ACTUALIZAR PAGOS · AUTO] ================================================================================
[ACTUALIZAR PAGOS · AUTO] 📊 ESTADÍSTICAS DE FILTRADO:
[ACTUALIZAR PAGOS · AUTO]   • Pagos TOTALES al inicio: 16715
[ACTUALIZAR PAGOS · AUTO]   • Pagos CON acta (MANTIENEN): 2804
[ACTUALIZAR PAGOS · AUTO]   • Pagos RECHAZADOS (sin coincidencias): 13911
[ACTUALIZAR PAGOS · AUTO] ⚠️  Se eliminaron 13911 registros sin número de acta
[ACTUALIZAR PAGOS · AUTO]      (recordá: esto incluye tanto pagos ya actualizados/pagados
[ACTUALIZAR PAGOS · AUTO]       como pagos que quedaron sin resolver por desbalance en el Paso 1)
[ACTUALIZAR PAGOS · AUTO] ================================================================================
[ACTUALIZAR PAGOS · AUTO] PASO 2-bis: CONFIRMANDO VIGENCIA DE PAGOS DEL SISTEMA NUEVO (contra MULTAS_JUZGADO_CRUCE)
[ACTUALIZAR PAGOS · AUTO] ================================================================================
[ACTUALIZAR PAGOS · AUTO]   ⚠ 2803 pago(s) del sistema nuevo descartados: su acta ya no figura como vencida en MULTAS_JUZGADO_CRUCE (SEMyT ya los actualizó).
[ACTUALIZAR PAGOS · AUTO]   • Pagos del sistema nuevo descartados por ya estar actualizados: 2803
[ACTUALIZAR PAGOS · AUTO] ⏱ PASO 2 (filtrar): 0.5s
[ACTUALIZAR PAGOS · AUTO] 📂 Cargando maestro de causas SIGEMI...
[ACTUALIZAR PAGOS · AUTO]   ✓ Causas totales (maestro): 134069 registros
[ACTUALIZAR PAGOS · AUTO] ⏱ PASO 2.5 (causas simplificado): 0.1s
[ACTUALIZAR PAGOS · AUTO] ================================================================================
[ACTUALIZAR PAGOS · AUTO] PASO 2.5: ARMANDO causas.txt SIMPLIFICADO (cruce contra total_causas_sigemi.txt)
[ACTUALIZAR PAGOS · AUTO] ================================================================================
[ACTUALIZAR PAGOS · AUTO]   • Actas vencidas viejas (multas): 103661
[ACTUALIZAR PAGOS · AUTO]   • Causas totales en el maestro SIGEMI: 134069
[ACTUALIZAR PAGOS · AUTO]   • Causas que coinciden (simplificado): 103331
[ACTUALIZAR PAGOS · AUTO]   ✅ Archivo escrito: backend/descargas/causas/causas.txt
[ACTUALIZAR PAGOS · AUTO] ⏱ PASO 2.5 (causas simplificado): 1.5s
[ACTUALIZAR PAGOS · AUTO] ================================================================================
[ACTUALIZAR PAGOS · AUTO] PASO 3: LLENANDO CAUSA_NUMERO (según fecha de cambio de sistema, cruzando por acta + año)
[ACTUALIZAR PAGOS · AUTO] ================================================================================
[ACTUALIZAR PAGOS · AUTO] 📊 ESTADÍSTICAS DE LLENADO DE CAUSAS:
[ACTUALIZAR PAGOS · AUTO]   • Pagos con causa ORIGINAL: 1
[ACTUALIZAR PAGOS · AUTO]   • Causas encontradas en SIGEMI (actas viejas): 0
[ACTUALIZAR PAGOS · AUTO]   • Causas NO encontradas en SIGEMI: 0
[ACTUALIZAR PAGOS · AUTO]   • Causas asignadas automáticamente (actas nuevas): 0
[ACTUALIZAR PAGOS · AUTO] ⏱ PASO 3 (llenar causas): 0.0s
[ACTUALIZAR PAGOS · AUTO] ================================================================================
[ACTUALIZAR PAGOS · AUTO] PASO 4: ORDENANDO POR FECHA Y ACTA_NUMERO
[ACTUALIZAR PAGOS · AUTO] ================================================================================
[ACTUALIZAR PAGOS · AUTO] ✓ Pagos ordenados correctamente
[ACTUALIZAR PAGOS · AUTO]   • Primera entrada: Acta=265990, Fecha=12/02/2026
[ACTUALIZAR PAGOS · AUTO]   • Última entrada: Acta=265990, Fecha=12/02/2026
[ACTUALIZAR PAGOS · AUTO] 📝 Escribiendo archivo de salida...
[ACTUALIZAR PAGOS · AUTO]   ✅ Archivo escrito: backend/descargas/pagos/2026-07-23/PAGOS 20260723 163551.txt
[ACTUALIZAR PAGOS · AUTO]   ✅ Total registros: 260
[ACTUALIZAR PAGOS · AUTO] ⏱ PASO 4 (ordenar y escribir): 0.0s
[ACTUALIZAR PAGOS · AUTO] ================================================================================
[ACTUALIZAR PAGOS · AUTO] ✅ PROCESO COMPLETADO EXITOSAMENTE
[ACTUALIZAR PAGOS · AUTO] ================================================================================
[ACTUALIZAR PAGOS · AUTO] 📊 RESUMEN FINAL DEL PROCESAMIENTO:
[ACTUALIZAR PAGOS · AUTO]   ENTRADA:
[ACTUALIZAR PAGOS · AUTO]     • Pagos originales: 16715
[ACTUALIZAR PAGOS · AUTO]     • Multas SIGEMI cargadas: 103661
[ACTUALIZAR PAGOS · AUTO]     • Multas Juzgado cargadas: 40196
[ACTUALIZAR PAGOS · AUTO]     • Causas simplificadas (usadas para el cruce): 103331
[ACTUALIZAR PAGOS · AUTO]   PROCESO:
[ACTUALIZAR PAGOS · AUTO]     • Pagos rechazados sigemi: 13911
[ACTUALIZAR PAGOS · AUTO]     • Pagos rechazados juzgado: 2803
[ACTUALIZAR PAGOS · AUTO]   SALIDA:
[ACTUALIZAR PAGOS · AUTO]     • Pagos desactualizados procesados: 1
[ACTUALIZAR PAGOS · AUTO]     • Archivo final: backend/descargas/pagos/2026-07-23/PAGOS 20260723 163551.txt
[ACTUALIZAR PAGOS · AUTO]     • Ordenados por fecha: SÍ ✓
[ACTUALIZAR PAGOS · AUTO]     • Todos con ACTA_NUMERO: SÍ ✓
[ACTUALIZAR PAGOS · AUTO]     • Todos con CAUSA_NUMERO: SÍ ✓
[ACTUALIZAR PAGOS · AUTO] ✅ TXT de pagos (ya cruzado con actas y causas) generado en: backend/descargas/pagos/2026-07-23/PAGOS 20260723 163551.txt
[ACTUALIZAR PAGOS · AUTO] 🧹 TXT de pagos crudo eliminado (ya usado en el cruce): backend/descargas/pagos/2026-07-23/PAGOS DESCARGADOS.txt
[ACTUALIZAR PAGOS · AUTO] 🧹 Excel MULTAS_SIGEMI_CRUCE eliminado (ya usado en el cruce): backend/descargas/cache_actas_cruce/MULTAS_SIGEMI_CRUCE.xlsx
[ACTUALIZAR PAGOS · AUTO] 🧹 Excel MULTAS_JUZGADO_CRUCE eliminado (ya usado en el cruce): backend/descargas/cache_actas_cruce/MULTAS_JUZGADO_CRUCE.xlsx
[ACTUALIZAR PAGOS · AUTO] ✅ CompararActasPaso finalizado. (⏱ 50.3s)
[ACTUALIZAR PAGOS · AUTO] ✓ [CompararActasPaso] Completado.
[ACTUALIZAR PAGOS · AUTO] ▶ [CargarPagosPaso] Iniciando...
[ACTUALIZAR PAGOS · AUTO] ==================================================
[ACTUALIZAR PAGOS · AUTO] 🚀 PASO: CargarPagosPaso
[ACTUALIZAR PAGOS · AUTO] ==================================================
[ACTUALIZAR PAGOS · AUTO] 📤 Subiendo TXT de pagos al SEMyT...
[ACTUALIZAR PAGOS · AUTO] ✅ Importación de pagos completada con éxito.
[ACTUALIZAR PAGOS · AUTO] ✅ Archivo TXT de pagos cargado en el SEMyT correctamente.
[ACTUALIZAR PAGOS · AUTO] ✅ CargarPagosPaso finalizado. (⏱ 4.5s)
[ACTUALIZAR PAGOS · AUTO] ✓ [CargarPagosPaso] Completado.
[ACTUALIZAR PAGOS · AUTO] === Ejecución finalizada con éxito ===
🤖 [Automático] Es hora de actualizar pagos. Arrancando...
[ACTUALIZAR PAGOS · AUTO] === Inicio de ejecución: pagos ===
[ACTUALIZAR PAGOS · AUTO] ▶ [LoginSemytPaso] Iniciando...
[ACTUALIZAR PAGOS · AUTO] ==================================================
[ACTUALIZAR PAGOS · AUTO] 🚀 PASO: LoginSemytPaso
[ACTUALIZAR PAGOS · AUTO] ==================================================
[ACTUALIZAR PAGOS · AUTO] Abriendo SEMyT...
[ACTUALIZAR PAGOS · AUTO] ✅ [SEMyT] Sesión existente detectada. Login omitido.
[ACTUALIZAR PAGOS · AUTO] ✅ LoginSemytPaso finalizado. (⏱ 4.5s)
[ACTUALIZAR PAGOS · AUTO] ✓ [LoginSemytPaso] Completado.
[ACTUALIZAR PAGOS · AUTO] ▶ [LoginJuzgadoPaso] Iniciando...
[ACTUALIZAR PAGOS · AUTO] ==================================================
[ACTUALIZAR PAGOS · AUTO] 🚀 PASO: LoginJuzgadoPaso
[ACTUALIZAR PAGOS · AUTO] ==================================================
[ACTUALIZAR PAGOS · AUTO] Abriendo sitio municipalidad (CiDi)...
[ACTUALIZAR PAGOS · AUTO] ✅ [Juzgado] Sesión existente detectada. Login omitido.
[ACTUALIZAR PAGOS · AUTO] ✅ LoginJuzgadoPaso finalizado. (⏱ 1.3s)
[ACTUALIZAR PAGOS · AUTO] ✓ [LoginJuzgadoPaso] Completado.
[ACTUALIZAR PAGOS · AUTO] ▶ [DescargasParalelasPaso] Iniciando...
[ACTUALIZAR PAGOS · AUTO] ==================================================
[ACTUALIZAR PAGOS · AUTO] 🚀 PASO: DescargasParalelasPaso
[ACTUALIZAR PAGOS · AUTO] ==================================================
[ACTUALIZAR PAGOS · AUTO] 📤 Arrancando las 3 descargas en paralelo (mismo browser, páginas separadas)...
[ACTUALIZAR PAGOS · AUTO] Fecha Desde: 27/06/2024
[ACTUALIZAR PAGOS · AUTO] Fecha Hasta: 24/11/2025
[ACTUALIZAR PAGOS · AUTO] Fecha Desde: 25/11/2025
[ACTUALIZAR PAGOS · AUTO] Fecha Hasta: 23/07/2026
[ACTUALIZAR PAGOS · AUTO] Descargando Excel...
[ACTUALIZAR PAGOS · AUTO] Descargando Excel...
⏳ [Automático] Tocaba disparar 'pagos' pero ya hay una ejecución en curso (Actualizar pagos); esperando a que termine; se reintenta en breve sin perder el turno.
[ACTUALIZAR PAGOS · AUTO] Archivo descargado en: backend/descargas/cache_actas_cruce/MULTAS_JUZGADO_CRUCE.xlsx
[ACTUALIZAR PAGOS · AUTO] ⏱ [actas_juzgado] completado en 19.9s
[ACTUALIZAR PAGOS · AUTO] Archivo descargado en: backend/descargas/cache_actas_cruce/MULTAS_SIGEMI_CRUCE.xlsx
[ACTUALIZAR PAGOS · AUTO] ⏱ [actas_sigemi] completado en 43.4s
[ACTUALIZAR PAGOS · AUTO] ✅ TXT de pagos descargado en: backend/descargas/pagos/2026-07-23/PAGOS DESCARGADOS.txt
[ACTUALIZAR PAGOS · AUTO] ⏱ [pagos_txt] completado en 47.5s
[ACTUALIZAR PAGOS · AUTO] ⏱ TOTAL descargas en paralelo: 47.5s
[ACTUALIZAR PAGOS · AUTO] ✅ DescargasParalelasPaso finalizado. (⏱ 49.0s)
[ACTUALIZAR PAGOS · AUTO] ✓ [DescargasParalelasPaso] Completado.
[ACTUALIZAR PAGOS · AUTO] ▶ [CompararActasPaso] Iniciando...
[ACTUALIZAR PAGOS · AUTO] ==================================================
[ACTUALIZAR PAGOS · AUTO] 🚀 PASO: CompararActasPaso
[ACTUALIZAR PAGOS · AUTO] ==================================================
[ACTUALIZAR PAGOS · AUTO] 🔍 Comparando actas del SEMyT contra pagos del Juzgado...
[ACTUALIZAR PAGOS · AUTO] ================================================================================
[ACTUALIZAR PAGOS · AUTO] INICIANDO PROCESO DE GENERACIÓN DE PAGOS DESACTUALIZADOS
[ACTUALIZAR PAGOS · AUTO] ================================================================================
[ACTUALIZAR PAGOS · AUTO] 📂 Cargando archivos...
[ACTUALIZAR PAGOS · AUTO]   ✓ Pagos: 16715 registros
[ACTUALIZAR PAGOS · AUTO]   ✓ Excel SIGEMI (multas vencidas viejas): 103661 registros
[ACTUALIZAR PAGOS · AUTO]   ✓ Excel Juzgado (multas vencidas nuevas): 40195 registros
[ACTUALIZAR PAGOS · AUTO] ================================================================================
[ACTUALIZAR PAGOS · AUTO] PASO 1: LLENANDO ACTA_NUMERO (búsqueda por patente + fecha, con desempate por hora)
[ACTUALIZAR PAGOS · AUTO] ================================================================================
[ACTUALIZAR PAGOS · AUTO] 📊 ESTADÍSTICAS DE LLENADO DE ACTAS:
[ACTUALIZAR PAGOS · AUTO]   • Pagos con acta ORIGINAL: 2804
[ACTUALIZAR PAGOS · AUTO]   • Pagos SIN acta (buscados): 13911
[ACTUALIZAR PAGOS · AUTO]   • Pagos LLENADOS exitosamente: 0
[ACTUALIZAR PAGOS · AUTO]   • Pagos NO encontrados en multas: 13911
[ACTUALIZAR PAGOS · AUTO]   • Pagos SIN RESOLVER por desbalance de cantidades: 0
[ACTUALIZAR PAGOS · AUTO] ================================================================================
[ACTUALIZAR PAGOS · AUTO] PASO 1: LLENANDO ACTA_NUMERO (búsqueda por patente + fecha, con desempate por hora)
[ACTUALIZAR PAGOS · AUTO] ================================================================================
[ACTUALIZAR PAGOS · AUTO] 📊 ESTADÍSTICAS DE LLENADO DE ACTAS:
[ACTUALIZAR PAGOS · AUTO]   • Pagos con acta ORIGINAL: 2804
[ACTUALIZAR PAGOS · AUTO]   • Pagos SIN acta (buscados): 13911
[ACTUALIZAR PAGOS · AUTO]   • Pagos LLENADOS exitosamente: 0
[ACTUALIZAR PAGOS · AUTO]   • Pagos NO encontrados en multas: 13911
[ACTUALIZAR PAGOS · AUTO]   • Pagos SIN RESOLVER por desbalance de cantidades: 0
[ACTUALIZAR PAGOS · AUTO] ⏱ PASO 1 (llenar actas): 18.9s
[ACTUALIZAR PAGOS · AUTO] ================================================================================
[ACTUALIZAR PAGOS · AUTO] PASO 2: FILTRANDO PAGOS CON ACTA_NUMERO COMPLETO
[ACTUALIZAR PAGOS · AUTO] ================================================================================
[ACTUALIZAR PAGOS · AUTO] 📊 ESTADÍSTICAS DE FILTRADO:
[ACTUALIZAR PAGOS · AUTO]   • Pagos TOTALES al inicio: 16715
[ACTUALIZAR PAGOS · AUTO]   • Pagos CON acta (MANTIENEN): 2804
[ACTUALIZAR PAGOS · AUTO]   • Pagos RECHAZADOS (sin coincidencias): 13911
[ACTUALIZAR PAGOS · AUTO] ⚠️  Se eliminaron 13911 registros sin número de acta
[ACTUALIZAR PAGOS · AUTO]      (recordá: esto incluye tanto pagos ya actualizados/pagados
[ACTUALIZAR PAGOS · AUTO]       como pagos que quedaron sin resolver por desbalance en el Paso 1)
[ACTUALIZAR PAGOS · AUTO] ================================================================================
[ACTUALIZAR PAGOS · AUTO] PASO 2-bis: CONFIRMANDO VIGENCIA DE PAGOS DEL SISTEMA NUEVO (contra MULTAS_JUZGADO_CRUCE)
[ACTUALIZAR PAGOS · AUTO] ================================================================================
[ACTUALIZAR PAGOS · AUTO]   ⚠ 2804 pago(s) del sistema nuevo descartados: su acta ya no figura como vencida en MULTAS_JUZGADO_CRUCE (SEMyT ya los actualizó).
[ACTUALIZAR PAGOS · AUTO]   • Pagos del sistema nuevo descartados por ya estar actualizados: 2804
[ACTUALIZAR PAGOS · AUTO] ⏱ PASO 2 (filtrar): 1.3s
[ACTUALIZAR PAGOS · AUTO] 📂 Cargando maestro de causas SIGEMI...
[ACTUALIZAR PAGOS · AUTO]   ✓ Causas totales (maestro): 134069 registros
[ACTUALIZAR PAGOS · AUTO] ⏱ PASO 2.5 (causas simplificado): 0.2s
[ACTUALIZAR PAGOS · AUTO] ================================================================================
[ACTUALIZAR PAGOS · AUTO] PASO 2.5: ARMANDO causas.txt SIMPLIFICADO (cruce contra total_causas_sigemi.txt)
[ACTUALIZAR PAGOS · AUTO] ================================================================================
[ACTUALIZAR PAGOS · AUTO]   • Actas vencidas viejas (multas): 103661
[ACTUALIZAR PAGOS · AUTO]   • Causas totales en el maestro SIGEMI: 134069
[ACTUALIZAR PAGOS · AUTO]   • Causas que coinciden (simplificado): 103331
[ACTUALIZAR PAGOS · AUTO]   ✅ Archivo escrito: backend/descargas/causas/causas.txt
[ACTUALIZAR PAGOS · AUTO] ⏱ PASO 2.5 (causas simplificado): 3.0s
[ACTUALIZAR PAGOS · AUTO] ⚠️  NO HAY PAGOS CON ACTA_NUMERO PARA PROCESAR
[ACTUALIZAR PAGOS · AUTO] Creando archivo vacío...
[ACTUALIZAR PAGOS · AUTO] ✅ TXT de pagos (ya cruzado con actas y causas) generado en: backend/descargas/pagos/2026-07-23/PAGOS 20260723 164758.txt
[ACTUALIZAR PAGOS · AUTO] 🧹 TXT de pagos crudo eliminado (ya usado en el cruce): backend/descargas/pagos/2026-07-23/PAGOS DESCARGADOS.txt
[ACTUALIZAR PAGOS · AUTO] 🧹 Excel MULTAS_SIGEMI_CRUCE eliminado (ya usado en el cruce): backend/descargas/cache_actas_cruce/MULTAS_SIGEMI_CRUCE.xlsx
[ACTUALIZAR PAGOS · AUTO] 🧹 Excel MULTAS_JUZGADO_CRUCE eliminado (ya usado en el cruce): backend/descargas/cache_actas_cruce/MULTAS_JUZGADO_CRUCE.xlsx
[ACTUALIZAR PAGOS · AUTO] ✅ CompararActasPaso finalizado. (⏱ 52.5s)
[ACTUALIZAR PAGOS · AUTO] ✓ [CompararActasPaso] Completado.
[ACTUALIZAR PAGOS · AUTO] ▶ [CargarPagosPaso] Iniciando...
[ACTUALIZAR PAGOS · AUTO] ==================================================
[ACTUALIZAR PAGOS · AUTO] 🚀 PASO: CargarPagosPaso
[ACTUALIZAR PAGOS · AUTO] ==================================================
[ACTUALIZAR PAGOS · AUTO] ℹ No se encontraron pagos para actualizar (el TXT final no tiene registros).
[ACTUALIZAR PAGOS · AUTO] 🧹 TXT de pagos sin registros eliminado (nada para subir): backend/descargas/pagos/2026-07-23/PAGOS 20260723 164758.txt
[ACTUALIZAR PAGOS · AUTO] ⏭ Se omite la carga al SEMyT.
[ACTUALIZAR PAGOS · AUTO] ✅ CargarPagosPaso finalizado. (⏱ 0.0s)
[ACTUALIZAR PAGOS · AUTO] ✓ [CargarPagosPaso] Completado.
[ACTUALIZAR PAGOS · AUTO] === Ejecución finalizada con éxito ===
[ACTUALIZAR PAGOS · AUTO] ℹ No se subió ningún archivo a ningún sistema externo en esta corrida: por política, el log detallado no se conserva en disco.
🤖 [Automático] Es hora de actualizar pagos. Arrancando...
[ACTUALIZAR PAGOS · AUTO] === Inicio de ejecución: pagos ===
[ACTUALIZAR PAGOS · AUTO] ▶ [LoginSemytPaso] Iniciando...
[ACTUALIZAR PAGOS · AUTO] ==================================================
[ACTUALIZAR PAGOS · AUTO] 🚀 PASO: LoginSemytPaso
[ACTUALIZAR PAGOS · AUTO] ==================================================
[ACTUALIZAR PAGOS · AUTO] Abriendo SEMyT...
[ACTUALIZAR PAGOS · AUTO] ✅ [SEMyT] Sesión existente detectada. Login omitido.
[ACTUALIZAR PAGOS · AUTO] ✅ LoginSemytPaso finalizado. (⏱ 4.3s)
[ACTUALIZAR PAGOS · AUTO] ✓ [LoginSemytPaso] Completado.
[ACTUALIZAR PAGOS · AUTO] ▶ [LoginJuzgadoPaso] Iniciando...
[ACTUALIZAR PAGOS · AUTO] ==================================================
[ACTUALIZAR PAGOS · AUTO] 🚀 PASO: LoginJuzgadoPaso
[ACTUALIZAR PAGOS · AUTO] ==================================================
[ACTUALIZAR PAGOS · AUTO] Abriendo sitio municipalidad (CiDi)...
[ACTUALIZAR PAGOS · AUTO] ✅ [Juzgado] Sesión existente detectada. Login omitido.
[ACTUALIZAR PAGOS · AUTO] ✅ LoginJuzgadoPaso finalizado. (⏱ 1.3s)
[ACTUALIZAR PAGOS · AUTO] ✓ [LoginJuzgadoPaso] Completado.
[ACTUALIZAR PAGOS · AUTO] ▶ [DescargasParalelasPaso] Iniciando...
[ACTUALIZAR PAGOS · AUTO] ==================================================
[ACTUALIZAR PAGOS · AUTO] 🚀 PASO: DescargasParalelasPaso
[ACTUALIZAR PAGOS · AUTO] ==================================================
[ACTUALIZAR PAGOS · AUTO] 📤 Arrancando las 3 descargas en paralelo (mismo browser, páginas separadas)...
[ACTUALIZAR PAGOS · AUTO] Fecha Desde: 27/06/2024
[ACTUALIZAR PAGOS · AUTO] Fecha Hasta: 24/11/2025
[ACTUALIZAR PAGOS · AUTO] Fecha Desde: 25/11/2025
[ACTUALIZAR PAGOS · AUTO] Fecha Hasta: 23/07/2026
[ACTUALIZAR PAGOS · AUTO] Descargando Excel...
[ACTUALIZAR PAGOS · AUTO] Descargando Excel...
⏳ [Automático] Tocaba disparar 'pagos' pero ya hay una ejecución en curso (Actualizar pagos); esperando a que termine; se reintenta en breve sin perder el turno.
[ACTUALIZAR PAGOS · AUTO] Archivo descargado en: backend/descargas/cache_actas_cruce/MULTAS_JUZGADO_CRUCE.xlsx
[ACTUALIZAR PAGOS · AUTO] ⏱ [actas_juzgado] completado en 21.0s
[ACTUALIZAR PAGOS · AUTO] Archivo descargado en: backend/descargas/cache_actas_cruce/MULTAS_SIGEMI_CRUCE.xlsx
[ACTUALIZAR PAGOS · AUTO] ⏱ [actas_sigemi] completado en 42.0s
[ACTUALIZAR PAGOS · AUTO] ✅ TXT de pagos descargado en: backend/descargas/pagos/2026-07-23/PAGOS DESCARGADOS.txt
[ACTUALIZAR PAGOS · AUTO] ⏱ [pagos_txt] completado en 46.5s
[ACTUALIZAR PAGOS · AUTO] ⏱ TOTAL descargas en paralelo: 46.5s
[ACTUALIZAR PAGOS · AUTO] ✅ DescargasParalelasPaso finalizado. (⏱ 47.9s)
[ACTUALIZAR PAGOS · AUTO] ✓ [DescargasParalelasPaso] Completado.
[ACTUALIZAR PAGOS · AUTO] ▶ [CompararActasPaso] Iniciando...
[ACTUALIZAR PAGOS · AUTO] ==================================================
[ACTUALIZAR PAGOS · AUTO] 🚀 PASO: CompararActasPaso
[ACTUALIZAR PAGOS · AUTO] ==================================================
[ACTUALIZAR PAGOS · AUTO] 🔍 Comparando actas del SEMyT contra pagos del Juzgado...
[ACTUALIZAR PAGOS · AUTO] ================================================================================
[ACTUALIZAR PAGOS · AUTO] INICIANDO PROCESO DE GENERACIÓN DE PAGOS DESACTUALIZADOS
[ACTUALIZAR PAGOS · AUTO] ================================================================================
[ACTUALIZAR PAGOS · AUTO] 📂 Cargando archivos...
[ACTUALIZAR PAGOS · AUTO]   ✓ Pagos: 16715 registros
[ACTUALIZAR PAGOS · AUTO]   ✓ Excel SIGEMI (multas vencidas viejas): 103661 registros
[ACTUALIZAR PAGOS · AUTO]   ✓ Excel Juzgado (multas vencidas nuevas): 40195 registros
[ACTUALIZAR PAGOS · AUTO] ================================================================================
[ACTUALIZAR PAGOS · AUTO] PASO 1: LLENANDO ACTA_NUMERO (búsqueda por patente + fecha, con desempate por hora)
[ACTUALIZAR PAGOS · AUTO] ================================================================================
[ACTUALIZAR PAGOS · AUTO] 📊 ESTADÍSTICAS DE LLENADO DE ACTAS:
[ACTUALIZAR PAGOS · AUTO]   • Pagos con acta ORIGINAL: 2804
[ACTUALIZAR PAGOS · AUTO]   • Pagos SIN acta (buscados): 13911
[ACTUALIZAR PAGOS · AUTO]   • Pagos LLENADOS exitosamente: 0
[ACTUALIZAR PAGOS · AUTO]   • Pagos NO encontrados en multas: 13911
[ACTUALIZAR PAGOS · AUTO]   • Pagos SIN RESOLVER por desbalance de cantidades: 0
[ACTUALIZAR PAGOS · AUTO] ================================================================================
[ACTUALIZAR PAGOS · AUTO] PASO 1: LLENANDO ACTA_NUMERO (búsqueda por patente + fecha, con desempate por hora)
[ACTUALIZAR PAGOS · AUTO] ================================================================================
[ACTUALIZAR PAGOS · AUTO] 📊 ESTADÍSTICAS DE LLENADO DE ACTAS:
[ACTUALIZAR PAGOS · AUTO]   • Pagos con acta ORIGINAL: 2804
[ACTUALIZAR PAGOS · AUTO]   • Pagos SIN acta (buscados): 13911
[ACTUALIZAR PAGOS · AUTO]   • Pagos LLENADOS exitosamente: 0
[ACTUALIZAR PAGOS · AUTO]   • Pagos NO encontrados en multas: 13911
[ACTUALIZAR PAGOS · AUTO]   • Pagos SIN RESOLVER por desbalance de cantidades: 0
[ACTUALIZAR PAGOS · AUTO] ⏱ PASO 1 (llenar actas): 18.6s
[ACTUALIZAR PAGOS · AUTO] ================================================================================
[ACTUALIZAR PAGOS · AUTO] PASO 2: FILTRANDO PAGOS CON ACTA_NUMERO COMPLETO
[ACTUALIZAR PAGOS · AUTO] ================================================================================
[ACTUALIZAR PAGOS · AUTO] 📊 ESTADÍSTICAS DE FILTRADO:
[ACTUALIZAR PAGOS · AUTO]   • Pagos TOTALES al inicio: 16715
[ACTUALIZAR PAGOS · AUTO]   • Pagos CON acta (MANTIENEN): 2804
[ACTUALIZAR PAGOS · AUTO]   • Pagos RECHAZADOS (sin coincidencias): 13911
[ACTUALIZAR PAGOS · AUTO] ⚠️  Se eliminaron 13911 registros sin número de acta
[ACTUALIZAR PAGOS · AUTO]      (recordá: esto incluye tanto pagos ya actualizados/pagados
[ACTUALIZAR PAGOS · AUTO]       como pagos que quedaron sin resolver por desbalance en el Paso 1)
[ACTUALIZAR PAGOS · AUTO] ================================================================================
[ACTUALIZAR PAGOS · AUTO] PASO 2-bis: CONFIRMANDO VIGENCIA DE PAGOS DEL SISTEMA NUEVO (contra MULTAS_JUZGADO_CRUCE)
[ACTUALIZAR PAGOS · AUTO] ================================================================================
[ACTUALIZAR PAGOS · AUTO]   ⚠ 2804 pago(s) del sistema nuevo descartados: su acta ya no figura como vencida en MULTAS_JUZGADO_CRUCE (SEMyT ya los actualizó).
[ACTUALIZAR PAGOS · AUTO]   • Pagos del sistema nuevo descartados por ya estar actualizados: 2804
[ACTUALIZAR PAGOS · AUTO] ⏱ PASO 2 (filtrar): 1.0s
[ACTUALIZAR PAGOS · AUTO] 📂 Cargando maestro de causas SIGEMI...
[ACTUALIZAR PAGOS · AUTO]   ✓ Causas totales (maestro): 134069 registros
[ACTUALIZAR PAGOS · AUTO] ⏱ PASO 2.5 (causas simplificado): 0.2s
[ACTUALIZAR PAGOS · AUTO] ================================================================================
[ACTUALIZAR PAGOS · AUTO] PASO 2.5: ARMANDO causas.txt SIMPLIFICADO (cruce contra total_causas_sigemi.txt)
[ACTUALIZAR PAGOS · AUTO] ================================================================================
[ACTUALIZAR PAGOS · AUTO]   • Actas vencidas viejas (multas): 103661
[ACTUALIZAR PAGOS · AUTO]   • Causas totales en el maestro SIGEMI: 134069
[ACTUALIZAR PAGOS · AUTO]   • Causas que coinciden (simplificado): 103331
[ACTUALIZAR PAGOS · AUTO]   ✅ Archivo escrito: backend/descargas/causas/causas.txt
[ACTUALIZAR PAGOS · AUTO] ⏱ PASO 2.5 (causas simplificado): 2.9s
[ACTUALIZAR PAGOS · AUTO] ⚠️  NO HAY PAGOS CON ACTA_NUMERO PARA PROCESAR
[ACTUALIZAR PAGOS · AUTO] Creando archivo vacío...
[ACTUALIZAR PAGOS · AUTO] ✅ TXT de pagos (ya cruzado con actas y causas) generado en: backend/descargas/pagos/2026-07-23/PAGOS 20260723 165950.txt
[ACTUALIZAR PAGOS · AUTO] 🧹 TXT de pagos crudo eliminado (ya usado en el cruce): backend/descargas/pagos/2026-07-23/PAGOS DESCARGADOS.txt
[ACTUALIZAR PAGOS · AUTO] 🧹 Excel MULTAS_SIGEMI_CRUCE eliminado (ya usado en el cruce): backend/descargas/cache_actas_cruce/MULTAS_SIGEMI_CRUCE.xlsx
[ACTUALIZAR PAGOS · AUTO] 🧹 Excel MULTAS_JUZGADO_CRUCE eliminado (ya usado en el cruce): backend/descargas/cache_actas_cruce/MULTAS_JUZGADO_CRUCE.xlsx
[ACTUALIZAR PAGOS · AUTO] ✅ CompararActasPaso finalizado. (⏱ 52.3s)
[ACTUALIZAR PAGOS · AUTO] ✓ [CompararActasPaso] Completado.
[ACTUALIZAR PAGOS · AUTO] ▶ [CargarPagosPaso] Iniciando...
[ACTUALIZAR PAGOS · AUTO] ==================================================
[ACTUALIZAR PAGOS · AUTO] 🚀 PASO: CargarPagosPaso
[ACTUALIZAR PAGOS · AUTO] ==================================================
[ACTUALIZAR PAGOS · AUTO] ℹ No se encontraron pagos para actualizar (el TXT final no tiene registros).
[ACTUALIZAR PAGOS · AUTO] 🧹 TXT de pagos sin registros eliminado (nada para subir): backend/descargas/pagos/2026-07-23/PAGOS 20260723 165950.txt
[ACTUALIZAR PAGOS · AUTO] ⏭ Se omite la carga al SEMyT.
[ACTUALIZAR PAGOS · AUTO] ✅ CargarPagosPaso finalizado. (⏱ 0.0s)
[ACTUALIZAR PAGOS · AUTO] ✓ [CargarPagosPaso] Completado.
[ACTUALIZAR PAGOS · AUTO] === Ejecución finalizada con éxito ===
[ACTUALIZAR PAGOS · AUTO] ℹ No se subió ningún archivo a ningún sistema externo en esta corrida: por política, el log detallado no se conserva en disco.
🤖 [Automático] Es hora de actualizar pagos. Arrancando...
[ACTUALIZAR PAGOS · AUTO] === Inicio de ejecución: pagos ===
[ACTUALIZAR PAGOS · AUTO] ▶ [LoginSemytPaso] Iniciando...
[ACTUALIZAR PAGOS · AUTO] ==================================================
[ACTUALIZAR PAGOS · AUTO] 🚀 PASO: LoginSemytPaso
[ACTUALIZAR PAGOS · AUTO] ==================================================
[ACTUALIZAR PAGOS · AUTO] Abriendo SEMyT...
[ACTUALIZAR PAGOS · AUTO] ✅ [SEMyT] Sesión existente detectada. Login omitido.
[ACTUALIZAR PAGOS · AUTO] ✅ LoginSemytPaso finalizado. (⏱ 4.4s)
[ACTUALIZAR PAGOS · AUTO] ✓ [LoginSemytPaso] Completado.
[ACTUALIZAR PAGOS · AUTO] ▶ [LoginJuzgadoPaso] Iniciando...
[ACTUALIZAR PAGOS · AUTO] ==================================================
[ACTUALIZAR PAGOS · AUTO] 🚀 PASO: LoginJuzgadoPaso
[ACTUALIZAR PAGOS · AUTO] ==================================================
[ACTUALIZAR PAGOS · AUTO] Abriendo sitio municipalidad (CiDi)...
[ACTUALIZAR PAGOS · AUTO] ✅ [Juzgado] Sesión existente detectada. Login omitido.
[ACTUALIZAR PAGOS · AUTO] ✅ LoginJuzgadoPaso finalizado. (⏱ 1.2s)
[ACTUALIZAR PAGOS · AUTO] ✓ [LoginJuzgadoPaso] Completado.
[ACTUALIZAR PAGOS · AUTO] ▶ [DescargasParalelasPaso] Iniciando...
[ACTUALIZAR PAGOS · AUTO] ==================================================
[ACTUALIZAR PAGOS · AUTO] 🚀 PASO: DescargasParalelasPaso
[ACTUALIZAR PAGOS · AUTO] ==================================================
[ACTUALIZAR PAGOS · AUTO] 📤 Arrancando las 3 descargas en paralelo (mismo browser, páginas separadas)...
[ACTUALIZAR PAGOS · AUTO] Fecha Desde: 27/06/2024
[ACTUALIZAR PAGOS · AUTO] Fecha Hasta: 24/11/2025
[ACTUALIZAR PAGOS · AUTO] Fecha Desde: 25/11/2025
[ACTUALIZAR PAGOS · AUTO] Fecha Hasta: 23/07/2026
[ACTUALIZAR PAGOS · AUTO] Descargando Excel...
[ACTUALIZAR PAGOS · AUTO] Descargando Excel...
⏳ [Automático] Tocaba disparar 'pagos' pero ya hay una ejecución en curso (Actualizar pagos); esperando a que termine; se reintenta en breve sin perder el turno.
[ACTUALIZAR PAGOS · AUTO] Archivo descargado en: backend/descargas/cache_actas_cruce/MULTAS_JUZGADO_CRUCE.xlsx
[ACTUALIZAR PAGOS · AUTO] ⏱ [actas_juzgado] completado en 22.8s
[ACTUALIZAR PAGOS · AUTO] Archivo descargado en: backend/descargas/cache_actas_cruce/MULTAS_SIGEMI_CRUCE.xlsx
[ACTUALIZAR PAGOS · AUTO] ⏱ [actas_sigemi] completado en 46.7s
[ACTUALIZAR PAGOS · AUTO] ✅ TXT de pagos descargado en: backend/descargas/pagos/2026-07-23/PAGOS DESCARGADOS.txt
[ACTUALIZAR PAGOS · AUTO] ⏱ [pagos_txt] completado en 61.7s
[ACTUALIZAR PAGOS · AUTO] ⏱ TOTAL descargas en paralelo: 61.7s
[ACTUALIZAR PAGOS · AUTO] ✅ DescargasParalelasPaso finalizado. (⏱ 63.2s)
[ACTUALIZAR PAGOS · AUTO] ✓ [DescargasParalelasPaso] Completado.
[ACTUALIZAR PAGOS · AUTO] ▶ [CompararActasPaso] Iniciando...
[ACTUALIZAR PAGOS · AUTO] ==================================================
[ACTUALIZAR PAGOS · AUTO] 🚀 PASO: CompararActasPaso
[ACTUALIZAR PAGOS · AUTO] ==================================================
[ACTUALIZAR PAGOS · AUTO] 🔍 Comparando actas del SEMyT contra pagos del Juzgado...
[ACTUALIZAR PAGOS · AUTO] ================================================================================
[ACTUALIZAR PAGOS · AUTO] INICIANDO PROCESO DE GENERACIÓN DE PAGOS DESACTUALIZADOS
[ACTUALIZAR PAGOS · AUTO] ================================================================================
[ACTUALIZAR PAGOS · AUTO] 📂 Cargando archivos...
[ACTUALIZAR PAGOS · AUTO]   ✓ Pagos: 16717 registros
[ACTUALIZAR PAGOS · AUTO]   ✓ Excel SIGEMI (multas vencidas viejas): 103661 registros
[ACTUALIZAR PAGOS · AUTO]   ✓ Excel Juzgado (multas vencidas nuevas): 40195 registros
[ACTUALIZAR PAGOS · AUTO] ================================================================================
[ACTUALIZAR PAGOS · AUTO] PASO 1: LLENANDO ACTA_NUMERO (búsqueda por patente + fecha, con desempate por hora)
[ACTUALIZAR PAGOS · AUTO] ================================================================================
[ACTUALIZAR PAGOS · AUTO] 📊 ESTADÍSTICAS DE LLENADO DE ACTAS:
[ACTUALIZAR PAGOS · AUTO]   • Pagos con acta ORIGINAL: 2806
[ACTUALIZAR PAGOS · AUTO]   • Pagos SIN acta (buscados): 13911
[ACTUALIZAR PAGOS · AUTO]   • Pagos LLENADOS exitosamente: 0
[ACTUALIZAR PAGOS · AUTO]   • Pagos NO encontrados en multas: 13911
[ACTUALIZAR PAGOS · AUTO]   • Pagos SIN RESOLVER por desbalance de cantidades: 0
[ACTUALIZAR PAGOS · AUTO] ================================================================================
[ACTUALIZAR PAGOS · AUTO] PASO 1: LLENANDO ACTA_NUMERO (búsqueda por patente + fecha, con desempate por hora)
[ACTUALIZAR PAGOS · AUTO] ================================================================================
[ACTUALIZAR PAGOS · AUTO] 📊 ESTADÍSTICAS DE LLENADO DE ACTAS:
[ACTUALIZAR PAGOS · AUTO]   • Pagos con acta ORIGINAL: 2806
[ACTUALIZAR PAGOS · AUTO]   • Pagos SIN acta (buscados): 13911
[ACTUALIZAR PAGOS · AUTO]   • Pagos LLENADOS exitosamente: 0
[ACTUALIZAR PAGOS · AUTO]   • Pagos NO encontrados en multas: 13911
[ACTUALIZAR PAGOS · AUTO]   • Pagos SIN RESOLVER por desbalance de cantidades: 0
[ACTUALIZAR PAGOS · AUTO] ⏱ PASO 1 (llenar actas): 19.7s
[ACTUALIZAR PAGOS · AUTO] ================================================================================
[ACTUALIZAR PAGOS · AUTO] PASO 2: FILTRANDO PAGOS CON ACTA_NUMERO COMPLETO
[ACTUALIZAR PAGOS · AUTO] ================================================================================
[ACTUALIZAR PAGOS · AUTO] 📊 ESTADÍSTICAS DE FILTRADO:
[ACTUALIZAR PAGOS · AUTO]   • Pagos TOTALES al inicio: 16717
[ACTUALIZAR PAGOS · AUTO]   • Pagos CON acta (MANTIENEN): 2806
[ACTUALIZAR PAGOS · AUTO]   • Pagos RECHAZADOS (sin coincidencias): 13911
[ACTUALIZAR PAGOS · AUTO] ⚠️  Se eliminaron 13911 registros sin número de acta
[ACTUALIZAR PAGOS · AUTO]      (recordá: esto incluye tanto pagos ya actualizados/pagados
[ACTUALIZAR PAGOS · AUTO]       como pagos que quedaron sin resolver por desbalance en el Paso 1)
[ACTUALIZAR PAGOS · AUTO] ================================================================================
[ACTUALIZAR PAGOS · AUTO] PASO 2-bis: CONFIRMANDO VIGENCIA DE PAGOS DEL SISTEMA NUEVO (contra MULTAS_JUZGADO_CRUCE)
[ACTUALIZAR PAGOS · AUTO] ================================================================================
[ACTUALIZAR PAGOS · AUTO]   ⚠ 2804 pago(s) del sistema nuevo descartados: su acta ya no figura como vencida en MULTAS_JUZGADO_CRUCE (SEMyT ya los actualizó).
[ACTUALIZAR PAGOS · AUTO]   • Pagos del sistema nuevo descartados por ya estar actualizados: 2804
[ACTUALIZAR PAGOS · AUTO] ⏱ PASO 2 (filtrar): 1.3s
[ACTUALIZAR PAGOS · AUTO] 📂 Cargando maestro de causas SIGEMI...
[ACTUALIZAR PAGOS · AUTO]   ✓ Causas totales (maestro): 134069 registros
[ACTUALIZAR PAGOS · AUTO] ⏱ PASO 2.5 (causas simplificado): 0.2s
[ACTUALIZAR PAGOS · AUTO] ================================================================================
[ACTUALIZAR PAGOS · AUTO] PASO 2.5: ARMANDO causas.txt SIMPLIFICADO (cruce contra total_causas_sigemi.txt)
[ACTUALIZAR PAGOS · AUTO] ================================================================================
[ACTUALIZAR PAGOS · AUTO]   • Actas vencidas viejas (multas): 103661
[ACTUALIZAR PAGOS · AUTO]   • Causas totales en el maestro SIGEMI: 134069
[ACTUALIZAR PAGOS · AUTO]   • Causas que coinciden (simplificado): 103331
[ACTUALIZAR PAGOS · AUTO]   ✅ Archivo escrito: backend/descargas/causas/causas.txt
[ACTUALIZAR PAGOS · AUTO] ⏱ PASO 2.5 (causas simplificado): 2.8s
[ACTUALIZAR PAGOS · AUTO] ================================================================================
[ACTUALIZAR PAGOS · AUTO] PASO 3: LLENANDO CAUSA_NUMERO (según fecha de cambio de sistema, cruzando por acta + año)
[ACTUALIZAR PAGOS · AUTO] ================================================================================
[ACTUALIZAR PAGOS · AUTO] 📊 ESTADÍSTICAS DE LLENADO DE CAUSAS:
[ACTUALIZAR PAGOS · AUTO]   • Pagos con causa ORIGINAL: 2
[ACTUALIZAR PAGOS · AUTO]   • Causas encontradas en SIGEMI (actas viejas): 0
[ACTUALIZAR PAGOS · AUTO]   • Causas NO encontradas en SIGEMI: 0
[ACTUALIZAR PAGOS · AUTO]   • Causas asignadas automáticamente (actas nuevas): 0
[ACTUALIZAR PAGOS · AUTO] ⏱ PASO 3 (llenar causas): 0.0s
[ACTUALIZAR PAGOS · AUTO] ================================================================================
[ACTUALIZAR PAGOS · AUTO] PASO 4: ORDENANDO POR FECHA Y ACTA_NUMERO
[ACTUALIZAR PAGOS · AUTO] ================================================================================
[ACTUALIZAR PAGOS · AUTO] ✓ Pagos ordenados correctamente
[ACTUALIZAR PAGOS · AUTO]   • Primera entrada: Acta=267581, Fecha=18/02/2026
[ACTUALIZAR PAGOS · AUTO]   • Última entrada: Acta=270281, Fecha=24/02/2026
[ACTUALIZAR PAGOS · AUTO] 📝 Escribiendo archivo de salida...
[ACTUALIZAR PAGOS · AUTO]   ✅ Archivo escrito: backend/descargas/pagos/2026-07-23/PAGOS 20260723 171157.txt
[ACTUALIZAR PAGOS · AUTO]   ✅ Total registros: 362
[ACTUALIZAR PAGOS · AUTO] ⏱ PASO 4 (ordenar y escribir): 0.0s
[ACTUALIZAR PAGOS · AUTO] ================================================================================
[ACTUALIZAR PAGOS · AUTO] ✅ PROCESO COMPLETADO EXITOSAMENTE
[ACTUALIZAR PAGOS · AUTO] ================================================================================
[ACTUALIZAR PAGOS · AUTO] 📊 RESUMEN FINAL DEL PROCESAMIENTO:
[ACTUALIZAR PAGOS · AUTO]   ENTRADA:
[ACTUALIZAR PAGOS · AUTO]     • Pagos originales: 16717
[ACTUALIZAR PAGOS · AUTO]     • Multas SIGEMI cargadas: 103661
[ACTUALIZAR PAGOS · AUTO]     • Multas Juzgado cargadas: 40195
[ACTUALIZAR PAGOS · AUTO]     • Causas simplificadas (usadas para el cruce): 103331
[ACTUALIZAR PAGOS · AUTO]   PROCESO:
[ACTUALIZAR PAGOS · AUTO]     • Pagos rechazados sigemi: 13911
[ACTUALIZAR PAGOS · AUTO]     • Pagos rechazados juzgado: 2804
[ACTUALIZAR PAGOS · AUTO]   SALIDA:
[ACTUALIZAR PAGOS · AUTO]     • Pagos desactualizados procesados: 2
[ACTUALIZAR PAGOS · AUTO]     • Archivo final: backend/descargas/pagos/2026-07-23/PAGOS 20260723 171157.txt
[ACTUALIZAR PAGOS · AUTO]     • Ordenados por fecha: SÍ ✓
[ACTUALIZAR PAGOS · AUTO]     • Todos con ACTA_NUMERO: SÍ ✓
[ACTUALIZAR PAGOS · AUTO]     • Todos con CAUSA_NUMERO: SÍ ✓
[ACTUALIZAR PAGOS · AUTO] ✅ TXT de pagos (ya cruzado con actas y causas) generado en: backend/descargas/pagos/2026-07-23/PAGOS 20260723 171157.txt
[ACTUALIZAR PAGOS · AUTO] 🧹 TXT de pagos crudo eliminado (ya usado en el cruce): backend/descargas/pagos/2026-07-23/PAGOS DESCARGADOS.txt
[ACTUALIZAR PAGOS · AUTO] 🧹 Excel MULTAS_SIGEMI_CRUCE eliminado (ya usado en el cruce): backend/descargas/cache_actas_cruce/MULTAS_SIGEMI_CRUCE.xlsx
[ACTUALIZAR PAGOS · AUTO] 🧹 Excel MULTAS_JUZGADO_CRUCE eliminado (ya usado en el cruce): backend/descargas/cache_actas_cruce/MULTAS_JUZGADO_CRUCE.xlsx
[ACTUALIZAR PAGOS · AUTO] ✅ CompararActasPaso finalizado. (⏱ 53.0s)
[ACTUALIZAR PAGOS · AUTO] ✓ [CompararActasPaso] Completado.
[ACTUALIZAR PAGOS · AUTO] ▶ [CargarPagosPaso] Iniciando...
[ACTUALIZAR PAGOS · AUTO] ==================================================
[ACTUALIZAR PAGOS · AUTO] 🚀 PASO: CargarPagosPaso
[ACTUALIZAR PAGOS · AUTO] ==================================================
[ACTUALIZAR PAGOS · AUTO] 📤 Subiendo TXT de pagos al SEMyT...
[ACTUALIZAR PAGOS · AUTO] ✅ Importación de pagos completada con éxito.
[ACTUALIZAR PAGOS · AUTO] ✅ Archivo TXT de pagos cargado en el SEMyT correctamente.
[ACTUALIZAR PAGOS · AUTO] ✅ CargarPagosPaso finalizado. (⏱ 4.1s)
[ACTUALIZAR PAGOS · AUTO] ✓ [CargarPagosPaso] Completado.
[ACTUALIZAR PAGOS · AUTO] === Ejecución finalizada con éxito ===
🤖 [Automático] Es hora de actualizar pagos. Arrancando...
[ACTUALIZAR PAGOS · AUTO] === Inicio de ejecución: pagos ===
[ACTUALIZAR PAGOS · AUTO] ▶ [LoginSemytPaso] Iniciando...
[ACTUALIZAR PAGOS · AUTO] ==================================================
[ACTUALIZAR PAGOS · AUTO] 🚀 PASO: LoginSemytPaso
[ACTUALIZAR PAGOS · AUTO] ==================================================
[ACTUALIZAR PAGOS · AUTO] Abriendo SEMyT...
[ACTUALIZAR PAGOS · AUTO] ✅ [SEMyT] Sesión existente detectada. Login omitido.
[ACTUALIZAR PAGOS · AUTO] ✅ LoginSemytPaso finalizado. (⏱ 4.2s)
[ACTUALIZAR PAGOS · AUTO] ✓ [LoginSemytPaso] Completado.
[ACTUALIZAR PAGOS · AUTO] ▶ [LoginJuzgadoPaso] Iniciando...
[ACTUALIZAR PAGOS · AUTO] ==================================================
[ACTUALIZAR PAGOS · AUTO] 🚀 PASO: LoginJuzgadoPaso
[ACTUALIZAR PAGOS · AUTO] ==================================================
[ACTUALIZAR PAGOS · AUTO] Abriendo sitio municipalidad (CiDi)...
[ACTUALIZAR PAGOS · AUTO] ✅ [Juzgado] Sesión existente detectada. Login omitido.
[ACTUALIZAR PAGOS · AUTO] ✅ LoginJuzgadoPaso finalizado. (⏱ 1.3s)
[ACTUALIZAR PAGOS · AUTO] ✓ [LoginJuzgadoPaso] Completado.
[ACTUALIZAR PAGOS · AUTO] ▶ [DescargasParalelasPaso] Iniciando...
[ACTUALIZAR PAGOS · AUTO] ==================================================
[ACTUALIZAR PAGOS · AUTO] 🚀 PASO: DescargasParalelasPaso
[ACTUALIZAR PAGOS · AUTO] ==================================================
[ACTUALIZAR PAGOS · AUTO] 📤 Arrancando las 3 descargas en paralelo (mismo browser, páginas separadas)...
[ACTUALIZAR PAGOS · AUTO] Fecha Desde: 27/06/2024
[ACTUALIZAR PAGOS · AUTO] Fecha Hasta: 24/11/2025
[ACTUALIZAR PAGOS · AUTO] Fecha Desde: 25/11/2025
[ACTUALIZAR PAGOS · AUTO] Fecha Hasta: 23/07/2026
[ACTUALIZAR PAGOS · AUTO] Descargando Excel...
[ACTUALIZAR PAGOS · AUTO] Descargando Excel...
⏳ [Automático] Tocaba disparar 'pagos' pero ya hay una ejecución en curso (Actualizar pagos); esperando a que termine; se reintenta en breve sin perder el turno.
[ACTUALIZAR PAGOS · AUTO] Archivo descargado en: backend/descargas/cache_actas_cruce/MULTAS_JUZGADO_CRUCE.xlsx
[ACTUALIZAR PAGOS · AUTO] ⏱ [actas_juzgado] completado en 23.4s
[ACTUALIZAR PAGOS · AUTO] Archivo descargado en: backend/descargas/cache_actas_cruce/MULTAS_SIGEMI_CRUCE.xlsx
[ACTUALIZAR PAGOS · AUTO] ⏱ [actas_sigemi] completado en 45.9s
[ACTUALIZAR PAGOS · AUTO] ✅ TXT de pagos descargado en: backend/descargas/pagos/2026-07-23/PAGOS DESCARGADOS.txt
[ACTUALIZAR PAGOS · AUTO] ⏱ [pagos_txt] completado en 48.9s
[ACTUALIZAR PAGOS · AUTO] ⏱ TOTAL descargas en paralelo: 48.9s
[ACTUALIZAR PAGOS · AUTO] ✅ DescargasParalelasPaso finalizado. (⏱ 50.7s)
[ACTUALIZAR PAGOS · AUTO] ✓ [DescargasParalelasPaso] Completado.
[ACTUALIZAR PAGOS · AUTO] ▶ [CompararActasPaso] Iniciando...
[ACTUALIZAR PAGOS · AUTO] ==================================================
[ACTUALIZAR PAGOS · AUTO] 🚀 PASO: CompararActasPaso
[ACTUALIZAR PAGOS · AUTO] ==================================================
[ACTUALIZAR PAGOS · AUTO] 🔍 Comparando actas del SEMyT contra pagos del Juzgado...
[ACTUALIZAR PAGOS · AUTO] ================================================================================
[ACTUALIZAR PAGOS · AUTO] INICIANDO PROCESO DE GENERACIÓN DE PAGOS DESACTUALIZADOS
[ACTUALIZAR PAGOS · AUTO] ================================================================================
[ACTUALIZAR PAGOS · AUTO] 📂 Cargando archivos...
[ACTUALIZAR PAGOS · AUTO]   ✓ Pagos: 16718 registros
[ACTUALIZAR PAGOS · AUTO]   ✓ Excel SIGEMI (multas vencidas viejas): 103661 registros
[ACTUALIZAR PAGOS · AUTO]   ✓ Excel Juzgado (multas vencidas nuevas): 40193 registros
[ACTUALIZAR PAGOS · AUTO] ================================================================================
[ACTUALIZAR PAGOS · AUTO] PASO 1: LLENANDO ACTA_NUMERO (búsqueda por patente + fecha, con desempate por hora)
[ACTUALIZAR PAGOS · AUTO] ================================================================================
[ACTUALIZAR PAGOS · AUTO] 📊 ESTADÍSTICAS DE LLENADO DE ACTAS:
[ACTUALIZAR PAGOS · AUTO]   • Pagos con acta ORIGINAL: 2806
[ACTUALIZAR PAGOS · AUTO]   • Pagos SIN acta (buscados): 13912
[ACTUALIZAR PAGOS · AUTO]   • Pagos LLENADOS exitosamente: 1
[ACTUALIZAR PAGOS · AUTO]   • Pagos NO encontrados en multas: 13911
[ACTUALIZAR PAGOS · AUTO]   • Pagos SIN RESOLVER por desbalance de cantidades: 0
[ACTUALIZAR PAGOS · AUTO] ================================================================================
[ACTUALIZAR PAGOS · AUTO] PASO 1: LLENANDO ACTA_NUMERO (búsqueda por patente + fecha, con desempate por hora)
[ACTUALIZAR PAGOS · AUTO] ================================================================================
[ACTUALIZAR PAGOS · AUTO] 📊 ESTADÍSTICAS DE LLENADO DE ACTAS:
[ACTUALIZAR PAGOS · AUTO]   • Pagos con acta ORIGINAL: 2807
[ACTUALIZAR PAGOS · AUTO]   • Pagos SIN acta (buscados): 13911
[ACTUALIZAR PAGOS · AUTO]   • Pagos LLENADOS exitosamente: 0
[ACTUALIZAR PAGOS · AUTO]   • Pagos NO encontrados en multas: 13911
[ACTUALIZAR PAGOS · AUTO]   • Pagos SIN RESOLVER por desbalance de cantidades: 0
[ACTUALIZAR PAGOS · AUTO] ⏱ PASO 1 (llenar actas): 19.8s
[ACTUALIZAR PAGOS · AUTO] ================================================================================
[ACTUALIZAR PAGOS · AUTO] PASO 2: FILTRANDO PAGOS CON ACTA_NUMERO COMPLETO
[ACTUALIZAR PAGOS · AUTO] ================================================================================
[ACTUALIZAR PAGOS · AUTO] 📊 ESTADÍSTICAS DE FILTRADO:
[ACTUALIZAR PAGOS · AUTO]   • Pagos TOTALES al inicio: 16718
[ACTUALIZAR PAGOS · AUTO]   • Pagos CON acta (MANTIENEN): 2807
[ACTUALIZAR PAGOS · AUTO]   • Pagos RECHAZADOS (sin coincidencias): 13911
[ACTUALIZAR PAGOS · AUTO] ⚠️  Se eliminaron 13911 registros sin número de acta
[ACTUALIZAR PAGOS · AUTO]      (recordá: esto incluye tanto pagos ya actualizados/pagados
[ACTUALIZAR PAGOS · AUTO]       como pagos que quedaron sin resolver por desbalance en el Paso 1)
[ACTUALIZAR PAGOS · AUTO] ================================================================================
[ACTUALIZAR PAGOS · AUTO] PASO 2-bis: CONFIRMANDO VIGENCIA DE PAGOS DEL SISTEMA NUEVO (contra MULTAS_JUZGADO_CRUCE)
[ACTUALIZAR PAGOS · AUTO] ================================================================================
[ACTUALIZAR PAGOS · AUTO]   ⚠ 2806 pago(s) del sistema nuevo descartados: su acta ya no figura como vencida en MULTAS_JUZGADO_CRUCE (SEMyT ya los actualizó).
[ACTUALIZAR PAGOS · AUTO]   • Pagos del sistema nuevo descartados por ya estar actualizados: 2806
[ACTUALIZAR PAGOS · AUTO] ⏱ PASO 2 (filtrar): 1.3s
[ACTUALIZAR PAGOS · AUTO] 📂 Cargando maestro de causas SIGEMI...
[ACTUALIZAR PAGOS · AUTO]   ✓ Causas totales (maestro): 134069 registros
[ACTUALIZAR PAGOS · AUTO] ⏱ PASO 2.5 (causas simplificado): 0.2s
[ACTUALIZAR PAGOS · AUTO] ================================================================================
[ACTUALIZAR PAGOS · AUTO] PASO 2.5: ARMANDO causas.txt SIMPLIFICADO (cruce contra total_causas_sigemi.txt)
[ACTUALIZAR PAGOS · AUTO] ================================================================================
[ACTUALIZAR PAGOS · AUTO]   • Actas vencidas viejas (multas): 103661
[ACTUALIZAR PAGOS · AUTO]   • Causas totales en el maestro SIGEMI: 134069
[ACTUALIZAR PAGOS · AUTO]   • Causas que coinciden (simplificado): 103331
[ACTUALIZAR PAGOS · AUTO]   ✅ Archivo escrito: backend/descargas/causas/causas.txt
[ACTUALIZAR PAGOS · AUTO] ⏱ PASO 2.5 (causas simplificado): 3.0s
[ACTUALIZAR PAGOS · AUTO] ================================================================================
[ACTUALIZAR PAGOS · AUTO] PASO 3: LLENANDO CAUSA_NUMERO (según fecha de cambio de sistema, cruzando por acta + año)
[ACTUALIZAR PAGOS · AUTO] ================================================================================
[ACTUALIZAR PAGOS · AUTO] 📊 ESTADÍSTICAS DE LLENADO DE CAUSAS:
[ACTUALIZAR PAGOS · AUTO]   • Pagos con causa ORIGINAL: 0
[ACTUALIZAR PAGOS · AUTO]   • Causas encontradas en SIGEMI (actas viejas): 1
[ACTUALIZAR PAGOS · AUTO]   • Causas NO encontradas en SIGEMI: 0
[ACTUALIZAR PAGOS · AUTO]   • Causas asignadas automáticamente (actas nuevas): 0
[ACTUALIZAR PAGOS · AUTO] ⏱ PASO 3 (llenar causas): 0.0s
[ACTUALIZAR PAGOS · AUTO] ================================================================================
[ACTUALIZAR PAGOS · AUTO] PASO 4: ORDENANDO POR FECHA Y ACTA_NUMERO
[ACTUALIZAR PAGOS · AUTO] ================================================================================
[ACTUALIZAR PAGOS · AUTO] ✓ Pagos ordenados correctamente
[ACTUALIZAR PAGOS · AUTO]   • Primera entrada: Acta=131384, Fecha=04/04/2025
[ACTUALIZAR PAGOS · AUTO]   • Última entrada: Acta=131384, Fecha=04/04/2025
[ACTUALIZAR PAGOS · AUTO] 📝 Escribiendo archivo de salida...
[ACTUALIZAR PAGOS · AUTO]   ✅ Archivo escrito: backend/descargas/pagos/2026-07-23/PAGOS 20260723 172407.txt
[ACTUALIZAR PAGOS · AUTO]   ✅ Total registros: 258
[ACTUALIZAR PAGOS · AUTO] ⏱ PASO 4 (ordenar y escribir): 0.0s
[ACTUALIZAR PAGOS · AUTO] ================================================================================
[ACTUALIZAR PAGOS · AUTO] ✅ PROCESO COMPLETADO EXITOSAMENTE
[ACTUALIZAR PAGOS · AUTO] ================================================================================
[ACTUALIZAR PAGOS · AUTO] 📊 RESUMEN FINAL DEL PROCESAMIENTO:
[ACTUALIZAR PAGOS · AUTO]   ENTRADA:
[ACTUALIZAR PAGOS · AUTO]     • Pagos originales: 16718
[ACTUALIZAR PAGOS · AUTO]     • Multas SIGEMI cargadas: 103661
[ACTUALIZAR PAGOS · AUTO]     • Multas Juzgado cargadas: 40193
[ACTUALIZAR PAGOS · AUTO]     • Causas simplificadas (usadas para el cruce): 103331
[ACTUALIZAR PAGOS · AUTO]   PROCESO:
[ACTUALIZAR PAGOS · AUTO]     • Pagos rechazados sigemi: 13911
[ACTUALIZAR PAGOS · AUTO]     • Pagos rechazados juzgado: 2806
[ACTUALIZAR PAGOS · AUTO]   SALIDA:
[ACTUALIZAR PAGOS · AUTO]     • Pagos desactualizados procesados: 1
[ACTUALIZAR PAGOS · AUTO]     • Archivo final: backend/descargas/pagos/2026-07-23/PAGOS 20260723 172407.txt
[ACTUALIZAR PAGOS · AUTO]     • Ordenados por fecha: SÍ ✓
[ACTUALIZAR PAGOS · AUTO]     • Todos con ACTA_NUMERO: SÍ ✓
[ACTUALIZAR PAGOS · AUTO]     • Todos con CAUSA_NUMERO: SÍ ✓
[ACTUALIZAR PAGOS · AUTO] ✅ TXT de pagos (ya cruzado con actas y causas) generado en: backend/descargas/pagos/2026-07-23/PAGOS 20260723 172407.txt
[ACTUALIZAR PAGOS · AUTO] 🧹 TXT de pagos crudo eliminado (ya usado en el cruce): backend/descargas/pagos/2026-07-23/PAGOS DESCARGADOS.txt
[ACTUALIZAR PAGOS · AUTO] 🧹 Excel MULTAS_SIGEMI_CRUCE eliminado (ya usado en el cruce): backend/descargas/cache_actas_cruce/MULTAS_SIGEMI_CRUCE.xlsx
[ACTUALIZAR PAGOS · AUTO] 🧹 Excel MULTAS_JUZGADO_CRUCE eliminado (ya usado en el cruce): backend/descargas/cache_actas_cruce/MULTAS_JUZGADO_CRUCE.xlsx
[ACTUALIZAR PAGOS · AUTO] ✅ CompararActasPaso finalizado. (⏱ 54.2s)
[ACTUALIZAR PAGOS · AUTO] ✓ [CompararActasPaso] Completado.
[ACTUALIZAR PAGOS · AUTO] ▶ [CargarPagosPaso] Iniciando...
[ACTUALIZAR PAGOS · AUTO] ==================================================
[ACTUALIZAR PAGOS · AUTO] 🚀 PASO: CargarPagosPaso
[ACTUALIZAR PAGOS · AUTO] ==================================================
[ACTUALIZAR PAGOS · AUTO] 📤 Subiendo TXT de pagos al SEMyT...
[ACTUALIZAR PAGOS · AUTO] ✅ Importación de pagos completada con éxito.
[ACTUALIZAR PAGOS · AUTO] ✅ Archivo TXT de pagos cargado en el SEMyT correctamente.
[ACTUALIZAR PAGOS · AUTO] ✅ CargarPagosPaso finalizado. (⏱ 3.4s)
[ACTUALIZAR PAGOS · AUTO] ✓ [CargarPagosPaso] Completado.
[ACTUALIZAR PAGOS · AUTO] === Ejecución finalizada con éxito ===
🤖 [Automático] Es hora de actualizar pagos. Arrancando...
[ACTUALIZAR PAGOS · AUTO] === Inicio de ejecución: pagos ===
[ACTUALIZAR PAGOS · AUTO] ▶ [LoginSemytPaso] Iniciando...
[ACTUALIZAR PAGOS · AUTO] ==================================================
[ACTUALIZAR PAGOS · AUTO] 🚀 PASO: LoginSemytPaso
[ACTUALIZAR PAGOS · AUTO] ==================================================
[ACTUALIZAR PAGOS · AUTO] Abriendo SEMyT...
[ACTUALIZAR PAGOS · AUTO] ✅ [SEMyT] Sesión existente detectada. Login omitido.
[ACTUALIZAR PAGOS · AUTO] ✅ LoginSemytPaso finalizado. (⏱ 4.7s)
[ACTUALIZAR PAGOS · AUTO] ✓ [LoginSemytPaso] Completado.
[ACTUALIZAR PAGOS · AUTO] ▶ [LoginJuzgadoPaso] Iniciando...
[ACTUALIZAR PAGOS · AUTO] ==================================================
[ACTUALIZAR PAGOS · AUTO] 🚀 PASO: LoginJuzgadoPaso
[ACTUALIZAR PAGOS · AUTO] ==================================================
[ACTUALIZAR PAGOS · AUTO] Abriendo sitio municipalidad (CiDi)...
[ACTUALIZAR PAGOS · AUTO] ✅ [Juzgado] Sesión existente detectada. Login omitido.
[ACTUALIZAR PAGOS · AUTO] ✅ LoginJuzgadoPaso finalizado. (⏱ 1.7s)
[ACTUALIZAR PAGOS · AUTO] ✓ [LoginJuzgadoPaso] Completado.
[ACTUALIZAR PAGOS · AUTO] ▶ [DescargasParalelasPaso] Iniciando...
[ACTUALIZAR PAGOS · AUTO] ==================================================
[ACTUALIZAR PAGOS · AUTO] 🚀 PASO: DescargasParalelasPaso
[ACTUALIZAR PAGOS · AUTO] ==================================================
[ACTUALIZAR PAGOS · AUTO] 📤 Arrancando las 3 descargas en paralelo (mismo browser, páginas separadas)...
[ACTUALIZAR PAGOS · AUTO] Fecha Desde: 27/06/2024
[ACTUALIZAR PAGOS · AUTO] Fecha Hasta: 24/11/2025
[ACTUALIZAR PAGOS · AUTO] Fecha Desde: 25/11/2025
[ACTUALIZAR PAGOS · AUTO] Fecha Hasta: 23/07/2026
[ACTUALIZAR PAGOS · AUTO] Descargando Excel...
[ACTUALIZAR PAGOS · AUTO] Descargando Excel...
⏳ [Automático] Tocaba disparar 'pagos' pero ya hay una ejecución en curso (Actualizar pagos); esperando a que termine; se reintenta en breve sin perder el turno.
[ACTUALIZAR PAGOS · AUTO] Archivo descargado en: backend/descargas/cache_actas_cruce/MULTAS_JUZGADO_CRUCE.xlsx
[ACTUALIZAR PAGOS · AUTO] ⏱ [actas_juzgado] completado en 20.9s
[ACTUALIZAR PAGOS · AUTO] Archivo descargado en: backend/descargas/cache_actas_cruce/MULTAS_SIGEMI_CRUCE.xlsx
[ACTUALIZAR PAGOS · AUTO] ⏱ [actas_sigemi] completado en 44.4s
[ACTUALIZAR PAGOS · AUTO] ✅ TXT de pagos descargado en: backend/descargas/pagos/2026-07-23/PAGOS DESCARGADOS.txt
[ACTUALIZAR PAGOS · AUTO] ⏱ [pagos_txt] completado en 44.5s
[ACTUALIZAR PAGOS · AUTO] ⏱ TOTAL descargas en paralelo: 44.5s
[ACTUALIZAR PAGOS · AUTO] ✅ DescargasParalelasPaso finalizado. (⏱ 46.0s)
[ACTUALIZAR PAGOS · AUTO] ✓ [DescargasParalelasPaso] Completado.
[ACTUALIZAR PAGOS · AUTO] ▶ [CompararActasPaso] Iniciando...
[ACTUALIZAR PAGOS · AUTO] ==================================================
[ACTUALIZAR PAGOS · AUTO] 🚀 PASO: CompararActasPaso
[ACTUALIZAR PAGOS · AUTO] ==================================================
[ACTUALIZAR PAGOS · AUTO] 🔍 Comparando actas del SEMyT contra pagos del Juzgado...
[ACTUALIZAR PAGOS · AUTO] ================================================================================
[ACTUALIZAR PAGOS · AUTO] INICIANDO PROCESO DE GENERACIÓN DE PAGOS DESACTUALIZADOS
[ACTUALIZAR PAGOS · AUTO] ================================================================================
[ACTUALIZAR PAGOS · AUTO] 📂 Cargando archivos...
[ACTUALIZAR PAGOS · AUTO]   ✓ Pagos: 16722 registros
[ACTUALIZAR PAGOS · AUTO]   ✓ Excel SIGEMI (multas vencidas viejas): 103660 registros
[ACTUALIZAR PAGOS · AUTO]   ✓ Excel Juzgado (multas vencidas nuevas): 40193 registros
[ACTUALIZAR PAGOS · AUTO] ================================================================================
[ACTUALIZAR PAGOS · AUTO] PASO 1: LLENANDO ACTA_NUMERO (búsqueda por patente + fecha, con desempate por hora)
[ACTUALIZAR PAGOS · AUTO] ================================================================================
[ACTUALIZAR PAGOS · AUTO] 📊 ESTADÍSTICAS DE LLENADO DE ACTAS:
[ACTUALIZAR PAGOS · AUTO]   • Pagos con acta ORIGINAL: 2809
[ACTUALIZAR PAGOS · AUTO]   • Pagos SIN acta (buscados): 13913
[ACTUALIZAR PAGOS · AUTO]   • Pagos LLENADOS exitosamente: 1
[ACTUALIZAR PAGOS · AUTO]   • Pagos NO encontrados en multas: 13912
[ACTUALIZAR PAGOS · AUTO]   • Pagos SIN RESOLVER por desbalance de cantidades: 0
[ACTUALIZAR PAGOS · AUTO] ================================================================================
[ACTUALIZAR PAGOS · AUTO] PASO 1: LLENANDO ACTA_NUMERO (búsqueda por patente + fecha, con desempate por hora)
[ACTUALIZAR PAGOS · AUTO] ================================================================================
[ACTUALIZAR PAGOS · AUTO] 📊 ESTADÍSTICAS DE LLENADO DE ACTAS:
[ACTUALIZAR PAGOS · AUTO]   • Pagos con acta ORIGINAL: 2810
[ACTUALIZAR PAGOS · AUTO]   • Pagos SIN acta (buscados): 13912
[ACTUALIZAR PAGOS · AUTO]   • Pagos LLENADOS exitosamente: 0
[ACTUALIZAR PAGOS · AUTO]   • Pagos NO encontrados en multas: 13912
[ACTUALIZAR PAGOS · AUTO]   • Pagos SIN RESOLVER por desbalance de cantidades: 0
[ACTUALIZAR PAGOS · AUTO] ⏱ PASO 1 (llenar actas): 19.7s
[ACTUALIZAR PAGOS · AUTO] ================================================================================
[ACTUALIZAR PAGOS · AUTO] PASO 2: FILTRANDO PAGOS CON ACTA_NUMERO COMPLETO
[ACTUALIZAR PAGOS · AUTO] ================================================================================
[ACTUALIZAR PAGOS · AUTO] 📊 ESTADÍSTICAS DE FILTRADO:
[ACTUALIZAR PAGOS · AUTO]   • Pagos TOTALES al inicio: 16722
[ACTUALIZAR PAGOS · AUTO]   • Pagos CON acta (MANTIENEN): 2810
[ACTUALIZAR PAGOS · AUTO]   • Pagos RECHAZADOS (sin coincidencias): 13912
[ACTUALIZAR PAGOS · AUTO] ⚠️  Se eliminaron 13912 registros sin número de acta
[ACTUALIZAR PAGOS · AUTO]      (recordá: esto incluye tanto pagos ya actualizados/pagados
[ACTUALIZAR PAGOS · AUTO]       como pagos que quedaron sin resolver por desbalance en el Paso 1)
[ACTUALIZAR PAGOS · AUTO] ================================================================================
[ACTUALIZAR PAGOS · AUTO] PASO 2-bis: CONFIRMANDO VIGENCIA DE PAGOS DEL SISTEMA NUEVO (contra MULTAS_JUZGADO_CRUCE)
[ACTUALIZAR PAGOS · AUTO] ================================================================================
[ACTUALIZAR PAGOS · AUTO]   ⚠ 2807 pago(s) del sistema nuevo descartados: su acta ya no figura como vencida en MULTAS_JUZGADO_CRUCE (SEMyT ya los actualizó).
[ACTUALIZAR PAGOS · AUTO]   • Pagos del sistema nuevo descartados por ya estar actualizados: 2807
[ACTUALIZAR PAGOS · AUTO] ⏱ PASO 2 (filtrar): 1.3s
[ACTUALIZAR PAGOS · AUTO] 📂 Cargando maestro de causas SIGEMI...
[ACTUALIZAR PAGOS · AUTO]   ✓ Causas totales (maestro): 134069 registros
[ACTUALIZAR PAGOS · AUTO] ⏱ PASO 2.5 (causas simplificado): 0.2s
[ACTUALIZAR PAGOS · AUTO] ================================================================================
[ACTUALIZAR PAGOS · AUTO] PASO 2.5: ARMANDO causas.txt SIMPLIFICADO (cruce contra total_causas_sigemi.txt)
[ACTUALIZAR PAGOS · AUTO] ================================================================================
[ACTUALIZAR PAGOS · AUTO]   • Actas vencidas viejas (multas): 103660
[ACTUALIZAR PAGOS · AUTO]   • Causas totales en el maestro SIGEMI: 134069
[ACTUALIZAR PAGOS · AUTO]   • Causas que coinciden (simplificado): 103330
[ACTUALIZAR PAGOS · AUTO]   ✅ Archivo escrito: backend/descargas/causas/causas.txt
[ACTUALIZAR PAGOS · AUTO] ⏱ PASO 2.5 (causas simplificado): 3.0s
[ACTUALIZAR PAGOS · AUTO] ================================================================================
[ACTUALIZAR PAGOS · AUTO] PASO 3: LLENANDO CAUSA_NUMERO (según fecha de cambio de sistema, cruzando por acta + año)
[ACTUALIZAR PAGOS · AUTO] ================================================================================
[ACTUALIZAR PAGOS · AUTO] 📊 ESTADÍSTICAS DE LLENADO DE CAUSAS:
[ACTUALIZAR PAGOS · AUTO]   • Pagos con causa ORIGINAL: 2
[ACTUALIZAR PAGOS · AUTO]   • Causas encontradas en SIGEMI (actas viejas): 1
[ACTUALIZAR PAGOS · AUTO]   • Causas NO encontradas en SIGEMI: 0
[ACTUALIZAR PAGOS · AUTO]   • Causas asignadas automáticamente (actas nuevas): 0
[ACTUALIZAR PAGOS · AUTO] ⏱ PASO 3 (llenar causas): 0.0s
[ACTUALIZAR PAGOS · AUTO] ================================================================================
[ACTUALIZAR PAGOS · AUTO] PASO 4: ORDENANDO POR FECHA Y ACTA_NUMERO
[ACTUALIZAR PAGOS · AUTO] ================================================================================
[ACTUALIZAR PAGOS · AUTO] ✓ Pagos ordenados correctamente
[ACTUALIZAR PAGOS · AUTO]   • Primera entrada: Acta=212168, Fecha=30/09/2025
[ACTUALIZAR PAGOS · AUTO]   • Última entrada: Acta=271869, Fecha=25/02/2026
[ACTUALIZAR PAGOS · AUTO] 📝 Escribiendo archivo de salida...
[ACTUALIZAR PAGOS · AUTO]   ✅ Archivo escrito: backend/descargas/pagos/2026-07-23/PAGOS 20260723 173611.txt
[ACTUALIZAR PAGOS · AUTO]   ✅ Total registros: 462
[ACTUALIZAR PAGOS · AUTO] ⏱ PASO 4 (ordenar y escribir): 0.0s
[ACTUALIZAR PAGOS · AUTO] ================================================================================
[ACTUALIZAR PAGOS · AUTO] ✅ PROCESO COMPLETADO EXITOSAMENTE
[ACTUALIZAR PAGOS · AUTO] ================================================================================
[ACTUALIZAR PAGOS · AUTO] 📊 RESUMEN FINAL DEL PROCESAMIENTO:
[ACTUALIZAR PAGOS · AUTO]   ENTRADA:
[ACTUALIZAR PAGOS · AUTO]     • Pagos originales: 16722
[ACTUALIZAR PAGOS · AUTO]     • Multas SIGEMI cargadas: 103660
[ACTUALIZAR PAGOS · AUTO]     • Multas Juzgado cargadas: 40193
[ACTUALIZAR PAGOS · AUTO]     • Causas simplificadas (usadas para el cruce): 103330
[ACTUALIZAR PAGOS · AUTO]   PROCESO:
[ACTUALIZAR PAGOS · AUTO]     • Pagos rechazados sigemi: 13912
[ACTUALIZAR PAGOS · AUTO]     • Pagos rechazados juzgado: 2807
[ACTUALIZAR PAGOS · AUTO]   SALIDA:
[ACTUALIZAR PAGOS · AUTO]     • Pagos desactualizados procesados: 3
[ACTUALIZAR PAGOS · AUTO]     • Archivo final: backend/descargas/pagos/2026-07-23/PAGOS 20260723 173611.txt
[ACTUALIZAR PAGOS · AUTO]     • Ordenados por fecha: SÍ ✓
[ACTUALIZAR PAGOS · AUTO]     • Todos con ACTA_NUMERO: SÍ ✓
[ACTUALIZAR PAGOS · AUTO]     • Todos con CAUSA_NUMERO: SÍ ✓
[ACTUALIZAR PAGOS · AUTO] ✅ TXT de pagos (ya cruzado con actas y causas) generado en: backend/descargas/pagos/2026-07-23/PAGOS 20260723 173611.txt
[ACTUALIZAR PAGOS · AUTO] 🧹 TXT de pagos crudo eliminado (ya usado en el cruce): backend/descargas/pagos/2026-07-23/PAGOS DESCARGADOS.txt
[ACTUALIZAR PAGOS · AUTO] 🧹 Excel MULTAS_SIGEMI_CRUCE eliminado (ya usado en el cruce): backend/descargas/cache_actas_cruce/MULTAS_SIGEMI_CRUCE.xlsx
[ACTUALIZAR PAGOS · AUTO] 🧹 Excel MULTAS_JUZGADO_CRUCE eliminado (ya usado en el cruce): backend/descargas/cache_actas_cruce/MULTAS_JUZGADO_CRUCE.xlsx
[ACTUALIZAR PAGOS · AUTO] ✅ CompararActasPaso finalizado. (⏱ 51.5s)
[ACTUALIZAR PAGOS · AUTO] ✓ [CompararActasPaso] Completado.
[ACTUALIZAR PAGOS · AUTO] ▶ [CargarPagosPaso] Iniciando...
[ACTUALIZAR PAGOS · AUTO] ==================================================
[ACTUALIZAR PAGOS · AUTO] 🚀 PASO: CargarPagosPaso
[ACTUALIZAR PAGOS · AUTO] ==================================================
[ACTUALIZAR PAGOS · AUTO] 📤 Subiendo TXT de pagos al SEMyT...
[ACTUALIZAR PAGOS · AUTO] ✅ Importación de pagos completada con éxito.
[ACTUALIZAR PAGOS · AUTO] ✅ Archivo TXT de pagos cargado en el SEMyT correctamente.
[ACTUALIZAR PAGOS · AUTO] ✅ CargarPagosPaso finalizado. (⏱ 2.9s)
[ACTUALIZAR PAGOS · AUTO] ✓ [CargarPagosPaso] Completado.
[ACTUALIZAR PAGOS · AUTO] === Ejecución finalizada con éxito ===
🤖 [Automático] Es hora de actualizar pagos. Arrancando...
[ACTUALIZAR PAGOS · AUTO] === Inicio de ejecución: pagos ===
[ACTUALIZAR PAGOS · AUTO] ▶ [LoginSemytPaso] Iniciando...
[ACTUALIZAR PAGOS · AUTO] ==================================================
[ACTUALIZAR PAGOS · AUTO] 🚀 PASO: LoginSemytPaso
[ACTUALIZAR PAGOS · AUTO] ==================================================
[ACTUALIZAR PAGOS · AUTO] Abriendo SEMyT...
[ACTUALIZAR PAGOS · AUTO] ✅ [SEMyT] Sesión existente detectada. Login omitido.
[ACTUALIZAR PAGOS · AUTO] ✅ LoginSemytPaso finalizado. (⏱ 5.0s)
[ACTUALIZAR PAGOS · AUTO] ✓ [LoginSemytPaso] Completado.
[ACTUALIZAR PAGOS · AUTO] ▶ [LoginJuzgadoPaso] Iniciando...
[ACTUALIZAR PAGOS · AUTO] ==================================================
[ACTUALIZAR PAGOS · AUTO] 🚀 PASO: LoginJuzgadoPaso
[ACTUALIZAR PAGOS · AUTO] ==================================================
[ACTUALIZAR PAGOS · AUTO] Abriendo sitio municipalidad (CiDi)...
[ACTUALIZAR PAGOS · AUTO] ✅ [Juzgado] Sesión existente detectada. Login omitido.
[ACTUALIZAR PAGOS · AUTO] ✅ LoginJuzgadoPaso finalizado. (⏱ 1.3s)
[ACTUALIZAR PAGOS · AUTO] ✓ [LoginJuzgadoPaso] Completado.
[ACTUALIZAR PAGOS · AUTO] ▶ [DescargasParalelasPaso] Iniciando...
[ACTUALIZAR PAGOS · AUTO] ==================================================
[ACTUALIZAR PAGOS · AUTO] 🚀 PASO: DescargasParalelasPaso
[ACTUALIZAR PAGOS · AUTO] ==================================================
[ACTUALIZAR PAGOS · AUTO] 📤 Arrancando las 3 descargas en paralelo (mismo browser, páginas separadas)...
[ACTUALIZAR PAGOS · AUTO] Fecha Desde: 27/06/2024
[ACTUALIZAR PAGOS · AUTO] Fecha Hasta: 24/11/2025
[ACTUALIZAR PAGOS · AUTO] Fecha Desde: 25/11/2025
[ACTUALIZAR PAGOS · AUTO] Fecha Hasta: 23/07/2026
[ACTUALIZAR PAGOS · AUTO] Descargando Excel...
[ACTUALIZAR PAGOS · AUTO] Descargando Excel...
⏳ [Automático] Tocaba disparar 'pagos' pero ya hay una ejecución en curso (Actualizar pagos); esperando a que termine; se reintenta en breve sin perder el turno.
[ACTUALIZAR PAGOS · AUTO] Archivo descargado en: backend/descargas/cache_actas_cruce/MULTAS_JUZGADO_CRUCE.xlsx
[ACTUALIZAR PAGOS · AUTO] ⏱ [actas_juzgado] completado en 35.2s
[ACTUALIZAR PAGOS · AUTO] Archivo descargado en: backend/descargas/cache_actas_cruce/MULTAS_SIGEMI_CRUCE.xlsx
[ACTUALIZAR PAGOS · AUTO] ⏱ [actas_sigemi] completado en 57.5s
[ACTUALIZAR PAGOS · AUTO] ✅ TXT de pagos descargado en: backend/descargas/pagos/2026-07-23/PAGOS DESCARGADOS.txt
[ACTUALIZAR PAGOS · AUTO] ⏱ [pagos_txt] completado en 57.6s
[ACTUALIZAR PAGOS · AUTO] ⏱ TOTAL descargas en paralelo: 57.6s
[ACTUALIZAR PAGOS · AUTO] ✅ DescargasParalelasPaso finalizado. (⏱ 59.1s)
[ACTUALIZAR PAGOS · AUTO] ✓ [DescargasParalelasPaso] Completado.
[ACTUALIZAR PAGOS · AUTO] ▶ [CompararActasPaso] Iniciando...
[ACTUALIZAR PAGOS · AUTO] ==================================================
[ACTUALIZAR PAGOS · AUTO] 🚀 PASO: CompararActasPaso
[ACTUALIZAR PAGOS · AUTO] ==================================================
[ACTUALIZAR PAGOS · AUTO] 🔍 Comparando actas del SEMyT contra pagos del Juzgado...
[ACTUALIZAR PAGOS · AUTO] ================================================================================
[ACTUALIZAR PAGOS · AUTO] INICIANDO PROCESO DE GENERACIÓN DE PAGOS DESACTUALIZADOS
[ACTUALIZAR PAGOS · AUTO] ================================================================================
[ACTUALIZAR PAGOS · AUTO] 📂 Cargando archivos...
[ACTUALIZAR PAGOS · AUTO]   ✓ Pagos: 16725 registros
[ACTUALIZAR PAGOS · AUTO]   ✓ Excel SIGEMI (multas vencidas viejas): 103655 registros
[ACTUALIZAR PAGOS · AUTO]   ✓ Excel Juzgado (multas vencidas nuevas): 40188 registros
[ACTUALIZAR PAGOS · AUTO] ================================================================================
[ACTUALIZAR PAGOS · AUTO] PASO 1: LLENANDO ACTA_NUMERO (búsqueda por patente + fecha, con desempate por hora)
[ACTUALIZAR PAGOS · AUTO] ================================================================================
[ACTUALIZAR PAGOS · AUTO] 📊 ESTADÍSTICAS DE LLENADO DE ACTAS:
[ACTUALIZAR PAGOS · AUTO]   • Pagos con acta ORIGINAL: 2812
[ACTUALIZAR PAGOS · AUTO]   • Pagos SIN acta (buscados): 13913
[ACTUALIZAR PAGOS · AUTO]   • Pagos LLENADOS exitosamente: 0
[ACTUALIZAR PAGOS · AUTO]   • Pagos NO encontrados en multas: 13913
[ACTUALIZAR PAGOS · AUTO]   • Pagos SIN RESOLVER por desbalance de cantidades: 0
[ACTUALIZAR PAGOS · AUTO] ================================================================================
[ACTUALIZAR PAGOS · AUTO] PASO 1: LLENANDO ACTA_NUMERO (búsqueda por patente + fecha, con desempate por hora)
[ACTUALIZAR PAGOS · AUTO] ================================================================================
[ACTUALIZAR PAGOS · AUTO] 📊 ESTADÍSTICAS DE LLENADO DE ACTAS:
[ACTUALIZAR PAGOS · AUTO]   • Pagos con acta ORIGINAL: 2812
[ACTUALIZAR PAGOS · AUTO]   • Pagos SIN acta (buscados): 13913
[ACTUALIZAR PAGOS · AUTO]   • Pagos LLENADOS exitosamente: 0
[ACTUALIZAR PAGOS · AUTO]   • Pagos NO encontrados en multas: 13913
[ACTUALIZAR PAGOS · AUTO]   • Pagos SIN RESOLVER por desbalance de cantidades: 0
[ACTUALIZAR PAGOS · AUTO] ⏱ PASO 1 (llenar actas): 19.7s
[ACTUALIZAR PAGOS · AUTO] ================================================================================
[ACTUALIZAR PAGOS · AUTO] PASO 2: FILTRANDO PAGOS CON ACTA_NUMERO COMPLETO
[ACTUALIZAR PAGOS · AUTO] ================================================================================
[ACTUALIZAR PAGOS · AUTO] 📊 ESTADÍSTICAS DE FILTRADO:
[ACTUALIZAR PAGOS · AUTO]   • Pagos TOTALES al inicio: 16725
[ACTUALIZAR PAGOS · AUTO]   • Pagos CON acta (MANTIENEN): 2812
[ACTUALIZAR PAGOS · AUTO]   • Pagos RECHAZADOS (sin coincidencias): 13913
[ACTUALIZAR PAGOS · AUTO] ⚠️  Se eliminaron 13913 registros sin número de acta
[ACTUALIZAR PAGOS · AUTO]      (recordá: esto incluye tanto pagos ya actualizados/pagados
[ACTUALIZAR PAGOS · AUTO]       como pagos que quedaron sin resolver por desbalance en el Paso 1)
[ACTUALIZAR PAGOS · AUTO] ================================================================================
[ACTUALIZAR PAGOS · AUTO] PASO 2-bis: CONFIRMANDO VIGENCIA DE PAGOS DEL SISTEMA NUEVO (contra MULTAS_JUZGADO_CRUCE)
[ACTUALIZAR PAGOS · AUTO] ================================================================================
[ACTUALIZAR PAGOS · AUTO]   ⚠ 2809 pago(s) del sistema nuevo descartados: su acta ya no figura como vencida en MULTAS_JUZGADO_CRUCE (SEMyT ya los actualizó).
[ACTUALIZAR PAGOS · AUTO]   • Pagos del sistema nuevo descartados por ya estar actualizados: 2809
[ACTUALIZAR PAGOS · AUTO] ⏱ PASO 2 (filtrar): 1.3s
[ACTUALIZAR PAGOS · AUTO] 📂 Cargando maestro de causas SIGEMI...
[ACTUALIZAR PAGOS · AUTO]   ✓ Causas totales (maestro): 134069 registros
[ACTUALIZAR PAGOS · AUTO] ⏱ PASO 2.5 (causas simplificado): 0.2s
[ACTUALIZAR PAGOS · AUTO] ================================================================================
[ACTUALIZAR PAGOS · AUTO] PASO 2.5: ARMANDO causas.txt SIMPLIFICADO (cruce contra total_causas_sigemi.txt)
[ACTUALIZAR PAGOS · AUTO] ================================================================================
[ACTUALIZAR PAGOS · AUTO]   • Actas vencidas viejas (multas): 103655
[ACTUALIZAR PAGOS · AUTO]   • Causas totales en el maestro SIGEMI: 134069
[ACTUALIZAR PAGOS · AUTO]   • Causas que coinciden (simplificado): 103325
[ACTUALIZAR PAGOS · AUTO]   ✅ Archivo escrito: backend/descargas/causas/causas.txt
[ACTUALIZAR PAGOS · AUTO] ⏱ PASO 2.5 (causas simplificado): 3.0s
[ACTUALIZAR PAGOS · AUTO] ================================================================================
[ACTUALIZAR PAGOS · AUTO] PASO 3: LLENANDO CAUSA_NUMERO (según fecha de cambio de sistema, cruzando por acta + año)
[ACTUALIZAR PAGOS · AUTO] ================================================================================
[ACTUALIZAR PAGOS · AUTO] 📊 ESTADÍSTICAS DE LLENADO DE CAUSAS:
[ACTUALIZAR PAGOS · AUTO]   • Pagos con causa ORIGINAL: 3
[ACTUALIZAR PAGOS · AUTO]   • Causas encontradas en SIGEMI (actas viejas): 0
[ACTUALIZAR PAGOS · AUTO]   • Causas NO encontradas en SIGEMI: 0
[ACTUALIZAR PAGOS · AUTO]   • Causas asignadas automáticamente (actas nuevas): 0
[ACTUALIZAR PAGOS · AUTO] ⏱ PASO 3 (llenar causas): 0.0s
[ACTUALIZAR PAGOS · AUTO] ================================================================================
[ACTUALIZAR PAGOS · AUTO] PASO 4: ORDENANDO POR FECHA Y ACTA_NUMERO
[ACTUALIZAR PAGOS · AUTO] ================================================================================
[ACTUALIZAR PAGOS · AUTO] ✓ Pagos ordenados correctamente
[ACTUALIZAR PAGOS · AUTO]   • Primera entrada: Acta=262397, Fecha=04/02/2026
[ACTUALIZAR PAGOS · AUTO]   • Última entrada: Acta=271553, Fecha=25/02/2026
[ACTUALIZAR PAGOS · AUTO] 📝 Escribiendo archivo de salida...
[ACTUALIZAR PAGOS · AUTO]   ✅ Archivo escrito: backend/descargas/pagos/2026-07-23/PAGOS 20260723 174815.txt
[ACTUALIZAR PAGOS · AUTO]   ✅ Total registros: 470
[ACTUALIZAR PAGOS · AUTO] ⏱ PASO 4 (ordenar y escribir): 0.0s
[ACTUALIZAR PAGOS · AUTO] ================================================================================
[ACTUALIZAR PAGOS · AUTO] ✅ PROCESO COMPLETADO EXITOSAMENTE
[ACTUALIZAR PAGOS · AUTO] ================================================================================
[ACTUALIZAR PAGOS · AUTO] 📊 RESUMEN FINAL DEL PROCESAMIENTO:
[ACTUALIZAR PAGOS · AUTO]   ENTRADA:
[ACTUALIZAR PAGOS · AUTO]     • Pagos originales: 16725
[ACTUALIZAR PAGOS · AUTO]     • Multas SIGEMI cargadas: 103655
[ACTUALIZAR PAGOS · AUTO]     • Multas Juzgado cargadas: 40188
[ACTUALIZAR PAGOS · AUTO]     • Causas simplificadas (usadas para el cruce): 103325
[ACTUALIZAR PAGOS · AUTO]   PROCESO:
[ACTUALIZAR PAGOS · AUTO]     • Pagos rechazados sigemi: 13913
[ACTUALIZAR PAGOS · AUTO]     • Pagos rechazados juzgado: 2809
[ACTUALIZAR PAGOS · AUTO]   SALIDA:
[ACTUALIZAR PAGOS · AUTO]     • Pagos desactualizados procesados: 3
[ACTUALIZAR PAGOS · AUTO]     • Archivo final: backend/descargas/pagos/2026-07-23/PAGOS 20260723 174815.txt
[ACTUALIZAR PAGOS · AUTO]     • Ordenados por fecha: SÍ ✓
[ACTUALIZAR PAGOS · AUTO]     • Todos con ACTA_NUMERO: SÍ ✓
[ACTUALIZAR PAGOS · AUTO]     • Todos con CAUSA_NUMERO: SÍ ✓
[ACTUALIZAR PAGOS · AUTO] ✅ TXT de pagos (ya cruzado con actas y causas) generado en: backend/descargas/pagos/2026-07-23/PAGOS 20260723 174815.txt
[ACTUALIZAR PAGOS · AUTO] 🧹 TXT de pagos crudo eliminado (ya usado en el cruce): backend/descargas/pagos/2026-07-23/PAGOS DESCARGADOS.txt
[ACTUALIZAR PAGOS · AUTO] 🧹 Excel MULTAS_SIGEMI_CRUCE eliminado (ya usado en el cruce): backend/descargas/cache_actas_cruce/MULTAS_SIGEMI_CRUCE.xlsx
[ACTUALIZAR PAGOS · AUTO] 🧹 Excel MULTAS_JUZGADO_CRUCE eliminado (ya usado en el cruce): backend/descargas/cache_actas_cruce/MULTAS_JUZGADO_CRUCE.xlsx
[ACTUALIZAR PAGOS · AUTO] ✅ CompararActasPaso finalizado. (⏱ 54.3s)
[ACTUALIZAR PAGOS · AUTO] ✓ [CompararActasPaso] Completado.
[ACTUALIZAR PAGOS · AUTO] ▶ [CargarPagosPaso] Iniciando...
[ACTUALIZAR PAGOS · AUTO] ==================================================
[ACTUALIZAR PAGOS · AUTO] 🚀 PASO: CargarPagosPaso
[ACTUALIZAR PAGOS · AUTO] ==================================================
[ACTUALIZAR PAGOS · AUTO] 📤 Subiendo TXT de pagos al SEMyT...
[ACTUALIZAR PAGOS · AUTO] ✅ Importación de pagos completada con éxito.
[ACTUALIZAR PAGOS · AUTO] ✅ Archivo TXT de pagos cargado en el SEMyT correctamente.
[ACTUALIZAR PAGOS · AUTO] ✅ CargarPagosPaso finalizado. (⏱ 3.5s)
[ACTUALIZAR PAGOS · AUTO] ✓ [CargarPagosPaso] Completado.
[ACTUALIZAR PAGOS · AUTO] === Ejecución finalizada con éxito ===
🤖 [Automático] Es hora de actualizar pagos. Arrancando...
[ACTUALIZAR PAGOS · AUTO] === Inicio de ejecución: pagos ===
[ACTUALIZAR PAGOS · AUTO] ▶ [LoginSemytPaso] Iniciando...
[ACTUALIZAR PAGOS · AUTO] ==================================================
[ACTUALIZAR PAGOS · AUTO] 🚀 PASO: LoginSemytPaso
[ACTUALIZAR PAGOS · AUTO] ==================================================
[ACTUALIZAR PAGOS · AUTO] Abriendo SEMyT...
[ACTUALIZAR PAGOS · AUTO] ✅ [SEMyT] Sesión existente detectada. Login omitido.
[ACTUALIZAR PAGOS · AUTO] ✅ LoginSemytPaso finalizado. (⏱ 4.3s)
[ACTUALIZAR PAGOS · AUTO] ✓ [LoginSemytPaso] Completado.
[ACTUALIZAR PAGOS · AUTO] ▶ [LoginJuzgadoPaso] Iniciando...
[ACTUALIZAR PAGOS · AUTO] ==================================================
[ACTUALIZAR PAGOS · AUTO] 🚀 PASO: LoginJuzgadoPaso
[ACTUALIZAR PAGOS · AUTO] ==================================================
[ACTUALIZAR PAGOS · AUTO] Abriendo sitio municipalidad (CiDi)...
[ACTUALIZAR PAGOS · AUTO] ✅ [Juzgado] Sesión existente detectada. Login omitido.
[ACTUALIZAR PAGOS · AUTO] ✅ LoginJuzgadoPaso finalizado. (⏱ 1.4s)
[ACTUALIZAR PAGOS · AUTO] ✓ [LoginJuzgadoPaso] Completado.
[ACTUALIZAR PAGOS · AUTO] ▶ [DescargasParalelasPaso] Iniciando...
[ACTUALIZAR PAGOS · AUTO] ==================================================
[ACTUALIZAR PAGOS · AUTO] 🚀 PASO: DescargasParalelasPaso
[ACTUALIZAR PAGOS · AUTO] ==================================================
[ACTUALIZAR PAGOS · AUTO] 📤 Arrancando las 3 descargas en paralelo (mismo browser, páginas separadas)...
[ACTUALIZAR PAGOS · AUTO] Fecha Desde: 27/06/2024
[ACTUALIZAR PAGOS · AUTO] Fecha Hasta: 24/11/2025
[ACTUALIZAR PAGOS · AUTO] Fecha Desde: 25/11/2025
[ACTUALIZAR PAGOS · AUTO] Fecha Hasta: 23/07/2026
[ACTUALIZAR PAGOS · AUTO] Descargando Excel...
[ACTUALIZAR PAGOS · AUTO] Descargando Excel...
⏳ [Automático] Tocaba disparar 'pagos' pero ya hay una ejecución en curso (Actualizar pagos); esperando a que termine; se reintenta en breve sin perder el turno.
[ACTUALIZAR PAGOS · AUTO] Archivo descargado en: backend/descargas/cache_actas_cruce/MULTAS_JUZGADO_CRUCE.xlsx
[ACTUALIZAR PAGOS · AUTO] ⏱ [actas_juzgado] completado en 21.7s
[ACTUALIZAR PAGOS · AUTO] Archivo descargado en: backend/descargas/cache_actas_cruce/MULTAS_SIGEMI_CRUCE.xlsx
[ACTUALIZAR PAGOS · AUTO] ⏱ [actas_sigemi] completado en 42.8s
[ACTUALIZAR PAGOS · AUTO] ✅ TXT de pagos descargado en: backend/descargas/pagos/2026-07-23/PAGOS DESCARGADOS.txt
[ACTUALIZAR PAGOS · AUTO] ⏱ [pagos_txt] completado en 42.9s
[ACTUALIZAR PAGOS · AUTO] ⏱ TOTAL descargas en paralelo: 42.9s
[ACTUALIZAR PAGOS · AUTO] ✅ DescargasParalelasPaso finalizado. (⏱ 44.5s)
[ACTUALIZAR PAGOS · AUTO] ✓ [DescargasParalelasPaso] Completado.
[ACTUALIZAR PAGOS · AUTO] ▶ [CompararActasPaso] Iniciando...
[ACTUALIZAR PAGOS · AUTO] ==================================================
[ACTUALIZAR PAGOS · AUTO] 🚀 PASO: CompararActasPaso
[ACTUALIZAR PAGOS · AUTO] ==================================================
[ACTUALIZAR PAGOS · AUTO] 🔍 Comparando actas del SEMyT contra pagos del Juzgado...
[ACTUALIZAR PAGOS · AUTO] ================================================================================
[ACTUALIZAR PAGOS · AUTO] INICIANDO PROCESO DE GENERACIÓN DE PAGOS DESACTUALIZADOS
[ACTUALIZAR PAGOS · AUTO] ================================================================================
[ACTUALIZAR PAGOS · AUTO] 📂 Cargando archivos...
[ACTUALIZAR PAGOS · AUTO]   ✓ Pagos: 16729 registros
[ACTUALIZAR PAGOS · AUTO]   ✓ Excel SIGEMI (multas vencidas viejas): 103655 registros
[ACTUALIZAR PAGOS · AUTO]   ✓ Excel Juzgado (multas vencidas nuevas): 40185 registros
[ACTUALIZAR PAGOS · AUTO] ================================================================================
[ACTUALIZAR PAGOS · AUTO] PASO 1: LLENANDO ACTA_NUMERO (búsqueda por patente + fecha, con desempate por hora)
[ACTUALIZAR PAGOS · AUTO] ================================================================================
[ACTUALIZAR PAGOS · AUTO] 📊 ESTADÍSTICAS DE LLENADO DE ACTAS:
[ACTUALIZAR PAGOS · AUTO]   • Pagos con acta ORIGINAL: 2814
[ACTUALIZAR PAGOS · AUTO]   • Pagos SIN acta (buscados): 13915
[ACTUALIZAR PAGOS · AUTO]   • Pagos LLENADOS exitosamente: 2
[ACTUALIZAR PAGOS · AUTO]   • Pagos NO encontrados en multas: 13913
[ACTUALIZAR PAGOS · AUTO]   • Pagos SIN RESOLVER por desbalance de cantidades: 0
[ACTUALIZAR PAGOS · AUTO] ================================================================================
[ACTUALIZAR PAGOS · AUTO] PASO 1: LLENANDO ACTA_NUMERO (búsqueda por patente + fecha, con desempate por hora)
[ACTUALIZAR PAGOS · AUTO] ================================================================================
[ACTUALIZAR PAGOS · AUTO] 📊 ESTADÍSTICAS DE LLENADO DE ACTAS:
[ACTUALIZAR PAGOS · AUTO]   • Pagos con acta ORIGINAL: 2816
[ACTUALIZAR PAGOS · AUTO]   • Pagos SIN acta (buscados): 13913
[ACTUALIZAR PAGOS · AUTO]   • Pagos LLENADOS exitosamente: 0
[ACTUALIZAR PAGOS · AUTO]   • Pagos NO encontrados en multas: 13913
[ACTUALIZAR PAGOS · AUTO]   • Pagos SIN RESOLVER por desbalance de cantidades: 0
[ACTUALIZAR PAGOS · AUTO] ⏱ PASO 1 (llenar actas): 19.7s
[ACTUALIZAR PAGOS · AUTO] ================================================================================
[ACTUALIZAR PAGOS · AUTO] PASO 2: FILTRANDO PAGOS CON ACTA_NUMERO COMPLETO
[ACTUALIZAR PAGOS · AUTO] ================================================================================
[ACTUALIZAR PAGOS · AUTO] 📊 ESTADÍSTICAS DE FILTRADO:
[ACTUALIZAR PAGOS · AUTO]   • Pagos TOTALES al inicio: 16729
[ACTUALIZAR PAGOS · AUTO]   • Pagos CON acta (MANTIENEN): 2816
[ACTUALIZAR PAGOS · AUTO]   • Pagos RECHAZADOS (sin coincidencias): 13913
[ACTUALIZAR PAGOS · AUTO] ⚠️  Se eliminaron 13913 registros sin número de acta
[ACTUALIZAR PAGOS · AUTO]      (recordá: esto incluye tanto pagos ya actualizados/pagados
[ACTUALIZAR PAGOS · AUTO]       como pagos que quedaron sin resolver por desbalance en el Paso 1)
[ACTUALIZAR PAGOS · AUTO] ================================================================================
[ACTUALIZAR PAGOS · AUTO] PASO 2-bis: CONFIRMANDO VIGENCIA DE PAGOS DEL SISTEMA NUEVO (contra MULTAS_JUZGADO_CRUCE)
[ACTUALIZAR PAGOS · AUTO] ================================================================================
[ACTUALIZAR PAGOS · AUTO]   ⚠ 2812 pago(s) del sistema nuevo descartados: su acta ya no figura como vencida en MULTAS_JUZGADO_CRUCE (SEMyT ya los actualizó).
[ACTUALIZAR PAGOS · AUTO]   • Pagos del sistema nuevo descartados por ya estar actualizados: 2812
[ACTUALIZAR PAGOS · AUTO] ⏱ PASO 2 (filtrar): 1.3s
[ACTUALIZAR PAGOS · AUTO] 📂 Cargando maestro de causas SIGEMI...
[ACTUALIZAR PAGOS · AUTO]   ✓ Causas totales (maestro): 134069 registros
[ACTUALIZAR PAGOS · AUTO] ⏱ PASO 2.5 (causas simplificado): 0.2s
[ACTUALIZAR PAGOS · AUTO] ================================================================================
[ACTUALIZAR PAGOS · AUTO] PASO 2.5: ARMANDO causas.txt SIMPLIFICADO (cruce contra total_causas_sigemi.txt)
[ACTUALIZAR PAGOS · AUTO] ================================================================================
[ACTUALIZAR PAGOS · AUTO]   • Actas vencidas viejas (multas): 103655
[ACTUALIZAR PAGOS · AUTO]   • Causas totales en el maestro SIGEMI: 134069
[ACTUALIZAR PAGOS · AUTO]   • Causas que coinciden (simplificado): 103325
[ACTUALIZAR PAGOS · AUTO]   ✅ Archivo escrito: backend/descargas/causas/causas.txt
[ACTUALIZAR PAGOS · AUTO] ⏱ PASO 2.5 (causas simplificado): 2.9s
[ACTUALIZAR PAGOS · AUTO] ================================================================================
[ACTUALIZAR PAGOS · AUTO] PASO 3: LLENANDO CAUSA_NUMERO (según fecha de cambio de sistema, cruzando por acta + año)
[ACTUALIZAR PAGOS · AUTO] ================================================================================
[ACTUALIZAR PAGOS · AUTO] 📊 ESTADÍSTICAS DE LLENADO DE CAUSAS:
[ACTUALIZAR PAGOS · AUTO]   • Pagos con causa ORIGINAL: 2
[ACTUALIZAR PAGOS · AUTO]   • Causas encontradas en SIGEMI (actas viejas): 2
[ACTUALIZAR PAGOS · AUTO]   • Causas NO encontradas en SIGEMI: 0
[ACTUALIZAR PAGOS · AUTO]   • Causas asignadas automáticamente (actas nuevas): 0
[ACTUALIZAR PAGOS · AUTO] ⏱ PASO 3 (llenar causas): 0.0s
[ACTUALIZAR PAGOS · AUTO] ================================================================================
[ACTUALIZAR PAGOS · AUTO] PASO 4: ORDENANDO POR FECHA Y ACTA_NUMERO
[ACTUALIZAR PAGOS · AUTO] ================================================================================
[ACTUALIZAR PAGOS · AUTO] ✓ Pagos ordenados correctamente
[ACTUALIZAR PAGOS · AUTO]   • Primera entrada: Acta=146057, Fecha=09/05/2025
[ACTUALIZAR PAGOS · AUTO]   • Última entrada: Acta=259477, Fecha=27/01/2026
[ACTUALIZAR PAGOS · AUTO] 📝 Escribiendo archivo de salida...
[ACTUALIZAR PAGOS · AUTO]   ✅ Archivo escrito: backend/descargas/pagos/2026-07-23/PAGOS 20260723 180008.txt
[ACTUALIZAR PAGOS · AUTO]   ✅ Total registros: 576
[ACTUALIZAR PAGOS · AUTO] ⏱ PASO 4 (ordenar y escribir): 0.0s
[ACTUALIZAR PAGOS · AUTO] ================================================================================
[ACTUALIZAR PAGOS · AUTO] ✅ PROCESO COMPLETADO EXITOSAMENTE
[ACTUALIZAR PAGOS · AUTO] ================================================================================
[ACTUALIZAR PAGOS · AUTO] 📊 RESUMEN FINAL DEL PROCESAMIENTO:
[ACTUALIZAR PAGOS · AUTO]   ENTRADA:
[ACTUALIZAR PAGOS · AUTO]     • Pagos originales: 16729
[ACTUALIZAR PAGOS · AUTO]     • Multas SIGEMI cargadas: 103655
[ACTUALIZAR PAGOS · AUTO]     • Multas Juzgado cargadas: 40185
[ACTUALIZAR PAGOS · AUTO]     • Causas simplificadas (usadas para el cruce): 103325
[ACTUALIZAR PAGOS · AUTO]   PROCESO:
[ACTUALIZAR PAGOS · AUTO]     • Pagos rechazados sigemi: 13913
[ACTUALIZAR PAGOS · AUTO]     • Pagos rechazados juzgado: 2812
[ACTUALIZAR PAGOS · AUTO]   SALIDA:
[ACTUALIZAR PAGOS · AUTO]     • Pagos desactualizados procesados: 4
[ACTUALIZAR PAGOS · AUTO]     • Archivo final: backend/descargas/pagos/2026-07-23/PAGOS 20260723 180008.txt
[ACTUALIZAR PAGOS · AUTO]     • Ordenados por fecha: SÍ ✓
[ACTUALIZAR PAGOS · AUTO]     • Todos con ACTA_NUMERO: SÍ ✓
[ACTUALIZAR PAGOS · AUTO]     • Todos con CAUSA_NUMERO: SÍ ✓
[ACTUALIZAR PAGOS · AUTO] ✅ TXT de pagos (ya cruzado con actas y causas) generado en: backend/descargas/pagos/2026-07-23/PAGOS 20260723 180008.txt
[ACTUALIZAR PAGOS · AUTO] 🧹 TXT de pagos crudo eliminado (ya usado en el cruce): backend/descargas/pagos/2026-07-23/PAGOS DESCARGADOS.txt
[ACTUALIZAR PAGOS · AUTO] 🧹 Excel MULTAS_SIGEMI_CRUCE eliminado (ya usado en el cruce): backend/descargas/cache_actas_cruce/MULTAS_SIGEMI_CRUCE.xlsx
[ACTUALIZAR PAGOS · AUTO] 🧹 Excel MULTAS_JUZGADO_CRUCE eliminado (ya usado en el cruce): backend/descargas/cache_actas_cruce/MULTAS_JUZGADO_CRUCE.xlsx
[ACTUALIZAR PAGOS · AUTO] ✅ CompararActasPaso finalizado. (⏱ 54.0s)
[ACTUALIZAR PAGOS · AUTO] ✓ [CompararActasPaso] Completado.
[ACTUALIZAR PAGOS · AUTO] ▶ [CargarPagosPaso] Iniciando...
[ACTUALIZAR PAGOS · AUTO] ==================================================
[ACTUALIZAR PAGOS · AUTO] 🚀 PASO: CargarPagosPaso
[ACTUALIZAR PAGOS · AUTO] ==================================================
[ACTUALIZAR PAGOS · AUTO] 📤 Subiendo TXT de pagos al SEMyT...
[ACTUALIZAR PAGOS · AUTO] ✅ Importación de pagos completada con éxito.
[ACTUALIZAR PAGOS · AUTO] ✅ Archivo TXT de pagos cargado en el SEMyT correctamente.
[ACTUALIZAR PAGOS · AUTO] ✅ CargarPagosPaso finalizado. (⏱ 3.9s)
[ACTUALIZAR PAGOS · AUTO] ✓ [CargarPagosPaso] Completado.
[ACTUALIZAR PAGOS · AUTO] === Ejecución finalizada con éxito ===
🤖 [Automático] Es hora de actualizar pagos. Arrancando...
[ACTUALIZAR PAGOS · AUTO] === Inicio de ejecución: pagos ===
[ACTUALIZAR PAGOS · AUTO] ▶ [LoginSemytPaso] Iniciando...
[ACTUALIZAR PAGOS · AUTO] ==================================================
[ACTUALIZAR PAGOS · AUTO] 🚀 PASO: LoginSemytPaso
[ACTUALIZAR PAGOS · AUTO] ==================================================
[ACTUALIZAR PAGOS · AUTO] Abriendo SEMyT...
[ACTUALIZAR PAGOS · AUTO] ✅ [SEMyT] Sesión existente detectada. Login omitido.
[ACTUALIZAR PAGOS · AUTO] ✅ LoginSemytPaso finalizado. (⏱ 4.9s)
[ACTUALIZAR PAGOS · AUTO] ✓ [LoginSemytPaso] Completado.
[ACTUALIZAR PAGOS · AUTO] ▶ [LoginJuzgadoPaso] Iniciando...
[ACTUALIZAR PAGOS · AUTO] ==================================================
[ACTUALIZAR PAGOS · AUTO] 🚀 PASO: LoginJuzgadoPaso
[ACTUALIZAR PAGOS · AUTO] ==================================================
[ACTUALIZAR PAGOS · AUTO] Abriendo sitio municipalidad (CiDi)...
[ACTUALIZAR PAGOS · AUTO] ✅ [Juzgado] Sesión existente detectada. Login omitido.
[ACTUALIZAR PAGOS · AUTO] ✅ LoginJuzgadoPaso finalizado. (⏱ 1.3s)
[ACTUALIZAR PAGOS · AUTO] ✓ [LoginJuzgadoPaso] Completado.
[ACTUALIZAR PAGOS · AUTO] ▶ [DescargasParalelasPaso] Iniciando...
[ACTUALIZAR PAGOS · AUTO] ==================================================
[ACTUALIZAR PAGOS · AUTO] 🚀 PASO: DescargasParalelasPaso
[ACTUALIZAR PAGOS · AUTO] ==================================================
[ACTUALIZAR PAGOS · AUTO] 📤 Arrancando las 3 descargas en paralelo (mismo browser, páginas separadas)...
[ACTUALIZAR PAGOS · AUTO] Fecha Desde: 27/06/2024
[ACTUALIZAR PAGOS · AUTO] Fecha Hasta: 24/11/2025
[ACTUALIZAR PAGOS · AUTO] Fecha Desde: 25/11/2025
[ACTUALIZAR PAGOS · AUTO] Fecha Hasta: 23/07/2026
[ACTUALIZAR PAGOS · AUTO] Descargando Excel...
[ACTUALIZAR PAGOS · AUTO] Descargando Excel...
⏳ [Automático] Tocaba disparar 'pagos' pero ya hay una ejecución en curso (Actualizar pagos); esperando a que termine; se reintenta en breve sin perder el turno.
[ACTUALIZAR PAGOS · AUTO] Archivo descargado en: backend/descargas/cache_actas_cruce/MULTAS_JUZGADO_CRUCE.xlsx
[ACTUALIZAR PAGOS · AUTO] ⏱ [actas_juzgado] completado en 20.8s
[ACTUALIZAR PAGOS · AUTO] ✅ TXT de pagos descargado en: backend/descargas/pagos/2026-07-23/PAGOS DESCARGADOS.txt
[ACTUALIZAR PAGOS · AUTO] ⏱ [pagos_txt] completado en 22.8s
[ACTUALIZAR PAGOS · AUTO] Archivo descargado en: backend/descargas/cache_actas_cruce/MULTAS_SIGEMI_CRUCE.xlsx
[ACTUALIZAR PAGOS · AUTO] ⏱ [actas_sigemi] completado en 45.1s
[ACTUALIZAR PAGOS · AUTO] ⏱ TOTAL descargas en paralelo: 45.1s
[ACTUALIZAR PAGOS · AUTO] ✅ DescargasParalelasPaso finalizado. (⏱ 46.5s)
[ACTUALIZAR PAGOS · AUTO] ✓ [DescargasParalelasPaso] Completado.
[ACTUALIZAR PAGOS · AUTO] ▶ [CompararActasPaso] Iniciando...
[ACTUALIZAR PAGOS · AUTO] ==================================================
[ACTUALIZAR PAGOS · AUTO] 🚀 PASO: CompararActasPaso
[ACTUALIZAR PAGOS · AUTO] ==================================================
[ACTUALIZAR PAGOS · AUTO] 🔍 Comparando actas del SEMyT contra pagos del Juzgado...
[ACTUALIZAR PAGOS · AUTO] ================================================================================
[ACTUALIZAR PAGOS · AUTO] INICIANDO PROCESO DE GENERACIÓN DE PAGOS DESACTUALIZADOS
[ACTUALIZAR PAGOS · AUTO] ================================================================================
[ACTUALIZAR PAGOS · AUTO] 📂 Cargando archivos...
[ACTUALIZAR PAGOS · AUTO]   ✓ Pagos: 16738 registros
[ACTUALIZAR PAGOS · AUTO]   ✓ Excel SIGEMI (multas vencidas viejas): 103653 registros
[ACTUALIZAR PAGOS · AUTO]   ✓ Excel Juzgado (multas vencidas nuevas): 40183 registros
[ACTUALIZAR PAGOS · AUTO] ================================================================================
[ACTUALIZAR PAGOS · AUTO] PASO 1: LLENANDO ACTA_NUMERO (búsqueda por patente + fecha, con desempate por hora)
[ACTUALIZAR PAGOS · AUTO] ================================================================================
[ACTUALIZAR PAGOS · AUTO] 📊 ESTADÍSTICAS DE LLENADO DE ACTAS:
[ACTUALIZAR PAGOS · AUTO]   • Pagos con acta ORIGINAL: 2819
[ACTUALIZAR PAGOS · AUTO]   • Pagos SIN acta (buscados): 13919
[ACTUALIZAR PAGOS · AUTO]   • Pagos LLENADOS exitosamente: 4
[ACTUALIZAR PAGOS · AUTO]   • Pagos NO encontrados en multas: 13915
[ACTUALIZAR PAGOS · AUTO]   • Pagos SIN RESOLVER por desbalance de cantidades: 0
[ACTUALIZAR PAGOS · AUTO] ================================================================================
[ACTUALIZAR PAGOS · AUTO] PASO 1: LLENANDO ACTA_NUMERO (búsqueda por patente + fecha, con desempate por hora)
[ACTUALIZAR PAGOS · AUTO] ================================================================================
[ACTUALIZAR PAGOS · AUTO] 📊 ESTADÍSTICAS DE LLENADO DE ACTAS:
[ACTUALIZAR PAGOS · AUTO]   • Pagos con acta ORIGINAL: 2823
[ACTUALIZAR PAGOS · AUTO]   • Pagos SIN acta (buscados): 13915
[ACTUALIZAR PAGOS · AUTO]   • Pagos LLENADOS exitosamente: 0
[ACTUALIZAR PAGOS · AUTO]   • Pagos NO encontrados en multas: 13915
[ACTUALIZAR PAGOS · AUTO]   • Pagos SIN RESOLVER por desbalance de cantidades: 0
[ACTUALIZAR PAGOS · AUTO] ⏱ PASO 1 (llenar actas): 19.8s
[ACTUALIZAR PAGOS · AUTO] ================================================================================
[ACTUALIZAR PAGOS · AUTO] PASO 2: FILTRANDO PAGOS CON ACTA_NUMERO COMPLETO
[ACTUALIZAR PAGOS · AUTO] ================================================================================
[ACTUALIZAR PAGOS · AUTO] 📊 ESTADÍSTICAS DE FILTRADO:
[ACTUALIZAR PAGOS · AUTO]   • Pagos TOTALES al inicio: 16738
[ACTUALIZAR PAGOS · AUTO]   • Pagos CON acta (MANTIENEN): 2823
[ACTUALIZAR PAGOS · AUTO]   • Pagos RECHAZADOS (sin coincidencias): 13915
[ACTUALIZAR PAGOS · AUTO] ⚠️  Se eliminaron 13915 registros sin número de acta
[ACTUALIZAR PAGOS · AUTO]      (recordá: esto incluye tanto pagos ya actualizados/pagados
[ACTUALIZAR PAGOS · AUTO]       como pagos que quedaron sin resolver por desbalance en el Paso 1)
[ACTUALIZAR PAGOS · AUTO] ================================================================================
[ACTUALIZAR PAGOS · AUTO] PASO 2-bis: CONFIRMANDO VIGENCIA DE PAGOS DEL SISTEMA NUEVO (contra MULTAS_JUZGADO_CRUCE)
[ACTUALIZAR PAGOS · AUTO] ================================================================================
[ACTUALIZAR PAGOS · AUTO]   ⚠ 2814 pago(s) del sistema nuevo descartados: su acta ya no figura como vencida en MULTAS_JUZGADO_CRUCE (SEMyT ya los actualizó).
[ACTUALIZAR PAGOS · AUTO]   • Pagos del sistema nuevo descartados por ya estar actualizados: 2814
[ACTUALIZAR PAGOS · AUTO] ⏱ PASO 2 (filtrar): 1.3s
[ACTUALIZAR PAGOS · AUTO] 📂 Cargando maestro de causas SIGEMI...
[ACTUALIZAR PAGOS · AUTO]   ✓ Causas totales (maestro): 134069 registros
[ACTUALIZAR PAGOS · AUTO] ⏱ PASO 2.5 (causas simplificado): 0.2s
[ACTUALIZAR PAGOS · AUTO] ================================================================================
[ACTUALIZAR PAGOS · AUTO] PASO 2.5: ARMANDO causas.txt SIMPLIFICADO (cruce contra total_causas_sigemi.txt)
[ACTUALIZAR PAGOS · AUTO] ================================================================================
[ACTUALIZAR PAGOS · AUTO]   • Actas vencidas viejas (multas): 103653
[ACTUALIZAR PAGOS · AUTO]   • Causas totales en el maestro SIGEMI: 134069
[ACTUALIZAR PAGOS · AUTO]   • Causas que coinciden (simplificado): 103323
[ACTUALIZAR PAGOS · AUTO]   ✅ Archivo escrito: backend/descargas/causas/causas.txt
[ACTUALIZAR PAGOS · AUTO] ⏱ PASO 2.5 (causas simplificado): 3.0s
[ACTUALIZAR PAGOS · AUTO] ================================================================================
[ACTUALIZAR PAGOS · AUTO] PASO 3: LLENANDO CAUSA_NUMERO (según fecha de cambio de sistema, cruzando por acta + año)
[ACTUALIZAR PAGOS · AUTO] ================================================================================
[ACTUALIZAR PAGOS · AUTO] 📊 ESTADÍSTICAS DE LLENADO DE CAUSAS:
[ACTUALIZAR PAGOS · AUTO]   • Pagos con causa ORIGINAL: 5
[ACTUALIZAR PAGOS · AUTO]   • Causas encontradas en SIGEMI (actas viejas): 4
[ACTUALIZAR PAGOS · AUTO]   • Causas NO encontradas en SIGEMI: 0
[ACTUALIZAR PAGOS · AUTO]   • Causas asignadas automáticamente (actas nuevas): 0
[ACTUALIZAR PAGOS · AUTO] ⏱ PASO 3 (llenar causas): 0.0s
[ACTUALIZAR PAGOS · AUTO] ================================================================================
[ACTUALIZAR PAGOS · AUTO] PASO 4: ORDENANDO POR FECHA Y ACTA_NUMERO
[ACTUALIZAR PAGOS · AUTO] ================================================================================
[ACTUALIZAR PAGOS · AUTO] ✓ Pagos ordenados correctamente
[ACTUALIZAR PAGOS · AUTO]   • Primera entrada: Acta=204653, Fecha=15/09/2025
[ACTUALIZAR PAGOS · AUTO]   • Última entrada: Acta=301545, Fecha=24/04/2026
[ACTUALIZAR PAGOS · AUTO] 📝 Escribiendo archivo de salida...
[ACTUALIZAR PAGOS · AUTO]   ✅ Archivo escrito: backend/descargas/pagos/2026-07-23/PAGOS 20260723 181203.txt
[ACTUALIZAR PAGOS · AUTO]   ✅ Total registros: 1098
[ACTUALIZAR PAGOS · AUTO] ⏱ PASO 4 (ordenar y escribir): 0.0s
[ACTUALIZAR PAGOS · AUTO] ================================================================================
[ACTUALIZAR PAGOS · AUTO] ✅ PROCESO COMPLETADO EXITOSAMENTE
[ACTUALIZAR PAGOS · AUTO] ================================================================================
[ACTUALIZAR PAGOS · AUTO] 📊 RESUMEN FINAL DEL PROCESAMIENTO:
[ACTUALIZAR PAGOS · AUTO]   ENTRADA:
[ACTUALIZAR PAGOS · AUTO]     • Pagos originales: 16738
[ACTUALIZAR PAGOS · AUTO]     • Multas SIGEMI cargadas: 103653
[ACTUALIZAR PAGOS · AUTO]     • Multas Juzgado cargadas: 40183
[ACTUALIZAR PAGOS · AUTO]     • Causas simplificadas (usadas para el cruce): 103323
[ACTUALIZAR PAGOS · AUTO]   PROCESO:
[ACTUALIZAR PAGOS · AUTO]     • Pagos rechazados sigemi: 13915
[ACTUALIZAR PAGOS · AUTO]     • Pagos rechazados juzgado: 2814
[ACTUALIZAR PAGOS · AUTO]   SALIDA:
[ACTUALIZAR PAGOS · AUTO]     • Pagos desactualizados procesados: 9
[ACTUALIZAR PAGOS · AUTO]     • Archivo final: backend/descargas/pagos/2026-07-23/PAGOS 20260723 181203.txt
[ACTUALIZAR PAGOS · AUTO]     • Ordenados por fecha: SÍ ✓
[ACTUALIZAR PAGOS · AUTO]     • Todos con ACTA_NUMERO: SÍ ✓
[ACTUALIZAR PAGOS · AUTO]     • Todos con CAUSA_NUMERO: SÍ ✓
[ACTUALIZAR PAGOS · AUTO] ✅ TXT de pagos (ya cruzado con actas y causas) generado en: backend/descargas/pagos/2026-07-23/PAGOS 20260723 181203.txt
[ACTUALIZAR PAGOS · AUTO] 🧹 TXT de pagos crudo eliminado (ya usado en el cruce): backend/descargas/pagos/2026-07-23/PAGOS DESCARGADOS.txt
[ACTUALIZAR PAGOS · AUTO] 🧹 Excel MULTAS_SIGEMI_CRUCE eliminado (ya usado en el cruce): backend/descargas/cache_actas_cruce/MULTAS_SIGEMI_CRUCE.xlsx
[ACTUALIZAR PAGOS · AUTO] 🧹 Excel MULTAS_JUZGADO_CRUCE eliminado (ya usado en el cruce): backend/descargas/cache_actas_cruce/MULTAS_JUZGADO_CRUCE.xlsx
[ACTUALIZAR PAGOS · AUTO] ✅ CompararActasPaso finalizado. (⏱ 50.1s)
[ACTUALIZAR PAGOS · AUTO] ✓ [CompararActasPaso] Completado.
[ACTUALIZAR PAGOS · AUTO] ▶ [CargarPagosPaso] Iniciando...
[ACTUALIZAR PAGOS · AUTO] ==================================================
[ACTUALIZAR PAGOS · AUTO] 🚀 PASO: CargarPagosPaso
[ACTUALIZAR PAGOS · AUTO] ==================================================
[ACTUALIZAR PAGOS · AUTO] 📤 Subiendo TXT de pagos al SEMyT...
[ACTUALIZAR PAGOS · AUTO] ✅ Importación de pagos completada con éxito.
[ACTUALIZAR PAGOS · AUTO] ✅ Archivo TXT de pagos cargado en el SEMyT correctamente.
[ACTUALIZAR PAGOS · AUTO] ✅ CargarPagosPaso finalizado. (⏱ 3.8s)
[ACTUALIZAR PAGOS · AUTO] ✓ [CargarPagosPaso] Completado.
[ACTUALIZAR PAGOS · AUTO] === Ejecución finalizada con éxito ===
🤖 [Automático] Es hora de actualizar pagos. Arrancando...
[ACTUALIZAR PAGOS · AUTO] === Inicio de ejecución: pagos ===
[ACTUALIZAR PAGOS · AUTO] ▶ [LoginSemytPaso] Iniciando...
[ACTUALIZAR PAGOS · AUTO] ==================================================
[ACTUALIZAR PAGOS · AUTO] 🚀 PASO: LoginSemytPaso
[ACTUALIZAR PAGOS · AUTO] ==================================================
[ACTUALIZAR PAGOS · AUTO] Abriendo SEMyT...
[ACTUALIZAR PAGOS · AUTO] ✅ [SEMyT] Sesión existente detectada. Login omitido.
[ACTUALIZAR PAGOS · AUTO] ✅ LoginSemytPaso finalizado. (⏱ 4.2s)
[ACTUALIZAR PAGOS · AUTO] ✓ [LoginSemytPaso] Completado.
[ACTUALIZAR PAGOS · AUTO] ▶ [LoginJuzgadoPaso] Iniciando...
[ACTUALIZAR PAGOS · AUTO] ==================================================
[ACTUALIZAR PAGOS · AUTO] 🚀 PASO: LoginJuzgadoPaso
[ACTUALIZAR PAGOS · AUTO] ==================================================
[ACTUALIZAR PAGOS · AUTO] Abriendo sitio municipalidad (CiDi)...
[ACTUALIZAR PAGOS · AUTO] ✅ [Juzgado] Sesión existente detectada. Login omitido.
[ACTUALIZAR PAGOS · AUTO] ✅ LoginJuzgadoPaso finalizado. (⏱ 1.3s)
[ACTUALIZAR PAGOS · AUTO] ✓ [LoginJuzgadoPaso] Completado.
[ACTUALIZAR PAGOS · AUTO] ▶ [DescargasParalelasPaso] Iniciando...
[ACTUALIZAR PAGOS · AUTO] ==================================================
[ACTUALIZAR PAGOS · AUTO] 🚀 PASO: DescargasParalelasPaso
[ACTUALIZAR PAGOS · AUTO] ==================================================
[ACTUALIZAR PAGOS · AUTO] 📤 Arrancando las 3 descargas en paralelo (mismo browser, páginas separadas)...
[ACTUALIZAR PAGOS · AUTO] Fecha Desde: 27/06/2024
[ACTUALIZAR PAGOS · AUTO] Fecha Hasta: 24/11/2025
[ACTUALIZAR PAGOS · AUTO] Fecha Desde: 25/11/2025
[ACTUALIZAR PAGOS · AUTO] Fecha Hasta: 23/07/2026
[ACTUALIZAR PAGOS · AUTO] Descargando Excel...
[ACTUALIZAR PAGOS · AUTO] Descargando Excel...
⏳ [Automático] Tocaba disparar 'pagos' pero ya hay una ejecución en curso (Actualizar pagos); esperando a que termine; se reintenta en breve sin perder el turno.
[ACTUALIZAR PAGOS · AUTO] Archivo descargado en: backend/descargas/cache_actas_cruce/MULTAS_JUZGADO_CRUCE.xlsx
[ACTUALIZAR PAGOS · AUTO] ⏱ [actas_juzgado] completado en 22.3s
[ACTUALIZAR PAGOS · AUTO] Archivo descargado en: backend/descargas/cache_actas_cruce/MULTAS_SIGEMI_CRUCE.xlsx
[ACTUALIZAR PAGOS · AUTO] ⏱ [actas_sigemi] completado en 44.8s
[ACTUALIZAR PAGOS · AUTO] ✅ TXT de pagos descargado en: backend/descargas/pagos/2026-07-23/PAGOS DESCARGADOS.txt
[ACTUALIZAR PAGOS · AUTO] ⏱ [pagos_txt] completado en 44.9s
[ACTUALIZAR PAGOS · AUTO] ⏱ TOTAL descargas en paralelo: 44.9s
[ACTUALIZAR PAGOS · AUTO] ✅ DescargasParalelasPaso finalizado. (⏱ 46.3s)
[ACTUALIZAR PAGOS · AUTO] ✓ [DescargasParalelasPaso] Completado.
[ACTUALIZAR PAGOS · AUTO] ▶ [CompararActasPaso] Iniciando...
[ACTUALIZAR PAGOS · AUTO] ==================================================
[ACTUALIZAR PAGOS · AUTO] 🚀 PASO: CompararActasPaso
[ACTUALIZAR PAGOS · AUTO] ==================================================
[ACTUALIZAR PAGOS · AUTO] 🔍 Comparando actas del SEMyT contra pagos del Juzgado...
[ACTUALIZAR PAGOS · AUTO] ================================================================================
[ACTUALIZAR PAGOS · AUTO] INICIANDO PROCESO DE GENERACIÓN DE PAGOS DESACTUALIZADOS
[ACTUALIZAR PAGOS · AUTO] ================================================================================
[ACTUALIZAR PAGOS · AUTO] 📂 Cargando archivos...
[ACTUALIZAR PAGOS · AUTO]   ✓ Pagos: 16748 registros
[ACTUALIZAR PAGOS · AUTO]   ✓ Excel SIGEMI (multas vencidas viejas): 103649 registros
[ACTUALIZAR PAGOS · AUTO]   ✓ Excel Juzgado (multas vencidas nuevas): 40178 registros
[ACTUALIZAR PAGOS · AUTO] ================================================================================
[ACTUALIZAR PAGOS · AUTO] PASO 1: LLENANDO ACTA_NUMERO (búsqueda por patente + fecha, con desempate por hora)
[ACTUALIZAR PAGOS · AUTO] ================================================================================
[ACTUALIZAR PAGOS · AUTO] 📊 ESTADÍSTICAS DE LLENADO DE ACTAS:
[ACTUALIZAR PAGOS · AUTO]   • Pagos con acta ORIGINAL: 2822
[ACTUALIZAR PAGOS · AUTO]   • Pagos SIN acta (buscados): 13926
[ACTUALIZAR PAGOS · AUTO]   • Pagos LLENADOS exitosamente: 7
[ACTUALIZAR PAGOS · AUTO]   • Pagos NO encontrados en multas: 13919
[ACTUALIZAR PAGOS · AUTO]   • Pagos SIN RESOLVER por desbalance de cantidades: 0
[ACTUALIZAR PAGOS · AUTO] ================================================================================
[ACTUALIZAR PAGOS · AUTO] PASO 1: LLENANDO ACTA_NUMERO (búsqueda por patente + fecha, con desempate por hora)
[ACTUALIZAR PAGOS · AUTO] ================================================================================
[ACTUALIZAR PAGOS · AUTO] 📊 ESTADÍSTICAS DE LLENADO DE ACTAS:
[ACTUALIZAR PAGOS · AUTO]   • Pagos con acta ORIGINAL: 2829
[ACTUALIZAR PAGOS · AUTO]   • Pagos SIN acta (buscados): 13919
[ACTUALIZAR PAGOS · AUTO]   • Pagos LLENADOS exitosamente: 0
[ACTUALIZAR PAGOS · AUTO]   • Pagos NO encontrados en multas: 13919
[ACTUALIZAR PAGOS · AUTO]   • Pagos SIN RESOLVER por desbalance de cantidades: 0
[ACTUALIZAR PAGOS · AUTO] ⏱ PASO 1 (llenar actas): 19.1s
[ACTUALIZAR PAGOS · AUTO] ================================================================================
[ACTUALIZAR PAGOS · AUTO] PASO 2: FILTRANDO PAGOS CON ACTA_NUMERO COMPLETO
[ACTUALIZAR PAGOS · AUTO] ================================================================================
[ACTUALIZAR PAGOS · AUTO] 📊 ESTADÍSTICAS DE FILTRADO:
[ACTUALIZAR PAGOS · AUTO]   • Pagos TOTALES al inicio: 16748
[ACTUALIZAR PAGOS · AUTO]   • Pagos CON acta (MANTIENEN): 2829
[ACTUALIZAR PAGOS · AUTO]   • Pagos RECHAZADOS (sin coincidencias): 13919
[ACTUALIZAR PAGOS · AUTO] ⚠️  Se eliminaron 13919 registros sin número de acta
[ACTUALIZAR PAGOS · AUTO]      (recordá: esto incluye tanto pagos ya actualizados/pagados
[ACTUALIZAR PAGOS · AUTO]       como pagos que quedaron sin resolver por desbalance en el Paso 1)
[ACTUALIZAR PAGOS · AUTO] ================================================================================
[ACTUALIZAR PAGOS · AUTO] PASO 2-bis: CONFIRMANDO VIGENCIA DE PAGOS DEL SISTEMA NUEVO (contra MULTAS_JUZGADO_CRUCE)
[ACTUALIZAR PAGOS · AUTO] ================================================================================
[ACTUALIZAR PAGOS · AUTO]   ⚠ 2819 pago(s) del sistema nuevo descartados: su acta ya no figura como vencida en MULTAS_JUZGADO_CRUCE (SEMyT ya los actualizó).
[ACTUALIZAR PAGOS · AUTO]   • Pagos del sistema nuevo descartados por ya estar actualizados: 2819
[ACTUALIZAR PAGOS · AUTO] ⏱ PASO 2 (filtrar): 1.3s
[ACTUALIZAR PAGOS · AUTO] 📂 Cargando maestro de causas SIGEMI...
[ACTUALIZAR PAGOS · AUTO]   ✓ Causas totales (maestro): 134069 registros
[ACTUALIZAR PAGOS · AUTO] ⏱ PASO 2.5 (causas simplificado): 0.2s
[ACTUALIZAR PAGOS · AUTO] ================================================================================
[ACTUALIZAR PAGOS · AUTO] PASO 2.5: ARMANDO causas.txt SIMPLIFICADO (cruce contra total_causas_sigemi.txt)
[ACTUALIZAR PAGOS · AUTO] ================================================================================
[ACTUALIZAR PAGOS · AUTO]   • Actas vencidas viejas (multas): 103649
[ACTUALIZAR PAGOS · AUTO]   • Causas totales en el maestro SIGEMI: 134069
[ACTUALIZAR PAGOS · AUTO]   • Causas que coinciden (simplificado): 103319
[ACTUALIZAR PAGOS · AUTO]   ✅ Archivo escrito: backend/descargas/causas/causas.txt
[ACTUALIZAR PAGOS · AUTO] ⏱ PASO 2.5 (causas simplificado): 3.0s
[ACTUALIZAR PAGOS · AUTO] ================================================================================
[ACTUALIZAR PAGOS · AUTO] PASO 3: LLENANDO CAUSA_NUMERO (según fecha de cambio de sistema, cruzando por acta + año)
[ACTUALIZAR PAGOS · AUTO] ================================================================================
[ACTUALIZAR PAGOS · AUTO] 📊 ESTADÍSTICAS DE LLENADO DE CAUSAS:
[ACTUALIZAR PAGOS · AUTO]   • Pagos con causa ORIGINAL: 3
[ACTUALIZAR PAGOS · AUTO]   • Causas encontradas en SIGEMI (actas viejas): 7
[ACTUALIZAR PAGOS · AUTO]   • Causas NO encontradas en SIGEMI: 0
[ACTUALIZAR PAGOS · AUTO]   • Causas asignadas automáticamente (actas nuevas): 0
[ACTUALIZAR PAGOS · AUTO] ⏱ PASO 3 (llenar causas): 0.0s
[ACTUALIZAR PAGOS · AUTO] ================================================================================
[ACTUALIZAR PAGOS · AUTO] PASO 4: ORDENANDO POR FECHA Y ACTA_NUMERO
[ACTUALIZAR PAGOS · AUTO] ================================================================================
[ACTUALIZAR PAGOS · AUTO] ✓ Pagos ordenados correctamente
[ACTUALIZAR PAGOS · AUTO]   • Primera entrada: Acta=137842, Fecha=21/04/2025
[ACTUALIZAR PAGOS · AUTO]   • Última entrada: Acta=263818, Fecha=06/02/2026
[ACTUALIZAR PAGOS · AUTO] 📝 Escribiendo archivo de salida...
[ACTUALIZAR PAGOS · AUTO]   ✅ Archivo escrito: backend/descargas/pagos/2026-07-23/PAGOS 20260723 182355.txt
[ACTUALIZAR PAGOS · AUTO]   ✅ Total registros: 1231
[ACTUALIZAR PAGOS · AUTO] ⏱ PASO 4 (ordenar y escribir): 0.0s
[ACTUALIZAR PAGOS · AUTO] ================================================================================
[ACTUALIZAR PAGOS · AUTO] ✅ PROCESO COMPLETADO EXITOSAMENTE
[ACTUALIZAR PAGOS · AUTO] ================================================================================
[ACTUALIZAR PAGOS · AUTO] 📊 RESUMEN FINAL DEL PROCESAMIENTO:
[ACTUALIZAR PAGOS · AUTO]   ENTRADA:
[ACTUALIZAR PAGOS · AUTO]     • Pagos originales: 16748
[ACTUALIZAR PAGOS · AUTO]     • Multas SIGEMI cargadas: 103649
[ACTUALIZAR PAGOS · AUTO]     • Multas Juzgado cargadas: 40178
[ACTUALIZAR PAGOS · AUTO]     • Causas simplificadas (usadas para el cruce): 103319
[ACTUALIZAR PAGOS · AUTO]   PROCESO:
[ACTUALIZAR PAGOS · AUTO]     • Pagos rechazados sigemi: 13919
[ACTUALIZAR PAGOS · AUTO]     • Pagos rechazados juzgado: 2819
[ACTUALIZAR PAGOS · AUTO]   SALIDA:
[ACTUALIZAR PAGOS · AUTO]     • Pagos desactualizados procesados: 10
[ACTUALIZAR PAGOS · AUTO]     • Archivo final: backend/descargas/pagos/2026-07-23/PAGOS 20260723 182355.txt
[ACTUALIZAR PAGOS · AUTO]     • Ordenados por fecha: SÍ ✓
[ACTUALIZAR PAGOS · AUTO]     • Todos con ACTA_NUMERO: SÍ ✓
[ACTUALIZAR PAGOS · AUTO]     • Todos con CAUSA_NUMERO: SÍ ✓
[ACTUALIZAR PAGOS · AUTO] ✅ TXT de pagos (ya cruzado con actas y causas) generado en: backend/descargas/pagos/2026-07-23/PAGOS 20260723 182355.txt
[ACTUALIZAR PAGOS · AUTO] 🧹 TXT de pagos crudo eliminado (ya usado en el cruce): backend/descargas/pagos/2026-07-23/PAGOS DESCARGADOS.txt
[ACTUALIZAR PAGOS · AUTO] 🧹 Excel MULTAS_SIGEMI_CRUCE eliminado (ya usado en el cruce): backend/descargas/cache_actas_cruce/MULTAS_SIGEMI_CRUCE.xlsx
[ACTUALIZAR PAGOS · AUTO] 🧹 Excel MULTAS_JUZGADO_CRUCE eliminado (ya usado en el cruce): backend/descargas/cache_actas_cruce/MULTAS_JUZGADO_CRUCE.xlsx
[ACTUALIZAR PAGOS · AUTO] ✅ CompararActasPaso finalizado. (⏱ 52.6s)
[ACTUALIZAR PAGOS · AUTO] ✓ [CompararActasPaso] Completado.
[ACTUALIZAR PAGOS · AUTO] ▶ [CargarPagosPaso] Iniciando...
[ACTUALIZAR PAGOS · AUTO] ==================================================
[ACTUALIZAR PAGOS · AUTO] 🚀 PASO: CargarPagosPaso
[ACTUALIZAR PAGOS · AUTO] ==================================================
[ACTUALIZAR PAGOS · AUTO] 📤 Subiendo TXT de pagos al SEMyT...
[ACTUALIZAR PAGOS · AUTO] ✅ Importación de pagos completada con éxito.
[ACTUALIZAR PAGOS · AUTO] ✅ Archivo TXT de pagos cargado en el SEMyT correctamente.
[ACTUALIZAR PAGOS · AUTO] ✅ CargarPagosPaso finalizado. (⏱ 4.6s)
[ACTUALIZAR PAGOS · AUTO] ✓ [CargarPagosPaso] Completado.
[ACTUALIZAR PAGOS · AUTO] === Ejecución finalizada con éxito ===
🤖 [Automático] Es hora de actualizar pagos. Arrancando...
[ACTUALIZAR PAGOS · AUTO] === Inicio de ejecución: pagos ===
[ACTUALIZAR PAGOS · AUTO] ▶ [LoginSemytPaso] Iniciando...
[ACTUALIZAR PAGOS · AUTO] ==================================================
[ACTUALIZAR PAGOS · AUTO] 🚀 PASO: LoginSemytPaso
[ACTUALIZAR PAGOS · AUTO] ==================================================
[ACTUALIZAR PAGOS · AUTO] Abriendo SEMyT...
[ACTUALIZAR PAGOS · AUTO] ✅ [SEMyT] Sesión existente detectada. Login omitido.
[ACTUALIZAR PAGOS · AUTO] ✅ LoginSemytPaso finalizado. (⏱ 4.1s)
[ACTUALIZAR PAGOS · AUTO] ✓ [LoginSemytPaso] Completado.
[ACTUALIZAR PAGOS · AUTO] ▶ [LoginJuzgadoPaso] Iniciando...
[ACTUALIZAR PAGOS · AUTO] ==================================================
[ACTUALIZAR PAGOS · AUTO] 🚀 PASO: LoginJuzgadoPaso
[ACTUALIZAR PAGOS · AUTO] ==================================================
[ACTUALIZAR PAGOS · AUTO] Abriendo sitio municipalidad (CiDi)...
[ACTUALIZAR PAGOS · AUTO] ✅ [Juzgado] Sesión existente detectada. Login omitido.
[ACTUALIZAR PAGOS · AUTO] ✅ LoginJuzgadoPaso finalizado. (⏱ 1.3s)
[ACTUALIZAR PAGOS · AUTO] ✓ [LoginJuzgadoPaso] Completado.
[ACTUALIZAR PAGOS · AUTO] ▶ [DescargasParalelasPaso] Iniciando...
[ACTUALIZAR PAGOS · AUTO] ==================================================
[ACTUALIZAR PAGOS · AUTO] 🚀 PASO: DescargasParalelasPaso
[ACTUALIZAR PAGOS · AUTO] ==================================================
[ACTUALIZAR PAGOS · AUTO] 📤 Arrancando las 3 descargas en paralelo (mismo browser, páginas separadas)...
[ACTUALIZAR PAGOS · AUTO] Fecha Desde: 27/06/2024
[ACTUALIZAR PAGOS · AUTO] Fecha Hasta: 24/11/2025
[ACTUALIZAR PAGOS · AUTO] Fecha Desde: 25/11/2025
[ACTUALIZAR PAGOS · AUTO] Fecha Hasta: 23/07/2026
[ACTUALIZAR PAGOS · AUTO] Descargando Excel...
[ACTUALIZAR PAGOS · AUTO] Descargando Excel...
⏳ [Automático] Tocaba disparar 'pagos' pero ya hay una ejecución en curso (Actualizar pagos); esperando a que termine; se reintenta en breve sin perder el turno.
[ACTUALIZAR PAGOS · AUTO] Archivo descargado en: backend/descargas/cache_actas_cruce/MULTAS_JUZGADO_CRUCE.xlsx
[ACTUALIZAR PAGOS · AUTO] ⏱ [actas_juzgado] completado en 20.3s
[ACTUALIZAR PAGOS · AUTO] Archivo descargado en: backend/descargas/cache_actas_cruce/MULTAS_SIGEMI_CRUCE.xlsx
[ACTUALIZAR PAGOS · AUTO] ⏱ [actas_sigemi] completado en 41.7s
[ACTUALIZAR PAGOS · AUTO] ✅ TXT de pagos descargado en: backend/descargas/pagos/2026-07-23/PAGOS DESCARGADOS.txt
[ACTUALIZAR PAGOS · AUTO] ⏱ [pagos_txt] completado en 41.9s
[ACTUALIZAR PAGOS · AUTO] ⏱ TOTAL descargas en paralelo: 41.9s
[ACTUALIZAR PAGOS · AUTO] ✅ DescargasParalelasPaso finalizado. (⏱ 43.3s)
[ACTUALIZAR PAGOS · AUTO] ✓ [DescargasParalelasPaso] Completado.
[ACTUALIZAR PAGOS · AUTO] ▶ [CompararActasPaso] Iniciando...
[ACTUALIZAR PAGOS · AUTO] ==================================================
[ACTUALIZAR PAGOS · AUTO] 🚀 PASO: CompararActasPaso
[ACTUALIZAR PAGOS · AUTO] ==================================================
[ACTUALIZAR PAGOS · AUTO] 🔍 Comparando actas del SEMyT contra pagos del Juzgado...
[ACTUALIZAR PAGOS · AUTO] ================================================================================
[ACTUALIZAR PAGOS · AUTO] INICIANDO PROCESO DE GENERACIÓN DE PAGOS DESACTUALIZADOS
[ACTUALIZAR PAGOS · AUTO] ================================================================================
[ACTUALIZAR PAGOS · AUTO] 📂 Cargando archivos...
[ACTUALIZAR PAGOS · AUTO]   ✓ Pagos: 16751 registros
[ACTUALIZAR PAGOS · AUTO]   ✓ Excel SIGEMI (multas vencidas viejas): 103642 registros
[ACTUALIZAR PAGOS · AUTO]   ✓ Excel Juzgado (multas vencidas nuevas): 40175 registros
[ACTUALIZAR PAGOS · AUTO] ================================================================================
[ACTUALIZAR PAGOS · AUTO] PASO 1: LLENANDO ACTA_NUMERO (búsqueda por patente + fecha, con desempate por hora)
[ACTUALIZAR PAGOS · AUTO] ================================================================================
[ACTUALIZAR PAGOS · AUTO] 📊 ESTADÍSTICAS DE LLENADO DE ACTAS:
[ACTUALIZAR PAGOS · AUTO]   • Pagos con acta ORIGINAL: 2824
[ACTUALIZAR PAGOS · AUTO]   • Pagos SIN acta (buscados): 13927
[ACTUALIZAR PAGOS · AUTO]   • Pagos LLENADOS exitosamente: 1
[ACTUALIZAR PAGOS · AUTO]   • Pagos NO encontrados en multas: 13926
[ACTUALIZAR PAGOS · AUTO]   • Pagos SIN RESOLVER por desbalance de cantidades: 0
[ACTUALIZAR PAGOS · AUTO] ================================================================================
[ACTUALIZAR PAGOS · AUTO] PASO 1: LLENANDO ACTA_NUMERO (búsqueda por patente + fecha, con desempate por hora)
[ACTUALIZAR PAGOS · AUTO] ================================================================================
[ACTUALIZAR PAGOS · AUTO] 📊 ESTADÍSTICAS DE LLENADO DE ACTAS:
[ACTUALIZAR PAGOS · AUTO]   • Pagos con acta ORIGINAL: 2825
[ACTUALIZAR PAGOS · AUTO]   • Pagos SIN acta (buscados): 13926
[ACTUALIZAR PAGOS · AUTO]   • Pagos LLENADOS exitosamente: 0
[ACTUALIZAR PAGOS · AUTO]   • Pagos NO encontrados en multas: 13926
[ACTUALIZAR PAGOS · AUTO]   • Pagos SIN RESOLVER por desbalance de cantidades: 0
[ACTUALIZAR PAGOS · AUTO] ⏱ PASO 1 (llenar actas): 19.7s
[ACTUALIZAR PAGOS · AUTO] ================================================================================
[ACTUALIZAR PAGOS · AUTO] PASO 2: FILTRANDO PAGOS CON ACTA_NUMERO COMPLETO
[ACTUALIZAR PAGOS · AUTO] ================================================================================
[ACTUALIZAR PAGOS · AUTO] 📊 ESTADÍSTICAS DE FILTRADO:
[ACTUALIZAR PAGOS · AUTO]   • Pagos TOTALES al inicio: 16751
[ACTUALIZAR PAGOS · AUTO]   • Pagos CON acta (MANTIENEN): 2825
[ACTUALIZAR PAGOS · AUTO]   • Pagos RECHAZADOS (sin coincidencias): 13926
[ACTUALIZAR PAGOS · AUTO] ⚠️  Se eliminaron 13926 registros sin número de acta
[ACTUALIZAR PAGOS · AUTO]      (recordá: esto incluye tanto pagos ya actualizados/pagados
[ACTUALIZAR PAGOS · AUTO]       como pagos que quedaron sin resolver por desbalance en el Paso 1)
[ACTUALIZAR PAGOS · AUTO] ================================================================================
[ACTUALIZAR PAGOS · AUTO] PASO 2-bis: CONFIRMANDO VIGENCIA DE PAGOS DEL SISTEMA NUEVO (contra MULTAS_JUZGADO_CRUCE)
[ACTUALIZAR PAGOS · AUTO] ================================================================================
[ACTUALIZAR PAGOS · AUTO]   ⚠ 2822 pago(s) del sistema nuevo descartados: su acta ya no figura como vencida en MULTAS_JUZGADO_CRUCE (SEMyT ya los actualizó).
[ACTUALIZAR PAGOS · AUTO]   • Pagos del sistema nuevo descartados por ya estar actualizados: 2822
[ACTUALIZAR PAGOS · AUTO] ⏱ PASO 2 (filtrar): 1.3s
[ACTUALIZAR PAGOS · AUTO] 📂 Cargando maestro de causas SIGEMI...
[ACTUALIZAR PAGOS · AUTO]   ✓ Causas totales (maestro): 134069 registros
[ACTUALIZAR PAGOS · AUTO] ⏱ PASO 2.5 (causas simplificado): 0.2s
[ACTUALIZAR PAGOS · AUTO] ================================================================================
[ACTUALIZAR PAGOS · AUTO] PASO 2.5: ARMANDO causas.txt SIMPLIFICADO (cruce contra total_causas_sigemi.txt)
[ACTUALIZAR PAGOS · AUTO] ================================================================================
[ACTUALIZAR PAGOS · AUTO]   • Actas vencidas viejas (multas): 103642
[ACTUALIZAR PAGOS · AUTO]   • Causas totales en el maestro SIGEMI: 134069
[ACTUALIZAR PAGOS · AUTO]   • Causas que coinciden (simplificado): 103312
[ACTUALIZAR PAGOS · AUTO]   ✅ Archivo escrito: backend/descargas/causas/causas.txt
[ACTUALIZAR PAGOS · AUTO] ⏱ PASO 2.5 (causas simplificado): 3.0s
[ACTUALIZAR PAGOS · AUTO] ================================================================================
[ACTUALIZAR PAGOS · AUTO] PASO 3: LLENANDO CAUSA_NUMERO (según fecha de cambio de sistema, cruzando por acta + año)
[ACTUALIZAR PAGOS · AUTO] ================================================================================
[ACTUALIZAR PAGOS · AUTO] 📊 ESTADÍSTICAS DE LLENADO DE CAUSAS:
[ACTUALIZAR PAGOS · AUTO]   • Pagos con causa ORIGINAL: 2
[ACTUALIZAR PAGOS · AUTO]   • Causas encontradas en SIGEMI (actas viejas): 1
[ACTUALIZAR PAGOS · AUTO]   • Causas NO encontradas en SIGEMI: 0
[ACTUALIZAR PAGOS · AUTO]   • Causas asignadas automáticamente (actas nuevas): 0
[ACTUALIZAR PAGOS · AUTO] ⏱ PASO 3 (llenar causas): 0.0s
[ACTUALIZAR PAGOS · AUTO] ================================================================================
[ACTUALIZAR PAGOS · AUTO] PASO 4: ORDENANDO POR FECHA Y ACTA_NUMERO
[ACTUALIZAR PAGOS · AUTO] ================================================================================
[ACTUALIZAR PAGOS · AUTO] ✓ Pagos ordenados correctamente
[ACTUALIZAR PAGOS · AUTO]   • Primera entrada: Acta=204276, Fecha=12/09/2025
[ACTUALIZAR PAGOS · AUTO]   • Última entrada: Acta=271620, Fecha=25/02/2026
[ACTUALIZAR PAGOS · AUTO] 📝 Escribiendo archivo de salida...
[ACTUALIZAR PAGOS · AUTO]   ✅ Archivo escrito: backend/descargas/pagos/2026-07-23/PAGOS 20260723 183544.txt
[ACTUALIZAR PAGOS · AUTO]   ✅ Total registros: 473
[ACTUALIZAR PAGOS · AUTO] ⏱ PASO 4 (ordenar y escribir): 0.0s
[ACTUALIZAR PAGOS · AUTO] ================================================================================
[ACTUALIZAR PAGOS · AUTO] ✅ PROCESO COMPLETADO EXITOSAMENTE
[ACTUALIZAR PAGOS · AUTO] ================================================================================
[ACTUALIZAR PAGOS · AUTO] 📊 RESUMEN FINAL DEL PROCESAMIENTO:
[ACTUALIZAR PAGOS · AUTO]   ENTRADA:
[ACTUALIZAR PAGOS · AUTO]     • Pagos originales: 16751
[ACTUALIZAR PAGOS · AUTO]     • Multas SIGEMI cargadas: 103642
[ACTUALIZAR PAGOS · AUTO]     • Multas Juzgado cargadas: 40175
[ACTUALIZAR PAGOS · AUTO]     • Causas simplificadas (usadas para el cruce): 103312
[ACTUALIZAR PAGOS · AUTO]   PROCESO:
[ACTUALIZAR PAGOS · AUTO]     • Pagos rechazados sigemi: 13926
[ACTUALIZAR PAGOS · AUTO]     • Pagos rechazados juzgado: 2822
[ACTUALIZAR PAGOS · AUTO]   SALIDA:
[ACTUALIZAR PAGOS · AUTO]     • Pagos desactualizados procesados: 3
[ACTUALIZAR PAGOS · AUTO]     • Archivo final: backend/descargas/pagos/2026-07-23/PAGOS 20260723 183544.txt
[ACTUALIZAR PAGOS · AUTO]     • Ordenados por fecha: SÍ ✓
[ACTUALIZAR PAGOS · AUTO]     • Todos con ACTA_NUMERO: SÍ ✓
[ACTUALIZAR PAGOS · AUTO]     • Todos con CAUSA_NUMERO: SÍ ✓
[ACTUALIZAR PAGOS · AUTO] ✅ TXT de pagos (ya cruzado con actas y causas) generado en: backend/descargas/pagos/2026-07-23/PAGOS 20260723 183544.txt
[ACTUALIZAR PAGOS · AUTO] 🧹 TXT de pagos crudo eliminado (ya usado en el cruce): backend/descargas/pagos/2026-07-23/PAGOS DESCARGADOS.txt
[ACTUALIZAR PAGOS · AUTO] 🧹 Excel MULTAS_SIGEMI_CRUCE eliminado (ya usado en el cruce): backend/descargas/cache_actas_cruce/MULTAS_SIGEMI_CRUCE.xlsx
[ACTUALIZAR PAGOS · AUTO] 🧹 Excel MULTAS_JUZGADO_CRUCE eliminado (ya usado en el cruce): backend/descargas/cache_actas_cruce/MULTAS_JUZGADO_CRUCE.xlsx
[ACTUALIZAR PAGOS · AUTO] ✅ CompararActasPaso finalizado. (⏱ 54.4s)
[ACTUALIZAR PAGOS · AUTO] ✓ [CompararActasPaso] Completado.
[ACTUALIZAR PAGOS · AUTO] ▶ [CargarPagosPaso] Iniciando...
[ACTUALIZAR PAGOS · AUTO] ==================================================
[ACTUALIZAR PAGOS · AUTO] 🚀 PASO: CargarPagosPaso
[ACTUALIZAR PAGOS · AUTO] ==================================================
[ACTUALIZAR PAGOS · AUTO] 📤 Subiendo TXT de pagos al SEMyT...
[ACTUALIZAR PAGOS · AUTO] ✅ Importación de pagos completada con éxito.
[ACTUALIZAR PAGOS · AUTO] ✅ Archivo TXT de pagos cargado en el SEMyT correctamente.
[ACTUALIZAR PAGOS · AUTO] ✅ CargarPagosPaso finalizado. (⏱ 4.5s)
[ACTUALIZAR PAGOS · AUTO] ✓ [CargarPagosPaso] Completado.
[ACTUALIZAR PAGOS · AUTO] === Ejecución finalizada con éxito ===
🤖 [Automático] Es hora de actualizar pagos. Arrancando...
[ACTUALIZAR PAGOS · AUTO] === Inicio de ejecución: pagos ===
[ACTUALIZAR PAGOS · AUTO] ▶ [LoginSemytPaso] Iniciando...
[ACTUALIZAR PAGOS · AUTO] ==================================================
[ACTUALIZAR PAGOS · AUTO] 🚀 PASO: LoginSemytPaso
[ACTUALIZAR PAGOS · AUTO] ==================================================
[ACTUALIZAR PAGOS · AUTO] Abriendo SEMyT...
[ACTUALIZAR PAGOS · AUTO] ✅ [SEMyT] Sesión existente detectada. Login omitido.
[ACTUALIZAR PAGOS · AUTO] ✅ LoginSemytPaso finalizado. (⏱ 4.3s)
[ACTUALIZAR PAGOS · AUTO] ✓ [LoginSemytPaso] Completado.
[ACTUALIZAR PAGOS · AUTO] ▶ [LoginJuzgadoPaso] Iniciando...
[ACTUALIZAR PAGOS · AUTO] ==================================================
[ACTUALIZAR PAGOS · AUTO] 🚀 PASO: LoginJuzgadoPaso
[ACTUALIZAR PAGOS · AUTO] ==================================================
[ACTUALIZAR PAGOS · AUTO] Abriendo sitio municipalidad (CiDi)...
[ACTUALIZAR PAGOS · AUTO] ✅ [Juzgado] Sesión existente detectada. Login omitido.
[ACTUALIZAR PAGOS · AUTO] ✅ LoginJuzgadoPaso finalizado. (⏱ 1.5s)
[ACTUALIZAR PAGOS · AUTO] ✓ [LoginJuzgadoPaso] Completado.
[ACTUALIZAR PAGOS · AUTO] ▶ [DescargasParalelasPaso] Iniciando...
[ACTUALIZAR PAGOS · AUTO] ==================================================
[ACTUALIZAR PAGOS · AUTO] 🚀 PASO: DescargasParalelasPaso
[ACTUALIZAR PAGOS · AUTO] ==================================================
[ACTUALIZAR PAGOS · AUTO] 📤 Arrancando las 3 descargas en paralelo (mismo browser, páginas separadas)...
[ACTUALIZAR PAGOS · AUTO] Fecha Desde: 27/06/2024
[ACTUALIZAR PAGOS · AUTO] Fecha Hasta: 24/11/2025
[ACTUALIZAR PAGOS · AUTO] Fecha Desde: 25/11/2025
[ACTUALIZAR PAGOS · AUTO] Fecha Hasta: 23/07/2026
[ACTUALIZAR PAGOS · AUTO] Descargando Excel...
[ACTUALIZAR PAGOS · AUTO] Descargando Excel...
⏳ [Automático] Tocaba disparar 'pagos' pero ya hay una ejecución en curso (Actualizar pagos); esperando a que termine; se reintenta en breve sin perder el turno.
[ACTUALIZAR PAGOS · AUTO] Archivo descargado en: backend/descargas/cache_actas_cruce/MULTAS_JUZGADO_CRUCE.xlsx
[ACTUALIZAR PAGOS · AUTO] ⏱ [actas_juzgado] completado en 21.0s
[ACTUALIZAR PAGOS · AUTO] Archivo descargado en: backend/descargas/cache_actas_cruce/MULTAS_SIGEMI_CRUCE.xlsx
[ACTUALIZAR PAGOS · AUTO] ⏱ [actas_sigemi] completado en 44.1s
[ACTUALIZAR PAGOS · AUTO] ✅ TXT de pagos descargado en: backend/descargas/pagos/2026-07-23/PAGOS DESCARGADOS.txt
[ACTUALIZAR PAGOS · AUTO] ⏱ [pagos_txt] completado en 44.2s
[ACTUALIZAR PAGOS · AUTO] ⏱ TOTAL descargas en paralelo: 44.2s
[ACTUALIZAR PAGOS · AUTO] ✅ DescargasParalelasPaso finalizado. (⏱ 45.7s)
[ACTUALIZAR PAGOS · AUTO] ✓ [DescargasParalelasPaso] Completado.
[ACTUALIZAR PAGOS · AUTO] ▶ [CompararActasPaso] Iniciando...
[ACTUALIZAR PAGOS · AUTO] ==================================================
[ACTUALIZAR PAGOS · AUTO] 🚀 PASO: CompararActasPaso
[ACTUALIZAR PAGOS · AUTO] ==================================================
[ACTUALIZAR PAGOS · AUTO] 🔍 Comparando actas del SEMyT contra pagos del Juzgado...
[ACTUALIZAR PAGOS · AUTO] ================================================================================
[ACTUALIZAR PAGOS · AUTO] INICIANDO PROCESO DE GENERACIÓN DE PAGOS DESACTUALIZADOS
[ACTUALIZAR PAGOS · AUTO] ================================================================================
[ACTUALIZAR PAGOS · AUTO] 📂 Cargando archivos...
[ACTUALIZAR PAGOS · AUTO]   ✓ Pagos: 16755 registros
[ACTUALIZAR PAGOS · AUTO]   ✓ Excel SIGEMI (multas vencidas viejas): 103641 registros
[ACTUALIZAR PAGOS · AUTO]   ✓ Excel Juzgado (multas vencidas nuevas): 40173 registros
[ACTUALIZAR PAGOS · AUTO] ================================================================================
[ACTUALIZAR PAGOS · AUTO] PASO 1: LLENANDO ACTA_NUMERO (búsqueda por patente + fecha, con desempate por hora)
[ACTUALIZAR PAGOS · AUTO] ================================================================================
[ACTUALIZAR PAGOS · AUTO] 📊 ESTADÍSTICAS DE LLENADO DE ACTAS:
[ACTUALIZAR PAGOS · AUTO]   • Pagos con acta ORIGINAL: 2826
[ACTUALIZAR PAGOS · AUTO]   • Pagos SIN acta (buscados): 13929
[ACTUALIZAR PAGOS · AUTO]   • Pagos LLENADOS exitosamente: 2
[ACTUALIZAR PAGOS · AUTO]   • Pagos NO encontrados en multas: 13927
[ACTUALIZAR PAGOS · AUTO]   • Pagos SIN RESOLVER por desbalance de cantidades: 0
[ACTUALIZAR PAGOS · AUTO] ================================================================================
[ACTUALIZAR PAGOS · AUTO] PASO 1: LLENANDO ACTA_NUMERO (búsqueda por patente + fecha, con desempate por hora)
[ACTUALIZAR PAGOS · AUTO] ================================================================================
[ACTUALIZAR PAGOS · AUTO] 📊 ESTADÍSTICAS DE LLENADO DE ACTAS:
[ACTUALIZAR PAGOS · AUTO]   • Pagos con acta ORIGINAL: 2828
[ACTUALIZAR PAGOS · AUTO]   • Pagos SIN acta (buscados): 13927
[ACTUALIZAR PAGOS · AUTO]   • Pagos LLENADOS exitosamente: 0
[ACTUALIZAR PAGOS · AUTO]   • Pagos NO encontrados en multas: 13927
[ACTUALIZAR PAGOS · AUTO]   • Pagos SIN RESOLVER por desbalance de cantidades: 0
[ACTUALIZAR PAGOS · AUTO] ⏱ PASO 1 (llenar actas): 19.4s
[ACTUALIZAR PAGOS · AUTO] ================================================================================
[ACTUALIZAR PAGOS · AUTO] PASO 2: FILTRANDO PAGOS CON ACTA_NUMERO COMPLETO
[ACTUALIZAR PAGOS · AUTO] ================================================================================
[ACTUALIZAR PAGOS · AUTO] 📊 ESTADÍSTICAS DE FILTRADO:
[ACTUALIZAR PAGOS · AUTO]   • Pagos TOTALES al inicio: 16755
[ACTUALIZAR PAGOS · AUTO]   • Pagos CON acta (MANTIENEN): 2828
[ACTUALIZAR PAGOS · AUTO]   • Pagos RECHAZADOS (sin coincidencias): 13927
[ACTUALIZAR PAGOS · AUTO] ⚠️  Se eliminaron 13927 registros sin número de acta
[ACTUALIZAR PAGOS · AUTO]      (recordá: esto incluye tanto pagos ya actualizados/pagados
[ACTUALIZAR PAGOS · AUTO]       como pagos que quedaron sin resolver por desbalance en el Paso 1)
[ACTUALIZAR PAGOS · AUTO] ================================================================================
[ACTUALIZAR PAGOS · AUTO] PASO 2-bis: CONFIRMANDO VIGENCIA DE PAGOS DEL SISTEMA NUEVO (contra MULTAS_JUZGADO_CRUCE)
[ACTUALIZAR PAGOS · AUTO] ================================================================================
[ACTUALIZAR PAGOS · AUTO]   ⚠ 2824 pago(s) del sistema nuevo descartados: su acta ya no figura como vencida en MULTAS_JUZGADO_CRUCE (SEMyT ya los actualizó).
[ACTUALIZAR PAGOS · AUTO]   • Pagos del sistema nuevo descartados por ya estar actualizados: 2824
[ACTUALIZAR PAGOS · AUTO] ⏱ PASO 2 (filtrar): 1.3s
[ACTUALIZAR PAGOS · AUTO] 📂 Cargando maestro de causas SIGEMI...
[ACTUALIZAR PAGOS · AUTO]   ✓ Causas totales (maestro): 134069 registros
[ACTUALIZAR PAGOS · AUTO] ⏱ PASO 2.5 (causas simplificado): 0.2s
[ACTUALIZAR PAGOS · AUTO] ================================================================================
[ACTUALIZAR PAGOS · AUTO] PASO 2.5: ARMANDO causas.txt SIMPLIFICADO (cruce contra total_causas_sigemi.txt)
[ACTUALIZAR PAGOS · AUTO] ================================================================================
[ACTUALIZAR PAGOS · AUTO]   • Actas vencidas viejas (multas): 103641
[ACTUALIZAR PAGOS · AUTO]   • Causas totales en el maestro SIGEMI: 134069
[ACTUALIZAR PAGOS · AUTO]   • Causas que coinciden (simplificado): 103311
[ACTUALIZAR PAGOS · AUTO]   ✅ Archivo escrito: backend/descargas/causas/causas.txt
[ACTUALIZAR PAGOS · AUTO] ⏱ PASO 2.5 (causas simplificado): 2.9s
[ACTUALIZAR PAGOS · AUTO] ================================================================================
[ACTUALIZAR PAGOS · AUTO] PASO 3: LLENANDO CAUSA_NUMERO (según fecha de cambio de sistema, cruzando por acta + año)
[ACTUALIZAR PAGOS · AUTO] ================================================================================
[ACTUALIZAR PAGOS · AUTO] 📊 ESTADÍSTICAS DE LLENADO DE CAUSAS:
[ACTUALIZAR PAGOS · AUTO]   • Pagos con causa ORIGINAL: 2
[ACTUALIZAR PAGOS · AUTO]   • Causas encontradas en SIGEMI (actas viejas): 2
[ACTUALIZAR PAGOS · AUTO]   • Causas NO encontradas en SIGEMI: 0
[ACTUALIZAR PAGOS · AUTO]   • Causas asignadas automáticamente (actas nuevas): 0
[ACTUALIZAR PAGOS · AUTO] ⏱ PASO 3 (llenar causas): 0.0s
[ACTUALIZAR PAGOS · AUTO] ================================================================================
[ACTUALIZAR PAGOS · AUTO] PASO 4: ORDENANDO POR FECHA Y ACTA_NUMERO
[ACTUALIZAR PAGOS · AUTO] ================================================================================
[ACTUALIZAR PAGOS · AUTO] ✓ Pagos ordenados correctamente
[ACTUALIZAR PAGOS · AUTO]   • Primera entrada: Acta=184846, Fecha=05/08/2025
[ACTUALIZAR PAGOS · AUTO]   • Última entrada: Acta=256725, Fecha=16/01/2026
[ACTUALIZAR PAGOS · AUTO] 📝 Escribiendo archivo de salida...
[ACTUALIZAR PAGOS · AUTO]   ✅ Archivo escrito: backend/descargas/pagos/2026-07-23/PAGOS 20260723 184738.txt
[ACTUALIZAR PAGOS · AUTO]   ✅ Total registros: 572
[ACTUALIZAR PAGOS · AUTO] ⏱ PASO 4 (ordenar y escribir): 0.0s
[ACTUALIZAR PAGOS · AUTO] ================================================================================
[ACTUALIZAR PAGOS · AUTO] ✅ PROCESO COMPLETADO EXITOSAMENTE
[ACTUALIZAR PAGOS · AUTO] ================================================================================
[ACTUALIZAR PAGOS · AUTO] 📊 RESUMEN FINAL DEL PROCESAMIENTO:
[ACTUALIZAR PAGOS · AUTO]   ENTRADA:
[ACTUALIZAR PAGOS · AUTO]     • Pagos originales: 16755
[ACTUALIZAR PAGOS · AUTO]     • Multas SIGEMI cargadas: 103641
[ACTUALIZAR PAGOS · AUTO]     • Multas Juzgado cargadas: 40173
[ACTUALIZAR PAGOS · AUTO]     • Causas simplificadas (usadas para el cruce): 103311
[ACTUALIZAR PAGOS · AUTO]   PROCESO:
[ACTUALIZAR PAGOS · AUTO]     • Pagos rechazados sigemi: 13927
[ACTUALIZAR PAGOS · AUTO]     • Pagos rechazados juzgado: 2824
[ACTUALIZAR PAGOS · AUTO]   SALIDA:
[ACTUALIZAR PAGOS · AUTO]     • Pagos desactualizados procesados: 4
[ACTUALIZAR PAGOS · AUTO]     • Archivo final: backend/descargas/pagos/2026-07-23/PAGOS 20260723 184738.txt
[ACTUALIZAR PAGOS · AUTO]     • Ordenados por fecha: SÍ ✓
[ACTUALIZAR PAGOS · AUTO]     • Todos con ACTA_NUMERO: SÍ ✓
[ACTUALIZAR PAGOS · AUTO]     • Todos con CAUSA_NUMERO: SÍ ✓
[ACTUALIZAR PAGOS · AUTO] ✅ TXT de pagos (ya cruzado con actas y causas) generado en: backend/descargas/pagos/2026-07-23/PAGOS 20260723 184738.txt
[ACTUALIZAR PAGOS · AUTO] 🧹 TXT de pagos crudo eliminado (ya usado en el cruce): backend/descargas/pagos/2026-07-23/PAGOS DESCARGADOS.txt
[ACTUALIZAR PAGOS · AUTO] 🧹 Excel MULTAS_SIGEMI_CRUCE eliminado (ya usado en el cruce): backend/descargas/cache_actas_cruce/MULTAS_SIGEMI_CRUCE.xlsx
[ACTUALIZAR PAGOS · AUTO] 🧹 Excel MULTAS_JUZGADO_CRUCE eliminado (ya usado en el cruce): backend/descargas/cache_actas_cruce/MULTAS_JUZGADO_CRUCE.xlsx
[ACTUALIZAR PAGOS · AUTO] ✅ CompararActasPaso finalizado. (⏱ 52.6s)
[ACTUALIZAR PAGOS · AUTO] ✓ [CompararActasPaso] Completado.
[ACTUALIZAR PAGOS · AUTO] ▶ [CargarPagosPaso] Iniciando...
[ACTUALIZAR PAGOS · AUTO] ==================================================
[ACTUALIZAR PAGOS · AUTO] 🚀 PASO: CargarPagosPaso
[ACTUALIZAR PAGOS · AUTO] ==================================================
[ACTUALIZAR PAGOS · AUTO] 📤 Subiendo TXT de pagos al SEMyT...
[ACTUALIZAR PAGOS · AUTO] ✅ Importación de pagos completada con éxito.
[ACTUALIZAR PAGOS · AUTO] ✅ Archivo TXT de pagos cargado en el SEMyT correctamente.
[ACTUALIZAR PAGOS · AUTO] ✅ CargarPagosPaso finalizado. (⏱ 4.4s)
[ACTUALIZAR PAGOS · AUTO] ✓ [CargarPagosPaso] Completado.
[ACTUALIZAR PAGOS · AUTO] === Ejecución finalizada con éxito ===
🤖 [Automático] Es hora de actualizar pagos. Arrancando...
[ACTUALIZAR PAGOS · AUTO] === Inicio de ejecución: pagos ===
[ACTUALIZAR PAGOS · AUTO] ▶ [LoginSemytPaso] Iniciando...
[ACTUALIZAR PAGOS · AUTO] ==================================================
[ACTUALIZAR PAGOS · AUTO] 🚀 PASO: LoginSemytPaso
[ACTUALIZAR PAGOS · AUTO] ==================================================
[ACTUALIZAR PAGOS · AUTO] Abriendo SEMyT...
[ACTUALIZAR PAGOS · AUTO] ✅ [SEMyT] Sesión existente detectada. Login omitido.
[ACTUALIZAR PAGOS · AUTO] ✅ LoginSemytPaso finalizado. (⏱ 4.1s)
[ACTUALIZAR PAGOS · AUTO] ✓ [LoginSemytPaso] Completado.
[ACTUALIZAR PAGOS · AUTO] ▶ [LoginJuzgadoPaso] Iniciando...
[ACTUALIZAR PAGOS · AUTO] ==================================================
[ACTUALIZAR PAGOS · AUTO] 🚀 PASO: LoginJuzgadoPaso
[ACTUALIZAR PAGOS · AUTO] ==================================================
[ACTUALIZAR PAGOS · AUTO] Abriendo sitio municipalidad (CiDi)...
[ACTUALIZAR PAGOS · AUTO] ✅ [Juzgado] Sesión existente detectada. Login omitido.
[ACTUALIZAR PAGOS · AUTO] ✅ LoginJuzgadoPaso finalizado. (⏱ 1.3s)
[ACTUALIZAR PAGOS · AUTO] ✓ [LoginJuzgadoPaso] Completado.
[ACTUALIZAR PAGOS · AUTO] ▶ [DescargasParalelasPaso] Iniciando...
[ACTUALIZAR PAGOS · AUTO] ==================================================
[ACTUALIZAR PAGOS · AUTO] 🚀 PASO: DescargasParalelasPaso
[ACTUALIZAR PAGOS · AUTO] ==================================================
[ACTUALIZAR PAGOS · AUTO] 📤 Arrancando las 3 descargas en paralelo (mismo browser, páginas separadas)...
[ACTUALIZAR PAGOS · AUTO] Fecha Desde: 27/06/2024
[ACTUALIZAR PAGOS · AUTO] Fecha Hasta: 24/11/2025
[ACTUALIZAR PAGOS · AUTO] Fecha Desde: 25/11/2025
[ACTUALIZAR PAGOS · AUTO] Fecha Hasta: 23/07/2026
[ACTUALIZAR PAGOS · AUTO] Descargando Excel...
[ACTUALIZAR PAGOS · AUTO] Descargando Excel...
⏳ [Automático] Tocaba disparar 'pagos' pero ya hay una ejecución en curso (Actualizar pagos); esperando a que termine; se reintenta en breve sin perder el turno.
[ACTUALIZAR PAGOS · AUTO] Archivo descargado en: backend/descargas/cache_actas_cruce/MULTAS_JUZGADO_CRUCE.xlsx
[ACTUALIZAR PAGOS · AUTO] ⏱ [actas_juzgado] completado en 19.7s
[ACTUALIZAR PAGOS · AUTO] Archivo descargado en: backend/descargas/cache_actas_cruce/MULTAS_SIGEMI_CRUCE.xlsx
[ACTUALIZAR PAGOS · AUTO] ⏱ [actas_sigemi] completado en 42.1s
[ACTUALIZAR PAGOS · AUTO] ✅ TXT de pagos descargado en: backend/descargas/pagos/2026-07-23/PAGOS DESCARGADOS.txt
[ACTUALIZAR PAGOS · AUTO] ⏱ [pagos_txt] completado en 42.2s
[ACTUALIZAR PAGOS · AUTO] ⏱ TOTAL descargas en paralelo: 42.2s
[ACTUALIZAR PAGOS · AUTO] ✅ DescargasParalelasPaso finalizado. (⏱ 43.7s)
[ACTUALIZAR PAGOS · AUTO] ✓ [DescargasParalelasPaso] Completado.
[ACTUALIZAR PAGOS · AUTO] ▶ [CompararActasPaso] Iniciando...
[ACTUALIZAR PAGOS · AUTO] ==================================================
[ACTUALIZAR PAGOS · AUTO] 🚀 PASO: CompararActasPaso
[ACTUALIZAR PAGOS · AUTO] ==================================================
[ACTUALIZAR PAGOS · AUTO] 🔍 Comparando actas del SEMyT contra pagos del Juzgado...
[ACTUALIZAR PAGOS · AUTO] ================================================================================
[ACTUALIZAR PAGOS · AUTO] INICIANDO PROCESO DE GENERACIÓN DE PAGOS DESACTUALIZADOS
[ACTUALIZAR PAGOS · AUTO] ================================================================================
[ACTUALIZAR PAGOS · AUTO] 📂 Cargando archivos...
[ACTUALIZAR PAGOS · AUTO]   ✓ Pagos: 16808 registros
[ACTUALIZAR PAGOS · AUTO]   ✓ Excel SIGEMI (multas vencidas viejas): 103639 registros
[ACTUALIZAR PAGOS · AUTO]   ✓ Excel Juzgado (multas vencidas nuevas): 40171 registros
[ACTUALIZAR PAGOS · AUTO] ================================================================================
[ACTUALIZAR PAGOS · AUTO] PASO 1: LLENANDO ACTA_NUMERO (búsqueda por patente + fecha, con desempate por hora)
[ACTUALIZAR PAGOS · AUTO] ================================================================================
[ACTUALIZAR PAGOS · AUTO] 📊 ESTADÍSTICAS DE LLENADO DE ACTAS:
[ACTUALIZAR PAGOS · AUTO]   • Pagos con acta ORIGINAL: 2836
[ACTUALIZAR PAGOS · AUTO]   • Pagos SIN acta (buscados): 13972
[ACTUALIZAR PAGOS · AUTO]   • Pagos LLENADOS exitosamente: 43
[ACTUALIZAR PAGOS · AUTO]   • Pagos NO encontrados en multas: 13929
[ACTUALIZAR PAGOS · AUTO]   • Pagos SIN RESOLVER por desbalance de cantidades: 0
[ACTUALIZAR PAGOS · AUTO] ================================================================================
[ACTUALIZAR PAGOS · AUTO] PASO 1: LLENANDO ACTA_NUMERO (búsqueda por patente + fecha, con desempate por hora)
[ACTUALIZAR PAGOS · AUTO] ================================================================================
[ACTUALIZAR PAGOS · AUTO] 📊 ESTADÍSTICAS DE LLENADO DE ACTAS:
[ACTUALIZAR PAGOS · AUTO]   • Pagos con acta ORIGINAL: 2879
[ACTUALIZAR PAGOS · AUTO]   • Pagos SIN acta (buscados): 13929
[ACTUALIZAR PAGOS · AUTO]   • Pagos LLENADOS exitosamente: 0
[ACTUALIZAR PAGOS · AUTO]   • Pagos NO encontrados en multas: 13929
[ACTUALIZAR PAGOS · AUTO]   • Pagos SIN RESOLVER por desbalance de cantidades: 0
[ACTUALIZAR PAGOS · AUTO] ⏱ PASO 1 (llenar actas): 19.5s
[ACTUALIZAR PAGOS · AUTO] ================================================================================
[ACTUALIZAR PAGOS · AUTO] PASO 2: FILTRANDO PAGOS CON ACTA_NUMERO COMPLETO
[ACTUALIZAR PAGOS · AUTO] ================================================================================
[ACTUALIZAR PAGOS · AUTO] 📊 ESTADÍSTICAS DE FILTRADO:
[ACTUALIZAR PAGOS · AUTO]   • Pagos TOTALES al inicio: 16808
[ACTUALIZAR PAGOS · AUTO]   • Pagos CON acta (MANTIENEN): 2879
[ACTUALIZAR PAGOS · AUTO]   • Pagos RECHAZADOS (sin coincidencias): 13929
[ACTUALIZAR PAGOS · AUTO] ⚠️  Se eliminaron 13929 registros sin número de acta
[ACTUALIZAR PAGOS · AUTO]      (recordá: esto incluye tanto pagos ya actualizados/pagados
[ACTUALIZAR PAGOS · AUTO]       como pagos que quedaron sin resolver por desbalance en el Paso 1)
[ACTUALIZAR PAGOS · AUTO] ================================================================================
[ACTUALIZAR PAGOS · AUTO] PASO 2-bis: CONFIRMANDO VIGENCIA DE PAGOS DEL SISTEMA NUEVO (contra MULTAS_JUZGADO_CRUCE)
[ACTUALIZAR PAGOS · AUTO] ================================================================================
[ACTUALIZAR PAGOS · AUTO]   ⚠ 2826 pago(s) del sistema nuevo descartados: su acta ya no figura como vencida en MULTAS_JUZGADO_CRUCE (SEMyT ya los actualizó).
[ACTUALIZAR PAGOS · AUTO]   • Pagos del sistema nuevo descartados por ya estar actualizados: 2826
[ACTUALIZAR PAGOS · AUTO] ⏱ PASO 2 (filtrar): 1.4s
[ACTUALIZAR PAGOS · AUTO] 📂 Cargando maestro de causas SIGEMI...
[ACTUALIZAR PAGOS · AUTO]   ✓ Causas totales (maestro): 134069 registros
[ACTUALIZAR PAGOS · AUTO] ⏱ PASO 2.5 (causas simplificado): 0.2s
[ACTUALIZAR PAGOS · AUTO] ================================================================================
[ACTUALIZAR PAGOS · AUTO] PASO 2.5: ARMANDO causas.txt SIMPLIFICADO (cruce contra total_causas_sigemi.txt)
[ACTUALIZAR PAGOS · AUTO] ================================================================================
[ACTUALIZAR PAGOS · AUTO]   • Actas vencidas viejas (multas): 103639
[ACTUALIZAR PAGOS · AUTO]   • Causas totales en el maestro SIGEMI: 134069
[ACTUALIZAR PAGOS · AUTO]   • Causas que coinciden (simplificado): 103309
[ACTUALIZAR PAGOS · AUTO]   ✅ Archivo escrito: backend/descargas/causas/causas.txt
[ACTUALIZAR PAGOS · AUTO] ⏱ PASO 2.5 (causas simplificado): 2.9s
[ACTUALIZAR PAGOS · AUTO] ================================================================================
[ACTUALIZAR PAGOS · AUTO] PASO 3: LLENANDO CAUSA_NUMERO (según fecha de cambio de sistema, cruzando por acta + año)
[ACTUALIZAR PAGOS · AUTO] ================================================================================
[ACTUALIZAR PAGOS · AUTO] 📊 ESTADÍSTICAS DE LLENADO DE CAUSAS:
[ACTUALIZAR PAGOS · AUTO]   • Pagos con causa ORIGINAL: 10
[ACTUALIZAR PAGOS · AUTO]   • Causas encontradas en SIGEMI (actas viejas): 43
[ACTUALIZAR PAGOS · AUTO]   • Causas NO encontradas en SIGEMI: 0
[ACTUALIZAR PAGOS · AUTO]   • Causas asignadas automáticamente (actas nuevas): 0
[ACTUALIZAR PAGOS · AUTO] ⏱ PASO 3 (llenar causas): 0.0s
[ACTUALIZAR PAGOS · AUTO] ================================================================================
[ACTUALIZAR PAGOS · AUTO] PASO 4: ORDENANDO POR FECHA Y ACTA_NUMERO
[ACTUALIZAR PAGOS · AUTO] ================================================================================
[ACTUALIZAR PAGOS · AUTO] ✓ Pagos ordenados correctamente
[ACTUALIZAR PAGOS · AUTO]   • Primera entrada: Acta=643, Fecha=27/06/2024
[ACTUALIZAR PAGOS · AUTO]   • Última entrada: Acta=307784, Fecha=05/05/2026
[ACTUALIZAR PAGOS · AUTO] 📝 Escribiendo archivo de salida...
[ACTUALIZAR PAGOS · AUTO]   ✅ Archivo escrito: backend/descargas/pagos/2026-07-23/PAGOS 20260723 185928.txt
[ACTUALIZAR PAGOS · AUTO]   ✅ Total registros: 5858
[ACTUALIZAR PAGOS · AUTO] ⏱ PASO 4 (ordenar y escribir): 0.0s
[ACTUALIZAR PAGOS · AUTO] ================================================================================
[ACTUALIZAR PAGOS · AUTO] ✅ PROCESO COMPLETADO EXITOSAMENTE
[ACTUALIZAR PAGOS · AUTO] ================================================================================
[ACTUALIZAR PAGOS · AUTO] 📊 RESUMEN FINAL DEL PROCESAMIENTO:
[ACTUALIZAR PAGOS · AUTO]   ENTRADA:
[ACTUALIZAR PAGOS · AUTO]     • Pagos originales: 16808
[ACTUALIZAR PAGOS · AUTO]     • Multas SIGEMI cargadas: 103639
[ACTUALIZAR PAGOS · AUTO]     • Multas Juzgado cargadas: 40171
[ACTUALIZAR PAGOS · AUTO]     • Causas simplificadas (usadas para el cruce): 103309
[ACTUALIZAR PAGOS · AUTO]   PROCESO:
[ACTUALIZAR PAGOS · AUTO]     • Pagos rechazados sigemi: 13929
[ACTUALIZAR PAGOS · AUTO]     • Pagos rechazados juzgado: 2826
[ACTUALIZAR PAGOS · AUTO]   SALIDA:
[ACTUALIZAR PAGOS · AUTO]     • Pagos desactualizados procesados: 53
[ACTUALIZAR PAGOS · AUTO]     • Archivo final: backend/descargas/pagos/2026-07-23/PAGOS 20260723 185928.txt
[ACTUALIZAR PAGOS · AUTO]     • Ordenados por fecha: SÍ ✓
[ACTUALIZAR PAGOS · AUTO]     • Todos con ACTA_NUMERO: SÍ ✓
[ACTUALIZAR PAGOS · AUTO]     • Todos con CAUSA_NUMERO: SÍ ✓
[ACTUALIZAR PAGOS · AUTO] ✅ TXT de pagos (ya cruzado con actas y causas) generado en: backend/descargas/pagos/2026-07-23/PAGOS 20260723 185928.txt
[ACTUALIZAR PAGOS · AUTO] 🧹 TXT de pagos crudo eliminado (ya usado en el cruce): backend/descargas/pagos/2026-07-23/PAGOS DESCARGADOS.txt
[ACTUALIZAR PAGOS · AUTO] 🧹 Excel MULTAS_SIGEMI_CRUCE eliminado (ya usado en el cruce): backend/descargas/cache_actas_cruce/MULTAS_SIGEMI_CRUCE.xlsx
[ACTUALIZAR PAGOS · AUTO] 🧹 Excel MULTAS_JUZGADO_CRUCE eliminado (ya usado en el cruce): backend/descargas/cache_actas_cruce/MULTAS_JUZGADO_CRUCE.xlsx
[ACTUALIZAR PAGOS · AUTO] ✅ CompararActasPaso finalizado. (⏱ 54.0s)
[ACTUALIZAR PAGOS · AUTO] ✓ [CompararActasPaso] Completado.
[ACTUALIZAR PAGOS · AUTO] ▶ [CargarPagosPaso] Iniciando...
[ACTUALIZAR PAGOS · AUTO] ==================================================
[ACTUALIZAR PAGOS · AUTO] 🚀 PASO: CargarPagosPaso
[ACTUALIZAR PAGOS · AUTO] ==================================================
[ACTUALIZAR PAGOS · AUTO] 📤 Subiendo TXT de pagos al SEMyT...
[ACTUALIZAR PAGOS · AUTO] ✅ Importación de pagos completada con éxito.
[ACTUALIZAR PAGOS · AUTO] ✅ Archivo TXT de pagos cargado en el SEMyT correctamente.
[ACTUALIZAR PAGOS · AUTO] ✅ CargarPagosPaso finalizado. (⏱ 4.2s)
[ACTUALIZAR PAGOS · AUTO] ✓ [CargarPagosPaso] Completado.
[ACTUALIZAR PAGOS · AUTO] === Ejecución finalizada con éxito ===
🤖 [Automático] Es hora de actualizar pagos. Arrancando...
[ACTUALIZAR PAGOS · AUTO] === Inicio de ejecución: pagos ===
[ACTUALIZAR PAGOS · AUTO] ▶ [LoginSemytPaso] Iniciando...
[ACTUALIZAR PAGOS · AUTO] ==================================================
[ACTUALIZAR PAGOS · AUTO] 🚀 PASO: LoginSemytPaso
[ACTUALIZAR PAGOS · AUTO] ==================================================
[ACTUALIZAR PAGOS · AUTO] Abriendo SEMyT...
[ACTUALIZAR PAGOS · AUTO] ✅ [SEMyT] Sesión existente detectada. Login omitido.
[ACTUALIZAR PAGOS · AUTO] ✅ LoginSemytPaso finalizado. (⏱ 4.1s)
[ACTUALIZAR PAGOS · AUTO] ✓ [LoginSemytPaso] Completado.
[ACTUALIZAR PAGOS · AUTO] ▶ [LoginJuzgadoPaso] Iniciando...
[ACTUALIZAR PAGOS · AUTO] ==================================================
[ACTUALIZAR PAGOS · AUTO] 🚀 PASO: LoginJuzgadoPaso
[ACTUALIZAR PAGOS · AUTO] ==================================================
[ACTUALIZAR PAGOS · AUTO] Abriendo sitio municipalidad (CiDi)...
[ACTUALIZAR PAGOS · AUTO] ✅ [Juzgado] Sesión existente detectada. Login omitido.
[ACTUALIZAR PAGOS · AUTO] ✅ LoginJuzgadoPaso finalizado. (⏱ 1.3s)
[ACTUALIZAR PAGOS · AUTO] ✓ [LoginJuzgadoPaso] Completado.
[ACTUALIZAR PAGOS · AUTO] ▶ [DescargasParalelasPaso] Iniciando...
[ACTUALIZAR PAGOS · AUTO] ==================================================
[ACTUALIZAR PAGOS · AUTO] 🚀 PASO: DescargasParalelasPaso
[ACTUALIZAR PAGOS · AUTO] ==================================================
[ACTUALIZAR PAGOS · AUTO] 📤 Arrancando las 3 descargas en paralelo (mismo browser, páginas separadas)...
[ACTUALIZAR PAGOS · AUTO] Fecha Desde: 27/06/2024
[ACTUALIZAR PAGOS · AUTO] Fecha Hasta: 24/11/2025
[ACTUALIZAR PAGOS · AUTO] Fecha Desde: 25/11/2025
[ACTUALIZAR PAGOS · AUTO] Fecha Hasta: 23/07/2026
[ACTUALIZAR PAGOS · AUTO] Descargando Excel...
[ACTUALIZAR PAGOS · AUTO] Descargando Excel...
⏳ [Automático] Tocaba disparar 'pagos' pero ya hay una ejecución en curso (Actualizar pagos); esperando a que termine; se reintenta en breve sin perder el turno.
[ACTUALIZAR PAGOS · AUTO] Archivo descargado en: backend/descargas/cache_actas_cruce/MULTAS_JUZGADO_CRUCE.xlsx
[ACTUALIZAR PAGOS · AUTO] ⏱ [actas_juzgado] completado en 19.5s
[ACTUALIZAR PAGOS · AUTO] Archivo descargado en: backend/descargas/cache_actas_cruce/MULTAS_SIGEMI_CRUCE.xlsx
[ACTUALIZAR PAGOS · AUTO] ⏱ [actas_sigemi] completado en 40.7s
[ACTUALIZAR PAGOS · AUTO] ✅ TXT de pagos descargado en: backend/descargas/pagos/2026-07-23/PAGOS DESCARGADOS.txt
[ACTUALIZAR PAGOS · AUTO] ⏱ [pagos_txt] completado en 40.8s
[ACTUALIZAR PAGOS · AUTO] ⏱ TOTAL descargas en paralelo: 40.8s
[ACTUALIZAR PAGOS · AUTO] ✅ DescargasParalelasPaso finalizado. (⏱ 42.3s)
[ACTUALIZAR PAGOS · AUTO] ✓ [DescargasParalelasPaso] Completado.
[ACTUALIZAR PAGOS · AUTO] ▶ [CompararActasPaso] Iniciando...
[ACTUALIZAR PAGOS · AUTO] ==================================================
[ACTUALIZAR PAGOS · AUTO] 🚀 PASO: CompararActasPaso
[ACTUALIZAR PAGOS · AUTO] ==================================================
[ACTUALIZAR PAGOS · AUTO] 🔍 Comparando actas del SEMyT contra pagos del Juzgado...
[ACTUALIZAR PAGOS · AUTO] ================================================================================
[ACTUALIZAR PAGOS · AUTO] INICIANDO PROCESO DE GENERACIÓN DE PAGOS DESACTUALIZADOS
[ACTUALIZAR PAGOS · AUTO] ================================================================================
[ACTUALIZAR PAGOS · AUTO] 📂 Cargando archivos...
[ACTUALIZAR PAGOS · AUTO]   ✓ Pagos: 16808 registros
[ACTUALIZAR PAGOS · AUTO]   ✓ Excel SIGEMI (multas vencidas viejas): 103596 registros
[ACTUALIZAR PAGOS · AUTO]   ✓ Excel Juzgado (multas vencidas nuevas): 40161 registros
[ACTUALIZAR PAGOS · AUTO] ================================================================================
[ACTUALIZAR PAGOS · AUTO] PASO 1: LLENANDO ACTA_NUMERO (búsqueda por patente + fecha, con desempate por hora)
[ACTUALIZAR PAGOS · AUTO] ================================================================================
[ACTUALIZAR PAGOS · AUTO] 📊 ESTADÍSTICAS DE LLENADO DE ACTAS:
[ACTUALIZAR PAGOS · AUTO]   • Pagos con acta ORIGINAL: 2836
[ACTUALIZAR PAGOS · AUTO]   • Pagos SIN acta (buscados): 13972
[ACTUALIZAR PAGOS · AUTO]   • Pagos LLENADOS exitosamente: 0
[ACTUALIZAR PAGOS · AUTO]   • Pagos NO encontrados en multas: 13972
[ACTUALIZAR PAGOS · AUTO]   • Pagos SIN RESOLVER por desbalance de cantidades: 0
[ACTUALIZAR PAGOS · AUTO] ================================================================================
[ACTUALIZAR PAGOS · AUTO] PASO 1: LLENANDO ACTA_NUMERO (búsqueda por patente + fecha, con desempate por hora)
[ACTUALIZAR PAGOS · AUTO] ================================================================================
[ACTUALIZAR PAGOS · AUTO] 📊 ESTADÍSTICAS DE LLENADO DE ACTAS:
[ACTUALIZAR PAGOS · AUTO]   • Pagos con acta ORIGINAL: 2836
[ACTUALIZAR PAGOS · AUTO]   • Pagos SIN acta (buscados): 13972
[ACTUALIZAR PAGOS · AUTO]   • Pagos LLENADOS exitosamente: 0
[ACTUALIZAR PAGOS · AUTO]   • Pagos NO encontrados en multas: 13972
[ACTUALIZAR PAGOS · AUTO]   • Pagos SIN RESOLVER por desbalance de cantidades: 0
[ACTUALIZAR PAGOS · AUTO] ⏱ PASO 1 (llenar actas): 18.1s
[ACTUALIZAR PAGOS · AUTO] ================================================================================
[ACTUALIZAR PAGOS · AUTO] PASO 2: FILTRANDO PAGOS CON ACTA_NUMERO COMPLETO
[ACTUALIZAR PAGOS · AUTO] ================================================================================
[ACTUALIZAR PAGOS · AUTO] 📊 ESTADÍSTICAS DE FILTRADO:
[ACTUALIZAR PAGOS · AUTO]   • Pagos TOTALES al inicio: 16808
[ACTUALIZAR PAGOS · AUTO]   • Pagos CON acta (MANTIENEN): 2836
[ACTUALIZAR PAGOS · AUTO]   • Pagos RECHAZADOS (sin coincidencias): 13972
[ACTUALIZAR PAGOS · AUTO] ⚠️  Se eliminaron 13972 registros sin número de acta
[ACTUALIZAR PAGOS · AUTO]      (recordá: esto incluye tanto pagos ya actualizados/pagados
[ACTUALIZAR PAGOS · AUTO]       como pagos que quedaron sin resolver por desbalance en el Paso 1)
[ACTUALIZAR PAGOS · AUTO] ================================================================================
[ACTUALIZAR PAGOS · AUTO] PASO 2-bis: CONFIRMANDO VIGENCIA DE PAGOS DEL SISTEMA NUEVO (contra MULTAS_JUZGADO_CRUCE)
[ACTUALIZAR PAGOS · AUTO] ================================================================================
[ACTUALIZAR PAGOS · AUTO]   ⚠ 2836 pago(s) del sistema nuevo descartados: su acta ya no figura como vencida en MULTAS_JUZGADO_CRUCE (SEMyT ya los actualizó).
[ACTUALIZAR PAGOS · AUTO]   • Pagos del sistema nuevo descartados por ya estar actualizados: 2836
[ACTUALIZAR PAGOS · AUTO] ⏱ PASO 2 (filtrar): 1.3s
[ACTUALIZAR PAGOS · AUTO] 📂 Cargando maestro de causas SIGEMI...
[ACTUALIZAR PAGOS · AUTO]   ✓ Causas totales (maestro): 134069 registros
[ACTUALIZAR PAGOS · AUTO] ⏱ PASO 2.5 (causas simplificado): 0.2s
[ACTUALIZAR PAGOS · AUTO] ================================================================================
[ACTUALIZAR PAGOS · AUTO] PASO 2.5: ARMANDO causas.txt SIMPLIFICADO (cruce contra total_causas_sigemi.txt)
[ACTUALIZAR PAGOS · AUTO] ================================================================================
[ACTUALIZAR PAGOS · AUTO]   • Actas vencidas viejas (multas): 103596
[ACTUALIZAR PAGOS · AUTO]   • Causas totales en el maestro SIGEMI: 134069
[ACTUALIZAR PAGOS · AUTO]   • Causas que coinciden (simplificado): 103266
[ACTUALIZAR PAGOS · AUTO]   ✅ Archivo escrito: backend/descargas/causas/causas.txt
[ACTUALIZAR PAGOS · AUTO] ⏱ PASO 2.5 (causas simplificado): 2.9s
[ACTUALIZAR PAGOS · AUTO] ⚠️  NO HAY PAGOS CON ACTA_NUMERO PARA PROCESAR
[ACTUALIZAR PAGOS · AUTO] Creando archivo vacío...
[ACTUALIZAR PAGOS · AUTO] ✅ TXT de pagos (ya cruzado con actas y causas) generado en: backend/descargas/pagos/2026-07-23/PAGOS 20260723 191119.txt
[ACTUALIZAR PAGOS · AUTO] 🧹 TXT de pagos crudo eliminado (ya usado en el cruce): backend/descargas/pagos/2026-07-23/PAGOS DESCARGADOS.txt
[ACTUALIZAR PAGOS · AUTO] 🧹 Excel MULTAS_SIGEMI_CRUCE eliminado (ya usado en el cruce): backend/descargas/cache_actas_cruce/MULTAS_SIGEMI_CRUCE.xlsx
[ACTUALIZAR PAGOS · AUTO] 🧹 Excel MULTAS_JUZGADO_CRUCE eliminado (ya usado en el cruce): backend/descargas/cache_actas_cruce/MULTAS_JUZGADO_CRUCE.xlsx
[ACTUALIZAR PAGOS · AUTO] ✅ CompararActasPaso finalizado. (⏱ 52.8s)
[ACTUALIZAR PAGOS · AUTO] ✓ [CompararActasPaso] Completado.
[ACTUALIZAR PAGOS · AUTO] ▶ [CargarPagosPaso] Iniciando...
[ACTUALIZAR PAGOS · AUTO] ==================================================
[ACTUALIZAR PAGOS · AUTO] 🚀 PASO: CargarPagosPaso
[ACTUALIZAR PAGOS · AUTO] ==================================================
[ACTUALIZAR PAGOS · AUTO] ℹ No se encontraron pagos para actualizar (el TXT final no tiene registros).
[ACTUALIZAR PAGOS · AUTO] 🧹 TXT de pagos sin registros eliminado (nada para subir): backend/descargas/pagos/2026-07-23/PAGOS 20260723 191119.txt
[ACTUALIZAR PAGOS · AUTO] ⏭ Se omite la carga al SEMyT.
[ACTUALIZAR PAGOS · AUTO] ✅ CargarPagosPaso finalizado. (⏱ 0.0s)
[ACTUALIZAR PAGOS · AUTO] ✓ [CargarPagosPaso] Completado.
[ACTUALIZAR PAGOS · AUTO] === Ejecución finalizada con éxito ===
[ACTUALIZAR PAGOS · AUTO] ℹ No se subió ningún archivo a ningún sistema externo en esta corrida: por política, el log detallado no se conserva en disco.
🤖 [Automático] Es hora de actualizar pagos. Arrancando...
[ACTUALIZAR PAGOS · AUTO] === Inicio de ejecución: pagos ===
[ACTUALIZAR PAGOS · AUTO] ▶ [LoginSemytPaso] Iniciando...
[ACTUALIZAR PAGOS · AUTO] ==================================================
[ACTUALIZAR PAGOS · AUTO] 🚀 PASO: LoginSemytPaso
[ACTUALIZAR PAGOS · AUTO] ==================================================
[ACTUALIZAR PAGOS · AUTO] Abriendo SEMyT...
[ACTUALIZAR PAGOS · AUTO] ✅ [SEMyT] Sesión existente detectada. Login omitido.
[ACTUALIZAR PAGOS · AUTO] ✅ LoginSemytPaso finalizado. (⏱ 4.2s)
[ACTUALIZAR PAGOS · AUTO] ✓ [LoginSemytPaso] Completado.
[ACTUALIZAR PAGOS · AUTO] ▶ [LoginJuzgadoPaso] Iniciando...
[ACTUALIZAR PAGOS · AUTO] ==================================================
[ACTUALIZAR PAGOS · AUTO] 🚀 PASO: LoginJuzgadoPaso
[ACTUALIZAR PAGOS · AUTO] ==================================================
[ACTUALIZAR PAGOS · AUTO] Abriendo sitio municipalidad (CiDi)...
[ACTUALIZAR PAGOS · AUTO] ✅ [Juzgado] Sesión existente detectada. Login omitido.
[ACTUALIZAR PAGOS · AUTO] ✅ LoginJuzgadoPaso finalizado. (⏱ 1.3s)
[ACTUALIZAR PAGOS · AUTO] ✓ [LoginJuzgadoPaso] Completado.
[ACTUALIZAR PAGOS · AUTO] ▶ [DescargasParalelasPaso] Iniciando...
[ACTUALIZAR PAGOS · AUTO] ==================================================
[ACTUALIZAR PAGOS · AUTO] 🚀 PASO: DescargasParalelasPaso
[ACTUALIZAR PAGOS · AUTO] ==================================================
[ACTUALIZAR PAGOS · AUTO] 📤 Arrancando las 3 descargas en paralelo (mismo browser, páginas separadas)...
[ACTUALIZAR PAGOS · AUTO] Fecha Desde: 27/06/2024
[ACTUALIZAR PAGOS · AUTO] Fecha Hasta: 24/11/2025
[ACTUALIZAR PAGOS · AUTO] Fecha Desde: 25/11/2025
[ACTUALIZAR PAGOS · AUTO] Fecha Hasta: 23/07/2026
[ACTUALIZAR PAGOS · AUTO] Descargando Excel...
[ACTUALIZAR PAGOS · AUTO] Descargando Excel...
⏳ [Automático] Tocaba disparar 'pagos' pero ya hay una ejecución en curso (Actualizar pagos); esperando a que termine; se reintenta en breve sin perder el turno.
[ACTUALIZAR PAGOS · AUTO] Archivo descargado en: backend/descargas/cache_actas_cruce/MULTAS_JUZGADO_CRUCE.xlsx
[ACTUALIZAR PAGOS · AUTO] ⏱ [actas_juzgado] completado en 21.1s
[ACTUALIZAR PAGOS · AUTO] Archivo descargado en: backend/descargas/cache_actas_cruce/MULTAS_SIGEMI_CRUCE.xlsx
[ACTUALIZAR PAGOS · AUTO] ⏱ [actas_sigemi] completado en 43.4s
[ACTUALIZAR PAGOS · AUTO] ✅ TXT de pagos descargado en: backend/descargas/pagos/2026-07-23/PAGOS DESCARGADOS.txt
[ACTUALIZAR PAGOS · AUTO] ⏱ [pagos_txt] completado en 44.6s
[ACTUALIZAR PAGOS · AUTO] ⏱ TOTAL descargas en paralelo: 44.6s
[ACTUALIZAR PAGOS · AUTO] ✅ DescargasParalelasPaso finalizado. (⏱ 46.1s)
[ACTUALIZAR PAGOS · AUTO] ✓ [DescargasParalelasPaso] Completado.
[ACTUALIZAR PAGOS · AUTO] ▶ [CompararActasPaso] Iniciando...
[ACTUALIZAR PAGOS · AUTO] ==================================================
[ACTUALIZAR PAGOS · AUTO] 🚀 PASO: CompararActasPaso
[ACTUALIZAR PAGOS · AUTO] ==================================================
[ACTUALIZAR PAGOS · AUTO] 🔍 Comparando actas del SEMyT contra pagos del Juzgado...
[ACTUALIZAR PAGOS · AUTO] ================================================================================
[ACTUALIZAR PAGOS · AUTO] INICIANDO PROCESO DE GENERACIÓN DE PAGOS DESACTUALIZADOS
[ACTUALIZAR PAGOS · AUTO] ================================================================================
[ACTUALIZAR PAGOS · AUTO] 📂 Cargando archivos...
[ACTUALIZAR PAGOS · AUTO]   ✓ Pagos: 16810 registros
[ACTUALIZAR PAGOS · AUTO]   ✓ Excel SIGEMI (multas vencidas viejas): 103596 registros
[ACTUALIZAR PAGOS · AUTO]   ✓ Excel Juzgado (multas vencidas nuevas): 40161 registros
[ACTUALIZAR PAGOS · AUTO] ================================================================================
[ACTUALIZAR PAGOS · AUTO] PASO 1: LLENANDO ACTA_NUMERO (búsqueda por patente + fecha, con desempate por hora)
[ACTUALIZAR PAGOS · AUTO] ================================================================================
[ACTUALIZAR PAGOS · AUTO] 📊 ESTADÍSTICAS DE LLENADO DE ACTAS:
[ACTUALIZAR PAGOS · AUTO]   • Pagos con acta ORIGINAL: 2838
[ACTUALIZAR PAGOS · AUTO]   • Pagos SIN acta (buscados): 13972
[ACTUALIZAR PAGOS · AUTO]   • Pagos LLENADOS exitosamente: 0
[ACTUALIZAR PAGOS · AUTO]   • Pagos NO encontrados en multas: 13972
[ACTUALIZAR PAGOS · AUTO]   • Pagos SIN RESOLVER por desbalance de cantidades: 0
[ACTUALIZAR PAGOS · AUTO] ================================================================================
[ACTUALIZAR PAGOS · AUTO] PASO 1: LLENANDO ACTA_NUMERO (búsqueda por patente + fecha, con desempate por hora)
[ACTUALIZAR PAGOS · AUTO] ================================================================================
[ACTUALIZAR PAGOS · AUTO] 📊 ESTADÍSTICAS DE LLENADO DE ACTAS:
[ACTUALIZAR PAGOS · AUTO]   • Pagos con acta ORIGINAL: 2838
[ACTUALIZAR PAGOS · AUTO]   • Pagos SIN acta (buscados): 13972
[ACTUALIZAR PAGOS · AUTO]   • Pagos LLENADOS exitosamente: 0
[ACTUALIZAR PAGOS · AUTO]   • Pagos NO encontrados en multas: 13972
[ACTUALIZAR PAGOS · AUTO]   • Pagos SIN RESOLVER por desbalance de cantidades: 0
[ACTUALIZAR PAGOS · AUTO] ⏱ PASO 1 (llenar actas): 19.8s
[ACTUALIZAR PAGOS · AUTO] ================================================================================
[ACTUALIZAR PAGOS · AUTO] PASO 2: FILTRANDO PAGOS CON ACTA_NUMERO COMPLETO
[ACTUALIZAR PAGOS · AUTO] ================================================================================
[ACTUALIZAR PAGOS · AUTO] 📊 ESTADÍSTICAS DE FILTRADO:
[ACTUALIZAR PAGOS · AUTO]   • Pagos TOTALES al inicio: 16810
[ACTUALIZAR PAGOS · AUTO]   • Pagos CON acta (MANTIENEN): 2838
[ACTUALIZAR PAGOS · AUTO]   • Pagos RECHAZADOS (sin coincidencias): 13972
[ACTUALIZAR PAGOS · AUTO] ⚠️  Se eliminaron 13972 registros sin número de acta
[ACTUALIZAR PAGOS · AUTO]      (recordá: esto incluye tanto pagos ya actualizados/pagados
[ACTUALIZAR PAGOS · AUTO]       como pagos que quedaron sin resolver por desbalance en el Paso 1)
[ACTUALIZAR PAGOS · AUTO] ================================================================================
[ACTUALIZAR PAGOS · AUTO] PASO 2-bis: CONFIRMANDO VIGENCIA DE PAGOS DEL SISTEMA NUEVO (contra MULTAS_JUZGADO_CRUCE)
[ACTUALIZAR PAGOS · AUTO] ================================================================================
[ACTUALIZAR PAGOS · AUTO]   ⚠ 2836 pago(s) del sistema nuevo descartados: su acta ya no figura como vencida en MULTAS_JUZGADO_CRUCE (SEMyT ya los actualizó).
[ACTUALIZAR PAGOS · AUTO]   • Pagos del sistema nuevo descartados por ya estar actualizados: 2836
[ACTUALIZAR PAGOS · AUTO] ⏱ PASO 2 (filtrar): 1.4s
[ACTUALIZAR PAGOS · AUTO] 📂 Cargando maestro de causas SIGEMI...
[ACTUALIZAR PAGOS · AUTO]   ✓ Causas totales (maestro): 134069 registros
[ACTUALIZAR PAGOS · AUTO] ⏱ PASO 2.5 (causas simplificado): 0.2s
[ACTUALIZAR PAGOS · AUTO] ================================================================================
[ACTUALIZAR PAGOS · AUTO] PASO 2.5: ARMANDO causas.txt SIMPLIFICADO (cruce contra total_causas_sigemi.txt)
[ACTUALIZAR PAGOS · AUTO] ================================================================================
[ACTUALIZAR PAGOS · AUTO]   • Actas vencidas viejas (multas): 103596
[ACTUALIZAR PAGOS · AUTO]   • Causas totales en el maestro SIGEMI: 134069
[ACTUALIZAR PAGOS · AUTO]   • Causas que coinciden (simplificado): 103266
[ACTUALIZAR PAGOS · AUTO]   ✅ Archivo escrito: backend/descargas/causas/causas.txt
[ACTUALIZAR PAGOS · AUTO] ⏱ PASO 2.5 (causas simplificado): 3.0s
[ACTUALIZAR PAGOS · AUTO] ================================================================================
[ACTUALIZAR PAGOS · AUTO] PASO 3: LLENANDO CAUSA_NUMERO (según fecha de cambio de sistema, cruzando por acta + año)
[ACTUALIZAR PAGOS · AUTO] ================================================================================
[ACTUALIZAR PAGOS · AUTO] 📊 ESTADÍSTICAS DE LLENADO DE CAUSAS:
[ACTUALIZAR PAGOS · AUTO]   • Pagos con causa ORIGINAL: 2
[ACTUALIZAR PAGOS · AUTO]   • Causas encontradas en SIGEMI (actas viejas): 0
[ACTUALIZAR PAGOS · AUTO]   • Causas NO encontradas en SIGEMI: 0
[ACTUALIZAR PAGOS · AUTO]   • Causas asignadas automáticamente (actas nuevas): 0
[ACTUALIZAR PAGOS · AUTO] ⏱ PASO 3 (llenar causas): 0.0s
[ACTUALIZAR PAGOS · AUTO] ================================================================================
[ACTUALIZAR PAGOS · AUTO] PASO 4: ORDENANDO POR FECHA Y ACTA_NUMERO
[ACTUALIZAR PAGOS · AUTO] ================================================================================
[ACTUALIZAR PAGOS · AUTO] ✓ Pagos ordenados correctamente
[ACTUALIZAR PAGOS · AUTO]   • Primera entrada: Acta=264885, Fecha=10/02/2026
[ACTUALIZAR PAGOS · AUTO]   • Última entrada: Acta=273213, Fecha=02/03/2026
[ACTUALIZAR PAGOS · AUTO] 📝 Escribiendo archivo de salida...
[ACTUALIZAR PAGOS · AUTO]   ✅ Archivo escrito: backend/descargas/pagos/2026-07-23/PAGOS 20260723 192316.txt
[ACTUALIZAR PAGOS · AUTO]   ✅ Total registros: 368
[ACTUALIZAR PAGOS · AUTO] ⏱ PASO 4 (ordenar y escribir): 0.0s
[ACTUALIZAR PAGOS · AUTO] ================================================================================
[ACTUALIZAR PAGOS · AUTO] ✅ PROCESO COMPLETADO EXITOSAMENTE
[ACTUALIZAR PAGOS · AUTO] ================================================================================
[ACTUALIZAR PAGOS · AUTO] 📊 RESUMEN FINAL DEL PROCESAMIENTO:
[ACTUALIZAR PAGOS · AUTO]   ENTRADA:
[ACTUALIZAR PAGOS · AUTO]     • Pagos originales: 16810
[ACTUALIZAR PAGOS · AUTO]     • Multas SIGEMI cargadas: 103596
[ACTUALIZAR PAGOS · AUTO]     • Multas Juzgado cargadas: 40161
[ACTUALIZAR PAGOS · AUTO]     • Causas simplificadas (usadas para el cruce): 103266
[ACTUALIZAR PAGOS · AUTO]   PROCESO:
[ACTUALIZAR PAGOS · AUTO]     • Pagos rechazados sigemi: 13972
[ACTUALIZAR PAGOS · AUTO]     • Pagos rechazados juzgado: 2836
[ACTUALIZAR PAGOS · AUTO]   SALIDA:
[ACTUALIZAR PAGOS · AUTO]     • Pagos desactualizados procesados: 2
[ACTUALIZAR PAGOS · AUTO]     • Archivo final: backend/descargas/pagos/2026-07-23/PAGOS 20260723 192316.txt
[ACTUALIZAR PAGOS · AUTO]     • Ordenados por fecha: SÍ ✓
[ACTUALIZAR PAGOS · AUTO]     • Todos con ACTA_NUMERO: SÍ ✓
[ACTUALIZAR PAGOS · AUTO]     • Todos con CAUSA_NUMERO: SÍ ✓
[ACTUALIZAR PAGOS · AUTO] ✅ TXT de pagos (ya cruzado con actas y causas) generado en: backend/descargas/pagos/2026-07-23/PAGOS 20260723 192316.txt
[ACTUALIZAR PAGOS · AUTO] 🧹 TXT de pagos crudo eliminado (ya usado en el cruce): backend/descargas/pagos/2026-07-23/PAGOS DESCARGADOS.txt
[ACTUALIZAR PAGOS · AUTO] 🧹 Excel MULTAS_SIGEMI_CRUCE eliminado (ya usado en el cruce): backend/descargas/cache_actas_cruce/MULTAS_SIGEMI_CRUCE.xlsx
[ACTUALIZAR PAGOS · AUTO] 🧹 Excel MULTAS_JUZGADO_CRUCE eliminado (ya usado en el cruce): backend/descargas/cache_actas_cruce/MULTAS_JUZGADO_CRUCE.xlsx
[ACTUALIZAR PAGOS · AUTO] ✅ CompararActasPaso finalizado. (⏱ 54.8s)
[ACTUALIZAR PAGOS · AUTO] ✓ [CompararActasPaso] Completado.
[ACTUALIZAR PAGOS · AUTO] ▶ [CargarPagosPaso] Iniciando...
[ACTUALIZAR PAGOS · AUTO] ==================================================
[ACTUALIZAR PAGOS · AUTO] 🚀 PASO: CargarPagosPaso
[ACTUALIZAR PAGOS · AUTO] ==================================================
[ACTUALIZAR PAGOS · AUTO] 📤 Subiendo TXT de pagos al SEMyT...
[ACTUALIZAR PAGOS · AUTO] ✅ Importación de pagos completada con éxito.
[ACTUALIZAR PAGOS · AUTO] ✅ Archivo TXT de pagos cargado en el SEMyT correctamente.
[ACTUALIZAR PAGOS · AUTO] ✅ CargarPagosPaso finalizado. (⏱ 2.8s)
[ACTUALIZAR PAGOS · AUTO] ✓ [CargarPagosPaso] Completado.
[ACTUALIZAR PAGOS · AUTO] === Ejecución finalizada con éxito ===
🤖 [Automático] Es hora de actualizar pagos. Arrancando...
[ACTUALIZAR PAGOS · AUTO] === Inicio de ejecución: pagos ===
[ACTUALIZAR PAGOS · AUTO] ▶ [LoginSemytPaso] Iniciando...
[ACTUALIZAR PAGOS · AUTO] ==================================================
[ACTUALIZAR PAGOS · AUTO] 🚀 PASO: LoginSemytPaso
[ACTUALIZAR PAGOS · AUTO] ==================================================
[ACTUALIZAR PAGOS · AUTO] Abriendo SEMyT...
[ACTUALIZAR PAGOS · AUTO] ✅ [SEMyT] Sesión existente detectada. Login omitido.
[ACTUALIZAR PAGOS · AUTO] ✅ LoginSemytPaso finalizado. (⏱ 4.2s)
[ACTUALIZAR PAGOS · AUTO] ✓ [LoginSemytPaso] Completado.
[ACTUALIZAR PAGOS · AUTO] ▶ [LoginJuzgadoPaso] Iniciando...
[ACTUALIZAR PAGOS · AUTO] ==================================================
[ACTUALIZAR PAGOS · AUTO] 🚀 PASO: LoginJuzgadoPaso
[ACTUALIZAR PAGOS · AUTO] ==================================================
[ACTUALIZAR PAGOS · AUTO] Abriendo sitio municipalidad (CiDi)...
[ACTUALIZAR PAGOS · AUTO] ✅ [Juzgado] Sesión existente detectada. Login omitido.
[ACTUALIZAR PAGOS · AUTO] ✅ LoginJuzgadoPaso finalizado. (⏱ 1.3s)
[ACTUALIZAR PAGOS · AUTO] ✓ [LoginJuzgadoPaso] Completado.
[ACTUALIZAR PAGOS · AUTO] ▶ [DescargasParalelasPaso] Iniciando...
[ACTUALIZAR PAGOS · AUTO] ==================================================
[ACTUALIZAR PAGOS · AUTO] 🚀 PASO: DescargasParalelasPaso
[ACTUALIZAR PAGOS · AUTO] ==================================================
[ACTUALIZAR PAGOS · AUTO] 📤 Arrancando las 3 descargas en paralelo (mismo browser, páginas separadas)...
[ACTUALIZAR PAGOS · AUTO] Fecha Desde: 27/06/2024
[ACTUALIZAR PAGOS · AUTO] Fecha Hasta: 24/11/2025
[ACTUALIZAR PAGOS · AUTO] Fecha Desde: 25/11/2025
[ACTUALIZAR PAGOS · AUTO] Fecha Hasta: 23/07/2026
[ACTUALIZAR PAGOS · AUTO] Descargando Excel...
[ACTUALIZAR PAGOS · AUTO] Descargando Excel...
⏳ [Automático] Tocaba disparar 'pagos' pero ya hay una ejecución en curso (Actualizar pagos); esperando a que termine; se reintenta en breve sin perder el turno.
[ACTUALIZAR PAGOS · AUTO] Archivo descargado en: backend/descargas/cache_actas_cruce/MULTAS_JUZGADO_CRUCE.xlsx
[ACTUALIZAR PAGOS · AUTO] ⏱ [actas_juzgado] completado en 19.1s
[ACTUALIZAR PAGOS · AUTO] Archivo descargado en: backend/descargas/cache_actas_cruce/MULTAS_SIGEMI_CRUCE.xlsx
[ACTUALIZAR PAGOS · AUTO] ⏱ [actas_sigemi] completado en 41.5s
[ACTUALIZAR PAGOS · AUTO] ✅ TXT de pagos descargado en: backend/descargas/pagos/2026-07-23/PAGOS DESCARGADOS.txt
[ACTUALIZAR PAGOS · AUTO] ⏱ [pagos_txt] completado en 41.5s
[ACTUALIZAR PAGOS · AUTO] ⏱ TOTAL descargas en paralelo: 41.5s
[ACTUALIZAR PAGOS · AUTO] ✅ DescargasParalelasPaso finalizado. (⏱ 43.0s)
[ACTUALIZAR PAGOS · AUTO] ✓ [DescargasParalelasPaso] Completado.
[ACTUALIZAR PAGOS · AUTO] ▶ [CompararActasPaso] Iniciando...
[ACTUALIZAR PAGOS · AUTO] ==================================================
[ACTUALIZAR PAGOS · AUTO] 🚀 PASO: CompararActasPaso
[ACTUALIZAR PAGOS · AUTO] ==================================================
[ACTUALIZAR PAGOS · AUTO] 🔍 Comparando actas del SEMyT contra pagos del Juzgado...
[ACTUALIZAR PAGOS · AUTO] ================================================================================
[ACTUALIZAR PAGOS · AUTO] INICIANDO PROCESO DE GENERACIÓN DE PAGOS DESACTUALIZADOS
[ACTUALIZAR PAGOS · AUTO] ================================================================================
[ACTUALIZAR PAGOS · AUTO] 📂 Cargando archivos...
[ACTUALIZAR PAGOS · AUTO]   ✓ Pagos: 16813 registros
[ACTUALIZAR PAGOS · AUTO]   ✓ Excel SIGEMI (multas vencidas viejas): 103596 registros
[ACTUALIZAR PAGOS · AUTO]   ✓ Excel Juzgado (multas vencidas nuevas): 40159 registros
[ACTUALIZAR PAGOS · AUTO] ================================================================================
[ACTUALIZAR PAGOS · AUTO] PASO 1: LLENANDO ACTA_NUMERO (búsqueda por patente + fecha, con desempate por hora)
[ACTUALIZAR PAGOS · AUTO] ================================================================================
[ACTUALIZAR PAGOS · AUTO] 📊 ESTADÍSTICAS DE LLENADO DE ACTAS:
[ACTUALIZAR PAGOS · AUTO]   • Pagos con acta ORIGINAL: 2839
[ACTUALIZAR PAGOS · AUTO]   • Pagos SIN acta (buscados): 13974
[ACTUALIZAR PAGOS · AUTO]   • Pagos LLENADOS exitosamente: 2
[ACTUALIZAR PAGOS · AUTO]   • Pagos NO encontrados en multas: 13972
[ACTUALIZAR PAGOS · AUTO]   • Pagos SIN RESOLVER por desbalance de cantidades: 0
[ACTUALIZAR PAGOS · AUTO] ================================================================================
[ACTUALIZAR PAGOS · AUTO] PASO 1: LLENANDO ACTA_NUMERO (búsqueda por patente + fecha, con desempate por hora)
[ACTUALIZAR PAGOS · AUTO] ================================================================================
[ACTUALIZAR PAGOS · AUTO] 📊 ESTADÍSTICAS DE LLENADO DE ACTAS:
[ACTUALIZAR PAGOS · AUTO]   • Pagos con acta ORIGINAL: 2841
[ACTUALIZAR PAGOS · AUTO]   • Pagos SIN acta (buscados): 13972
[ACTUALIZAR PAGOS · AUTO]   • Pagos LLENADOS exitosamente: 0
[ACTUALIZAR PAGOS · AUTO]   • Pagos NO encontrados en multas: 13972
[ACTUALIZAR PAGOS · AUTO]   • Pagos SIN RESOLVER por desbalance de cantidades: 0
[ACTUALIZAR PAGOS · AUTO] ⏱ PASO 1 (llenar actas): 19.7s
[ACTUALIZAR PAGOS · AUTO] ================================================================================
[ACTUALIZAR PAGOS · AUTO] PASO 2: FILTRANDO PAGOS CON ACTA_NUMERO COMPLETO
[ACTUALIZAR PAGOS · AUTO] ================================================================================
[ACTUALIZAR PAGOS · AUTO] 📊 ESTADÍSTICAS DE FILTRADO:
[ACTUALIZAR PAGOS · AUTO]   • Pagos TOTALES al inicio: 16813
[ACTUALIZAR PAGOS · AUTO]   • Pagos CON acta (MANTIENEN): 2841
[ACTUALIZAR PAGOS · AUTO]   • Pagos RECHAZADOS (sin coincidencias): 13972
[ACTUALIZAR PAGOS · AUTO] ⚠️  Se eliminaron 13972 registros sin número de acta
[ACTUALIZAR PAGOS · AUTO]      (recordá: esto incluye tanto pagos ya actualizados/pagados
[ACTUALIZAR PAGOS · AUTO]       como pagos que quedaron sin resolver por desbalance en el Paso 1)
[ACTUALIZAR PAGOS · AUTO] ================================================================================
[ACTUALIZAR PAGOS · AUTO] PASO 2-bis: CONFIRMANDO VIGENCIA DE PAGOS DEL SISTEMA NUEVO (contra MULTAS_JUZGADO_CRUCE)
[ACTUALIZAR PAGOS · AUTO] ================================================================================
[ACTUALIZAR PAGOS · AUTO]   ⚠ 2838 pago(s) del sistema nuevo descartados: su acta ya no figura como vencida en MULTAS_JUZGADO_CRUCE (SEMyT ya los actualizó).
[ACTUALIZAR PAGOS · AUTO]   • Pagos del sistema nuevo descartados por ya estar actualizados: 2838
[ACTUALIZAR PAGOS · AUTO] ⏱ PASO 2 (filtrar): 1.3s
[ACTUALIZAR PAGOS · AUTO] 📂 Cargando maestro de causas SIGEMI...
[ACTUALIZAR PAGOS · AUTO]   ✓ Causas totales (maestro): 134069 registros
[ACTUALIZAR PAGOS · AUTO] ⏱ PASO 2.5 (causas simplificado): 0.2s
[ACTUALIZAR PAGOS · AUTO] ================================================================================
[ACTUALIZAR PAGOS · AUTO] PASO 2.5: ARMANDO causas.txt SIMPLIFICADO (cruce contra total_causas_sigemi.txt)
[ACTUALIZAR PAGOS · AUTO] ================================================================================
[ACTUALIZAR PAGOS · AUTO]   • Actas vencidas viejas (multas): 103596
[ACTUALIZAR PAGOS · AUTO]   • Causas totales en el maestro SIGEMI: 134069
[ACTUALIZAR PAGOS · AUTO]   • Causas que coinciden (simplificado): 103266
[ACTUALIZAR PAGOS · AUTO]   ✅ Archivo escrito: backend/descargas/causas/causas.txt
[ACTUALIZAR PAGOS · AUTO] ⏱ PASO 2.5 (causas simplificado): 2.9s
[ACTUALIZAR PAGOS · AUTO] ================================================================================
[ACTUALIZAR PAGOS · AUTO] PASO 3: LLENANDO CAUSA_NUMERO (según fecha de cambio de sistema, cruzando por acta + año)
[ACTUALIZAR PAGOS · AUTO] ================================================================================
[ACTUALIZAR PAGOS · AUTO] 📊 ESTADÍSTICAS DE LLENADO DE CAUSAS:
[ACTUALIZAR PAGOS · AUTO]   • Pagos con causa ORIGINAL: 1
[ACTUALIZAR PAGOS · AUTO]   • Causas encontradas en SIGEMI (actas viejas): 2
[ACTUALIZAR PAGOS · AUTO]   • Causas NO encontradas en SIGEMI: 0
[ACTUALIZAR PAGOS · AUTO]   • Causas asignadas automáticamente (actas nuevas): 0
[ACTUALIZAR PAGOS · AUTO] ⏱ PASO 3 (llenar causas): 0.0s
[ACTUALIZAR PAGOS · AUTO] ================================================================================
[ACTUALIZAR PAGOS · AUTO] PASO 4: ORDENANDO POR FECHA Y ACTA_NUMERO
[ACTUALIZAR PAGOS · AUTO] ================================================================================
[ACTUALIZAR PAGOS · AUTO] ✓ Pagos ordenados correctamente
[ACTUALIZAR PAGOS · AUTO]   • Primera entrada: Acta=203586, Fecha=11/09/2025
[ACTUALIZAR PAGOS · AUTO]   • Última entrada: Acta=269114, Fecha=20/02/2026
[ACTUALIZAR PAGOS · AUTO] 📝 Escribiendo archivo de salida...
[ACTUALIZAR PAGOS · AUTO]   ✅ Archivo escrito: backend/descargas/pagos/2026-07-23/PAGOS 20260723 193520.txt
[ACTUALIZAR PAGOS · AUTO]   ✅ Total registros: 475
[ACTUALIZAR PAGOS · AUTO] ⏱ PASO 4 (ordenar y escribir): 0.0s
[ACTUALIZAR PAGOS · AUTO] ================================================================================
[ACTUALIZAR PAGOS · AUTO] ✅ PROCESO COMPLETADO EXITOSAMENTE
[ACTUALIZAR PAGOS · AUTO] ================================================================================
[ACTUALIZAR PAGOS · AUTO] 📊 RESUMEN FINAL DEL PROCESAMIENTO:
[ACTUALIZAR PAGOS · AUTO]   ENTRADA:
[ACTUALIZAR PAGOS · AUTO]     • Pagos originales: 16813
[ACTUALIZAR PAGOS · AUTO]     • Multas SIGEMI cargadas: 103596
[ACTUALIZAR PAGOS · AUTO]     • Multas Juzgado cargadas: 40159
[ACTUALIZAR PAGOS · AUTO]     • Causas simplificadas (usadas para el cruce): 103266
[ACTUALIZAR PAGOS · AUTO]   PROCESO:
[ACTUALIZAR PAGOS · AUTO]     • Pagos rechazados sigemi: 13972
[ACTUALIZAR PAGOS · AUTO]     • Pagos rechazados juzgado: 2838
[ACTUALIZAR PAGOS · AUTO]   SALIDA:
[ACTUALIZAR PAGOS · AUTO]     • Pagos desactualizados procesados: 3
[ACTUALIZAR PAGOS · AUTO]     • Archivo final: backend/descargas/pagos/2026-07-23/PAGOS 20260723 193520.txt
[ACTUALIZAR PAGOS · AUTO]     • Ordenados por fecha: SÍ ✓
[ACTUALIZAR PAGOS · AUTO]     • Todos con ACTA_NUMERO: SÍ ✓
[ACTUALIZAR PAGOS · AUTO]     • Todos con CAUSA_NUMERO: SÍ ✓
[ACTUALIZAR PAGOS · AUTO] ✅ TXT de pagos (ya cruzado con actas y causas) generado en: backend/descargas/pagos/2026-07-23/PAGOS 20260723 193520.txt
[ACTUALIZAR PAGOS · AUTO] 🧹 TXT de pagos crudo eliminado (ya usado en el cruce): backend/descargas/pagos/2026-07-23/PAGOS DESCARGADOS.txt
[ACTUALIZAR PAGOS · AUTO] 🧹 Excel MULTAS_SIGEMI_CRUCE eliminado (ya usado en el cruce): backend/descargas/cache_actas_cruce/MULTAS_SIGEMI_CRUCE.xlsx
[ACTUALIZAR PAGOS · AUTO] 🧹 Excel MULTAS_JUZGADO_CRUCE eliminado (ya usado en el cruce): backend/descargas/cache_actas_cruce/MULTAS_JUZGADO_CRUCE.xlsx
[ACTUALIZAR PAGOS · AUTO] ✅ CompararActasPaso finalizado. (⏱ 52.7s)
[ACTUALIZAR PAGOS · AUTO] ✓ [CompararActasPaso] Completado.
[ACTUALIZAR PAGOS · AUTO] ▶ [CargarPagosPaso] Iniciando...
[ACTUALIZAR PAGOS · AUTO] ==================================================
[ACTUALIZAR PAGOS · AUTO] 🚀 PASO: CargarPagosPaso
[ACTUALIZAR PAGOS · AUTO] ==================================================
[ACTUALIZAR PAGOS · AUTO] 📤 Subiendo TXT de pagos al SEMyT...
[ACTUALIZAR PAGOS · AUTO] ✅ Importación de pagos completada con éxito.
[ACTUALIZAR PAGOS · AUTO] ✅ Archivo TXT de pagos cargado en el SEMyT correctamente.
[ACTUALIZAR PAGOS · AUTO] ✅ CargarPagosPaso finalizado. (⏱ 3.6s)
[ACTUALIZAR PAGOS · AUTO] ✓ [CargarPagosPaso] Completado.
[ACTUALIZAR PAGOS · AUTO] === Ejecución finalizada con éxito ===
🤖 [Automático] Es hora de actualizar pagos. Arrancando...
[ACTUALIZAR PAGOS · AUTO] === Inicio de ejecución: pagos ===
[ACTUALIZAR PAGOS · AUTO] ▶ [LoginSemytPaso] Iniciando...
[ACTUALIZAR PAGOS · AUTO] ==================================================
[ACTUALIZAR PAGOS · AUTO] 🚀 PASO: LoginSemytPaso
[ACTUALIZAR PAGOS · AUTO] ==================================================
[ACTUALIZAR PAGOS · AUTO] Abriendo SEMyT...
[ACTUALIZAR PAGOS · AUTO] ✅ [SEMyT] Sesión existente detectada. Login omitido.
[ACTUALIZAR PAGOS · AUTO] ✅ LoginSemytPaso finalizado. (⏱ 4.8s)
[ACTUALIZAR PAGOS · AUTO] ✓ [LoginSemytPaso] Completado.
[ACTUALIZAR PAGOS · AUTO] ▶ [LoginJuzgadoPaso] Iniciando...
[ACTUALIZAR PAGOS · AUTO] ==================================================
[ACTUALIZAR PAGOS · AUTO] 🚀 PASO: LoginJuzgadoPaso
[ACTUALIZAR PAGOS · AUTO] ==================================================
[ACTUALIZAR PAGOS · AUTO] Abriendo sitio municipalidad (CiDi)...
[ACTUALIZAR PAGOS · AUTO] ✅ [Juzgado] Sesión existente detectada. Login omitido.
[ACTUALIZAR PAGOS · AUTO] ✅ LoginJuzgadoPaso finalizado. (⏱ 1.5s)
[ACTUALIZAR PAGOS · AUTO] ✓ [LoginJuzgadoPaso] Completado.
[ACTUALIZAR PAGOS · AUTO] ▶ [DescargasParalelasPaso] Iniciando...
[ACTUALIZAR PAGOS · AUTO] ==================================================
[ACTUALIZAR PAGOS · AUTO] 🚀 PASO: DescargasParalelasPaso
[ACTUALIZAR PAGOS · AUTO] ==================================================
[ACTUALIZAR PAGOS · AUTO] 📤 Arrancando las 3 descargas en paralelo (mismo browser, páginas separadas)...
[ACTUALIZAR PAGOS · AUTO] Fecha Desde: 27/06/2024
[ACTUALIZAR PAGOS · AUTO] Fecha Hasta: 24/11/2025
[ACTUALIZAR PAGOS · AUTO] Fecha Desde: 25/11/2025
[ACTUALIZAR PAGOS · AUTO] Fecha Hasta: 23/07/2026
[ACTUALIZAR PAGOS · AUTO] Descargando Excel...
[ACTUALIZAR PAGOS · AUTO] Descargando Excel...
⏳ [Automático] Tocaba disparar 'pagos' pero ya hay una ejecución en curso (Actualizar pagos); esperando a que termine; se reintenta en breve sin perder el turno.
[ACTUALIZAR PAGOS · AUTO] Archivo descargado en: backend/descargas/cache_actas_cruce/MULTAS_JUZGADO_CRUCE.xlsx
[ACTUALIZAR PAGOS · AUTO] ⏱ [actas_juzgado] completado en 19.7s
[ACTUALIZAR PAGOS · AUTO] Archivo descargado en: backend/descargas/cache_actas_cruce/MULTAS_SIGEMI_CRUCE.xlsx
[ACTUALIZAR PAGOS · AUTO] ⏱ [actas_sigemi] completado en 42.5s
[ACTUALIZAR PAGOS · AUTO] ✅ TXT de pagos descargado en: backend/descargas/pagos/2026-07-23/PAGOS DESCARGADOS.txt
[ACTUALIZAR PAGOS · AUTO] ⏱ [pagos_txt] completado en 42.6s
[ACTUALIZAR PAGOS · AUTO] ⏱ TOTAL descargas en paralelo: 42.6s
[ACTUALIZAR PAGOS · AUTO] ✅ DescargasParalelasPaso finalizado. (⏱ 44.0s)
[ACTUALIZAR PAGOS · AUTO] ✓ [DescargasParalelasPaso] Completado.
[ACTUALIZAR PAGOS · AUTO] ▶ [CompararActasPaso] Iniciando...
[ACTUALIZAR PAGOS · AUTO] ==================================================
[ACTUALIZAR PAGOS · AUTO] 🚀 PASO: CompararActasPaso
[ACTUALIZAR PAGOS · AUTO] ==================================================
[ACTUALIZAR PAGOS · AUTO] 🔍 Comparando actas del SEMyT contra pagos del Juzgado...
[ACTUALIZAR PAGOS · AUTO] ================================================================================
[ACTUALIZAR PAGOS · AUTO] INICIANDO PROCESO DE GENERACIÓN DE PAGOS DESACTUALIZADOS
[ACTUALIZAR PAGOS · AUTO] ================================================================================
[ACTUALIZAR PAGOS · AUTO] 📂 Cargando archivos...
[ACTUALIZAR PAGOS · AUTO]   ✓ Pagos: 16815 registros
[ACTUALIZAR PAGOS · AUTO]   ✓ Excel SIGEMI (multas vencidas viejas): 103594 registros
[ACTUALIZAR PAGOS · AUTO]   ✓ Excel Juzgado (multas vencidas nuevas): 40158 registros
[ACTUALIZAR PAGOS · AUTO] ================================================================================
[ACTUALIZAR PAGOS · AUTO] PASO 1: LLENANDO ACTA_NUMERO (búsqueda por patente + fecha, con desempate por hora)
[ACTUALIZAR PAGOS · AUTO] ================================================================================
[ACTUALIZAR PAGOS · AUTO] 📊 ESTADÍSTICAS DE LLENADO DE ACTAS:
[ACTUALIZAR PAGOS · AUTO]   • Pagos con acta ORIGINAL: 2839
[ACTUALIZAR PAGOS · AUTO]   • Pagos SIN acta (buscados): 13976
[ACTUALIZAR PAGOS · AUTO]   • Pagos LLENADOS exitosamente: 2
[ACTUALIZAR PAGOS · AUTO]   • Pagos NO encontrados en multas: 13974
[ACTUALIZAR PAGOS · AUTO]   • Pagos SIN RESOLVER por desbalance de cantidades: 0
[ACTUALIZAR PAGOS · AUTO] ================================================================================
[ACTUALIZAR PAGOS · AUTO] PASO 1: LLENANDO ACTA_NUMERO (búsqueda por patente + fecha, con desempate por hora)
[ACTUALIZAR PAGOS · AUTO] ================================================================================
[ACTUALIZAR PAGOS · AUTO] 📊 ESTADÍSTICAS DE LLENADO DE ACTAS:
[ACTUALIZAR PAGOS · AUTO]   • Pagos con acta ORIGINAL: 2841
[ACTUALIZAR PAGOS · AUTO]   • Pagos SIN acta (buscados): 13974
[ACTUALIZAR PAGOS · AUTO]   • Pagos LLENADOS exitosamente: 0
[ACTUALIZAR PAGOS · AUTO]   • Pagos NO encontrados en multas: 13974
[ACTUALIZAR PAGOS · AUTO]   • Pagos SIN RESOLVER por desbalance de cantidades: 0
[ACTUALIZAR PAGOS · AUTO] ⏱ PASO 1 (llenar actas): 19.8s
[ACTUALIZAR PAGOS · AUTO] ================================================================================
[ACTUALIZAR PAGOS · AUTO] PASO 2: FILTRANDO PAGOS CON ACTA_NUMERO COMPLETO
[ACTUALIZAR PAGOS · AUTO] ================================================================================
[ACTUALIZAR PAGOS · AUTO] 📊 ESTADÍSTICAS DE FILTRADO:
[ACTUALIZAR PAGOS · AUTO]   • Pagos TOTALES al inicio: 16815
[ACTUALIZAR PAGOS · AUTO]   • Pagos CON acta (MANTIENEN): 2841
[ACTUALIZAR PAGOS · AUTO]   • Pagos RECHAZADOS (sin coincidencias): 13974
[ACTUALIZAR PAGOS · AUTO] ⚠️  Se eliminaron 13974 registros sin número de acta
[ACTUALIZAR PAGOS · AUTO]      (recordá: esto incluye tanto pagos ya actualizados/pagados
[ACTUALIZAR PAGOS · AUTO]       como pagos que quedaron sin resolver por desbalance en el Paso 1)
[ACTUALIZAR PAGOS · AUTO] ================================================================================
[ACTUALIZAR PAGOS · AUTO] PASO 2-bis: CONFIRMANDO VIGENCIA DE PAGOS DEL SISTEMA NUEVO (contra MULTAS_JUZGADO_CRUCE)
[ACTUALIZAR PAGOS · AUTO] ================================================================================
[ACTUALIZAR PAGOS · AUTO]   ⚠ 2839 pago(s) del sistema nuevo descartados: su acta ya no figura como vencida en MULTAS_JUZGADO_CRUCE (SEMyT ya los actualizó).
[ACTUALIZAR PAGOS · AUTO]   • Pagos del sistema nuevo descartados por ya estar actualizados: 2839
[ACTUALIZAR PAGOS · AUTO] ⏱ PASO 2 (filtrar): 1.4s
[ACTUALIZAR PAGOS · AUTO] 📂 Cargando maestro de causas SIGEMI...
[ACTUALIZAR PAGOS · AUTO]   ✓ Causas totales (maestro): 134069 registros
[ACTUALIZAR PAGOS · AUTO] ⏱ PASO 2.5 (causas simplificado): 0.2s
[ACTUALIZAR PAGOS · AUTO] ================================================================================
[ACTUALIZAR PAGOS · AUTO] PASO 2.5: ARMANDO causas.txt SIMPLIFICADO (cruce contra total_causas_sigemi.txt)
[ACTUALIZAR PAGOS · AUTO] ================================================================================
[ACTUALIZAR PAGOS · AUTO]   • Actas vencidas viejas (multas): 103594
[ACTUALIZAR PAGOS · AUTO]   • Causas totales en el maestro SIGEMI: 134069
[ACTUALIZAR PAGOS · AUTO]   • Causas que coinciden (simplificado): 103264
[ACTUALIZAR PAGOS · AUTO]   ✅ Archivo escrito: backend/descargas/causas/causas.txt
[ACTUALIZAR PAGOS · AUTO] ⏱ PASO 2.5 (causas simplificado): 2.9s
[ACTUALIZAR PAGOS · AUTO] ================================================================================
[ACTUALIZAR PAGOS · AUTO] PASO 3: LLENANDO CAUSA_NUMERO (según fecha de cambio de sistema, cruzando por acta + año)
[ACTUALIZAR PAGOS · AUTO] ================================================================================
[ACTUALIZAR PAGOS · AUTO] 📊 ESTADÍSTICAS DE LLENADO DE CAUSAS:
[ACTUALIZAR PAGOS · AUTO]   • Pagos con causa ORIGINAL: 0
[ACTUALIZAR PAGOS · AUTO]   • Causas encontradas en SIGEMI (actas viejas): 2
[ACTUALIZAR PAGOS · AUTO]   • Causas NO encontradas en SIGEMI: 0
[ACTUALIZAR PAGOS · AUTO]   • Causas asignadas automáticamente (actas nuevas): 0
[ACTUALIZAR PAGOS · AUTO] ⏱ PASO 3 (llenar causas): 0.0s
[ACTUALIZAR PAGOS · AUTO] ================================================================================
[ACTUALIZAR PAGOS · AUTO] PASO 4: ORDENANDO POR FECHA Y ACTA_NUMERO
[ACTUALIZAR PAGOS · AUTO] ================================================================================
[ACTUALIZAR PAGOS · AUTO] ✓ Pagos ordenados correctamente
[ACTUALIZAR PAGOS · AUTO]   • Primera entrada: Acta=76559, Fecha=14/11/2024
[ACTUALIZAR PAGOS · AUTO]   • Última entrada: Acta=230670, Fecha=06/11/2025
[ACTUALIZAR PAGOS · AUTO] 📝 Escribiendo archivo de salida...
[ACTUALIZAR PAGOS · AUTO]   ✅ Archivo escrito: backend/descargas/pagos/2026-07-23/PAGOS 20260723 194714.txt
[ACTUALIZAR PAGOS · AUTO]   ✅ Total registros: 368
[ACTUALIZAR PAGOS · AUTO] ⏱ PASO 4 (ordenar y escribir): 0.0s
[ACTUALIZAR PAGOS · AUTO] ================================================================================
[ACTUALIZAR PAGOS · AUTO] ✅ PROCESO COMPLETADO EXITOSAMENTE
[ACTUALIZAR PAGOS · AUTO] ================================================================================
[ACTUALIZAR PAGOS · AUTO] 📊 RESUMEN FINAL DEL PROCESAMIENTO:
[ACTUALIZAR PAGOS · AUTO]   ENTRADA:
[ACTUALIZAR PAGOS · AUTO]     • Pagos originales: 16815
[ACTUALIZAR PAGOS · AUTO]     • Multas SIGEMI cargadas: 103594
[ACTUALIZAR PAGOS · AUTO]     • Multas Juzgado cargadas: 40158
[ACTUALIZAR PAGOS · AUTO]     • Causas simplificadas (usadas para el cruce): 103264
[ACTUALIZAR PAGOS · AUTO]   PROCESO:
[ACTUALIZAR PAGOS · AUTO]     • Pagos rechazados sigemi: 13974
[ACTUALIZAR PAGOS · AUTO]     • Pagos rechazados juzgado: 2839
[ACTUALIZAR PAGOS · AUTO]   SALIDA:
[ACTUALIZAR PAGOS · AUTO]     • Pagos desactualizados procesados: 2
[ACTUALIZAR PAGOS · AUTO]     • Archivo final: backend/descargas/pagos/2026-07-23/PAGOS 20260723 194714.txt
[ACTUALIZAR PAGOS · AUTO]     • Ordenados por fecha: SÍ ✓
[ACTUALIZAR PAGOS · AUTO]     • Todos con ACTA_NUMERO: SÍ ✓
[ACTUALIZAR PAGOS · AUTO]     • Todos con CAUSA_NUMERO: SÍ ✓
[ACTUALIZAR PAGOS · AUTO] ✅ TXT de pagos (ya cruzado con actas y causas) generado en: backend/descargas/pagos/2026-07-23/PAGOS 20260723 194714.txt
[ACTUALIZAR PAGOS · AUTO] 🧹 TXT de pagos crudo eliminado (ya usado en el cruce): backend/descargas/pagos/2026-07-23/PAGOS DESCARGADOS.txt
[ACTUALIZAR PAGOS · AUTO] 🧹 Excel MULTAS_SIGEMI_CRUCE eliminado (ya usado en el cruce): backend/descargas/cache_actas_cruce/MULTAS_SIGEMI_CRUCE.xlsx
[ACTUALIZAR PAGOS · AUTO] 🧹 Excel MULTAS_JUZGADO_CRUCE eliminado (ya usado en el cruce): backend/descargas/cache_actas_cruce/MULTAS_JUZGADO_CRUCE.xlsx
[ACTUALIZAR PAGOS · AUTO] ✅ CompararActasPaso finalizado. (⏱ 54.7s)
[ACTUALIZAR PAGOS · AUTO] ✓ [CompararActasPaso] Completado.
[ACTUALIZAR PAGOS · AUTO] ▶ [CargarPagosPaso] Iniciando...
[ACTUALIZAR PAGOS · AUTO] ==================================================
[ACTUALIZAR PAGOS · AUTO] 🚀 PASO: CargarPagosPaso
[ACTUALIZAR PAGOS · AUTO] ==================================================
[ACTUALIZAR PAGOS · AUTO] 📤 Subiendo TXT de pagos al SEMyT...
[ACTUALIZAR PAGOS · AUTO] ✅ Importación de pagos completada con éxito.
[ACTUALIZAR PAGOS · AUTO] ✅ Archivo TXT de pagos cargado en el SEMyT correctamente.
[ACTUALIZAR PAGOS · AUTO] ✅ CargarPagosPaso finalizado. (⏱ 4.1s)
[ACTUALIZAR PAGOS · AUTO] ✓ [CargarPagosPaso] Completado.
[ACTUALIZAR PAGOS · AUTO] === Ejecución finalizada con éxito ===
🤖 [Automático] Es hora de actualizar pagos. Arrancando...
[ACTUALIZAR PAGOS · AUTO] === Inicio de ejecución: pagos ===
[ACTUALIZAR PAGOS · AUTO] ▶ [LoginSemytPaso] Iniciando...
[ACTUALIZAR PAGOS · AUTO] ==================================================
[ACTUALIZAR PAGOS · AUTO] 🚀 PASO: LoginSemytPaso
[ACTUALIZAR PAGOS · AUTO] ==================================================
[ACTUALIZAR PAGOS · AUTO] Abriendo SEMyT...
[ACTUALIZAR PAGOS · AUTO] ✅ [SEMyT] Sesión existente detectada. Login omitido.
[ACTUALIZAR PAGOS · AUTO] ✅ LoginSemytPaso finalizado. (⏱ 4.5s)
[ACTUALIZAR PAGOS · AUTO] ✓ [LoginSemytPaso] Completado.
[ACTUALIZAR PAGOS · AUTO] ▶ [LoginJuzgadoPaso] Iniciando...
[ACTUALIZAR PAGOS · AUTO] ==================================================
[ACTUALIZAR PAGOS · AUTO] 🚀 PASO: LoginJuzgadoPaso
[ACTUALIZAR PAGOS · AUTO] ==================================================
[ACTUALIZAR PAGOS · AUTO] Abriendo sitio municipalidad (CiDi)...
[ACTUALIZAR PAGOS · AUTO] ✅ [Juzgado] Sesión existente detectada. Login omitido.
[ACTUALIZAR PAGOS · AUTO] ✅ LoginJuzgadoPaso finalizado. (⏱ 1.6s)
[ACTUALIZAR PAGOS · AUTO] ✓ [LoginJuzgadoPaso] Completado.
[ACTUALIZAR PAGOS · AUTO] ▶ [DescargasParalelasPaso] Iniciando...
[ACTUALIZAR PAGOS · AUTO] ==================================================
[ACTUALIZAR PAGOS · AUTO] 🚀 PASO: DescargasParalelasPaso
[ACTUALIZAR PAGOS · AUTO] ==================================================
[ACTUALIZAR PAGOS · AUTO] 📤 Arrancando las 3 descargas en paralelo (mismo browser, páginas separadas)...
[ACTUALIZAR PAGOS · AUTO] Fecha Desde: 27/06/2024
[ACTUALIZAR PAGOS · AUTO] Fecha Hasta: 24/11/2025
[ACTUALIZAR PAGOS · AUTO] Fecha Desde: 25/11/2025
[ACTUALIZAR PAGOS · AUTO] Fecha Hasta: 23/07/2026
[ACTUALIZAR PAGOS · AUTO] Descargando Excel...
[ACTUALIZAR PAGOS · AUTO] Descargando Excel...
⏳ [Automático] Tocaba disparar 'pagos' pero ya hay una ejecución en curso (Actualizar pagos); esperando a que termine; se reintenta en breve sin perder el turno.
[ACTUALIZAR PAGOS · AUTO] Archivo descargado en: backend/descargas/cache_actas_cruce/MULTAS_JUZGADO_CRUCE.xlsx
[ACTUALIZAR PAGOS · AUTO] ⏱ [actas_juzgado] completado en 19.2s
[ACTUALIZAR PAGOS · AUTO] Archivo descargado en: backend/descargas/cache_actas_cruce/MULTAS_SIGEMI_CRUCE.xlsx
[ACTUALIZAR PAGOS · AUTO] ⏱ [actas_sigemi] completado en 42.0s
[ACTUALIZAR PAGOS · AUTO] ✅ TXT de pagos descargado en: backend/descargas/pagos/2026-07-23/PAGOS DESCARGADOS.txt
[ACTUALIZAR PAGOS · AUTO] ⏱ [pagos_txt] completado en 42.1s
[ACTUALIZAR PAGOS · AUTO] ⏱ TOTAL descargas en paralelo: 42.1s
[ACTUALIZAR PAGOS · AUTO] ✅ DescargasParalelasPaso finalizado. (⏱ 43.6s)
[ACTUALIZAR PAGOS · AUTO] ✓ [DescargasParalelasPaso] Completado.
[ACTUALIZAR PAGOS · AUTO] ▶ [CompararActasPaso] Iniciando...
[ACTUALIZAR PAGOS · AUTO] ==================================================
[ACTUALIZAR PAGOS · AUTO] 🚀 PASO: CompararActasPaso
[ACTUALIZAR PAGOS · AUTO] ==================================================
[ACTUALIZAR PAGOS · AUTO] 🔍 Comparando actas del SEMyT contra pagos del Juzgado...
[ACTUALIZAR PAGOS · AUTO] ================================================================================
[ACTUALIZAR PAGOS · AUTO] INICIANDO PROCESO DE GENERACIÓN DE PAGOS DESACTUALIZADOS
[ACTUALIZAR PAGOS · AUTO] ================================================================================
[ACTUALIZAR PAGOS · AUTO] 📂 Cargando archivos...
[ACTUALIZAR PAGOS · AUTO]   ✓ Pagos: 16819 registros
[ACTUALIZAR PAGOS · AUTO]   ✓ Excel SIGEMI (multas vencidas viejas): 103592 registros
[ACTUALIZAR PAGOS · AUTO]   ✓ Excel Juzgado (multas vencidas nuevas): 40158 registros
[ACTUALIZAR PAGOS · AUTO] ================================================================================
[ACTUALIZAR PAGOS · AUTO] PASO 1: LLENANDO ACTA_NUMERO (búsqueda por patente + fecha, con desempate por hora)
[ACTUALIZAR PAGOS · AUTO] ================================================================================
[ACTUALIZAR PAGOS · AUTO] 📊 ESTADÍSTICAS DE LLENADO DE ACTAS:
[ACTUALIZAR PAGOS · AUTO]   • Pagos con acta ORIGINAL: 2840
[ACTUALIZAR PAGOS · AUTO]   • Pagos SIN acta (buscados): 13979
[ACTUALIZAR PAGOS · AUTO]   • Pagos LLENADOS exitosamente: 3
[ACTUALIZAR PAGOS · AUTO]   • Pagos NO encontrados en multas: 13976
[ACTUALIZAR PAGOS · AUTO]   • Pagos SIN RESOLVER por desbalance de cantidades: 0
[ACTUALIZAR PAGOS · AUTO] ================================================================================
[ACTUALIZAR PAGOS · AUTO] PASO 1: LLENANDO ACTA_NUMERO (búsqueda por patente + fecha, con desempate por hora)
[ACTUALIZAR PAGOS · AUTO] ================================================================================
[ACTUALIZAR PAGOS · AUTO] 📊 ESTADÍSTICAS DE LLENADO DE ACTAS:
[ACTUALIZAR PAGOS · AUTO]   • Pagos con acta ORIGINAL: 2843
[ACTUALIZAR PAGOS · AUTO]   • Pagos SIN acta (buscados): 13976
[ACTUALIZAR PAGOS · AUTO]   • Pagos LLENADOS exitosamente: 0
[ACTUALIZAR PAGOS · AUTO]   • Pagos NO encontrados en multas: 13976
[ACTUALIZAR PAGOS · AUTO]   • Pagos SIN RESOLVER por desbalance de cantidades: 0
[ACTUALIZAR PAGOS · AUTO] ⏱ PASO 1 (llenar actas): 19.8s
[ACTUALIZAR PAGOS · AUTO] ================================================================================
[ACTUALIZAR PAGOS · AUTO] PASO 2: FILTRANDO PAGOS CON ACTA_NUMERO COMPLETO
[ACTUALIZAR PAGOS · AUTO] ================================================================================
[ACTUALIZAR PAGOS · AUTO] 📊 ESTADÍSTICAS DE FILTRADO:
[ACTUALIZAR PAGOS · AUTO]   • Pagos TOTALES al inicio: 16819
[ACTUALIZAR PAGOS · AUTO]   • Pagos CON acta (MANTIENEN): 2843
[ACTUALIZAR PAGOS · AUTO]   • Pagos RECHAZADOS (sin coincidencias): 13976
[ACTUALIZAR PAGOS · AUTO] ⚠️  Se eliminaron 13976 registros sin número de acta
[ACTUALIZAR PAGOS · AUTO]      (recordá: esto incluye tanto pagos ya actualizados/pagados
[ACTUALIZAR PAGOS · AUTO]       como pagos que quedaron sin resolver por desbalance en el Paso 1)
[ACTUALIZAR PAGOS · AUTO] ================================================================================
[ACTUALIZAR PAGOS · AUTO] PASO 2-bis: CONFIRMANDO VIGENCIA DE PAGOS DEL SISTEMA NUEVO (contra MULTAS_JUZGADO_CRUCE)
[ACTUALIZAR PAGOS · AUTO] ================================================================================
[ACTUALIZAR PAGOS · AUTO]   ⚠ 2839 pago(s) del sistema nuevo descartados: su acta ya no figura como vencida en MULTAS_JUZGADO_CRUCE (SEMyT ya los actualizó).
[ACTUALIZAR PAGOS · AUTO]   • Pagos del sistema nuevo descartados por ya estar actualizados: 2839
[ACTUALIZAR PAGOS · AUTO] ⏱ PASO 2 (filtrar): 1.3s
[ACTUALIZAR PAGOS · AUTO] 📂 Cargando maestro de causas SIGEMI...
[ACTUALIZAR PAGOS · AUTO]   ✓ Causas totales (maestro): 134069 registros
[ACTUALIZAR PAGOS · AUTO] ⏱ PASO 2.5 (causas simplificado): 0.2s
[ACTUALIZAR PAGOS · AUTO] ================================================================================
[ACTUALIZAR PAGOS · AUTO] PASO 2.5: ARMANDO causas.txt SIMPLIFICADO (cruce contra total_causas_sigemi.txt)
[ACTUALIZAR PAGOS · AUTO] ================================================================================
[ACTUALIZAR PAGOS · AUTO]   • Actas vencidas viejas (multas): 103592
[ACTUALIZAR PAGOS · AUTO]   • Causas totales en el maestro SIGEMI: 134069
[ACTUALIZAR PAGOS · AUTO]   • Causas que coinciden (simplificado): 103262
[ACTUALIZAR PAGOS · AUTO]   ✅ Archivo escrito: backend/descargas/causas/causas.txt
[ACTUALIZAR PAGOS · AUTO] ⏱ PASO 2.5 (causas simplificado): 2.8s
[ACTUALIZAR PAGOS · AUTO] ================================================================================
[ACTUALIZAR PAGOS · AUTO] PASO 3: LLENANDO CAUSA_NUMERO (según fecha de cambio de sistema, cruzando por acta + año)
[ACTUALIZAR PAGOS · AUTO] ================================================================================
[ACTUALIZAR PAGOS · AUTO] 📊 ESTADÍSTICAS DE LLENADO DE CAUSAS:
[ACTUALIZAR PAGOS · AUTO]   • Pagos con causa ORIGINAL: 1
[ACTUALIZAR PAGOS · AUTO]   • Causas encontradas en SIGEMI (actas viejas): 3
[ACTUALIZAR PAGOS · AUTO]   • Causas NO encontradas en SIGEMI: 0
[ACTUALIZAR PAGOS · AUTO]   • Causas asignadas automáticamente (actas nuevas): 0
[ACTUALIZAR PAGOS · AUTO] ⏱ PASO 3 (llenar causas): 0.0s
[ACTUALIZAR PAGOS · AUTO] ================================================================================
[ACTUALIZAR PAGOS · AUTO] PASO 4: ORDENANDO POR FECHA Y ACTA_NUMERO
[ACTUALIZAR PAGOS · AUTO] ================================================================================
[ACTUALIZAR PAGOS · AUTO] ✓ Pagos ordenados correctamente
[ACTUALIZAR PAGOS · AUTO]   • Primera entrada: Acta=200712, Fecha=05/09/2025
[ACTUALIZAR PAGOS · AUTO]   • Última entrada: Acta=273370, Fecha=02/03/2026
[ACTUALIZAR PAGOS · AUTO] 📝 Escribiendo archivo de salida...
[ACTUALIZAR PAGOS · AUTO]   ✅ Archivo escrito: backend/descargas/pagos/2026-07-23/PAGOS 20260723 195907.txt
[ACTUALIZAR PAGOS · AUTO]   ✅ Total registros: 585
[ACTUALIZAR PAGOS · AUTO] ⏱ PASO 4 (ordenar y escribir): 0.0s
[ACTUALIZAR PAGOS · AUTO] ================================================================================
[ACTUALIZAR PAGOS · AUTO] ✅ PROCESO COMPLETADO EXITOSAMENTE
[ACTUALIZAR PAGOS · AUTO] ================================================================================
[ACTUALIZAR PAGOS · AUTO] 📊 RESUMEN FINAL DEL PROCESAMIENTO:
[ACTUALIZAR PAGOS · AUTO]   ENTRADA:
[ACTUALIZAR PAGOS · AUTO]     • Pagos originales: 16819
[ACTUALIZAR PAGOS · AUTO]     • Multas SIGEMI cargadas: 103592
[ACTUALIZAR PAGOS · AUTO]     • Multas Juzgado cargadas: 40158
[ACTUALIZAR PAGOS · AUTO]     • Causas simplificadas (usadas para el cruce): 103262
[ACTUALIZAR PAGOS · AUTO]   PROCESO:
[ACTUALIZAR PAGOS · AUTO]     • Pagos rechazados sigemi: 13976
[ACTUALIZAR PAGOS · AUTO]     • Pagos rechazados juzgado: 2839
[ACTUALIZAR PAGOS · AUTO]   SALIDA:
[ACTUALIZAR PAGOS · AUTO]     • Pagos desactualizados procesados: 4
[ACTUALIZAR PAGOS · AUTO]     • Archivo final: backend/descargas/pagos/2026-07-23/PAGOS 20260723 195907.txt
[ACTUALIZAR PAGOS · AUTO]     • Ordenados por fecha: SÍ ✓
[ACTUALIZAR PAGOS · AUTO]     • Todos con ACTA_NUMERO: SÍ ✓
[ACTUALIZAR PAGOS · AUTO]     • Todos con CAUSA_NUMERO: SÍ ✓
[ACTUALIZAR PAGOS · AUTO] ✅ TXT de pagos (ya cruzado con actas y causas) generado en: backend/descargas/pagos/2026-07-23/PAGOS 20260723 195907.txt
[ACTUALIZAR PAGOS · AUTO] 🧹 TXT de pagos crudo eliminado (ya usado en el cruce): backend/descargas/pagos/2026-07-23/PAGOS DESCARGADOS.txt
[ACTUALIZAR PAGOS · AUTO] 🧹 Excel MULTAS_SIGEMI_CRUCE eliminado (ya usado en el cruce): backend/descargas/cache_actas_cruce/MULTAS_SIGEMI_CRUCE.xlsx
[ACTUALIZAR PAGOS · AUTO] 🧹 Excel MULTAS_JUZGADO_CRUCE eliminado (ya usado en el cruce): backend/descargas/cache_actas_cruce/MULTAS_JUZGADO_CRUCE.xlsx
[ACTUALIZAR PAGOS · AUTO] ✅ CompararActasPaso finalizado. (⏱ 53.1s)
[ACTUALIZAR PAGOS · AUTO] ✓ [CompararActasPaso] Completado.
[ACTUALIZAR PAGOS · AUTO] ▶ [CargarPagosPaso] Iniciando...
[ACTUALIZAR PAGOS · AUTO] ==================================================
[ACTUALIZAR PAGOS · AUTO] 🚀 PASO: CargarPagosPaso
[ACTUALIZAR PAGOS · AUTO] ==================================================
[ACTUALIZAR PAGOS · AUTO] 📤 Subiendo TXT de pagos al SEMyT...
[ACTUALIZAR PAGOS · AUTO] ✅ Importación de pagos completada con éxito.
[ACTUALIZAR PAGOS · AUTO] ✅ Archivo TXT de pagos cargado en el SEMyT correctamente.
[ACTUALIZAR PAGOS · AUTO] ✅ CargarPagosPaso finalizado. (⏱ 3.5s)
[ACTUALIZAR PAGOS · AUTO] ✓ [CargarPagosPaso] Completado.
[ACTUALIZAR PAGOS · AUTO] === Ejecución finalizada con éxito ===
🤖 [Automático] Es hora de actualizar pagos. Arrancando...
[ACTUALIZAR PAGOS · AUTO] === Inicio de ejecución: pagos ===
[ACTUALIZAR PAGOS · AUTO] ▶ [LoginSemytPaso] Iniciando...
[ACTUALIZAR PAGOS · AUTO] ==================================================
[ACTUALIZAR PAGOS · AUTO] 🚀 PASO: LoginSemytPaso
[ACTUALIZAR PAGOS · AUTO] ==================================================
[ACTUALIZAR PAGOS · AUTO] Abriendo SEMyT...
[ACTUALIZAR PAGOS · AUTO] ✅ [SEMyT] Sesión existente detectada. Login omitido.
[ACTUALIZAR PAGOS · AUTO] ✅ LoginSemytPaso finalizado. (⏱ 4.2s)
[ACTUALIZAR PAGOS · AUTO] ✓ [LoginSemytPaso] Completado.
[ACTUALIZAR PAGOS · AUTO] ▶ [LoginJuzgadoPaso] Iniciando...
[ACTUALIZAR PAGOS · AUTO] ==================================================
[ACTUALIZAR PAGOS · AUTO] 🚀 PASO: LoginJuzgadoPaso
[ACTUALIZAR PAGOS · AUTO] ==================================================
[ACTUALIZAR PAGOS · AUTO] Abriendo sitio municipalidad (CiDi)...
[ACTUALIZAR PAGOS · AUTO] ✅ [Juzgado] Sesión existente detectada. Login omitido.
[ACTUALIZAR PAGOS · AUTO] ✅ LoginJuzgadoPaso finalizado. (⏱ 1.3s)
[ACTUALIZAR PAGOS · AUTO] ✓ [LoginJuzgadoPaso] Completado.
[ACTUALIZAR PAGOS · AUTO] ▶ [DescargasParalelasPaso] Iniciando...
[ACTUALIZAR PAGOS · AUTO] ==================================================
[ACTUALIZAR PAGOS · AUTO] 🚀 PASO: DescargasParalelasPaso
[ACTUALIZAR PAGOS · AUTO] ==================================================
[ACTUALIZAR PAGOS · AUTO] 📤 Arrancando las 3 descargas en paralelo (mismo browser, páginas separadas)...
[ACTUALIZAR PAGOS · AUTO] Fecha Desde: 27/06/2024
[ACTUALIZAR PAGOS · AUTO] Fecha Hasta: 24/11/2025
[ACTUALIZAR PAGOS · AUTO] Fecha Desde: 25/11/2025
[ACTUALIZAR PAGOS · AUTO] Fecha Hasta: 23/07/2026
[ACTUALIZAR PAGOS · AUTO] Descargando Excel...
[ACTUALIZAR PAGOS · AUTO] Descargando Excel...
⏳ [Automático] Tocaba disparar 'pagos' pero ya hay una ejecución en curso (Actualizar pagos); esperando a que termine; se reintenta en breve sin perder el turno.
[ACTUALIZAR PAGOS · AUTO] Archivo descargado en: backend/descargas/cache_actas_cruce/MULTAS_JUZGADO_CRUCE.xlsx
[ACTUALIZAR PAGOS · AUTO] ⏱ [actas_juzgado] completado en 22.5s
[ACTUALIZAR PAGOS · AUTO] Archivo descargado en: backend/descargas/cache_actas_cruce/MULTAS_SIGEMI_CRUCE.xlsx
[ACTUALIZAR PAGOS · AUTO] ⏱ [actas_sigemi] completado en 45.0s
[ACTUALIZAR PAGOS · AUTO] ✅ TXT de pagos descargado en: backend/descargas/pagos/2026-07-23/PAGOS DESCARGADOS.txt
[ACTUALIZAR PAGOS · AUTO] ⏱ [pagos_txt] completado en 45.1s
[ACTUALIZAR PAGOS · AUTO] ⏱ TOTAL descargas en paralelo: 45.1s
[ACTUALIZAR PAGOS · AUTO] ✅ DescargasParalelasPaso finalizado. (⏱ 46.8s)
[ACTUALIZAR PAGOS · AUTO] ✓ [DescargasParalelasPaso] Completado.
[ACTUALIZAR PAGOS · AUTO] ▶ [CompararActasPaso] Iniciando...
[ACTUALIZAR PAGOS · AUTO] ==================================================
[ACTUALIZAR PAGOS · AUTO] 🚀 PASO: CompararActasPaso
[ACTUALIZAR PAGOS · AUTO] ==================================================
[ACTUALIZAR PAGOS · AUTO] 🔍 Comparando actas del SEMyT contra pagos del Juzgado...
[ACTUALIZAR PAGOS · AUTO] ================================================================================
[ACTUALIZAR PAGOS · AUTO] INICIANDO PROCESO DE GENERACIÓN DE PAGOS DESACTUALIZADOS
[ACTUALIZAR PAGOS · AUTO] ================================================================================
[ACTUALIZAR PAGOS · AUTO] 📂 Cargando archivos...
[ACTUALIZAR PAGOS · AUTO]   ✓ Pagos: 16820 registros
[ACTUALIZAR PAGOS · AUTO]   ✓ Excel SIGEMI (multas vencidas viejas): 103589 registros
[ACTUALIZAR PAGOS · AUTO]   ✓ Excel Juzgado (multas vencidas nuevas): 40157 registros
[ACTUALIZAR PAGOS · AUTO] ================================================================================
[ACTUALIZAR PAGOS · AUTO] PASO 1: LLENANDO ACTA_NUMERO (búsqueda por patente + fecha, con desempate por hora)
[ACTUALIZAR PAGOS · AUTO] ================================================================================
[ACTUALIZAR PAGOS · AUTO] 📊 ESTADÍSTICAS DE LLENADO DE ACTAS:
[ACTUALIZAR PAGOS · AUTO]   • Pagos con acta ORIGINAL: 2840
[ACTUALIZAR PAGOS · AUTO]   • Pagos SIN acta (buscados): 13980
[ACTUALIZAR PAGOS · AUTO]   • Pagos LLENADOS exitosamente: 1
[ACTUALIZAR PAGOS · AUTO]   • Pagos NO encontrados en multas: 13979
[ACTUALIZAR PAGOS · AUTO]   • Pagos SIN RESOLVER por desbalance de cantidades: 0
[ACTUALIZAR PAGOS · AUTO] ================================================================================
[ACTUALIZAR PAGOS · AUTO] PASO 1: LLENANDO ACTA_NUMERO (búsqueda por patente + fecha, con desempate por hora)
[ACTUALIZAR PAGOS · AUTO] ================================================================================
[ACTUALIZAR PAGOS · AUTO] 📊 ESTADÍSTICAS DE LLENADO DE ACTAS:
[ACTUALIZAR PAGOS · AUTO]   • Pagos con acta ORIGINAL: 2841
[ACTUALIZAR PAGOS · AUTO]   • Pagos SIN acta (buscados): 13979
[ACTUALIZAR PAGOS · AUTO]   • Pagos LLENADOS exitosamente: 0
[ACTUALIZAR PAGOS · AUTO]   • Pagos NO encontrados en multas: 13979
[ACTUALIZAR PAGOS · AUTO]   • Pagos SIN RESOLVER por desbalance de cantidades: 0
[ACTUALIZAR PAGOS · AUTO] ⏱ PASO 1 (llenar actas): 19.8s
[ACTUALIZAR PAGOS · AUTO] ================================================================================
[ACTUALIZAR PAGOS · AUTO] PASO 2: FILTRANDO PAGOS CON ACTA_NUMERO COMPLETO
[ACTUALIZAR PAGOS · AUTO] ================================================================================
[ACTUALIZAR PAGOS · AUTO] 📊 ESTADÍSTICAS DE FILTRADO:
[ACTUALIZAR PAGOS · AUTO]   • Pagos TOTALES al inicio: 16820
[ACTUALIZAR PAGOS · AUTO]   • Pagos CON acta (MANTIENEN): 2841
[ACTUALIZAR PAGOS · AUTO]   • Pagos RECHAZADOS (sin coincidencias): 13979
[ACTUALIZAR PAGOS · AUTO] ⚠️  Se eliminaron 13979 registros sin número de acta
[ACTUALIZAR PAGOS · AUTO]      (recordá: esto incluye tanto pagos ya actualizados/pagados
[ACTUALIZAR PAGOS · AUTO]       como pagos que quedaron sin resolver por desbalance en el Paso 1)
[ACTUALIZAR PAGOS · AUTO] ================================================================================
[ACTUALIZAR PAGOS · AUTO] PASO 2-bis: CONFIRMANDO VIGENCIA DE PAGOS DEL SISTEMA NUEVO (contra MULTAS_JUZGADO_CRUCE)
[ACTUALIZAR PAGOS · AUTO] ================================================================================
[ACTUALIZAR PAGOS · AUTO]   ⚠ 2840 pago(s) del sistema nuevo descartados: su acta ya no figura como vencida en MULTAS_JUZGADO_CRUCE (SEMyT ya los actualizó).
[ACTUALIZAR PAGOS · AUTO]   • Pagos del sistema nuevo descartados por ya estar actualizados: 2840
[ACTUALIZAR PAGOS · AUTO] ⏱ PASO 2 (filtrar): 1.3s
[ACTUALIZAR PAGOS · AUTO] 📂 Cargando maestro de causas SIGEMI...
[ACTUALIZAR PAGOS · AUTO]   ✓ Causas totales (maestro): 134069 registros
[ACTUALIZAR PAGOS · AUTO] ⏱ PASO 2.5 (causas simplificado): 0.2s
[ACTUALIZAR PAGOS · AUTO] ================================================================================
[ACTUALIZAR PAGOS · AUTO] PASO 2.5: ARMANDO causas.txt SIMPLIFICADO (cruce contra total_causas_sigemi.txt)
[ACTUALIZAR PAGOS · AUTO] ================================================================================
[ACTUALIZAR PAGOS · AUTO]   • Actas vencidas viejas (multas): 103589
[ACTUALIZAR PAGOS · AUTO]   • Causas totales en el maestro SIGEMI: 134069
[ACTUALIZAR PAGOS · AUTO]   • Causas que coinciden (simplificado): 103259
[ACTUALIZAR PAGOS · AUTO]   ✅ Archivo escrito: backend/descargas/causas/causas.txt
[ACTUALIZAR PAGOS · AUTO] ⏱ PASO 2.5 (causas simplificado): 2.9s
[ACTUALIZAR PAGOS · AUTO] ================================================================================
[ACTUALIZAR PAGOS · AUTO] PASO 3: LLENANDO CAUSA_NUMERO (según fecha de cambio de sistema, cruzando por acta + año)
[ACTUALIZAR PAGOS · AUTO] ================================================================================
[ACTUALIZAR PAGOS · AUTO] 📊 ESTADÍSTICAS DE LLENADO DE CAUSAS:
[ACTUALIZAR PAGOS · AUTO]   • Pagos con causa ORIGINAL: 0
[ACTUALIZAR PAGOS · AUTO]   • Causas encontradas en SIGEMI (actas viejas): 1
[ACTUALIZAR PAGOS · AUTO]   • Causas NO encontradas en SIGEMI: 0
[ACTUALIZAR PAGOS · AUTO]   • Causas asignadas automáticamente (actas nuevas): 0
[ACTUALIZAR PAGOS · AUTO] ⏱ PASO 3 (llenar causas): 0.0s
[ACTUALIZAR PAGOS · AUTO] ================================================================================
[ACTUALIZAR PAGOS · AUTO] PASO 4: ORDENANDO POR FECHA Y ACTA_NUMERO
[ACTUALIZAR PAGOS · AUTO] ================================================================================
[ACTUALIZAR PAGOS · AUTO] ✓ Pagos ordenados correctamente
[ACTUALIZAR PAGOS · AUTO]   • Primera entrada: Acta=227404, Fecha=30/10/2025
[ACTUALIZAR PAGOS · AUTO]   • Última entrada: Acta=227404, Fecha=30/10/2025
[ACTUALIZAR PAGOS · AUTO] 📝 Escribiendo archivo de salida...
[ACTUALIZAR PAGOS · AUTO]   ✅ Archivo escrito: backend/descargas/pagos/2026-07-23/PAGOS 20260723 201104.txt
[ACTUALIZAR PAGOS · AUTO]   ✅ Total registros: 259
[ACTUALIZAR PAGOS · AUTO] ⏱ PASO 4 (ordenar y escribir): 0.0s
[ACTUALIZAR PAGOS · AUTO] ================================================================================
[ACTUALIZAR PAGOS · AUTO] ✅ PROCESO COMPLETADO EXITOSAMENTE
[ACTUALIZAR PAGOS · AUTO] ================================================================================
[ACTUALIZAR PAGOS · AUTO] 📊 RESUMEN FINAL DEL PROCESAMIENTO:
[ACTUALIZAR PAGOS · AUTO]   ENTRADA:
[ACTUALIZAR PAGOS · AUTO]     • Pagos originales: 16820
[ACTUALIZAR PAGOS · AUTO]     • Multas SIGEMI cargadas: 103589
[ACTUALIZAR PAGOS · AUTO]     • Multas Juzgado cargadas: 40157
[ACTUALIZAR PAGOS · AUTO]     • Causas simplificadas (usadas para el cruce): 103259
[ACTUALIZAR PAGOS · AUTO]   PROCESO:
[ACTUALIZAR PAGOS · AUTO]     • Pagos rechazados sigemi: 13979
[ACTUALIZAR PAGOS · AUTO]     • Pagos rechazados juzgado: 2840
[ACTUALIZAR PAGOS · AUTO]   SALIDA:
[ACTUALIZAR PAGOS · AUTO]     • Pagos desactualizados procesados: 1
[ACTUALIZAR PAGOS · AUTO]     • Archivo final: backend/descargas/pagos/2026-07-23/PAGOS 20260723 201104.txt
[ACTUALIZAR PAGOS · AUTO]     • Ordenados por fecha: SÍ ✓
[ACTUALIZAR PAGOS · AUTO]     • Todos con ACTA_NUMERO: SÍ ✓
[ACTUALIZAR PAGOS · AUTO]     • Todos con CAUSA_NUMERO: SÍ ✓
[ACTUALIZAR PAGOS · AUTO] ✅ TXT de pagos (ya cruzado con actas y causas) generado en: backend/descargas/pagos/2026-07-23/PAGOS 20260723 201104.txt
[ACTUALIZAR PAGOS · AUTO] 🧹 TXT de pagos crudo eliminado (ya usado en el cruce): backend/descargas/pagos/2026-07-23/PAGOS DESCARGADOS.txt
[ACTUALIZAR PAGOS · AUTO] 🧹 Excel MULTAS_SIGEMI_CRUCE eliminado (ya usado en el cruce): backend/descargas/cache_actas_cruce/MULTAS_SIGEMI_CRUCE.xlsx
[ACTUALIZAR PAGOS · AUTO] 🧹 Excel MULTAS_JUZGADO_CRUCE eliminado (ya usado en el cruce): backend/descargas/cache_actas_cruce/MULTAS_JUZGADO_CRUCE.xlsx
[ACTUALIZAR PAGOS · AUTO] ✅ CompararActasPaso finalizado. (⏱ 53.3s)
[ACTUALIZAR PAGOS · AUTO] ✓ [CompararActasPaso] Completado.
[ACTUALIZAR PAGOS · AUTO] ▶ [CargarPagosPaso] Iniciando...
[ACTUALIZAR PAGOS · AUTO] ==================================================
[ACTUALIZAR PAGOS · AUTO] 🚀 PASO: CargarPagosPaso
[ACTUALIZAR PAGOS · AUTO] ==================================================
[ACTUALIZAR PAGOS · AUTO] 📤 Subiendo TXT de pagos al SEMyT...
[ACTUALIZAR PAGOS · AUTO] ✅ Importación de pagos completada con éxito.
[ACTUALIZAR PAGOS · AUTO] ✅ Archivo TXT de pagos cargado en el SEMyT correctamente.
[ACTUALIZAR PAGOS · AUTO] ✅ CargarPagosPaso finalizado. (⏱ 3.4s)
[ACTUALIZAR PAGOS · AUTO] ✓ [CargarPagosPaso] Completado.
[ACTUALIZAR PAGOS · AUTO] === Ejecución finalizada con éxito ===
🤖 [Automático] Es hora de actualizar pagos. Arrancando...
[ACTUALIZAR PAGOS · AUTO] === Inicio de ejecución: pagos ===
[ACTUALIZAR PAGOS · AUTO] ▶ [LoginSemytPaso] Iniciando...
[ACTUALIZAR PAGOS · AUTO] ==================================================
[ACTUALIZAR PAGOS · AUTO] 🚀 PASO: LoginSemytPaso
[ACTUALIZAR PAGOS · AUTO] ==================================================
[ACTUALIZAR PAGOS · AUTO] Abriendo SEMyT...
[ACTUALIZAR PAGOS · AUTO] ✅ [SEMyT] Sesión existente detectada. Login omitido.
[ACTUALIZAR PAGOS · AUTO] ✅ LoginSemytPaso finalizado. (⏱ 4.5s)
[ACTUALIZAR PAGOS · AUTO] ✓ [LoginSemytPaso] Completado.
[ACTUALIZAR PAGOS · AUTO] ▶ [LoginJuzgadoPaso] Iniciando...
[ACTUALIZAR PAGOS · AUTO] ==================================================
[ACTUALIZAR PAGOS · AUTO] 🚀 PASO: LoginJuzgadoPaso
[ACTUALIZAR PAGOS · AUTO] ==================================================
[ACTUALIZAR PAGOS · AUTO] Abriendo sitio municipalidad (CiDi)...
[ACTUALIZAR PAGOS · AUTO] ✅ [Juzgado] Sesión existente detectada. Login omitido.
[ACTUALIZAR PAGOS · AUTO] ✅ LoginJuzgadoPaso finalizado. (⏱ 1.3s)
[ACTUALIZAR PAGOS · AUTO] ✓ [LoginJuzgadoPaso] Completado.
[ACTUALIZAR PAGOS · AUTO] ▶ [DescargasParalelasPaso] Iniciando...
[ACTUALIZAR PAGOS · AUTO] ==================================================
[ACTUALIZAR PAGOS · AUTO] 🚀 PASO: DescargasParalelasPaso
[ACTUALIZAR PAGOS · AUTO] ==================================================
[ACTUALIZAR PAGOS · AUTO] 📤 Arrancando las 3 descargas en paralelo (mismo browser, páginas separadas)...
[ACTUALIZAR PAGOS · AUTO] Fecha Desde: 27/06/2024
[ACTUALIZAR PAGOS · AUTO] Fecha Hasta: 24/11/2025
[ACTUALIZAR PAGOS · AUTO] Fecha Desde: 25/11/2025
[ACTUALIZAR PAGOS · AUTO] Fecha Hasta: 23/07/2026
[ACTUALIZAR PAGOS · AUTO] Descargando Excel...
[ACTUALIZAR PAGOS · AUTO] Descargando Excel...
⏳ [Automático] Tocaba disparar 'pagos' pero ya hay una ejecución en curso (Actualizar pagos); esperando a que termine; se reintenta en breve sin perder el turno.
[ACTUALIZAR PAGOS · AUTO] Archivo descargado en: backend/descargas/cache_actas_cruce/MULTAS_JUZGADO_CRUCE.xlsx
[ACTUALIZAR PAGOS · AUTO] ⏱ [actas_juzgado] completado en 19.4s
[ACTUALIZAR PAGOS · AUTO] Archivo descargado en: backend/descargas/cache_actas_cruce/MULTAS_SIGEMI_CRUCE.xlsx
[ACTUALIZAR PAGOS · AUTO] ⏱ [actas_sigemi] completado en 41.9s
[ACTUALIZAR PAGOS · AUTO] ✅ TXT de pagos descargado en: backend/descargas/pagos/2026-07-23/PAGOS DESCARGADOS.txt
[ACTUALIZAR PAGOS · AUTO] ⏱ [pagos_txt] completado en 42.0s
[ACTUALIZAR PAGOS · AUTO] ⏱ TOTAL descargas en paralelo: 42.0s
[ACTUALIZAR PAGOS · AUTO] ✅ DescargasParalelasPaso finalizado. (⏱ 43.5s)
[ACTUALIZAR PAGOS · AUTO] ✓ [DescargasParalelasPaso] Completado.
[ACTUALIZAR PAGOS · AUTO] ▶ [CompararActasPaso] Iniciando...
[ACTUALIZAR PAGOS · AUTO] ==================================================
[ACTUALIZAR PAGOS · AUTO] 🚀 PASO: CompararActasPaso
[ACTUALIZAR PAGOS · AUTO] ==================================================
[ACTUALIZAR PAGOS · AUTO] 🔍 Comparando actas del SEMyT contra pagos del Juzgado...
[ACTUALIZAR PAGOS · AUTO] ================================================================================
[ACTUALIZAR PAGOS · AUTO] INICIANDO PROCESO DE GENERACIÓN DE PAGOS DESACTUALIZADOS
[ACTUALIZAR PAGOS · AUTO] ================================================================================
[ACTUALIZAR PAGOS · AUTO] 📂 Cargando archivos...
[ACTUALIZAR PAGOS · AUTO]   ✓ Pagos: 16820 registros
[ACTUALIZAR PAGOS · AUTO]   ✓ Excel SIGEMI (multas vencidas viejas): 103588 registros
[ACTUALIZAR PAGOS · AUTO]   ✓ Excel Juzgado (multas vencidas nuevas): 40157 registros
[ACTUALIZAR PAGOS · AUTO] ================================================================================
[ACTUALIZAR PAGOS · AUTO] PASO 1: LLENANDO ACTA_NUMERO (búsqueda por patente + fecha, con desempate por hora)
[ACTUALIZAR PAGOS · AUTO] ================================================================================
[ACTUALIZAR PAGOS · AUTO] 📊 ESTADÍSTICAS DE LLENADO DE ACTAS:
[ACTUALIZAR PAGOS · AUTO]   • Pagos con acta ORIGINAL: 2840
[ACTUALIZAR PAGOS · AUTO]   • Pagos SIN acta (buscados): 13980
[ACTUALIZAR PAGOS · AUTO]   • Pagos LLENADOS exitosamente: 0
[ACTUALIZAR PAGOS · AUTO]   • Pagos NO encontrados en multas: 13980
[ACTUALIZAR PAGOS · AUTO]   • Pagos SIN RESOLVER por desbalance de cantidades: 0
[ACTUALIZAR PAGOS · AUTO] ================================================================================
[ACTUALIZAR PAGOS · AUTO] PASO 1: LLENANDO ACTA_NUMERO (búsqueda por patente + fecha, con desempate por hora)
[ACTUALIZAR PAGOS · AUTO] ================================================================================
[ACTUALIZAR PAGOS · AUTO] 📊 ESTADÍSTICAS DE LLENADO DE ACTAS:
[ACTUALIZAR PAGOS · AUTO]   • Pagos con acta ORIGINAL: 2840
[ACTUALIZAR PAGOS · AUTO]   • Pagos SIN acta (buscados): 13980
[ACTUALIZAR PAGOS · AUTO]   • Pagos LLENADOS exitosamente: 0
[ACTUALIZAR PAGOS · AUTO]   • Pagos NO encontrados en multas: 13980
[ACTUALIZAR PAGOS · AUTO]   • Pagos SIN RESOLVER por desbalance de cantidades: 0
[ACTUALIZAR PAGOS · AUTO] ⏱ PASO 1 (llenar actas): 19.8s
[ACTUALIZAR PAGOS · AUTO] ================================================================================
[ACTUALIZAR PAGOS · AUTO] PASO 2: FILTRANDO PAGOS CON ACTA_NUMERO COMPLETO
[ACTUALIZAR PAGOS · AUTO] ================================================================================
[ACTUALIZAR PAGOS · AUTO] 📊 ESTADÍSTICAS DE FILTRADO:
[ACTUALIZAR PAGOS · AUTO]   • Pagos TOTALES al inicio: 16820
[ACTUALIZAR PAGOS · AUTO]   • Pagos CON acta (MANTIENEN): 2840
[ACTUALIZAR PAGOS · AUTO]   • Pagos RECHAZADOS (sin coincidencias): 13980
[ACTUALIZAR PAGOS · AUTO] ⚠️  Se eliminaron 13980 registros sin número de acta
[ACTUALIZAR PAGOS · AUTO]      (recordá: esto incluye tanto pagos ya actualizados/pagados
[ACTUALIZAR PAGOS · AUTO]       como pagos que quedaron sin resolver por desbalance en el Paso 1)
[ACTUALIZAR PAGOS · AUTO] ================================================================================
[ACTUALIZAR PAGOS · AUTO] PASO 2-bis: CONFIRMANDO VIGENCIA DE PAGOS DEL SISTEMA NUEVO (contra MULTAS_JUZGADO_CRUCE)
[ACTUALIZAR PAGOS · AUTO] ================================================================================
[ACTUALIZAR PAGOS · AUTO]   ⚠ 2840 pago(s) del sistema nuevo descartados: su acta ya no figura como vencida en MULTAS_JUZGADO_CRUCE (SEMyT ya los actualizó).
[ACTUALIZAR PAGOS · AUTO]   • Pagos del sistema nuevo descartados por ya estar actualizados: 2840
[ACTUALIZAR PAGOS · AUTO] ⏱ PASO 2 (filtrar): 1.3s
[ACTUALIZAR PAGOS · AUTO] 📂 Cargando maestro de causas SIGEMI...
[ACTUALIZAR PAGOS · AUTO]   ✓ Causas totales (maestro): 134069 registros
[ACTUALIZAR PAGOS · AUTO] ⏱ PASO 2.5 (causas simplificado): 0.2s
[ACTUALIZAR PAGOS · AUTO] ================================================================================
[ACTUALIZAR PAGOS · AUTO] PASO 2.5: ARMANDO causas.txt SIMPLIFICADO (cruce contra total_causas_sigemi.txt)
[ACTUALIZAR PAGOS · AUTO] ================================================================================
[ACTUALIZAR PAGOS · AUTO]   • Actas vencidas viejas (multas): 103588
[ACTUALIZAR PAGOS · AUTO]   • Causas totales en el maestro SIGEMI: 134069
[ACTUALIZAR PAGOS · AUTO]   • Causas que coinciden (simplificado): 103258
[ACTUALIZAR PAGOS · AUTO]   ✅ Archivo escrito: backend/descargas/causas/causas.txt
[ACTUALIZAR PAGOS · AUTO] ⏱ PASO 2.5 (causas simplificado): 3.0s
[ACTUALIZAR PAGOS · AUTO] ⚠️  NO HAY PAGOS CON ACTA_NUMERO PARA PROCESAR
[ACTUALIZAR PAGOS · AUTO] Creando archivo vacío...
[ACTUALIZAR PAGOS · AUTO] ✅ TXT de pagos (ya cruzado con actas y causas) generado en: backend/descargas/pagos/2026-07-23/PAGOS 20260723 202307.txt
[ACTUALIZAR PAGOS · AUTO] 🧹 TXT de pagos crudo eliminado (ya usado en el cruce): backend/descargas/pagos/2026-07-23/PAGOS DESCARGADOS.txt
[ACTUALIZAR PAGOS · AUTO] 🧹 Excel MULTAS_SIGEMI_CRUCE eliminado (ya usado en el cruce): backend/descargas/cache_actas_cruce/MULTAS_SIGEMI_CRUCE.xlsx
[ACTUALIZAR PAGOS · AUTO] 🧹 Excel MULTAS_JUZGADO_CRUCE eliminado (ya usado en el cruce): backend/descargas/cache_actas_cruce/MULTAS_JUZGADO_CRUCE.xlsx
[ACTUALIZAR PAGOS · AUTO] ✅ CompararActasPaso finalizado. (⏱ 52.9s)
[ACTUALIZAR PAGOS · AUTO] ✓ [CompararActasPaso] Completado.
[ACTUALIZAR PAGOS · AUTO] ▶ [CargarPagosPaso] Iniciando...
[ACTUALIZAR PAGOS · AUTO] ==================================================
[ACTUALIZAR PAGOS · AUTO] 🚀 PASO: CargarPagosPaso
[ACTUALIZAR PAGOS · AUTO] ==================================================
[ACTUALIZAR PAGOS · AUTO] ℹ No se encontraron pagos para actualizar (el TXT final no tiene registros).
[ACTUALIZAR PAGOS · AUTO] 🧹 TXT de pagos sin registros eliminado (nada para subir): backend/descargas/pagos/2026-07-23/PAGOS 20260723 202307.txt
[ACTUALIZAR PAGOS · AUTO] ⏭ Se omite la carga al SEMyT.
[ACTUALIZAR PAGOS · AUTO] ✅ CargarPagosPaso finalizado. (⏱ 0.0s)
[ACTUALIZAR PAGOS · AUTO] ✓ [CargarPagosPaso] Completado.
[ACTUALIZAR PAGOS · AUTO] === Ejecución finalizada con éxito ===
[ACTUALIZAR PAGOS · AUTO] ℹ No se subió ningún archivo a ningún sistema externo en esta corrida: por política, el log detallado no se conserva en disco.
🤖 [Automático] Es hora de actualizar pagos. Arrancando...
[ACTUALIZAR PAGOS · AUTO] === Inicio de ejecución: pagos ===
[ACTUALIZAR PAGOS · AUTO] ▶ [LoginSemytPaso] Iniciando...
[ACTUALIZAR PAGOS · AUTO] ==================================================
[ACTUALIZAR PAGOS · AUTO] 🚀 PASO: LoginSemytPaso
[ACTUALIZAR PAGOS · AUTO] ==================================================
[ACTUALIZAR PAGOS · AUTO] Abriendo SEMyT...
[ACTUALIZAR PAGOS · AUTO] ✅ [SEMyT] Sesión existente detectada. Login omitido.
[ACTUALIZAR PAGOS · AUTO] ✅ LoginSemytPaso finalizado. (⏱ 4.4s)
[ACTUALIZAR PAGOS · AUTO] ✓ [LoginSemytPaso] Completado.
[ACTUALIZAR PAGOS · AUTO] ▶ [LoginJuzgadoPaso] Iniciando...
[ACTUALIZAR PAGOS · AUTO] ==================================================
[ACTUALIZAR PAGOS · AUTO] 🚀 PASO: LoginJuzgadoPaso
[ACTUALIZAR PAGOS · AUTO] ==================================================
[ACTUALIZAR PAGOS · AUTO] Abriendo sitio municipalidad (CiDi)...
[ACTUALIZAR PAGOS · AUTO] ✅ [Juzgado] Sesión existente detectada. Login omitido.
[ACTUALIZAR PAGOS · AUTO] ✅ LoginJuzgadoPaso finalizado. (⏱ 1.2s)
[ACTUALIZAR PAGOS · AUTO] ✓ [LoginJuzgadoPaso] Completado.
[ACTUALIZAR PAGOS · AUTO] ▶ [DescargasParalelasPaso] Iniciando...
[ACTUALIZAR PAGOS · AUTO] ==================================================
[ACTUALIZAR PAGOS · AUTO] 🚀 PASO: DescargasParalelasPaso
[ACTUALIZAR PAGOS · AUTO] ==================================================
[ACTUALIZAR PAGOS · AUTO] 📤 Arrancando las 3 descargas en paralelo (mismo browser, páginas separadas)...
[ACTUALIZAR PAGOS · AUTO] Fecha Desde: 27/06/2024
[ACTUALIZAR PAGOS · AUTO] Fecha Hasta: 24/11/2025
[ACTUALIZAR PAGOS · AUTO] Fecha Desde: 25/11/2025
[ACTUALIZAR PAGOS · AUTO] Fecha Hasta: 23/07/2026
[ACTUALIZAR PAGOS · AUTO] Descargando Excel...
[ACTUALIZAR PAGOS · AUTO] Descargando Excel...
⏳ [Automático] Tocaba disparar 'pagos' pero ya hay una ejecución en curso (Actualizar pagos); esperando a que termine; se reintenta en breve sin perder el turno.
[ACTUALIZAR PAGOS · AUTO] Archivo descargado en: backend/descargas/cache_actas_cruce/MULTAS_JUZGADO_CRUCE.xlsx
[ACTUALIZAR PAGOS · AUTO] ⏱ [actas_juzgado] completado en 19.0s
[ACTUALIZAR PAGOS · AUTO] Archivo descargado en: backend/descargas/cache_actas_cruce/MULTAS_SIGEMI_CRUCE.xlsx
[ACTUALIZAR PAGOS · AUTO] ⏱ [actas_sigemi] completado en 41.4s
[ACTUALIZAR PAGOS · AUTO] ✅ TXT de pagos descargado en: backend/descargas/pagos/2026-07-23/PAGOS DESCARGADOS.txt
[ACTUALIZAR PAGOS · AUTO] ⏱ [pagos_txt] completado en 41.5s
[ACTUALIZAR PAGOS · AUTO] ⏱ TOTAL descargas en paralelo: 41.5s
[ACTUALIZAR PAGOS · AUTO] ✅ DescargasParalelasPaso finalizado. (⏱ 43.0s)
[ACTUALIZAR PAGOS · AUTO] ✓ [DescargasParalelasPaso] Completado.
[ACTUALIZAR PAGOS · AUTO] ▶ [CompararActasPaso] Iniciando...
[ACTUALIZAR PAGOS · AUTO] ==================================================
[ACTUALIZAR PAGOS · AUTO] 🚀 PASO: CompararActasPaso
[ACTUALIZAR PAGOS · AUTO] ==================================================
[ACTUALIZAR PAGOS · AUTO] 🔍 Comparando actas del SEMyT contra pagos del Juzgado...
[ACTUALIZAR PAGOS · AUTO] ================================================================================
[ACTUALIZAR PAGOS · AUTO] INICIANDO PROCESO DE GENERACIÓN DE PAGOS DESACTUALIZADOS
[ACTUALIZAR PAGOS · AUTO] ================================================================================
[ACTUALIZAR PAGOS · AUTO] 📂 Cargando archivos...
[ACTUALIZAR PAGOS · AUTO]   ✓ Pagos: 16823 registros
[ACTUALIZAR PAGOS · AUTO]   ✓ Excel SIGEMI (multas vencidas viejas): 103588 registros
[ACTUALIZAR PAGOS · AUTO]   ✓ Excel Juzgado (multas vencidas nuevas): 40157 registros
[ACTUALIZAR PAGOS · AUTO] ================================================================================
[ACTUALIZAR PAGOS · AUTO] PASO 1: LLENANDO ACTA_NUMERO (búsqueda por patente + fecha, con desempate por hora)
[ACTUALIZAR PAGOS · AUTO] ================================================================================
[ACTUALIZAR PAGOS · AUTO] 📊 ESTADÍSTICAS DE LLENADO DE ACTAS:
[ACTUALIZAR PAGOS · AUTO]   • Pagos con acta ORIGINAL: 2842
[ACTUALIZAR PAGOS · AUTO]   • Pagos SIN acta (buscados): 13981
[ACTUALIZAR PAGOS · AUTO]   • Pagos LLENADOS exitosamente: 1
[ACTUALIZAR PAGOS · AUTO]   • Pagos NO encontrados en multas: 13980
[ACTUALIZAR PAGOS · AUTO]   • Pagos SIN RESOLVER por desbalance de cantidades: 0
[ACTUALIZAR PAGOS · AUTO] ================================================================================
[ACTUALIZAR PAGOS · AUTO] PASO 1: LLENANDO ACTA_NUMERO (búsqueda por patente + fecha, con desempate por hora)
[ACTUALIZAR PAGOS · AUTO] ================================================================================
[ACTUALIZAR PAGOS · AUTO] 📊 ESTADÍSTICAS DE LLENADO DE ACTAS:
[ACTUALIZAR PAGOS · AUTO]   • Pagos con acta ORIGINAL: 2843
[ACTUALIZAR PAGOS · AUTO]   • Pagos SIN acta (buscados): 13980
[ACTUALIZAR PAGOS · AUTO]   • Pagos LLENADOS exitosamente: 0
[ACTUALIZAR PAGOS · AUTO]   • Pagos NO encontrados en multas: 13980
[ACTUALIZAR PAGOS · AUTO]   • Pagos SIN RESOLVER por desbalance de cantidades: 0
[ACTUALIZAR PAGOS · AUTO] ⏱ PASO 1 (llenar actas): 17.6s
[ACTUALIZAR PAGOS · AUTO] ================================================================================
[ACTUALIZAR PAGOS · AUTO] PASO 2: FILTRANDO PAGOS CON ACTA_NUMERO COMPLETO
[ACTUALIZAR PAGOS · AUTO] ================================================================================
[ACTUALIZAR PAGOS · AUTO] 📊 ESTADÍSTICAS DE FILTRADO:
[ACTUALIZAR PAGOS · AUTO]   • Pagos TOTALES al inicio: 16823
[ACTUALIZAR PAGOS · AUTO]   • Pagos CON acta (MANTIENEN): 2843
[ACTUALIZAR PAGOS · AUTO]   • Pagos RECHAZADOS (sin coincidencias): 13980
[ACTUALIZAR PAGOS · AUTO] ⚠️  Se eliminaron 13980 registros sin número de acta
[ACTUALIZAR PAGOS · AUTO]      (recordá: esto incluye tanto pagos ya actualizados/pagados
[ACTUALIZAR PAGOS · AUTO]       como pagos que quedaron sin resolver por desbalance en el Paso 1)
[ACTUALIZAR PAGOS · AUTO] ================================================================================
[ACTUALIZAR PAGOS · AUTO] PASO 2-bis: CONFIRMANDO VIGENCIA DE PAGOS DEL SISTEMA NUEVO (contra MULTAS_JUZGADO_CRUCE)
[ACTUALIZAR PAGOS · AUTO] ================================================================================
[ACTUALIZAR PAGOS · AUTO]   ⚠ 2840 pago(s) del sistema nuevo descartados: su acta ya no figura como vencida en MULTAS_JUZGADO_CRUCE (SEMyT ya los actualizó).
[ACTUALIZAR PAGOS · AUTO]   • Pagos del sistema nuevo descartados por ya estar actualizados: 2840
[ACTUALIZAR PAGOS · AUTO] ⏱ PASO 2 (filtrar): 1.3s
[ACTUALIZAR PAGOS · AUTO] 📂 Cargando maestro de causas SIGEMI...
[ACTUALIZAR PAGOS · AUTO]   ✓ Causas totales (maestro): 134069 registros
[ACTUALIZAR PAGOS · AUTO] ⏱ PASO 2.5 (causas simplificado): 0.2s
[ACTUALIZAR PAGOS · AUTO] ================================================================================
[ACTUALIZAR PAGOS · AUTO] PASO 2.5: ARMANDO causas.txt SIMPLIFICADO (cruce contra total_causas_sigemi.txt)
[ACTUALIZAR PAGOS · AUTO] ================================================================================
[ACTUALIZAR PAGOS · AUTO]   • Actas vencidas viejas (multas): 103588
[ACTUALIZAR PAGOS · AUTO]   • Causas totales en el maestro SIGEMI: 134069
[ACTUALIZAR PAGOS · AUTO]   • Causas que coinciden (simplificado): 103258
[ACTUALIZAR PAGOS · AUTO]   ✅ Archivo escrito: backend/descargas/causas/causas.txt
[ACTUALIZAR PAGOS · AUTO] ⏱ PASO 2.5 (causas simplificado): 3.0s
[ACTUALIZAR PAGOS · AUTO] ================================================================================
[ACTUALIZAR PAGOS · AUTO] PASO 3: LLENANDO CAUSA_NUMERO (según fecha de cambio de sistema, cruzando por acta + año)
[ACTUALIZAR PAGOS · AUTO] ================================================================================
[ACTUALIZAR PAGOS · AUTO] 📊 ESTADÍSTICAS DE LLENADO DE CAUSAS:
[ACTUALIZAR PAGOS · AUTO]   • Pagos con causa ORIGINAL: 2
[ACTUALIZAR PAGOS · AUTO]   • Causas encontradas en SIGEMI (actas viejas): 1
[ACTUALIZAR PAGOS · AUTO]   • Causas NO encontradas en SIGEMI: 0
[ACTUALIZAR PAGOS · AUTO]   • Causas asignadas automáticamente (actas nuevas): 0
[ACTUALIZAR PAGOS · AUTO] ⏱ PASO 3 (llenar causas): 0.0s
[ACTUALIZAR PAGOS · AUTO] ================================================================================
[ACTUALIZAR PAGOS · AUTO] PASO 4: ORDENANDO POR FECHA Y ACTA_NUMERO
[ACTUALIZAR PAGOS · AUTO] ================================================================================
[ACTUALIZAR PAGOS · AUTO] ✓ Pagos ordenados correctamente
[ACTUALIZAR PAGOS · AUTO]   • Primera entrada: Acta=207002, Fecha=18/09/2025
[ACTUALIZAR PAGOS · AUTO]   • Última entrada: Acta=253837, Fecha=07/01/2026
[ACTUALIZAR PAGOS · AUTO] 📝 Escribiendo archivo de salida...
[ACTUALIZAR PAGOS · AUTO]   ✅ Archivo escrito: backend/descargas/pagos/2026-07-23/PAGOS 20260723 203500.txt
[ACTUALIZAR PAGOS · AUTO]   ✅ Total registros: 465
[ACTUALIZAR PAGOS · AUTO] ⏱ PASO 4 (ordenar y escribir): 0.0s
[ACTUALIZAR PAGOS · AUTO] ================================================================================
[ACTUALIZAR PAGOS · AUTO] ✅ PROCESO COMPLETADO EXITOSAMENTE
[ACTUALIZAR PAGOS · AUTO] ================================================================================
[ACTUALIZAR PAGOS · AUTO] 📊 RESUMEN FINAL DEL PROCESAMIENTO:
[ACTUALIZAR PAGOS · AUTO]   ENTRADA:
[ACTUALIZAR PAGOS · AUTO]     • Pagos originales: 16823
[ACTUALIZAR PAGOS · AUTO]     • Multas SIGEMI cargadas: 103588
[ACTUALIZAR PAGOS · AUTO]     • Multas Juzgado cargadas: 40157
[ACTUALIZAR PAGOS · AUTO]     • Causas simplificadas (usadas para el cruce): 103258
[ACTUALIZAR PAGOS · AUTO]   PROCESO:
[ACTUALIZAR PAGOS · AUTO]     • Pagos rechazados sigemi: 13980
[ACTUALIZAR PAGOS · AUTO]     • Pagos rechazados juzgado: 2840
[ACTUALIZAR PAGOS · AUTO]   SALIDA:
[ACTUALIZAR PAGOS · AUTO]     • Pagos desactualizados procesados: 3
[ACTUALIZAR PAGOS · AUTO]     • Archivo final: backend/descargas/pagos/2026-07-23/PAGOS 20260723 203500.txt
[ACTUALIZAR PAGOS · AUTO]     • Ordenados por fecha: SÍ ✓
[ACTUALIZAR PAGOS · AUTO]     • Todos con ACTA_NUMERO: SÍ ✓
[ACTUALIZAR PAGOS · AUTO]     • Todos con CAUSA_NUMERO: SÍ ✓
[ACTUALIZAR PAGOS · AUTO] ✅ TXT de pagos (ya cruzado con actas y causas) generado en: backend/descargas/pagos/2026-07-23/PAGOS 20260723 203500.txt
[ACTUALIZAR PAGOS · AUTO] 🧹 TXT de pagos crudo eliminado (ya usado en el cruce): backend/descargas/pagos/2026-07-23/PAGOS DESCARGADOS.txt
[ACTUALIZAR PAGOS · AUTO] 🧹 Excel MULTAS_SIGEMI_CRUCE eliminado (ya usado en el cruce): backend/descargas/cache_actas_cruce/MULTAS_SIGEMI_CRUCE.xlsx
[ACTUALIZAR PAGOS · AUTO] 🧹 Excel MULTAS_JUZGADO_CRUCE eliminado (ya usado en el cruce): backend/descargas/cache_actas_cruce/MULTAS_JUZGADO_CRUCE.xlsx
[ACTUALIZAR PAGOS · AUTO] ✅ CompararActasPaso finalizado. (⏱ 52.2s)
[ACTUALIZAR PAGOS · AUTO] ✓ [CompararActasPaso] Completado.
[ACTUALIZAR PAGOS · AUTO] ▶ [CargarPagosPaso] Iniciando...
[ACTUALIZAR PAGOS · AUTO] ==================================================
[ACTUALIZAR PAGOS · AUTO] 🚀 PASO: CargarPagosPaso
[ACTUALIZAR PAGOS · AUTO] ==================================================
[ACTUALIZAR PAGOS · AUTO] 📤 Subiendo TXT de pagos al SEMyT...
[ACTUALIZAR PAGOS · AUTO] ✅ Importación de pagos completada con éxito.
[ACTUALIZAR PAGOS · AUTO] ✅ Archivo TXT de pagos cargado en el SEMyT correctamente.
[ACTUALIZAR PAGOS · AUTO] ✅ CargarPagosPaso finalizado. (⏱ 3.2s)
[ACTUALIZAR PAGOS · AUTO] ✓ [CargarPagosPaso] Completado.
[ACTUALIZAR PAGOS · AUTO] === Ejecución finalizada con éxito ===
🤖 [Automático] Es hora de actualizar pagos. Arrancando...
[ACTUALIZAR PAGOS · AUTO] === Inicio de ejecución: pagos ===
[ACTUALIZAR PAGOS · AUTO] ▶ [LoginSemytPaso] Iniciando...
[ACTUALIZAR PAGOS · AUTO] ==================================================
[ACTUALIZAR PAGOS · AUTO] 🚀 PASO: LoginSemytPaso
[ACTUALIZAR PAGOS · AUTO] ==================================================
[ACTUALIZAR PAGOS · AUTO] Abriendo SEMyT...
[ACTUALIZAR PAGOS · AUTO] ✅ [SEMyT] Sesión existente detectada. Login omitido.
[ACTUALIZAR PAGOS · AUTO] ✅ LoginSemytPaso finalizado. (⏱ 4.2s)
[ACTUALIZAR PAGOS · AUTO] ✓ [LoginSemytPaso] Completado.
[ACTUALIZAR PAGOS · AUTO] ▶ [LoginJuzgadoPaso] Iniciando...
[ACTUALIZAR PAGOS · AUTO] ==================================================
[ACTUALIZAR PAGOS · AUTO] 🚀 PASO: LoginJuzgadoPaso
[ACTUALIZAR PAGOS · AUTO] ==================================================
[ACTUALIZAR PAGOS · AUTO] Abriendo sitio municipalidad (CiDi)...
[ACTUALIZAR PAGOS · AUTO] ✅ [Juzgado] Sesión existente detectada. Login omitido.
[ACTUALIZAR PAGOS · AUTO] ✅ LoginJuzgadoPaso finalizado. (⏱ 1.3s)
[ACTUALIZAR PAGOS · AUTO] ✓ [LoginJuzgadoPaso] Completado.
[ACTUALIZAR PAGOS · AUTO] ▶ [DescargasParalelasPaso] Iniciando...
[ACTUALIZAR PAGOS · AUTO] ==================================================
[ACTUALIZAR PAGOS · AUTO] 🚀 PASO: DescargasParalelasPaso
[ACTUALIZAR PAGOS · AUTO] ==================================================
[ACTUALIZAR PAGOS · AUTO] 📤 Arrancando las 3 descargas en paralelo (mismo browser, páginas separadas)...
[ACTUALIZAR PAGOS · AUTO] Fecha Desde: 27/06/2024
[ACTUALIZAR PAGOS · AUTO] Fecha Hasta: 24/11/2025
[ACTUALIZAR PAGOS · AUTO] Fecha Desde: 25/11/2025
[ACTUALIZAR PAGOS · AUTO] Fecha Hasta: 23/07/2026
[ACTUALIZAR PAGOS · AUTO] Descargando Excel...
[ACTUALIZAR PAGOS · AUTO] Descargando Excel...
⏳ [Automático] Tocaba disparar 'pagos' pero ya hay una ejecución en curso (Actualizar pagos); esperando a que termine; se reintenta en breve sin perder el turno.
[ACTUALIZAR PAGOS · AUTO] Archivo descargado en: backend/descargas/cache_actas_cruce/MULTAS_JUZGADO_CRUCE.xlsx
[ACTUALIZAR PAGOS · AUTO] ⏱ [actas_juzgado] completado en 18.6s
[ACTUALIZAR PAGOS · AUTO] Archivo descargado en: backend/descargas/cache_actas_cruce/MULTAS_SIGEMI_CRUCE.xlsx
[ACTUALIZAR PAGOS · AUTO] ⏱ [actas_sigemi] completado en 37.8s
[ACTUALIZAR PAGOS · AUTO] ✅ TXT de pagos descargado en: backend/descargas/pagos/2026-07-23/PAGOS DESCARGADOS.txt
[ACTUALIZAR PAGOS · AUTO] ⏱ [pagos_txt] completado en 38.1s
[ACTUALIZAR PAGOS · AUTO] ⏱ TOTAL descargas en paralelo: 38.1s
[ACTUALIZAR PAGOS · AUTO] ✅ DescargasParalelasPaso finalizado. (⏱ 39.6s)
[ACTUALIZAR PAGOS · AUTO] ✓ [DescargasParalelasPaso] Completado.
[ACTUALIZAR PAGOS · AUTO] ▶ [CompararActasPaso] Iniciando...
[ACTUALIZAR PAGOS · AUTO] ==================================================
[ACTUALIZAR PAGOS · AUTO] 🚀 PASO: CompararActasPaso
[ACTUALIZAR PAGOS · AUTO] ==================================================
[ACTUALIZAR PAGOS · AUTO] 🔍 Comparando actas del SEMyT contra pagos del Juzgado...
[ACTUALIZAR PAGOS · AUTO] ================================================================================
[ACTUALIZAR PAGOS · AUTO] INICIANDO PROCESO DE GENERACIÓN DE PAGOS DESACTUALIZADOS
[ACTUALIZAR PAGOS · AUTO] ================================================================================
[ACTUALIZAR PAGOS · AUTO] 📂 Cargando archivos...
[ACTUALIZAR PAGOS · AUTO]   ✓ Pagos: 16825 registros
[ACTUALIZAR PAGOS · AUTO]   ✓ Excel SIGEMI (multas vencidas viejas): 103587 registros
[ACTUALIZAR PAGOS · AUTO]   ✓ Excel Juzgado (multas vencidas nuevas): 40155 registros
[ACTUALIZAR PAGOS · AUTO] ================================================================================
[ACTUALIZAR PAGOS · AUTO] PASO 1: LLENANDO ACTA_NUMERO (búsqueda por patente + fecha, con desempate por hora)
[ACTUALIZAR PAGOS · AUTO] ================================================================================
[ACTUALIZAR PAGOS · AUTO] 📊 ESTADÍSTICAS DE LLENADO DE ACTAS:
[ACTUALIZAR PAGOS · AUTO]   • Pagos con acta ORIGINAL: 2844
[ACTUALIZAR PAGOS · AUTO]   • Pagos SIN acta (buscados): 13981
[ACTUALIZAR PAGOS · AUTO]   • Pagos LLENADOS exitosamente: 0
[ACTUALIZAR PAGOS · AUTO]   • Pagos NO encontrados en multas: 13981
[ACTUALIZAR PAGOS · AUTO]   • Pagos SIN RESOLVER por desbalance de cantidades: 0
[ACTUALIZAR PAGOS · AUTO] ================================================================================
[ACTUALIZAR PAGOS · AUTO] PASO 1: LLENANDO ACTA_NUMERO (búsqueda por patente + fecha, con desempate por hora)
[ACTUALIZAR PAGOS · AUTO] ================================================================================
[ACTUALIZAR PAGOS · AUTO] 📊 ESTADÍSTICAS DE LLENADO DE ACTAS:
[ACTUALIZAR PAGOS · AUTO]   • Pagos con acta ORIGINAL: 2844
[ACTUALIZAR PAGOS · AUTO]   • Pagos SIN acta (buscados): 13981
[ACTUALIZAR PAGOS · AUTO]   • Pagos LLENADOS exitosamente: 0
[ACTUALIZAR PAGOS · AUTO]   • Pagos NO encontrados en multas: 13981
[ACTUALIZAR PAGOS · AUTO]   • Pagos SIN RESOLVER por desbalance de cantidades: 0
[ACTUALIZAR PAGOS · AUTO] ⏱ PASO 1 (llenar actas): 17.4s
[ACTUALIZAR PAGOS · AUTO] ================================================================================
[ACTUALIZAR PAGOS · AUTO] PASO 2: FILTRANDO PAGOS CON ACTA_NUMERO COMPLETO
[ACTUALIZAR PAGOS · AUTO] ================================================================================
[ACTUALIZAR PAGOS · AUTO] 📊 ESTADÍSTICAS DE FILTRADO:
[ACTUALIZAR PAGOS · AUTO]   • Pagos TOTALES al inicio: 16825
[ACTUALIZAR PAGOS · AUTO]   • Pagos CON acta (MANTIENEN): 2844
[ACTUALIZAR PAGOS · AUTO]   • Pagos RECHAZADOS (sin coincidencias): 13981
[ACTUALIZAR PAGOS · AUTO] ⚠️  Se eliminaron 13981 registros sin número de acta
[ACTUALIZAR PAGOS · AUTO]      (recordá: esto incluye tanto pagos ya actualizados/pagados
[ACTUALIZAR PAGOS · AUTO]       como pagos que quedaron sin resolver por desbalance en el Paso 1)
[ACTUALIZAR PAGOS · AUTO] ================================================================================
[ACTUALIZAR PAGOS · AUTO] PASO 2-bis: CONFIRMANDO VIGENCIA DE PAGOS DEL SISTEMA NUEVO (contra MULTAS_JUZGADO_CRUCE)
[ACTUALIZAR PAGOS · AUTO] ================================================================================
[ACTUALIZAR PAGOS · AUTO]   ⚠ 2842 pago(s) del sistema nuevo descartados: su acta ya no figura como vencida en MULTAS_JUZGADO_CRUCE (SEMyT ya los actualizó).
[ACTUALIZAR PAGOS · AUTO]   • Pagos del sistema nuevo descartados por ya estar actualizados: 2842
[ACTUALIZAR PAGOS · AUTO] ⏱ PASO 2 (filtrar): 1.0s
[ACTUALIZAR PAGOS · AUTO] 📂 Cargando maestro de causas SIGEMI...
[ACTUALIZAR PAGOS · AUTO]   ✓ Causas totales (maestro): 134069 registros
[ACTUALIZAR PAGOS · AUTO] ⏱ PASO 2.5 (causas simplificado): 0.1s
[ACTUALIZAR PAGOS · AUTO] ================================================================================
[ACTUALIZAR PAGOS · AUTO] PASO 2.5: ARMANDO causas.txt SIMPLIFICADO (cruce contra total_causas_sigemi.txt)
[ACTUALIZAR PAGOS · AUTO] ================================================================================
[ACTUALIZAR PAGOS · AUTO]   • Actas vencidas viejas (multas): 103587
[ACTUALIZAR PAGOS · AUTO]   • Causas totales en el maestro SIGEMI: 134069
[ACTUALIZAR PAGOS · AUTO]   • Causas que coinciden (simplificado): 103257
[ACTUALIZAR PAGOS · AUTO]   ✅ Archivo escrito: backend/descargas/causas/causas.txt
[ACTUALIZAR PAGOS · AUTO] ⏱ PASO 2.5 (causas simplificado): 2.8s
[ACTUALIZAR PAGOS · AUTO] ================================================================================
[ACTUALIZAR PAGOS · AUTO] PASO 3: LLENANDO CAUSA_NUMERO (según fecha de cambio de sistema, cruzando por acta + año)
[ACTUALIZAR PAGOS · AUTO] ================================================================================
[ACTUALIZAR PAGOS · AUTO] 📊 ESTADÍSTICAS DE LLENADO DE CAUSAS:
[ACTUALIZAR PAGOS · AUTO]   • Pagos con causa ORIGINAL: 2
[ACTUALIZAR PAGOS · AUTO]   • Causas encontradas en SIGEMI (actas viejas): 0
[ACTUALIZAR PAGOS · AUTO]   • Causas NO encontradas en SIGEMI: 0
[ACTUALIZAR PAGOS · AUTO]   • Causas asignadas automáticamente (actas nuevas): 0
[ACTUALIZAR PAGOS · AUTO] ⏱ PASO 3 (llenar causas): 0.0s
[ACTUALIZAR PAGOS · AUTO] ================================================================================
[ACTUALIZAR PAGOS · AUTO] PASO 4: ORDENANDO POR FECHA Y ACTA_NUMERO
[ACTUALIZAR PAGOS · AUTO] ================================================================================
[ACTUALIZAR PAGOS · AUTO] ✓ Pagos ordenados correctamente
[ACTUALIZAR PAGOS · AUTO]   • Primera entrada: Acta=248988, Fecha=22/12/2025
[ACTUALIZAR PAGOS · AUTO]   • Última entrada: Acta=273627, Fecha=02/03/2026
[ACTUALIZAR PAGOS · AUTO] 📝 Escribiendo archivo de salida...
[ACTUALIZAR PAGOS · AUTO]   ✅ Archivo escrito: backend/descargas/pagos/2026-07-23/PAGOS 20260723 204649.txt
[ACTUALIZAR PAGOS · AUTO]   ✅ Total registros: 363
[ACTUALIZAR PAGOS · AUTO] ⏱ PASO 4 (ordenar y escribir): 0.0s
[ACTUALIZAR PAGOS · AUTO] ================================================================================
[ACTUALIZAR PAGOS · AUTO] ✅ PROCESO COMPLETADO EXITOSAMENTE
[ACTUALIZAR PAGOS · AUTO] ================================================================================
[ACTUALIZAR PAGOS · AUTO] 📊 RESUMEN FINAL DEL PROCESAMIENTO:
[ACTUALIZAR PAGOS · AUTO]   ENTRADA:
[ACTUALIZAR PAGOS · AUTO]     • Pagos originales: 16825
[ACTUALIZAR PAGOS · AUTO]     • Multas SIGEMI cargadas: 103587
[ACTUALIZAR PAGOS · AUTO]     • Multas Juzgado cargadas: 40155
[ACTUALIZAR PAGOS · AUTO]     • Causas simplificadas (usadas para el cruce): 103257
[ACTUALIZAR PAGOS · AUTO]   PROCESO:
[ACTUALIZAR PAGOS · AUTO]     • Pagos rechazados sigemi: 13981
[ACTUALIZAR PAGOS · AUTO]     • Pagos rechazados juzgado: 2842
[ACTUALIZAR PAGOS · AUTO]   SALIDA:
[ACTUALIZAR PAGOS · AUTO]     • Pagos desactualizados procesados: 2
[ACTUALIZAR PAGOS · AUTO]     • Archivo final: backend/descargas/pagos/2026-07-23/PAGOS 20260723 204649.txt
[ACTUALIZAR PAGOS · AUTO]     • Ordenados por fecha: SÍ ✓
[ACTUALIZAR PAGOS · AUTO]     • Todos con ACTA_NUMERO: SÍ ✓
[ACTUALIZAR PAGOS · AUTO]     • Todos con CAUSA_NUMERO: SÍ ✓
[ACTUALIZAR PAGOS · AUTO] ✅ TXT de pagos (ya cruzado con actas y causas) generado en: backend/descargas/pagos/2026-07-23/PAGOS 20260723 204649.txt
[ACTUALIZAR PAGOS · AUTO] 🧹 TXT de pagos crudo eliminado (ya usado en el cruce): backend/descargas/pagos/2026-07-23/PAGOS DESCARGADOS.txt
[ACTUALIZAR PAGOS · AUTO] 🧹 Excel MULTAS_SIGEMI_CRUCE eliminado (ya usado en el cruce): backend/descargas/cache_actas_cruce/MULTAS_SIGEMI_CRUCE.xlsx
[ACTUALIZAR PAGOS · AUTO] 🧹 Excel MULTAS_JUZGADO_CRUCE eliminado (ya usado en el cruce): backend/descargas/cache_actas_cruce/MULTAS_JUZGADO_CRUCE.xlsx
[ACTUALIZAR PAGOS · AUTO] ✅ CompararActasPaso finalizado. (⏱ 47.6s)
[ACTUALIZAR PAGOS · AUTO] ✓ [CompararActasPaso] Completado.
[ACTUALIZAR PAGOS · AUTO] ▶ [CargarPagosPaso] Iniciando...
[ACTUALIZAR PAGOS · AUTO] ==================================================
[ACTUALIZAR PAGOS · AUTO] 🚀 PASO: CargarPagosPaso
[ACTUALIZAR PAGOS · AUTO] ==================================================
[ACTUALIZAR PAGOS · AUTO] 📤 Subiendo TXT de pagos al SEMyT...
[ACTUALIZAR PAGOS · AUTO] ✅ Importación de pagos completada con éxito.
[ACTUALIZAR PAGOS · AUTO] ✅ Archivo TXT de pagos cargado en el SEMyT correctamente.
[ACTUALIZAR PAGOS · AUTO] ✅ CargarPagosPaso finalizado. (⏱ 3.1s)
[ACTUALIZAR PAGOS · AUTO] ✓ [CargarPagosPaso] Completado.
[ACTUALIZAR PAGOS · AUTO] === Ejecución finalizada con éxito ===
🤖 [Automático] Es hora de actualizar pagos. Arrancando...
[ACTUALIZAR PAGOS · AUTO] === Inicio de ejecución: pagos ===
[ACTUALIZAR PAGOS · AUTO] ▶ [LoginSemytPaso] Iniciando...
[ACTUALIZAR PAGOS · AUTO] ==================================================
[ACTUALIZAR PAGOS · AUTO] 🚀 PASO: LoginSemytPaso
[ACTUALIZAR PAGOS · AUTO] ==================================================
[ACTUALIZAR PAGOS · AUTO] Abriendo SEMyT...
[ACTUALIZAR PAGOS · AUTO] ✅ [SEMyT] Sesión existente detectada. Login omitido.
[ACTUALIZAR PAGOS · AUTO] ✅ LoginSemytPaso finalizado. (⏱ 4.8s)
[ACTUALIZAR PAGOS · AUTO] ✓ [LoginSemytPaso] Completado.
[ACTUALIZAR PAGOS · AUTO] ▶ [LoginJuzgadoPaso] Iniciando...
[ACTUALIZAR PAGOS · AUTO] ==================================================
[ACTUALIZAR PAGOS · AUTO] 🚀 PASO: LoginJuzgadoPaso
[ACTUALIZAR PAGOS · AUTO] ==================================================
[ACTUALIZAR PAGOS · AUTO] Abriendo sitio municipalidad (CiDi)...
[ACTUALIZAR PAGOS · AUTO] ✅ [Juzgado] Sesión existente detectada. Login omitido.
[ACTUALIZAR PAGOS · AUTO] ✅ LoginJuzgadoPaso finalizado. (⏱ 1.3s)
[ACTUALIZAR PAGOS · AUTO] ✓ [LoginJuzgadoPaso] Completado.
[ACTUALIZAR PAGOS · AUTO] ▶ [DescargasParalelasPaso] Iniciando...
[ACTUALIZAR PAGOS · AUTO] ==================================================
[ACTUALIZAR PAGOS · AUTO] 🚀 PASO: DescargasParalelasPaso
[ACTUALIZAR PAGOS · AUTO] ==================================================
[ACTUALIZAR PAGOS · AUTO] 📤 Arrancando las 3 descargas en paralelo (mismo browser, páginas separadas)...
[ACTUALIZAR PAGOS · AUTO] Fecha Desde: 27/06/2024
[ACTUALIZAR PAGOS · AUTO] Fecha Hasta: 24/11/2025
[ACTUALIZAR PAGOS · AUTO] Fecha Desde: 25/11/2025
[ACTUALIZAR PAGOS · AUTO] Fecha Hasta: 23/07/2026
[ACTUALIZAR PAGOS · AUTO] Descargando Excel...
[ACTUALIZAR PAGOS · AUTO] Descargando Excel...
⏳ [Automático] Tocaba disparar 'pagos' pero ya hay una ejecución en curso (Actualizar pagos); esperando a que termine; se reintenta en breve sin perder el turno.
[ACTUALIZAR PAGOS · AUTO] Archivo descargado en: backend/descargas/cache_actas_cruce/MULTAS_JUZGADO_CRUCE.xlsx
[ACTUALIZAR PAGOS · AUTO] ⏱ [actas_juzgado] completado en 18.1s
[ACTUALIZAR PAGOS · AUTO] Archivo descargado en: backend/descargas/cache_actas_cruce/MULTAS_SIGEMI_CRUCE.xlsx
[ACTUALIZAR PAGOS · AUTO] ⏱ [actas_sigemi] completado en 38.3s
[ACTUALIZAR PAGOS · AUTO] ✅ TXT de pagos descargado en: backend/descargas/pagos/2026-07-23/PAGOS DESCARGADOS.txt
[ACTUALIZAR PAGOS · AUTO] ⏱ [pagos_txt] completado en 38.4s
[ACTUALIZAR PAGOS · AUTO] ⏱ TOTAL descargas en paralelo: 38.4s
[ACTUALIZAR PAGOS · AUTO] ✅ DescargasParalelasPaso finalizado. (⏱ 40.4s)
[ACTUALIZAR PAGOS · AUTO] ✓ [DescargasParalelasPaso] Completado.
[ACTUALIZAR PAGOS · AUTO] ▶ [CompararActasPaso] Iniciando...
[ACTUALIZAR PAGOS · AUTO] ==================================================
[ACTUALIZAR PAGOS · AUTO] 🚀 PASO: CompararActasPaso
[ACTUALIZAR PAGOS · AUTO] ==================================================
[ACTUALIZAR PAGOS · AUTO] 🔍 Comparando actas del SEMyT contra pagos del Juzgado...
[ACTUALIZAR PAGOS · AUTO] ================================================================================
[ACTUALIZAR PAGOS · AUTO] INICIANDO PROCESO DE GENERACIÓN DE PAGOS DESACTUALIZADOS
[ACTUALIZAR PAGOS · AUTO] ================================================================================
[ACTUALIZAR PAGOS · AUTO] 📂 Cargando archivos...
[ACTUALIZAR PAGOS · AUTO]   ✓ Pagos: 16827 registros
[ACTUALIZAR PAGOS · AUTO]   ✓ Excel SIGEMI (multas vencidas viejas): 103587 registros
[ACTUALIZAR PAGOS · AUTO]   ✓ Excel Juzgado (multas vencidas nuevas): 40153 registros
[ACTUALIZAR PAGOS · AUTO] ================================================================================
[ACTUALIZAR PAGOS · AUTO] PASO 1: LLENANDO ACTA_NUMERO (búsqueda por patente + fecha, con desempate por hora)
[ACTUALIZAR PAGOS · AUTO] ================================================================================
[ACTUALIZAR PAGOS · AUTO] 📊 ESTADÍSTICAS DE LLENADO DE ACTAS:
[ACTUALIZAR PAGOS · AUTO]   • Pagos con acta ORIGINAL: 2844
[ACTUALIZAR PAGOS · AUTO]   • Pagos SIN acta (buscados): 13983
[ACTUALIZAR PAGOS · AUTO]   • Pagos LLENADOS exitosamente: 2
[ACTUALIZAR PAGOS · AUTO]   • Pagos NO encontrados en multas: 13981
[ACTUALIZAR PAGOS · AUTO]   • Pagos SIN RESOLVER por desbalance de cantidades: 0
[ACTUALIZAR PAGOS · AUTO] ================================================================================
[ACTUALIZAR PAGOS · AUTO] PASO 1: LLENANDO ACTA_NUMERO (búsqueda por patente + fecha, con desempate por hora)
[ACTUALIZAR PAGOS · AUTO] ================================================================================
[ACTUALIZAR PAGOS · AUTO] 📊 ESTADÍSTICAS DE LLENADO DE ACTAS:
[ACTUALIZAR PAGOS · AUTO]   • Pagos con acta ORIGINAL: 2846
[ACTUALIZAR PAGOS · AUTO]   • Pagos SIN acta (buscados): 13981
[ACTUALIZAR PAGOS · AUTO]   • Pagos LLENADOS exitosamente: 0
[ACTUALIZAR PAGOS · AUTO]   • Pagos NO encontrados en multas: 13981
[ACTUALIZAR PAGOS · AUTO]   • Pagos SIN RESOLVER por desbalance de cantidades: 0
[ACTUALIZAR PAGOS · AUTO] ⏱ PASO 1 (llenar actas): 17.7s
[ACTUALIZAR PAGOS · AUTO] ================================================================================
[ACTUALIZAR PAGOS · AUTO] PASO 2: FILTRANDO PAGOS CON ACTA_NUMERO COMPLETO
[ACTUALIZAR PAGOS · AUTO] ================================================================================
[ACTUALIZAR PAGOS · AUTO] 📊 ESTADÍSTICAS DE FILTRADO:
[ACTUALIZAR PAGOS · AUTO]   • Pagos TOTALES al inicio: 16827
[ACTUALIZAR PAGOS · AUTO]   • Pagos CON acta (MANTIENEN): 2846
[ACTUALIZAR PAGOS · AUTO]   • Pagos RECHAZADOS (sin coincidencias): 13981
[ACTUALIZAR PAGOS · AUTO] ⚠️  Se eliminaron 13981 registros sin número de acta
[ACTUALIZAR PAGOS · AUTO]      (recordá: esto incluye tanto pagos ya actualizados/pagados
[ACTUALIZAR PAGOS · AUTO]       como pagos que quedaron sin resolver por desbalance en el Paso 1)
[ACTUALIZAR PAGOS · AUTO] ================================================================================
[ACTUALIZAR PAGOS · AUTO] PASO 2-bis: CONFIRMANDO VIGENCIA DE PAGOS DEL SISTEMA NUEVO (contra MULTAS_JUZGADO_CRUCE)
[ACTUALIZAR PAGOS · AUTO] ================================================================================
[ACTUALIZAR PAGOS · AUTO]   ⚠ 2844 pago(s) del sistema nuevo descartados: su acta ya no figura como vencida en MULTAS_JUZGADO_CRUCE (SEMyT ya los actualizó).
[ACTUALIZAR PAGOS · AUTO]   • Pagos del sistema nuevo descartados por ya estar actualizados: 2844
[ACTUALIZAR PAGOS · AUTO] ⏱ PASO 2 (filtrar): 1.1s
[ACTUALIZAR PAGOS · AUTO] 📂 Cargando maestro de causas SIGEMI...
[ACTUALIZAR PAGOS · AUTO]   ✓ Causas totales (maestro): 134069 registros
[ACTUALIZAR PAGOS · AUTO] ⏱ PASO 2.5 (causas simplificado): 0.1s
[ACTUALIZAR PAGOS · AUTO] ================================================================================
[ACTUALIZAR PAGOS · AUTO] PASO 2.5: ARMANDO causas.txt SIMPLIFICADO (cruce contra total_causas_sigemi.txt)
[ACTUALIZAR PAGOS · AUTO] ================================================================================
[ACTUALIZAR PAGOS · AUTO]   • Actas vencidas viejas (multas): 103587
[ACTUALIZAR PAGOS · AUTO]   • Causas totales en el maestro SIGEMI: 134069
[ACTUALIZAR PAGOS · AUTO]   • Causas que coinciden (simplificado): 103257
[ACTUALIZAR PAGOS · AUTO]   ✅ Archivo escrito: backend/descargas/causas/causas.txt
[ACTUALIZAR PAGOS · AUTO] ⏱ PASO 2.5 (causas simplificado): 2.5s
[ACTUALIZAR PAGOS · AUTO] ================================================================================
[ACTUALIZAR PAGOS · AUTO] PASO 3: LLENANDO CAUSA_NUMERO (según fecha de cambio de sistema, cruzando por acta + año)
[ACTUALIZAR PAGOS · AUTO] ================================================================================
[ACTUALIZAR PAGOS · AUTO] 📊 ESTADÍSTICAS DE LLENADO DE CAUSAS:
[ACTUALIZAR PAGOS · AUTO]   • Pagos con causa ORIGINAL: 0
[ACTUALIZAR PAGOS · AUTO]   • Causas encontradas en SIGEMI (actas viejas): 2
[ACTUALIZAR PAGOS · AUTO]   • Causas NO encontradas en SIGEMI: 0
[ACTUALIZAR PAGOS · AUTO]   • Causas asignadas automáticamente (actas nuevas): 0
[ACTUALIZAR PAGOS · AUTO] ⏱ PASO 3 (llenar causas): 0.0s
[ACTUALIZAR PAGOS · AUTO] ================================================================================
[ACTUALIZAR PAGOS · AUTO] PASO 4: ORDENANDO POR FECHA Y ACTA_NUMERO
[ACTUALIZAR PAGOS · AUTO] ================================================================================
[ACTUALIZAR PAGOS · AUTO] ✓ Pagos ordenados correctamente
[ACTUALIZAR PAGOS · AUTO]   • Primera entrada: Acta=59341, Fecha=15/10/2024
[ACTUALIZAR PAGOS · AUTO]   • Última entrada: Acta=149059, Fecha=14/05/2025
[ACTUALIZAR PAGOS · AUTO] 📝 Escribiendo archivo de salida...
[ACTUALIZAR PAGOS · AUTO]   ✅ Archivo escrito: backend/descargas/pagos/2026-07-23/PAGOS 20260723 205839.txt
[ACTUALIZAR PAGOS · AUTO]   ✅ Total registros: 368
[ACTUALIZAR PAGOS · AUTO] ⏱ PASO 4 (ordenar y escribir): 0.0s
[ACTUALIZAR PAGOS · AUTO] ================================================================================
[ACTUALIZAR PAGOS · AUTO] ✅ PROCESO COMPLETADO EXITOSAMENTE
[ACTUALIZAR PAGOS · AUTO] ================================================================================
[ACTUALIZAR PAGOS · AUTO] 📊 RESUMEN FINAL DEL PROCESAMIENTO:
[ACTUALIZAR PAGOS · AUTO]   ENTRADA:
[ACTUALIZAR PAGOS · AUTO]     • Pagos originales: 16827
[ACTUALIZAR PAGOS · AUTO]     • Multas SIGEMI cargadas: 103587
[ACTUALIZAR PAGOS · AUTO]     • Multas Juzgado cargadas: 40153
[ACTUALIZAR PAGOS · AUTO]     • Causas simplificadas (usadas para el cruce): 103257
[ACTUALIZAR PAGOS · AUTO]   PROCESO:
[ACTUALIZAR PAGOS · AUTO]     • Pagos rechazados sigemi: 13981
[ACTUALIZAR PAGOS · AUTO]     • Pagos rechazados juzgado: 2844
[ACTUALIZAR PAGOS · AUTO]   SALIDA:
[ACTUALIZAR PAGOS · AUTO]     • Pagos desactualizados procesados: 2
[ACTUALIZAR PAGOS · AUTO]     • Archivo final: backend/descargas/pagos/2026-07-23/PAGOS 20260723 205839.txt
[ACTUALIZAR PAGOS · AUTO]     • Ordenados por fecha: SÍ ✓
[ACTUALIZAR PAGOS · AUTO]     • Todos con ACTA_NUMERO: SÍ ✓
[ACTUALIZAR PAGOS · AUTO]     • Todos con CAUSA_NUMERO: SÍ ✓
[ACTUALIZAR PAGOS · AUTO] ✅ TXT de pagos (ya cruzado con actas y causas) generado en: backend/descargas/pagos/2026-07-23/PAGOS 20260723 205839.txt
[ACTUALIZAR PAGOS · AUTO] 🧹 TXT de pagos crudo eliminado (ya usado en el cruce): backend/descargas/pagos/2026-07-23/PAGOS DESCARGADOS.txt
[ACTUALIZAR PAGOS · AUTO] 🧹 Excel MULTAS_SIGEMI_CRUCE eliminado (ya usado en el cruce): backend/descargas/cache_actas_cruce/MULTAS_SIGEMI_CRUCE.xlsx
[ACTUALIZAR PAGOS · AUTO] 🧹 Excel MULTAS_JUZGADO_CRUCE eliminado (ya usado en el cruce): backend/descargas/cache_actas_cruce/MULTAS_JUZGADO_CRUCE.xlsx
[ACTUALIZAR PAGOS · AUTO] ✅ CompararActasPaso finalizado. (⏱ 47.2s)
[ACTUALIZAR PAGOS · AUTO] ✓ [CompararActasPaso] Completado.
[ACTUALIZAR PAGOS · AUTO] ▶ [CargarPagosPaso] Iniciando...
[ACTUALIZAR PAGOS · AUTO] ==================================================
[ACTUALIZAR PAGOS · AUTO] 🚀 PASO: CargarPagosPaso
[ACTUALIZAR PAGOS · AUTO] ==================================================
[ACTUALIZAR PAGOS · AUTO] 📤 Subiendo TXT de pagos al SEMyT...
[ACTUALIZAR PAGOS · AUTO] ✅ Importación de pagos completada con éxito.
[ACTUALIZAR PAGOS · AUTO] ✅ Archivo TXT de pagos cargado en el SEMyT correctamente.
[ACTUALIZAR PAGOS · AUTO] ✅ CargarPagosPaso finalizado. (⏱ 4.2s)
[ACTUALIZAR PAGOS · AUTO] ✓ [CargarPagosPaso] Completado.
[ACTUALIZAR PAGOS · AUTO] === Ejecución finalizada con éxito ===
🤖 [Automático] Es hora de actualizar pagos. Arrancando...
[ACTUALIZAR PAGOS · AUTO] === Inicio de ejecución: pagos ===
[ACTUALIZAR PAGOS · AUTO] ▶ [LoginSemytPaso] Iniciando...
[ACTUALIZAR PAGOS · AUTO] ==================================================
[ACTUALIZAR PAGOS · AUTO] 🚀 PASO: LoginSemytPaso
[ACTUALIZAR PAGOS · AUTO] ==================================================
[ACTUALIZAR PAGOS · AUTO] Abriendo SEMyT...
[ACTUALIZAR PAGOS · AUTO] ✅ [SEMyT] Sesión existente detectada. Login omitido.
[ACTUALIZAR PAGOS · AUTO] ✅ LoginSemytPaso finalizado. (⏱ 4.2s)
[ACTUALIZAR PAGOS · AUTO] ✓ [LoginSemytPaso] Completado.
[ACTUALIZAR PAGOS · AUTO] ▶ [LoginJuzgadoPaso] Iniciando...
[ACTUALIZAR PAGOS · AUTO] ==================================================
[ACTUALIZAR PAGOS · AUTO] 🚀 PASO: LoginJuzgadoPaso
[ACTUALIZAR PAGOS · AUTO] ==================================================
[ACTUALIZAR PAGOS · AUTO] Abriendo sitio municipalidad (CiDi)...
[ACTUALIZAR PAGOS · AUTO] ✅ [Juzgado] Sesión existente detectada. Login omitido.
[ACTUALIZAR PAGOS · AUTO] ✅ LoginJuzgadoPaso finalizado. (⏱ 1.3s)
[ACTUALIZAR PAGOS · AUTO] ✓ [LoginJuzgadoPaso] Completado.
[ACTUALIZAR PAGOS · AUTO] ▶ [DescargasParalelasPaso] Iniciando...
[ACTUALIZAR PAGOS · AUTO] ==================================================
[ACTUALIZAR PAGOS · AUTO] 🚀 PASO: DescargasParalelasPaso
[ACTUALIZAR PAGOS · AUTO] ==================================================
[ACTUALIZAR PAGOS · AUTO] 📤 Arrancando las 3 descargas en paralelo (mismo browser, páginas separadas)...
[ACTUALIZAR PAGOS · AUTO] Fecha Desde: 27/06/2024
[ACTUALIZAR PAGOS · AUTO] Fecha Hasta: 24/11/2025
[ACTUALIZAR PAGOS · AUTO] Fecha Desde: 25/11/2025
[ACTUALIZAR PAGOS · AUTO] Fecha Hasta: 23/07/2026
[ACTUALIZAR PAGOS · AUTO] Descargando Excel...
[ACTUALIZAR PAGOS · AUTO] Descargando Excel...
⏳ [Automático] Tocaba disparar 'pagos' pero ya hay una ejecución en curso (Actualizar pagos); esperando a que termine; se reintenta en breve sin perder el turno.
[ACTUALIZAR PAGOS · AUTO] Archivo descargado en: backend/descargas/cache_actas_cruce/MULTAS_JUZGADO_CRUCE.xlsx
[ACTUALIZAR PAGOS · AUTO] ⏱ [actas_juzgado] completado en 18.4s
[ACTUALIZAR PAGOS · AUTO] Archivo descargado en: backend/descargas/cache_actas_cruce/MULTAS_SIGEMI_CRUCE.xlsx
[ACTUALIZAR PAGOS · AUTO] ⏱ [actas_sigemi] completado en 40.3s
[ACTUALIZAR PAGOS · AUTO] ✅ TXT de pagos descargado en: backend/descargas/pagos/2026-07-23/PAGOS DESCARGADOS.txt
[ACTUALIZAR PAGOS · AUTO] ⏱ [pagos_txt] completado en 40.4s
[ACTUALIZAR PAGOS · AUTO] ⏱ TOTAL descargas en paralelo: 40.4s
[ACTUALIZAR PAGOS · AUTO] ✅ DescargasParalelasPaso finalizado. (⏱ 41.7s)
[ACTUALIZAR PAGOS · AUTO] ✓ [DescargasParalelasPaso] Completado.
[ACTUALIZAR PAGOS · AUTO] ▶ [CompararActasPaso] Iniciando...
[ACTUALIZAR PAGOS · AUTO] ==================================================
[ACTUALIZAR PAGOS · AUTO] 🚀 PASO: CompararActasPaso
[ACTUALIZAR PAGOS · AUTO] ==================================================
[ACTUALIZAR PAGOS · AUTO] 🔍 Comparando actas del SEMyT contra pagos del Juzgado...
[ACTUALIZAR PAGOS · AUTO] ================================================================================
[ACTUALIZAR PAGOS · AUTO] INICIANDO PROCESO DE GENERACIÓN DE PAGOS DESACTUALIZADOS
[ACTUALIZAR PAGOS · AUTO] ================================================================================
[ACTUALIZAR PAGOS · AUTO] 📂 Cargando archivos...
[ACTUALIZAR PAGOS · AUTO]   ✓ Pagos: 16828 registros
[ACTUALIZAR PAGOS · AUTO]   ✓ Excel SIGEMI (multas vencidas viejas): 103585 registros
[ACTUALIZAR PAGOS · AUTO]   ✓ Excel Juzgado (multas vencidas nuevas): 40153 registros
[ACTUALIZAR PAGOS · AUTO] ================================================================================
[ACTUALIZAR PAGOS · AUTO] PASO 1: LLENANDO ACTA_NUMERO (búsqueda por patente + fecha, con desempate por hora)
[ACTUALIZAR PAGOS · AUTO] ================================================================================
[ACTUALIZAR PAGOS · AUTO] 📊 ESTADÍSTICAS DE LLENADO DE ACTAS:
[ACTUALIZAR PAGOS · AUTO]   • Pagos con acta ORIGINAL: 2845
[ACTUALIZAR PAGOS · AUTO]   • Pagos SIN acta (buscados): 13983
[ACTUALIZAR PAGOS · AUTO]   • Pagos LLENADOS exitosamente: 0
[ACTUALIZAR PAGOS · AUTO]   • Pagos NO encontrados en multas: 13983
[ACTUALIZAR PAGOS · AUTO]   • Pagos SIN RESOLVER por desbalance de cantidades: 0
[ACTUALIZAR PAGOS · AUTO] ================================================================================
[ACTUALIZAR PAGOS · AUTO] PASO 1: LLENANDO ACTA_NUMERO (búsqueda por patente + fecha, con desempate por hora)
[ACTUALIZAR PAGOS · AUTO] ================================================================================
[ACTUALIZAR PAGOS · AUTO] 📊 ESTADÍSTICAS DE LLENADO DE ACTAS:
[ACTUALIZAR PAGOS · AUTO]   • Pagos con acta ORIGINAL: 2845
[ACTUALIZAR PAGOS · AUTO]   • Pagos SIN acta (buscados): 13983
[ACTUALIZAR PAGOS · AUTO]   • Pagos LLENADOS exitosamente: 0
[ACTUALIZAR PAGOS · AUTO]   • Pagos NO encontrados en multas: 13983
[ACTUALIZAR PAGOS · AUTO]   • Pagos SIN RESOLVER por desbalance de cantidades: 0
[ACTUALIZAR PAGOS · AUTO] ⏱ PASO 1 (llenar actas): 17.5s
[ACTUALIZAR PAGOS · AUTO] ================================================================================
[ACTUALIZAR PAGOS · AUTO] PASO 2: FILTRANDO PAGOS CON ACTA_NUMERO COMPLETO
[ACTUALIZAR PAGOS · AUTO] ================================================================================
[ACTUALIZAR PAGOS · AUTO] 📊 ESTADÍSTICAS DE FILTRADO:
[ACTUALIZAR PAGOS · AUTO]   • Pagos TOTALES al inicio: 16828
[ACTUALIZAR PAGOS · AUTO]   • Pagos CON acta (MANTIENEN): 2845
[ACTUALIZAR PAGOS · AUTO]   • Pagos RECHAZADOS (sin coincidencias): 13983
[ACTUALIZAR PAGOS · AUTO] ⚠️  Se eliminaron 13983 registros sin número de acta
[ACTUALIZAR PAGOS · AUTO]      (recordá: esto incluye tanto pagos ya actualizados/pagados
[ACTUALIZAR PAGOS · AUTO]       como pagos que quedaron sin resolver por desbalance en el Paso 1)
[ACTUALIZAR PAGOS · AUTO] ================================================================================
[ACTUALIZAR PAGOS · AUTO] PASO 2-bis: CONFIRMANDO VIGENCIA DE PAGOS DEL SISTEMA NUEVO (contra MULTAS_JUZGADO_CRUCE)
[ACTUALIZAR PAGOS · AUTO] ================================================================================
[ACTUALIZAR PAGOS · AUTO]   ⚠ 2844 pago(s) del sistema nuevo descartados: su acta ya no figura como vencida en MULTAS_JUZGADO_CRUCE (SEMyT ya los actualizó).
[ACTUALIZAR PAGOS · AUTO]   • Pagos del sistema nuevo descartados por ya estar actualizados: 2844
[ACTUALIZAR PAGOS · AUTO] ⏱ PASO 2 (filtrar): 1.1s
[ACTUALIZAR PAGOS · AUTO] 📂 Cargando maestro de causas SIGEMI...
[ACTUALIZAR PAGOS · AUTO]   ✓ Causas totales (maestro): 134069 registros
[ACTUALIZAR PAGOS · AUTO] ⏱ PASO 2.5 (causas simplificado): 0.1s
[ACTUALIZAR PAGOS · AUTO] ================================================================================
[ACTUALIZAR PAGOS · AUTO] PASO 2.5: ARMANDO causas.txt SIMPLIFICADO (cruce contra total_causas_sigemi.txt)
[ACTUALIZAR PAGOS · AUTO] ================================================================================
[ACTUALIZAR PAGOS · AUTO]   • Actas vencidas viejas (multas): 103585
[ACTUALIZAR PAGOS · AUTO]   • Causas totales en el maestro SIGEMI: 134069
[ACTUALIZAR PAGOS · AUTO]   • Causas que coinciden (simplificado): 103255
[ACTUALIZAR PAGOS · AUTO]   ✅ Archivo escrito: backend/descargas/causas/causas.txt
[ACTUALIZAR PAGOS · AUTO] ⏱ PASO 2.5 (causas simplificado): 2.4s
[ACTUALIZAR PAGOS · AUTO] ================================================================================
[ACTUALIZAR PAGOS · AUTO] PASO 3: LLENANDO CAUSA_NUMERO (según fecha de cambio de sistema, cruzando por acta + año)
[ACTUALIZAR PAGOS · AUTO] ================================================================================
[ACTUALIZAR PAGOS · AUTO] 📊 ESTADÍSTICAS DE LLENADO DE CAUSAS:
[ACTUALIZAR PAGOS · AUTO]   • Pagos con causa ORIGINAL: 1
[ACTUALIZAR PAGOS · AUTO]   • Causas encontradas en SIGEMI (actas viejas): 0
[ACTUALIZAR PAGOS · AUTO]   • Causas NO encontradas en SIGEMI: 0
[ACTUALIZAR PAGOS · AUTO]   • Causas asignadas automáticamente (actas nuevas): 0
[ACTUALIZAR PAGOS · AUTO] ⏱ PASO 3 (llenar causas): 0.0s
[ACTUALIZAR PAGOS · AUTO] ================================================================================
[ACTUALIZAR PAGOS · AUTO] PASO 4: ORDENANDO POR FECHA Y ACTA_NUMERO
[ACTUALIZAR PAGOS · AUTO] ================================================================================
[ACTUALIZAR PAGOS · AUTO] ✓ Pagos ordenados correctamente
[ACTUALIZAR PAGOS · AUTO]   • Primera entrada: Acta=245003, Fecha=11/12/2025
[ACTUALIZAR PAGOS · AUTO]   • Última entrada: Acta=245003, Fecha=11/12/2025
[ACTUALIZAR PAGOS · AUTO] 📝 Escribiendo archivo de salida...
[ACTUALIZAR PAGOS · AUTO]   ✅ Archivo escrito: backend/descargas/pagos/2026-07-23/PAGOS 20260723 211030.txt
[ACTUALIZAR PAGOS · AUTO]   ✅ Total registros: 259
[ACTUALIZAR PAGOS · AUTO] ⏱ PASO 4 (ordenar y escribir): 0.0s
[ACTUALIZAR PAGOS · AUTO] ================================================================================
[ACTUALIZAR PAGOS · AUTO] ✅ PROCESO COMPLETADO EXITOSAMENTE
[ACTUALIZAR PAGOS · AUTO] ================================================================================
[ACTUALIZAR PAGOS · AUTO] 📊 RESUMEN FINAL DEL PROCESAMIENTO:
[ACTUALIZAR PAGOS · AUTO]   ENTRADA:
[ACTUALIZAR PAGOS · AUTO]     • Pagos originales: 16828
[ACTUALIZAR PAGOS · AUTO]     • Multas SIGEMI cargadas: 103585
[ACTUALIZAR PAGOS · AUTO]     • Multas Juzgado cargadas: 40153
[ACTUALIZAR PAGOS · AUTO]     • Causas simplificadas (usadas para el cruce): 103255
[ACTUALIZAR PAGOS · AUTO]   PROCESO:
[ACTUALIZAR PAGOS · AUTO]     • Pagos rechazados sigemi: 13983
[ACTUALIZAR PAGOS · AUTO]     • Pagos rechazados juzgado: 2844
[ACTUALIZAR PAGOS · AUTO]   SALIDA:
[ACTUALIZAR PAGOS · AUTO]     • Pagos desactualizados procesados: 1
[ACTUALIZAR PAGOS · AUTO]     • Archivo final: backend/descargas/pagos/2026-07-23/PAGOS 20260723 211030.txt
[ACTUALIZAR PAGOS · AUTO]     • Ordenados por fecha: SÍ ✓
[ACTUALIZAR PAGOS · AUTO]     • Todos con ACTA_NUMERO: SÍ ✓
[ACTUALIZAR PAGOS · AUTO]     • Todos con CAUSA_NUMERO: SÍ ✓
[ACTUALIZAR PAGOS · AUTO] ✅ TXT de pagos (ya cruzado con actas y causas) generado en: backend/descargas/pagos/2026-07-23/PAGOS 20260723 211030.txt
[ACTUALIZAR PAGOS · AUTO] 🧹 TXT de pagos crudo eliminado (ya usado en el cruce): backend/descargas/pagos/2026-07-23/PAGOS DESCARGADOS.txt
[ACTUALIZAR PAGOS · AUTO] 🧹 Excel MULTAS_SIGEMI_CRUCE eliminado (ya usado en el cruce): backend/descargas/cache_actas_cruce/MULTAS_SIGEMI_CRUCE.xlsx
[ACTUALIZAR PAGOS · AUTO] 🧹 Excel MULTAS_JUZGADO_CRUCE eliminado (ya usado en el cruce): backend/descargas/cache_actas_cruce/MULTAS_JUZGADO_CRUCE.xlsx
[ACTUALIZAR PAGOS · AUTO] ✅ CompararActasPaso finalizado. (⏱ 49.8s)
[ACTUALIZAR PAGOS · AUTO] ✓ [CompararActasPaso] Completado.
[ACTUALIZAR PAGOS · AUTO] ▶ [CargarPagosPaso] Iniciando...
[ACTUALIZAR PAGOS · AUTO] ==================================================
[ACTUALIZAR PAGOS · AUTO] 🚀 PASO: CargarPagosPaso
[ACTUALIZAR PAGOS · AUTO] ==================================================
[ACTUALIZAR PAGOS · AUTO] 📤 Subiendo TXT de pagos al SEMyT...
[ACTUALIZAR PAGOS · AUTO] ✅ Importación de pagos completada con éxito.
[ACTUALIZAR PAGOS · AUTO] ✅ Archivo TXT de pagos cargado en el SEMyT correctamente.
[ACTUALIZAR PAGOS · AUTO] ✅ CargarPagosPaso finalizado. (⏱ 2.8s)
[ACTUALIZAR PAGOS · AUTO] ✓ [CargarPagosPaso] Completado.
[ACTUALIZAR PAGOS · AUTO] === Ejecución finalizada con éxito ===
🤖 [Automático] Es hora de actualizar pagos. Arrancando...
[ACTUALIZAR PAGOS · AUTO] === Inicio de ejecución: pagos ===
[ACTUALIZAR PAGOS · AUTO] ▶ [LoginSemytPaso] Iniciando...
[ACTUALIZAR PAGOS · AUTO] ==================================================
[ACTUALIZAR PAGOS · AUTO] 🚀 PASO: LoginSemytPaso
[ACTUALIZAR PAGOS · AUTO] ==================================================
[ACTUALIZAR PAGOS · AUTO] Abriendo SEMyT...
[ACTUALIZAR PAGOS · AUTO] ✅ [SEMyT] Sesión existente detectada. Login omitido.
[ACTUALIZAR PAGOS · AUTO] ✅ LoginSemytPaso finalizado. (⏱ 3.9s)
[ACTUALIZAR PAGOS · AUTO] ✓ [LoginSemytPaso] Completado.
[ACTUALIZAR PAGOS · AUTO] ▶ [LoginJuzgadoPaso] Iniciando...
[ACTUALIZAR PAGOS · AUTO] ==================================================
[ACTUALIZAR PAGOS · AUTO] 🚀 PASO: LoginJuzgadoPaso
[ACTUALIZAR PAGOS · AUTO] ==================================================
[ACTUALIZAR PAGOS · AUTO] Abriendo sitio municipalidad (CiDi)...
[ACTUALIZAR PAGOS · AUTO] ✅ [Juzgado] Sesión existente detectada. Login omitido.
[ACTUALIZAR PAGOS · AUTO] ✅ LoginJuzgadoPaso finalizado. (⏱ 1.1s)
[ACTUALIZAR PAGOS · AUTO] ✓ [LoginJuzgadoPaso] Completado.
[ACTUALIZAR PAGOS · AUTO] ▶ [DescargasParalelasPaso] Iniciando...
[ACTUALIZAR PAGOS · AUTO] ==================================================
[ACTUALIZAR PAGOS · AUTO] 🚀 PASO: DescargasParalelasPaso
[ACTUALIZAR PAGOS · AUTO] ==================================================
[ACTUALIZAR PAGOS · AUTO] 📤 Arrancando las 3 descargas en paralelo (mismo browser, páginas separadas)...
[ACTUALIZAR PAGOS · AUTO] Fecha Desde: 27/06/2024
[ACTUALIZAR PAGOS · AUTO] Fecha Hasta: 24/11/2025
[ACTUALIZAR PAGOS · AUTO] Fecha Desde: 25/11/2025
[ACTUALIZAR PAGOS · AUTO] Fecha Hasta: 23/07/2026
[ACTUALIZAR PAGOS · AUTO] Descargando Excel...
[ACTUALIZAR PAGOS · AUTO] Descargando Excel...
⏳ [Automático] Tocaba disparar 'pagos' pero ya hay una ejecución en curso (Actualizar pagos); esperando a que termine; se reintenta en breve sin perder el turno.
[ACTUALIZAR PAGOS · AUTO] Archivo descargado en: backend/descargas/cache_actas_cruce/MULTAS_JUZGADO_CRUCE.xlsx
[ACTUALIZAR PAGOS · AUTO] ⏱ [actas_juzgado] completado en 17.7s
[ACTUALIZAR PAGOS · AUTO] Archivo descargado en: backend/descargas/cache_actas_cruce/MULTAS_SIGEMI_CRUCE.xlsx
[ACTUALIZAR PAGOS · AUTO] ⏱ [actas_sigemi] completado en 36.3s
[ACTUALIZAR PAGOS · AUTO] ✅ TXT de pagos descargado en: backend/descargas/pagos/2026-07-23/PAGOS DESCARGADOS.txt
[ACTUALIZAR PAGOS · AUTO] ⏱ [pagos_txt] completado en 36.4s
[ACTUALIZAR PAGOS · AUTO] ⏱ TOTAL descargas en paralelo: 36.4s
[ACTUALIZAR PAGOS · AUTO] ✅ DescargasParalelasPaso finalizado. (⏱ 37.4s)
[ACTUALIZAR PAGOS · AUTO] ✓ [DescargasParalelasPaso] Completado.
[ACTUALIZAR PAGOS · AUTO] ▶ [CompararActasPaso] Iniciando...
[ACTUALIZAR PAGOS · AUTO] ==================================================
[ACTUALIZAR PAGOS · AUTO] 🚀 PASO: CompararActasPaso
[ACTUALIZAR PAGOS · AUTO] ==================================================
[ACTUALIZAR PAGOS · AUTO] 🔍 Comparando actas del SEMyT contra pagos del Juzgado...
[ACTUALIZAR PAGOS · AUTO] ================================================================================
[ACTUALIZAR PAGOS · AUTO] INICIANDO PROCESO DE GENERACIÓN DE PAGOS DESACTUALIZADOS
[ACTUALIZAR PAGOS · AUTO] ================================================================================
[ACTUALIZAR PAGOS · AUTO] 📂 Cargando archivos...
[ACTUALIZAR PAGOS · AUTO]   ✓ Pagos: 16835 registros
[ACTUALIZAR PAGOS · AUTO]   ✓ Excel SIGEMI (multas vencidas viejas): 103585 registros
[ACTUALIZAR PAGOS · AUTO]   ✓ Excel Juzgado (multas vencidas nuevas): 40152 registros
[ACTUALIZAR PAGOS · AUTO] ================================================================================
[ACTUALIZAR PAGOS · AUTO] PASO 1: LLENANDO ACTA_NUMERO (búsqueda por patente + fecha, con desempate por hora)
[ACTUALIZAR PAGOS · AUTO] ================================================================================
[ACTUALIZAR PAGOS · AUTO] 📊 ESTADÍSTICAS DE LLENADO DE ACTAS:
[ACTUALIZAR PAGOS · AUTO]   • Pagos con acta ORIGINAL: 2852
[ACTUALIZAR PAGOS · AUTO]   • Pagos SIN acta (buscados): 13983
[ACTUALIZAR PAGOS · AUTO]   • Pagos LLENADOS exitosamente: 0
[ACTUALIZAR PAGOS · AUTO]   • Pagos NO encontrados en multas: 13983
[ACTUALIZAR PAGOS · AUTO]   • Pagos SIN RESOLVER por desbalance de cantidades: 0
[ACTUALIZAR PAGOS · AUTO] ================================================================================
[ACTUALIZAR PAGOS · AUTO] PASO 1: LLENANDO ACTA_NUMERO (búsqueda por patente + fecha, con desempate por hora)
[ACTUALIZAR PAGOS · AUTO] ================================================================================
[ACTUALIZAR PAGOS · AUTO] 📊 ESTADÍSTICAS DE LLENADO DE ACTAS:
[ACTUALIZAR PAGOS · AUTO]   • Pagos con acta ORIGINAL: 2852
[ACTUALIZAR PAGOS · AUTO]   • Pagos SIN acta (buscados): 13983
[ACTUALIZAR PAGOS · AUTO]   • Pagos LLENADOS exitosamente: 0
[ACTUALIZAR PAGOS · AUTO]   • Pagos NO encontrados en multas: 13983
[ACTUALIZAR PAGOS · AUTO]   • Pagos SIN RESOLVER por desbalance de cantidades: 0
[ACTUALIZAR PAGOS · AUTO] ⏱ PASO 1 (llenar actas): 15.2s
[ACTUALIZAR PAGOS · AUTO] ================================================================================
[ACTUALIZAR PAGOS · AUTO] PASO 2: FILTRANDO PAGOS CON ACTA_NUMERO COMPLETO
[ACTUALIZAR PAGOS · AUTO] ================================================================================
[ACTUALIZAR PAGOS · AUTO] 📊 ESTADÍSTICAS DE FILTRADO:
[ACTUALIZAR PAGOS · AUTO]   • Pagos TOTALES al inicio: 16835
[ACTUALIZAR PAGOS · AUTO]   • Pagos CON acta (MANTIENEN): 2852
[ACTUALIZAR PAGOS · AUTO]   • Pagos RECHAZADOS (sin coincidencias): 13983
[ACTUALIZAR PAGOS · AUTO] ⚠️  Se eliminaron 13983 registros sin número de acta
[ACTUALIZAR PAGOS · AUTO]      (recordá: esto incluye tanto pagos ya actualizados/pagados
[ACTUALIZAR PAGOS · AUTO]       como pagos que quedaron sin resolver por desbalance en el Paso 1)
[ACTUALIZAR PAGOS · AUTO] ================================================================================
[ACTUALIZAR PAGOS · AUTO] PASO 2-bis: CONFIRMANDO VIGENCIA DE PAGOS DEL SISTEMA NUEVO (contra MULTAS_JUZGADO_CRUCE)
[ACTUALIZAR PAGOS · AUTO] ================================================================================
[ACTUALIZAR PAGOS · AUTO]   ⚠ 2845 pago(s) del sistema nuevo descartados: su acta ya no figura como vencida en MULTAS_JUZGADO_CRUCE (SEMyT ya los actualizó).
[ACTUALIZAR PAGOS · AUTO]   • Pagos del sistema nuevo descartados por ya estar actualizados: 2845
[ACTUALIZAR PAGOS · AUTO] ⏱ PASO 2 (filtrar): 0.9s
[ACTUALIZAR PAGOS · AUTO] 📂 Cargando maestro de causas SIGEMI...
[ACTUALIZAR PAGOS · AUTO]   ✓ Causas totales (maestro): 134069 registros
[ACTUALIZAR PAGOS · AUTO] ⏱ PASO 2.5 (causas simplificado): 0.2s
[ACTUALIZAR PAGOS · AUTO] ================================================================================
[ACTUALIZAR PAGOS · AUTO] PASO 2.5: ARMANDO causas.txt SIMPLIFICADO (cruce contra total_causas_sigemi.txt)
[ACTUALIZAR PAGOS · AUTO] ================================================================================
[ACTUALIZAR PAGOS · AUTO]   • Actas vencidas viejas (multas): 103585
[ACTUALIZAR PAGOS · AUTO]   • Causas totales en el maestro SIGEMI: 134069
[ACTUALIZAR PAGOS · AUTO]   • Causas que coinciden (simplificado): 103255
[ACTUALIZAR PAGOS · AUTO]   ✅ Archivo escrito: backend/descargas/causas/causas.txt
[ACTUALIZAR PAGOS · AUTO] ⏱ PASO 2.5 (causas simplificado): 2.4s
[ACTUALIZAR PAGOS · AUTO] ================================================================================
[ACTUALIZAR PAGOS · AUTO] PASO 3: LLENANDO CAUSA_NUMERO (según fecha de cambio de sistema, cruzando por acta + año)
[ACTUALIZAR PAGOS · AUTO] ================================================================================
[ACTUALIZAR PAGOS · AUTO] 📊 ESTADÍSTICAS DE LLENADO DE CAUSAS:
[ACTUALIZAR PAGOS · AUTO]   • Pagos con causa ORIGINAL: 7
[ACTUALIZAR PAGOS · AUTO]   • Causas encontradas en SIGEMI (actas viejas): 0
[ACTUALIZAR PAGOS · AUTO]   • Causas NO encontradas en SIGEMI: 0
[ACTUALIZAR PAGOS · AUTO]   • Causas asignadas automáticamente (actas nuevas): 0
[ACTUALIZAR PAGOS · AUTO] ⏱ PASO 3 (llenar causas): 0.0s
[ACTUALIZAR PAGOS · AUTO] ================================================================================
[ACTUALIZAR PAGOS · AUTO] PASO 4: ORDENANDO POR FECHA Y ACTA_NUMERO
[ACTUALIZAR PAGOS · AUTO] ================================================================================
[ACTUALIZAR PAGOS · AUTO] ✓ Pagos ordenados correctamente
[ACTUALIZAR PAGOS · AUTO]   • Primera entrada: Acta=245499, Fecha=12/12/2025
[ACTUALIZAR PAGOS · AUTO]   • Última entrada: Acta=273049, Fecha=27/02/2026
[ACTUALIZAR PAGOS · AUTO] 📝 Escribiendo archivo de salida...
[ACTUALIZAR PAGOS · AUTO]   ✅ Archivo escrito: backend/descargas/pagos/2026-07-23/PAGOS 20260723 212214.txt
[ACTUALIZAR PAGOS · AUTO]   ✅ Total registros: 913
[ACTUALIZAR PAGOS · AUTO] ⏱ PASO 4 (ordenar y escribir): 0.0s
[ACTUALIZAR PAGOS · AUTO] ================================================================================
[ACTUALIZAR PAGOS · AUTO] ✅ PROCESO COMPLETADO EXITOSAMENTE
[ACTUALIZAR PAGOS · AUTO] ================================================================================
[ACTUALIZAR PAGOS · AUTO] 📊 RESUMEN FINAL DEL PROCESAMIENTO:
[ACTUALIZAR PAGOS · AUTO]   ENTRADA:
[ACTUALIZAR PAGOS · AUTO]     • Pagos originales: 16835
[ACTUALIZAR PAGOS · AUTO]     • Multas SIGEMI cargadas: 103585
[ACTUALIZAR PAGOS · AUTO]     • Multas Juzgado cargadas: 40152
[ACTUALIZAR PAGOS · AUTO]     • Causas simplificadas (usadas para el cruce): 103255
[ACTUALIZAR PAGOS · AUTO]   PROCESO:
[ACTUALIZAR PAGOS · AUTO]     • Pagos rechazados sigemi: 13983
[ACTUALIZAR PAGOS · AUTO]     • Pagos rechazados juzgado: 2845
[ACTUALIZAR PAGOS · AUTO]   SALIDA:
[ACTUALIZAR PAGOS · AUTO]     • Pagos desactualizados procesados: 7
[ACTUALIZAR PAGOS · AUTO]     • Archivo final: backend/descargas/pagos/2026-07-23/PAGOS 20260723 212214.txt
[ACTUALIZAR PAGOS · AUTO]     • Ordenados por fecha: SÍ ✓
[ACTUALIZAR PAGOS · AUTO]     • Todos con ACTA_NUMERO: SÍ ✓
[ACTUALIZAR PAGOS · AUTO]     • Todos con CAUSA_NUMERO: SÍ ✓
[ACTUALIZAR PAGOS · AUTO] ✅ TXT de pagos (ya cruzado con actas y causas) generado en: backend/descargas/pagos/2026-07-23/PAGOS 20260723 212214.txt
[ACTUALIZAR PAGOS · AUTO] 🧹 TXT de pagos crudo eliminado (ya usado en el cruce): backend/descargas/pagos/2026-07-23/PAGOS DESCARGADOS.txt
[ACTUALIZAR PAGOS · AUTO] 🧹 Excel MULTAS_SIGEMI_CRUCE eliminado (ya usado en el cruce): backend/descargas/cache_actas_cruce/MULTAS_SIGEMI_CRUCE.xlsx
[ACTUALIZAR PAGOS · AUTO] 🧹 Excel MULTAS_JUZGADO_CRUCE eliminado (ya usado en el cruce): backend/descargas/cache_actas_cruce/MULTAS_JUZGADO_CRUCE.xlsx
[ACTUALIZAR PAGOS · AUTO] ✅ CompararActasPaso finalizado. (⏱ 41.2s)
[ACTUALIZAR PAGOS · AUTO] ✓ [CompararActasPaso] Completado.
[ACTUALIZAR PAGOS · AUTO] ▶ [CargarPagosPaso] Iniciando...
[ACTUALIZAR PAGOS · AUTO] ==================================================
[ACTUALIZAR PAGOS · AUTO] 🚀 PASO: CargarPagosPaso
[ACTUALIZAR PAGOS · AUTO] ==================================================
[ACTUALIZAR PAGOS · AUTO] 📤 Subiendo TXT de pagos al SEMyT...
[ACTUALIZAR PAGOS · AUTO] ✅ Importación de pagos completada con éxito.
[ACTUALIZAR PAGOS · AUTO] ✅ Archivo TXT de pagos cargado en el SEMyT correctamente.
[ACTUALIZAR PAGOS · AUTO] ✅ CargarPagosPaso finalizado. (⏱ 2.5s)
[ACTUALIZAR PAGOS · AUTO] ✓ [CargarPagosPaso] Completado.
[ACTUALIZAR PAGOS · AUTO] === Ejecución finalizada con éxito ===
🤖 [Automático] Es hora de actualizar pagos. Arrancando...
[ACTUALIZAR PAGOS · AUTO] === Inicio de ejecución: pagos ===
[ACTUALIZAR PAGOS · AUTO] ▶ [LoginSemytPaso] Iniciando...
[ACTUALIZAR PAGOS · AUTO] ==================================================
[ACTUALIZAR PAGOS · AUTO] 🚀 PASO: LoginSemytPaso
[ACTUALIZAR PAGOS · AUTO] ==================================================
[ACTUALIZAR PAGOS · AUTO] Abriendo SEMyT...
[ACTUALIZAR PAGOS · AUTO] ✅ [SEMyT] Sesión existente detectada. Login omitido.
[ACTUALIZAR PAGOS · AUTO] ✅ LoginSemytPaso finalizado. (⏱ 4.5s)
[ACTUALIZAR PAGOS · AUTO] ✓ [LoginSemytPaso] Completado.
[ACTUALIZAR PAGOS · AUTO] ▶ [LoginJuzgadoPaso] Iniciando...
[ACTUALIZAR PAGOS · AUTO] ==================================================
[ACTUALIZAR PAGOS · AUTO] 🚀 PASO: LoginJuzgadoPaso
[ACTUALIZAR PAGOS · AUTO] ==================================================
[ACTUALIZAR PAGOS · AUTO] Abriendo sitio municipalidad (CiDi)...
[ACTUALIZAR PAGOS · AUTO] ✅ [Juzgado] Sesión existente detectada. Login omitido.
[ACTUALIZAR PAGOS · AUTO] ✅ LoginJuzgadoPaso finalizado. (⏱ 1.6s)
[ACTUALIZAR PAGOS · AUTO] ✓ [LoginJuzgadoPaso] Completado.
[ACTUALIZAR PAGOS · AUTO] ▶ [DescargasParalelasPaso] Iniciando...
[ACTUALIZAR PAGOS · AUTO] ==================================================
[ACTUALIZAR PAGOS · AUTO] 🚀 PASO: DescargasParalelasPaso
[ACTUALIZAR PAGOS · AUTO] ==================================================
[ACTUALIZAR PAGOS · AUTO] 📤 Arrancando las 3 descargas en paralelo (mismo browser, páginas separadas)...
[ACTUALIZAR PAGOS · AUTO] Fecha Desde: 27/06/2024
[ACTUALIZAR PAGOS · AUTO] Fecha Hasta: 24/11/2025
[ACTUALIZAR PAGOS · AUTO] Fecha Desde: 25/11/2025
[ACTUALIZAR PAGOS · AUTO] Fecha Hasta: 23/07/2026
[ACTUALIZAR PAGOS · AUTO] Descargando Excel...
[ACTUALIZAR PAGOS · AUTO] Descargando Excel...
⏳ [Automático] Tocaba disparar 'pagos' pero ya hay una ejecución en curso (Actualizar pagos); esperando a que termine; se reintenta en breve sin perder el turno.
[ACTUALIZAR PAGOS · AUTO] Archivo descargado en: backend/descargas/cache_actas_cruce/MULTAS_JUZGADO_CRUCE.xlsx
[ACTUALIZAR PAGOS · AUTO] ⏱ [actas_juzgado] completado en 19.6s
[ACTUALIZAR PAGOS · AUTO] Archivo descargado en: backend/descargas/cache_actas_cruce/MULTAS_SIGEMI_CRUCE.xlsx
[ACTUALIZAR PAGOS · AUTO] ⏱ [actas_sigemi] completado en 42.1s
[ACTUALIZAR PAGOS · AUTO] ✅ TXT de pagos descargado en: backend/descargas/pagos/2026-07-23/PAGOS DESCARGADOS.txt
[ACTUALIZAR PAGOS · AUTO] ⏱ [pagos_txt] completado en 42.2s
[ACTUALIZAR PAGOS · AUTO] ⏱ TOTAL descargas en paralelo: 42.2s
[ACTUALIZAR PAGOS · AUTO] ✅ DescargasParalelasPaso finalizado. (⏱ 43.7s)
[ACTUALIZAR PAGOS · AUTO] ✓ [DescargasParalelasPaso] Completado.
[ACTUALIZAR PAGOS · AUTO] ▶ [CompararActasPaso] Iniciando...
[ACTUALIZAR PAGOS · AUTO] ==================================================
[ACTUALIZAR PAGOS · AUTO] 🚀 PASO: CompararActasPaso
[ACTUALIZAR PAGOS · AUTO] ==================================================
[ACTUALIZAR PAGOS · AUTO] 🔍 Comparando actas del SEMyT contra pagos del Juzgado...
[ACTUALIZAR PAGOS · AUTO] ================================================================================
[ACTUALIZAR PAGOS · AUTO] INICIANDO PROCESO DE GENERACIÓN DE PAGOS DESACTUALIZADOS
[ACTUALIZAR PAGOS · AUTO] ================================================================================
[ACTUALIZAR PAGOS · AUTO] 📂 Cargando archivos...
[ACTUALIZAR PAGOS · AUTO]   ✓ Pagos: 16837 registros
[ACTUALIZAR PAGOS · AUTO]   ✓ Excel SIGEMI (multas vencidas viejas): 103585 registros
[ACTUALIZAR PAGOS · AUTO]   ✓ Excel Juzgado (multas vencidas nuevas): 40145 registros
[ACTUALIZAR PAGOS · AUTO] ================================================================================
[ACTUALIZAR PAGOS · AUTO] PASO 1: LLENANDO ACTA_NUMERO (búsqueda por patente + fecha, con desempate por hora)
[ACTUALIZAR PAGOS · AUTO] ================================================================================
[ACTUALIZAR PAGOS · AUTO] 📊 ESTADÍSTICAS DE LLENADO DE ACTAS:
[ACTUALIZAR PAGOS · AUTO]   • Pagos con acta ORIGINAL: 2854
[ACTUALIZAR PAGOS · AUTO]   • Pagos SIN acta (buscados): 13983
[ACTUALIZAR PAGOS · AUTO]   • Pagos LLENADOS exitosamente: 0
[ACTUALIZAR PAGOS · AUTO]   • Pagos NO encontrados en multas: 13983
[ACTUALIZAR PAGOS · AUTO]   • Pagos SIN RESOLVER por desbalance de cantidades: 0
[ACTUALIZAR PAGOS · AUTO] ================================================================================
[ACTUALIZAR PAGOS · AUTO] PASO 1: LLENANDO ACTA_NUMERO (búsqueda por patente + fecha, con desempate por hora)
[ACTUALIZAR PAGOS · AUTO] ================================================================================
[ACTUALIZAR PAGOS · AUTO] 📊 ESTADÍSTICAS DE LLENADO DE ACTAS:
[ACTUALIZAR PAGOS · AUTO]   • Pagos con acta ORIGINAL: 2854
[ACTUALIZAR PAGOS · AUTO]   • Pagos SIN acta (buscados): 13983
[ACTUALIZAR PAGOS · AUTO]   • Pagos LLENADOS exitosamente: 0
[ACTUALIZAR PAGOS · AUTO]   • Pagos NO encontrados en multas: 13983
[ACTUALIZAR PAGOS · AUTO]   • Pagos SIN RESOLVER por desbalance de cantidades: 0
[ACTUALIZAR PAGOS · AUTO] ⏱ PASO 1 (llenar actas): 19.3s
[ACTUALIZAR PAGOS · AUTO] ================================================================================
[ACTUALIZAR PAGOS · AUTO] PASO 2: FILTRANDO PAGOS CON ACTA_NUMERO COMPLETO
[ACTUALIZAR PAGOS · AUTO] ================================================================================
[ACTUALIZAR PAGOS · AUTO] 📊 ESTADÍSTICAS DE FILTRADO:
[ACTUALIZAR PAGOS · AUTO]   • Pagos TOTALES al inicio: 16837
[ACTUALIZAR PAGOS · AUTO]   • Pagos CON acta (MANTIENEN): 2854
[ACTUALIZAR PAGOS · AUTO]   • Pagos RECHAZADOS (sin coincidencias): 13983
[ACTUALIZAR PAGOS · AUTO] ⚠️  Se eliminaron 13983 registros sin número de acta
[ACTUALIZAR PAGOS · AUTO]      (recordá: esto incluye tanto pagos ya actualizados/pagados
[ACTUALIZAR PAGOS · AUTO]       como pagos que quedaron sin resolver por desbalance en el Paso 1)
[ACTUALIZAR PAGOS · AUTO] ================================================================================
[ACTUALIZAR PAGOS · AUTO] PASO 2-bis: CONFIRMANDO VIGENCIA DE PAGOS DEL SISTEMA NUEVO (contra MULTAS_JUZGADO_CRUCE)
[ACTUALIZAR PAGOS · AUTO] ================================================================================
[ACTUALIZAR PAGOS · AUTO]   ⚠ 2852 pago(s) del sistema nuevo descartados: su acta ya no figura como vencida en MULTAS_JUZGADO_CRUCE (SEMyT ya los actualizó).
[ACTUALIZAR PAGOS · AUTO]   • Pagos del sistema nuevo descartados por ya estar actualizados: 2852
[ACTUALIZAR PAGOS · AUTO] ⏱ PASO 2 (filtrar): 1.3s
[ACTUALIZAR PAGOS · AUTO] 📂 Cargando maestro de causas SIGEMI...
[ACTUALIZAR PAGOS · AUTO]   ✓ Causas totales (maestro): 134069 registros
[ACTUALIZAR PAGOS · AUTO] ⏱ PASO 2.5 (causas simplificado): 0.2s
[ACTUALIZAR PAGOS · AUTO] ================================================================================
[ACTUALIZAR PAGOS · AUTO] PASO 2.5: ARMANDO causas.txt SIMPLIFICADO (cruce contra total_causas_sigemi.txt)
[ACTUALIZAR PAGOS · AUTO] ================================================================================
[ACTUALIZAR PAGOS · AUTO]   • Actas vencidas viejas (multas): 103585
[ACTUALIZAR PAGOS · AUTO]   • Causas totales en el maestro SIGEMI: 134069
[ACTUALIZAR PAGOS · AUTO]   • Causas que coinciden (simplificado): 103255
[ACTUALIZAR PAGOS · AUTO]   ✅ Archivo escrito: backend/descargas/causas/causas.txt
[ACTUALIZAR PAGOS · AUTO] ⏱ PASO 2.5 (causas simplificado): 3.0s
[ACTUALIZAR PAGOS · AUTO] ================================================================================
[ACTUALIZAR PAGOS · AUTO] PASO 3: LLENANDO CAUSA_NUMERO (según fecha de cambio de sistema, cruzando por acta + año)
[ACTUALIZAR PAGOS · AUTO] ================================================================================
[ACTUALIZAR PAGOS · AUTO] 📊 ESTADÍSTICAS DE LLENADO DE CAUSAS:
[ACTUALIZAR PAGOS · AUTO]   • Pagos con causa ORIGINAL: 2
[ACTUALIZAR PAGOS · AUTO]   • Causas encontradas en SIGEMI (actas viejas): 0
[ACTUALIZAR PAGOS · AUTO]   • Causas NO encontradas en SIGEMI: 0
[ACTUALIZAR PAGOS · AUTO]   • Causas asignadas automáticamente (actas nuevas): 0
[ACTUALIZAR PAGOS · AUTO] ⏱ PASO 3 (llenar causas): 0.0s
[ACTUALIZAR PAGOS · AUTO] ================================================================================
[ACTUALIZAR PAGOS · AUTO] PASO 4: ORDENANDO POR FECHA Y ACTA_NUMERO
[ACTUALIZAR PAGOS · AUTO] ================================================================================
[ACTUALIZAR PAGOS · AUTO] ✓ Pagos ordenados correctamente
[ACTUALIZAR PAGOS · AUTO]   • Primera entrada: Acta=271163, Fecha=25/02/2026
[ACTUALIZAR PAGOS · AUTO]   • Última entrada: Acta=273805, Fecha=02/03/2026
[ACTUALIZAR PAGOS · AUTO] 📝 Escribiendo archivo de salida...
[ACTUALIZAR PAGOS · AUTO]   ✅ Archivo escrito: backend/descargas/pagos/2026-07-23/PAGOS 20260723 213356.txt
[ACTUALIZAR PAGOS · AUTO]   ✅ Total registros: 362
[ACTUALIZAR PAGOS · AUTO] ⏱ PASO 4 (ordenar y escribir): 0.0s
[ACTUALIZAR PAGOS · AUTO] ================================================================================
[ACTUALIZAR PAGOS · AUTO] ✅ PROCESO COMPLETADO EXITOSAMENTE
[ACTUALIZAR PAGOS · AUTO] ================================================================================
[ACTUALIZAR PAGOS · AUTO] 📊 RESUMEN FINAL DEL PROCESAMIENTO:
[ACTUALIZAR PAGOS · AUTO]   ENTRADA:
[ACTUALIZAR PAGOS · AUTO]     • Pagos originales: 16837
[ACTUALIZAR PAGOS · AUTO]     • Multas SIGEMI cargadas: 103585
[ACTUALIZAR PAGOS · AUTO]     • Multas Juzgado cargadas: 40145
[ACTUALIZAR PAGOS · AUTO]     • Causas simplificadas (usadas para el cruce): 103255
[ACTUALIZAR PAGOS · AUTO]   PROCESO:
[ACTUALIZAR PAGOS · AUTO]     • Pagos rechazados sigemi: 13983
[ACTUALIZAR PAGOS · AUTO]     • Pagos rechazados juzgado: 2852
[ACTUALIZAR PAGOS · AUTO]   SALIDA:
[ACTUALIZAR PAGOS · AUTO]     • Pagos desactualizados procesados: 2
[ACTUALIZAR PAGOS · AUTO]     • Archivo final: backend/descargas/pagos/2026-07-23/PAGOS 20260723 213356.txt
[ACTUALIZAR PAGOS · AUTO]     • Ordenados por fecha: SÍ ✓
[ACTUALIZAR PAGOS · AUTO]     • Todos con ACTA_NUMERO: SÍ ✓
[ACTUALIZAR PAGOS · AUTO]     • Todos con CAUSA_NUMERO: SÍ ✓
[ACTUALIZAR PAGOS · AUTO] ✅ TXT de pagos (ya cruzado con actas y causas) generado en: backend/descargas/pagos/2026-07-23/PAGOS 20260723 213356.txt
[ACTUALIZAR PAGOS · AUTO] 🧹 TXT de pagos crudo eliminado (ya usado en el cruce): backend/descargas/pagos/2026-07-23/PAGOS DESCARGADOS.txt
[ACTUALIZAR PAGOS · AUTO] 🧹 Excel MULTAS_SIGEMI_CRUCE eliminado (ya usado en el cruce): backend/descargas/cache_actas_cruce/MULTAS_SIGEMI_CRUCE.xlsx
[ACTUALIZAR PAGOS · AUTO] 🧹 Excel MULTAS_JUZGADO_CRUCE eliminado (ya usado en el cruce): backend/descargas/cache_actas_cruce/MULTAS_JUZGADO_CRUCE.xlsx
[ACTUALIZAR PAGOS · AUTO] ✅ CompararActasPaso finalizado. (⏱ 53.9s)
[ACTUALIZAR PAGOS · AUTO] ✓ [CompararActasPaso] Completado.
[ACTUALIZAR PAGOS · AUTO] ▶ [CargarPagosPaso] Iniciando...
[ACTUALIZAR PAGOS · AUTO] ==================================================
[ACTUALIZAR PAGOS · AUTO] 🚀 PASO: CargarPagosPaso
[ACTUALIZAR PAGOS · AUTO] ==================================================
[ACTUALIZAR PAGOS · AUTO] 📤 Subiendo TXT de pagos al SEMyT...
[ACTUALIZAR PAGOS · AUTO] ✅ Importación de pagos completada con éxito.
[ACTUALIZAR PAGOS · AUTO] ✅ Archivo TXT de pagos cargado en el SEMyT correctamente.
[ACTUALIZAR PAGOS · AUTO] ✅ CargarPagosPaso finalizado. (⏱ 2.6s)
[ACTUALIZAR PAGOS · AUTO] ✓ [CargarPagosPaso] Completado.
[ACTUALIZAR PAGOS · AUTO] === Ejecución finalizada con éxito ===
🤖 [Automático] Es hora de actualizar pagos. Arrancando...
[ACTUALIZAR PAGOS · AUTO] === Inicio de ejecución: pagos ===
[ACTUALIZAR PAGOS · AUTO] ▶ [LoginSemytPaso] Iniciando...
[ACTUALIZAR PAGOS · AUTO] ==================================================
[ACTUALIZAR PAGOS · AUTO] 🚀 PASO: LoginSemytPaso
[ACTUALIZAR PAGOS · AUTO] ==================================================
[ACTUALIZAR PAGOS · AUTO] Abriendo SEMyT...
[ACTUALIZAR PAGOS · AUTO] ✅ [SEMyT] Sesión existente detectada. Login omitido.
[ACTUALIZAR PAGOS · AUTO] ✅ LoginSemytPaso finalizado. (⏱ 4.1s)
[ACTUALIZAR PAGOS · AUTO] ✓ [LoginSemytPaso] Completado.
[ACTUALIZAR PAGOS · AUTO] ▶ [LoginJuzgadoPaso] Iniciando...
[ACTUALIZAR PAGOS · AUTO] ==================================================
[ACTUALIZAR PAGOS · AUTO] 🚀 PASO: LoginJuzgadoPaso
[ACTUALIZAR PAGOS · AUTO] ==================================================
[ACTUALIZAR PAGOS · AUTO] Abriendo sitio municipalidad (CiDi)...
[ACTUALIZAR PAGOS · AUTO] ✅ [Juzgado] Sesión existente detectada. Login omitido.
[ACTUALIZAR PAGOS · AUTO] ✅ LoginJuzgadoPaso finalizado. (⏱ 1.3s)
[ACTUALIZAR PAGOS · AUTO] ✓ [LoginJuzgadoPaso] Completado.
[ACTUALIZAR PAGOS · AUTO] ▶ [DescargasParalelasPaso] Iniciando...
[ACTUALIZAR PAGOS · AUTO] ==================================================
[ACTUALIZAR PAGOS · AUTO] 🚀 PASO: DescargasParalelasPaso
[ACTUALIZAR PAGOS · AUTO] ==================================================
[ACTUALIZAR PAGOS · AUTO] 📤 Arrancando las 3 descargas en paralelo (mismo browser, páginas separadas)...
[ACTUALIZAR PAGOS · AUTO] Fecha Desde: 27/06/2024
[ACTUALIZAR PAGOS · AUTO] Fecha Hasta: 24/11/2025
[ACTUALIZAR PAGOS · AUTO] Fecha Desde: 25/11/2025
[ACTUALIZAR PAGOS · AUTO] Fecha Hasta: 23/07/2026
[ACTUALIZAR PAGOS · AUTO] Descargando Excel...
[ACTUALIZAR PAGOS · AUTO] Descargando Excel...
⏳ [Automático] Tocaba disparar 'pagos' pero ya hay una ejecución en curso (Actualizar pagos); esperando a que termine; se reintenta en breve sin perder el turno.
[ACTUALIZAR PAGOS · AUTO] Archivo descargado en: backend/descargas/cache_actas_cruce/MULTAS_JUZGADO_CRUCE.xlsx
[ACTUALIZAR PAGOS · AUTO] ⏱ [actas_juzgado] completado en 18.5s
[ACTUALIZAR PAGOS · AUTO] Archivo descargado en: backend/descargas/cache_actas_cruce/MULTAS_SIGEMI_CRUCE.xlsx
[ACTUALIZAR PAGOS · AUTO] ⏱ [actas_sigemi] completado en 41.0s
[ACTUALIZAR PAGOS · AUTO] ✅ TXT de pagos descargado en: backend/descargas/pagos/2026-07-23/PAGOS DESCARGADOS.txt
[ACTUALIZAR PAGOS · AUTO] ⏱ [pagos_txt] completado en 41.1s
[ACTUALIZAR PAGOS · AUTO] ⏱ TOTAL descargas en paralelo: 41.1s
[ACTUALIZAR PAGOS · AUTO] ✅ DescargasParalelasPaso finalizado. (⏱ 42.9s)
[ACTUALIZAR PAGOS · AUTO] ✓ [DescargasParalelasPaso] Completado.
[ACTUALIZAR PAGOS · AUTO] ▶ [CompararActasPaso] Iniciando...
[ACTUALIZAR PAGOS · AUTO] ==================================================
[ACTUALIZAR PAGOS · AUTO] 🚀 PASO: CompararActasPaso
[ACTUALIZAR PAGOS · AUTO] ==================================================
[ACTUALIZAR PAGOS · AUTO] 🔍 Comparando actas del SEMyT contra pagos del Juzgado...
[ACTUALIZAR PAGOS · AUTO] ================================================================================
[ACTUALIZAR PAGOS · AUTO] INICIANDO PROCESO DE GENERACIÓN DE PAGOS DESACTUALIZADOS
[ACTUALIZAR PAGOS · AUTO] ================================================================================
[ACTUALIZAR PAGOS · AUTO] 📂 Cargando archivos...
[ACTUALIZAR PAGOS · AUTO]   ✓ Pagos: 16837 registros
[ACTUALIZAR PAGOS · AUTO]   ✓ Excel SIGEMI (multas vencidas viejas): 103585 registros
[ACTUALIZAR PAGOS · AUTO]   ✓ Excel Juzgado (multas vencidas nuevas): 40143 registros
[ACTUALIZAR PAGOS · AUTO] ================================================================================
[ACTUALIZAR PAGOS · AUTO] PASO 1: LLENANDO ACTA_NUMERO (búsqueda por patente + fecha, con desempate por hora)
[ACTUALIZAR PAGOS · AUTO] ================================================================================
[ACTUALIZAR PAGOS · AUTO] 📊 ESTADÍSTICAS DE LLENADO DE ACTAS:
[ACTUALIZAR PAGOS · AUTO]   • Pagos con acta ORIGINAL: 2854
[ACTUALIZAR PAGOS · AUTO]   • Pagos SIN acta (buscados): 13983
[ACTUALIZAR PAGOS · AUTO]   • Pagos LLENADOS exitosamente: 0
[ACTUALIZAR PAGOS · AUTO]   • Pagos NO encontrados en multas: 13983
[ACTUALIZAR PAGOS · AUTO]   • Pagos SIN RESOLVER por desbalance de cantidades: 0
[ACTUALIZAR PAGOS · AUTO] ================================================================================
[ACTUALIZAR PAGOS · AUTO] PASO 1: LLENANDO ACTA_NUMERO (búsqueda por patente + fecha, con desempate por hora)
[ACTUALIZAR PAGOS · AUTO] ================================================================================
[ACTUALIZAR PAGOS · AUTO] 📊 ESTADÍSTICAS DE LLENADO DE ACTAS:
[ACTUALIZAR PAGOS · AUTO]   • Pagos con acta ORIGINAL: 2854
[ACTUALIZAR PAGOS · AUTO]   • Pagos SIN acta (buscados): 13983
[ACTUALIZAR PAGOS · AUTO]   • Pagos LLENADOS exitosamente: 0
[ACTUALIZAR PAGOS · AUTO]   • Pagos NO encontrados en multas: 13983
[ACTUALIZAR PAGOS · AUTO]   • Pagos SIN RESOLVER por desbalance de cantidades: 0
[ACTUALIZAR PAGOS · AUTO] ⏱ PASO 1 (llenar actas): 19.2s
[ACTUALIZAR PAGOS · AUTO] ================================================================================
[ACTUALIZAR PAGOS · AUTO] PASO 2: FILTRANDO PAGOS CON ACTA_NUMERO COMPLETO
[ACTUALIZAR PAGOS · AUTO] ================================================================================
[ACTUALIZAR PAGOS · AUTO] 📊 ESTADÍSTICAS DE FILTRADO:
[ACTUALIZAR PAGOS · AUTO]   • Pagos TOTALES al inicio: 16837
[ACTUALIZAR PAGOS · AUTO]   • Pagos CON acta (MANTIENEN): 2854
[ACTUALIZAR PAGOS · AUTO]   • Pagos RECHAZADOS (sin coincidencias): 13983
[ACTUALIZAR PAGOS · AUTO] ⚠️  Se eliminaron 13983 registros sin número de acta
[ACTUALIZAR PAGOS · AUTO]      (recordá: esto incluye tanto pagos ya actualizados/pagados
[ACTUALIZAR PAGOS · AUTO]       como pagos que quedaron sin resolver por desbalance en el Paso 1)
[ACTUALIZAR PAGOS · AUTO] ================================================================================
[ACTUALIZAR PAGOS · AUTO] PASO 2-bis: CONFIRMANDO VIGENCIA DE PAGOS DEL SISTEMA NUEVO (contra MULTAS_JUZGADO_CRUCE)
[ACTUALIZAR PAGOS · AUTO] ================================================================================
[ACTUALIZAR PAGOS · AUTO]   ⚠ 2854 pago(s) del sistema nuevo descartados: su acta ya no figura como vencida en MULTAS_JUZGADO_CRUCE (SEMyT ya los actualizó).
[ACTUALIZAR PAGOS · AUTO]   • Pagos del sistema nuevo descartados por ya estar actualizados: 2854
[ACTUALIZAR PAGOS · AUTO] ⏱ PASO 2 (filtrar): 1.3s
[ACTUALIZAR PAGOS · AUTO] 📂 Cargando maestro de causas SIGEMI...
[ACTUALIZAR PAGOS · AUTO]   ✓ Causas totales (maestro): 134069 registros
[ACTUALIZAR PAGOS · AUTO] ⏱ PASO 2.5 (causas simplificado): 0.2s
[ACTUALIZAR PAGOS · AUTO] ================================================================================
[ACTUALIZAR PAGOS · AUTO] PASO 2.5: ARMANDO causas.txt SIMPLIFICADO (cruce contra total_causas_sigemi.txt)
[ACTUALIZAR PAGOS · AUTO] ================================================================================
[ACTUALIZAR PAGOS · AUTO]   • Actas vencidas viejas (multas): 103585
[ACTUALIZAR PAGOS · AUTO]   • Causas totales en el maestro SIGEMI: 134069
[ACTUALIZAR PAGOS · AUTO]   • Causas que coinciden (simplificado): 103255
[ACTUALIZAR PAGOS · AUTO]   ✅ Archivo escrito: backend/descargas/causas/causas.txt
[ACTUALIZAR PAGOS · AUTO] ⏱ PASO 2.5 (causas simplificado): 2.9s
[ACTUALIZAR PAGOS · AUTO] ⚠️  NO HAY PAGOS CON ACTA_NUMERO PARA PROCESAR
[ACTUALIZAR PAGOS · AUTO] Creando archivo vacío...
[ACTUALIZAR PAGOS · AUTO] ✅ TXT de pagos (ya cruzado con actas y causas) generado en: backend/descargas/pagos/2026-07-23/PAGOS 20260723 214557.txt
[ACTUALIZAR PAGOS · AUTO] 🧹 TXT de pagos crudo eliminado (ya usado en el cruce): backend/descargas/pagos/2026-07-23/PAGOS DESCARGADOS.txt
[ACTUALIZAR PAGOS · AUTO] 🧹 Excel MULTAS_SIGEMI_CRUCE eliminado (ya usado en el cruce): backend/descargas/cache_actas_cruce/MULTAS_SIGEMI_CRUCE.xlsx
[ACTUALIZAR PAGOS · AUTO] 🧹 Excel MULTAS_JUZGADO_CRUCE eliminado (ya usado en el cruce): backend/descargas/cache_actas_cruce/MULTAS_JUZGADO_CRUCE.xlsx
[ACTUALIZAR PAGOS · AUTO] ✅ CompararActasPaso finalizado. (⏱ 49.8s)
[ACTUALIZAR PAGOS · AUTO] ✓ [CompararActasPaso] Completado.
[ACTUALIZAR PAGOS · AUTO] ▶ [CargarPagosPaso] Iniciando...
[ACTUALIZAR PAGOS · AUTO] ==================================================
[ACTUALIZAR PAGOS · AUTO] 🚀 PASO: CargarPagosPaso
[ACTUALIZAR PAGOS · AUTO] ==================================================
[ACTUALIZAR PAGOS · AUTO] ℹ No se encontraron pagos para actualizar (el TXT final no tiene registros).
[ACTUALIZAR PAGOS · AUTO] 🧹 TXT de pagos sin registros eliminado (nada para subir): backend/descargas/pagos/2026-07-23/PAGOS 20260723 214557.txt
[ACTUALIZAR PAGOS · AUTO] ⏭ Se omite la carga al SEMyT.
[ACTUALIZAR PAGOS · AUTO] ✅ CargarPagosPaso finalizado. (⏱ 0.0s)
[ACTUALIZAR PAGOS · AUTO] ✓ [CargarPagosPaso] Completado.
[ACTUALIZAR PAGOS · AUTO] === Ejecución finalizada con éxito ===
[ACTUALIZAR PAGOS · AUTO] ℹ No se subió ningún archivo a ningún sistema externo en esta corrida: por política, el log detallado no se conserva en disco.
🤖 [Automático] Es hora de actualizar pagos. Arrancando...
[ACTUALIZAR PAGOS · AUTO] === Inicio de ejecución: pagos ===
[ACTUALIZAR PAGOS · AUTO] ▶ [LoginSemytPaso] Iniciando...
[ACTUALIZAR PAGOS · AUTO] ==================================================
[ACTUALIZAR PAGOS · AUTO] 🚀 PASO: LoginSemytPaso
[ACTUALIZAR PAGOS · AUTO] ==================================================
[ACTUALIZAR PAGOS · AUTO] Abriendo SEMyT...
[ACTUALIZAR PAGOS · AUTO] ✅ [SEMyT] Sesión existente detectada. Login omitido.
[ACTUALIZAR PAGOS · AUTO] ✅ LoginSemytPaso finalizado. (⏱ 4.1s)
[ACTUALIZAR PAGOS · AUTO] ✓ [LoginSemytPaso] Completado.
[ACTUALIZAR PAGOS · AUTO] ▶ [LoginJuzgadoPaso] Iniciando...
[ACTUALIZAR PAGOS · AUTO] ==================================================
[ACTUALIZAR PAGOS · AUTO] 🚀 PASO: LoginJuzgadoPaso
[ACTUALIZAR PAGOS · AUTO] ==================================================
[ACTUALIZAR PAGOS · AUTO] Abriendo sitio municipalidad (CiDi)...
[ACTUALIZAR PAGOS · AUTO] ✅ [Juzgado] Sesión existente detectada. Login omitido.
[ACTUALIZAR PAGOS · AUTO] ✅ LoginJuzgadoPaso finalizado. (⏱ 1.1s)
[ACTUALIZAR PAGOS · AUTO] ✓ [LoginJuzgadoPaso] Completado.
[ACTUALIZAR PAGOS · AUTO] ▶ [DescargasParalelasPaso] Iniciando...
[ACTUALIZAR PAGOS · AUTO] ==================================================
[ACTUALIZAR PAGOS · AUTO] 🚀 PASO: DescargasParalelasPaso
[ACTUALIZAR PAGOS · AUTO] ==================================================
[ACTUALIZAR PAGOS · AUTO] 📤 Arrancando las 3 descargas en paralelo (mismo browser, páginas separadas)...
[ACTUALIZAR PAGOS · AUTO] Fecha Desde: 27/06/2024
[ACTUALIZAR PAGOS · AUTO] Fecha Hasta: 24/11/2025
[ACTUALIZAR PAGOS · AUTO] Fecha Desde: 25/11/2025
[ACTUALIZAR PAGOS · AUTO] Fecha Hasta: 23/07/2026
[ACTUALIZAR PAGOS · AUTO] Descargando Excel...
[ACTUALIZAR PAGOS · AUTO] Descargando Excel...
⏳ [Automático] Tocaba disparar 'pagos' pero ya hay una ejecución en curso (Actualizar pagos); esperando a que termine; se reintenta en breve sin perder el turno.
[ACTUALIZAR PAGOS · AUTO] Archivo descargado en: backend/descargas/cache_actas_cruce/MULTAS_JUZGADO_CRUCE.xlsx
[ACTUALIZAR PAGOS · AUTO] ⏱ [actas_juzgado] completado en 17.4s
[ACTUALIZAR PAGOS · AUTO] Archivo descargado en: backend/descargas/cache_actas_cruce/MULTAS_SIGEMI_CRUCE.xlsx
[ACTUALIZAR PAGOS · AUTO] ⏱ [actas_sigemi] completado en 36.2s
[ACTUALIZAR PAGOS · AUTO] ✅ TXT de pagos descargado en: backend/descargas/pagos/2026-07-23/PAGOS DESCARGADOS.txt
[ACTUALIZAR PAGOS · AUTO] ⏱ [pagos_txt] completado en 36.3s
[ACTUALIZAR PAGOS · AUTO] ⏱ TOTAL descargas en paralelo: 36.3s
[ACTUALIZAR PAGOS · AUTO] ✅ DescargasParalelasPaso finalizado. (⏱ 37.5s)
[ACTUALIZAR PAGOS · AUTO] ✓ [DescargasParalelasPaso] Completado.
[ACTUALIZAR PAGOS · AUTO] ▶ [CompararActasPaso] Iniciando...
[ACTUALIZAR PAGOS · AUTO] ==================================================
[ACTUALIZAR PAGOS · AUTO] 🚀 PASO: CompararActasPaso
[ACTUALIZAR PAGOS · AUTO] ==================================================
[ACTUALIZAR PAGOS · AUTO] 🔍 Comparando actas del SEMyT contra pagos del Juzgado...
[ACTUALIZAR PAGOS · AUTO] ================================================================================
[ACTUALIZAR PAGOS · AUTO] INICIANDO PROCESO DE GENERACIÓN DE PAGOS DESACTUALIZADOS
[ACTUALIZAR PAGOS · AUTO] ================================================================================
[ACTUALIZAR PAGOS · AUTO] 📂 Cargando archivos...
[ACTUALIZAR PAGOS · AUTO]   ✓ Pagos: 16837 registros
[ACTUALIZAR PAGOS · AUTO]   ✓ Excel SIGEMI (multas vencidas viejas): 103585 registros
[ACTUALIZAR PAGOS · AUTO]   ✓ Excel Juzgado (multas vencidas nuevas): 40143 registros
[ACTUALIZAR PAGOS · AUTO] ================================================================================
[ACTUALIZAR PAGOS · AUTO] PASO 1: LLENANDO ACTA_NUMERO (búsqueda por patente + fecha, con desempate por hora)
[ACTUALIZAR PAGOS · AUTO] ================================================================================
[ACTUALIZAR PAGOS · AUTO] 📊 ESTADÍSTICAS DE LLENADO DE ACTAS:
[ACTUALIZAR PAGOS · AUTO]   • Pagos con acta ORIGINAL: 2854
[ACTUALIZAR PAGOS · AUTO]   • Pagos SIN acta (buscados): 13983
[ACTUALIZAR PAGOS · AUTO]   • Pagos LLENADOS exitosamente: 0
[ACTUALIZAR PAGOS · AUTO]   • Pagos NO encontrados en multas: 13983
[ACTUALIZAR PAGOS · AUTO]   • Pagos SIN RESOLVER por desbalance de cantidades: 0
[ACTUALIZAR PAGOS · AUTO] ================================================================================
[ACTUALIZAR PAGOS · AUTO] PASO 1: LLENANDO ACTA_NUMERO (búsqueda por patente + fecha, con desempate por hora)
[ACTUALIZAR PAGOS · AUTO] ================================================================================
[ACTUALIZAR PAGOS · AUTO] 📊 ESTADÍSTICAS DE LLENADO DE ACTAS:
[ACTUALIZAR PAGOS · AUTO]   • Pagos con acta ORIGINAL: 2854
[ACTUALIZAR PAGOS · AUTO]   • Pagos SIN acta (buscados): 13983
[ACTUALIZAR PAGOS · AUTO]   • Pagos LLENADOS exitosamente: 0
[ACTUALIZAR PAGOS · AUTO]   • Pagos NO encontrados en multas: 13983
[ACTUALIZAR PAGOS · AUTO]   • Pagos SIN RESOLVER por desbalance de cantidades: 0
[ACTUALIZAR PAGOS · AUTO] ⏱ PASO 1 (llenar actas): 16.8s
[ACTUALIZAR PAGOS · AUTO] ================================================================================
[ACTUALIZAR PAGOS · AUTO] PASO 2: FILTRANDO PAGOS CON ACTA_NUMERO COMPLETO
[ACTUALIZAR PAGOS · AUTO] ================================================================================
[ACTUALIZAR PAGOS · AUTO] 📊 ESTADÍSTICAS DE FILTRADO:
[ACTUALIZAR PAGOS · AUTO]   • Pagos TOTALES al inicio: 16837
[ACTUALIZAR PAGOS · AUTO]   • Pagos CON acta (MANTIENEN): 2854
[ACTUALIZAR PAGOS · AUTO]   • Pagos RECHAZADOS (sin coincidencias): 13983
[ACTUALIZAR PAGOS · AUTO] ⚠️  Se eliminaron 13983 registros sin número de acta
[ACTUALIZAR PAGOS · AUTO]      (recordá: esto incluye tanto pagos ya actualizados/pagados
[ACTUALIZAR PAGOS · AUTO]       como pagos que quedaron sin resolver por desbalance en el Paso 1)
[ACTUALIZAR PAGOS · AUTO] ================================================================================
[ACTUALIZAR PAGOS · AUTO] PASO 2-bis: CONFIRMANDO VIGENCIA DE PAGOS DEL SISTEMA NUEVO (contra MULTAS_JUZGADO_CRUCE)
[ACTUALIZAR PAGOS · AUTO] ================================================================================
[ACTUALIZAR PAGOS · AUTO]   ⚠ 2854 pago(s) del sistema nuevo descartados: su acta ya no figura como vencida en MULTAS_JUZGADO_CRUCE (SEMyT ya los actualizó).
[ACTUALIZAR PAGOS · AUTO]   • Pagos del sistema nuevo descartados por ya estar actualizados: 2854
[ACTUALIZAR PAGOS · AUTO] ⏱ PASO 2 (filtrar): 1.2s
[ACTUALIZAR PAGOS · AUTO] 📂 Cargando maestro de causas SIGEMI...
[ACTUALIZAR PAGOS · AUTO]   ✓ Causas totales (maestro): 134069 registros
[ACTUALIZAR PAGOS · AUTO] ⏱ PASO 2.5 (causas simplificado): 0.2s
[ACTUALIZAR PAGOS · AUTO] ================================================================================
[ACTUALIZAR PAGOS · AUTO] PASO 2.5: ARMANDO causas.txt SIMPLIFICADO (cruce contra total_causas_sigemi.txt)
[ACTUALIZAR PAGOS · AUTO] ================================================================================
[ACTUALIZAR PAGOS · AUTO]   • Actas vencidas viejas (multas): 103585
[ACTUALIZAR PAGOS · AUTO]   • Causas totales en el maestro SIGEMI: 134069
[ACTUALIZAR PAGOS · AUTO]   • Causas que coinciden (simplificado): 103255
[ACTUALIZAR PAGOS · AUTO]   ✅ Archivo escrito: backend/descargas/causas/causas.txt
[ACTUALIZAR PAGOS · AUTO] ⏱ PASO 2.5 (causas simplificado): 3.0s
[ACTUALIZAR PAGOS · AUTO] ⚠️  NO HAY PAGOS CON ACTA_NUMERO PARA PROCESAR
[ACTUALIZAR PAGOS · AUTO] Creando archivo vacío...
[ACTUALIZAR PAGOS · AUTO] ✅ TXT de pagos (ya cruzado con actas y causas) generado en: backend/descargas/pagos/2026-07-23/PAGOS 20260723 215741.txt
[ACTUALIZAR PAGOS · AUTO] 🧹 TXT de pagos crudo eliminado (ya usado en el cruce): backend/descargas/pagos/2026-07-23/PAGOS DESCARGADOS.txt
[ACTUALIZAR PAGOS · AUTO] 🧹 Excel MULTAS_SIGEMI_CRUCE eliminado (ya usado en el cruce): backend/descargas/cache_actas_cruce/MULTAS_SIGEMI_CRUCE.xlsx
[ACTUALIZAR PAGOS · AUTO] 🧹 Excel MULTAS_JUZGADO_CRUCE eliminado (ya usado en el cruce): backend/descargas/cache_actas_cruce/MULTAS_JUZGADO_CRUCE.xlsx
[ACTUALIZAR PAGOS · AUTO] ✅ CompararActasPaso finalizado. (⏱ 46.8s)
[ACTUALIZAR PAGOS · AUTO] ✓ [CompararActasPaso] Completado.
[ACTUALIZAR PAGOS · AUTO] ▶ [CargarPagosPaso] Iniciando...
[ACTUALIZAR PAGOS · AUTO] ==================================================
[ACTUALIZAR PAGOS · AUTO] 🚀 PASO: CargarPagosPaso
[ACTUALIZAR PAGOS · AUTO] ==================================================
[ACTUALIZAR PAGOS · AUTO] ℹ No se encontraron pagos para actualizar (el TXT final no tiene registros).
[ACTUALIZAR PAGOS · AUTO] 🧹 TXT de pagos sin registros eliminado (nada para subir): backend/descargas/pagos/2026-07-23/PAGOS 20260723 215741.txt
[ACTUALIZAR PAGOS · AUTO] ⏭ Se omite la carga al SEMyT.
[ACTUALIZAR PAGOS · AUTO] ✅ CargarPagosPaso finalizado. (⏱ 0.0s)
[ACTUALIZAR PAGOS · AUTO] ✓ [CargarPagosPaso] Completado.
[ACTUALIZAR PAGOS · AUTO] === Ejecución finalizada con éxito ===
[ACTUALIZAR PAGOS · AUTO] ℹ No se subió ningún archivo a ningún sistema externo en esta corrida: por política, el log detallado no se conserva en disco.
🤖 [Automático] Es hora de actualizar pagos. Arrancando...
[ACTUALIZAR PAGOS · AUTO] === Inicio de ejecución: pagos ===
[ACTUALIZAR PAGOS · AUTO] ▶ [LoginSemytPaso] Iniciando...
[ACTUALIZAR PAGOS · AUTO] ==================================================
[ACTUALIZAR PAGOS · AUTO] 🚀 PASO: LoginSemytPaso
[ACTUALIZAR PAGOS · AUTO] ==================================================
[ACTUALIZAR PAGOS · AUTO] Abriendo SEMyT...
[ACTUALIZAR PAGOS · AUTO] ✅ [SEMyT] Sesión existente detectada. Login omitido.
[ACTUALIZAR PAGOS · AUTO] ✅ LoginSemytPaso finalizado. (⏱ 3.9s)
[ACTUALIZAR PAGOS · AUTO] ✓ [LoginSemytPaso] Completado.
[ACTUALIZAR PAGOS · AUTO] ▶ [LoginJuzgadoPaso] Iniciando...
[ACTUALIZAR PAGOS · AUTO] ==================================================
[ACTUALIZAR PAGOS · AUTO] 🚀 PASO: LoginJuzgadoPaso
[ACTUALIZAR PAGOS · AUTO] ==================================================
[ACTUALIZAR PAGOS · AUTO] Abriendo sitio municipalidad (CiDi)...
[ACTUALIZAR PAGOS · AUTO] ✅ [Juzgado] Sesión existente detectada. Login omitido.
[ACTUALIZAR PAGOS · AUTO] ✅ LoginJuzgadoPaso finalizado. (⏱ 1.4s)
[ACTUALIZAR PAGOS · AUTO] ✓ [LoginJuzgadoPaso] Completado.
[ACTUALIZAR PAGOS · AUTO] ▶ [DescargasParalelasPaso] Iniciando...
[ACTUALIZAR PAGOS · AUTO] ==================================================
[ACTUALIZAR PAGOS · AUTO] 🚀 PASO: DescargasParalelasPaso
[ACTUALIZAR PAGOS · AUTO] ==================================================
[ACTUALIZAR PAGOS · AUTO] 📤 Arrancando las 3 descargas en paralelo (mismo browser, páginas separadas)...
[ACTUALIZAR PAGOS · AUTO] Fecha Desde: 27/06/2024
[ACTUALIZAR PAGOS · AUTO] Fecha Hasta: 24/11/2025
[ACTUALIZAR PAGOS · AUTO] Fecha Desde: 25/11/2025
[ACTUALIZAR PAGOS · AUTO] Fecha Hasta: 23/07/2026
[ACTUALIZAR PAGOS · AUTO] Descargando Excel...
[ACTUALIZAR PAGOS · AUTO] Descargando Excel...
⏳ [Automático] Tocaba disparar 'pagos' pero ya hay una ejecución en curso (Actualizar pagos); esperando a que termine; se reintenta en breve sin perder el turno.
[ACTUALIZAR PAGOS · AUTO] Archivo descargado en: backend/descargas/cache_actas_cruce/MULTAS_JUZGADO_CRUCE.xlsx
[ACTUALIZAR PAGOS · AUTO] ⏱ [actas_juzgado] completado en 17.8s
[ACTUALIZAR PAGOS · AUTO] Archivo descargado en: backend/descargas/cache_actas_cruce/MULTAS_SIGEMI_CRUCE.xlsx
[ACTUALIZAR PAGOS · AUTO] ⏱ [actas_sigemi] completado en 38.4s
[ACTUALIZAR PAGOS · AUTO] ✅ TXT de pagos descargado en: backend/descargas/pagos/2026-07-23/PAGOS DESCARGADOS.txt
[ACTUALIZAR PAGOS · AUTO] ⏱ [pagos_txt] completado en 38.5s
[ACTUALIZAR PAGOS · AUTO] ⏱ TOTAL descargas en paralelo: 38.5s
[ACTUALIZAR PAGOS · AUTO] ✅ DescargasParalelasPaso finalizado. (⏱ 39.8s)
[ACTUALIZAR PAGOS · AUTO] ✓ [DescargasParalelasPaso] Completado.
[ACTUALIZAR PAGOS · AUTO] ▶ [CompararActasPaso] Iniciando...
[ACTUALIZAR PAGOS · AUTO] ==================================================
[ACTUALIZAR PAGOS · AUTO] 🚀 PASO: CompararActasPaso
[ACTUALIZAR PAGOS · AUTO] ==================================================
[ACTUALIZAR PAGOS · AUTO] 🔍 Comparando actas del SEMyT contra pagos del Juzgado...
[ACTUALIZAR PAGOS · AUTO] ================================================================================
[ACTUALIZAR PAGOS · AUTO] INICIANDO PROCESO DE GENERACIÓN DE PAGOS DESACTUALIZADOS
[ACTUALIZAR PAGOS · AUTO] ================================================================================
[ACTUALIZAR PAGOS · AUTO] 📂 Cargando archivos...
[ACTUALIZAR PAGOS · AUTO]   ✓ Pagos: 16839 registros
[ACTUALIZAR PAGOS · AUTO]   ✓ Excel SIGEMI (multas vencidas viejas): 103585 registros
[ACTUALIZAR PAGOS · AUTO]   ✓ Excel Juzgado (multas vencidas nuevas): 40143 registros
[ACTUALIZAR PAGOS · AUTO] ================================================================================
[ACTUALIZAR PAGOS · AUTO] PASO 1: LLENANDO ACTA_NUMERO (búsqueda por patente + fecha, con desempate por hora)
[ACTUALIZAR PAGOS · AUTO] ================================================================================
[ACTUALIZAR PAGOS · AUTO] 📊 ESTADÍSTICAS DE LLENADO DE ACTAS:
[ACTUALIZAR PAGOS · AUTO]   • Pagos con acta ORIGINAL: 2856
[ACTUALIZAR PAGOS · AUTO]   • Pagos SIN acta (buscados): 13983
[ACTUALIZAR PAGOS · AUTO]   • Pagos LLENADOS exitosamente: 0
[ACTUALIZAR PAGOS · AUTO]   • Pagos NO encontrados en multas: 13983
[ACTUALIZAR PAGOS · AUTO]   • Pagos SIN RESOLVER por desbalance de cantidades: 0
[ACTUALIZAR PAGOS · AUTO] ================================================================================
[ACTUALIZAR PAGOS · AUTO] PASO 1: LLENANDO ACTA_NUMERO (búsqueda por patente + fecha, con desempate por hora)
[ACTUALIZAR PAGOS · AUTO] ================================================================================
[ACTUALIZAR PAGOS · AUTO] 📊 ESTADÍSTICAS DE LLENADO DE ACTAS:
[ACTUALIZAR PAGOS · AUTO]   • Pagos con acta ORIGINAL: 2856
[ACTUALIZAR PAGOS · AUTO]   • Pagos SIN acta (buscados): 13983
[ACTUALIZAR PAGOS · AUTO]   • Pagos LLENADOS exitosamente: 0
[ACTUALIZAR PAGOS · AUTO]   • Pagos NO encontrados en multas: 13983
[ACTUALIZAR PAGOS · AUTO]   • Pagos SIN RESOLVER por desbalance de cantidades: 0
[ACTUALIZAR PAGOS · AUTO] ⏱ PASO 1 (llenar actas): 18.9s
[ACTUALIZAR PAGOS · AUTO] ================================================================================
[ACTUALIZAR PAGOS · AUTO] PASO 2: FILTRANDO PAGOS CON ACTA_NUMERO COMPLETO
[ACTUALIZAR PAGOS · AUTO] ================================================================================
[ACTUALIZAR PAGOS · AUTO] 📊 ESTADÍSTICAS DE FILTRADO:
[ACTUALIZAR PAGOS · AUTO]   • Pagos TOTALES al inicio: 16839
[ACTUALIZAR PAGOS · AUTO]   • Pagos CON acta (MANTIENEN): 2856
[ACTUALIZAR PAGOS · AUTO]   • Pagos RECHAZADOS (sin coincidencias): 13983
[ACTUALIZAR PAGOS · AUTO] ⚠️  Se eliminaron 13983 registros sin número de acta
[ACTUALIZAR PAGOS · AUTO]      (recordá: esto incluye tanto pagos ya actualizados/pagados
[ACTUALIZAR PAGOS · AUTO]       como pagos que quedaron sin resolver por desbalance en el Paso 1)
[ACTUALIZAR PAGOS · AUTO] ================================================================================
[ACTUALIZAR PAGOS · AUTO] PASO 2-bis: CONFIRMANDO VIGENCIA DE PAGOS DEL SISTEMA NUEVO (contra MULTAS_JUZGADO_CRUCE)
[ACTUALIZAR PAGOS · AUTO] ================================================================================
[ACTUALIZAR PAGOS · AUTO]   ⚠ 2854 pago(s) del sistema nuevo descartados: su acta ya no figura como vencida en MULTAS_JUZGADO_CRUCE (SEMyT ya los actualizó).
[ACTUALIZAR PAGOS · AUTO]   • Pagos del sistema nuevo descartados por ya estar actualizados: 2854
[ACTUALIZAR PAGOS · AUTO] ⏱ PASO 2 (filtrar): 1.1s
[ACTUALIZAR PAGOS · AUTO] 📂 Cargando maestro de causas SIGEMI...
[ACTUALIZAR PAGOS · AUTO]   ✓ Causas totales (maestro): 134069 registros
[ACTUALIZAR PAGOS · AUTO] ⏱ PASO 2.5 (causas simplificado): 0.1s
[ACTUALIZAR PAGOS · AUTO] ================================================================================
[ACTUALIZAR PAGOS · AUTO] PASO 2.5: ARMANDO causas.txt SIMPLIFICADO (cruce contra total_causas_sigemi.txt)
[ACTUALIZAR PAGOS · AUTO] ================================================================================
[ACTUALIZAR PAGOS · AUTO]   • Actas vencidas viejas (multas): 103585
[ACTUALIZAR PAGOS · AUTO]   • Causas totales en el maestro SIGEMI: 134069
[ACTUALIZAR PAGOS · AUTO]   • Causas que coinciden (simplificado): 103255
[ACTUALIZAR PAGOS · AUTO]   ✅ Archivo escrito: backend/descargas/causas/causas.txt
[ACTUALIZAR PAGOS · AUTO] ⏱ PASO 2.5 (causas simplificado): 2.8s
[ACTUALIZAR PAGOS · AUTO] ================================================================================
[ACTUALIZAR PAGOS · AUTO] PASO 3: LLENANDO CAUSA_NUMERO (según fecha de cambio de sistema, cruzando por acta + año)
[ACTUALIZAR PAGOS · AUTO] ================================================================================
[ACTUALIZAR PAGOS · AUTO] 📊 ESTADÍSTICAS DE LLENADO DE CAUSAS:
[ACTUALIZAR PAGOS · AUTO]   • Pagos con causa ORIGINAL: 2
[ACTUALIZAR PAGOS · AUTO]   • Causas encontradas en SIGEMI (actas viejas): 0
[ACTUALIZAR PAGOS · AUTO]   • Causas NO encontradas en SIGEMI: 0
[ACTUALIZAR PAGOS · AUTO]   • Causas asignadas automáticamente (actas nuevas): 0
[ACTUALIZAR PAGOS · AUTO] ⏱ PASO 3 (llenar causas): 0.0s
[ACTUALIZAR PAGOS · AUTO] ================================================================================
[ACTUALIZAR PAGOS · AUTO] PASO 4: ORDENANDO POR FECHA Y ACTA_NUMERO
[ACTUALIZAR PAGOS · AUTO] ================================================================================
[ACTUALIZAR PAGOS · AUTO] ✓ Pagos ordenados correctamente
[ACTUALIZAR PAGOS · AUTO]   • Primera entrada: Acta=253509, Fecha=06/01/2026
[ACTUALIZAR PAGOS · AUTO]   • Última entrada: Acta=274830, Fecha=03/03/2026
[ACTUALIZAR PAGOS · AUTO] 📝 Escribiendo archivo de salida...
[ACTUALIZAR PAGOS · AUTO]   ✅ Archivo escrito: backend/descargas/pagos/2026-07-23/PAGOS 20260723 220916.txt
[ACTUALIZAR PAGOS · AUTO]   ✅ Total registros: 375
[ACTUALIZAR PAGOS · AUTO] ⏱ PASO 4 (ordenar y escribir): 0.0s
[ACTUALIZAR PAGOS · AUTO] ================================================================================
[ACTUALIZAR PAGOS · AUTO] ✅ PROCESO COMPLETADO EXITOSAMENTE
[ACTUALIZAR PAGOS · AUTO] ================================================================================
[ACTUALIZAR PAGOS · AUTO] 📊 RESUMEN FINAL DEL PROCESAMIENTO:
[ACTUALIZAR PAGOS · AUTO]   ENTRADA:
[ACTUALIZAR PAGOS · AUTO]     • Pagos originales: 16839
[ACTUALIZAR PAGOS · AUTO]     • Multas SIGEMI cargadas: 103585
[ACTUALIZAR PAGOS · AUTO]     • Multas Juzgado cargadas: 40143
[ACTUALIZAR PAGOS · AUTO]     • Causas simplificadas (usadas para el cruce): 103255
[ACTUALIZAR PAGOS · AUTO]   PROCESO:
[ACTUALIZAR PAGOS · AUTO]     • Pagos rechazados sigemi: 13983
[ACTUALIZAR PAGOS · AUTO]     • Pagos rechazados juzgado: 2854
[ACTUALIZAR PAGOS · AUTO]   SALIDA:
[ACTUALIZAR PAGOS · AUTO]     • Pagos desactualizados procesados: 2
[ACTUALIZAR PAGOS · AUTO]     • Archivo final: backend/descargas/pagos/2026-07-23/PAGOS 20260723 220916.txt
[ACTUALIZAR PAGOS · AUTO]     • Ordenados por fecha: SÍ ✓
[ACTUALIZAR PAGOS · AUTO]     • Todos con ACTA_NUMERO: SÍ ✓
[ACTUALIZAR PAGOS · AUTO]     • Todos con CAUSA_NUMERO: SÍ ✓
[ACTUALIZAR PAGOS · AUTO] ✅ TXT de pagos (ya cruzado con actas y causas) generado en: backend/descargas/pagos/2026-07-23/PAGOS 20260723 220916.txt
[ACTUALIZAR PAGOS · AUTO] 🧹 TXT de pagos crudo eliminado (ya usado en el cruce): backend/descargas/pagos/2026-07-23/PAGOS DESCARGADOS.txt
[ACTUALIZAR PAGOS · AUTO] 🧹 Excel MULTAS_SIGEMI_CRUCE eliminado (ya usado en el cruce): backend/descargas/cache_actas_cruce/MULTAS_SIGEMI_CRUCE.xlsx
[ACTUALIZAR PAGOS · AUTO] 🧹 Excel MULTAS_JUZGADO_CRUCE eliminado (ya usado en el cruce): backend/descargas/cache_actas_cruce/MULTAS_JUZGADO_CRUCE.xlsx
[ACTUALIZAR PAGOS · AUTO] ✅ CompararActasPaso finalizado. (⏱ 51.8s)
[ACTUALIZAR PAGOS · AUTO] ✓ [CompararActasPaso] Completado.
[ACTUALIZAR PAGOS · AUTO] ▶ [CargarPagosPaso] Iniciando...
[ACTUALIZAR PAGOS · AUTO] ==================================================
[ACTUALIZAR PAGOS · AUTO] 🚀 PASO: CargarPagosPaso
[ACTUALIZAR PAGOS · AUTO] ==================================================
[ACTUALIZAR PAGOS · AUTO] 📤 Subiendo TXT de pagos al SEMyT...
[ACTUALIZAR PAGOS · AUTO] ✅ Importación de pagos completada con éxito.
[ACTUALIZAR PAGOS · AUTO] ✅ Archivo TXT de pagos cargado en el SEMyT correctamente.
[ACTUALIZAR PAGOS · AUTO] ✅ CargarPagosPaso finalizado. (⏱ 2.9s)
[ACTUALIZAR PAGOS · AUTO] ✓ [CargarPagosPaso] Completado.
[ACTUALIZAR PAGOS · AUTO] === Ejecución finalizada con éxito ===
🤖 [Automático] Es hora de actualizar pagos. Arrancando...
[ACTUALIZAR PAGOS · AUTO] === Inicio de ejecución: pagos ===
[ACTUALIZAR PAGOS · AUTO] ▶ [LoginSemytPaso] Iniciando...
[ACTUALIZAR PAGOS · AUTO] ==================================================
[ACTUALIZAR PAGOS · AUTO] 🚀 PASO: LoginSemytPaso
[ACTUALIZAR PAGOS · AUTO] ==================================================
[ACTUALIZAR PAGOS · AUTO] Abriendo SEMyT...
[ACTUALIZAR PAGOS · AUTO] ✅ [SEMyT] Sesión existente detectada. Login omitido.
[ACTUALIZAR PAGOS · AUTO] ✅ LoginSemytPaso finalizado. (⏱ 4.2s)
[ACTUALIZAR PAGOS · AUTO] ✓ [LoginSemytPaso] Completado.
[ACTUALIZAR PAGOS · AUTO] ▶ [LoginJuzgadoPaso] Iniciando...
[ACTUALIZAR PAGOS · AUTO] ==================================================
[ACTUALIZAR PAGOS · AUTO] 🚀 PASO: LoginJuzgadoPaso
[ACTUALIZAR PAGOS · AUTO] ==================================================
[ACTUALIZAR PAGOS · AUTO] Abriendo sitio municipalidad (CiDi)...
[ACTUALIZAR PAGOS · AUTO] ✅ [Juzgado] Sesión existente detectada. Login omitido.
[ACTUALIZAR PAGOS · AUTO] ✅ LoginJuzgadoPaso finalizado. (⏱ 1.2s)
[ACTUALIZAR PAGOS · AUTO] ✓ [LoginJuzgadoPaso] Completado.
[ACTUALIZAR PAGOS · AUTO] ▶ [DescargasParalelasPaso] Iniciando...
[ACTUALIZAR PAGOS · AUTO] ==================================================
[ACTUALIZAR PAGOS · AUTO] 🚀 PASO: DescargasParalelasPaso
[ACTUALIZAR PAGOS · AUTO] ==================================================
[ACTUALIZAR PAGOS · AUTO] 📤 Arrancando las 3 descargas en paralelo (mismo browser, páginas separadas)...
[ACTUALIZAR PAGOS · AUTO] Fecha Desde: 27/06/2024
[ACTUALIZAR PAGOS · AUTO] Fecha Hasta: 24/11/2025
[ACTUALIZAR PAGOS · AUTO] Fecha Desde: 25/11/2025
[ACTUALIZAR PAGOS · AUTO] Fecha Hasta: 23/07/2026
[ACTUALIZAR PAGOS · AUTO] Descargando Excel...
[ACTUALIZAR PAGOS · AUTO] Descargando Excel...
⏳ [Automático] Tocaba disparar 'pagos' pero ya hay una ejecución en curso (Actualizar pagos); esperando a que termine; se reintenta en breve sin perder el turno.
[ACTUALIZAR PAGOS · AUTO] Archivo descargado en: backend/descargas/cache_actas_cruce/MULTAS_JUZGADO_CRUCE.xlsx
[ACTUALIZAR PAGOS · AUTO] ⏱ [actas_juzgado] completado en 17.6s
[ACTUALIZAR PAGOS · AUTO] Archivo descargado en: backend/descargas/cache_actas_cruce/MULTAS_SIGEMI_CRUCE.xlsx
[ACTUALIZAR PAGOS · AUTO] ⏱ [actas_sigemi] completado en 36.6s
[ACTUALIZAR PAGOS · AUTO] ✅ TXT de pagos descargado en: backend/descargas/pagos/2026-07-23/PAGOS DESCARGADOS.txt
[ACTUALIZAR PAGOS · AUTO] ⏱ [pagos_txt] completado en 36.8s
[ACTUALIZAR PAGOS · AUTO] ⏱ TOTAL descargas en paralelo: 36.8s
[ACTUALIZAR PAGOS · AUTO] ✅ DescargasParalelasPaso finalizado. (⏱ 38.1s)
[ACTUALIZAR PAGOS · AUTO] ✓ [DescargasParalelasPaso] Completado.
[ACTUALIZAR PAGOS · AUTO] ▶ [CompararActasPaso] Iniciando...
[ACTUALIZAR PAGOS · AUTO] ==================================================
[ACTUALIZAR PAGOS · AUTO] 🚀 PASO: CompararActasPaso
[ACTUALIZAR PAGOS · AUTO] ==================================================
[ACTUALIZAR PAGOS · AUTO] 🔍 Comparando actas del SEMyT contra pagos del Juzgado...
[ACTUALIZAR PAGOS · AUTO] ================================================================================
[ACTUALIZAR PAGOS · AUTO] INICIANDO PROCESO DE GENERACIÓN DE PAGOS DESACTUALIZADOS
[ACTUALIZAR PAGOS · AUTO] ================================================================================
[ACTUALIZAR PAGOS · AUTO] 📂 Cargando archivos...
[ACTUALIZAR PAGOS · AUTO]   ✓ Pagos: 16840 registros
[ACTUALIZAR PAGOS · AUTO]   ✓ Excel SIGEMI (multas vencidas viejas): 103585 registros
[ACTUALIZAR PAGOS · AUTO]   ✓ Excel Juzgado (multas vencidas nuevas): 40141 registros
[ACTUALIZAR PAGOS · AUTO] ================================================================================
[ACTUALIZAR PAGOS · AUTO] PASO 1: LLENANDO ACTA_NUMERO (búsqueda por patente + fecha, con desempate por hora)
[ACTUALIZAR PAGOS · AUTO] ================================================================================
[ACTUALIZAR PAGOS · AUTO] 📊 ESTADÍSTICAS DE LLENADO DE ACTAS:
[ACTUALIZAR PAGOS · AUTO]   • Pagos con acta ORIGINAL: 2856
[ACTUALIZAR PAGOS · AUTO]   • Pagos SIN acta (buscados): 13984
[ACTUALIZAR PAGOS · AUTO]   • Pagos LLENADOS exitosamente: 1
[ACTUALIZAR PAGOS · AUTO]   • Pagos NO encontrados en multas: 13983
[ACTUALIZAR PAGOS · AUTO]   • Pagos SIN RESOLVER por desbalance de cantidades: 0
[ACTUALIZAR PAGOS · AUTO] ================================================================================
[ACTUALIZAR PAGOS · AUTO] PASO 1: LLENANDO ACTA_NUMERO (búsqueda por patente + fecha, con desempate por hora)
[ACTUALIZAR PAGOS · AUTO] ================================================================================
[ACTUALIZAR PAGOS · AUTO] 📊 ESTADÍSTICAS DE LLENADO DE ACTAS:
[ACTUALIZAR PAGOS · AUTO]   • Pagos con acta ORIGINAL: 2857
[ACTUALIZAR PAGOS · AUTO]   • Pagos SIN acta (buscados): 13983
[ACTUALIZAR PAGOS · AUTO]   • Pagos LLENADOS exitosamente: 0
[ACTUALIZAR PAGOS · AUTO]   • Pagos NO encontrados en multas: 13983
[ACTUALIZAR PAGOS · AUTO]   • Pagos SIN RESOLVER por desbalance de cantidades: 0
[ACTUALIZAR PAGOS · AUTO] ⏱ PASO 1 (llenar actas): 16.4s
[ACTUALIZAR PAGOS · AUTO] ================================================================================
[ACTUALIZAR PAGOS · AUTO] PASO 2: FILTRANDO PAGOS CON ACTA_NUMERO COMPLETO
[ACTUALIZAR PAGOS · AUTO] ================================================================================
[ACTUALIZAR PAGOS · AUTO] 📊 ESTADÍSTICAS DE FILTRADO:
[ACTUALIZAR PAGOS · AUTO]   • Pagos TOTALES al inicio: 16840
[ACTUALIZAR PAGOS · AUTO]   • Pagos CON acta (MANTIENEN): 2857
[ACTUALIZAR PAGOS · AUTO]   • Pagos RECHAZADOS (sin coincidencias): 13983
[ACTUALIZAR PAGOS · AUTO] ⚠️  Se eliminaron 13983 registros sin número de acta
[ACTUALIZAR PAGOS · AUTO]      (recordá: esto incluye tanto pagos ya actualizados/pagados
[ACTUALIZAR PAGOS · AUTO]       como pagos que quedaron sin resolver por desbalance en el Paso 1)
[ACTUALIZAR PAGOS · AUTO] ================================================================================
[ACTUALIZAR PAGOS · AUTO] PASO 2-bis: CONFIRMANDO VIGENCIA DE PAGOS DEL SISTEMA NUEVO (contra MULTAS_JUZGADO_CRUCE)
[ACTUALIZAR PAGOS · AUTO] ================================================================================
[ACTUALIZAR PAGOS · AUTO]   ⚠ 2856 pago(s) del sistema nuevo descartados: su acta ya no figura como vencida en MULTAS_JUZGADO_CRUCE (SEMyT ya los actualizó).
[ACTUALIZAR PAGOS · AUTO]   • Pagos del sistema nuevo descartados por ya estar actualizados: 2856
[ACTUALIZAR PAGOS · AUTO] ⏱ PASO 2 (filtrar): 1.1s
[ACTUALIZAR PAGOS · AUTO] 📂 Cargando maestro de causas SIGEMI...
[ACTUALIZAR PAGOS · AUTO]   ✓ Causas totales (maestro): 134069 registros
[ACTUALIZAR PAGOS · AUTO] ⏱ PASO 2.5 (causas simplificado): 0.1s
[ACTUALIZAR PAGOS · AUTO] ================================================================================
[ACTUALIZAR PAGOS · AUTO] PASO 2.5: ARMANDO causas.txt SIMPLIFICADO (cruce contra total_causas_sigemi.txt)
[ACTUALIZAR PAGOS · AUTO] ================================================================================
[ACTUALIZAR PAGOS · AUTO]   • Actas vencidas viejas (multas): 103585
[ACTUALIZAR PAGOS · AUTO]   • Causas totales en el maestro SIGEMI: 134069
[ACTUALIZAR PAGOS · AUTO]   • Causas que coinciden (simplificado): 103255
[ACTUALIZAR PAGOS · AUTO]   ✅ Archivo escrito: backend/descargas/causas/causas.txt
[ACTUALIZAR PAGOS · AUTO] ⏱ PASO 2.5 (causas simplificado): 2.6s
[ACTUALIZAR PAGOS · AUTO] ================================================================================
[ACTUALIZAR PAGOS · AUTO] PASO 3: LLENANDO CAUSA_NUMERO (según fecha de cambio de sistema, cruzando por acta + año)
[ACTUALIZAR PAGOS · AUTO] ================================================================================
[ACTUALIZAR PAGOS · AUTO] 📊 ESTADÍSTICAS DE LLENADO DE CAUSAS:
[ACTUALIZAR PAGOS · AUTO]   • Pagos con causa ORIGINAL: 0
[ACTUALIZAR PAGOS · AUTO]   • Causas encontradas en SIGEMI (actas viejas): 1
[ACTUALIZAR PAGOS · AUTO]   • Causas NO encontradas en SIGEMI: 0
[ACTUALIZAR PAGOS · AUTO]   • Causas asignadas automáticamente (actas nuevas): 0
[ACTUALIZAR PAGOS · AUTO] ⏱ PASO 3 (llenar causas): 0.0s
[ACTUALIZAR PAGOS · AUTO] ================================================================================
[ACTUALIZAR PAGOS · AUTO] PASO 4: ORDENANDO POR FECHA Y ACTA_NUMERO
[ACTUALIZAR PAGOS · AUTO] ================================================================================
[ACTUALIZAR PAGOS · AUTO] ✓ Pagos ordenados correctamente
[ACTUALIZAR PAGOS · AUTO]   • Primera entrada: Acta=136646, Fecha=16/04/2025
[ACTUALIZAR PAGOS · AUTO]   • Última entrada: Acta=136646, Fecha=16/04/2025
[ACTUALIZAR PAGOS · AUTO] 📝 Escribiendo archivo de salida...
[ACTUALIZAR PAGOS · AUTO]   ✅ Archivo escrito: backend/descargas/pagos/2026-07-23/PAGOS 20260723 222102.txt
[ACTUALIZAR PAGOS · AUTO]   ✅ Total registros: 258
[ACTUALIZAR PAGOS · AUTO] ⏱ PASO 4 (ordenar y escribir): 0.0s
[ACTUALIZAR PAGOS · AUTO] ================================================================================
[ACTUALIZAR PAGOS · AUTO] ✅ PROCESO COMPLETADO EXITOSAMENTE
[ACTUALIZAR PAGOS · AUTO] ================================================================================
[ACTUALIZAR PAGOS · AUTO] 📊 RESUMEN FINAL DEL PROCESAMIENTO:
[ACTUALIZAR PAGOS · AUTO]   ENTRADA:
[ACTUALIZAR PAGOS · AUTO]     • Pagos originales: 16840
[ACTUALIZAR PAGOS · AUTO]     • Multas SIGEMI cargadas: 103585
[ACTUALIZAR PAGOS · AUTO]     • Multas Juzgado cargadas: 40141
[ACTUALIZAR PAGOS · AUTO]     • Causas simplificadas (usadas para el cruce): 103255
[ACTUALIZAR PAGOS · AUTO]   PROCESO:
[ACTUALIZAR PAGOS · AUTO]     • Pagos rechazados sigemi: 13983
[ACTUALIZAR PAGOS · AUTO]     • Pagos rechazados juzgado: 2856
[ACTUALIZAR PAGOS · AUTO]   SALIDA:
[ACTUALIZAR PAGOS · AUTO]     • Pagos desactualizados procesados: 1
[ACTUALIZAR PAGOS · AUTO]     • Archivo final: backend/descargas/pagos/2026-07-23/PAGOS 20260723 222102.txt
[ACTUALIZAR PAGOS · AUTO]     • Ordenados por fecha: SÍ ✓
[ACTUALIZAR PAGOS · AUTO]     • Todos con ACTA_NUMERO: SÍ ✓
[ACTUALIZAR PAGOS · AUTO]     • Todos con CAUSA_NUMERO: SÍ ✓
[ACTUALIZAR PAGOS · AUTO] ✅ TXT de pagos (ya cruzado con actas y causas) generado en: backend/descargas/pagos/2026-07-23/PAGOS 20260723 222102.txt
[ACTUALIZAR PAGOS · AUTO] 🧹 TXT de pagos crudo eliminado (ya usado en el cruce): backend/descargas/pagos/2026-07-23/PAGOS DESCARGADOS.txt
[ACTUALIZAR PAGOS · AUTO] 🧹 Excel MULTAS_SIGEMI_CRUCE eliminado (ya usado en el cruce): backend/descargas/cache_actas_cruce/MULTAS_SIGEMI_CRUCE.xlsx
[ACTUALIZAR PAGOS · AUTO] 🧹 Excel MULTAS_JUZGADO_CRUCE eliminado (ya usado en el cruce): backend/descargas/cache_actas_cruce/MULTAS_JUZGADO_CRUCE.xlsx
[ACTUALIZAR PAGOS · AUTO] ✅ CompararActasPaso finalizado. (⏱ 47.0s)
[ACTUALIZAR PAGOS · AUTO] ✓ [CompararActasPaso] Completado.
[ACTUALIZAR PAGOS · AUTO] ▶ [CargarPagosPaso] Iniciando...
[ACTUALIZAR PAGOS · AUTO] ==================================================
[ACTUALIZAR PAGOS · AUTO] 🚀 PASO: CargarPagosPaso
[ACTUALIZAR PAGOS · AUTO] ==================================================
[ACTUALIZAR PAGOS · AUTO] 📤 Subiendo TXT de pagos al SEMyT...
[ACTUALIZAR PAGOS · AUTO] ✅ Importación de pagos completada con éxito.
[ACTUALIZAR PAGOS · AUTO] ✅ Archivo TXT de pagos cargado en el SEMyT correctamente.
[ACTUALIZAR PAGOS · AUTO] ✅ CargarPagosPaso finalizado. (⏱ 2.9s)
[ACTUALIZAR PAGOS · AUTO] ✓ [CargarPagosPaso] Completado.
[ACTUALIZAR PAGOS · AUTO] === Ejecución finalizada con éxito ===
🤖 [Automático] Es hora de actualizar pagos. Arrancando...
[ACTUALIZAR PAGOS · AUTO] === Inicio de ejecución: pagos ===
[ACTUALIZAR PAGOS · AUTO] ▶ [LoginSemytPaso] Iniciando...
[ACTUALIZAR PAGOS · AUTO] ==================================================
[ACTUALIZAR PAGOS · AUTO] 🚀 PASO: LoginSemytPaso
[ACTUALIZAR PAGOS · AUTO] ==================================================
[ACTUALIZAR PAGOS · AUTO] Abriendo SEMyT...
[ACTUALIZAR PAGOS · AUTO] ✅ [SEMyT] Sesión existente detectada. Login omitido.
[ACTUALIZAR PAGOS · AUTO] ✅ LoginSemytPaso finalizado. (⏱ 3.8s)
[ACTUALIZAR PAGOS · AUTO] ✓ [LoginSemytPaso] Completado.
[ACTUALIZAR PAGOS · AUTO] ▶ [LoginJuzgadoPaso] Iniciando...
[ACTUALIZAR PAGOS · AUTO] ==================================================
[ACTUALIZAR PAGOS · AUTO] 🚀 PASO: LoginJuzgadoPaso
[ACTUALIZAR PAGOS · AUTO] ==================================================
[ACTUALIZAR PAGOS · AUTO] Abriendo sitio municipalidad (CiDi)...
[ACTUALIZAR PAGOS · AUTO] ✅ [Juzgado] Sesión existente detectada. Login omitido.
[ACTUALIZAR PAGOS · AUTO] ✅ LoginJuzgadoPaso finalizado. (⏱ 1.2s)
[ACTUALIZAR PAGOS · AUTO] ✓ [LoginJuzgadoPaso] Completado.
[ACTUALIZAR PAGOS · AUTO] ▶ [DescargasParalelasPaso] Iniciando...
[ACTUALIZAR PAGOS · AUTO] ==================================================
[ACTUALIZAR PAGOS · AUTO] 🚀 PASO: DescargasParalelasPaso
[ACTUALIZAR PAGOS · AUTO] ==================================================
[ACTUALIZAR PAGOS · AUTO] 📤 Arrancando las 3 descargas en paralelo (mismo browser, páginas separadas)...
[ACTUALIZAR PAGOS · AUTO] Fecha Desde: 27/06/2024
[ACTUALIZAR PAGOS · AUTO] Fecha Hasta: 24/11/2025
[ACTUALIZAR PAGOS · AUTO] Fecha Desde: 25/11/2025
[ACTUALIZAR PAGOS · AUTO] Fecha Hasta: 23/07/2026
[ACTUALIZAR PAGOS · AUTO] Descargando Excel...
[ACTUALIZAR PAGOS · AUTO] Descargando Excel...
⏳ [Automático] Tocaba disparar 'pagos' pero ya hay una ejecución en curso (Actualizar pagos); esperando a que termine; se reintenta en breve sin perder el turno.
[ACTUALIZAR PAGOS · AUTO] Archivo descargado en: backend/descargas/cache_actas_cruce/MULTAS_JUZGADO_CRUCE.xlsx
[ACTUALIZAR PAGOS · AUTO] ⏱ [actas_juzgado] completado en 17.1s
[ACTUALIZAR PAGOS · AUTO] Archivo descargado en: backend/descargas/cache_actas_cruce/MULTAS_SIGEMI_CRUCE.xlsx
[ACTUALIZAR PAGOS · AUTO] ⏱ [actas_sigemi] completado en 36.0s
[ACTUALIZAR PAGOS · AUTO] ✅ TXT de pagos descargado en: backend/descargas/pagos/2026-07-23/PAGOS DESCARGADOS.txt
[ACTUALIZAR PAGOS · AUTO] ⏱ [pagos_txt] completado en 36.2s
[ACTUALIZAR PAGOS · AUTO] ⏱ TOTAL descargas en paralelo: 36.2s
[ACTUALIZAR PAGOS · AUTO] ✅ DescargasParalelasPaso finalizado. (⏱ 37.5s)
[ACTUALIZAR PAGOS · AUTO] ✓ [DescargasParalelasPaso] Completado.
[ACTUALIZAR PAGOS · AUTO] ▶ [CompararActasPaso] Iniciando...
[ACTUALIZAR PAGOS · AUTO] ==================================================
[ACTUALIZAR PAGOS · AUTO] 🚀 PASO: CompararActasPaso
[ACTUALIZAR PAGOS · AUTO] ==================================================
[ACTUALIZAR PAGOS · AUTO] 🔍 Comparando actas del SEMyT contra pagos del Juzgado...
[ACTUALIZAR PAGOS · AUTO] ================================================================================
[ACTUALIZAR PAGOS · AUTO] INICIANDO PROCESO DE GENERACIÓN DE PAGOS DESACTUALIZADOS
[ACTUALIZAR PAGOS · AUTO] ================================================================================
[ACTUALIZAR PAGOS · AUTO] 📂 Cargando archivos...
[ACTUALIZAR PAGOS · AUTO]   ✓ Pagos: 16841 registros
[ACTUALIZAR PAGOS · AUTO]   ✓ Excel SIGEMI (multas vencidas viejas): 103584 registros
[ACTUALIZAR PAGOS · AUTO]   ✓ Excel Juzgado (multas vencidas nuevas): 40141 registros
[ACTUALIZAR PAGOS · AUTO] ================================================================================
[ACTUALIZAR PAGOS · AUTO] PASO 1: LLENANDO ACTA_NUMERO (búsqueda por patente + fecha, con desempate por hora)
[ACTUALIZAR PAGOS · AUTO] ================================================================================
[ACTUALIZAR PAGOS · AUTO] 📊 ESTADÍSTICAS DE LLENADO DE ACTAS:
[ACTUALIZAR PAGOS · AUTO]   • Pagos con acta ORIGINAL: 2857
[ACTUALIZAR PAGOS · AUTO]   • Pagos SIN acta (buscados): 13984
[ACTUALIZAR PAGOS · AUTO]   • Pagos LLENADOS exitosamente: 0
[ACTUALIZAR PAGOS · AUTO]   • Pagos NO encontrados en multas: 13984
[ACTUALIZAR PAGOS · AUTO]   • Pagos SIN RESOLVER por desbalance de cantidades: 0
[ACTUALIZAR PAGOS · AUTO] ================================================================================
[ACTUALIZAR PAGOS · AUTO] PASO 1: LLENANDO ACTA_NUMERO (búsqueda por patente + fecha, con desempate por hora)
[ACTUALIZAR PAGOS · AUTO] ================================================================================
[ACTUALIZAR PAGOS · AUTO] 📊 ESTADÍSTICAS DE LLENADO DE ACTAS:
[ACTUALIZAR PAGOS · AUTO]   • Pagos con acta ORIGINAL: 2857
[ACTUALIZAR PAGOS · AUTO]   • Pagos SIN acta (buscados): 13984
[ACTUALIZAR PAGOS · AUTO]   • Pagos LLENADOS exitosamente: 0
[ACTUALIZAR PAGOS · AUTO]   • Pagos NO encontrados en multas: 13984
[ACTUALIZAR PAGOS · AUTO]   • Pagos SIN RESOLVER por desbalance de cantidades: 0
[ACTUALIZAR PAGOS · AUTO] ⏱ PASO 1 (llenar actas): 15.9s
[ACTUALIZAR PAGOS · AUTO] ================================================================================
[ACTUALIZAR PAGOS · AUTO] PASO 2: FILTRANDO PAGOS CON ACTA_NUMERO COMPLETO
[ACTUALIZAR PAGOS · AUTO] ================================================================================
[ACTUALIZAR PAGOS · AUTO] 📊 ESTADÍSTICAS DE FILTRADO:
[ACTUALIZAR PAGOS · AUTO]   • Pagos TOTALES al inicio: 16841
[ACTUALIZAR PAGOS · AUTO]   • Pagos CON acta (MANTIENEN): 2857
[ACTUALIZAR PAGOS · AUTO]   • Pagos RECHAZADOS (sin coincidencias): 13984
[ACTUALIZAR PAGOS · AUTO] ⚠️  Se eliminaron 13984 registros sin número de acta
[ACTUALIZAR PAGOS · AUTO]      (recordá: esto incluye tanto pagos ya actualizados/pagados
[ACTUALIZAR PAGOS · AUTO]       como pagos que quedaron sin resolver por desbalance en el Paso 1)
[ACTUALIZAR PAGOS · AUTO] ================================================================================
[ACTUALIZAR PAGOS · AUTO] PASO 2-bis: CONFIRMANDO VIGENCIA DE PAGOS DEL SISTEMA NUEVO (contra MULTAS_JUZGADO_CRUCE)
[ACTUALIZAR PAGOS · AUTO] ================================================================================
[ACTUALIZAR PAGOS · AUTO]   ⚠ 2856 pago(s) del sistema nuevo descartados: su acta ya no figura como vencida en MULTAS_JUZGADO_CRUCE (SEMyT ya los actualizó).
[ACTUALIZAR PAGOS · AUTO]   • Pagos del sistema nuevo descartados por ya estar actualizados: 2856
[ACTUALIZAR PAGOS · AUTO] ⏱ PASO 2 (filtrar): 1.0s
[ACTUALIZAR PAGOS · AUTO] 📂 Cargando maestro de causas SIGEMI...
[ACTUALIZAR PAGOS · AUTO]   ✓ Causas totales (maestro): 134069 registros
[ACTUALIZAR PAGOS · AUTO] ⏱ PASO 2.5 (causas simplificado): 0.1s
[ACTUALIZAR PAGOS · AUTO] ================================================================================
[ACTUALIZAR PAGOS · AUTO] PASO 2.5: ARMANDO causas.txt SIMPLIFICADO (cruce contra total_causas_sigemi.txt)
[ACTUALIZAR PAGOS · AUTO] ================================================================================
[ACTUALIZAR PAGOS · AUTO]   • Actas vencidas viejas (multas): 103584
[ACTUALIZAR PAGOS · AUTO]   • Causas totales en el maestro SIGEMI: 134069
[ACTUALIZAR PAGOS · AUTO]   • Causas que coinciden (simplificado): 103254
[ACTUALIZAR PAGOS · AUTO]   ✅ Archivo escrito: backend/descargas/causas/causas.txt
[ACTUALIZAR PAGOS · AUTO] ⏱ PASO 2.5 (causas simplificado): 2.3s
[ACTUALIZAR PAGOS · AUTO] ================================================================================
[ACTUALIZAR PAGOS · AUTO] PASO 3: LLENANDO CAUSA_NUMERO (según fecha de cambio de sistema, cruzando por acta + año)
[ACTUALIZAR PAGOS · AUTO] ================================================================================
[ACTUALIZAR PAGOS · AUTO] 📊 ESTADÍSTICAS DE LLENADO DE CAUSAS:
[ACTUALIZAR PAGOS · AUTO]   • Pagos con causa ORIGINAL: 1
[ACTUALIZAR PAGOS · AUTO]   • Causas encontradas en SIGEMI (actas viejas): 0
[ACTUALIZAR PAGOS · AUTO]   • Causas NO encontradas en SIGEMI: 0
[ACTUALIZAR PAGOS · AUTO]   • Causas asignadas automáticamente (actas nuevas): 0
[ACTUALIZAR PAGOS · AUTO] ⏱ PASO 3 (llenar causas): 0.0s
[ACTUALIZAR PAGOS · AUTO] ================================================================================
[ACTUALIZAR PAGOS · AUTO] PASO 4: ORDENANDO POR FECHA Y ACTA_NUMERO
[ACTUALIZAR PAGOS · AUTO] ================================================================================
[ACTUALIZAR PAGOS · AUTO] ✓ Pagos ordenados correctamente
[ACTUALIZAR PAGOS · AUTO]   • Primera entrada: Acta=273894, Fecha=02/03/2026
[ACTUALIZAR PAGOS · AUTO]   • Última entrada: Acta=273894, Fecha=02/03/2026
[ACTUALIZAR PAGOS · AUTO] 📝 Escribiendo archivo de salida...
[ACTUALIZAR PAGOS · AUTO]   ✅ Archivo escrito: backend/descargas/pagos/2026-07-23/PAGOS 20260723 223250.txt
[ACTUALIZAR PAGOS · AUTO]   ✅ Total registros: 259
[ACTUALIZAR PAGOS · AUTO] ⏱ PASO 4 (ordenar y escribir): 0.0s
[ACTUALIZAR PAGOS · AUTO] ================================================================================
[ACTUALIZAR PAGOS · AUTO] ✅ PROCESO COMPLETADO EXITOSAMENTE
[ACTUALIZAR PAGOS · AUTO] ================================================================================
[ACTUALIZAR PAGOS · AUTO] 📊 RESUMEN FINAL DEL PROCESAMIENTO:
[ACTUALIZAR PAGOS · AUTO]   ENTRADA:
[ACTUALIZAR PAGOS · AUTO]     • Pagos originales: 16841
[ACTUALIZAR PAGOS · AUTO]     • Multas SIGEMI cargadas: 103584
[ACTUALIZAR PAGOS · AUTO]     • Multas Juzgado cargadas: 40141
[ACTUALIZAR PAGOS · AUTO]     • Causas simplificadas (usadas para el cruce): 103254
[ACTUALIZAR PAGOS · AUTO]   PROCESO:
[ACTUALIZAR PAGOS · AUTO]     • Pagos rechazados sigemi: 13984
[ACTUALIZAR PAGOS · AUTO]     • Pagos rechazados juzgado: 2856
[ACTUALIZAR PAGOS · AUTO]   SALIDA:
[ACTUALIZAR PAGOS · AUTO]     • Pagos desactualizados procesados: 1
[ACTUALIZAR PAGOS · AUTO]     • Archivo final: backend/descargas/pagos/2026-07-23/PAGOS 20260723 223250.txt
[ACTUALIZAR PAGOS · AUTO]     • Ordenados por fecha: SÍ ✓
[ACTUALIZAR PAGOS · AUTO]     • Todos con ACTA_NUMERO: SÍ ✓
[ACTUALIZAR PAGOS · AUTO]     • Todos con CAUSA_NUMERO: SÍ ✓
[ACTUALIZAR PAGOS · AUTO] ✅ TXT de pagos (ya cruzado con actas y causas) generado en: backend/descargas/pagos/2026-07-23/PAGOS 20260723 223250.txt
[ACTUALIZAR PAGOS · AUTO] 🧹 TXT de pagos crudo eliminado (ya usado en el cruce): backend/descargas/pagos/2026-07-23/PAGOS DESCARGADOS.txt
[ACTUALIZAR PAGOS · AUTO] 🧹 Excel MULTAS_SIGEMI_CRUCE eliminado (ya usado en el cruce): backend/descargas/cache_actas_cruce/MULTAS_SIGEMI_CRUCE.xlsx
[ACTUALIZAR PAGOS · AUTO] 🧹 Excel MULTAS_JUZGADO_CRUCE eliminado (ya usado en el cruce): backend/descargas/cache_actas_cruce/MULTAS_JUZGADO_CRUCE.xlsx
[ACTUALIZAR PAGOS · AUTO] ✅ CompararActasPaso finalizado. (⏱ 43.6s)
[ACTUALIZAR PAGOS · AUTO] ✓ [CompararActasPaso] Completado.
[ACTUALIZAR PAGOS · AUTO] ▶ [CargarPagosPaso] Iniciando...
[ACTUALIZAR PAGOS · AUTO] ==================================================
[ACTUALIZAR PAGOS · AUTO] 🚀 PASO: CargarPagosPaso
[ACTUALIZAR PAGOS · AUTO] ==================================================
[ACTUALIZAR PAGOS · AUTO] 📤 Subiendo TXT de pagos al SEMyT...
[ACTUALIZAR PAGOS · AUTO] ✅ Importación de pagos completada con éxito.
[ACTUALIZAR PAGOS · AUTO] ✅ Archivo TXT de pagos cargado en el SEMyT correctamente.
[ACTUALIZAR PAGOS · AUTO] ✅ CargarPagosPaso finalizado. (⏱ 3.1s)
[ACTUALIZAR PAGOS · AUTO] ✓ [CargarPagosPaso] Completado.
[ACTUALIZAR PAGOS · AUTO] === Ejecución finalizada con éxito ===
🤖 [Automático] Es hora de actualizar pagos. Arrancando...
[ACTUALIZAR PAGOS · AUTO] === Inicio de ejecución: pagos ===
[ACTUALIZAR PAGOS · AUTO] ▶ [LoginSemytPaso] Iniciando...
[ACTUALIZAR PAGOS · AUTO] ==================================================
[ACTUALIZAR PAGOS · AUTO] 🚀 PASO: LoginSemytPaso
[ACTUALIZAR PAGOS · AUTO] ==================================================
[ACTUALIZAR PAGOS · AUTO] Abriendo SEMyT...
[ACTUALIZAR PAGOS · AUTO] ✅ [SEMyT] Sesión existente detectada. Login omitido.
[ACTUALIZAR PAGOS · AUTO] ✅ LoginSemytPaso finalizado. (⏱ 3.9s)
[ACTUALIZAR PAGOS · AUTO] ✓ [LoginSemytPaso] Completado.
[ACTUALIZAR PAGOS · AUTO] ▶ [LoginJuzgadoPaso] Iniciando...
[ACTUALIZAR PAGOS · AUTO] ==================================================
[ACTUALIZAR PAGOS · AUTO] 🚀 PASO: LoginJuzgadoPaso
[ACTUALIZAR PAGOS · AUTO] ==================================================
[ACTUALIZAR PAGOS · AUTO] Abriendo sitio municipalidad (CiDi)...
[ACTUALIZAR PAGOS · AUTO] ✅ [Juzgado] Sesión existente detectada. Login omitido.
[ACTUALIZAR PAGOS · AUTO] ✅ LoginJuzgadoPaso finalizado. (⏱ 1.1s)
[ACTUALIZAR PAGOS · AUTO] ✓ [LoginJuzgadoPaso] Completado.
[ACTUALIZAR PAGOS · AUTO] ▶ [DescargasParalelasPaso] Iniciando...
[ACTUALIZAR PAGOS · AUTO] ==================================================
[ACTUALIZAR PAGOS · AUTO] 🚀 PASO: DescargasParalelasPaso
[ACTUALIZAR PAGOS · AUTO] ==================================================
[ACTUALIZAR PAGOS · AUTO] 📤 Arrancando las 3 descargas en paralelo (mismo browser, páginas separadas)...
[ACTUALIZAR PAGOS · AUTO] Fecha Desde: 27/06/2024
[ACTUALIZAR PAGOS · AUTO] Fecha Hasta: 24/11/2025
[ACTUALIZAR PAGOS · AUTO] Fecha Desde: 25/11/2025
[ACTUALIZAR PAGOS · AUTO] Fecha Hasta: 23/07/2026
[ACTUALIZAR PAGOS · AUTO] Descargando Excel...
[ACTUALIZAR PAGOS · AUTO] Descargando Excel...
⏳ [Automático] Tocaba disparar 'pagos' pero ya hay una ejecución en curso (Actualizar pagos); esperando a que termine; se reintenta en breve sin perder el turno.
[ACTUALIZAR PAGOS · AUTO] Archivo descargado en: backend/descargas/cache_actas_cruce/MULTAS_JUZGADO_CRUCE.xlsx
[ACTUALIZAR PAGOS · AUTO] ⏱ [actas_juzgado] completado en 17.1s
[ACTUALIZAR PAGOS · AUTO] Archivo descargado en: backend/descargas/cache_actas_cruce/MULTAS_SIGEMI_CRUCE.xlsx
[ACTUALIZAR PAGOS · AUTO] ⏱ [actas_sigemi] completado en 35.8s
[ACTUALIZAR PAGOS · AUTO] ✅ TXT de pagos descargado en: backend/descargas/pagos/2026-07-23/PAGOS DESCARGADOS.txt
[ACTUALIZAR PAGOS · AUTO] ⏱ [pagos_txt] completado en 36.0s
[ACTUALIZAR PAGOS · AUTO] ⏱ TOTAL descargas en paralelo: 36.0s
[ACTUALIZAR PAGOS · AUTO] ✅ DescargasParalelasPaso finalizado. (⏱ 37.1s)
[ACTUALIZAR PAGOS · AUTO] ✓ [DescargasParalelasPaso] Completado.
[ACTUALIZAR PAGOS · AUTO] ▶ [CompararActasPaso] Iniciando...
[ACTUALIZAR PAGOS · AUTO] ==================================================
[ACTUALIZAR PAGOS · AUTO] 🚀 PASO: CompararActasPaso
[ACTUALIZAR PAGOS · AUTO] ==================================================
[ACTUALIZAR PAGOS · AUTO] 🔍 Comparando actas del SEMyT contra pagos del Juzgado...
[ACTUALIZAR PAGOS · AUTO] ================================================================================
[ACTUALIZAR PAGOS · AUTO] INICIANDO PROCESO DE GENERACIÓN DE PAGOS DESACTUALIZADOS
[ACTUALIZAR PAGOS · AUTO] ================================================================================
[ACTUALIZAR PAGOS · AUTO] 📂 Cargando archivos...
[ACTUALIZAR PAGOS · AUTO]   ✓ Pagos: 16841 registros
[ACTUALIZAR PAGOS · AUTO]   ✓ Excel SIGEMI (multas vencidas viejas): 103584 registros
[ACTUALIZAR PAGOS · AUTO]   ✓ Excel Juzgado (multas vencidas nuevas): 40140 registros
[ACTUALIZAR PAGOS · AUTO] ================================================================================
[ACTUALIZAR PAGOS · AUTO] PASO 1: LLENANDO ACTA_NUMERO (búsqueda por patente + fecha, con desempate por hora)
[ACTUALIZAR PAGOS · AUTO] ================================================================================
[ACTUALIZAR PAGOS · AUTO] 📊 ESTADÍSTICAS DE LLENADO DE ACTAS:
[ACTUALIZAR PAGOS · AUTO]   • Pagos con acta ORIGINAL: 2857
[ACTUALIZAR PAGOS · AUTO]   • Pagos SIN acta (buscados): 13984
[ACTUALIZAR PAGOS · AUTO]   • Pagos LLENADOS exitosamente: 0
[ACTUALIZAR PAGOS · AUTO]   • Pagos NO encontrados en multas: 13984
[ACTUALIZAR PAGOS · AUTO]   • Pagos SIN RESOLVER por desbalance de cantidades: 0
[ACTUALIZAR PAGOS · AUTO] ================================================================================
[ACTUALIZAR PAGOS · AUTO] PASO 1: LLENANDO ACTA_NUMERO (búsqueda por patente + fecha, con desempate por hora)
[ACTUALIZAR PAGOS · AUTO] ================================================================================
[ACTUALIZAR PAGOS · AUTO] 📊 ESTADÍSTICAS DE LLENADO DE ACTAS:
[ACTUALIZAR PAGOS · AUTO]   • Pagos con acta ORIGINAL: 2857
[ACTUALIZAR PAGOS · AUTO]   • Pagos SIN acta (buscados): 13984
[ACTUALIZAR PAGOS · AUTO]   • Pagos LLENADOS exitosamente: 0
[ACTUALIZAR PAGOS · AUTO]   • Pagos NO encontrados en multas: 13984
[ACTUALIZAR PAGOS · AUTO]   • Pagos SIN RESOLVER por desbalance de cantidades: 0
[ACTUALIZAR PAGOS · AUTO] ⏱ PASO 1 (llenar actas): 14.9s
[ACTUALIZAR PAGOS · AUTO] ================================================================================
[ACTUALIZAR PAGOS · AUTO] PASO 2: FILTRANDO PAGOS CON ACTA_NUMERO COMPLETO
[ACTUALIZAR PAGOS · AUTO] ================================================================================
[ACTUALIZAR PAGOS · AUTO] 📊 ESTADÍSTICAS DE FILTRADO:
[ACTUALIZAR PAGOS · AUTO]   • Pagos TOTALES al inicio: 16841
[ACTUALIZAR PAGOS · AUTO]   • Pagos CON acta (MANTIENEN): 2857
[ACTUALIZAR PAGOS · AUTO]   • Pagos RECHAZADOS (sin coincidencias): 13984
[ACTUALIZAR PAGOS · AUTO] ⚠️  Se eliminaron 13984 registros sin número de acta
[ACTUALIZAR PAGOS · AUTO]      (recordá: esto incluye tanto pagos ya actualizados/pagados
[ACTUALIZAR PAGOS · AUTO]       como pagos que quedaron sin resolver por desbalance en el Paso 1)
[ACTUALIZAR PAGOS · AUTO] ================================================================================
[ACTUALIZAR PAGOS · AUTO] PASO 2-bis: CONFIRMANDO VIGENCIA DE PAGOS DEL SISTEMA NUEVO (contra MULTAS_JUZGADO_CRUCE)
[ACTUALIZAR PAGOS · AUTO] ================================================================================
[ACTUALIZAR PAGOS · AUTO]   ⚠ 2857 pago(s) del sistema nuevo descartados: su acta ya no figura como vencida en MULTAS_JUZGADO_CRUCE (SEMyT ya los actualizó).
[ACTUALIZAR PAGOS · AUTO]   • Pagos del sistema nuevo descartados por ya estar actualizados: 2857
[ACTUALIZAR PAGOS · AUTO] ⏱ PASO 2 (filtrar): 1.1s
[ACTUALIZAR PAGOS · AUTO] 📂 Cargando maestro de causas SIGEMI...
[ACTUALIZAR PAGOS · AUTO]   ✓ Causas totales (maestro): 134069 registros
[ACTUALIZAR PAGOS · AUTO] ⏱ PASO 2.5 (causas simplificado): 0.1s
[ACTUALIZAR PAGOS · AUTO] ================================================================================
[ACTUALIZAR PAGOS · AUTO] PASO 2.5: ARMANDO causas.txt SIMPLIFICADO (cruce contra total_causas_sigemi.txt)
[ACTUALIZAR PAGOS · AUTO] ================================================================================
[ACTUALIZAR PAGOS · AUTO]   • Actas vencidas viejas (multas): 103584
[ACTUALIZAR PAGOS · AUTO]   • Causas totales en el maestro SIGEMI: 134069
[ACTUALIZAR PAGOS · AUTO]   • Causas que coinciden (simplificado): 103254
[ACTUALIZAR PAGOS · AUTO]   ✅ Archivo escrito: backend/descargas/causas/causas.txt
[ACTUALIZAR PAGOS · AUTO] ⏱ PASO 2.5 (causas simplificado): 2.4s
[ACTUALIZAR PAGOS · AUTO] ⚠️  NO HAY PAGOS CON ACTA_NUMERO PARA PROCESAR
[ACTUALIZAR PAGOS · AUTO] Creando archivo vacío...
[ACTUALIZAR PAGOS · AUTO] ✅ TXT de pagos (ya cruzado con actas y causas) generado en: backend/descargas/pagos/2026-07-23/PAGOS 20260723 224423.txt
[ACTUALIZAR PAGOS · AUTO] 🧹 TXT de pagos crudo eliminado (ya usado en el cruce): backend/descargas/pagos/2026-07-23/PAGOS DESCARGADOS.txt
[ACTUALIZAR PAGOS · AUTO] 🧹 Excel MULTAS_SIGEMI_CRUCE eliminado (ya usado en el cruce): backend/descargas/cache_actas_cruce/MULTAS_SIGEMI_CRUCE.xlsx
[ACTUALIZAR PAGOS · AUTO] 🧹 Excel MULTAS_JUZGADO_CRUCE eliminado (ya usado en el cruce): backend/descargas/cache_actas_cruce/MULTAS_JUZGADO_CRUCE.xlsx
[ACTUALIZAR PAGOS · AUTO] ✅ CompararActasPaso finalizado. (⏱ 42.8s)
[ACTUALIZAR PAGOS · AUTO] ✓ [CompararActasPaso] Completado.
[ACTUALIZAR PAGOS · AUTO] ▶ [CargarPagosPaso] Iniciando...
[ACTUALIZAR PAGOS · AUTO] ==================================================
[ACTUALIZAR PAGOS · AUTO] 🚀 PASO: CargarPagosPaso
[ACTUALIZAR PAGOS · AUTO] ==================================================
[ACTUALIZAR PAGOS · AUTO] ℹ No se encontraron pagos para actualizar (el TXT final no tiene registros).
[ACTUALIZAR PAGOS · AUTO] 🧹 TXT de pagos sin registros eliminado (nada para subir): backend/descargas/pagos/2026-07-23/PAGOS 20260723 224423.txt
[ACTUALIZAR PAGOS · AUTO] ⏭ Se omite la carga al SEMyT.
[ACTUALIZAR PAGOS · AUTO] ✅ CargarPagosPaso finalizado. (⏱ 0.0s)
[ACTUALIZAR PAGOS · AUTO] ✓ [CargarPagosPaso] Completado.
[ACTUALIZAR PAGOS · AUTO] === Ejecución finalizada con éxito ===
[ACTUALIZAR PAGOS · AUTO] ℹ No se subió ningún archivo a ningún sistema externo en esta corrida: por política, el log detallado no se conserva en disco.
🤖 [Automático] Es hora de actualizar pagos. Arrancando...
[ACTUALIZAR PAGOS · AUTO] === Inicio de ejecución: pagos ===
[ACTUALIZAR PAGOS · AUTO] ▶ [LoginSemytPaso] Iniciando...
[ACTUALIZAR PAGOS · AUTO] ==================================================
[ACTUALIZAR PAGOS · AUTO] 🚀 PASO: LoginSemytPaso
[ACTUALIZAR PAGOS · AUTO] ==================================================
[ACTUALIZAR PAGOS · AUTO] Abriendo SEMyT...
[ACTUALIZAR PAGOS · AUTO] ✅ [SEMyT] Sesión existente detectada. Login omitido.
[ACTUALIZAR PAGOS · AUTO] ✅ LoginSemytPaso finalizado. (⏱ 4.2s)
[ACTUALIZAR PAGOS · AUTO] ✓ [LoginSemytPaso] Completado.
[ACTUALIZAR PAGOS · AUTO] ▶ [LoginJuzgadoPaso] Iniciando...
[ACTUALIZAR PAGOS · AUTO] ==================================================
[ACTUALIZAR PAGOS · AUTO] 🚀 PASO: LoginJuzgadoPaso
[ACTUALIZAR PAGOS · AUTO] ==================================================
[ACTUALIZAR PAGOS · AUTO] Abriendo sitio municipalidad (CiDi)...
[ACTUALIZAR PAGOS · AUTO] ✅ [Juzgado] Sesión existente detectada. Login omitido.
[ACTUALIZAR PAGOS · AUTO] ✅ LoginJuzgadoPaso finalizado. (⏱ 1.6s)
[ACTUALIZAR PAGOS · AUTO] ✓ [LoginJuzgadoPaso] Completado.
[ACTUALIZAR PAGOS · AUTO] ▶ [DescargasParalelasPaso] Iniciando...
[ACTUALIZAR PAGOS · AUTO] ==================================================
[ACTUALIZAR PAGOS · AUTO] 🚀 PASO: DescargasParalelasPaso
[ACTUALIZAR PAGOS · AUTO] ==================================================
[ACTUALIZAR PAGOS · AUTO] 📤 Arrancando las 3 descargas en paralelo (mismo browser, páginas separadas)...
[ACTUALIZAR PAGOS · AUTO] Fecha Desde: 27/06/2024
[ACTUALIZAR PAGOS · AUTO] Fecha Hasta: 24/11/2025
[ACTUALIZAR PAGOS · AUTO] Fecha Desde: 25/11/2025
[ACTUALIZAR PAGOS · AUTO] Fecha Hasta: 23/07/2026
[ACTUALIZAR PAGOS · AUTO] Descargando Excel...
[ACTUALIZAR PAGOS · AUTO] Descargando Excel...
⏳ [Automático] Tocaba disparar 'pagos' pero ya hay una ejecución en curso (Actualizar pagos); esperando a que termine; se reintenta en breve sin perder el turno.
[ACTUALIZAR PAGOS · AUTO] Archivo descargado en: backend/descargas/cache_actas_cruce/MULTAS_JUZGADO_CRUCE.xlsx
[ACTUALIZAR PAGOS · AUTO] ⏱ [actas_juzgado] completado en 17.6s
[ACTUALIZAR PAGOS · AUTO] Archivo descargado en: backend/descargas/cache_actas_cruce/MULTAS_SIGEMI_CRUCE.xlsx
[ACTUALIZAR PAGOS · AUTO] ⏱ [actas_sigemi] completado en 39.2s
[ACTUALIZAR PAGOS · AUTO] ✅ TXT de pagos descargado en: backend/descargas/pagos/2026-07-23/PAGOS DESCARGADOS.txt
[ACTUALIZAR PAGOS · AUTO] ⏱ [pagos_txt] completado en 39.3s
[ACTUALIZAR PAGOS · AUTO] ⏱ TOTAL descargas en paralelo: 39.3s
[ACTUALIZAR PAGOS · AUTO] ✅ DescargasParalelasPaso finalizado. (⏱ 40.9s)
[ACTUALIZAR PAGOS · AUTO] ✓ [DescargasParalelasPaso] Completado.
[ACTUALIZAR PAGOS · AUTO] ▶ [CompararActasPaso] Iniciando...
[ACTUALIZAR PAGOS · AUTO] ==================================================
[ACTUALIZAR PAGOS · AUTO] 🚀 PASO: CompararActasPaso
[ACTUALIZAR PAGOS · AUTO] ==================================================
[ACTUALIZAR PAGOS · AUTO] 🔍 Comparando actas del SEMyT contra pagos del Juzgado...
[ACTUALIZAR PAGOS · AUTO] ================================================================================
[ACTUALIZAR PAGOS · AUTO] INICIANDO PROCESO DE GENERACIÓN DE PAGOS DESACTUALIZADOS
[ACTUALIZAR PAGOS · AUTO] ================================================================================
[ACTUALIZAR PAGOS · AUTO] 📂 Cargando archivos...
[ACTUALIZAR PAGOS · AUTO]   ✓ Pagos: 16848 registros
[ACTUALIZAR PAGOS · AUTO]   ✓ Excel SIGEMI (multas vencidas viejas): 103584 registros
[ACTUALIZAR PAGOS · AUTO]   ✓ Excel Juzgado (multas vencidas nuevas): 40140 registros
[ACTUALIZAR PAGOS · AUTO] ================================================================================
[ACTUALIZAR PAGOS · AUTO] PASO 1: LLENANDO ACTA_NUMERO (búsqueda por patente + fecha, con desempate por hora)
[ACTUALIZAR PAGOS · AUTO] ================================================================================
[ACTUALIZAR PAGOS · AUTO] 📊 ESTADÍSTICAS DE LLENADO DE ACTAS:
[ACTUALIZAR PAGOS · AUTO]   • Pagos con acta ORIGINAL: 2863
[ACTUALIZAR PAGOS · AUTO]   • Pagos SIN acta (buscados): 13985
[ACTUALIZAR PAGOS · AUTO]   • Pagos LLENADOS exitosamente: 1
[ACTUALIZAR PAGOS · AUTO]   • Pagos NO encontrados en multas: 13984
[ACTUALIZAR PAGOS · AUTO]   • Pagos SIN RESOLVER por desbalance de cantidades: 0
[ACTUALIZAR PAGOS · AUTO] ================================================================================
[ACTUALIZAR PAGOS · AUTO] PASO 1: LLENANDO ACTA_NUMERO (búsqueda por patente + fecha, con desempate por hora)
[ACTUALIZAR PAGOS · AUTO] ================================================================================
[ACTUALIZAR PAGOS · AUTO] 📊 ESTADÍSTICAS DE LLENADO DE ACTAS:
[ACTUALIZAR PAGOS · AUTO]   • Pagos con acta ORIGINAL: 2864
[ACTUALIZAR PAGOS · AUTO]   • Pagos SIN acta (buscados): 13984
[ACTUALIZAR PAGOS · AUTO]   • Pagos LLENADOS exitosamente: 0
[ACTUALIZAR PAGOS · AUTO]   • Pagos NO encontrados en multas: 13984
[ACTUALIZAR PAGOS · AUTO]   • Pagos SIN RESOLVER por desbalance de cantidades: 0
[ACTUALIZAR PAGOS · AUTO] ⏱ PASO 1 (llenar actas): 16.8s
[ACTUALIZAR PAGOS · AUTO] ================================================================================
[ACTUALIZAR PAGOS · AUTO] PASO 2: FILTRANDO PAGOS CON ACTA_NUMERO COMPLETO
[ACTUALIZAR PAGOS · AUTO] ================================================================================
[ACTUALIZAR PAGOS · AUTO] 📊 ESTADÍSTICAS DE FILTRADO:
[ACTUALIZAR PAGOS · AUTO]   • Pagos TOTALES al inicio: 16848
[ACTUALIZAR PAGOS · AUTO]   • Pagos CON acta (MANTIENEN): 2864
[ACTUALIZAR PAGOS · AUTO]   • Pagos RECHAZADOS (sin coincidencias): 13984
[ACTUALIZAR PAGOS · AUTO] ⚠️  Se eliminaron 13984 registros sin número de acta
[ACTUALIZAR PAGOS · AUTO]      (recordá: esto incluye tanto pagos ya actualizados/pagados
[ACTUALIZAR PAGOS · AUTO]       como pagos que quedaron sin resolver por desbalance en el Paso 1)
[ACTUALIZAR PAGOS · AUTO] ================================================================================
[ACTUALIZAR PAGOS · AUTO] PASO 2-bis: CONFIRMANDO VIGENCIA DE PAGOS DEL SISTEMA NUEVO (contra MULTAS_JUZGADO_CRUCE)
[ACTUALIZAR PAGOS · AUTO] ================================================================================
[ACTUALIZAR PAGOS · AUTO]   ⚠ 2857 pago(s) del sistema nuevo descartados: su acta ya no figura como vencida en MULTAS_JUZGADO_CRUCE (SEMyT ya los actualizó).
[ACTUALIZAR PAGOS · AUTO]   • Pagos del sistema nuevo descartados por ya estar actualizados: 2857
[ACTUALIZAR PAGOS · AUTO] ⏱ PASO 2 (filtrar): 1.4s
[ACTUALIZAR PAGOS · AUTO] 📂 Cargando maestro de causas SIGEMI...
[ACTUALIZAR PAGOS · AUTO]   ✓ Causas totales (maestro): 134069 registros
[ACTUALIZAR PAGOS · AUTO] ⏱ PASO 2.5 (causas simplificado): 0.2s
[ACTUALIZAR PAGOS · AUTO] ================================================================================
[ACTUALIZAR PAGOS · AUTO] PASO 2.5: ARMANDO causas.txt SIMPLIFICADO (cruce contra total_causas_sigemi.txt)
[ACTUALIZAR PAGOS · AUTO] ================================================================================
[ACTUALIZAR PAGOS · AUTO]   • Actas vencidas viejas (multas): 103584
[ACTUALIZAR PAGOS · AUTO]   • Causas totales en el maestro SIGEMI: 134069
[ACTUALIZAR PAGOS · AUTO]   • Causas que coinciden (simplificado): 103254
[ACTUALIZAR PAGOS · AUTO]   ✅ Archivo escrito: backend/descargas/causas/causas.txt
[ACTUALIZAR PAGOS · AUTO] ⏱ PASO 2.5 (causas simplificado): 2.9s
[ACTUALIZAR PAGOS · AUTO] ================================================================================
[ACTUALIZAR PAGOS · AUTO] PASO 3: LLENANDO CAUSA_NUMERO (según fecha de cambio de sistema, cruzando por acta + año)
[ACTUALIZAR PAGOS · AUTO] ================================================================================
[ACTUALIZAR PAGOS · AUTO] 📊 ESTADÍSTICAS DE LLENADO DE CAUSAS:
[ACTUALIZAR PAGOS · AUTO]   • Pagos con causa ORIGINAL: 6
[ACTUALIZAR PAGOS · AUTO]   • Causas encontradas en SIGEMI (actas viejas): 1
[ACTUALIZAR PAGOS · AUTO]   • Causas NO encontradas en SIGEMI: 0
[ACTUALIZAR PAGOS · AUTO]   • Causas asignadas automáticamente (actas nuevas): 0
[ACTUALIZAR PAGOS · AUTO] ⏱ PASO 3 (llenar causas): 0.0s
[ACTUALIZAR PAGOS · AUTO] ================================================================================
[ACTUALIZAR PAGOS · AUTO] PASO 4: ORDENANDO POR FECHA Y ACTA_NUMERO
[ACTUALIZAR PAGOS · AUTO] ================================================================================
[ACTUALIZAR PAGOS · AUTO] ✓ Pagos ordenados correctamente
[ACTUALIZAR PAGOS · AUTO]   • Primera entrada: Acta=234045, Fecha=14/11/2025
[ACTUALIZAR PAGOS · AUTO]   • Última entrada: Acta=275230, Fecha=04/03/2026
[ACTUALIZAR PAGOS · AUTO] 📝 Escribiendo archivo de salida...
[ACTUALIZAR PAGOS · AUTO]   ✅ Archivo escrito: backend/descargas/pagos/2026-07-23/PAGOS 20260723 225601.txt
[ACTUALIZAR PAGOS · AUTO]   ✅ Total registros: 878
[ACTUALIZAR PAGOS · AUTO] ⏱ PASO 4 (ordenar y escribir): 0.0s
[ACTUALIZAR PAGOS · AUTO] ================================================================================
[ACTUALIZAR PAGOS · AUTO] ✅ PROCESO COMPLETADO EXITOSAMENTE
[ACTUALIZAR PAGOS · AUTO] ================================================================================
[ACTUALIZAR PAGOS · AUTO] 📊 RESUMEN FINAL DEL PROCESAMIENTO:
[ACTUALIZAR PAGOS · AUTO]   ENTRADA:
[ACTUALIZAR PAGOS · AUTO]     • Pagos originales: 16848
[ACTUALIZAR PAGOS · AUTO]     • Multas SIGEMI cargadas: 103584
[ACTUALIZAR PAGOS · AUTO]     • Multas Juzgado cargadas: 40140
[ACTUALIZAR PAGOS · AUTO]     • Causas simplificadas (usadas para el cruce): 103254
[ACTUALIZAR PAGOS · AUTO]   PROCESO:
[ACTUALIZAR PAGOS · AUTO]     • Pagos rechazados sigemi: 13984
[ACTUALIZAR PAGOS · AUTO]     • Pagos rechazados juzgado: 2857
[ACTUALIZAR PAGOS · AUTO]   SALIDA:
[ACTUALIZAR PAGOS · AUTO]     • Pagos desactualizados procesados: 7
[ACTUALIZAR PAGOS · AUTO]     • Archivo final: backend/descargas/pagos/2026-07-23/PAGOS 20260723 225601.txt
[ACTUALIZAR PAGOS · AUTO]     • Ordenados por fecha: SÍ ✓
[ACTUALIZAR PAGOS · AUTO]     • Todos con ACTA_NUMERO: SÍ ✓
[ACTUALIZAR PAGOS · AUTO]     • Todos con CAUSA_NUMERO: SÍ ✓
[ACTUALIZAR PAGOS · AUTO] ✅ TXT de pagos (ya cruzado con actas y causas) generado en: backend/descargas/pagos/2026-07-23/PAGOS 20260723 225601.txt
[ACTUALIZAR PAGOS · AUTO] 🧹 TXT de pagos crudo eliminado (ya usado en el cruce): backend/descargas/pagos/2026-07-23/PAGOS DESCARGADOS.txt
[ACTUALIZAR PAGOS · AUTO] 🧹 Excel MULTAS_SIGEMI_CRUCE eliminado (ya usado en el cruce): backend/descargas/cache_actas_cruce/MULTAS_SIGEMI_CRUCE.xlsx
[ACTUALIZAR PAGOS · AUTO] 🧹 Excel MULTAS_JUZGADO_CRUCE eliminado (ya usado en el cruce): backend/descargas/cache_actas_cruce/MULTAS_JUZGADO_CRUCE.xlsx
[ACTUALIZAR PAGOS · AUTO] ✅ CompararActasPaso finalizado. (⏱ 51.3s)
[ACTUALIZAR PAGOS · AUTO] ✓ [CompararActasPaso] Completado.
[ACTUALIZAR PAGOS · AUTO] ▶ [CargarPagosPaso] Iniciando...
[ACTUALIZAR PAGOS · AUTO] ==================================================
[ACTUALIZAR PAGOS · AUTO] 🚀 PASO: CargarPagosPaso
[ACTUALIZAR PAGOS · AUTO] ==================================================
[ACTUALIZAR PAGOS · AUTO] 📤 Subiendo TXT de pagos al SEMyT...
[ACTUALIZAR PAGOS · AUTO] ✅ Importación de pagos completada con éxito.
[ACTUALIZAR PAGOS · AUTO] ✅ Archivo TXT de pagos cargado en el SEMyT correctamente.
[ACTUALIZAR PAGOS · AUTO] ✅ CargarPagosPaso finalizado. (⏱ 4.0s)
[ACTUALIZAR PAGOS · AUTO] ✓ [CargarPagosPaso] Completado.
[ACTUALIZAR PAGOS · AUTO] === Ejecución finalizada con éxito ===
🤖 [Automático] Es hora de actualizar pagos. Arrancando...
[ACTUALIZAR PAGOS · AUTO] === Inicio de ejecución: pagos ===
[ACTUALIZAR PAGOS · AUTO] ▶ [LoginSemytPaso] Iniciando...
[ACTUALIZAR PAGOS · AUTO] ==================================================
[ACTUALIZAR PAGOS · AUTO] 🚀 PASO: LoginSemytPaso
[ACTUALIZAR PAGOS · AUTO] ==================================================
[ACTUALIZAR PAGOS · AUTO] Abriendo SEMyT...
[ACTUALIZAR PAGOS · AUTO] ✅ [SEMyT] Sesión existente detectada. Login omitido.
[ACTUALIZAR PAGOS · AUTO] ✅ LoginSemytPaso finalizado. (⏱ 3.8s)
[ACTUALIZAR PAGOS · AUTO] ✓ [LoginSemytPaso] Completado.
[ACTUALIZAR PAGOS · AUTO] ▶ [LoginJuzgadoPaso] Iniciando...
[ACTUALIZAR PAGOS · AUTO] ==================================================
[ACTUALIZAR PAGOS · AUTO] 🚀 PASO: LoginJuzgadoPaso
[ACTUALIZAR PAGOS · AUTO] ==================================================
[ACTUALIZAR PAGOS · AUTO] Abriendo sitio municipalidad (CiDi)...
[ACTUALIZAR PAGOS · AUTO] ✅ [Juzgado] Sesión existente detectada. Login omitido.
[ACTUALIZAR PAGOS · AUTO] ✅ LoginJuzgadoPaso finalizado. (⏱ 1.4s)
[ACTUALIZAR PAGOS · AUTO] ✓ [LoginJuzgadoPaso] Completado.
[ACTUALIZAR PAGOS · AUTO] ▶ [DescargasParalelasPaso] Iniciando...
[ACTUALIZAR PAGOS · AUTO] ==================================================
[ACTUALIZAR PAGOS · AUTO] 🚀 PASO: DescargasParalelasPaso
[ACTUALIZAR PAGOS · AUTO] ==================================================
[ACTUALIZAR PAGOS · AUTO] 📤 Arrancando las 3 descargas en paralelo (mismo browser, páginas separadas)...
[ACTUALIZAR PAGOS · AUTO] Fecha Desde: 27/06/2024
[ACTUALIZAR PAGOS · AUTO] Fecha Hasta: 24/11/2025
[ACTUALIZAR PAGOS · AUTO] Fecha Desde: 25/11/2025
[ACTUALIZAR PAGOS · AUTO] Fecha Hasta: 23/07/2026
[ACTUALIZAR PAGOS · AUTO] Descargando Excel...
[ACTUALIZAR PAGOS · AUTO] Descargando Excel...
⏳ [Automático] Tocaba disparar 'pagos' pero ya hay una ejecución en curso (Actualizar pagos); esperando a que termine; se reintenta en breve sin perder el turno.
[ACTUALIZAR PAGOS · AUTO] Archivo descargado en: backend/descargas/cache_actas_cruce/MULTAS_JUZGADO_CRUCE.xlsx
[ACTUALIZAR PAGOS · AUTO] ⏱ [actas_juzgado] completado en 18.1s
[ACTUALIZAR PAGOS · AUTO] Archivo descargado en: backend/descargas/cache_actas_cruce/MULTAS_SIGEMI_CRUCE.xlsx
[ACTUALIZAR PAGOS · AUTO] ⏱ [actas_sigemi] completado en 37.9s
[ACTUALIZAR PAGOS · AUTO] ✅ TXT de pagos descargado en: backend/descargas/pagos/2026-07-23/PAGOS DESCARGADOS.txt
[ACTUALIZAR PAGOS · AUTO] ⏱ [pagos_txt] completado en 38.1s
[ACTUALIZAR PAGOS · AUTO] ⏱ TOTAL descargas en paralelo: 38.1s
[ACTUALIZAR PAGOS · AUTO] ✅ DescargasParalelasPaso finalizado. (⏱ 39.3s)
[ACTUALIZAR PAGOS · AUTO] ✓ [DescargasParalelasPaso] Completado.
[ACTUALIZAR PAGOS · AUTO] ▶ [CompararActasPaso] Iniciando...
[ACTUALIZAR PAGOS · AUTO] ==================================================
[ACTUALIZAR PAGOS · AUTO] 🚀 PASO: CompararActasPaso
[ACTUALIZAR PAGOS · AUTO] ==================================================
[ACTUALIZAR PAGOS · AUTO] 🔍 Comparando actas del SEMyT contra pagos del Juzgado...
[ACTUALIZAR PAGOS · AUTO] ================================================================================
[ACTUALIZAR PAGOS · AUTO] INICIANDO PROCESO DE GENERACIÓN DE PAGOS DESACTUALIZADOS
[ACTUALIZAR PAGOS · AUTO] ================================================================================
[ACTUALIZAR PAGOS · AUTO] 📂 Cargando archivos...
[ACTUALIZAR PAGOS · AUTO]   ✓ Pagos: 16853 registros
[ACTUALIZAR PAGOS · AUTO]   ✓ Excel SIGEMI (multas vencidas viejas): 103583 registros
[ACTUALIZAR PAGOS · AUTO]   ✓ Excel Juzgado (multas vencidas nuevas): 40134 registros
[ACTUALIZAR PAGOS · AUTO] ================================================================================
[ACTUALIZAR PAGOS · AUTO] PASO 1: LLENANDO ACTA_NUMERO (búsqueda por patente + fecha, con desempate por hora)
[ACTUALIZAR PAGOS · AUTO] ================================================================================
[ACTUALIZAR PAGOS · AUTO] 📊 ESTADÍSTICAS DE LLENADO DE ACTAS:
[ACTUALIZAR PAGOS · AUTO]   • Pagos con acta ORIGINAL: 2867
[ACTUALIZAR PAGOS · AUTO]   • Pagos SIN acta (buscados): 13986
[ACTUALIZAR PAGOS · AUTO]   • Pagos LLENADOS exitosamente: 1
[ACTUALIZAR PAGOS · AUTO]   • Pagos NO encontrados en multas: 13985
[ACTUALIZAR PAGOS · AUTO]   • Pagos SIN RESOLVER por desbalance de cantidades: 0
[ACTUALIZAR PAGOS · AUTO] ================================================================================
[ACTUALIZAR PAGOS · AUTO] PASO 1: LLENANDO ACTA_NUMERO (búsqueda por patente + fecha, con desempate por hora)
[ACTUALIZAR PAGOS · AUTO] ================================================================================
[ACTUALIZAR PAGOS · AUTO] 📊 ESTADÍSTICAS DE LLENADO DE ACTAS:
[ACTUALIZAR PAGOS · AUTO]   • Pagos con acta ORIGINAL: 2868
[ACTUALIZAR PAGOS · AUTO]   • Pagos SIN acta (buscados): 13985
[ACTUALIZAR PAGOS · AUTO]   • Pagos LLENADOS exitosamente: 0
[ACTUALIZAR PAGOS · AUTO]   • Pagos NO encontrados en multas: 13985
[ACTUALIZAR PAGOS · AUTO]   • Pagos SIN RESOLVER por desbalance de cantidades: 0
[ACTUALIZAR PAGOS · AUTO] ⏱ PASO 1 (llenar actas): 18.2s
[ACTUALIZAR PAGOS · AUTO] ================================================================================
[ACTUALIZAR PAGOS · AUTO] PASO 2: FILTRANDO PAGOS CON ACTA_NUMERO COMPLETO
[ACTUALIZAR PAGOS · AUTO] ================================================================================
[ACTUALIZAR PAGOS · AUTO] 📊 ESTADÍSTICAS DE FILTRADO:
[ACTUALIZAR PAGOS · AUTO]   • Pagos TOTALES al inicio: 16853
[ACTUALIZAR PAGOS · AUTO]   • Pagos CON acta (MANTIENEN): 2868
[ACTUALIZAR PAGOS · AUTO]   • Pagos RECHAZADOS (sin coincidencias): 13985
[ACTUALIZAR PAGOS · AUTO] ⚠️  Se eliminaron 13985 registros sin número de acta
[ACTUALIZAR PAGOS · AUTO]      (recordá: esto incluye tanto pagos ya actualizados/pagados
[ACTUALIZAR PAGOS · AUTO]       como pagos que quedaron sin resolver por desbalance en el Paso 1)
[ACTUALIZAR PAGOS · AUTO] ================================================================================
[ACTUALIZAR PAGOS · AUTO] PASO 2-bis: CONFIRMANDO VIGENCIA DE PAGOS DEL SISTEMA NUEVO (contra MULTAS_JUZGADO_CRUCE)
[ACTUALIZAR PAGOS · AUTO] ================================================================================
[ACTUALIZAR PAGOS · AUTO]   ⚠ 2863 pago(s) del sistema nuevo descartados: su acta ya no figura como vencida en MULTAS_JUZGADO_CRUCE (SEMyT ya los actualizó).
[ACTUALIZAR PAGOS · AUTO]   • Pagos del sistema nuevo descartados por ya estar actualizados: 2863
[ACTUALIZAR PAGOS · AUTO] ⏱ PASO 2 (filtrar): 1.3s
[ACTUALIZAR PAGOS · AUTO] 📂 Cargando maestro de causas SIGEMI...
[ACTUALIZAR PAGOS · AUTO]   ✓ Causas totales (maestro): 134069 registros
[ACTUALIZAR PAGOS · AUTO] ⏱ PASO 2.5 (causas simplificado): 0.2s
[ACTUALIZAR PAGOS · AUTO] ================================================================================
[ACTUALIZAR PAGOS · AUTO] PASO 2.5: ARMANDO causas.txt SIMPLIFICADO (cruce contra total_causas_sigemi.txt)
[ACTUALIZAR PAGOS · AUTO] ================================================================================
[ACTUALIZAR PAGOS · AUTO]   • Actas vencidas viejas (multas): 103583
[ACTUALIZAR PAGOS · AUTO]   • Causas totales en el maestro SIGEMI: 134069
[ACTUALIZAR PAGOS · AUTO]   • Causas que coinciden (simplificado): 103253
[ACTUALIZAR PAGOS · AUTO]   ✅ Archivo escrito: backend/descargas/causas/causas.txt
[ACTUALIZAR PAGOS · AUTO] ⏱ PASO 2.5 (causas simplificado): 2.8s
[ACTUALIZAR PAGOS · AUTO] ================================================================================
[ACTUALIZAR PAGOS · AUTO] PASO 3: LLENANDO CAUSA_NUMERO (según fecha de cambio de sistema, cruzando por acta + año)
[ACTUALIZAR PAGOS · AUTO] ================================================================================
[ACTUALIZAR PAGOS · AUTO] 📊 ESTADÍSTICAS DE LLENADO DE CAUSAS:
[ACTUALIZAR PAGOS · AUTO]   • Pagos con causa ORIGINAL: 4
[ACTUALIZAR PAGOS · AUTO]   • Causas encontradas en SIGEMI (actas viejas): 1
[ACTUALIZAR PAGOS · AUTO]   • Causas NO encontradas en SIGEMI: 0
[ACTUALIZAR PAGOS · AUTO]   • Causas asignadas automáticamente (actas nuevas): 0
[ACTUALIZAR PAGOS · AUTO] ⏱ PASO 3 (llenar causas): 0.0s
[ACTUALIZAR PAGOS · AUTO] ================================================================================
[ACTUALIZAR PAGOS · AUTO] PASO 4: ORDENANDO POR FECHA Y ACTA_NUMERO
[ACTUALIZAR PAGOS · AUTO] ================================================================================
[ACTUALIZAR PAGOS · AUTO] ✓ Pagos ordenados correctamente
[ACTUALIZAR PAGOS · AUTO]   • Primera entrada: Acta=225570, Fecha=27/10/2025
[ACTUALIZAR PAGOS · AUTO]   • Última entrada: Acta=272080, Fecha=26/02/2026
[ACTUALIZAR PAGOS · AUTO] 📝 Escribiendo archivo de salida...
[ACTUALIZAR PAGOS · AUTO]   ✅ Archivo escrito: backend/descargas/pagos/2026-07-23/PAGOS 20260723 230748.txt
[ACTUALIZAR PAGOS · AUTO]   ✅ Total registros: 703
[ACTUALIZAR PAGOS · AUTO] ⏱ PASO 4 (ordenar y escribir): 0.0s
[ACTUALIZAR PAGOS · AUTO] ================================================================================
[ACTUALIZAR PAGOS · AUTO] ✅ PROCESO COMPLETADO EXITOSAMENTE
[ACTUALIZAR PAGOS · AUTO] ================================================================================
[ACTUALIZAR PAGOS · AUTO] 📊 RESUMEN FINAL DEL PROCESAMIENTO:
[ACTUALIZAR PAGOS · AUTO]   ENTRADA:
[ACTUALIZAR PAGOS · AUTO]     • Pagos originales: 16853
[ACTUALIZAR PAGOS · AUTO]     • Multas SIGEMI cargadas: 103583
[ACTUALIZAR PAGOS · AUTO]     • Multas Juzgado cargadas: 40134
[ACTUALIZAR PAGOS · AUTO]     • Causas simplificadas (usadas para el cruce): 103253
[ACTUALIZAR PAGOS · AUTO]   PROCESO:
[ACTUALIZAR PAGOS · AUTO]     • Pagos rechazados sigemi: 13985
[ACTUALIZAR PAGOS · AUTO]     • Pagos rechazados juzgado: 2863
[ACTUALIZAR PAGOS · AUTO]   SALIDA:
[ACTUALIZAR PAGOS · AUTO]     • Pagos desactualizados procesados: 5
[ACTUALIZAR PAGOS · AUTO]     • Archivo final: backend/descargas/pagos/2026-07-23/PAGOS 20260723 230748.txt
[ACTUALIZAR PAGOS · AUTO]     • Ordenados por fecha: SÍ ✓
[ACTUALIZAR PAGOS · AUTO]     • Todos con ACTA_NUMERO: SÍ ✓
[ACTUALIZAR PAGOS · AUTO]     • Todos con CAUSA_NUMERO: SÍ ✓
[ACTUALIZAR PAGOS · AUTO] ✅ TXT de pagos (ya cruzado con actas y causas) generado en: backend/descargas/pagos/2026-07-23/PAGOS 20260723 230748.txt
[ACTUALIZAR PAGOS · AUTO] 🧹 TXT de pagos crudo eliminado (ya usado en el cruce): backend/descargas/pagos/2026-07-23/PAGOS DESCARGADOS.txt
[ACTUALIZAR PAGOS · AUTO] 🧹 Excel MULTAS_SIGEMI_CRUCE eliminado (ya usado en el cruce): backend/descargas/cache_actas_cruce/MULTAS_SIGEMI_CRUCE.xlsx
[ACTUALIZAR PAGOS · AUTO] 🧹 Excel MULTAS_JUZGADO_CRUCE eliminado (ya usado en el cruce): backend/descargas/cache_actas_cruce/MULTAS_JUZGADO_CRUCE.xlsx
[ACTUALIZAR PAGOS · AUTO] ✅ CompararActasPaso finalizado. (⏱ 49.4s)
[ACTUALIZAR PAGOS · AUTO] ✓ [CompararActasPaso] Completado.
[ACTUALIZAR PAGOS · AUTO] ▶ [CargarPagosPaso] Iniciando...
[ACTUALIZAR PAGOS · AUTO] ==================================================
[ACTUALIZAR PAGOS · AUTO] 🚀 PASO: CargarPagosPaso
[ACTUALIZAR PAGOS · AUTO] ==================================================
[ACTUALIZAR PAGOS · AUTO] 📤 Subiendo TXT de pagos al SEMyT...
[ACTUALIZAR PAGOS · AUTO] ✅ Importación de pagos completada con éxito.
[ACTUALIZAR PAGOS · AUTO] ✅ Archivo TXT de pagos cargado en el SEMyT correctamente.
[ACTUALIZAR PAGOS · AUTO] ✅ CargarPagosPaso finalizado. (⏱ 3.4s)
[ACTUALIZAR PAGOS · AUTO] ✓ [CargarPagosPaso] Completado.
[ACTUALIZAR PAGOS · AUTO] === Ejecución finalizada con éxito ===
🤖 [Automático] Es hora de actualizar pagos. Arrancando...
[ACTUALIZAR PAGOS · AUTO] === Inicio de ejecución: pagos ===
[ACTUALIZAR PAGOS · AUTO] ▶ [LoginSemytPaso] Iniciando...
[ACTUALIZAR PAGOS · AUTO] ==================================================
[ACTUALIZAR PAGOS · AUTO] 🚀 PASO: LoginSemytPaso
[ACTUALIZAR PAGOS · AUTO] ==================================================
[ACTUALIZAR PAGOS · AUTO] Abriendo SEMyT...
[ACTUALIZAR PAGOS · AUTO] ✅ [SEMyT] Sesión existente detectada. Login omitido.
[ACTUALIZAR PAGOS · AUTO] ✅ LoginSemytPaso finalizado. (⏱ 5.2s)
[ACTUALIZAR PAGOS · AUTO] ✓ [LoginSemytPaso] Completado.
[ACTUALIZAR PAGOS · AUTO] ▶ [LoginJuzgadoPaso] Iniciando...
[ACTUALIZAR PAGOS · AUTO] ==================================================
[ACTUALIZAR PAGOS · AUTO] 🚀 PASO: LoginJuzgadoPaso
[ACTUALIZAR PAGOS · AUTO] ==================================================
[ACTUALIZAR PAGOS · AUTO] Abriendo sitio municipalidad (CiDi)...
[ACTUALIZAR PAGOS · AUTO] ✅ [Juzgado] Sesión existente detectada. Login omitido.
[ACTUALIZAR PAGOS · AUTO] ✅ LoginJuzgadoPaso finalizado. (⏱ 1.4s)
[ACTUALIZAR PAGOS · AUTO] ✓ [LoginJuzgadoPaso] Completado.
[ACTUALIZAR PAGOS · AUTO] ▶ [DescargasParalelasPaso] Iniciando...
[ACTUALIZAR PAGOS · AUTO] ==================================================
[ACTUALIZAR PAGOS · AUTO] 🚀 PASO: DescargasParalelasPaso
[ACTUALIZAR PAGOS · AUTO] ==================================================
[ACTUALIZAR PAGOS · AUTO] 📤 Arrancando las 3 descargas en paralelo (mismo browser, páginas separadas)...
[ACTUALIZAR PAGOS · AUTO] Fecha Desde: 27/06/2024
[ACTUALIZAR PAGOS · AUTO] Fecha Hasta: 24/11/2025
[ACTUALIZAR PAGOS · AUTO] Fecha Desde: 25/11/2025
[ACTUALIZAR PAGOS · AUTO] Fecha Hasta: 23/07/2026
[ACTUALIZAR PAGOS · AUTO] Descargando Excel...
[ACTUALIZAR PAGOS · AUTO] Descargando Excel...
⏳ [Automático] Tocaba disparar 'pagos' pero ya hay una ejecución en curso (Actualizar pagos); esperando a que termine; se reintenta en breve sin perder el turno.
[ACTUALIZAR PAGOS · AUTO] Archivo descargado en: backend/descargas/cache_actas_cruce/MULTAS_JUZGADO_CRUCE.xlsx
[ACTUALIZAR PAGOS · AUTO] ⏱ [actas_juzgado] completado en 17.0s
[ACTUALIZAR PAGOS · AUTO] Archivo descargado en: backend/descargas/cache_actas_cruce/MULTAS_SIGEMI_CRUCE.xlsx
[ACTUALIZAR PAGOS · AUTO] ⏱ [actas_sigemi] completado en 39.0s
[ACTUALIZAR PAGOS · AUTO] ✅ TXT de pagos descargado en: backend/descargas/pagos/2026-07-23/PAGOS DESCARGADOS.txt
[ACTUALIZAR PAGOS · AUTO] ⏱ [pagos_txt] completado en 39.1s
[ACTUALIZAR PAGOS · AUTO] ⏱ TOTAL descargas en paralelo: 39.1s
[ACTUALIZAR PAGOS · AUTO] ✅ DescargasParalelasPaso finalizado. (⏱ 40.5s)
[ACTUALIZAR PAGOS · AUTO] ✓ [DescargasParalelasPaso] Completado.
[ACTUALIZAR PAGOS · AUTO] ▶ [CompararActasPaso] Iniciando...
[ACTUALIZAR PAGOS · AUTO] ==================================================
[ACTUALIZAR PAGOS · AUTO] 🚀 PASO: CompararActasPaso
[ACTUALIZAR PAGOS · AUTO] ==================================================
[ACTUALIZAR PAGOS · AUTO] 🔍 Comparando actas del SEMyT contra pagos del Juzgado...
[ACTUALIZAR PAGOS · AUTO] ================================================================================
[ACTUALIZAR PAGOS · AUTO] INICIANDO PROCESO DE GENERACIÓN DE PAGOS DESACTUALIZADOS
[ACTUALIZAR PAGOS · AUTO] ================================================================================
[ACTUALIZAR PAGOS · AUTO] 📂 Cargando archivos...
[ACTUALIZAR PAGOS · AUTO]   ✓ Pagos: 16853 registros
[ACTUALIZAR PAGOS · AUTO]   ✓ Excel SIGEMI (multas vencidas viejas): 103582 registros
[ACTUALIZAR PAGOS · AUTO]   ✓ Excel Juzgado (multas vencidas nuevas): 40130 registros
[ACTUALIZAR PAGOS · AUTO] ================================================================================
[ACTUALIZAR PAGOS · AUTO] PASO 1: LLENANDO ACTA_NUMERO (búsqueda por patente + fecha, con desempate por hora)
[ACTUALIZAR PAGOS · AUTO] ================================================================================
[ACTUALIZAR PAGOS · AUTO] 📊 ESTADÍSTICAS DE LLENADO DE ACTAS:
[ACTUALIZAR PAGOS · AUTO]   • Pagos con acta ORIGINAL: 2867
[ACTUALIZAR PAGOS · AUTO]   • Pagos SIN acta (buscados): 13986
[ACTUALIZAR PAGOS · AUTO]   • Pagos LLENADOS exitosamente: 0
[ACTUALIZAR PAGOS · AUTO]   • Pagos NO encontrados en multas: 13986
[ACTUALIZAR PAGOS · AUTO]   • Pagos SIN RESOLVER por desbalance de cantidades: 0
[ACTUALIZAR PAGOS · AUTO] ================================================================================
[ACTUALIZAR PAGOS · AUTO] PASO 1: LLENANDO ACTA_NUMERO (búsqueda por patente + fecha, con desempate por hora)
[ACTUALIZAR PAGOS · AUTO] ================================================================================
[ACTUALIZAR PAGOS · AUTO] 📊 ESTADÍSTICAS DE LLENADO DE ACTAS:
[ACTUALIZAR PAGOS · AUTO]   • Pagos con acta ORIGINAL: 2867
[ACTUALIZAR PAGOS · AUTO]   • Pagos SIN acta (buscados): 13986
[ACTUALIZAR PAGOS · AUTO]   • Pagos LLENADOS exitosamente: 0
[ACTUALIZAR PAGOS · AUTO]   • Pagos NO encontrados en multas: 13986
[ACTUALIZAR PAGOS · AUTO]   • Pagos SIN RESOLVER por desbalance de cantidades: 0
[ACTUALIZAR PAGOS · AUTO] ⏱ PASO 1 (llenar actas): 18.7s
[ACTUALIZAR PAGOS · AUTO] ================================================================================
[ACTUALIZAR PAGOS · AUTO] PASO 2: FILTRANDO PAGOS CON ACTA_NUMERO COMPLETO
[ACTUALIZAR PAGOS · AUTO] ================================================================================
[ACTUALIZAR PAGOS · AUTO] 📊 ESTADÍSTICAS DE FILTRADO:
[ACTUALIZAR PAGOS · AUTO]   • Pagos TOTALES al inicio: 16853
[ACTUALIZAR PAGOS · AUTO]   • Pagos CON acta (MANTIENEN): 2867
[ACTUALIZAR PAGOS · AUTO]   • Pagos RECHAZADOS (sin coincidencias): 13986
[ACTUALIZAR PAGOS · AUTO] ⚠️  Se eliminaron 13986 registros sin número de acta
[ACTUALIZAR PAGOS · AUTO]      (recordá: esto incluye tanto pagos ya actualizados/pagados
[ACTUALIZAR PAGOS · AUTO]       como pagos que quedaron sin resolver por desbalance en el Paso 1)
[ACTUALIZAR PAGOS · AUTO] ================================================================================
[ACTUALIZAR PAGOS · AUTO] PASO 2-bis: CONFIRMANDO VIGENCIA DE PAGOS DEL SISTEMA NUEVO (contra MULTAS_JUZGADO_CRUCE)
[ACTUALIZAR PAGOS · AUTO] ================================================================================
[ACTUALIZAR PAGOS · AUTO]   ⚠ 2867 pago(s) del sistema nuevo descartados: su acta ya no figura como vencida en MULTAS_JUZGADO_CRUCE (SEMyT ya los actualizó).
[ACTUALIZAR PAGOS · AUTO]   • Pagos del sistema nuevo descartados por ya estar actualizados: 2867
[ACTUALIZAR PAGOS · AUTO] ⏱ PASO 2 (filtrar): 1.1s
[ACTUALIZAR PAGOS · AUTO] 📂 Cargando maestro de causas SIGEMI...
[ACTUALIZAR PAGOS · AUTO]   ✓ Causas totales (maestro): 134069 registros
[ACTUALIZAR PAGOS · AUTO] ⏱ PASO 2.5 (causas simplificado): 0.1s
[ACTUALIZAR PAGOS · AUTO] ================================================================================
[ACTUALIZAR PAGOS · AUTO] PASO 2.5: ARMANDO causas.txt SIMPLIFICADO (cruce contra total_causas_sigemi.txt)
[ACTUALIZAR PAGOS · AUTO] ================================================================================
[ACTUALIZAR PAGOS · AUTO]   • Actas vencidas viejas (multas): 103582
[ACTUALIZAR PAGOS · AUTO]   • Causas totales en el maestro SIGEMI: 134069
[ACTUALIZAR PAGOS · AUTO]   • Causas que coinciden (simplificado): 103252
[ACTUALIZAR PAGOS · AUTO]   ✅ Archivo escrito: backend/descargas/causas/causas.txt
[ACTUALIZAR PAGOS · AUTO] ⏱ PASO 2.5 (causas simplificado): 2.5s
[ACTUALIZAR PAGOS · AUTO] ⚠️  NO HAY PAGOS CON ACTA_NUMERO PARA PROCESAR
[ACTUALIZAR PAGOS · AUTO] Creando archivo vacío...
[ACTUALIZAR PAGOS · AUTO] ✅ TXT de pagos (ya cruzado con actas y causas) generado en: backend/descargas/pagos/2026-07-23/PAGOS 20260723 231941.txt
[ACTUALIZAR PAGOS · AUTO] 🧹 TXT de pagos crudo eliminado (ya usado en el cruce): backend/descargas/pagos/2026-07-23/PAGOS DESCARGADOS.txt
[ACTUALIZAR PAGOS · AUTO] 🧹 Excel MULTAS_SIGEMI_CRUCE eliminado (ya usado en el cruce): backend/descargas/cache_actas_cruce/MULTAS_SIGEMI_CRUCE.xlsx
[ACTUALIZAR PAGOS · AUTO] 🧹 Excel MULTAS_JUZGADO_CRUCE eliminado (ya usado en el cruce): backend/descargas/cache_actas_cruce/MULTAS_JUZGADO_CRUCE.xlsx
[ACTUALIZAR PAGOS · AUTO] ✅ CompararActasPaso finalizado. (⏱ 48.5s)
[ACTUALIZAR PAGOS · AUTO] ✓ [CompararActasPaso] Completado.
[ACTUALIZAR PAGOS · AUTO] ▶ [CargarPagosPaso] Iniciando...
[ACTUALIZAR PAGOS · AUTO] ==================================================
[ACTUALIZAR PAGOS · AUTO] 🚀 PASO: CargarPagosPaso
[ACTUALIZAR PAGOS · AUTO] ==================================================
[ACTUALIZAR PAGOS · AUTO] ℹ No se encontraron pagos para actualizar (el TXT final no tiene registros).
[ACTUALIZAR PAGOS · AUTO] 🧹 TXT de pagos sin registros eliminado (nada para subir): backend/descargas/pagos/2026-07-23/PAGOS 20260723 231941.txt
[ACTUALIZAR PAGOS · AUTO] ⏭ Se omite la carga al SEMyT.
[ACTUALIZAR PAGOS · AUTO] ✅ CargarPagosPaso finalizado. (⏱ 0.0s)
[ACTUALIZAR PAGOS · AUTO] ✓ [CargarPagosPaso] Completado.
[ACTUALIZAR PAGOS · AUTO] === Ejecución finalizada con éxito ===
[ACTUALIZAR PAGOS · AUTO] ℹ No se subió ningún archivo a ningún sistema externo en esta corrida: por política, el log detallado no se conserva en disco.
🤖 [Automático] Es hora de actualizar pagos. Arrancando...
[ACTUALIZAR PAGOS · AUTO] === Inicio de ejecución: pagos ===
[ACTUALIZAR PAGOS · AUTO] ▶ [LoginSemytPaso] Iniciando...
[ACTUALIZAR PAGOS · AUTO] ==================================================
[ACTUALIZAR PAGOS · AUTO] 🚀 PASO: LoginSemytPaso
[ACTUALIZAR PAGOS · AUTO] ==================================================
[ACTUALIZAR PAGOS · AUTO] Abriendo SEMyT...
[ACTUALIZAR PAGOS · AUTO] ✅ [SEMyT] Sesión existente detectada. Login omitido.
[ACTUALIZAR PAGOS · AUTO] ✅ LoginSemytPaso finalizado. (⏱ 4.0s)
[ACTUALIZAR PAGOS · AUTO] ✓ [LoginSemytPaso] Completado.
[ACTUALIZAR PAGOS · AUTO] ▶ [LoginJuzgadoPaso] Iniciando...
[ACTUALIZAR PAGOS · AUTO] ==================================================
[ACTUALIZAR PAGOS · AUTO] 🚀 PASO: LoginJuzgadoPaso
[ACTUALIZAR PAGOS · AUTO] ==================================================
[ACTUALIZAR PAGOS · AUTO] Abriendo sitio municipalidad (CiDi)...
[ACTUALIZAR PAGOS · AUTO] ✅ [Juzgado] Sesión existente detectada. Login omitido.
[ACTUALIZAR PAGOS · AUTO] ✅ LoginJuzgadoPaso finalizado. (⏱ 1.2s)
[ACTUALIZAR PAGOS · AUTO] ✓ [LoginJuzgadoPaso] Completado.
[ACTUALIZAR PAGOS · AUTO] ▶ [DescargasParalelasPaso] Iniciando...
[ACTUALIZAR PAGOS · AUTO] ==================================================
[ACTUALIZAR PAGOS · AUTO] 🚀 PASO: DescargasParalelasPaso
[ACTUALIZAR PAGOS · AUTO] ==================================================
[ACTUALIZAR PAGOS · AUTO] 📤 Arrancando las 3 descargas en paralelo (mismo browser, páginas separadas)...
[ACTUALIZAR PAGOS · AUTO] Fecha Desde: 27/06/2024
[ACTUALIZAR PAGOS · AUTO] Fecha Hasta: 24/11/2025
[ACTUALIZAR PAGOS · AUTO] Fecha Desde: 25/11/2025
[ACTUALIZAR PAGOS · AUTO] Fecha Hasta: 23/07/2026
[ACTUALIZAR PAGOS · AUTO] Descargando Excel...
[ACTUALIZAR PAGOS · AUTO] Descargando Excel...
⏳ [Automático] Tocaba disparar 'pagos' pero ya hay una ejecución en curso (Actualizar pagos); esperando a que termine; se reintenta en breve sin perder el turno.
[ACTUALIZAR PAGOS · AUTO] Archivo descargado en: backend/descargas/cache_actas_cruce/MULTAS_JUZGADO_CRUCE.xlsx
[ACTUALIZAR PAGOS · AUTO] ⏱ [actas_juzgado] completado en 17.7s
[ACTUALIZAR PAGOS · AUTO] Archivo descargado en: backend/descargas/cache_actas_cruce/MULTAS_SIGEMI_CRUCE.xlsx
[ACTUALIZAR PAGOS · AUTO] ⏱ [actas_sigemi] completado en 36.6s
[ACTUALIZAR PAGOS · AUTO] ✅ TXT de pagos descargado en: backend/descargas/pagos/2026-07-23/PAGOS DESCARGADOS.txt
[ACTUALIZAR PAGOS · AUTO] ⏱ [pagos_txt] completado en 36.8s
[ACTUALIZAR PAGOS · AUTO] ⏱ TOTAL descargas en paralelo: 36.8s
[ACTUALIZAR PAGOS · AUTO] ✅ DescargasParalelasPaso finalizado. (⏱ 38.2s)
[ACTUALIZAR PAGOS · AUTO] ✓ [DescargasParalelasPaso] Completado.
[ACTUALIZAR PAGOS · AUTO] ▶ [CompararActasPaso] Iniciando...
[ACTUALIZAR PAGOS · AUTO] ==================================================
[ACTUALIZAR PAGOS · AUTO] 🚀 PASO: CompararActasPaso
[ACTUALIZAR PAGOS · AUTO] ==================================================
[ACTUALIZAR PAGOS · AUTO] 🔍 Comparando actas del SEMyT contra pagos del Juzgado...
[ACTUALIZAR PAGOS · AUTO] ================================================================================
[ACTUALIZAR PAGOS · AUTO] INICIANDO PROCESO DE GENERACIÓN DE PAGOS DESACTUALIZADOS
[ACTUALIZAR PAGOS · AUTO] ================================================================================
[ACTUALIZAR PAGOS · AUTO] 📂 Cargando archivos...
[ACTUALIZAR PAGOS · AUTO]   ✓ Pagos: 16854 registros
[ACTUALIZAR PAGOS · AUTO]   ✓ Excel SIGEMI (multas vencidas viejas): 103582 registros
[ACTUALIZAR PAGOS · AUTO]   ✓ Excel Juzgado (multas vencidas nuevas): 40130 registros
[ACTUALIZAR PAGOS · AUTO] ================================================================================
[ACTUALIZAR PAGOS · AUTO] PASO 1: LLENANDO ACTA_NUMERO (búsqueda por patente + fecha, con desempate por hora)
[ACTUALIZAR PAGOS · AUTO] ================================================================================
[ACTUALIZAR PAGOS · AUTO] 📊 ESTADÍSTICAS DE LLENADO DE ACTAS:
[ACTUALIZAR PAGOS · AUTO]   • Pagos con acta ORIGINAL: 2868
[ACTUALIZAR PAGOS · AUTO]   • Pagos SIN acta (buscados): 13986
[ACTUALIZAR PAGOS · AUTO]   • Pagos LLENADOS exitosamente: 0
[ACTUALIZAR PAGOS · AUTO]   • Pagos NO encontrados en multas: 13986
[ACTUALIZAR PAGOS · AUTO]   • Pagos SIN RESOLVER por desbalance de cantidades: 0
[ACTUALIZAR PAGOS · AUTO] ================================================================================
[ACTUALIZAR PAGOS · AUTO] PASO 1: LLENANDO ACTA_NUMERO (búsqueda por patente + fecha, con desempate por hora)
[ACTUALIZAR PAGOS · AUTO] ================================================================================
[ACTUALIZAR PAGOS · AUTO] 📊 ESTADÍSTICAS DE LLENADO DE ACTAS:
[ACTUALIZAR PAGOS · AUTO]   • Pagos con acta ORIGINAL: 2868
[ACTUALIZAR PAGOS · AUTO]   • Pagos SIN acta (buscados): 13986
[ACTUALIZAR PAGOS · AUTO]   • Pagos LLENADOS exitosamente: 0
[ACTUALIZAR PAGOS · AUTO]   • Pagos NO encontrados en multas: 13986
[ACTUALIZAR PAGOS · AUTO]   • Pagos SIN RESOLVER por desbalance de cantidades: 0
[ACTUALIZAR PAGOS · AUTO] ⏱ PASO 1 (llenar actas): 16.0s
[ACTUALIZAR PAGOS · AUTO] ================================================================================
[ACTUALIZAR PAGOS · AUTO] PASO 2: FILTRANDO PAGOS CON ACTA_NUMERO COMPLETO
[ACTUALIZAR PAGOS · AUTO] ================================================================================
[ACTUALIZAR PAGOS · AUTO] 📊 ESTADÍSTICAS DE FILTRADO:
[ACTUALIZAR PAGOS · AUTO]   • Pagos TOTALES al inicio: 16854
[ACTUALIZAR PAGOS · AUTO]   • Pagos CON acta (MANTIENEN): 2868
[ACTUALIZAR PAGOS · AUTO]   • Pagos RECHAZADOS (sin coincidencias): 13986
[ACTUALIZAR PAGOS · AUTO] ⚠️  Se eliminaron 13986 registros sin número de acta
[ACTUALIZAR PAGOS · AUTO]      (recordá: esto incluye tanto pagos ya actualizados/pagados
[ACTUALIZAR PAGOS · AUTO]       como pagos que quedaron sin resolver por desbalance en el Paso 1)
[ACTUALIZAR PAGOS · AUTO] ================================================================================
[ACTUALIZAR PAGOS · AUTO] PASO 2-bis: CONFIRMANDO VIGENCIA DE PAGOS DEL SISTEMA NUEVO (contra MULTAS_JUZGADO_CRUCE)
[ACTUALIZAR PAGOS · AUTO] ================================================================================
[ACTUALIZAR PAGOS · AUTO]   ⚠ 2867 pago(s) del sistema nuevo descartados: su acta ya no figura como vencida en MULTAS_JUZGADO_CRUCE (SEMyT ya los actualizó).
[ACTUALIZAR PAGOS · AUTO]   • Pagos del sistema nuevo descartados por ya estar actualizados: 2867
[ACTUALIZAR PAGOS · AUTO] ⏱ PASO 2 (filtrar): 1.0s
[ACTUALIZAR PAGOS · AUTO] 📂 Cargando maestro de causas SIGEMI...
[ACTUALIZAR PAGOS · AUTO]   ✓ Causas totales (maestro): 134069 registros
[ACTUALIZAR PAGOS · AUTO] ⏱ PASO 2.5 (causas simplificado): 0.1s
[ACTUALIZAR PAGOS · AUTO] ================================================================================
[ACTUALIZAR PAGOS · AUTO] PASO 2.5: ARMANDO causas.txt SIMPLIFICADO (cruce contra total_causas_sigemi.txt)
[ACTUALIZAR PAGOS · AUTO] ================================================================================
[ACTUALIZAR PAGOS · AUTO]   • Actas vencidas viejas (multas): 103582
[ACTUALIZAR PAGOS · AUTO]   • Causas totales en el maestro SIGEMI: 134069
[ACTUALIZAR PAGOS · AUTO]   • Causas que coinciden (simplificado): 103252
[ACTUALIZAR PAGOS · AUTO]   ✅ Archivo escrito: backend/descargas/causas/causas.txt
[ACTUALIZAR PAGOS · AUTO] ⏱ PASO 2.5 (causas simplificado): 2.4s
[ACTUALIZAR PAGOS · AUTO] ================================================================================
[ACTUALIZAR PAGOS · AUTO] PASO 3: LLENANDO CAUSA_NUMERO (según fecha de cambio de sistema, cruzando por acta + año)
[ACTUALIZAR PAGOS · AUTO] ================================================================================
[ACTUALIZAR PAGOS · AUTO] 📊 ESTADÍSTICAS DE LLENADO DE CAUSAS:
[ACTUALIZAR PAGOS · AUTO]   • Pagos con causa ORIGINAL: 1
[ACTUALIZAR PAGOS · AUTO]   • Causas encontradas en SIGEMI (actas viejas): 0
[ACTUALIZAR PAGOS · AUTO]   • Causas NO encontradas en SIGEMI: 0
[ACTUALIZAR PAGOS · AUTO]   • Causas asignadas automáticamente (actas nuevas): 0
[ACTUALIZAR PAGOS · AUTO] ⏱ PASO 3 (llenar causas): 0.0s
[ACTUALIZAR PAGOS · AUTO] ================================================================================
[ACTUALIZAR PAGOS · AUTO] PASO 4: ORDENANDO POR FECHA Y ACTA_NUMERO
[ACTUALIZAR PAGOS · AUTO] ================================================================================
[ACTUALIZAR PAGOS · AUTO] ✓ Pagos ordenados correctamente
[ACTUALIZAR PAGOS · AUTO]   • Primera entrada: Acta=274255, Fecha=03/03/2026
[ACTUALIZAR PAGOS · AUTO]   • Última entrada: Acta=274255, Fecha=03/03/2026
[ACTUALIZAR PAGOS · AUTO] 📝 Escribiendo archivo de salida...
[ACTUALIZAR PAGOS · AUTO]   ✅ Archivo escrito: backend/descargas/pagos/2026-07-23/PAGOS 20260723 233127.txt
[ACTUALIZAR PAGOS · AUTO]   ✅ Total registros: 256
[ACTUALIZAR PAGOS · AUTO] ⏱ PASO 4 (ordenar y escribir): 0.0s
[ACTUALIZAR PAGOS · AUTO] ================================================================================
[ACTUALIZAR PAGOS · AUTO] ✅ PROCESO COMPLETADO EXITOSAMENTE
[ACTUALIZAR PAGOS · AUTO] ================================================================================
[ACTUALIZAR PAGOS · AUTO] 📊 RESUMEN FINAL DEL PROCESAMIENTO:
[ACTUALIZAR PAGOS · AUTO]   ENTRADA:
[ACTUALIZAR PAGOS · AUTO]     • Pagos originales: 16854
[ACTUALIZAR PAGOS · AUTO]     • Multas SIGEMI cargadas: 103582
[ACTUALIZAR PAGOS · AUTO]     • Multas Juzgado cargadas: 40130
[ACTUALIZAR PAGOS · AUTO]     • Causas simplificadas (usadas para el cruce): 103252
[ACTUALIZAR PAGOS · AUTO]   PROCESO:
[ACTUALIZAR PAGOS · AUTO]     • Pagos rechazados sigemi: 13986
[ACTUALIZAR PAGOS · AUTO]     • Pagos rechazados juzgado: 2867
[ACTUALIZAR PAGOS · AUTO]   SALIDA:
[ACTUALIZAR PAGOS · AUTO]     • Pagos desactualizados procesados: 1
[ACTUALIZAR PAGOS · AUTO]     • Archivo final: backend/descargas/pagos/2026-07-23/PAGOS 20260723 233127.txt
[ACTUALIZAR PAGOS · AUTO]     • Ordenados por fecha: SÍ ✓
[ACTUALIZAR PAGOS · AUTO]     • Todos con ACTA_NUMERO: SÍ ✓
[ACTUALIZAR PAGOS · AUTO]     • Todos con CAUSA_NUMERO: SÍ ✓
[ACTUALIZAR PAGOS · AUTO] ✅ TXT de pagos (ya cruzado con actas y causas) generado en: backend/descargas/pagos/2026-07-23/PAGOS 20260723 233127.txt
[ACTUALIZAR PAGOS · AUTO] 🧹 TXT de pagos crudo eliminado (ya usado en el cruce): backend/descargas/pagos/2026-07-23/PAGOS DESCARGADOS.txt
[ACTUALIZAR PAGOS · AUTO] 🧹 Excel MULTAS_SIGEMI_CRUCE eliminado (ya usado en el cruce): backend/descargas/cache_actas_cruce/MULTAS_SIGEMI_CRUCE.xlsx
[ACTUALIZAR PAGOS · AUTO] 🧹 Excel MULTAS_JUZGADO_CRUCE eliminado (ya usado en el cruce): backend/descargas/cache_actas_cruce/MULTAS_JUZGADO_CRUCE.xlsx
[ACTUALIZAR PAGOS · AUTO] ✅ CompararActasPaso finalizado. (⏱ 42.4s)
[ACTUALIZAR PAGOS · AUTO] ✓ [CompararActasPaso] Completado.
[ACTUALIZAR PAGOS · AUTO] ▶ [CargarPagosPaso] Iniciando...
[ACTUALIZAR PAGOS · AUTO] ==================================================
[ACTUALIZAR PAGOS · AUTO] 🚀 PASO: CargarPagosPaso
[ACTUALIZAR PAGOS · AUTO] ==================================================
[ACTUALIZAR PAGOS · AUTO] 📤 Subiendo TXT de pagos al SEMyT...
[ACTUALIZAR PAGOS · AUTO] ✅ Importación de pagos completada con éxito.
[ACTUALIZAR PAGOS · AUTO] ✅ Archivo TXT de pagos cargado en el SEMyT correctamente.
[ACTUALIZAR PAGOS · AUTO] ✅ CargarPagosPaso finalizado. (⏱ 2.4s)
[ACTUALIZAR PAGOS · AUTO] ✓ [CargarPagosPaso] Completado.
[ACTUALIZAR PAGOS · AUTO] === Ejecución finalizada con éxito ===
🤖 [Automático] Es hora de actualizar pagos. Arrancando...
[ACTUALIZAR PAGOS · AUTO] === Inicio de ejecución: pagos ===
[ACTUALIZAR PAGOS · AUTO] ▶ [LoginSemytPaso] Iniciando...
[ACTUALIZAR PAGOS · AUTO] ==================================================
[ACTUALIZAR PAGOS · AUTO] 🚀 PASO: LoginSemytPaso
[ACTUALIZAR PAGOS · AUTO] ==================================================
[ACTUALIZAR PAGOS · AUTO] Abriendo SEMyT...
[ACTUALIZAR PAGOS · AUTO] ✅ [SEMyT] Sesión existente detectada. Login omitido.
[ACTUALIZAR PAGOS · AUTO] ✅ LoginSemytPaso finalizado. (⏱ 4.0s)
[ACTUALIZAR PAGOS · AUTO] ✓ [LoginSemytPaso] Completado.
[ACTUALIZAR PAGOS · AUTO] ▶ [LoginJuzgadoPaso] Iniciando...
[ACTUALIZAR PAGOS · AUTO] ==================================================
[ACTUALIZAR PAGOS · AUTO] 🚀 PASO: LoginJuzgadoPaso
[ACTUALIZAR PAGOS · AUTO] ==================================================
[ACTUALIZAR PAGOS · AUTO] Abriendo sitio municipalidad (CiDi)...
[ACTUALIZAR PAGOS · AUTO] ✅ [Juzgado] Sesión existente detectada. Login omitido.
[ACTUALIZAR PAGOS · AUTO] ✅ LoginJuzgadoPaso finalizado. (⏱ 1.4s)
[ACTUALIZAR PAGOS · AUTO] ✓ [LoginJuzgadoPaso] Completado.
[ACTUALIZAR PAGOS · AUTO] ▶ [DescargasParalelasPaso] Iniciando...
[ACTUALIZAR PAGOS · AUTO] ==================================================
[ACTUALIZAR PAGOS · AUTO] 🚀 PASO: DescargasParalelasPaso
[ACTUALIZAR PAGOS · AUTO] ==================================================
[ACTUALIZAR PAGOS · AUTO] 📤 Arrancando las 3 descargas en paralelo (mismo browser, páginas separadas)...
[ACTUALIZAR PAGOS · AUTO] Fecha Desde: 27/06/2024
[ACTUALIZAR PAGOS · AUTO] Fecha Hasta: 24/11/2025
[ACTUALIZAR PAGOS · AUTO] Fecha Desde: 25/11/2025
[ACTUALIZAR PAGOS · AUTO] Fecha Hasta: 23/07/2026
[ACTUALIZAR PAGOS · AUTO] Descargando Excel...
[ACTUALIZAR PAGOS · AUTO] Descargando Excel...
⏳ [Automático] Tocaba disparar 'pagos' pero ya hay una ejecución en curso (Actualizar pagos); esperando a que termine; se reintenta en breve sin perder el turno.
[ACTUALIZAR PAGOS · AUTO] Archivo descargado en: backend/descargas/cache_actas_cruce/MULTAS_JUZGADO_CRUCE.xlsx
[ACTUALIZAR PAGOS · AUTO] ⏱ [actas_juzgado] completado en 17.0s
[ACTUALIZAR PAGOS · AUTO] Archivo descargado en: backend/descargas/cache_actas_cruce/MULTAS_SIGEMI_CRUCE.xlsx
[ACTUALIZAR PAGOS · AUTO] ⏱ [actas_sigemi] completado en 35.3s
[ACTUALIZAR PAGOS · AUTO] ✅ TXT de pagos descargado en: backend/descargas/pagos/2026-07-23/PAGOS DESCARGADOS.txt
[ACTUALIZAR PAGOS · AUTO] ⏱ [pagos_txt] completado en 35.3s
[ACTUALIZAR PAGOS · AUTO] ⏱ TOTAL descargas en paralelo: 35.3s
[ACTUALIZAR PAGOS · AUTO] ✅ DescargasParalelasPaso finalizado. (⏱ 36.6s)
[ACTUALIZAR PAGOS · AUTO] ✓ [DescargasParalelasPaso] Completado.
[ACTUALIZAR PAGOS · AUTO] ▶ [CompararActasPaso] Iniciando...
[ACTUALIZAR PAGOS · AUTO] ==================================================
[ACTUALIZAR PAGOS · AUTO] 🚀 PASO: CompararActasPaso
[ACTUALIZAR PAGOS · AUTO] ==================================================
[ACTUALIZAR PAGOS · AUTO] 🔍 Comparando actas del SEMyT contra pagos del Juzgado...
[ACTUALIZAR PAGOS · AUTO] ================================================================================
[ACTUALIZAR PAGOS · AUTO] INICIANDO PROCESO DE GENERACIÓN DE PAGOS DESACTUALIZADOS
[ACTUALIZAR PAGOS · AUTO] ================================================================================
[ACTUALIZAR PAGOS · AUTO] 📂 Cargando archivos...
[ACTUALIZAR PAGOS · AUTO]   ✓ Pagos: 16855 registros
[ACTUALIZAR PAGOS · AUTO]   ✓ Excel SIGEMI (multas vencidas viejas): 103582 registros
[ACTUALIZAR PAGOS · AUTO]   ✓ Excel Juzgado (multas vencidas nuevas): 40129 registros
[ACTUALIZAR PAGOS · AUTO] ================================================================================
[ACTUALIZAR PAGOS · AUTO] PASO 1: LLENANDO ACTA_NUMERO (búsqueda por patente + fecha, con desempate por hora)
[ACTUALIZAR PAGOS · AUTO] ================================================================================
[ACTUALIZAR PAGOS · AUTO] 📊 ESTADÍSTICAS DE LLENADO DE ACTAS:
[ACTUALIZAR PAGOS · AUTO]   • Pagos con acta ORIGINAL: 2869
[ACTUALIZAR PAGOS · AUTO]   • Pagos SIN acta (buscados): 13986
[ACTUALIZAR PAGOS · AUTO]   • Pagos LLENADOS exitosamente: 0
[ACTUALIZAR PAGOS · AUTO]   • Pagos NO encontrados en multas: 13986
[ACTUALIZAR PAGOS · AUTO]   • Pagos SIN RESOLVER por desbalance de cantidades: 0
[ACTUALIZAR PAGOS · AUTO] ================================================================================
[ACTUALIZAR PAGOS · AUTO] PASO 1: LLENANDO ACTA_NUMERO (búsqueda por patente + fecha, con desempate por hora)
[ACTUALIZAR PAGOS · AUTO] ================================================================================
[ACTUALIZAR PAGOS · AUTO] 📊 ESTADÍSTICAS DE LLENADO DE ACTAS:
[ACTUALIZAR PAGOS · AUTO]   • Pagos con acta ORIGINAL: 2869
[ACTUALIZAR PAGOS · AUTO]   • Pagos SIN acta (buscados): 13986
[ACTUALIZAR PAGOS · AUTO]   • Pagos LLENADOS exitosamente: 0
[ACTUALIZAR PAGOS · AUTO]   • Pagos NO encontrados en multas: 13986
[ACTUALIZAR PAGOS · AUTO]   • Pagos SIN RESOLVER por desbalance de cantidades: 0
[ACTUALIZAR PAGOS · AUTO] ⏱ PASO 1 (llenar actas): 16.8s
[ACTUALIZAR PAGOS · AUTO] ================================================================================
[ACTUALIZAR PAGOS · AUTO] PASO 2: FILTRANDO PAGOS CON ACTA_NUMERO COMPLETO
[ACTUALIZAR PAGOS · AUTO] ================================================================================
[ACTUALIZAR PAGOS · AUTO] 📊 ESTADÍSTICAS DE FILTRADO:
[ACTUALIZAR PAGOS · AUTO]   • Pagos TOTALES al inicio: 16855
[ACTUALIZAR PAGOS · AUTO]   • Pagos CON acta (MANTIENEN): 2869
[ACTUALIZAR PAGOS · AUTO]   • Pagos RECHAZADOS (sin coincidencias): 13986
[ACTUALIZAR PAGOS · AUTO] ⚠️  Se eliminaron 13986 registros sin número de acta
[ACTUALIZAR PAGOS · AUTO]      (recordá: esto incluye tanto pagos ya actualizados/pagados
[ACTUALIZAR PAGOS · AUTO]       como pagos que quedaron sin resolver por desbalance en el Paso 1)
[ACTUALIZAR PAGOS · AUTO] ================================================================================
[ACTUALIZAR PAGOS · AUTO] PASO 2-bis: CONFIRMANDO VIGENCIA DE PAGOS DEL SISTEMA NUEVO (contra MULTAS_JUZGADO_CRUCE)
[ACTUALIZAR PAGOS · AUTO] ================================================================================
[ACTUALIZAR PAGOS · AUTO]   ⚠ 2868 pago(s) del sistema nuevo descartados: su acta ya no figura como vencida en MULTAS_JUZGADO_CRUCE (SEMyT ya los actualizó).
[ACTUALIZAR PAGOS · AUTO]   • Pagos del sistema nuevo descartados por ya estar actualizados: 2868
[ACTUALIZAR PAGOS · AUTO] ⏱ PASO 2 (filtrar): 1.2s
[ACTUALIZAR PAGOS · AUTO] 📂 Cargando maestro de causas SIGEMI...
[ACTUALIZAR PAGOS · AUTO]   ✓ Causas totales (maestro): 134069 registros
[ACTUALIZAR PAGOS · AUTO] ⏱ PASO 2.5 (causas simplificado): 0.1s
[ACTUALIZAR PAGOS · AUTO] ================================================================================
[ACTUALIZAR PAGOS · AUTO] PASO 2.5: ARMANDO causas.txt SIMPLIFICADO (cruce contra total_causas_sigemi.txt)
[ACTUALIZAR PAGOS · AUTO] ================================================================================
[ACTUALIZAR PAGOS · AUTO]   • Actas vencidas viejas (multas): 103582
[ACTUALIZAR PAGOS · AUTO]   • Causas totales en el maestro SIGEMI: 134069
[ACTUALIZAR PAGOS · AUTO]   • Causas que coinciden (simplificado): 103252
[ACTUALIZAR PAGOS · AUTO]   ✅ Archivo escrito: backend/descargas/causas/causas.txt
[ACTUALIZAR PAGOS · AUTO] ⏱ PASO 2.5 (causas simplificado): 2.6s
[ACTUALIZAR PAGOS · AUTO] ================================================================================
[ACTUALIZAR PAGOS · AUTO] PASO 3: LLENANDO CAUSA_NUMERO (según fecha de cambio de sistema, cruzando por acta + año)
[ACTUALIZAR PAGOS · AUTO] ================================================================================
[ACTUALIZAR PAGOS · AUTO] 📊 ESTADÍSTICAS DE LLENADO DE CAUSAS:
[ACTUALIZAR PAGOS · AUTO]   • Pagos con causa ORIGINAL: 1
[ACTUALIZAR PAGOS · AUTO]   • Causas encontradas en SIGEMI (actas viejas): 0
[ACTUALIZAR PAGOS · AUTO]   • Causas NO encontradas en SIGEMI: 0
[ACTUALIZAR PAGOS · AUTO]   • Causas asignadas automáticamente (actas nuevas): 0
[ACTUALIZAR PAGOS · AUTO] ⏱ PASO 3 (llenar causas): 0.0s
[ACTUALIZAR PAGOS · AUTO] ================================================================================
[ACTUALIZAR PAGOS · AUTO] PASO 4: ORDENANDO POR FECHA Y ACTA_NUMERO
[ACTUALIZAR PAGOS · AUTO] ================================================================================
[ACTUALIZAR PAGOS · AUTO] ✓ Pagos ordenados correctamente
[ACTUALIZAR PAGOS · AUTO]   • Primera entrada: Acta=268492, Fecha=19/02/2026
[ACTUALIZAR PAGOS · AUTO]   • Última entrada: Acta=268492, Fecha=19/02/2026
[ACTUALIZAR PAGOS · AUTO] 📝 Escribiendo archivo de salida...
[ACTUALIZAR PAGOS · AUTO]   ✅ Archivo escrito: backend/descargas/pagos/2026-07-23/PAGOS 20260723 234258.txt
[ACTUALIZAR PAGOS · AUTO]   ✅ Total registros: 264
[ACTUALIZAR PAGOS · AUTO] ⏱ PASO 4 (ordenar y escribir): 0.0s
[ACTUALIZAR PAGOS · AUTO] ================================================================================
[ACTUALIZAR PAGOS · AUTO] ✅ PROCESO COMPLETADO EXITOSAMENTE
[ACTUALIZAR PAGOS · AUTO] ================================================================================
[ACTUALIZAR PAGOS · AUTO] 📊 RESUMEN FINAL DEL PROCESAMIENTO:
[ACTUALIZAR PAGOS · AUTO]   ENTRADA:
[ACTUALIZAR PAGOS · AUTO]     • Pagos originales: 16855
[ACTUALIZAR PAGOS · AUTO]     • Multas SIGEMI cargadas: 103582
[ACTUALIZAR PAGOS · AUTO]     • Multas Juzgado cargadas: 40129
[ACTUALIZAR PAGOS · AUTO]     • Causas simplificadas (usadas para el cruce): 103252
[ACTUALIZAR PAGOS · AUTO]   PROCESO:
[ACTUALIZAR PAGOS · AUTO]     • Pagos rechazados sigemi: 13986
[ACTUALIZAR PAGOS · AUTO]     • Pagos rechazados juzgado: 2868
[ACTUALIZAR PAGOS · AUTO]   SALIDA:
[ACTUALIZAR PAGOS · AUTO]     • Pagos desactualizados procesados: 1
[ACTUALIZAR PAGOS · AUTO]     • Archivo final: backend/descargas/pagos/2026-07-23/PAGOS 20260723 234258.txt
[ACTUALIZAR PAGOS · AUTO]     • Ordenados por fecha: SÍ ✓
[ACTUALIZAR PAGOS · AUTO]     • Todos con ACTA_NUMERO: SÍ ✓
[ACTUALIZAR PAGOS · AUTO]     • Todos con CAUSA_NUMERO: SÍ ✓
[ACTUALIZAR PAGOS · AUTO] ✅ TXT de pagos (ya cruzado con actas y causas) generado en: backend/descargas/pagos/2026-07-23/PAGOS 20260723 234258.txt
[ACTUALIZAR PAGOS · AUTO] 🧹 TXT de pagos crudo eliminado (ya usado en el cruce): backend/descargas/pagos/2026-07-23/PAGOS DESCARGADOS.txt
[ACTUALIZAR PAGOS · AUTO] 🧹 Excel MULTAS_SIGEMI_CRUCE eliminado (ya usado en el cruce): backend/descargas/cache_actas_cruce/MULTAS_SIGEMI_CRUCE.xlsx
[ACTUALIZAR PAGOS · AUTO] 🧹 Excel MULTAS_JUZGADO_CRUCE eliminado (ya usado en el cruce): backend/descargas/cache_actas_cruce/MULTAS_JUZGADO_CRUCE.xlsx
[ACTUALIZAR PAGOS · AUTO] ✅ CompararActasPaso finalizado. (⏱ 44.8s)
[ACTUALIZAR PAGOS · AUTO] ✓ [CompararActasPaso] Completado.
[ACTUALIZAR PAGOS · AUTO] ▶ [CargarPagosPaso] Iniciando...
[ACTUALIZAR PAGOS · AUTO] ==================================================
[ACTUALIZAR PAGOS · AUTO] 🚀 PASO: CargarPagosPaso
[ACTUALIZAR PAGOS · AUTO] ==================================================
[ACTUALIZAR PAGOS · AUTO] 📤 Subiendo TXT de pagos al SEMyT...
[ACTUALIZAR PAGOS · AUTO] ✅ Importación de pagos completada con éxito.
[ACTUALIZAR PAGOS · AUTO] ✅ Archivo TXT de pagos cargado en el SEMyT correctamente.
[ACTUALIZAR PAGOS · AUTO] ✅ CargarPagosPaso finalizado. (⏱ 3.0s)
[ACTUALIZAR PAGOS · AUTO] ✓ [CargarPagosPaso] Completado.
[ACTUALIZAR PAGOS · AUTO] === Ejecución finalizada con éxito ===
🤖 [Automático] Es hora de actualizar pagos. Arrancando...
[ACTUALIZAR PAGOS · AUTO] === Inicio de ejecución: pagos ===
[ACTUALIZAR PAGOS · AUTO] ▶ [LoginSemytPaso] Iniciando...
[ACTUALIZAR PAGOS · AUTO] ==================================================
[ACTUALIZAR PAGOS · AUTO] 🚀 PASO: LoginSemytPaso
[ACTUALIZAR PAGOS · AUTO] ==================================================
[ACTUALIZAR PAGOS · AUTO] Abriendo SEMyT...
[ACTUALIZAR PAGOS · AUTO] ✅ [SEMyT] Sesión existente detectada. Login omitido.
[ACTUALIZAR PAGOS · AUTO] ✅ LoginSemytPaso finalizado. (⏱ 4.1s)
[ACTUALIZAR PAGOS · AUTO] ✓ [LoginSemytPaso] Completado.
[ACTUALIZAR PAGOS · AUTO] ▶ [LoginJuzgadoPaso] Iniciando...
[ACTUALIZAR PAGOS · AUTO] ==================================================
[ACTUALIZAR PAGOS · AUTO] 🚀 PASO: LoginJuzgadoPaso
[ACTUALIZAR PAGOS · AUTO] ==================================================
[ACTUALIZAR PAGOS · AUTO] Abriendo sitio municipalidad (CiDi)...
[ACTUALIZAR PAGOS · AUTO] ✅ [Juzgado] Sesión existente detectada. Login omitido.
[ACTUALIZAR PAGOS · AUTO] ✅ LoginJuzgadoPaso finalizado. (⏱ 1.3s)
[ACTUALIZAR PAGOS · AUTO] ✓ [LoginJuzgadoPaso] Completado.
[ACTUALIZAR PAGOS · AUTO] ▶ [DescargasParalelasPaso] Iniciando...
[ACTUALIZAR PAGOS · AUTO] ==================================================
[ACTUALIZAR PAGOS · AUTO] 🚀 PASO: DescargasParalelasPaso
[ACTUALIZAR PAGOS · AUTO] ==================================================
[ACTUALIZAR PAGOS · AUTO] 📤 Arrancando las 3 descargas en paralelo (mismo browser, páginas separadas)...
[ACTUALIZAR PAGOS · AUTO] Fecha Desde: 27/06/2024
[ACTUALIZAR PAGOS · AUTO] Fecha Hasta: 24/11/2025
[ACTUALIZAR PAGOS · AUTO] Fecha Desde: 25/11/2025
[ACTUALIZAR PAGOS · AUTO] Fecha Hasta: 23/07/2026
[ACTUALIZAR PAGOS · AUTO] Descargando Excel...
[ACTUALIZAR PAGOS · AUTO] Descargando Excel...
⏳ [Automático] Tocaba disparar 'pagos' pero ya hay una ejecución en curso (Actualizar pagos); esperando a que termine; se reintenta en breve sin perder el turno.
[ACTUALIZAR PAGOS · AUTO] Archivo descargado en: backend/descargas/cache_actas_cruce/MULTAS_JUZGADO_CRUCE.xlsx
[ACTUALIZAR PAGOS · AUTO] ⏱ [actas_juzgado] completado en 18.5s
[ACTUALIZAR PAGOS · AUTO] Archivo descargado en: backend/descargas/cache_actas_cruce/MULTAS_SIGEMI_CRUCE.xlsx
[ACTUALIZAR PAGOS · AUTO] ⏱ [actas_sigemi] completado en 40.8s
[ACTUALIZAR PAGOS · AUTO] ✅ TXT de pagos descargado en: backend/descargas/pagos/2026-07-23/PAGOS DESCARGADOS.txt
[ACTUALIZAR PAGOS · AUTO] ⏱ [pagos_txt] completado en 40.8s
[ACTUALIZAR PAGOS · AUTO] ⏱ TOTAL descargas en paralelo: 40.8s
[ACTUALIZAR PAGOS · AUTO] ✅ DescargasParalelasPaso finalizado. (⏱ 42.4s)
[ACTUALIZAR PAGOS · AUTO] ✓ [DescargasParalelasPaso] Completado.
[ACTUALIZAR PAGOS · AUTO] ▶ [CompararActasPaso] Iniciando...
[ACTUALIZAR PAGOS · AUTO] ==================================================
[ACTUALIZAR PAGOS · AUTO] 🚀 PASO: CompararActasPaso
[ACTUALIZAR PAGOS · AUTO] ==================================================
[ACTUALIZAR PAGOS · AUTO] 🔍 Comparando actas del SEMyT contra pagos del Juzgado...
[ACTUALIZAR PAGOS · AUTO] ================================================================================
[ACTUALIZAR PAGOS · AUTO] INICIANDO PROCESO DE GENERACIÓN DE PAGOS DESACTUALIZADOS
[ACTUALIZAR PAGOS · AUTO] ================================================================================
[ACTUALIZAR PAGOS · AUTO] 📂 Cargando archivos...
[ACTUALIZAR PAGOS · AUTO]   ✓ Pagos: 16855 registros
[ACTUALIZAR PAGOS · AUTO]   ✓ Excel SIGEMI (multas vencidas viejas): 103582 registros
[ACTUALIZAR PAGOS · AUTO]   ✓ Excel Juzgado (multas vencidas nuevas): 40128 registros
[ACTUALIZAR PAGOS · AUTO] ================================================================================
[ACTUALIZAR PAGOS · AUTO] PASO 1: LLENANDO ACTA_NUMERO (búsqueda por patente + fecha, con desempate por hora)
[ACTUALIZAR PAGOS · AUTO] ================================================================================
[ACTUALIZAR PAGOS · AUTO] 📊 ESTADÍSTICAS DE LLENADO DE ACTAS:
[ACTUALIZAR PAGOS · AUTO]   • Pagos con acta ORIGINAL: 2869
[ACTUALIZAR PAGOS · AUTO]   • Pagos SIN acta (buscados): 13986
[ACTUALIZAR PAGOS · AUTO]   • Pagos LLENADOS exitosamente: 0
[ACTUALIZAR PAGOS · AUTO]   • Pagos NO encontrados en multas: 13986
[ACTUALIZAR PAGOS · AUTO]   • Pagos SIN RESOLVER por desbalance de cantidades: 0
[ACTUALIZAR PAGOS · AUTO] ================================================================================
[ACTUALIZAR PAGOS · AUTO] PASO 1: LLENANDO ACTA_NUMERO (búsqueda por patente + fecha, con desempate por hora)
[ACTUALIZAR PAGOS · AUTO] ================================================================================
[ACTUALIZAR PAGOS · AUTO] 📊 ESTADÍSTICAS DE LLENADO DE ACTAS:
[ACTUALIZAR PAGOS · AUTO]   • Pagos con acta ORIGINAL: 2869
[ACTUALIZAR PAGOS · AUTO]   • Pagos SIN acta (buscados): 13986
[ACTUALIZAR PAGOS · AUTO]   • Pagos LLENADOS exitosamente: 0
[ACTUALIZAR PAGOS · AUTO]   • Pagos NO encontrados en multas: 13986
[ACTUALIZAR PAGOS · AUTO]   • Pagos SIN RESOLVER por desbalance de cantidades: 0
[ACTUALIZAR PAGOS · AUTO] ⏱ PASO 1 (llenar actas): 19.2s
[ACTUALIZAR PAGOS · AUTO] ================================================================================
[ACTUALIZAR PAGOS · AUTO] PASO 2: FILTRANDO PAGOS CON ACTA_NUMERO COMPLETO
[ACTUALIZAR PAGOS · AUTO] ================================================================================
[ACTUALIZAR PAGOS · AUTO] 📊 ESTADÍSTICAS DE FILTRADO:
[ACTUALIZAR PAGOS · AUTO]   • Pagos TOTALES al inicio: 16855
[ACTUALIZAR PAGOS · AUTO]   • Pagos CON acta (MANTIENEN): 2869
[ACTUALIZAR PAGOS · AUTO]   • Pagos RECHAZADOS (sin coincidencias): 13986
[ACTUALIZAR PAGOS · AUTO] ⚠️  Se eliminaron 13986 registros sin número de acta
[ACTUALIZAR PAGOS · AUTO]      (recordá: esto incluye tanto pagos ya actualizados/pagados
[ACTUALIZAR PAGOS · AUTO]       como pagos que quedaron sin resolver por desbalance en el Paso 1)
[ACTUALIZAR PAGOS · AUTO] ================================================================================
[ACTUALIZAR PAGOS · AUTO] PASO 2-bis: CONFIRMANDO VIGENCIA DE PAGOS DEL SISTEMA NUEVO (contra MULTAS_JUZGADO_CRUCE)
[ACTUALIZAR PAGOS · AUTO] ================================================================================
[ACTUALIZAR PAGOS · AUTO]   ⚠ 2869 pago(s) del sistema nuevo descartados: su acta ya no figura como vencida en MULTAS_JUZGADO_CRUCE (SEMyT ya los actualizó).
[ACTUALIZAR PAGOS · AUTO]   • Pagos del sistema nuevo descartados por ya estar actualizados: 2869
[ACTUALIZAR PAGOS · AUTO] ⏱ PASO 2 (filtrar): 1.3s
[ACTUALIZAR PAGOS · AUTO] 📂 Cargando maestro de causas SIGEMI...
[ACTUALIZAR PAGOS · AUTO]   ✓ Causas totales (maestro): 134069 registros
[ACTUALIZAR PAGOS · AUTO] ⏱ PASO 2.5 (causas simplificado): 0.1s
[ACTUALIZAR PAGOS · AUTO] ================================================================================
[ACTUALIZAR PAGOS · AUTO] PASO 2.5: ARMANDO causas.txt SIMPLIFICADO (cruce contra total_causas_sigemi.txt)
[ACTUALIZAR PAGOS · AUTO] ================================================================================
[ACTUALIZAR PAGOS · AUTO]   • Actas vencidas viejas (multas): 103582
[ACTUALIZAR PAGOS · AUTO]   • Causas totales en el maestro SIGEMI: 134069
[ACTUALIZAR PAGOS · AUTO]   • Causas que coinciden (simplificado): 103252
[ACTUALIZAR PAGOS · AUTO]   ✅ Archivo escrito: backend/descargas/causas/causas.txt
[ACTUALIZAR PAGOS · AUTO] ⏱ PASO 2.5 (causas simplificado): 2.6s
[ACTUALIZAR PAGOS · AUTO] ⚠️  NO HAY PAGOS CON ACTA_NUMERO PARA PROCESAR
[ACTUALIZAR PAGOS · AUTO] Creando archivo vacío...
[ACTUALIZAR PAGOS · AUTO] ✅ TXT de pagos (ya cruzado con actas y causas) generado en: backend/descargas/pagos/2026-07-23/PAGOS 20260723 235438.txt
[ACTUALIZAR PAGOS · AUTO] 🧹 TXT de pagos crudo eliminado (ya usado en el cruce): backend/descargas/pagos/2026-07-23/PAGOS DESCARGADOS.txt
[ACTUALIZAR PAGOS · AUTO] 🧹 Excel MULTAS_SIGEMI_CRUCE eliminado (ya usado en el cruce): backend/descargas/cache_actas_cruce/MULTAS_SIGEMI_CRUCE.xlsx
[ACTUALIZAR PAGOS · AUTO] 🧹 Excel MULTAS_JUZGADO_CRUCE eliminado (ya usado en el cruce): backend/descargas/cache_actas_cruce/MULTAS_JUZGADO_CRUCE.xlsx
[ACTUALIZAR PAGOS · AUTO] ✅ CompararActasPaso finalizado. (⏱ 51.6s)
[ACTUALIZAR PAGOS · AUTO] ✓ [CompararActasPaso] Completado.
[ACTUALIZAR PAGOS · AUTO] ▶ [CargarPagosPaso] Iniciando...
[ACTUALIZAR PAGOS · AUTO] ==================================================
[ACTUALIZAR PAGOS · AUTO] 🚀 PASO: CargarPagosPaso
[ACTUALIZAR PAGOS · AUTO] ==================================================
[ACTUALIZAR PAGOS · AUTO] ℹ No se encontraron pagos para actualizar (el TXT final no tiene registros).
[ACTUALIZAR PAGOS · AUTO] 🧹 TXT de pagos sin registros eliminado (nada para subir): backend/descargas/pagos/2026-07-23/PAGOS 20260723 235438.txt
[ACTUALIZAR PAGOS · AUTO] ⏭ Se omite la carga al SEMyT.
[ACTUALIZAR PAGOS · AUTO] ✅ CargarPagosPaso finalizado. (⏱ 0.0s)
[ACTUALIZAR PAGOS · AUTO] ✓ [CargarPagosPaso] Completado.
[ACTUALIZAR PAGOS · AUTO] === Ejecución finalizada con éxito ===
[ACTUALIZAR PAGOS · AUTO] ℹ No se subió ningún archivo a ningún sistema externo en esta corrida: por política, el log detallado no se conserva en disco.
