
🔐 Verificando sesiones (SEMyT y Juzgado)...
▶ [LoginSemytPaso] Iniciando...

==================================================
🚀 PASO: LoginSemytPaso
==================================================
Abriendo SEMyT...
✅ [SEMyT] Sesión existente detectada. Login omitido.
✅ LoginSemytPaso finalizado. (⏱ 4.9s)

✓ [LoginSemytPaso] Completado.
▶ [LoginJuzgadoPaso] Iniciando...

==================================================
🚀 PASO: LoginJuzgadoPaso
==================================================
Abriendo sitio municipalidad (CiDi)...
✅ [Juzgado] Sesión existente detectada. Login omitido.
✅ LoginJuzgadoPaso finalizado. (⏱ 9.8s)

✓ [LoginJuzgadoPaso] Completado.
✅ Sesiones listas. Si ya estabas logueado de antes, se reutilizó la sesión guardada y no se volvió a pedir usuario/contraseña.

🤖 [Automático] Es hora de actualizar pagos. Arrancando...
🤖 Modo automático activado.
   Actualización de pagos: arrancando ya mismo.
   Combo diario de pagos + multas vencidas: DESHABILITADO (AUTOMATICO_MULTAS_HABILITADO=False)
✅ Servicio activo. Esperando la próxima ejecución programada...
[ACTUALIZAR PAGOS · AUTO] === Inicio de ejecución: pagos ===
[ACTUALIZAR PAGOS · AUTO] ▶ [LoginSemytPaso] Iniciando...
[ACTUALIZAR PAGOS · AUTO] ==================================================
[ACTUALIZAR PAGOS · AUTO] 🚀 PASO: LoginSemytPaso
[ACTUALIZAR PAGOS · AUTO] ==================================================
[ACTUALIZAR PAGOS · AUTO] Abriendo SEMyT...
[ACTUALIZAR PAGOS · AUTO] ✅ [SEMyT] Sesión existente detectada. Login omitido.
[ACTUALIZAR PAGOS · AUTO] ✅ LoginSemytPaso finalizado. (⏱ 3.9s)
[ACTUALIZAR PAGOS · AUTO] ✓ [LoginSemytPaso] Completado.
[ACTUALIZAR PAGOS · AUTO] ▶ [LoginJuzgadoPaso] Iniciando...
[ACTUALIZAR PAGOS · AUTO] ==================================================
[ACTUALIZAR PAGOS · AUTO] 🚀 PASO: LoginJuzgadoPaso
[ACTUALIZAR PAGOS · AUTO] ==================================================
[ACTUALIZAR PAGOS · AUTO] Abriendo sitio municipalidad (CiDi)...
[ACTUALIZAR PAGOS · AUTO] ✅ [Juzgado] Sesión existente detectada. Login omitido.
[ACTUALIZAR PAGOS · AUTO] ✅ LoginJuzgadoPaso finalizado. (⏱ 1.2s)
[ACTUALIZAR PAGOS · AUTO] ✓ [LoginJuzgadoPaso] Completado.
[ACTUALIZAR PAGOS · AUTO] ▶ [DescargasParalelasPaso] Iniciando...
[ACTUALIZAR PAGOS · AUTO] ==================================================
[ACTUALIZAR PAGOS · AUTO] 🚀 PASO: DescargasParalelasPaso
[ACTUALIZAR PAGOS · AUTO] ==================================================
[ACTUALIZAR PAGOS · AUTO] 📤 Arrancando las 3 descargas en paralelo (mismo browser, páginas separadas)...
[ACTUALIZAR PAGOS · AUTO] Fecha Desde: 27/06/2024
[ACTUALIZAR PAGOS · AUTO] Fecha Hasta: 24/11/2025
[ACTUALIZAR PAGOS · AUTO] Fecha Desde: 25/11/2025
[ACTUALIZAR PAGOS · AUTO] Fecha Hasta: 22/07/2026
[ACTUALIZAR PAGOS · AUTO] Descargando Excel...
[ACTUALIZAR PAGOS · AUTO] Descargando Excel...
⏳ [Automático] Tocaba disparar 'pagos' pero ya hay una ejecución en curso (Actualizar pagos); esperando a que termine; se reintenta en breve sin perder el turno.
[ACTUALIZAR PAGOS · AUTO] Archivo descargado en: backend/descargas/cache_actas_cruce/MULTAS_JUZGADO_CRUCE.xlsx
[ACTUALIZAR PAGOS · AUTO] ⏱ [actas_juzgado] completado en 28.0s
[ACTUALIZAR PAGOS · AUTO] Archivo descargado en: backend/descargas/cache_actas_cruce/MULTAS_SIGEMI_CRUCE.xlsx
[ACTUALIZAR PAGOS · AUTO] ⏱ [actas_sigemi] completado en 52.5s
[ACTUALIZAR PAGOS · AUTO] ✅ TXT de pagos descargado en: backend/descargas/pagos/2026-07-22/PAGOS DESCARGADOS.txt
[ACTUALIZAR PAGOS · AUTO] ⏱ [pagos_txt] completado en 56.4s
[ACTUALIZAR PAGOS · AUTO] ⏱ TOTAL descargas en paralelo: 56.4s
[ACTUALIZAR PAGOS · AUTO] ✅ DescargasParalelasPaso finalizado. (⏱ 58.7s)
[ACTUALIZAR PAGOS · AUTO] ✓ [DescargasParalelasPaso] Completado.
[ACTUALIZAR PAGOS · AUTO] ▶ [CompararActasPaso] Iniciando...
[ACTUALIZAR PAGOS · AUTO] ==================================================
[ACTUALIZAR PAGOS · AUTO] 🚀 PASO: CompararActasPaso
[ACTUALIZAR PAGOS · AUTO] ==================================================
[ACTUALIZAR PAGOS · AUTO] 🔍 Comparando actas del SEMyT contra pagos del Juzgado...
[ACTUALIZAR PAGOS · AUTO] ================================================================================
[ACTUALIZAR PAGOS · AUTO] INICIANDO PROCESO DE GENERACIÓN DE PAGOS DESACTUALIZADOS
[ACTUALIZAR PAGOS · AUTO] ================================================================================
[ACTUALIZAR PAGOS · AUTO] 📂 Cargando archivos...
[ACTUALIZAR PAGOS · AUTO]   ✓ Pagos: 16018 registros
[ACTUALIZAR PAGOS · AUTO]   ✓ Excel SIGEMI (multas vencidas viejas): 103937 registros
[ACTUALIZAR PAGOS · AUTO]   ✓ Excel Juzgado (multas vencidas nuevas): 40178 registros
[ACTUALIZAR PAGOS · AUTO] ================================================================================
[ACTUALIZAR PAGOS · AUTO] PASO 1: LLENANDO ACTA_NUMERO (búsqueda por patente + fecha, con desempate por hora)
[ACTUALIZAR PAGOS · AUTO] ================================================================================
[ACTUALIZAR PAGOS · AUTO] 📊 ESTADÍSTICAS DE LLENADO DE ACTAS:
[ACTUALIZAR PAGOS · AUTO]   • Pagos con acta ORIGINAL: 2371
[ACTUALIZAR PAGOS · AUTO]   • Pagos SIN acta (buscados): 13647
[ACTUALIZAR PAGOS · AUTO]   • Pagos LLENADOS exitosamente: 10
[ACTUALIZAR PAGOS · AUTO]   • Pagos NO encontrados en multas: 13637
[ACTUALIZAR PAGOS · AUTO]   • Pagos SIN RESOLVER por desbalance de cantidades: 0
[ACTUALIZAR PAGOS · AUTO] ================================================================================
[ACTUALIZAR PAGOS · AUTO] PASO 1: LLENANDO ACTA_NUMERO (búsqueda por patente + fecha, con desempate por hora)
[ACTUALIZAR PAGOS · AUTO] ================================================================================
[ACTUALIZAR PAGOS · AUTO] 📊 ESTADÍSTICAS DE LLENADO DE ACTAS:
[ACTUALIZAR PAGOS · AUTO]   • Pagos con acta ORIGINAL: 2381
[ACTUALIZAR PAGOS · AUTO]   • Pagos SIN acta (buscados): 13637
[ACTUALIZAR PAGOS · AUTO]   • Pagos LLENADOS exitosamente: 0
[ACTUALIZAR PAGOS · AUTO]   • Pagos NO encontrados en multas: 13637
[ACTUALIZAR PAGOS · AUTO]   • Pagos SIN RESOLVER por desbalance de cantidades: 0
[ACTUALIZAR PAGOS · AUTO] ⏱ PASO 1 (llenar actas): 19.2s
[ACTUALIZAR PAGOS · AUTO] ================================================================================
[ACTUALIZAR PAGOS · AUTO] PASO 2: FILTRANDO PAGOS CON ACTA_NUMERO COMPLETO
[ACTUALIZAR PAGOS · AUTO] ================================================================================
[ACTUALIZAR PAGOS · AUTO] 📊 ESTADÍSTICAS DE FILTRADO:
[ACTUALIZAR PAGOS · AUTO]   • Pagos TOTALES al inicio: 16018
[ACTUALIZAR PAGOS · AUTO]   • Pagos CON acta (MANTIENEN): 2381
[ACTUALIZAR PAGOS · AUTO]   • Pagos RECHAZADOS (sin coincidencias): 13637
[ACTUALIZAR PAGOS · AUTO] ⚠️  Se eliminaron 13637 registros sin número de acta
[ACTUALIZAR PAGOS · AUTO]      (recordá: esto incluye tanto pagos ya actualizados/pagados
[ACTUALIZAR PAGOS · AUTO]       como pagos que quedaron sin resolver por desbalance en el Paso 1)
[ACTUALIZAR PAGOS · AUTO] ================================================================================
[ACTUALIZAR PAGOS · AUTO] PASO 2-bis: CONFIRMANDO VIGENCIA DE PAGOS DEL SISTEMA NUEVO (contra MULTAS_JUZGADO_CRUCE)
[ACTUALIZAR PAGOS · AUTO] ================================================================================
[ACTUALIZAR PAGOS · AUTO]   ⚠ 2355 pago(s) del sistema nuevo descartados: su acta ya no figura como vencida en MULTAS_JUZGADO_CRUCE (SEMyT ya los actualizó).
[ACTUALIZAR PAGOS · AUTO]   • Pagos del sistema nuevo descartados por ya estar actualizados: 2355
[ACTUALIZAR PAGOS · AUTO] ⏱ PASO 2 (filtrar): 1.2s
[ACTUALIZAR PAGOS · AUTO] 📂 Cargando maestro de causas SIGEMI...
[ACTUALIZAR PAGOS · AUTO]   ✓ Causas totales (maestro): 134069 registros
[ACTUALIZAR PAGOS · AUTO] ⏱ PASO 2.5 (causas simplificado): 0.3s
[ACTUALIZAR PAGOS · AUTO] ================================================================================
[ACTUALIZAR PAGOS · AUTO] PASO 2.5: ARMANDO causas.txt SIMPLIFICADO (cruce contra total_causas_sigemi.txt)
[ACTUALIZAR PAGOS · AUTO] ================================================================================
[ACTUALIZAR PAGOS · AUTO]   • Actas vencidas viejas (multas): 103937
[ACTUALIZAR PAGOS · AUTO]   • Causas totales en el maestro SIGEMI: 134069
[ACTUALIZAR PAGOS · AUTO]   • Causas que coinciden (simplificado): 103607
[ACTUALIZAR PAGOS · AUTO]   ✅ Archivo escrito: backend/descargas/causas/causas.txt
[ACTUALIZAR PAGOS · AUTO] ⏱ PASO 2.5 (causas simplificado): 3.2s
[ACTUALIZAR PAGOS · AUTO] ================================================================================
[ACTUALIZAR PAGOS · AUTO] PASO 3: LLENANDO CAUSA_NUMERO (según fecha de cambio de sistema, cruzando por acta + año)
[ACTUALIZAR PAGOS · AUTO] ================================================================================
[ACTUALIZAR PAGOS · AUTO] 📊 ESTADÍSTICAS DE LLENADO DE CAUSAS:
[ACTUALIZAR PAGOS · AUTO]   • Pagos con causa ORIGINAL: 16
[ACTUALIZAR PAGOS · AUTO]   • Causas encontradas en SIGEMI (actas viejas): 10
[ACTUALIZAR PAGOS · AUTO]   • Causas NO encontradas en SIGEMI: 0
[ACTUALIZAR PAGOS · AUTO]   • Causas asignadas automáticamente (actas nuevas): 0
[ACTUALIZAR PAGOS · AUTO] ⏱ PASO 3 (llenar causas): 0.0s
[ACTUALIZAR PAGOS · AUTO] ================================================================================
[ACTUALIZAR PAGOS · AUTO] PASO 4: ORDENANDO POR FECHA Y ACTA_NUMERO
[ACTUALIZAR PAGOS · AUTO] ================================================================================
[ACTUALIZAR PAGOS · AUTO] ✓ Pagos ordenados correctamente
[ACTUALIZAR PAGOS · AUTO]   • Primera entrada: Acta=15883, Fecha=24/07/2024
[ACTUALIZAR PAGOS · AUTO]   • Última entrada: Acta=286232, Fecha=27/03/2026
[ACTUALIZAR PAGOS · AUTO] 📝 Escribiendo archivo de salida...
[ACTUALIZAR PAGOS · AUTO]   ✅ Archivo escrito: backend/descargas/pagos/2026-07-22/PAGOS 20260722 080044.txt
[ACTUALIZAR PAGOS · AUTO]   ✅ Total registros: 2902
[ACTUALIZAR PAGOS · AUTO] ⏱ PASO 4 (ordenar y escribir): 0.0s
[ACTUALIZAR PAGOS · AUTO] ================================================================================
[ACTUALIZAR PAGOS · AUTO] ✅ PROCESO COMPLETADO EXITOSAMENTE
[ACTUALIZAR PAGOS · AUTO] ================================================================================
[ACTUALIZAR PAGOS · AUTO] 📊 RESUMEN FINAL DEL PROCESAMIENTO:
[ACTUALIZAR PAGOS · AUTO]   ENTRADA:
[ACTUALIZAR PAGOS · AUTO]     • Pagos originales: 16018
[ACTUALIZAR PAGOS · AUTO]     • Multas SIGEMI cargadas: 103937
[ACTUALIZAR PAGOS · AUTO]     • Multas Juzgado cargadas: 40178
[ACTUALIZAR PAGOS · AUTO]     • Causas simplificadas (usadas para el cruce): 103607
[ACTUALIZAR PAGOS · AUTO]   PROCESO:
[ACTUALIZAR PAGOS · AUTO]     • Pagos rechazados sigemi: 13637
[ACTUALIZAR PAGOS · AUTO]     • Pagos rechazados juzgado: 2355
[ACTUALIZAR PAGOS · AUTO]   SALIDA:
[ACTUALIZAR PAGOS · AUTO]     • Pagos desactualizados procesados: 26
[ACTUALIZAR PAGOS · AUTO]     • Archivo final: backend/descargas/pagos/2026-07-22/PAGOS 20260722 080044.txt
[ACTUALIZAR PAGOS · AUTO]     • Ordenados por fecha: SÍ ✓
[ACTUALIZAR PAGOS · AUTO]     • Todos con ACTA_NUMERO: SÍ ✓
[ACTUALIZAR PAGOS · AUTO]     • Todos con CAUSA_NUMERO: SÍ ✓
[ACTUALIZAR PAGOS · AUTO] ✅ TXT de pagos (ya cruzado con actas y causas) generado en: backend/descargas/pagos/2026-07-22/PAGOS 20260722 080044.txt
[ACTUALIZAR PAGOS · AUTO] 🧹 TXT de pagos crudo eliminado (ya usado en el cruce): backend/descargas/pagos/2026-07-22/PAGOS DESCARGADOS.txt
[ACTUALIZAR PAGOS · AUTO] 🧹 Excel MULTAS_SIGEMI_CRUCE eliminado (ya usado en el cruce): backend/descargas/cache_actas_cruce/MULTAS_SIGEMI_CRUCE.xlsx
[ACTUALIZAR PAGOS · AUTO] 🧹 Excel MULTAS_JUZGADO_CRUCE eliminado (ya usado en el cruce): backend/descargas/cache_actas_cruce/MULTAS_JUZGADO_CRUCE.xlsx
[ACTUALIZAR PAGOS · AUTO] ✅ CompararActasPaso finalizado. (⏱ 54.3s)
[ACTUALIZAR PAGOS · AUTO] ✓ [CompararActasPaso] Completado.
[ACTUALIZAR PAGOS · AUTO] ▶ [CargarPagosPaso] Iniciando...
[ACTUALIZAR PAGOS · AUTO] ==================================================
[ACTUALIZAR PAGOS · AUTO] 🚀 PASO: CargarPagosPaso
[ACTUALIZAR PAGOS · AUTO] ==================================================
[ACTUALIZAR PAGOS · AUTO] 📤 Subiendo TXT de pagos al SEMyT...
[ACTUALIZAR PAGOS · AUTO] ✅ Importación de pagos completada con éxito.
[ACTUALIZAR PAGOS · AUTO] ✅ Archivo TXT de pagos cargado en el SEMyT correctamente.
[ACTUALIZAR PAGOS · AUTO] ✅ CargarPagosPaso finalizado. (⏱ 8.4s)
[ACTUALIZAR PAGOS · AUTO] ✓ [CargarPagosPaso] Completado.
[ACTUALIZAR PAGOS · AUTO] === Ejecución finalizada con éxito ===
🤖 [Automático] Es hora de actualizar pagos. Arrancando...
[ACTUALIZAR PAGOS · AUTO] === Inicio de ejecución: pagos ===
[ACTUALIZAR PAGOS · AUTO] ▶ [LoginSemytPaso] Iniciando...
[ACTUALIZAR PAGOS · AUTO] ==================================================
[ACTUALIZAR PAGOS · AUTO] 🚀 PASO: LoginSemytPaso
[ACTUALIZAR PAGOS · AUTO] ==================================================
[ACTUALIZAR PAGOS · AUTO] Abriendo SEMyT...
⏳ [Automático] Tocaba disparar 'pagos' pero ya hay una ejecución en curso (Actualizar pagos); esperando a que termine; se reintenta en breve sin perder el turno.
[ACTUALIZAR PAGOS · AUTO] ✅ [SEMyT] Sesión existente detectada. Login omitido.
[ACTUALIZAR PAGOS · AUTO] ✅ LoginSemytPaso finalizado. (⏱ 26.4s)
[ACTUALIZAR PAGOS · AUTO] ✓ [LoginSemytPaso] Completado.
[ACTUALIZAR PAGOS · AUTO] ▶ [LoginJuzgadoPaso] Iniciando...
[ACTUALIZAR PAGOS · AUTO] ==================================================
[ACTUALIZAR PAGOS · AUTO] 🚀 PASO: LoginJuzgadoPaso
[ACTUALIZAR PAGOS · AUTO] ==================================================
[ACTUALIZAR PAGOS · AUTO] Abriendo sitio municipalidad (CiDi)...
[ACTUALIZAR PAGOS · AUTO] ✅ [Juzgado] Sesión existente detectada. Login omitido.
[ACTUALIZAR PAGOS · AUTO] ✅ LoginJuzgadoPaso finalizado. (⏱ 1.4s)
[ACTUALIZAR PAGOS · AUTO] ✓ [LoginJuzgadoPaso] Completado.
[ACTUALIZAR PAGOS · AUTO] ▶ [DescargasParalelasPaso] Iniciando...
[ACTUALIZAR PAGOS · AUTO] ==================================================
[ACTUALIZAR PAGOS · AUTO] 🚀 PASO: DescargasParalelasPaso
[ACTUALIZAR PAGOS · AUTO] ==================================================
[ACTUALIZAR PAGOS · AUTO] 📤 Arrancando las 3 descargas en paralelo (mismo browser, páginas separadas)...
[ACTUALIZAR PAGOS · AUTO] Fecha Desde: 27/06/2024
[ACTUALIZAR PAGOS · AUTO] Fecha Hasta: 24/11/2025
[ACTUALIZAR PAGOS · AUTO] Fecha Desde: 25/11/2025
[ACTUALIZAR PAGOS · AUTO] Fecha Hasta: 22/07/2026
[ACTUALIZAR PAGOS · AUTO] Descargando Excel...
[ACTUALIZAR PAGOS · AUTO] Descargando Excel...
[ACTUALIZAR PAGOS · AUTO] ✅ TXT de pagos descargado en: backend/descargas/pagos/2026-07-22/PAGOS DESCARGADOS.txt
[ACTUALIZAR PAGOS · AUTO] ⏱ [pagos_txt] completado en 11.7s
[ACTUALIZAR PAGOS · AUTO] Archivo descargado en: backend/descargas/cache_actas_cruce/MULTAS_JUZGADO_CRUCE.xlsx
[ACTUALIZAR PAGOS · AUTO] ⏱ [actas_juzgado] completado en 31.5s
[ACTUALIZAR PAGOS · AUTO] ⏱ [actas_sigemi] falló a los 100.8s -> TimeoutError: Timeout esperando la descarga (sin cartel de error reconocido) tras 100s.
[ACTUALIZAR PAGOS · AUTO] ⏱ TOTAL descargas en paralelo: 100.9s
[ACTUALIZAR PAGOS · AUTO] ❌ Error en el paso [DescargasParalelasPaso]: TimeoutError: Timeout esperando la descarga (sin cartel de error reconocido) tras 100s.
[ACTUALIZAR PAGOS · AUTO] ❌ === ERROR: TimeoutError: Timeout esperando la descarga (sin cartel de error reconocido) tras 100s. ===
[ACTUALIZAR PAGOS · AUTO] Traceback (most recent call last):
[ACTUALIZAR PAGOS · AUTO]   File "/Users/nicolascesolari/Downloads/proyectoJuzgado(perfect) /backend/orquestador/trabajador.py", line 87, in ejecutar_worker
[ACTUALIZAR PAGOS · AUTO]     contexto_resultado = asyncio.run(
[ACTUALIZAR PAGOS · AUTO]         _correr_tipo(tipo, origen, fecha_desde_multas_manual, archivo_creado)
[ACTUALIZAR PAGOS · AUTO]     )
[ACTUALIZAR PAGOS · AUTO]   File "/Library/Frameworks/Python.framework/Versions/3.14/lib/python3.14/asyncio/runners.py", line 205, in run
[ACTUALIZAR PAGOS · AUTO]     return runner.run(main)
[ACTUALIZAR PAGOS · AUTO]            ~~~~~~~~~~^^^^^^
[ACTUALIZAR PAGOS · AUTO]   File "/Library/Frameworks/Python.framework/Versions/3.14/lib/python3.14/asyncio/runners.py", line 128, in run
[ACTUALIZAR PAGOS · AUTO]     return self._loop.run_until_complete(task)
[ACTUALIZAR PAGOS · AUTO]            ~~~~~~~~~~~~~~~~~~~~~~~~~~~~~^^^^^^
[ACTUALIZAR PAGOS · AUTO]   File "/Library/Frameworks/Python.framework/Versions/3.14/lib/python3.14/asyncio/base_events.py", line 719, in run_until_complete
[ACTUALIZAR PAGOS · AUTO]     return future.result()
[ACTUALIZAR PAGOS · AUTO]            ~~~~~~~~~~~~~^^
[ACTUALIZAR PAGOS · AUTO]   File "/Users/nicolascesolari/Downloads/proyectoJuzgado(perfect) /backend/orquestador/trabajador.py", line 146, in _correr_tipo
[ACTUALIZAR PAGOS · AUTO]     return await PagosWorkflow(navegador).ejecutar(archivo_fn=archivo_creado,cerrar_navegador_al_final=False,)
[ACTUALIZAR PAGOS · AUTO]            ^^^^^^^^^^^^^^^^^^^^^^^^^^^^^^^^^^^^^^^^^^^^^^^^^^^^^^^^^^^^^^^^^^^^^^^^^^^^^^^^^^^^^^^^^^^^^^^^^^^
[ACTUALIZAR PAGOS · AUTO]   File "/Users/nicolascesolari/Downloads/proyectoJuzgado(perfect) /backend/workflows/workflow_base.py", line 35, in ejecutar
[ACTUALIZAR PAGOS · AUTO]     await paso.ejecutar(contexto)
[ACTUALIZAR PAGOS · AUTO]   File "/Users/nicolascesolari/Downloads/proyectoJuzgado(perfect) /backend/pasos/descargas_paralelas_paso.py", line 75, in ejecutar
[ACTUALIZAR PAGOS · AUTO]     ruta_txt, ruta_sigemi, ruta_juzgado = self._procesar_resultados(resultados)
[ACTUALIZAR PAGOS · AUTO]                                           ~~~~~~~~~~~~~~~~~~~~~~~~~^^^^^^^^^^^^
[ACTUALIZAR PAGOS · AUTO]   File "/Users/nicolascesolari/Downloads/proyectoJuzgado(perfect) /backend/pasos/descargas_paralelas_paso.py", line 155, in _procesar_resultados
[ACTUALIZAR PAGOS · AUTO]     raise error_sigemi
[ACTUALIZAR PAGOS · AUTO]   File "/Users/nicolascesolari/Downloads/proyectoJuzgado(perfect) /backend/pasos/descargas_paralelas_paso.py", line 128, in _con_tiempo
[ACTUALIZAR PAGOS · AUTO]     resultado = await corutina
[ACTUALIZAR PAGOS · AUTO]                 ^^^^^^^^^^^^^^
[ACTUALIZAR PAGOS · AUTO]   File "/Users/nicolascesolari/Downloads/proyectoJuzgado(perfect) /backend/pasos/descargas_paralelas_paso.py", line 117, in _descargar_excel
[ACTUALIZAR PAGOS · AUTO]     return await actas_service.descargar_actas_pendientes(renombrar_por_rango=False, nombre_archivo=nombre_archivo)
[ACTUALIZAR PAGOS · AUTO]            ^^^^^^^^^^^^^^^^^^^^^^^^^^^^^^^^^^^^^^^^^^^^^^^^^^^^^^^^^^^^^^^^^^^^^^^^^^^^^^^^^^^^^^^^^^^^^^^^^^^^^^^^
[ACTUALIZAR PAGOS · AUTO]   File "/Users/nicolascesolari/Downloads/proyectoJuzgado(perfect) /backend/services/actas_service.py", line 61, in descargar_actas_pendientes
[ACTUALIZAR PAGOS · AUTO]     descarga = await self.exportar_actas_page.descargar()
[ACTUALIZAR PAGOS · AUTO]                ^^^^^^^^^^^^^^^^^^^^^^^^^^^^^^^^^^^^^^^^^^
[ACTUALIZAR PAGOS · AUTO]   File "/Users/nicolascesolari/Downloads/proyectoJuzgado(perfect) /backend/pages/exportar_actas_page.py", line 64, in descargar
[ACTUALIZAR PAGOS · AUTO]     raise PWTimeoutError(
[ACTUALIZAR PAGOS · AUTO]         f"Timeout esperando la descarga (sin cartel de error reconocido) tras {segundos_maximo}s."
[ACTUALIZAR PAGOS · AUTO]     )
[ACTUALIZAR PAGOS · AUTO] playwright._impl._errors.TimeoutError: Timeout esperando la descarga (sin cartel de error reconocido) tras 100s.
ℹ El log detallado de esta corrida no se conservó en disco (no se llegó a subir ningún archivo).
❌ [Automático] 'pagos' falló (intento 1 de 4). Se reintenta a las 08:32.
🤖 [Automático] Es hora de actualizar pagos (reintento 1 de 3). Arrancando...
[ACTUALIZAR PAGOS · AUTO] === Inicio de ejecución: pagos ===
[ACTUALIZAR PAGOS · AUTO] ▶ [LoginSemytPaso] Iniciando...
[ACTUALIZAR PAGOS · AUTO] ==================================================
[ACTUALIZAR PAGOS · AUTO] 🚀 PASO: LoginSemytPaso
[ACTUALIZAR PAGOS · AUTO] ==================================================
[ACTUALIZAR PAGOS · AUTO] Abriendo SEMyT...
⏳ [Automático] Tocaba disparar 'pagos' pero ya hay una ejecución en curso (Actualizar pagos); esperando a que termine; se reintenta en breve sin perder el turno.
[ACTUALIZAR PAGOS · AUTO] ✅ [SEMyT] Sesión existente detectada. Login omitido.
[ACTUALIZAR PAGOS · AUTO] ✅ LoginSemytPaso finalizado. (⏱ 15.6s)
[ACTUALIZAR PAGOS · AUTO] ✓ [LoginSemytPaso] Completado.
[ACTUALIZAR PAGOS · AUTO] ▶ [LoginJuzgadoPaso] Iniciando...
[ACTUALIZAR PAGOS · AUTO] ==================================================
[ACTUALIZAR PAGOS · AUTO] 🚀 PASO: LoginJuzgadoPaso
[ACTUALIZAR PAGOS · AUTO] ==================================================
[ACTUALIZAR PAGOS · AUTO] Abriendo sitio municipalidad (CiDi)...
[ACTUALIZAR PAGOS · AUTO] ✅ [Juzgado] Sesión existente detectada. Login omitido.
[ACTUALIZAR PAGOS · AUTO] ✅ LoginJuzgadoPaso finalizado. (⏱ 1.7s)
[ACTUALIZAR PAGOS · AUTO] ✓ [LoginJuzgadoPaso] Completado.
[ACTUALIZAR PAGOS · AUTO] ▶ [DescargasParalelasPaso] Iniciando...
[ACTUALIZAR PAGOS · AUTO] ==================================================
[ACTUALIZAR PAGOS · AUTO] 🚀 PASO: DescargasParalelasPaso
[ACTUALIZAR PAGOS · AUTO] ==================================================
[ACTUALIZAR PAGOS · AUTO] 📤 Arrancando las 3 descargas en paralelo (mismo browser, páginas separadas)...
[ACTUALIZAR PAGOS · AUTO] Fecha Desde: 27/06/2024
[ACTUALIZAR PAGOS · AUTO] Fecha Hasta: 24/11/2025
[ACTUALIZAR PAGOS · AUTO] Fecha Desde: 25/11/2025
[ACTUALIZAR PAGOS · AUTO] Fecha Hasta: 22/07/2026
[ACTUALIZAR PAGOS · AUTO] Descargando Excel...
[ACTUALIZAR PAGOS · AUTO] Descargando Excel...
[ACTUALIZAR PAGOS · AUTO] Archivo descargado en: backend/descargas/cache_actas_cruce/MULTAS_JUZGADO_CRUCE.xlsx
[ACTUALIZAR PAGOS · AUTO] ⏱ [actas_juzgado] completado en 27.0s
[ACTUALIZAR PAGOS · AUTO] ✅ TXT de pagos descargado en: backend/descargas/pagos/2026-07-22/PAGOS DESCARGADOS.txt
[ACTUALIZAR PAGOS · AUTO] ⏱ [pagos_txt] completado en 27.1s
[ACTUALIZAR PAGOS · AUTO] Archivo descargado en: backend/descargas/cache_actas_cruce/MULTAS_SIGEMI_CRUCE.xlsx
[ACTUALIZAR PAGOS · AUTO] ⏱ [actas_sigemi] completado en 61.4s
[ACTUALIZAR PAGOS · AUTO] ⏱ TOTAL descargas en paralelo: 61.5s
[ACTUALIZAR PAGOS · AUTO] ✅ DescargasParalelasPaso finalizado. (⏱ 62.9s)
[ACTUALIZAR PAGOS · AUTO] ✓ [DescargasParalelasPaso] Completado.
[ACTUALIZAR PAGOS · AUTO] ▶ [CompararActasPaso] Iniciando...
[ACTUALIZAR PAGOS · AUTO] ==================================================
[ACTUALIZAR PAGOS · AUTO] 🚀 PASO: CompararActasPaso
[ACTUALIZAR PAGOS · AUTO] ==================================================
[ACTUALIZAR PAGOS · AUTO] 🔍 Comparando actas del SEMyT contra pagos del Juzgado...
[ACTUALIZAR PAGOS · AUTO] ================================================================================
[ACTUALIZAR PAGOS · AUTO] INICIANDO PROCESO DE GENERACIÓN DE PAGOS DESACTUALIZADOS
[ACTUALIZAR PAGOS · AUTO] ================================================================================
[ACTUALIZAR PAGOS · AUTO] 📂 Cargando archivos...
[ACTUALIZAR PAGOS · AUTO]   ✓ Pagos: 16028 registros
[ACTUALIZAR PAGOS · AUTO]   ✓ Excel SIGEMI (multas vencidas viejas): 103927 registros
[ACTUALIZAR PAGOS · AUTO]   ✓ Excel Juzgado (multas vencidas nuevas): 40162 registros
[ACTUALIZAR PAGOS · AUTO] ================================================================================
[ACTUALIZAR PAGOS · AUTO] PASO 1: LLENANDO ACTA_NUMERO (búsqueda por patente + fecha, con desempate por hora)
[ACTUALIZAR PAGOS · AUTO] ================================================================================
[ACTUALIZAR PAGOS · AUTO] 📊 ESTADÍSTICAS DE LLENADO DE ACTAS:
[ACTUALIZAR PAGOS · AUTO]   • Pagos con acta ORIGINAL: 2379
[ACTUALIZAR PAGOS · AUTO]   • Pagos SIN acta (buscados): 13649
[ACTUALIZAR PAGOS · AUTO]   • Pagos LLENADOS exitosamente: 1
[ACTUALIZAR PAGOS · AUTO]   • Pagos NO encontrados en multas: 13648
[ACTUALIZAR PAGOS · AUTO]   • Pagos SIN RESOLVER por desbalance de cantidades: 0
[ACTUALIZAR PAGOS · AUTO] ================================================================================
[ACTUALIZAR PAGOS · AUTO] PASO 1: LLENANDO ACTA_NUMERO (búsqueda por patente + fecha, con desempate por hora)
[ACTUALIZAR PAGOS · AUTO] ================================================================================
[ACTUALIZAR PAGOS · AUTO] 📊 ESTADÍSTICAS DE LLENADO DE ACTAS:
[ACTUALIZAR PAGOS · AUTO]   • Pagos con acta ORIGINAL: 2380
[ACTUALIZAR PAGOS · AUTO]   • Pagos SIN acta (buscados): 13648
[ACTUALIZAR PAGOS · AUTO]   • Pagos LLENADOS exitosamente: 0
[ACTUALIZAR PAGOS · AUTO]   • Pagos NO encontrados en multas: 13648
[ACTUALIZAR PAGOS · AUTO]   • Pagos SIN RESOLVER por desbalance de cantidades: 0
[ACTUALIZAR PAGOS · AUTO] ⏱ PASO 1 (llenar actas): 18.1s
[ACTUALIZAR PAGOS · AUTO] ================================================================================
[ACTUALIZAR PAGOS · AUTO] PASO 2: FILTRANDO PAGOS CON ACTA_NUMERO COMPLETO
[ACTUALIZAR PAGOS · AUTO] ================================================================================
[ACTUALIZAR PAGOS · AUTO] 📊 ESTADÍSTICAS DE FILTRADO:
[ACTUALIZAR PAGOS · AUTO]   • Pagos TOTALES al inicio: 16028
[ACTUALIZAR PAGOS · AUTO]   • Pagos CON acta (MANTIENEN): 2380
[ACTUALIZAR PAGOS · AUTO]   • Pagos RECHAZADOS (sin coincidencias): 13648
[ACTUALIZAR PAGOS · AUTO] ⚠️  Se eliminaron 13648 registros sin número de acta
[ACTUALIZAR PAGOS · AUTO]      (recordá: esto incluye tanto pagos ya actualizados/pagados
[ACTUALIZAR PAGOS · AUTO]       como pagos que quedaron sin resolver por desbalance en el Paso 1)
[ACTUALIZAR PAGOS · AUTO] ================================================================================
[ACTUALIZAR PAGOS · AUTO] PASO 2-bis: CONFIRMANDO VIGENCIA DE PAGOS DEL SISTEMA NUEVO (contra MULTAS_JUZGADO_CRUCE)
[ACTUALIZAR PAGOS · AUTO] ================================================================================
[ACTUALIZAR PAGOS · AUTO]   ⚠ 2372 pago(s) del sistema nuevo descartados: su acta ya no figura como vencida en MULTAS_JUZGADO_CRUCE (SEMyT ya los actualizó).
[ACTUALIZAR PAGOS · AUTO]   • Pagos del sistema nuevo descartados por ya estar actualizados: 2372
[ACTUALIZAR PAGOS · AUTO] ⏱ PASO 2 (filtrar): 1.1s
[ACTUALIZAR PAGOS · AUTO] 📂 Cargando maestro de causas SIGEMI...
[ACTUALIZAR PAGOS · AUTO]   ✓ Causas totales (maestro): 134069 registros
[ACTUALIZAR PAGOS · AUTO] ⏱ PASO 2.5 (causas simplificado): 0.2s
[ACTUALIZAR PAGOS · AUTO] ================================================================================
[ACTUALIZAR PAGOS · AUTO] PASO 2.5: ARMANDO causas.txt SIMPLIFICADO (cruce contra total_causas_sigemi.txt)
[ACTUALIZAR PAGOS · AUTO] ================================================================================
[ACTUALIZAR PAGOS · AUTO]   • Actas vencidas viejas (multas): 103927
[ACTUALIZAR PAGOS · AUTO]   • Causas totales en el maestro SIGEMI: 134069
[ACTUALIZAR PAGOS · AUTO]   • Causas que coinciden (simplificado): 103597
[ACTUALIZAR PAGOS · AUTO]   ✅ Archivo escrito: backend/descargas/causas/causas.txt
[ACTUALIZAR PAGOS · AUTO] ⏱ PASO 2.5 (causas simplificado): 2.9s
[ACTUALIZAR PAGOS · AUTO] ================================================================================
[ACTUALIZAR PAGOS · AUTO] PASO 3: LLENANDO CAUSA_NUMERO (según fecha de cambio de sistema, cruzando por acta + año)
[ACTUALIZAR PAGOS · AUTO] ================================================================================
[ACTUALIZAR PAGOS · AUTO] 📊 ESTADÍSTICAS DE LLENADO DE CAUSAS:
[ACTUALIZAR PAGOS · AUTO]   • Pagos con causa ORIGINAL: 7
[ACTUALIZAR PAGOS · AUTO]   • Causas encontradas en SIGEMI (actas viejas): 1
[ACTUALIZAR PAGOS · AUTO]   • Causas NO encontradas en SIGEMI: 0
[ACTUALIZAR PAGOS · AUTO]   • Causas asignadas automáticamente (actas nuevas): 0
[ACTUALIZAR PAGOS · AUTO] ⏱ PASO 3 (llenar causas): 0.0s
[ACTUALIZAR PAGOS · AUTO] ================================================================================
[ACTUALIZAR PAGOS · AUTO] PASO 4: ORDENANDO POR FECHA Y ACTA_NUMERO
[ACTUALIZAR PAGOS · AUTO] ================================================================================
[ACTUALIZAR PAGOS · AUTO] ✓ Pagos ordenados correctamente
[ACTUALIZAR PAGOS · AUTO]   • Primera entrada: Acta=5517, Fecha=05/07/2024
[ACTUALIZAR PAGOS · AUTO]   • Última entrada: Acta=264414, Fecha=10/02/2026
[ACTUALIZAR PAGOS · AUTO] 📝 Escribiendo archivo de salida...
[ACTUALIZAR PAGOS · AUTO]   ✅ Archivo escrito: backend/descargas/pagos/2026-07-22/PAGOS 20260722 083326.txt
[ACTUALIZAR PAGOS · AUTO]   ✅ Total registros: 1008
[ACTUALIZAR PAGOS · AUTO] ⏱ PASO 4 (ordenar y escribir): 0.0s
[ACTUALIZAR PAGOS · AUTO] ================================================================================
[ACTUALIZAR PAGOS · AUTO] ✅ PROCESO COMPLETADO EXITOSAMENTE
[ACTUALIZAR PAGOS · AUTO] ================================================================================
[ACTUALIZAR PAGOS · AUTO] 📊 RESUMEN FINAL DEL PROCESAMIENTO:
[ACTUALIZAR PAGOS · AUTO]   ENTRADA:
[ACTUALIZAR PAGOS · AUTO]     • Pagos originales: 16028
[ACTUALIZAR PAGOS · AUTO]     • Multas SIGEMI cargadas: 103927
[ACTUALIZAR PAGOS · AUTO]     • Multas Juzgado cargadas: 40162
[ACTUALIZAR PAGOS · AUTO]     • Causas simplificadas (usadas para el cruce): 103597
[ACTUALIZAR PAGOS · AUTO]   PROCESO:
[ACTUALIZAR PAGOS · AUTO]     • Pagos rechazados sigemi: 13648
[ACTUALIZAR PAGOS · AUTO]     • Pagos rechazados juzgado: 2372
[ACTUALIZAR PAGOS · AUTO]   SALIDA:
[ACTUALIZAR PAGOS · AUTO]     • Pagos desactualizados procesados: 8
[ACTUALIZAR PAGOS · AUTO]     • Archivo final: backend/descargas/pagos/2026-07-22/PAGOS 20260722 083326.txt
[ACTUALIZAR PAGOS · AUTO]     • Ordenados por fecha: SÍ ✓
[ACTUALIZAR PAGOS · AUTO]     • Todos con ACTA_NUMERO: SÍ ✓
[ACTUALIZAR PAGOS · AUTO]     • Todos con CAUSA_NUMERO: SÍ ✓
[ACTUALIZAR PAGOS · AUTO] ✅ TXT de pagos (ya cruzado con actas y causas) generado en: backend/descargas/pagos/2026-07-22/PAGOS 20260722 083326.txt
[ACTUALIZAR PAGOS · AUTO] 🧹 TXT de pagos crudo eliminado (ya usado en el cruce): backend/descargas/pagos/2026-07-22/PAGOS DESCARGADOS.txt
[ACTUALIZAR PAGOS · AUTO] 🧹 Excel MULTAS_SIGEMI_CRUCE eliminado (ya usado en el cruce): backend/descargas/cache_actas_cruce/MULTAS_SIGEMI_CRUCE.xlsx
[ACTUALIZAR PAGOS · AUTO] 🧹 Excel MULTAS_JUZGADO_CRUCE eliminado (ya usado en el cruce): backend/descargas/cache_actas_cruce/MULTAS_JUZGADO_CRUCE.xlsx
[ACTUALIZAR PAGOS · AUTO] ✅ CompararActasPaso finalizado. (⏱ 51.6s)
[ACTUALIZAR PAGOS · AUTO] ✓ [CompararActasPaso] Completado.
[ACTUALIZAR PAGOS · AUTO] ▶ [CargarPagosPaso] Iniciando...
[ACTUALIZAR PAGOS · AUTO] ==================================================
[ACTUALIZAR PAGOS · AUTO] 🚀 PASO: CargarPagosPaso
[ACTUALIZAR PAGOS · AUTO] ==================================================
[ACTUALIZAR PAGOS · AUTO] 📤 Subiendo TXT de pagos al SEMyT...
[ACTUALIZAR PAGOS · AUTO] ✅ Importación de pagos completada con éxito.
[ACTUALIZAR PAGOS · AUTO] ✅ Archivo TXT de pagos cargado en el SEMyT correctamente.
[ACTUALIZAR PAGOS · AUTO] ✅ CargarPagosPaso finalizado. (⏱ 2.4s)
[ACTUALIZAR PAGOS · AUTO] ✓ [CargarPagosPaso] Completado.
[ACTUALIZAR PAGOS · AUTO] === Ejecución finalizada con éxito ===
✅ [Automático] 'pagos' terminó bien en el reintento 1.
🤖 [Automático] Es hora de actualizar pagos. Arrancando...
[ACTUALIZAR PAGOS · AUTO] === Inicio de ejecución: pagos ===
[ACTUALIZAR PAGOS · AUTO] ▶ [LoginSemytPaso] Iniciando...
[ACTUALIZAR PAGOS · AUTO] ==================================================
[ACTUALIZAR PAGOS · AUTO] 🚀 PASO: LoginSemytPaso
[ACTUALIZAR PAGOS · AUTO] ==================================================
[ACTUALIZAR PAGOS · AUTO] Abriendo SEMyT...
[ACTUALIZAR PAGOS · AUTO] ✅ [SEMyT] Sesión existente detectada. Login omitido.
[ACTUALIZAR PAGOS · AUTO] ✅ LoginSemytPaso finalizado. (⏱ 6.4s)
[ACTUALIZAR PAGOS · AUTO] ✓ [LoginSemytPaso] Completado.
[ACTUALIZAR PAGOS · AUTO] ▶ [LoginJuzgadoPaso] Iniciando...
[ACTUALIZAR PAGOS · AUTO] ==================================================
[ACTUALIZAR PAGOS · AUTO] 🚀 PASO: LoginJuzgadoPaso
[ACTUALIZAR PAGOS · AUTO] ==================================================
[ACTUALIZAR PAGOS · AUTO] Abriendo sitio municipalidad (CiDi)...
[ACTUALIZAR PAGOS · AUTO] ✅ [Juzgado] Sesión existente detectada. Login omitido.
[ACTUALIZAR PAGOS · AUTO] ✅ LoginJuzgadoPaso finalizado. (⏱ 1.3s)
[ACTUALIZAR PAGOS · AUTO] ✓ [LoginJuzgadoPaso] Completado.
[ACTUALIZAR PAGOS · AUTO] ▶ [DescargasParalelasPaso] Iniciando...
[ACTUALIZAR PAGOS · AUTO] ==================================================
[ACTUALIZAR PAGOS · AUTO] 🚀 PASO: DescargasParalelasPaso
[ACTUALIZAR PAGOS · AUTO] ==================================================
[ACTUALIZAR PAGOS · AUTO] 📤 Arrancando las 3 descargas en paralelo (mismo browser, páginas separadas)...
[ACTUALIZAR PAGOS · AUTO] Fecha Desde: 27/06/2024
[ACTUALIZAR PAGOS · AUTO] Fecha Hasta: 24/11/2025
[ACTUALIZAR PAGOS · AUTO] Fecha Desde: 25/11/2025
[ACTUALIZAR PAGOS · AUTO] Fecha Hasta: 22/07/2026
[ACTUALIZAR PAGOS · AUTO] Descargando Excel...
[ACTUALIZAR PAGOS · AUTO] Descargando Excel...
⏳ [Automático] Tocaba disparar 'pagos' pero ya hay una ejecución en curso (Actualizar pagos); esperando a que termine; se reintenta en breve sin perder el turno.
[ACTUALIZAR PAGOS · AUTO] Archivo descargado en: backend/descargas/cache_actas_cruce/MULTAS_JUZGADO_CRUCE.xlsx
[ACTUALIZAR PAGOS · AUTO] ⏱ [actas_juzgado] completado en 22.9s
[ACTUALIZAR PAGOS · AUTO] ✅ TXT de pagos descargado en: backend/descargas/pagos/2026-07-22/PAGOS DESCARGADOS.txt
[ACTUALIZAR PAGOS · AUTO] ⏱ [pagos_txt] completado en 24.3s
[ACTUALIZAR PAGOS · AUTO] Archivo descargado en: backend/descargas/cache_actas_cruce/MULTAS_SIGEMI_CRUCE.xlsx
[ACTUALIZAR PAGOS · AUTO] ⏱ [actas_sigemi] completado en 57.2s
[ACTUALIZAR PAGOS · AUTO] ⏱ TOTAL descargas en paralelo: 57.2s
[ACTUALIZAR PAGOS · AUTO] ✅ DescargasParalelasPaso finalizado. (⏱ 58.7s)
[ACTUALIZAR PAGOS · AUTO] ✓ [DescargasParalelasPaso] Completado.
[ACTUALIZAR PAGOS · AUTO] ▶ [CompararActasPaso] Iniciando...
[ACTUALIZAR PAGOS · AUTO] ==================================================
[ACTUALIZAR PAGOS · AUTO] 🚀 PASO: CompararActasPaso
[ACTUALIZAR PAGOS · AUTO] ==================================================
[ACTUALIZAR PAGOS · AUTO] 🔍 Comparando actas del SEMyT contra pagos del Juzgado...
[ACTUALIZAR PAGOS · AUTO] ================================================================================
[ACTUALIZAR PAGOS · AUTO] INICIANDO PROCESO DE GENERACIÓN DE PAGOS DESACTUALIZADOS
[ACTUALIZAR PAGOS · AUTO] ================================================================================
[ACTUALIZAR PAGOS · AUTO] 📂 Cargando archivos...
[ACTUALIZAR PAGOS · AUTO]   ✓ Pagos: 16036 registros
[ACTUALIZAR PAGOS · AUTO]   ✓ Excel SIGEMI (multas vencidas viejas): 103926 registros
[ACTUALIZAR PAGOS · AUTO]   ✓ Excel Juzgado (multas vencidas nuevas): 40155 registros
[ACTUALIZAR PAGOS · AUTO] ================================================================================
[ACTUALIZAR PAGOS · AUTO] PASO 1: LLENANDO ACTA_NUMERO (búsqueda por patente + fecha, con desempate por hora)
[ACTUALIZAR PAGOS · AUTO] ================================================================================
[ACTUALIZAR PAGOS · AUTO] 📊 ESTADÍSTICAS DE LLENADO DE ACTAS:
[ACTUALIZAR PAGOS · AUTO]   • Pagos con acta ORIGINAL: 2386
[ACTUALIZAR PAGOS · AUTO]   • Pagos SIN acta (buscados): 13650
[ACTUALIZAR PAGOS · AUTO]   • Pagos LLENADOS exitosamente: 1
[ACTUALIZAR PAGOS · AUTO]   • Pagos NO encontrados en multas: 13649
[ACTUALIZAR PAGOS · AUTO]   • Pagos SIN RESOLVER por desbalance de cantidades: 0
[ACTUALIZAR PAGOS · AUTO] ================================================================================
[ACTUALIZAR PAGOS · AUTO] PASO 1: LLENANDO ACTA_NUMERO (búsqueda por patente + fecha, con desempate por hora)
[ACTUALIZAR PAGOS · AUTO] ================================================================================
[ACTUALIZAR PAGOS · AUTO] 📊 ESTADÍSTICAS DE LLENADO DE ACTAS:
[ACTUALIZAR PAGOS · AUTO]   • Pagos con acta ORIGINAL: 2387
[ACTUALIZAR PAGOS · AUTO]   • Pagos SIN acta (buscados): 13649
[ACTUALIZAR PAGOS · AUTO]   • Pagos LLENADOS exitosamente: 0
[ACTUALIZAR PAGOS · AUTO]   • Pagos NO encontrados en multas: 13649
[ACTUALIZAR PAGOS · AUTO]   • Pagos SIN RESOLVER por desbalance de cantidades: 0
[ACTUALIZAR PAGOS · AUTO] ⏱ PASO 1 (llenar actas): 17.1s
[ACTUALIZAR PAGOS · AUTO] ================================================================================
[ACTUALIZAR PAGOS · AUTO] PASO 2: FILTRANDO PAGOS CON ACTA_NUMERO COMPLETO
[ACTUALIZAR PAGOS · AUTO] ================================================================================
[ACTUALIZAR PAGOS · AUTO] 📊 ESTADÍSTICAS DE FILTRADO:
[ACTUALIZAR PAGOS · AUTO]   • Pagos TOTALES al inicio: 16036
[ACTUALIZAR PAGOS · AUTO]   • Pagos CON acta (MANTIENEN): 2387
[ACTUALIZAR PAGOS · AUTO]   • Pagos RECHAZADOS (sin coincidencias): 13649
[ACTUALIZAR PAGOS · AUTO] ⚠️  Se eliminaron 13649 registros sin número de acta
[ACTUALIZAR PAGOS · AUTO]      (recordá: esto incluye tanto pagos ya actualizados/pagados
[ACTUALIZAR PAGOS · AUTO]       como pagos que quedaron sin resolver por desbalance en el Paso 1)
[ACTUALIZAR PAGOS · AUTO] ================================================================================
[ACTUALIZAR PAGOS · AUTO] PASO 2-bis: CONFIRMANDO VIGENCIA DE PAGOS DEL SISTEMA NUEVO (contra MULTAS_JUZGADO_CRUCE)
[ACTUALIZAR PAGOS · AUTO] ================================================================================
[ACTUALIZAR PAGOS · AUTO]   ⚠ 2379 pago(s) del sistema nuevo descartados: su acta ya no figura como vencida en MULTAS_JUZGADO_CRUCE (SEMyT ya los actualizó).
[ACTUALIZAR PAGOS · AUTO]   • Pagos del sistema nuevo descartados por ya estar actualizados: 2379
[ACTUALIZAR PAGOS · AUTO] ⏱ PASO 2 (filtrar): 1.1s
[ACTUALIZAR PAGOS · AUTO] 📂 Cargando maestro de causas SIGEMI...
[ACTUALIZAR PAGOS · AUTO]   ✓ Causas totales (maestro): 134069 registros
[ACTUALIZAR PAGOS · AUTO] ⏱ PASO 2.5 (causas simplificado): 0.2s
[ACTUALIZAR PAGOS · AUTO] ================================================================================
[ACTUALIZAR PAGOS · AUTO] PASO 2.5: ARMANDO causas.txt SIMPLIFICADO (cruce contra total_causas_sigemi.txt)
[ACTUALIZAR PAGOS · AUTO] ================================================================================
[ACTUALIZAR PAGOS · AUTO]   • Actas vencidas viejas (multas): 103926
[ACTUALIZAR PAGOS · AUTO]   • Causas totales en el maestro SIGEMI: 134069
[ACTUALIZAR PAGOS · AUTO]   • Causas que coinciden (simplificado): 103596
[ACTUALIZAR PAGOS · AUTO]   ✅ Archivo escrito: backend/descargas/causas/causas.txt
[ACTUALIZAR PAGOS · AUTO] ⏱ PASO 2.5 (causas simplificado): 3.0s
[ACTUALIZAR PAGOS · AUTO] ================================================================================
[ACTUALIZAR PAGOS · AUTO] PASO 3: LLENANDO CAUSA_NUMERO (según fecha de cambio de sistema, cruzando por acta + año)
[ACTUALIZAR PAGOS · AUTO] ================================================================================
[ACTUALIZAR PAGOS · AUTO] 📊 ESTADÍSTICAS DE LLENADO DE CAUSAS:
[ACTUALIZAR PAGOS · AUTO]   • Pagos con causa ORIGINAL: 7
[ACTUALIZAR PAGOS · AUTO]   • Causas encontradas en SIGEMI (actas viejas): 1
[ACTUALIZAR PAGOS · AUTO]   • Causas NO encontradas en SIGEMI: 0
[ACTUALIZAR PAGOS · AUTO]   • Causas asignadas automáticamente (actas nuevas): 0
[ACTUALIZAR PAGOS · AUTO] ⏱ PASO 3 (llenar causas): 0.0s
[ACTUALIZAR PAGOS · AUTO] ================================================================================
[ACTUALIZAR PAGOS · AUTO] PASO 4: ORDENANDO POR FECHA Y ACTA_NUMERO
[ACTUALIZAR PAGOS · AUTO] ================================================================================
[ACTUALIZAR PAGOS · AUTO] ✓ Pagos ordenados correctamente
[ACTUALIZAR PAGOS · AUTO]   • Primera entrada: Acta=234377, Fecha=14/11/2025
[ACTUALIZAR PAGOS · AUTO]   • Última entrada: Acta=275500, Fecha=04/03/2026
[ACTUALIZAR PAGOS · AUTO] 📝 Escribiendo archivo de salida...
[ACTUALIZAR PAGOS · AUTO]   ✅ Archivo escrito: backend/descargas/pagos/2026-07-22/PAGOS 20260722 084533.txt
[ACTUALIZAR PAGOS · AUTO]   ✅ Total registros: 1024
[ACTUALIZAR PAGOS · AUTO] ⏱ PASO 4 (ordenar y escribir): 0.0s
[ACTUALIZAR PAGOS · AUTO] ================================================================================
[ACTUALIZAR PAGOS · AUTO] ✅ PROCESO COMPLETADO EXITOSAMENTE
[ACTUALIZAR PAGOS · AUTO] ================================================================================
[ACTUALIZAR PAGOS · AUTO] 📊 RESUMEN FINAL DEL PROCESAMIENTO:
[ACTUALIZAR PAGOS · AUTO]   ENTRADA:
[ACTUALIZAR PAGOS · AUTO]     • Pagos originales: 16036
[ACTUALIZAR PAGOS · AUTO]     • Multas SIGEMI cargadas: 103926
[ACTUALIZAR PAGOS · AUTO]     • Multas Juzgado cargadas: 40155
[ACTUALIZAR PAGOS · AUTO]     • Causas simplificadas (usadas para el cruce): 103596
[ACTUALIZAR PAGOS · AUTO]   PROCESO:
[ACTUALIZAR PAGOS · AUTO]     • Pagos rechazados sigemi: 13649
[ACTUALIZAR PAGOS · AUTO]     • Pagos rechazados juzgado: 2379
[ACTUALIZAR PAGOS · AUTO]   SALIDA:
[ACTUALIZAR PAGOS · AUTO]     • Pagos desactualizados procesados: 8
[ACTUALIZAR PAGOS · AUTO]     • Archivo final: backend/descargas/pagos/2026-07-22/PAGOS 20260722 084533.txt
[ACTUALIZAR PAGOS · AUTO]     • Ordenados por fecha: SÍ ✓
[ACTUALIZAR PAGOS · AUTO]     • Todos con ACTA_NUMERO: SÍ ✓
[ACTUALIZAR PAGOS · AUTO]     • Todos con CAUSA_NUMERO: SÍ ✓
[ACTUALIZAR PAGOS · AUTO] ✅ TXT de pagos (ya cruzado con actas y causas) generado en: backend/descargas/pagos/2026-07-22/PAGOS 20260722 084533.txt
[ACTUALIZAR PAGOS · AUTO] 🧹 TXT de pagos crudo eliminado (ya usado en el cruce): backend/descargas/pagos/2026-07-22/PAGOS DESCARGADOS.txt
[ACTUALIZAR PAGOS · AUTO] 🧹 Excel MULTAS_SIGEMI_CRUCE eliminado (ya usado en el cruce): backend/descargas/cache_actas_cruce/MULTAS_SIGEMI_CRUCE.xlsx
[ACTUALIZAR PAGOS · AUTO] 🧹 Excel MULTAS_JUZGADO_CRUCE eliminado (ya usado en el cruce): backend/descargas/cache_actas_cruce/MULTAS_JUZGADO_CRUCE.xlsx
[ACTUALIZAR PAGOS · AUTO] ✅ CompararActasPaso finalizado. (⏱ 49.9s)
[ACTUALIZAR PAGOS · AUTO] ✓ [CompararActasPaso] Completado.
[ACTUALIZAR PAGOS · AUTO] ▶ [CargarPagosPaso] Iniciando...
[ACTUALIZAR PAGOS · AUTO] ==================================================
[ACTUALIZAR PAGOS · AUTO] 🚀 PASO: CargarPagosPaso
[ACTUALIZAR PAGOS · AUTO] ==================================================
[ACTUALIZAR PAGOS · AUTO] 📤 Subiendo TXT de pagos al SEMyT...
[ACTUALIZAR PAGOS · AUTO] ✅ Importación de pagos completada con éxito.
[ACTUALIZAR PAGOS · AUTO] ✅ Archivo TXT de pagos cargado en el SEMyT correctamente.
[ACTUALIZAR PAGOS · AUTO] ✅ CargarPagosPaso finalizado. (⏱ 2.6s)
[ACTUALIZAR PAGOS · AUTO] ✓ [CargarPagosPaso] Completado.
[ACTUALIZAR PAGOS · AUTO] === Ejecución finalizada con éxito ===
🤖 [Automático] Es hora de actualizar pagos. Arrancando...
[ACTUALIZAR PAGOS · AUTO] === Inicio de ejecución: pagos ===
[ACTUALIZAR PAGOS · AUTO] ▶ [LoginSemytPaso] Iniciando...
[ACTUALIZAR PAGOS · AUTO] ==================================================
[ACTUALIZAR PAGOS · AUTO] 🚀 PASO: LoginSemytPaso
[ACTUALIZAR PAGOS · AUTO] ==================================================
[ACTUALIZAR PAGOS · AUTO] Abriendo SEMyT...
⏳ [Automático] Tocaba disparar 'pagos' pero ya hay una ejecución en curso (Actualizar pagos); esperando a que termine; se reintenta en breve sin perder el turno.
[ACTUALIZAR PAGOS · AUTO] ✅ [SEMyT] Sesión existente detectada. Login omitido.
[ACTUALIZAR PAGOS · AUTO] ✅ LoginSemytPaso finalizado. (⏱ 24.9s)
[ACTUALIZAR PAGOS · AUTO] ✓ [LoginSemytPaso] Completado.
[ACTUALIZAR PAGOS · AUTO] ▶ [LoginJuzgadoPaso] Iniciando...
[ACTUALIZAR PAGOS · AUTO] ==================================================
[ACTUALIZAR PAGOS · AUTO] 🚀 PASO: LoginJuzgadoPaso
[ACTUALIZAR PAGOS · AUTO] ==================================================
[ACTUALIZAR PAGOS · AUTO] Abriendo sitio municipalidad (CiDi)...
[ACTUALIZAR PAGOS · AUTO] ✅ [Juzgado] Sesión existente detectada. Login omitido.
[ACTUALIZAR PAGOS · AUTO] ✅ LoginJuzgadoPaso finalizado. (⏱ 2.5s)
[ACTUALIZAR PAGOS · AUTO] ✓ [LoginJuzgadoPaso] Completado.
[ACTUALIZAR PAGOS · AUTO] ▶ [DescargasParalelasPaso] Iniciando...
[ACTUALIZAR PAGOS · AUTO] ==================================================
[ACTUALIZAR PAGOS · AUTO] 🚀 PASO: DescargasParalelasPaso
[ACTUALIZAR PAGOS · AUTO] ==================================================
[ACTUALIZAR PAGOS · AUTO] 📤 Arrancando las 3 descargas en paralelo (mismo browser, páginas separadas)...
[ACTUALIZAR PAGOS · AUTO] Fecha Desde: 27/06/2024
[ACTUALIZAR PAGOS · AUTO] Fecha Hasta: 24/11/2025
[ACTUALIZAR PAGOS · AUTO] Fecha Desde: 25/11/2025
[ACTUALIZAR PAGOS · AUTO] Fecha Hasta: 22/07/2026
[ACTUALIZAR PAGOS · AUTO] Descargando Excel...
[ACTUALIZAR PAGOS · AUTO] Descargando Excel...
[ACTUALIZAR PAGOS · AUTO] ✅ TXT de pagos descargado en: backend/descargas/pagos/2026-07-22/PAGOS DESCARGADOS.txt
[ACTUALIZAR PAGOS · AUTO] ⏱ [pagos_txt] completado en 35.4s
[ACTUALIZAR PAGOS · AUTO] Archivo descargado en: backend/descargas/cache_actas_cruce/MULTAS_JUZGADO_CRUCE.xlsx
[ACTUALIZAR PAGOS · AUTO] ⏱ [actas_juzgado] completado en 54.5s
[ACTUALIZAR PAGOS · AUTO] Archivo descargado en: backend/descargas/cache_actas_cruce/MULTAS_SIGEMI_CRUCE.xlsx
[ACTUALIZAR PAGOS · AUTO] ⏱ [actas_sigemi] completado en 76.1s
[ACTUALIZAR PAGOS · AUTO] ⏱ TOTAL descargas en paralelo: 76.1s
[ACTUALIZAR PAGOS · AUTO] ✅ DescargasParalelasPaso finalizado. (⏱ 77.5s)
[ACTUALIZAR PAGOS · AUTO] ✓ [DescargasParalelasPaso] Completado.
[ACTUALIZAR PAGOS · AUTO] ▶ [CompararActasPaso] Iniciando...
[ACTUALIZAR PAGOS · AUTO] ==================================================
[ACTUALIZAR PAGOS · AUTO] 🚀 PASO: CompararActasPaso
[ACTUALIZAR PAGOS · AUTO] ==================================================
[ACTUALIZAR PAGOS · AUTO] 🔍 Comparando actas del SEMyT contra pagos del Juzgado...
[ACTUALIZAR PAGOS · AUTO] ================================================================================
[ACTUALIZAR PAGOS · AUTO] INICIANDO PROCESO DE GENERACIÓN DE PAGOS DESACTUALIZADOS
[ACTUALIZAR PAGOS · AUTO] ================================================================================
[ACTUALIZAR PAGOS · AUTO] 📂 Cargando archivos...
[ACTUALIZAR PAGOS · AUTO]   ✓ Pagos: 16044 registros
[ACTUALIZAR PAGOS · AUTO]   ✓ Excel SIGEMI (multas vencidas viejas): 103925 registros
[ACTUALIZAR PAGOS · AUTO]   ✓ Excel Juzgado (multas vencidas nuevas): 40148 registros
[ACTUALIZAR PAGOS · AUTO] ================================================================================
[ACTUALIZAR PAGOS · AUTO] PASO 1: LLENANDO ACTA_NUMERO (búsqueda por patente + fecha, con desempate por hora)
[ACTUALIZAR PAGOS · AUTO] ================================================================================
[ACTUALIZAR PAGOS · AUTO] 📊 ESTADÍSTICAS DE LLENADO DE ACTAS:
[ACTUALIZAR PAGOS · AUTO]   • Pagos con acta ORIGINAL: 2390
[ACTUALIZAR PAGOS · AUTO]   • Pagos SIN acta (buscados): 13654
[ACTUALIZAR PAGOS · AUTO]   • Pagos LLENADOS exitosamente: 4
[ACTUALIZAR PAGOS · AUTO]   • Pagos NO encontrados en multas: 13650
[ACTUALIZAR PAGOS · AUTO]   • Pagos SIN RESOLVER por desbalance de cantidades: 0
[ACTUALIZAR PAGOS · AUTO] ================================================================================
[ACTUALIZAR PAGOS · AUTO] PASO 1: LLENANDO ACTA_NUMERO (búsqueda por patente + fecha, con desempate por hora)
[ACTUALIZAR PAGOS · AUTO] ================================================================================
[ACTUALIZAR PAGOS · AUTO] 📊 ESTADÍSTICAS DE LLENADO DE ACTAS:
[ACTUALIZAR PAGOS · AUTO]   • Pagos con acta ORIGINAL: 2394
[ACTUALIZAR PAGOS · AUTO]   • Pagos SIN acta (buscados): 13650
[ACTUALIZAR PAGOS · AUTO]   • Pagos LLENADOS exitosamente: 0
[ACTUALIZAR PAGOS · AUTO]   • Pagos NO encontrados en multas: 13650
[ACTUALIZAR PAGOS · AUTO]   • Pagos SIN RESOLVER por desbalance de cantidades: 0
[ACTUALIZAR PAGOS · AUTO] ⏱ PASO 1 (llenar actas): 18.4s
[ACTUALIZAR PAGOS · AUTO] ================================================================================
[ACTUALIZAR PAGOS · AUTO] PASO 2: FILTRANDO PAGOS CON ACTA_NUMERO COMPLETO
[ACTUALIZAR PAGOS · AUTO] ================================================================================
[ACTUALIZAR PAGOS · AUTO] 📊 ESTADÍSTICAS DE FILTRADO:
[ACTUALIZAR PAGOS · AUTO]   • Pagos TOTALES al inicio: 16044
[ACTUALIZAR PAGOS · AUTO]   • Pagos CON acta (MANTIENEN): 2394
[ACTUALIZAR PAGOS · AUTO]   • Pagos RECHAZADOS (sin coincidencias): 13650
[ACTUALIZAR PAGOS · AUTO] ⚠️  Se eliminaron 13650 registros sin número de acta
[ACTUALIZAR PAGOS · AUTO]      (recordá: esto incluye tanto pagos ya actualizados/pagados
[ACTUALIZAR PAGOS · AUTO]       como pagos que quedaron sin resolver por desbalance en el Paso 1)
[ACTUALIZAR PAGOS · AUTO] ================================================================================
[ACTUALIZAR PAGOS · AUTO] PASO 2-bis: CONFIRMANDO VIGENCIA DE PAGOS DEL SISTEMA NUEVO (contra MULTAS_JUZGADO_CRUCE)
[ACTUALIZAR PAGOS · AUTO] ================================================================================
[ACTUALIZAR PAGOS · AUTO]   ⚠ 2386 pago(s) del sistema nuevo descartados: su acta ya no figura como vencida en MULTAS_JUZGADO_CRUCE (SEMyT ya los actualizó).
[ACTUALIZAR PAGOS · AUTO]   • Pagos del sistema nuevo descartados por ya estar actualizados: 2386
[ACTUALIZAR PAGOS · AUTO] ⏱ PASO 2 (filtrar): 1.1s
[ACTUALIZAR PAGOS · AUTO] 📂 Cargando maestro de causas SIGEMI...
[ACTUALIZAR PAGOS · AUTO]   ✓ Causas totales (maestro): 134069 registros
[ACTUALIZAR PAGOS · AUTO] ⏱ PASO 2.5 (causas simplificado): 0.2s
[ACTUALIZAR PAGOS · AUTO] ================================================================================
[ACTUALIZAR PAGOS · AUTO] PASO 2.5: ARMANDO causas.txt SIMPLIFICADO (cruce contra total_causas_sigemi.txt)
[ACTUALIZAR PAGOS · AUTO] ================================================================================
[ACTUALIZAR PAGOS · AUTO]   • Actas vencidas viejas (multas): 103925
[ACTUALIZAR PAGOS · AUTO]   • Causas totales en el maestro SIGEMI: 134069
[ACTUALIZAR PAGOS · AUTO]   • Causas que coinciden (simplificado): 103595
[ACTUALIZAR PAGOS · AUTO]   ✅ Archivo escrito: backend/descargas/causas/causas.txt
[ACTUALIZAR PAGOS · AUTO] ⏱ PASO 2.5 (causas simplificado): 2.7s
[ACTUALIZAR PAGOS · AUTO] ================================================================================
[ACTUALIZAR PAGOS · AUTO] PASO 3: LLENANDO CAUSA_NUMERO (según fecha de cambio de sistema, cruzando por acta + año)
[ACTUALIZAR PAGOS · AUTO] ================================================================================
[ACTUALIZAR PAGOS · AUTO] 📊 ESTADÍSTICAS DE LLENADO DE CAUSAS:
[ACTUALIZAR PAGOS · AUTO]   • Pagos con causa ORIGINAL: 4
[ACTUALIZAR PAGOS · AUTO]   • Causas encontradas en SIGEMI (actas viejas): 4
[ACTUALIZAR PAGOS · AUTO]   • Causas NO encontradas en SIGEMI: 0
[ACTUALIZAR PAGOS · AUTO]   • Causas asignadas automáticamente (actas nuevas): 0
[ACTUALIZAR PAGOS · AUTO] ⏱ PASO 3 (llenar causas): 0.0s
[ACTUALIZAR PAGOS · AUTO] ================================================================================
[ACTUALIZAR PAGOS · AUTO] PASO 4: ORDENANDO POR FECHA Y ACTA_NUMERO
[ACTUALIZAR PAGOS · AUTO] ================================================================================
[ACTUALIZAR PAGOS · AUTO] ✓ Pagos ordenados correctamente
[ACTUALIZAR PAGOS · AUTO]   • Primera entrada: Acta=154883, Fecha=24/05/2025
[ACTUALIZAR PAGOS · AUTO]   • Última entrada: Acta=301519, Fecha=24/04/2026
[ACTUALIZAR PAGOS · AUTO] 📝 Escribiendo archivo de salida...
[ACTUALIZAR PAGOS · AUTO]   ✅ Archivo escrito: backend/descargas/pagos/2026-07-22/PAGOS 20260722 085819.txt
[ACTUALIZAR PAGOS · AUTO]   ✅ Total registros: 1007
[ACTUALIZAR PAGOS · AUTO] ⏱ PASO 4 (ordenar y escribir): 0.0s
[ACTUALIZAR PAGOS · AUTO] ================================================================================
[ACTUALIZAR PAGOS · AUTO] ✅ PROCESO COMPLETADO EXITOSAMENTE
[ACTUALIZAR PAGOS · AUTO] ================================================================================
[ACTUALIZAR PAGOS · AUTO] 📊 RESUMEN FINAL DEL PROCESAMIENTO:
[ACTUALIZAR PAGOS · AUTO]   ENTRADA:
[ACTUALIZAR PAGOS · AUTO]     • Pagos originales: 16044
[ACTUALIZAR PAGOS · AUTO]     • Multas SIGEMI cargadas: 103925
[ACTUALIZAR PAGOS · AUTO]     • Multas Juzgado cargadas: 40148
[ACTUALIZAR PAGOS · AUTO]     • Causas simplificadas (usadas para el cruce): 103595
[ACTUALIZAR PAGOS · AUTO]   PROCESO:
[ACTUALIZAR PAGOS · AUTO]     • Pagos rechazados sigemi: 13650
[ACTUALIZAR PAGOS · AUTO]     • Pagos rechazados juzgado: 2386
[ACTUALIZAR PAGOS · AUTO]   SALIDA:
[ACTUALIZAR PAGOS · AUTO]     • Pagos desactualizados procesados: 8
[ACTUALIZAR PAGOS · AUTO]     • Archivo final: backend/descargas/pagos/2026-07-22/PAGOS 20260722 085819.txt
[ACTUALIZAR PAGOS · AUTO]     • Ordenados por fecha: SÍ ✓
[ACTUALIZAR PAGOS · AUTO]     • Todos con ACTA_NUMERO: SÍ ✓
[ACTUALIZAR PAGOS · AUTO]     • Todos con CAUSA_NUMERO: SÍ ✓
[ACTUALIZAR PAGOS · AUTO] ✅ TXT de pagos (ya cruzado con actas y causas) generado en: backend/descargas/pagos/2026-07-22/PAGOS 20260722 085819.txt
[ACTUALIZAR PAGOS · AUTO] 🧹 TXT de pagos crudo eliminado (ya usado en el cruce): backend/descargas/pagos/2026-07-22/PAGOS DESCARGADOS.txt
[ACTUALIZAR PAGOS · AUTO] 🧹 Excel MULTAS_SIGEMI_CRUCE eliminado (ya usado en el cruce): backend/descargas/cache_actas_cruce/MULTAS_SIGEMI_CRUCE.xlsx
[ACTUALIZAR PAGOS · AUTO] 🧹 Excel MULTAS_JUZGADO_CRUCE eliminado (ya usado en el cruce): backend/descargas/cache_actas_cruce/MULTAS_JUZGADO_CRUCE.xlsx
[ACTUALIZAR PAGOS · AUTO] ✅ CompararActasPaso finalizado. (⏱ 51.6s)
[ACTUALIZAR PAGOS · AUTO] ✓ [CompararActasPaso] Completado.
[ACTUALIZAR PAGOS · AUTO] ▶ [CargarPagosPaso] Iniciando...
[ACTUALIZAR PAGOS · AUTO] ==================================================
[ACTUALIZAR PAGOS · AUTO] 🚀 PASO: CargarPagosPaso
[ACTUALIZAR PAGOS · AUTO] ==================================================
[ACTUALIZAR PAGOS · AUTO] 📤 Subiendo TXT de pagos al SEMyT...
[ACTUALIZAR PAGOS · AUTO] ✅ Importación de pagos completada con éxito.
[ACTUALIZAR PAGOS · AUTO] ✅ Archivo TXT de pagos cargado en el SEMyT correctamente.
[ACTUALIZAR PAGOS · AUTO] ✅ CargarPagosPaso finalizado. (⏱ 3.4s)
[ACTUALIZAR PAGOS · AUTO] ✓ [CargarPagosPaso] Completado.
[ACTUALIZAR PAGOS · AUTO] === Ejecución finalizada con éxito ===
🤖 [Automático] Es hora de actualizar pagos. Arrancando...
[ACTUALIZAR PAGOS · AUTO] === Inicio de ejecución: pagos ===
[ACTUALIZAR PAGOS · AUTO] ▶ [LoginSemytPaso] Iniciando...
[ACTUALIZAR PAGOS · AUTO] ==================================================
[ACTUALIZAR PAGOS · AUTO] 🚀 PASO: LoginSemytPaso
[ACTUALIZAR PAGOS · AUTO] ==================================================
[ACTUALIZAR PAGOS · AUTO] Abriendo SEMyT...
⏳ [Automático] Tocaba disparar 'pagos' pero ya hay una ejecución en curso (Actualizar pagos); esperando a que termine; se reintenta en breve sin perder el turno.
[ACTUALIZAR PAGOS · AUTO] ✅ [SEMyT] Sesión existente detectada. Login omitido.
[ACTUALIZAR PAGOS · AUTO] ✅ LoginSemytPaso finalizado. (⏱ 13.8s)
[ACTUALIZAR PAGOS · AUTO] ✓ [LoginSemytPaso] Completado.
[ACTUALIZAR PAGOS · AUTO] ▶ [LoginJuzgadoPaso] Iniciando...
[ACTUALIZAR PAGOS · AUTO] ==================================================
[ACTUALIZAR PAGOS · AUTO] 🚀 PASO: LoginJuzgadoPaso
[ACTUALIZAR PAGOS · AUTO] ==================================================
[ACTUALIZAR PAGOS · AUTO] Abriendo sitio municipalidad (CiDi)...
[ACTUALIZAR PAGOS · AUTO] ✅ [Juzgado] Sesión existente detectada. Login omitido.
[ACTUALIZAR PAGOS · AUTO] ✅ LoginJuzgadoPaso finalizado. (⏱ 1.2s)
[ACTUALIZAR PAGOS · AUTO] ✓ [LoginJuzgadoPaso] Completado.
[ACTUALIZAR PAGOS · AUTO] ▶ [DescargasParalelasPaso] Iniciando...
[ACTUALIZAR PAGOS · AUTO] ==================================================
[ACTUALIZAR PAGOS · AUTO] 🚀 PASO: DescargasParalelasPaso
[ACTUALIZAR PAGOS · AUTO] ==================================================
[ACTUALIZAR PAGOS · AUTO] 📤 Arrancando las 3 descargas en paralelo (mismo browser, páginas separadas)...
[ACTUALIZAR PAGOS · AUTO] Fecha Desde: 27/06/2024
[ACTUALIZAR PAGOS · AUTO] Fecha Hasta: 24/11/2025
[ACTUALIZAR PAGOS · AUTO] Fecha Desde: 25/11/2025
[ACTUALIZAR PAGOS · AUTO] Fecha Hasta: 22/07/2026
[ACTUALIZAR PAGOS · AUTO] Descargando Excel...
[ACTUALIZAR PAGOS · AUTO] Descargando Excel...
[ACTUALIZAR PAGOS · AUTO] Archivo descargado en: backend/descargas/cache_actas_cruce/MULTAS_JUZGADO_CRUCE.xlsx
[ACTUALIZAR PAGOS · AUTO] ⏱ [actas_juzgado] completado en 28.1s
[ACTUALIZAR PAGOS · AUTO] ✅ TXT de pagos descargado en: backend/descargas/pagos/2026-07-22/PAGOS DESCARGADOS.txt
[ACTUALIZAR PAGOS · AUTO] ⏱ [pagos_txt] completado en 30.0s
[ACTUALIZAR PAGOS · AUTO] Archivo descargado en: backend/descargas/cache_actas_cruce/MULTAS_SIGEMI_CRUCE.xlsx
[ACTUALIZAR PAGOS · AUTO] ⏱ [actas_sigemi] completado en 60.7s
[ACTUALIZAR PAGOS · AUTO] ⏱ TOTAL descargas en paralelo: 60.7s
[ACTUALIZAR PAGOS · AUTO] ✅ DescargasParalelasPaso finalizado. (⏱ 62.2s)
[ACTUALIZAR PAGOS · AUTO] ✓ [DescargasParalelasPaso] Completado.
[ACTUALIZAR PAGOS · AUTO] ▶ [CompararActasPaso] Iniciando...
[ACTUALIZAR PAGOS · AUTO] ==================================================
[ACTUALIZAR PAGOS · AUTO] 🚀 PASO: CompararActasPaso
[ACTUALIZAR PAGOS · AUTO] ==================================================
[ACTUALIZAR PAGOS · AUTO] 🔍 Comparando actas del SEMyT contra pagos del Juzgado...
[ACTUALIZAR PAGOS · AUTO] ================================================================================
[ACTUALIZAR PAGOS · AUTO] INICIANDO PROCESO DE GENERACIÓN DE PAGOS DESACTUALIZADOS
[ACTUALIZAR PAGOS · AUTO] ================================================================================
[ACTUALIZAR PAGOS · AUTO] 📂 Cargando archivos...
[ACTUALIZAR PAGOS · AUTO]   ✓ Pagos: 16049 registros
[ACTUALIZAR PAGOS · AUTO]   ✓ Excel SIGEMI (multas vencidas viejas): 103921 registros
[ACTUALIZAR PAGOS · AUTO]   ✓ Excel Juzgado (multas vencidas nuevas): 40144 registros
[ACTUALIZAR PAGOS · AUTO] ================================================================================
[ACTUALIZAR PAGOS · AUTO] PASO 1: LLENANDO ACTA_NUMERO (búsqueda por patente + fecha, con desempate por hora)
[ACTUALIZAR PAGOS · AUTO] ================================================================================
[ACTUALIZAR PAGOS · AUTO] 📊 ESTADÍSTICAS DE LLENADO DE ACTAS:
[ACTUALIZAR PAGOS · AUTO]   • Pagos con acta ORIGINAL: 2390
[ACTUALIZAR PAGOS · AUTO]   • Pagos SIN acta (buscados): 13659
[ACTUALIZAR PAGOS · AUTO]   • Pagos LLENADOS exitosamente: 5
[ACTUALIZAR PAGOS · AUTO]   • Pagos NO encontrados en multas: 13654
[ACTUALIZAR PAGOS · AUTO]   • Pagos SIN RESOLVER por desbalance de cantidades: 0
[ACTUALIZAR PAGOS · AUTO] ================================================================================
[ACTUALIZAR PAGOS · AUTO] PASO 1: LLENANDO ACTA_NUMERO (búsqueda por patente + fecha, con desempate por hora)
[ACTUALIZAR PAGOS · AUTO] ================================================================================
[ACTUALIZAR PAGOS · AUTO] 📊 ESTADÍSTICAS DE LLENADO DE ACTAS:
[ACTUALIZAR PAGOS · AUTO]   • Pagos con acta ORIGINAL: 2395
[ACTUALIZAR PAGOS · AUTO]   • Pagos SIN acta (buscados): 13654
[ACTUALIZAR PAGOS · AUTO]   • Pagos LLENADOS exitosamente: 0
[ACTUALIZAR PAGOS · AUTO]   • Pagos NO encontrados en multas: 13654
[ACTUALIZAR PAGOS · AUTO]   • Pagos SIN RESOLVER por desbalance de cantidades: 0
[ACTUALIZAR PAGOS · AUTO] ⏱ PASO 1 (llenar actas): 18.2s
[ACTUALIZAR PAGOS · AUTO] ================================================================================
[ACTUALIZAR PAGOS · AUTO] PASO 2: FILTRANDO PAGOS CON ACTA_NUMERO COMPLETO
[ACTUALIZAR PAGOS · AUTO] ================================================================================
[ACTUALIZAR PAGOS · AUTO] 📊 ESTADÍSTICAS DE FILTRADO:
[ACTUALIZAR PAGOS · AUTO]   • Pagos TOTALES al inicio: 16049
[ACTUALIZAR PAGOS · AUTO]   • Pagos CON acta (MANTIENEN): 2395
[ACTUALIZAR PAGOS · AUTO]   • Pagos RECHAZADOS (sin coincidencias): 13654
[ACTUALIZAR PAGOS · AUTO] ⚠️  Se eliminaron 13654 registros sin número de acta
[ACTUALIZAR PAGOS · AUTO]      (recordá: esto incluye tanto pagos ya actualizados/pagados
[ACTUALIZAR PAGOS · AUTO]       como pagos que quedaron sin resolver por desbalance en el Paso 1)
[ACTUALIZAR PAGOS · AUTO] ================================================================================
[ACTUALIZAR PAGOS · AUTO] PASO 2-bis: CONFIRMANDO VIGENCIA DE PAGOS DEL SISTEMA NUEVO (contra MULTAS_JUZGADO_CRUCE)
[ACTUALIZAR PAGOS · AUTO] ================================================================================
[ACTUALIZAR PAGOS · AUTO]   ⚠ 2390 pago(s) del sistema nuevo descartados: su acta ya no figura como vencida en MULTAS_JUZGADO_CRUCE (SEMyT ya los actualizó).
[ACTUALIZAR PAGOS · AUTO]   • Pagos del sistema nuevo descartados por ya estar actualizados: 2390
[ACTUALIZAR PAGOS · AUTO] ⏱ PASO 2 (filtrar): 1.1s
[ACTUALIZAR PAGOS · AUTO] 📂 Cargando maestro de causas SIGEMI...
[ACTUALIZAR PAGOS · AUTO]   ✓ Causas totales (maestro): 134069 registros
[ACTUALIZAR PAGOS · AUTO] ⏱ PASO 2.5 (causas simplificado): 0.2s
[ACTUALIZAR PAGOS · AUTO] ================================================================================
[ACTUALIZAR PAGOS · AUTO] PASO 2.5: ARMANDO causas.txt SIMPLIFICADO (cruce contra total_causas_sigemi.txt)
[ACTUALIZAR PAGOS · AUTO] ================================================================================
[ACTUALIZAR PAGOS · AUTO]   • Actas vencidas viejas (multas): 103921
[ACTUALIZAR PAGOS · AUTO]   • Causas totales en el maestro SIGEMI: 134069
[ACTUALIZAR PAGOS · AUTO]   • Causas que coinciden (simplificado): 103591
[ACTUALIZAR PAGOS · AUTO]   ✅ Archivo escrito: backend/descargas/causas/causas.txt
[ACTUALIZAR PAGOS · AUTO] ⏱ PASO 2.5 (causas simplificado): 3.0s
[ACTUALIZAR PAGOS · AUTO] ================================================================================
[ACTUALIZAR PAGOS · AUTO] PASO 3: LLENANDO CAUSA_NUMERO (según fecha de cambio de sistema, cruzando por acta + año)
[ACTUALIZAR PAGOS · AUTO] ================================================================================
[ACTUALIZAR PAGOS · AUTO] 📊 ESTADÍSTICAS DE LLENADO DE CAUSAS:
[ACTUALIZAR PAGOS · AUTO]   • Pagos con causa ORIGINAL: 0
[ACTUALIZAR PAGOS · AUTO]   • Causas encontradas en SIGEMI (actas viejas): 5
[ACTUALIZAR PAGOS · AUTO]   • Causas NO encontradas en SIGEMI: 0
[ACTUALIZAR PAGOS · AUTO]   • Causas asignadas automáticamente (actas nuevas): 0
[ACTUALIZAR PAGOS · AUTO] ⏱ PASO 3 (llenar causas): 0.0s
[ACTUALIZAR PAGOS · AUTO] ================================================================================
[ACTUALIZAR PAGOS · AUTO] PASO 4: ORDENANDO POR FECHA Y ACTA_NUMERO
[ACTUALIZAR PAGOS · AUTO] ================================================================================
[ACTUALIZAR PAGOS · AUTO] ✓ Pagos ordenados correctamente
[ACTUALIZAR PAGOS · AUTO]   • Primera entrada: Acta=46993, Fecha=16/09/2024
[ACTUALIZAR PAGOS · AUTO]   • Última entrada: Acta=197454, Fecha=01/09/2025
[ACTUALIZAR PAGOS · AUTO] 📝 Escribiendo archivo de salida...
[ACTUALIZAR PAGOS · AUTO]   ✅ Archivo escrito: backend/descargas/pagos/2026-07-22/PAGOS 20260722 091042.txt
[ACTUALIZAR PAGOS · AUTO]   ✅ Total registros: 683
[ACTUALIZAR PAGOS · AUTO] ⏱ PASO 4 (ordenar y escribir): 0.0s
[ACTUALIZAR PAGOS · AUTO] ================================================================================
[ACTUALIZAR PAGOS · AUTO] ✅ PROCESO COMPLETADO EXITOSAMENTE
[ACTUALIZAR PAGOS · AUTO] ================================================================================
[ACTUALIZAR PAGOS · AUTO] 📊 RESUMEN FINAL DEL PROCESAMIENTO:
[ACTUALIZAR PAGOS · AUTO]   ENTRADA:
[ACTUALIZAR PAGOS · AUTO]     • Pagos originales: 16049
[ACTUALIZAR PAGOS · AUTO]     • Multas SIGEMI cargadas: 103921
[ACTUALIZAR PAGOS · AUTO]     • Multas Juzgado cargadas: 40144
[ACTUALIZAR PAGOS · AUTO]     • Causas simplificadas (usadas para el cruce): 103591
[ACTUALIZAR PAGOS · AUTO]   PROCESO:
[ACTUALIZAR PAGOS · AUTO]     • Pagos rechazados sigemi: 13654
[ACTUALIZAR PAGOS · AUTO]     • Pagos rechazados juzgado: 2390
[ACTUALIZAR PAGOS · AUTO]   SALIDA:
[ACTUALIZAR PAGOS · AUTO]     • Pagos desactualizados procesados: 5
[ACTUALIZAR PAGOS · AUTO]     • Archivo final: backend/descargas/pagos/2026-07-22/PAGOS 20260722 091042.txt
[ACTUALIZAR PAGOS · AUTO]     • Ordenados por fecha: SÍ ✓
[ACTUALIZAR PAGOS · AUTO]     • Todos con ACTA_NUMERO: SÍ ✓
[ACTUALIZAR PAGOS · AUTO]     • Todos con CAUSA_NUMERO: SÍ ✓
[ACTUALIZAR PAGOS · AUTO] ✅ TXT de pagos (ya cruzado con actas y causas) generado en: backend/descargas/pagos/2026-07-22/PAGOS 20260722 091042.txt
[ACTUALIZAR PAGOS · AUTO] 🧹 TXT de pagos crudo eliminado (ya usado en el cruce): backend/descargas/pagos/2026-07-22/PAGOS DESCARGADOS.txt
[ACTUALIZAR PAGOS · AUTO] 🧹 Excel MULTAS_SIGEMI_CRUCE eliminado (ya usado en el cruce): backend/descargas/cache_actas_cruce/MULTAS_SIGEMI_CRUCE.xlsx
[ACTUALIZAR PAGOS · AUTO] 🧹 Excel MULTAS_JUZGADO_CRUCE eliminado (ya usado en el cruce): backend/descargas/cache_actas_cruce/MULTAS_JUZGADO_CRUCE.xlsx
[ACTUALIZAR PAGOS · AUTO] ✅ CompararActasPaso finalizado. (⏱ 51.1s)
[ACTUALIZAR PAGOS · AUTO] ✓ [CompararActasPaso] Completado.
[ACTUALIZAR PAGOS · AUTO] ▶ [CargarPagosPaso] Iniciando...
[ACTUALIZAR PAGOS · AUTO] ==================================================
[ACTUALIZAR PAGOS · AUTO] 🚀 PASO: CargarPagosPaso
[ACTUALIZAR PAGOS · AUTO] ==================================================
[ACTUALIZAR PAGOS · AUTO] 📤 Subiendo TXT de pagos al SEMyT...
[ACTUALIZAR PAGOS · AUTO] ✅ Importación de pagos completada con éxito.
[ACTUALIZAR PAGOS · AUTO] ✅ Archivo TXT de pagos cargado en el SEMyT correctamente.
[ACTUALIZAR PAGOS · AUTO] ✅ CargarPagosPaso finalizado. (⏱ 4.1s)
[ACTUALIZAR PAGOS · AUTO] ✓ [CargarPagosPaso] Completado.
[ACTUALIZAR PAGOS · AUTO] === Ejecución finalizada con éxito ===
🤖 [Automático] Es hora de actualizar pagos. Arrancando...
[ACTUALIZAR PAGOS · AUTO] === Inicio de ejecución: pagos ===
[ACTUALIZAR PAGOS · AUTO] ▶ [LoginSemytPaso] Iniciando...
[ACTUALIZAR PAGOS · AUTO] ==================================================
[ACTUALIZAR PAGOS · AUTO] 🚀 PASO: LoginSemytPaso
[ACTUALIZAR PAGOS · AUTO] ==================================================
[ACTUALIZAR PAGOS · AUTO] Abriendo SEMyT...
⏳ [Automático] Tocaba disparar 'pagos' pero ya hay una ejecución en curso (Actualizar pagos); esperando a que termine; se reintenta en breve sin perder el turno.
[ACTUALIZAR PAGOS · AUTO] ✅ [SEMyT] Sesión existente detectada. Login omitido.
[ACTUALIZAR PAGOS · AUTO] ✅ LoginSemytPaso finalizado. (⏱ 28.5s)
[ACTUALIZAR PAGOS · AUTO] ✓ [LoginSemytPaso] Completado.
[ACTUALIZAR PAGOS · AUTO] ▶ [LoginJuzgadoPaso] Iniciando...
[ACTUALIZAR PAGOS · AUTO] ==================================================
[ACTUALIZAR PAGOS · AUTO] 🚀 PASO: LoginJuzgadoPaso
[ACTUALIZAR PAGOS · AUTO] ==================================================
[ACTUALIZAR PAGOS · AUTO] Abriendo sitio municipalidad (CiDi)...
[ACTUALIZAR PAGOS · AUTO] ✅ [Juzgado] Sesión existente detectada. Login omitido.
[ACTUALIZAR PAGOS · AUTO] ✅ LoginJuzgadoPaso finalizado. (⏱ 1.3s)
[ACTUALIZAR PAGOS · AUTO] ✓ [LoginJuzgadoPaso] Completado.
[ACTUALIZAR PAGOS · AUTO] ▶ [DescargasParalelasPaso] Iniciando...
[ACTUALIZAR PAGOS · AUTO] ==================================================
[ACTUALIZAR PAGOS · AUTO] 🚀 PASO: DescargasParalelasPaso
[ACTUALIZAR PAGOS · AUTO] ==================================================
[ACTUALIZAR PAGOS · AUTO] 📤 Arrancando las 3 descargas en paralelo (mismo browser, páginas separadas)...
[ACTUALIZAR PAGOS · AUTO] Fecha Desde: 27/06/2024
[ACTUALIZAR PAGOS · AUTO] Fecha Hasta: 24/11/2025
[ACTUALIZAR PAGOS · AUTO] Fecha Desde: 25/11/2025
[ACTUALIZAR PAGOS · AUTO] Fecha Hasta: 22/07/2026
[ACTUALIZAR PAGOS · AUTO] Descargando Excel...
[ACTUALIZAR PAGOS · AUTO] Descargando Excel...
[ACTUALIZAR PAGOS · AUTO] Archivo descargado en: backend/descargas/cache_actas_cruce/MULTAS_JUZGADO_CRUCE.xlsx
[ACTUALIZAR PAGOS · AUTO] ⏱ [actas_juzgado] completado en 30.3s
[ACTUALIZAR PAGOS · AUTO] ✅ TXT de pagos descargado en: backend/descargas/pagos/2026-07-22/PAGOS DESCARGADOS.txt
[ACTUALIZAR PAGOS · AUTO] ⏱ [pagos_txt] completado en 30.4s
[ACTUALIZAR PAGOS · AUTO] Archivo descargado en: backend/descargas/cache_actas_cruce/MULTAS_SIGEMI_CRUCE.xlsx
[ACTUALIZAR PAGOS · AUTO] ⏱ [actas_sigemi] completado en 66.3s
[ACTUALIZAR PAGOS · AUTO] ⏱ TOTAL descargas en paralelo: 66.4s
[ACTUALIZAR PAGOS · AUTO] ✅ DescargasParalelasPaso finalizado. (⏱ 67.8s)
[ACTUALIZAR PAGOS · AUTO] ✓ [DescargasParalelasPaso] Completado.
[ACTUALIZAR PAGOS · AUTO] ▶ [CompararActasPaso] Iniciando...
[ACTUALIZAR PAGOS · AUTO] ==================================================
[ACTUALIZAR PAGOS · AUTO] 🚀 PASO: CompararActasPaso
[ACTUALIZAR PAGOS · AUTO] ==================================================
[ACTUALIZAR PAGOS · AUTO] 🔍 Comparando actas del SEMyT contra pagos del Juzgado...
[ACTUALIZAR PAGOS · AUTO] ================================================================================
[ACTUALIZAR PAGOS · AUTO] INICIANDO PROCESO DE GENERACIÓN DE PAGOS DESACTUALIZADOS
[ACTUALIZAR PAGOS · AUTO] ================================================================================
[ACTUALIZAR PAGOS · AUTO] 📂 Cargando archivos...
[ACTUALIZAR PAGOS · AUTO]   ✓ Pagos: 16055 registros
[ACTUALIZAR PAGOS · AUTO]   ✓ Excel SIGEMI (multas vencidas viejas): 103916 registros
[ACTUALIZAR PAGOS · AUTO]   ✓ Excel Juzgado (multas vencidas nuevas): 40144 registros
[ACTUALIZAR PAGOS · AUTO] ================================================================================
[ACTUALIZAR PAGOS · AUTO] PASO 1: LLENANDO ACTA_NUMERO (búsqueda por patente + fecha, con desempate por hora)
[ACTUALIZAR PAGOS · AUTO] ================================================================================
[ACTUALIZAR PAGOS · AUTO] 📊 ESTADÍSTICAS DE LLENADO DE ACTAS:
[ACTUALIZAR PAGOS · AUTO]   • Pagos con acta ORIGINAL: 2395
[ACTUALIZAR PAGOS · AUTO]   • Pagos SIN acta (buscados): 13660
[ACTUALIZAR PAGOS · AUTO]   • Pagos LLENADOS exitosamente: 1
[ACTUALIZAR PAGOS · AUTO]   • Pagos NO encontrados en multas: 13659
[ACTUALIZAR PAGOS · AUTO]   • Pagos SIN RESOLVER por desbalance de cantidades: 0
[ACTUALIZAR PAGOS · AUTO] ================================================================================
[ACTUALIZAR PAGOS · AUTO] PASO 1: LLENANDO ACTA_NUMERO (búsqueda por patente + fecha, con desempate por hora)
[ACTUALIZAR PAGOS · AUTO] ================================================================================
[ACTUALIZAR PAGOS · AUTO] 📊 ESTADÍSTICAS DE LLENADO DE ACTAS:
[ACTUALIZAR PAGOS · AUTO]   • Pagos con acta ORIGINAL: 2396
[ACTUALIZAR PAGOS · AUTO]   • Pagos SIN acta (buscados): 13659
[ACTUALIZAR PAGOS · AUTO]   • Pagos LLENADOS exitosamente: 0
[ACTUALIZAR PAGOS · AUTO]   • Pagos NO encontrados en multas: 13659
[ACTUALIZAR PAGOS · AUTO]   • Pagos SIN RESOLVER por desbalance de cantidades: 0
[ACTUALIZAR PAGOS · AUTO] ⏱ PASO 1 (llenar actas): 18.4s
[ACTUALIZAR PAGOS · AUTO] ================================================================================
[ACTUALIZAR PAGOS · AUTO] PASO 2: FILTRANDO PAGOS CON ACTA_NUMERO COMPLETO
[ACTUALIZAR PAGOS · AUTO] ================================================================================
[ACTUALIZAR PAGOS · AUTO] 📊 ESTADÍSTICAS DE FILTRADO:
[ACTUALIZAR PAGOS · AUTO]   • Pagos TOTALES al inicio: 16055
[ACTUALIZAR PAGOS · AUTO]   • Pagos CON acta (MANTIENEN): 2396
[ACTUALIZAR PAGOS · AUTO]   • Pagos RECHAZADOS (sin coincidencias): 13659
[ACTUALIZAR PAGOS · AUTO] ⚠️  Se eliminaron 13659 registros sin número de acta
[ACTUALIZAR PAGOS · AUTO]      (recordá: esto incluye tanto pagos ya actualizados/pagados
[ACTUALIZAR PAGOS · AUTO]       como pagos que quedaron sin resolver por desbalance en el Paso 1)
[ACTUALIZAR PAGOS · AUTO] ================================================================================
[ACTUALIZAR PAGOS · AUTO] PASO 2-bis: CONFIRMANDO VIGENCIA DE PAGOS DEL SISTEMA NUEVO (contra MULTAS_JUZGADO_CRUCE)
[ACTUALIZAR PAGOS · AUTO] ================================================================================
[ACTUALIZAR PAGOS · AUTO]   ⚠ 2390 pago(s) del sistema nuevo descartados: su acta ya no figura como vencida en MULTAS_JUZGADO_CRUCE (SEMyT ya los actualizó).
[ACTUALIZAR PAGOS · AUTO]   • Pagos del sistema nuevo descartados por ya estar actualizados: 2390
[ACTUALIZAR PAGOS · AUTO] ⏱ PASO 2 (filtrar): 1.1s
[ACTUALIZAR PAGOS · AUTO] 📂 Cargando maestro de causas SIGEMI...
[ACTUALIZAR PAGOS · AUTO]   ✓ Causas totales (maestro): 134069 registros
[ACTUALIZAR PAGOS · AUTO] ⏱ PASO 2.5 (causas simplificado): 0.2s
[ACTUALIZAR PAGOS · AUTO] ================================================================================
[ACTUALIZAR PAGOS · AUTO] PASO 2.5: ARMANDO causas.txt SIMPLIFICADO (cruce contra total_causas_sigemi.txt)
[ACTUALIZAR PAGOS · AUTO] ================================================================================
[ACTUALIZAR PAGOS · AUTO]   • Actas vencidas viejas (multas): 103916
[ACTUALIZAR PAGOS · AUTO]   • Causas totales en el maestro SIGEMI: 134069
[ACTUALIZAR PAGOS · AUTO]   • Causas que coinciden (simplificado): 103586
[ACTUALIZAR PAGOS · AUTO]   ✅ Archivo escrito: backend/descargas/causas/causas.txt
[ACTUALIZAR PAGOS · AUTO] ⏱ PASO 2.5 (causas simplificado): 3.0s
[ACTUALIZAR PAGOS · AUTO] ================================================================================
[ACTUALIZAR PAGOS · AUTO] PASO 3: LLENANDO CAUSA_NUMERO (según fecha de cambio de sistema, cruzando por acta + año)
[ACTUALIZAR PAGOS · AUTO] ================================================================================
[ACTUALIZAR PAGOS · AUTO] 📊 ESTADÍSTICAS DE LLENADO DE CAUSAS:
[ACTUALIZAR PAGOS · AUTO]   • Pagos con causa ORIGINAL: 5
[ACTUALIZAR PAGOS · AUTO]   • Causas encontradas en SIGEMI (actas viejas): 1
[ACTUALIZAR PAGOS · AUTO]   • Causas NO encontradas en SIGEMI: 0
[ACTUALIZAR PAGOS · AUTO]   • Causas asignadas automáticamente (actas nuevas): 0
[ACTUALIZAR PAGOS · AUTO] ⏱ PASO 3 (llenar causas): 0.0s
[ACTUALIZAR PAGOS · AUTO] ================================================================================
[ACTUALIZAR PAGOS · AUTO] PASO 4: ORDENANDO POR FECHA Y ACTA_NUMERO
[ACTUALIZAR PAGOS · AUTO] ================================================================================
[ACTUALIZAR PAGOS · AUTO] ✓ Pagos ordenados correctamente
[ACTUALIZAR PAGOS · AUTO]   • Primera entrada: Acta=231029, Fecha=07/11/2025
[ACTUALIZAR PAGOS · AUTO]   • Última entrada: Acta=261039, Fecha=02/02/2026
[ACTUALIZAR PAGOS · AUTO] 📝 Escribiendo archivo de salida...
[ACTUALIZAR PAGOS · AUTO]   ✅ Archivo escrito: backend/descargas/pagos/2026-07-22/PAGOS 20260722 092326.txt
[ACTUALIZAR PAGOS · AUTO]   ✅ Total registros: 797
[ACTUALIZAR PAGOS · AUTO] ⏱ PASO 4 (ordenar y escribir): 0.0s
[ACTUALIZAR PAGOS · AUTO] ================================================================================
[ACTUALIZAR PAGOS · AUTO] ✅ PROCESO COMPLETADO EXITOSAMENTE
[ACTUALIZAR PAGOS · AUTO] ================================================================================
[ACTUALIZAR PAGOS · AUTO] 📊 RESUMEN FINAL DEL PROCESAMIENTO:
[ACTUALIZAR PAGOS · AUTO]   ENTRADA:
[ACTUALIZAR PAGOS · AUTO]     • Pagos originales: 16055
[ACTUALIZAR PAGOS · AUTO]     • Multas SIGEMI cargadas: 103916
[ACTUALIZAR PAGOS · AUTO]     • Multas Juzgado cargadas: 40144
[ACTUALIZAR PAGOS · AUTO]     • Causas simplificadas (usadas para el cruce): 103586
[ACTUALIZAR PAGOS · AUTO]   PROCESO:
[ACTUALIZAR PAGOS · AUTO]     • Pagos rechazados sigemi: 13659
[ACTUALIZAR PAGOS · AUTO]     • Pagos rechazados juzgado: 2390
[ACTUALIZAR PAGOS · AUTO]   SALIDA:
[ACTUALIZAR PAGOS · AUTO]     • Pagos desactualizados procesados: 6
[ACTUALIZAR PAGOS · AUTO]     • Archivo final: backend/descargas/pagos/2026-07-22/PAGOS 20260722 092326.txt
[ACTUALIZAR PAGOS · AUTO]     • Ordenados por fecha: SÍ ✓
[ACTUALIZAR PAGOS · AUTO]     • Todos con ACTA_NUMERO: SÍ ✓
[ACTUALIZAR PAGOS · AUTO]     • Todos con CAUSA_NUMERO: SÍ ✓
[ACTUALIZAR PAGOS · AUTO] ✅ TXT de pagos (ya cruzado con actas y causas) generado en: backend/descargas/pagos/2026-07-22/PAGOS 20260722 092326.txt
[ACTUALIZAR PAGOS · AUTO] 🧹 TXT de pagos crudo eliminado (ya usado en el cruce): backend/descargas/pagos/2026-07-22/PAGOS DESCARGADOS.txt
[ACTUALIZAR PAGOS · AUTO] 🧹 Excel MULTAS_SIGEMI_CRUCE eliminado (ya usado en el cruce): backend/descargas/cache_actas_cruce/MULTAS_SIGEMI_CRUCE.xlsx
[ACTUALIZAR PAGOS · AUTO] 🧹 Excel MULTAS_JUZGADO_CRUCE eliminado (ya usado en el cruce): backend/descargas/cache_actas_cruce/MULTAS_JUZGADO_CRUCE.xlsx
[ACTUALIZAR PAGOS · AUTO] ✅ CompararActasPaso finalizado. (⏱ 52.3s)
[ACTUALIZAR PAGOS · AUTO] ✓ [CompararActasPaso] Completado.
[ACTUALIZAR PAGOS · AUTO] ▶ [CargarPagosPaso] Iniciando...
[ACTUALIZAR PAGOS · AUTO] ==================================================
[ACTUALIZAR PAGOS · AUTO] 🚀 PASO: CargarPagosPaso
[ACTUALIZAR PAGOS · AUTO] ==================================================
[ACTUALIZAR PAGOS · AUTO] 📤 Subiendo TXT de pagos al SEMyT...
[ACTUALIZAR PAGOS · AUTO] ✅ Importación de pagos completada con éxito.
[ACTUALIZAR PAGOS · AUTO] ✅ Archivo TXT de pagos cargado en el SEMyT correctamente.
[ACTUALIZAR PAGOS · AUTO] ✅ CargarPagosPaso finalizado. (⏱ 3.8s)
[ACTUALIZAR PAGOS · AUTO] ✓ [CargarPagosPaso] Completado.
[ACTUALIZAR PAGOS · AUTO] === Ejecución finalizada con éxito ===
🤖 [Automático] Es hora de actualizar pagos. Arrancando...
[ACTUALIZAR PAGOS · AUTO] === Inicio de ejecución: pagos ===
[ACTUALIZAR PAGOS · AUTO] ▶ [LoginSemytPaso] Iniciando...
[ACTUALIZAR PAGOS · AUTO] ==================================================
[ACTUALIZAR PAGOS · AUTO] 🚀 PASO: LoginSemytPaso
[ACTUALIZAR PAGOS · AUTO] ==================================================
[ACTUALIZAR PAGOS · AUTO] Abriendo SEMyT...
⏳ [Automático] Tocaba disparar 'pagos' pero ya hay una ejecución en curso (Actualizar pagos); esperando a que termine; se reintenta en breve sin perder el turno.
[ACTUALIZAR PAGOS · AUTO] ✅ [SEMyT] Sesión existente detectada. Login omitido.
[ACTUALIZAR PAGOS · AUTO] ✅ LoginSemytPaso finalizado. (⏱ 16.3s)
[ACTUALIZAR PAGOS · AUTO] ✓ [LoginSemytPaso] Completado.
[ACTUALIZAR PAGOS · AUTO] ▶ [LoginJuzgadoPaso] Iniciando...
[ACTUALIZAR PAGOS · AUTO] ==================================================
[ACTUALIZAR PAGOS · AUTO] 🚀 PASO: LoginJuzgadoPaso
[ACTUALIZAR PAGOS · AUTO] ==================================================
[ACTUALIZAR PAGOS · AUTO] Abriendo sitio municipalidad (CiDi)...
[ACTUALIZAR PAGOS · AUTO] ✅ [Juzgado] Sesión existente detectada. Login omitido.
[ACTUALIZAR PAGOS · AUTO] ✅ LoginJuzgadoPaso finalizado. (⏱ 1.7s)
[ACTUALIZAR PAGOS · AUTO] ✓ [LoginJuzgadoPaso] Completado.
[ACTUALIZAR PAGOS · AUTO] ▶ [DescargasParalelasPaso] Iniciando...
[ACTUALIZAR PAGOS · AUTO] ==================================================
[ACTUALIZAR PAGOS · AUTO] 🚀 PASO: DescargasParalelasPaso
[ACTUALIZAR PAGOS · AUTO] ==================================================
[ACTUALIZAR PAGOS · AUTO] 📤 Arrancando las 3 descargas en paralelo (mismo browser, páginas separadas)...
[ACTUALIZAR PAGOS · AUTO] Fecha Desde: 27/06/2024
[ACTUALIZAR PAGOS · AUTO] Fecha Hasta: 24/11/2025
[ACTUALIZAR PAGOS · AUTO] Fecha Desde: 25/11/2025
[ACTUALIZAR PAGOS · AUTO] Fecha Hasta: 22/07/2026
[ACTUALIZAR PAGOS · AUTO] Descargando Excel...
[ACTUALIZAR PAGOS · AUTO] Descargando Excel...
[ACTUALIZAR PAGOS · AUTO] Archivo descargado en: backend/descargas/cache_actas_cruce/MULTAS_JUZGADO_CRUCE.xlsx
[ACTUALIZAR PAGOS · AUTO] ⏱ [actas_juzgado] completado en 27.3s
[ACTUALIZAR PAGOS · AUTO] ✅ TXT de pagos descargado en: backend/descargas/pagos/2026-07-22/PAGOS DESCARGADOS.txt
[ACTUALIZAR PAGOS · AUTO] ⏱ [pagos_txt] completado en 27.4s
[ACTUALIZAR PAGOS · AUTO] Archivo descargado en: backend/descargas/cache_actas_cruce/MULTAS_SIGEMI_CRUCE.xlsx
[ACTUALIZAR PAGOS · AUTO] ⏱ [actas_sigemi] completado en 68.6s
[ACTUALIZAR PAGOS · AUTO] ⏱ TOTAL descargas en paralelo: 68.6s
[ACTUALIZAR PAGOS · AUTO] ✅ DescargasParalelasPaso finalizado. (⏱ 70.0s)
[ACTUALIZAR PAGOS · AUTO] ✓ [DescargasParalelasPaso] Completado.
[ACTUALIZAR PAGOS · AUTO] ▶ [CompararActasPaso] Iniciando...
[ACTUALIZAR PAGOS · AUTO] ==================================================
[ACTUALIZAR PAGOS · AUTO] 🚀 PASO: CompararActasPaso
[ACTUALIZAR PAGOS · AUTO] ==================================================
[ACTUALIZAR PAGOS · AUTO] 🔍 Comparando actas del SEMyT contra pagos del Juzgado...
[ACTUALIZAR PAGOS · AUTO] ================================================================================
[ACTUALIZAR PAGOS · AUTO] INICIANDO PROCESO DE GENERACIÓN DE PAGOS DESACTUALIZADOS
[ACTUALIZAR PAGOS · AUTO] ================================================================================
[ACTUALIZAR PAGOS · AUTO] 📂 Cargando archivos...
[ACTUALIZAR PAGOS · AUTO]   ✓ Pagos: 16061 registros
[ACTUALIZAR PAGOS · AUTO]   ✓ Excel SIGEMI (multas vencidas viejas): 103915 registros
[ACTUALIZAR PAGOS · AUTO]   ✓ Excel Juzgado (multas vencidas nuevas): 40139 registros
[ACTUALIZAR PAGOS · AUTO] ================================================================================
[ACTUALIZAR PAGOS · AUTO] PASO 1: LLENANDO ACTA_NUMERO (búsqueda por patente + fecha, con desempate por hora)
[ACTUALIZAR PAGOS · AUTO] ================================================================================
[ACTUALIZAR PAGOS · AUTO] 📊 ESTADÍSTICAS DE LLENADO DE ACTAS:
[ACTUALIZAR PAGOS · AUTO]   • Pagos con acta ORIGINAL: 2396
[ACTUALIZAR PAGOS · AUTO]   • Pagos SIN acta (buscados): 13665
[ACTUALIZAR PAGOS · AUTO]   • Pagos LLENADOS exitosamente: 5
[ACTUALIZAR PAGOS · AUTO]   • Pagos NO encontrados en multas: 13660
[ACTUALIZAR PAGOS · AUTO]   • Pagos SIN RESOLVER por desbalance de cantidades: 0
[ACTUALIZAR PAGOS · AUTO] ================================================================================
[ACTUALIZAR PAGOS · AUTO] PASO 1: LLENANDO ACTA_NUMERO (búsqueda por patente + fecha, con desempate por hora)
[ACTUALIZAR PAGOS · AUTO] ================================================================================
[ACTUALIZAR PAGOS · AUTO] 📊 ESTADÍSTICAS DE LLENADO DE ACTAS:
[ACTUALIZAR PAGOS · AUTO]   • Pagos con acta ORIGINAL: 2401
[ACTUALIZAR PAGOS · AUTO]   • Pagos SIN acta (buscados): 13660
[ACTUALIZAR PAGOS · AUTO]   • Pagos LLENADOS exitosamente: 0
[ACTUALIZAR PAGOS · AUTO]   • Pagos NO encontrados en multas: 13660
[ACTUALIZAR PAGOS · AUTO]   • Pagos SIN RESOLVER por desbalance de cantidades: 0
[ACTUALIZAR PAGOS · AUTO] ⏱ PASO 1 (llenar actas): 16.7s
[ACTUALIZAR PAGOS · AUTO] ================================================================================
[ACTUALIZAR PAGOS · AUTO] PASO 2: FILTRANDO PAGOS CON ACTA_NUMERO COMPLETO
[ACTUALIZAR PAGOS · AUTO] ================================================================================
[ACTUALIZAR PAGOS · AUTO] 📊 ESTADÍSTICAS DE FILTRADO:
[ACTUALIZAR PAGOS · AUTO]   • Pagos TOTALES al inicio: 16061
[ACTUALIZAR PAGOS · AUTO]   • Pagos CON acta (MANTIENEN): 2401
[ACTUALIZAR PAGOS · AUTO]   • Pagos RECHAZADOS (sin coincidencias): 13660
[ACTUALIZAR PAGOS · AUTO] ⚠️  Se eliminaron 13660 registros sin número de acta
[ACTUALIZAR PAGOS · AUTO]      (recordá: esto incluye tanto pagos ya actualizados/pagados
[ACTUALIZAR PAGOS · AUTO]       como pagos que quedaron sin resolver por desbalance en el Paso 1)
[ACTUALIZAR PAGOS · AUTO] ================================================================================
[ACTUALIZAR PAGOS · AUTO] PASO 2-bis: CONFIRMANDO VIGENCIA DE PAGOS DEL SISTEMA NUEVO (contra MULTAS_JUZGADO_CRUCE)
[ACTUALIZAR PAGOS · AUTO] ================================================================================
[ACTUALIZAR PAGOS · AUTO]   ⚠ 2395 pago(s) del sistema nuevo descartados: su acta ya no figura como vencida en MULTAS_JUZGADO_CRUCE (SEMyT ya los actualizó).
[ACTUALIZAR PAGOS · AUTO]   • Pagos del sistema nuevo descartados por ya estar actualizados: 2395
[ACTUALIZAR PAGOS · AUTO] ⏱ PASO 2 (filtrar): 1.1s
[ACTUALIZAR PAGOS · AUTO] 📂 Cargando maestro de causas SIGEMI...
[ACTUALIZAR PAGOS · AUTO]   ✓ Causas totales (maestro): 134069 registros
[ACTUALIZAR PAGOS · AUTO] ⏱ PASO 2.5 (causas simplificado): 0.2s
[ACTUALIZAR PAGOS · AUTO] ================================================================================
[ACTUALIZAR PAGOS · AUTO] PASO 2.5: ARMANDO causas.txt SIMPLIFICADO (cruce contra total_causas_sigemi.txt)
[ACTUALIZAR PAGOS · AUTO] ================================================================================
[ACTUALIZAR PAGOS · AUTO]   • Actas vencidas viejas (multas): 103915
[ACTUALIZAR PAGOS · AUTO]   • Causas totales en el maestro SIGEMI: 134069
[ACTUALIZAR PAGOS · AUTO]   • Causas que coinciden (simplificado): 103585
[ACTUALIZAR PAGOS · AUTO]   ✅ Archivo escrito: backend/descargas/causas/causas.txt
[ACTUALIZAR PAGOS · AUTO] ⏱ PASO 2.5 (causas simplificado): 2.9s
[ACTUALIZAR PAGOS · AUTO] ================================================================================
[ACTUALIZAR PAGOS · AUTO] PASO 3: LLENANDO CAUSA_NUMERO (según fecha de cambio de sistema, cruzando por acta + año)
[ACTUALIZAR PAGOS · AUTO] ================================================================================
[ACTUALIZAR PAGOS · AUTO] 📊 ESTADÍSTICAS DE LLENADO DE CAUSAS:
[ACTUALIZAR PAGOS · AUTO]   • Pagos con causa ORIGINAL: 1
[ACTUALIZAR PAGOS · AUTO]   • Causas encontradas en SIGEMI (actas viejas): 5
[ACTUALIZAR PAGOS · AUTO]   • Causas NO encontradas en SIGEMI: 0
[ACTUALIZAR PAGOS · AUTO]   • Causas asignadas automáticamente (actas nuevas): 0
[ACTUALIZAR PAGOS · AUTO] ⏱ PASO 3 (llenar causas): 0.0s
[ACTUALIZAR PAGOS · AUTO] ================================================================================
[ACTUALIZAR PAGOS · AUTO] PASO 4: ORDENANDO POR FECHA Y ACTA_NUMERO
[ACTUALIZAR PAGOS · AUTO] ================================================================================
[ACTUALIZAR PAGOS · AUTO] ✓ Pagos ordenados correctamente
[ACTUALIZAR PAGOS · AUTO]   • Primera entrada: Acta=35805, Fecha=26/08/2024
[ACTUALIZAR PAGOS · AUTO]   • Última entrada: Acta=288275, Fecha=31/03/2026
[ACTUALIZAR PAGOS · AUTO] 📝 Escribiendo archivo de salida...
[ACTUALIZAR PAGOS · AUTO]   ✅ Archivo escrito: backend/descargas/pagos/2026-07-22/PAGOS 20260722 093608.txt
[ACTUALIZAR PAGOS · AUTO]   ✅ Total registros: 810
[ACTUALIZAR PAGOS · AUTO] ⏱ PASO 4 (ordenar y escribir): 0.0s
[ACTUALIZAR PAGOS · AUTO] ================================================================================
[ACTUALIZAR PAGOS · AUTO] ✅ PROCESO COMPLETADO EXITOSAMENTE
[ACTUALIZAR PAGOS · AUTO] ================================================================================
[ACTUALIZAR PAGOS · AUTO] 📊 RESUMEN FINAL DEL PROCESAMIENTO:
[ACTUALIZAR PAGOS · AUTO]   ENTRADA:
[ACTUALIZAR PAGOS · AUTO]     • Pagos originales: 16061
[ACTUALIZAR PAGOS · AUTO]     • Multas SIGEMI cargadas: 103915
[ACTUALIZAR PAGOS · AUTO]     • Multas Juzgado cargadas: 40139
[ACTUALIZAR PAGOS · AUTO]     • Causas simplificadas (usadas para el cruce): 103585
[ACTUALIZAR PAGOS · AUTO]   PROCESO:
[ACTUALIZAR PAGOS · AUTO]     • Pagos rechazados sigemi: 13660
[ACTUALIZAR PAGOS · AUTO]     • Pagos rechazados juzgado: 2395
[ACTUALIZAR PAGOS · AUTO]   SALIDA:
[ACTUALIZAR PAGOS · AUTO]     • Pagos desactualizados procesados: 6
[ACTUALIZAR PAGOS · AUTO]     • Archivo final: backend/descargas/pagos/2026-07-22/PAGOS 20260722 093608.txt
[ACTUALIZAR PAGOS · AUTO]     • Ordenados por fecha: SÍ ✓
[ACTUALIZAR PAGOS · AUTO]     • Todos con ACTA_NUMERO: SÍ ✓
[ACTUALIZAR PAGOS · AUTO]     • Todos con CAUSA_NUMERO: SÍ ✓
[ACTUALIZAR PAGOS · AUTO] ✅ TXT de pagos (ya cruzado con actas y causas) generado en: backend/descargas/pagos/2026-07-22/PAGOS 20260722 093608.txt
[ACTUALIZAR PAGOS · AUTO] 🧹 TXT de pagos crudo eliminado (ya usado en el cruce): backend/descargas/pagos/2026-07-22/PAGOS DESCARGADOS.txt
[ACTUALIZAR PAGOS · AUTO] 🧹 Excel MULTAS_SIGEMI_CRUCE eliminado (ya usado en el cruce): backend/descargas/cache_actas_cruce/MULTAS_SIGEMI_CRUCE.xlsx
[ACTUALIZAR PAGOS · AUTO] 🧹 Excel MULTAS_JUZGADO_CRUCE eliminado (ya usado en el cruce): backend/descargas/cache_actas_cruce/MULTAS_JUZGADO_CRUCE.xlsx
[ACTUALIZAR PAGOS · AUTO] ✅ CompararActasPaso finalizado. (⏱ 49.7s)
[ACTUALIZAR PAGOS · AUTO] ✓ [CompararActasPaso] Completado.
[ACTUALIZAR PAGOS · AUTO] ▶ [CargarPagosPaso] Iniciando...
[ACTUALIZAR PAGOS · AUTO] ==================================================
[ACTUALIZAR PAGOS · AUTO] 🚀 PASO: CargarPagosPaso
[ACTUALIZAR PAGOS · AUTO] ==================================================
[ACTUALIZAR PAGOS · AUTO] 📤 Subiendo TXT de pagos al SEMyT...
[ACTUALIZAR PAGOS · AUTO] ✅ Importación de pagos completada con éxito.
[ACTUALIZAR PAGOS · AUTO] ✅ Archivo TXT de pagos cargado en el SEMyT correctamente.
[ACTUALIZAR PAGOS · AUTO] ✅ CargarPagosPaso finalizado. (⏱ 4.0s)
[ACTUALIZAR PAGOS · AUTO] ✓ [CargarPagosPaso] Completado.
[ACTUALIZAR PAGOS · AUTO] === Ejecución finalizada con éxito ===
🤖 [Automático] Es hora de actualizar pagos. Arrancando...
[ACTUALIZAR PAGOS · AUTO] === Inicio de ejecución: pagos ===
[ACTUALIZAR PAGOS · AUTO] ▶ [LoginSemytPaso] Iniciando...
[ACTUALIZAR PAGOS · AUTO] ==================================================
[ACTUALIZAR PAGOS · AUTO] 🚀 PASO: LoginSemytPaso
[ACTUALIZAR PAGOS · AUTO] ==================================================
[ACTUALIZAR PAGOS · AUTO] Abriendo SEMyT...
⏳ [Automático] Tocaba disparar 'pagos' pero ya hay una ejecución en curso (Actualizar pagos); esperando a que termine; se reintenta en breve sin perder el turno.
[ACTUALIZAR PAGOS · AUTO] ✅ [SEMyT] Sesión existente detectada. Login omitido.
[ACTUALIZAR PAGOS · AUTO] ✅ LoginSemytPaso finalizado. (⏱ 28.8s)
[ACTUALIZAR PAGOS · AUTO] ✓ [LoginSemytPaso] Completado.
[ACTUALIZAR PAGOS · AUTO] ▶ [LoginJuzgadoPaso] Iniciando...
[ACTUALIZAR PAGOS · AUTO] ==================================================
[ACTUALIZAR PAGOS · AUTO] 🚀 PASO: LoginJuzgadoPaso
[ACTUALIZAR PAGOS · AUTO] ==================================================
[ACTUALIZAR PAGOS · AUTO] Abriendo sitio municipalidad (CiDi)...
[ACTUALIZAR PAGOS · AUTO] ✅ [Juzgado] Sesión existente detectada. Login omitido.
[ACTUALIZAR PAGOS · AUTO] ✅ LoginJuzgadoPaso finalizado. (⏱ 1.7s)
[ACTUALIZAR PAGOS · AUTO] ✓ [LoginJuzgadoPaso] Completado.
[ACTUALIZAR PAGOS · AUTO] ▶ [DescargasParalelasPaso] Iniciando...
[ACTUALIZAR PAGOS · AUTO] ==================================================
[ACTUALIZAR PAGOS · AUTO] 🚀 PASO: DescargasParalelasPaso
[ACTUALIZAR PAGOS · AUTO] ==================================================
[ACTUALIZAR PAGOS · AUTO] 📤 Arrancando las 3 descargas en paralelo (mismo browser, páginas separadas)...
[ACTUALIZAR PAGOS · AUTO] Fecha Desde: 27/06/2024
[ACTUALIZAR PAGOS · AUTO] Fecha Hasta: 24/11/2025
[ACTUALIZAR PAGOS · AUTO] Fecha Desde: 25/11/2025
[ACTUALIZAR PAGOS · AUTO] Fecha Hasta: 22/07/2026
[ACTUALIZAR PAGOS · AUTO] Descargando Excel...
[ACTUALIZAR PAGOS · AUTO] Descargando Excel...
[ACTUALIZAR PAGOS · AUTO] ✅ TXT de pagos descargado en: backend/descargas/pagos/2026-07-22/PAGOS DESCARGADOS.txt
[ACTUALIZAR PAGOS · AUTO] ⏱ [pagos_txt] completado en 22.8s
[ACTUALIZAR PAGOS · AUTO] Archivo descargado en: backend/descargas/cache_actas_cruce/MULTAS_JUZGADO_CRUCE.xlsx
[ACTUALIZAR PAGOS · AUTO] ⏱ [actas_juzgado] completado en 48.8s
[ACTUALIZAR PAGOS · AUTO] Archivo descargado en: backend/descargas/cache_actas_cruce/MULTAS_SIGEMI_CRUCE.xlsx
[ACTUALIZAR PAGOS · AUTO] ⏱ [actas_sigemi] completado en 94.4s
[ACTUALIZAR PAGOS · AUTO] ⏱ TOTAL descargas en paralelo: 94.4s
[ACTUALIZAR PAGOS · AUTO] ✅ DescargasParalelasPaso finalizado. (⏱ 96.0s)
[ACTUALIZAR PAGOS · AUTO] ✓ [DescargasParalelasPaso] Completado.
[ACTUALIZAR PAGOS · AUTO] ▶ [CompararActasPaso] Iniciando...
[ACTUALIZAR PAGOS · AUTO] ==================================================
[ACTUALIZAR PAGOS · AUTO] 🚀 PASO: CompararActasPaso
[ACTUALIZAR PAGOS · AUTO] ==================================================
[ACTUALIZAR PAGOS · AUTO] 🔍 Comparando actas del SEMyT contra pagos del Juzgado...
[ACTUALIZAR PAGOS · AUTO] ================================================================================
[ACTUALIZAR PAGOS · AUTO] INICIANDO PROCESO DE GENERACIÓN DE PAGOS DESACTUALIZADOS
[ACTUALIZAR PAGOS · AUTO] ================================================================================
[ACTUALIZAR PAGOS · AUTO] 📂 Cargando archivos...
[ACTUALIZAR PAGOS · AUTO]   ✓ Pagos: 16070 registros
[ACTUALIZAR PAGOS · AUTO]   ✓ Excel SIGEMI (multas vencidas viejas): 103910 registros
[ACTUALIZAR PAGOS · AUTO]   ✓ Excel Juzgado (multas vencidas nuevas): 40138 registros
[ACTUALIZAR PAGOS · AUTO] ================================================================================
[ACTUALIZAR PAGOS · AUTO] PASO 1: LLENANDO ACTA_NUMERO (búsqueda por patente + fecha, con desempate por hora)
[ACTUALIZAR PAGOS · AUTO] ================================================================================
[ACTUALIZAR PAGOS · AUTO] 📊 ESTADÍSTICAS DE LLENADO DE ACTAS:
[ACTUALIZAR PAGOS · AUTO]   • Pagos con acta ORIGINAL: 2403
[ACTUALIZAR PAGOS · AUTO]   • Pagos SIN acta (buscados): 13667
[ACTUALIZAR PAGOS · AUTO]   • Pagos LLENADOS exitosamente: 2
[ACTUALIZAR PAGOS · AUTO]   • Pagos NO encontrados en multas: 13665
[ACTUALIZAR PAGOS · AUTO]   • Pagos SIN RESOLVER por desbalance de cantidades: 0
[ACTUALIZAR PAGOS · AUTO] ================================================================================
[ACTUALIZAR PAGOS · AUTO] PASO 1: LLENANDO ACTA_NUMERO (búsqueda por patente + fecha, con desempate por hora)
[ACTUALIZAR PAGOS · AUTO] ================================================================================
[ACTUALIZAR PAGOS · AUTO] 📊 ESTADÍSTICAS DE LLENADO DE ACTAS:
[ACTUALIZAR PAGOS · AUTO]   • Pagos con acta ORIGINAL: 2405
[ACTUALIZAR PAGOS · AUTO]   • Pagos SIN acta (buscados): 13665
[ACTUALIZAR PAGOS · AUTO]   • Pagos LLENADOS exitosamente: 0
[ACTUALIZAR PAGOS · AUTO]   • Pagos NO encontrados en multas: 13665
[ACTUALIZAR PAGOS · AUTO]   • Pagos SIN RESOLVER por desbalance de cantidades: 0
[ACTUALIZAR PAGOS · AUTO] ⏱ PASO 1 (llenar actas): 19.4s
[ACTUALIZAR PAGOS · AUTO] ================================================================================
[ACTUALIZAR PAGOS · AUTO] PASO 2: FILTRANDO PAGOS CON ACTA_NUMERO COMPLETO
[ACTUALIZAR PAGOS · AUTO] ================================================================================
[ACTUALIZAR PAGOS · AUTO] 📊 ESTADÍSTICAS DE FILTRADO:
[ACTUALIZAR PAGOS · AUTO]   • Pagos TOTALES al inicio: 16070
[ACTUALIZAR PAGOS · AUTO]   • Pagos CON acta (MANTIENEN): 2405
[ACTUALIZAR PAGOS · AUTO]   • Pagos RECHAZADOS (sin coincidencias): 13665
[ACTUALIZAR PAGOS · AUTO] ⚠️  Se eliminaron 13665 registros sin número de acta
[ACTUALIZAR PAGOS · AUTO]      (recordá: esto incluye tanto pagos ya actualizados/pagados
[ACTUALIZAR PAGOS · AUTO]       como pagos que quedaron sin resolver por desbalance en el Paso 1)
[ACTUALIZAR PAGOS · AUTO] ================================================================================
[ACTUALIZAR PAGOS · AUTO] PASO 2-bis: CONFIRMANDO VIGENCIA DE PAGOS DEL SISTEMA NUEVO (contra MULTAS_JUZGADO_CRUCE)
[ACTUALIZAR PAGOS · AUTO] ================================================================================
[ACTUALIZAR PAGOS · AUTO]   ⚠ 2396 pago(s) del sistema nuevo descartados: su acta ya no figura como vencida en MULTAS_JUZGADO_CRUCE (SEMyT ya los actualizó).
[ACTUALIZAR PAGOS · AUTO]   • Pagos del sistema nuevo descartados por ya estar actualizados: 2396
[ACTUALIZAR PAGOS · AUTO] ⏱ PASO 2 (filtrar): 1.2s
[ACTUALIZAR PAGOS · AUTO] 📂 Cargando maestro de causas SIGEMI...
[ACTUALIZAR PAGOS · AUTO]   ✓ Causas totales (maestro): 134069 registros
[ACTUALIZAR PAGOS · AUTO] ⏱ PASO 2.5 (causas simplificado): 0.2s
[ACTUALIZAR PAGOS · AUTO] ================================================================================
[ACTUALIZAR PAGOS · AUTO] PASO 2.5: ARMANDO causas.txt SIMPLIFICADO (cruce contra total_causas_sigemi.txt)
[ACTUALIZAR PAGOS · AUTO] ================================================================================
[ACTUALIZAR PAGOS · AUTO]   • Actas vencidas viejas (multas): 103910
[ACTUALIZAR PAGOS · AUTO]   • Causas totales en el maestro SIGEMI: 134069
[ACTUALIZAR PAGOS · AUTO]   • Causas que coinciden (simplificado): 103580
[ACTUALIZAR PAGOS · AUTO]   ✅ Archivo escrito: backend/descargas/causas/causas.txt
[ACTUALIZAR PAGOS · AUTO] ⏱ PASO 2.5 (causas simplificado): 2.7s
[ACTUALIZAR PAGOS · AUTO] ================================================================================
[ACTUALIZAR PAGOS · AUTO] PASO 3: LLENANDO CAUSA_NUMERO (según fecha de cambio de sistema, cruzando por acta + año)
[ACTUALIZAR PAGOS · AUTO] ================================================================================
[ACTUALIZAR PAGOS · AUTO] 📊 ESTADÍSTICAS DE LLENADO DE CAUSAS:
[ACTUALIZAR PAGOS · AUTO]   • Pagos con causa ORIGINAL: 7
[ACTUALIZAR PAGOS · AUTO]   • Causas encontradas en SIGEMI (actas viejas): 2
[ACTUALIZAR PAGOS · AUTO]   • Causas NO encontradas en SIGEMI: 0
[ACTUALIZAR PAGOS · AUTO]   • Causas asignadas automáticamente (actas nuevas): 0
[ACTUALIZAR PAGOS · AUTO] ⏱ PASO 3 (llenar causas): 0.0s
[ACTUALIZAR PAGOS · AUTO] ================================================================================
[ACTUALIZAR PAGOS · AUTO] PASO 4: ORDENANDO POR FECHA Y ACTA_NUMERO
[ACTUALIZAR PAGOS · AUTO] ================================================================================
[ACTUALIZAR PAGOS · AUTO] ✓ Pagos ordenados correctamente
[ACTUALIZAR PAGOS · AUTO]   • Primera entrada: Acta=228084, Fecha=31/10/2025
[ACTUALIZAR PAGOS · AUTO]   • Última entrada: Acta=302579, Fecha=27/04/2026
[ACTUALIZAR PAGOS · AUTO] 📝 Escribiendo archivo de salida...
[ACTUALIZAR PAGOS · AUTO]   ✅ Archivo escrito: backend/descargas/pagos/2026-07-22/PAGOS 20260722 094916.txt
[ACTUALIZAR PAGOS · AUTO]   ✅ Total registros: 1094
[ACTUALIZAR PAGOS · AUTO] ⏱ PASO 4 (ordenar y escribir): 0.0s
[ACTUALIZAR PAGOS · AUTO] ================================================================================
[ACTUALIZAR PAGOS · AUTO] ✅ PROCESO COMPLETADO EXITOSAMENTE
[ACTUALIZAR PAGOS · AUTO] ================================================================================
[ACTUALIZAR PAGOS · AUTO] 📊 RESUMEN FINAL DEL PROCESAMIENTO:
[ACTUALIZAR PAGOS · AUTO]   ENTRADA:
[ACTUALIZAR PAGOS · AUTO]     • Pagos originales: 16070
[ACTUALIZAR PAGOS · AUTO]     • Multas SIGEMI cargadas: 103910
[ACTUALIZAR PAGOS · AUTO]     • Multas Juzgado cargadas: 40138
[ACTUALIZAR PAGOS · AUTO]     • Causas simplificadas (usadas para el cruce): 103580
[ACTUALIZAR PAGOS · AUTO]   PROCESO:
[ACTUALIZAR PAGOS · AUTO]     • Pagos rechazados sigemi: 13665
[ACTUALIZAR PAGOS · AUTO]     • Pagos rechazados juzgado: 2396
[ACTUALIZAR PAGOS · AUTO]   SALIDA:
[ACTUALIZAR PAGOS · AUTO]     • Pagos desactualizados procesados: 9
[ACTUALIZAR PAGOS · AUTO]     • Archivo final: backend/descargas/pagos/2026-07-22/PAGOS 20260722 094916.txt
[ACTUALIZAR PAGOS · AUTO]     • Ordenados por fecha: SÍ ✓
[ACTUALIZAR PAGOS · AUTO]     • Todos con ACTA_NUMERO: SÍ ✓
[ACTUALIZAR PAGOS · AUTO]     • Todos con CAUSA_NUMERO: SÍ ✓
[ACTUALIZAR PAGOS · AUTO] ✅ TXT de pagos (ya cruzado con actas y causas) generado en: backend/descargas/pagos/2026-07-22/PAGOS 20260722 094916.txt
[ACTUALIZAR PAGOS · AUTO] 🧹 TXT de pagos crudo eliminado (ya usado en el cruce): backend/descargas/pagos/2026-07-22/PAGOS DESCARGADOS.txt
[ACTUALIZAR PAGOS · AUTO] 🧹 Excel MULTAS_SIGEMI_CRUCE eliminado (ya usado en el cruce): backend/descargas/cache_actas_cruce/MULTAS_SIGEMI_CRUCE.xlsx
[ACTUALIZAR PAGOS · AUTO] 🧹 Excel MULTAS_JUZGADO_CRUCE eliminado (ya usado en el cruce): backend/descargas/cache_actas_cruce/MULTAS_JUZGADO_CRUCE.xlsx
[ACTUALIZAR PAGOS · AUTO] ✅ CompararActasPaso finalizado. (⏱ 52.4s)
[ACTUALIZAR PAGOS · AUTO] ✓ [CompararActasPaso] Completado.
[ACTUALIZAR PAGOS · AUTO] ▶ [CargarPagosPaso] Iniciando...
[ACTUALIZAR PAGOS · AUTO] ==================================================
[ACTUALIZAR PAGOS · AUTO] 🚀 PASO: CargarPagosPaso
[ACTUALIZAR PAGOS · AUTO] ==================================================
[ACTUALIZAR PAGOS · AUTO] 📤 Subiendo TXT de pagos al SEMyT...
[ACTUALIZAR PAGOS · AUTO] ✅ Importación de pagos completada con éxito.
[ACTUALIZAR PAGOS · AUTO] ✅ Archivo TXT de pagos cargado en el SEMyT correctamente.
[ACTUALIZAR PAGOS · AUTO] ✅ CargarPagosPaso finalizado. (⏱ 5.2s)
[ACTUALIZAR PAGOS · AUTO] ✓ [CargarPagosPaso] Completado.
[ACTUALIZAR PAGOS · AUTO] === Ejecución finalizada con éxito ===
🤖 [Automático] Es hora de actualizar pagos. Arrancando...
[ACTUALIZAR PAGOS · AUTO] === Inicio de ejecución: pagos ===
[ACTUALIZAR PAGOS · AUTO] ▶ [LoginSemytPaso] Iniciando...
[ACTUALIZAR PAGOS · AUTO] ==================================================
[ACTUALIZAR PAGOS · AUTO] 🚀 PASO: LoginSemytPaso
[ACTUALIZAR PAGOS · AUTO] ==================================================
[ACTUALIZAR PAGOS · AUTO] Abriendo SEMyT...
⏳ [Automático] Tocaba disparar 'pagos' pero ya hay una ejecución en curso (Actualizar pagos); esperando a que termine; se reintenta en breve sin perder el turno.
[ACTUALIZAR PAGOS · AUTO] ✅ [SEMyT] Sesión existente detectada. Login omitido.
[ACTUALIZAR PAGOS · AUTO] ✅ LoginSemytPaso finalizado. (⏱ 26.7s)
[ACTUALIZAR PAGOS · AUTO] ✓ [LoginSemytPaso] Completado.
[ACTUALIZAR PAGOS · AUTO] ▶ [LoginJuzgadoPaso] Iniciando...
[ACTUALIZAR PAGOS · AUTO] ==================================================
[ACTUALIZAR PAGOS · AUTO] 🚀 PASO: LoginJuzgadoPaso
[ACTUALIZAR PAGOS · AUTO] ==================================================
[ACTUALIZAR PAGOS · AUTO] Abriendo sitio municipalidad (CiDi)...
[ACTUALIZAR PAGOS · AUTO] ✅ [Juzgado] Sesión existente detectada. Login omitido.
[ACTUALIZAR PAGOS · AUTO] ✅ LoginJuzgadoPaso finalizado. (⏱ 1.4s)
[ACTUALIZAR PAGOS · AUTO] ✓ [LoginJuzgadoPaso] Completado.
[ACTUALIZAR PAGOS · AUTO] ▶ [DescargasParalelasPaso] Iniciando...
[ACTUALIZAR PAGOS · AUTO] ==================================================
[ACTUALIZAR PAGOS · AUTO] 🚀 PASO: DescargasParalelasPaso
[ACTUALIZAR PAGOS · AUTO] ==================================================
[ACTUALIZAR PAGOS · AUTO] 📤 Arrancando las 3 descargas en paralelo (mismo browser, páginas separadas)...
[ACTUALIZAR PAGOS · AUTO] Fecha Desde: 27/06/2024
[ACTUALIZAR PAGOS · AUTO] Fecha Hasta: 24/11/2025
[ACTUALIZAR PAGOS · AUTO] Fecha Desde: 25/11/2025
[ACTUALIZAR PAGOS · AUTO] Fecha Hasta: 22/07/2026
[ACTUALIZAR PAGOS · AUTO] Descargando Excel...
[ACTUALIZAR PAGOS · AUTO] Descargando Excel...
[ACTUALIZAR PAGOS · AUTO] ✅ TXT de pagos descargado en: backend/descargas/pagos/2026-07-22/PAGOS DESCARGADOS.txt
[ACTUALIZAR PAGOS · AUTO] ⏱ [pagos_txt] completado en 22.4s
[ACTUALIZAR PAGOS · AUTO] Archivo descargado en: backend/descargas/cache_actas_cruce/MULTAS_JUZGADO_CRUCE.xlsx
[ACTUALIZAR PAGOS · AUTO] ⏱ [actas_juzgado] completado en 34.3s
[ACTUALIZAR PAGOS · AUTO] Archivo descargado en: backend/descargas/cache_actas_cruce/MULTAS_SIGEMI_CRUCE.xlsx
[ACTUALIZAR PAGOS · AUTO] ⏱ [actas_sigemi] completado en 86.3s
[ACTUALIZAR PAGOS · AUTO] ⏱ TOTAL descargas en paralelo: 86.3s
[ACTUALIZAR PAGOS · AUTO] ✅ DescargasParalelasPaso finalizado. (⏱ 87.7s)
[ACTUALIZAR PAGOS · AUTO] ✓ [DescargasParalelasPaso] Completado.
[ACTUALIZAR PAGOS · AUTO] ▶ [CompararActasPaso] Iniciando...
[ACTUALIZAR PAGOS · AUTO] ==================================================
[ACTUALIZAR PAGOS · AUTO] 🚀 PASO: CompararActasPaso
[ACTUALIZAR PAGOS · AUTO] ==================================================
[ACTUALIZAR PAGOS · AUTO] 🔍 Comparando actas del SEMyT contra pagos del Juzgado...
[ACTUALIZAR PAGOS · AUTO] ================================================================================
[ACTUALIZAR PAGOS · AUTO] INICIANDO PROCESO DE GENERACIÓN DE PAGOS DESACTUALIZADOS
[ACTUALIZAR PAGOS · AUTO] ================================================================================
[ACTUALIZAR PAGOS · AUTO] 📂 Cargando archivos...
[ACTUALIZAR PAGOS · AUTO]   ✓ Pagos: 16082 registros
[ACTUALIZAR PAGOS · AUTO]   ✓ Excel SIGEMI (multas vencidas viejas): 103908 registros
[ACTUALIZAR PAGOS · AUTO]   ✓ Excel Juzgado (multas vencidas nuevas): 40131 registros
[ACTUALIZAR PAGOS · AUTO] ================================================================================
[ACTUALIZAR PAGOS · AUTO] PASO 1: LLENANDO ACTA_NUMERO (búsqueda por patente + fecha, con desempate por hora)
[ACTUALIZAR PAGOS · AUTO] ================================================================================
[ACTUALIZAR PAGOS · AUTO] 📊 ESTADÍSTICAS DE LLENADO DE ACTAS:
[ACTUALIZAR PAGOS · AUTO]   • Pagos con acta ORIGINAL: 2406
[ACTUALIZAR PAGOS · AUTO]   • Pagos SIN acta (buscados): 13676
[ACTUALIZAR PAGOS · AUTO]   • Pagos LLENADOS exitosamente: 9
[ACTUALIZAR PAGOS · AUTO]   • Pagos NO encontrados en multas: 13667
[ACTUALIZAR PAGOS · AUTO]   • Pagos SIN RESOLVER por desbalance de cantidades: 0
[ACTUALIZAR PAGOS · AUTO] ================================================================================
[ACTUALIZAR PAGOS · AUTO] PASO 1: LLENANDO ACTA_NUMERO (búsqueda por patente + fecha, con desempate por hora)
[ACTUALIZAR PAGOS · AUTO] ================================================================================
[ACTUALIZAR PAGOS · AUTO] 📊 ESTADÍSTICAS DE LLENADO DE ACTAS:
[ACTUALIZAR PAGOS · AUTO]   • Pagos con acta ORIGINAL: 2415
[ACTUALIZAR PAGOS · AUTO]   • Pagos SIN acta (buscados): 13667
[ACTUALIZAR PAGOS · AUTO]   • Pagos LLENADOS exitosamente: 0
[ACTUALIZAR PAGOS · AUTO]   • Pagos NO encontrados en multas: 13667
[ACTUALIZAR PAGOS · AUTO]   • Pagos SIN RESOLVER por desbalance de cantidades: 0
[ACTUALIZAR PAGOS · AUTO] ⏱ PASO 1 (llenar actas): 18.8s
[ACTUALIZAR PAGOS · AUTO] ================================================================================
[ACTUALIZAR PAGOS · AUTO] PASO 2: FILTRANDO PAGOS CON ACTA_NUMERO COMPLETO
[ACTUALIZAR PAGOS · AUTO] ================================================================================
[ACTUALIZAR PAGOS · AUTO] 📊 ESTADÍSTICAS DE FILTRADO:
[ACTUALIZAR PAGOS · AUTO]   • Pagos TOTALES al inicio: 16082
[ACTUALIZAR PAGOS · AUTO]   • Pagos CON acta (MANTIENEN): 2415
[ACTUALIZAR PAGOS · AUTO]   • Pagos RECHAZADOS (sin coincidencias): 13667
[ACTUALIZAR PAGOS · AUTO] ⚠️  Se eliminaron 13667 registros sin número de acta
[ACTUALIZAR PAGOS · AUTO]      (recordá: esto incluye tanto pagos ya actualizados/pagados
[ACTUALIZAR PAGOS · AUTO]       como pagos que quedaron sin resolver por desbalance en el Paso 1)
[ACTUALIZAR PAGOS · AUTO] ================================================================================
[ACTUALIZAR PAGOS · AUTO] PASO 2-bis: CONFIRMANDO VIGENCIA DE PAGOS DEL SISTEMA NUEVO (contra MULTAS_JUZGADO_CRUCE)
[ACTUALIZAR PAGOS · AUTO] ================================================================================
[ACTUALIZAR PAGOS · AUTO]   ⚠ 2403 pago(s) del sistema nuevo descartados: su acta ya no figura como vencida en MULTAS_JUZGADO_CRUCE (SEMyT ya los actualizó).
[ACTUALIZAR PAGOS · AUTO]   • Pagos del sistema nuevo descartados por ya estar actualizados: 2403
[ACTUALIZAR PAGOS · AUTO] ⏱ PASO 2 (filtrar): 1.2s
[ACTUALIZAR PAGOS · AUTO] 📂 Cargando maestro de causas SIGEMI...
[ACTUALIZAR PAGOS · AUTO]   ✓ Causas totales (maestro): 134069 registros
[ACTUALIZAR PAGOS · AUTO] ⏱ PASO 2.5 (causas simplificado): 0.2s
[ACTUALIZAR PAGOS · AUTO] ================================================================================
[ACTUALIZAR PAGOS · AUTO] PASO 2.5: ARMANDO causas.txt SIMPLIFICADO (cruce contra total_causas_sigemi.txt)
[ACTUALIZAR PAGOS · AUTO] ================================================================================
[ACTUALIZAR PAGOS · AUTO]   • Actas vencidas viejas (multas): 103908
[ACTUALIZAR PAGOS · AUTO]   • Causas totales en el maestro SIGEMI: 134069
[ACTUALIZAR PAGOS · AUTO]   • Causas que coinciden (simplificado): 103578
[ACTUALIZAR PAGOS · AUTO]   ✅ Archivo escrito: backend/descargas/causas/causas.txt
[ACTUALIZAR PAGOS · AUTO] ⏱ PASO 2.5 (causas simplificado): 2.9s
[ACTUALIZAR PAGOS · AUTO] ================================================================================
[ACTUALIZAR PAGOS · AUTO] PASO 3: LLENANDO CAUSA_NUMERO (según fecha de cambio de sistema, cruzando por acta + año)
[ACTUALIZAR PAGOS · AUTO] ================================================================================
[ACTUALIZAR PAGOS · AUTO] 📊 ESTADÍSTICAS DE LLENADO DE CAUSAS:
[ACTUALIZAR PAGOS · AUTO]   • Pagos con causa ORIGINAL: 3
[ACTUALIZAR PAGOS · AUTO]   • Causas encontradas en SIGEMI (actas viejas): 9
[ACTUALIZAR PAGOS · AUTO]   • Causas NO encontradas en SIGEMI: 0
[ACTUALIZAR PAGOS · AUTO]   • Causas asignadas automáticamente (actas nuevas): 0
[ACTUALIZAR PAGOS · AUTO] ⏱ PASO 3 (llenar causas): 0.0s
[ACTUALIZAR PAGOS · AUTO] ================================================================================
[ACTUALIZAR PAGOS · AUTO] PASO 4: ORDENANDO POR FECHA Y ACTA_NUMERO
[ACTUALIZAR PAGOS · AUTO] ================================================================================
[ACTUALIZAR PAGOS · AUTO] ✓ Pagos ordenados correctamente
[ACTUALIZAR PAGOS · AUTO]   • Primera entrada: Acta=3552, Fecha=02/07/2024
[ACTUALIZAR PAGOS · AUTO]   • Última entrada: Acta=257506, Fecha=19/01/2026
[ACTUALIZAR PAGOS · AUTO] 📝 Escribiendo archivo de salida...
[ACTUALIZAR PAGOS · AUTO]   ✅ Archivo escrito: backend/descargas/pagos/2026-07-22/PAGOS 20260722 100225.txt
[ACTUALIZAR PAGOS · AUTO]   ✅ Total registros: 1411
[ACTUALIZAR PAGOS · AUTO] ⏱ PASO 4 (ordenar y escribir): 0.0s
[ACTUALIZAR PAGOS · AUTO] ================================================================================
[ACTUALIZAR PAGOS · AUTO] ✅ PROCESO COMPLETADO EXITOSAMENTE
[ACTUALIZAR PAGOS · AUTO] ================================================================================
[ACTUALIZAR PAGOS · AUTO] 📊 RESUMEN FINAL DEL PROCESAMIENTO:
[ACTUALIZAR PAGOS · AUTO]   ENTRADA:
[ACTUALIZAR PAGOS · AUTO]     • Pagos originales: 16082
[ACTUALIZAR PAGOS · AUTO]     • Multas SIGEMI cargadas: 103908
[ACTUALIZAR PAGOS · AUTO]     • Multas Juzgado cargadas: 40131
[ACTUALIZAR PAGOS · AUTO]     • Causas simplificadas (usadas para el cruce): 103578
[ACTUALIZAR PAGOS · AUTO]   PROCESO:
[ACTUALIZAR PAGOS · AUTO]     • Pagos rechazados sigemi: 13667
[ACTUALIZAR PAGOS · AUTO]     • Pagos rechazados juzgado: 2403
[ACTUALIZAR PAGOS · AUTO]   SALIDA:
[ACTUALIZAR PAGOS · AUTO]     • Pagos desactualizados procesados: 12
[ACTUALIZAR PAGOS · AUTO]     • Archivo final: backend/descargas/pagos/2026-07-22/PAGOS 20260722 100225.txt
[ACTUALIZAR PAGOS · AUTO]     • Ordenados por fecha: SÍ ✓
[ACTUALIZAR PAGOS · AUTO]     • Todos con ACTA_NUMERO: SÍ ✓
[ACTUALIZAR PAGOS · AUTO]     • Todos con CAUSA_NUMERO: SÍ ✓
[ACTUALIZAR PAGOS · AUTO] ✅ TXT de pagos (ya cruzado con actas y causas) generado en: backend/descargas/pagos/2026-07-22/PAGOS 20260722 100225.txt
[ACTUALIZAR PAGOS · AUTO] 🧹 TXT de pagos crudo eliminado (ya usado en el cruce): backend/descargas/pagos/2026-07-22/PAGOS DESCARGADOS.txt
[ACTUALIZAR PAGOS · AUTO] 🧹 Excel MULTAS_SIGEMI_CRUCE eliminado (ya usado en el cruce): backend/descargas/cache_actas_cruce/MULTAS_SIGEMI_CRUCE.xlsx
[ACTUALIZAR PAGOS · AUTO] 🧹 Excel MULTAS_JUZGADO_CRUCE eliminado (ya usado en el cruce): backend/descargas/cache_actas_cruce/MULTAS_JUZGADO_CRUCE.xlsx
[ACTUALIZAR PAGOS · AUTO] ✅ CompararActasPaso finalizado. (⏱ 52.1s)
[ACTUALIZAR PAGOS · AUTO] ✓ [CompararActasPaso] Completado.
[ACTUALIZAR PAGOS · AUTO] ▶ [CargarPagosPaso] Iniciando...
[ACTUALIZAR PAGOS · AUTO] ==================================================
[ACTUALIZAR PAGOS · AUTO] 🚀 PASO: CargarPagosPaso
[ACTUALIZAR PAGOS · AUTO] ==================================================
[ACTUALIZAR PAGOS · AUTO] 📤 Subiendo TXT de pagos al SEMyT...
[ACTUALIZAR PAGOS · AUTO] ✅ Importación de pagos completada con éxito.
[ACTUALIZAR PAGOS · AUTO] ✅ Archivo TXT de pagos cargado en el SEMyT correctamente.
[ACTUALIZAR PAGOS · AUTO] ✅ CargarPagosPaso finalizado. (⏱ 3.4s)
[ACTUALIZAR PAGOS · AUTO] ✓ [CargarPagosPaso] Completado.
[ACTUALIZAR PAGOS · AUTO] === Ejecución finalizada con éxito ===
🤖 [Automático] Es hora de actualizar pagos. Arrancando...
[ACTUALIZAR PAGOS · AUTO] === Inicio de ejecución: pagos ===
[ACTUALIZAR PAGOS · AUTO] ▶ [LoginSemytPaso] Iniciando...
[ACTUALIZAR PAGOS · AUTO] ==================================================
[ACTUALIZAR PAGOS · AUTO] 🚀 PASO: LoginSemytPaso
[ACTUALIZAR PAGOS · AUTO] ==================================================
[ACTUALIZAR PAGOS · AUTO] Abriendo SEMyT...
⏳ [Automático] Tocaba disparar 'pagos' pero ya hay una ejecución en curso (Actualizar pagos); esperando a que termine; se reintenta en breve sin perder el turno.
[ACTUALIZAR PAGOS · AUTO] ✅ [SEMyT] Sesión existente detectada. Login omitido.
[ACTUALIZAR PAGOS · AUTO] ✅ LoginSemytPaso finalizado. (⏱ 18.1s)
[ACTUALIZAR PAGOS · AUTO] ✓ [LoginSemytPaso] Completado.
[ACTUALIZAR PAGOS · AUTO] ▶ [LoginJuzgadoPaso] Iniciando...
[ACTUALIZAR PAGOS · AUTO] ==================================================
[ACTUALIZAR PAGOS · AUTO] 🚀 PASO: LoginJuzgadoPaso
[ACTUALIZAR PAGOS · AUTO] ==================================================
[ACTUALIZAR PAGOS · AUTO] Abriendo sitio municipalidad (CiDi)...
[ACTUALIZAR PAGOS · AUTO] ✅ [Juzgado] Sesión existente detectada. Login omitido.
[ACTUALIZAR PAGOS · AUTO] ✅ LoginJuzgadoPaso finalizado. (⏱ 1.4s)
[ACTUALIZAR PAGOS · AUTO] ✓ [LoginJuzgadoPaso] Completado.
[ACTUALIZAR PAGOS · AUTO] ▶ [DescargasParalelasPaso] Iniciando...
[ACTUALIZAR PAGOS · AUTO] ==================================================
[ACTUALIZAR PAGOS · AUTO] 🚀 PASO: DescargasParalelasPaso
[ACTUALIZAR PAGOS · AUTO] ==================================================
[ACTUALIZAR PAGOS · AUTO] 📤 Arrancando las 3 descargas en paralelo (mismo browser, páginas separadas)...
[ACTUALIZAR PAGOS · AUTO] Fecha Desde: 27/06/2024
[ACTUALIZAR PAGOS · AUTO] Fecha Hasta: 24/11/2025
[ACTUALIZAR PAGOS · AUTO] Fecha Desde: 25/11/2025
[ACTUALIZAR PAGOS · AUTO] Fecha Hasta: 22/07/2026
[ACTUALIZAR PAGOS · AUTO] Descargando Excel...
[ACTUALIZAR PAGOS · AUTO] Descargando Excel...
[ACTUALIZAR PAGOS · AUTO] Archivo descargado en: backend/descargas/cache_actas_cruce/MULTAS_JUZGADO_CRUCE.xlsx
[ACTUALIZAR PAGOS · AUTO] ⏱ [actas_juzgado] completado en 24.9s
[ACTUALIZAR PAGOS · AUTO] ✅ TXT de pagos descargado en: backend/descargas/pagos/2026-07-22/PAGOS DESCARGADOS.txt
[ACTUALIZAR PAGOS · AUTO] ⏱ [pagos_txt] completado en 25.0s
[ACTUALIZAR PAGOS · AUTO] Archivo descargado en: backend/descargas/cache_actas_cruce/MULTAS_SIGEMI_CRUCE.xlsx
[ACTUALIZAR PAGOS · AUTO] ⏱ [actas_sigemi] completado en 70.2s
[ACTUALIZAR PAGOS · AUTO] ⏱ TOTAL descargas en paralelo: 70.2s
[ACTUALIZAR PAGOS · AUTO] ✅ DescargasParalelasPaso finalizado. (⏱ 71.7s)
[ACTUALIZAR PAGOS · AUTO] ✓ [DescargasParalelasPaso] Completado.
[ACTUALIZAR PAGOS · AUTO] ▶ [CompararActasPaso] Iniciando...
[ACTUALIZAR PAGOS · AUTO] ==================================================
[ACTUALIZAR PAGOS · AUTO] 🚀 PASO: CompararActasPaso
[ACTUALIZAR PAGOS · AUTO] ==================================================
[ACTUALIZAR PAGOS · AUTO] 🔍 Comparando actas del SEMyT contra pagos del Juzgado...
[ACTUALIZAR PAGOS · AUTO] ================================================================================
[ACTUALIZAR PAGOS · AUTO] INICIANDO PROCESO DE GENERACIÓN DE PAGOS DESACTUALIZADOS
[ACTUALIZAR PAGOS · AUTO] ================================================================================
[ACTUALIZAR PAGOS · AUTO] 📂 Cargando archivos...
[ACTUALIZAR PAGOS · AUTO]   ✓ Pagos: 16087 registros
[ACTUALIZAR PAGOS · AUTO]   ✓ Excel SIGEMI (multas vencidas viejas): 103899 registros
[ACTUALIZAR PAGOS · AUTO]   ✓ Excel Juzgado (multas vencidas nuevas): 40128 registros
[ACTUALIZAR PAGOS · AUTO] ================================================================================
[ACTUALIZAR PAGOS · AUTO] PASO 1: LLENANDO ACTA_NUMERO (búsqueda por patente + fecha, con desempate por hora)
[ACTUALIZAR PAGOS · AUTO] ================================================================================
[ACTUALIZAR PAGOS · AUTO] 📊 ESTADÍSTICAS DE LLENADO DE ACTAS:
[ACTUALIZAR PAGOS · AUTO]   • Pagos con acta ORIGINAL: 2408
[ACTUALIZAR PAGOS · AUTO]   • Pagos SIN acta (buscados): 13679
[ACTUALIZAR PAGOS · AUTO]   • Pagos LLENADOS exitosamente: 3
[ACTUALIZAR PAGOS · AUTO]   • Pagos NO encontrados en multas: 13676
[ACTUALIZAR PAGOS · AUTO]   • Pagos SIN RESOLVER por desbalance de cantidades: 0
[ACTUALIZAR PAGOS · AUTO] ================================================================================
[ACTUALIZAR PAGOS · AUTO] PASO 1: LLENANDO ACTA_NUMERO (búsqueda por patente + fecha, con desempate por hora)
[ACTUALIZAR PAGOS · AUTO] ================================================================================
[ACTUALIZAR PAGOS · AUTO] 📊 ESTADÍSTICAS DE LLENADO DE ACTAS:
[ACTUALIZAR PAGOS · AUTO]   • Pagos con acta ORIGINAL: 2411
[ACTUALIZAR PAGOS · AUTO]   • Pagos SIN acta (buscados): 13676
[ACTUALIZAR PAGOS · AUTO]   • Pagos LLENADOS exitosamente: 0
[ACTUALIZAR PAGOS · AUTO]   • Pagos NO encontrados en multas: 13676
[ACTUALIZAR PAGOS · AUTO]   • Pagos SIN RESOLVER por desbalance de cantidades: 0
[ACTUALIZAR PAGOS · AUTO] ⏱ PASO 1 (llenar actas): 16.6s
[ACTUALIZAR PAGOS · AUTO] ================================================================================
[ACTUALIZAR PAGOS · AUTO] PASO 2: FILTRANDO PAGOS CON ACTA_NUMERO COMPLETO
[ACTUALIZAR PAGOS · AUTO] ================================================================================
[ACTUALIZAR PAGOS · AUTO] 📊 ESTADÍSTICAS DE FILTRADO:
[ACTUALIZAR PAGOS · AUTO]   • Pagos TOTALES al inicio: 16087
[ACTUALIZAR PAGOS · AUTO]   • Pagos CON acta (MANTIENEN): 2411
[ACTUALIZAR PAGOS · AUTO]   • Pagos RECHAZADOS (sin coincidencias): 13676
[ACTUALIZAR PAGOS · AUTO] ⚠️  Se eliminaron 13676 registros sin número de acta
[ACTUALIZAR PAGOS · AUTO]      (recordá: esto incluye tanto pagos ya actualizados/pagados
[ACTUALIZAR PAGOS · AUTO]       como pagos que quedaron sin resolver por desbalance en el Paso 1)
[ACTUALIZAR PAGOS · AUTO] ================================================================================
[ACTUALIZAR PAGOS · AUTO] PASO 2-bis: CONFIRMANDO VIGENCIA DE PAGOS DEL SISTEMA NUEVO (contra MULTAS_JUZGADO_CRUCE)
[ACTUALIZAR PAGOS · AUTO] ================================================================================
[ACTUALIZAR PAGOS · AUTO]   ⚠ 2406 pago(s) del sistema nuevo descartados: su acta ya no figura como vencida en MULTAS_JUZGADO_CRUCE (SEMyT ya los actualizó).
[ACTUALIZAR PAGOS · AUTO]   • Pagos del sistema nuevo descartados por ya estar actualizados: 2406
[ACTUALIZAR PAGOS · AUTO] ⏱ PASO 2 (filtrar): 0.9s
[ACTUALIZAR PAGOS · AUTO] 📂 Cargando maestro de causas SIGEMI...
[ACTUALIZAR PAGOS · AUTO]   ✓ Causas totales (maestro): 134069 registros
[ACTUALIZAR PAGOS · AUTO] ⏱ PASO 2.5 (causas simplificado): 0.1s
[ACTUALIZAR PAGOS · AUTO] ================================================================================
[ACTUALIZAR PAGOS · AUTO] PASO 2.5: ARMANDO causas.txt SIMPLIFICADO (cruce contra total_causas_sigemi.txt)
[ACTUALIZAR PAGOS · AUTO] ================================================================================
[ACTUALIZAR PAGOS · AUTO]   • Actas vencidas viejas (multas): 103899
[ACTUALIZAR PAGOS · AUTO]   • Causas totales en el maestro SIGEMI: 134069
[ACTUALIZAR PAGOS · AUTO]   • Causas que coinciden (simplificado): 103569
[ACTUALIZAR PAGOS · AUTO]   ✅ Archivo escrito: backend/descargas/causas/causas.txt
[ACTUALIZAR PAGOS · AUTO] ⏱ PASO 2.5 (causas simplificado): 2.6s
[ACTUALIZAR PAGOS · AUTO] ================================================================================
[ACTUALIZAR PAGOS · AUTO] PASO 3: LLENANDO CAUSA_NUMERO (según fecha de cambio de sistema, cruzando por acta + año)
[ACTUALIZAR PAGOS · AUTO] ================================================================================
[ACTUALIZAR PAGOS · AUTO] 📊 ESTADÍSTICAS DE LLENADO DE CAUSAS:
[ACTUALIZAR PAGOS · AUTO]   • Pagos con causa ORIGINAL: 2
[ACTUALIZAR PAGOS · AUTO]   • Causas encontradas en SIGEMI (actas viejas): 3
[ACTUALIZAR PAGOS · AUTO]   • Causas NO encontradas en SIGEMI: 0
[ACTUALIZAR PAGOS · AUTO]   • Causas asignadas automáticamente (actas nuevas): 0
[ACTUALIZAR PAGOS · AUTO] ⏱ PASO 3 (llenar causas): 0.0s
[ACTUALIZAR PAGOS · AUTO] ================================================================================
[ACTUALIZAR PAGOS · AUTO] PASO 4: ORDENANDO POR FECHA Y ACTA_NUMERO
[ACTUALIZAR PAGOS · AUTO] ================================================================================
[ACTUALIZAR PAGOS · AUTO] ✓ Pagos ordenados correctamente
[ACTUALIZAR PAGOS · AUTO]   • Primera entrada: Acta=158673, Fecha=31/05/2025
[ACTUALIZAR PAGOS · AUTO]   • Última entrada: Acta=260294, Fecha=29/01/2026
[ACTUALIZAR PAGOS · AUTO] 📝 Escribiendo archivo de salida...
[ACTUALIZAR PAGOS · AUTO]   ✅ Archivo escrito: backend/descargas/pagos/2026-07-22/PAGOS 20260722 101504.txt
[ACTUALIZAR PAGOS · AUTO]   ✅ Total registros: 688
[ACTUALIZAR PAGOS · AUTO] ⏱ PASO 4 (ordenar y escribir): 0.0s
[ACTUALIZAR PAGOS · AUTO] ================================================================================
[ACTUALIZAR PAGOS · AUTO] ✅ PROCESO COMPLETADO EXITOSAMENTE
[ACTUALIZAR PAGOS · AUTO] ================================================================================
[ACTUALIZAR PAGOS · AUTO] 📊 RESUMEN FINAL DEL PROCESAMIENTO:
[ACTUALIZAR PAGOS · AUTO]   ENTRADA:
[ACTUALIZAR PAGOS · AUTO]     • Pagos originales: 16087
[ACTUALIZAR PAGOS · AUTO]     • Multas SIGEMI cargadas: 103899
[ACTUALIZAR PAGOS · AUTO]     • Multas Juzgado cargadas: 40128
[ACTUALIZAR PAGOS · AUTO]     • Causas simplificadas (usadas para el cruce): 103569
[ACTUALIZAR PAGOS · AUTO]   PROCESO:
[ACTUALIZAR PAGOS · AUTO]     • Pagos rechazados sigemi: 13676
[ACTUALIZAR PAGOS · AUTO]     • Pagos rechazados juzgado: 2406
[ACTUALIZAR PAGOS · AUTO]   SALIDA:
[ACTUALIZAR PAGOS · AUTO]     • Pagos desactualizados procesados: 5
[ACTUALIZAR PAGOS · AUTO]     • Archivo final: backend/descargas/pagos/2026-07-22/PAGOS 20260722 101504.txt
[ACTUALIZAR PAGOS · AUTO]     • Ordenados por fecha: SÍ ✓
[ACTUALIZAR PAGOS · AUTO]     • Todos con ACTA_NUMERO: SÍ ✓
[ACTUALIZAR PAGOS · AUTO]     • Todos con CAUSA_NUMERO: SÍ ✓
[ACTUALIZAR PAGOS · AUTO] ✅ TXT de pagos (ya cruzado con actas y causas) generado en: backend/descargas/pagos/2026-07-22/PAGOS 20260722 101504.txt
[ACTUALIZAR PAGOS · AUTO] 🧹 TXT de pagos crudo eliminado (ya usado en el cruce): backend/descargas/pagos/2026-07-22/PAGOS DESCARGADOS.txt
[ACTUALIZAR PAGOS · AUTO] 🧹 Excel MULTAS_SIGEMI_CRUCE eliminado (ya usado en el cruce): backend/descargas/cache_actas_cruce/MULTAS_SIGEMI_CRUCE.xlsx
[ACTUALIZAR PAGOS · AUTO] 🧹 Excel MULTAS_JUZGADO_CRUCE eliminado (ya usado en el cruce): backend/descargas/cache_actas_cruce/MULTAS_JUZGADO_CRUCE.xlsx
[ACTUALIZAR PAGOS · AUTO] ✅ CompararActasPaso finalizado. (⏱ 47.2s)
[ACTUALIZAR PAGOS · AUTO] ✓ [CompararActasPaso] Completado.
[ACTUALIZAR PAGOS · AUTO] ▶ [CargarPagosPaso] Iniciando...
[ACTUALIZAR PAGOS · AUTO] ==================================================
[ACTUALIZAR PAGOS · AUTO] 🚀 PASO: CargarPagosPaso
[ACTUALIZAR PAGOS · AUTO] ==================================================
[ACTUALIZAR PAGOS · AUTO] 📤 Subiendo TXT de pagos al SEMyT...
[ACTUALIZAR PAGOS · AUTO] ✅ Importación de pagos completada con éxito.
[ACTUALIZAR PAGOS · AUTO] ✅ Archivo TXT de pagos cargado en el SEMyT correctamente.
[ACTUALIZAR PAGOS · AUTO] ✅ CargarPagosPaso finalizado. (⏱ 2.9s)
[ACTUALIZAR PAGOS · AUTO] ✓ [CargarPagosPaso] Completado.
[ACTUALIZAR PAGOS · AUTO] === Ejecución finalizada con éxito ===
🤖 [Automático] Es hora de actualizar pagos. Arrancando...
[ACTUALIZAR PAGOS · AUTO] === Inicio de ejecución: pagos ===
[ACTUALIZAR PAGOS · AUTO] ▶ [LoginSemytPaso] Iniciando...
[ACTUALIZAR PAGOS · AUTO] ==================================================
[ACTUALIZAR PAGOS · AUTO] 🚀 PASO: LoginSemytPaso
[ACTUALIZAR PAGOS · AUTO] ==================================================
[ACTUALIZAR PAGOS · AUTO] Abriendo SEMyT...
⏳ [Automático] Tocaba disparar 'pagos' pero ya hay una ejecución en curso (Actualizar pagos); esperando a que termine; se reintenta en breve sin perder el turno.
[ACTUALIZAR PAGOS · AUTO] ✅ [SEMyT] Sesión existente detectada. Login omitido.
[ACTUALIZAR PAGOS · AUTO] ✅ LoginSemytPaso finalizado. (⏱ 32.9s)
[ACTUALIZAR PAGOS · AUTO] ✓ [LoginSemytPaso] Completado.
[ACTUALIZAR PAGOS · AUTO] ▶ [LoginJuzgadoPaso] Iniciando...
[ACTUALIZAR PAGOS · AUTO] ==================================================
[ACTUALIZAR PAGOS · AUTO] 🚀 PASO: LoginJuzgadoPaso
[ACTUALIZAR PAGOS · AUTO] ==================================================
[ACTUALIZAR PAGOS · AUTO] Abriendo sitio municipalidad (CiDi)...
[ACTUALIZAR PAGOS · AUTO] ✅ [Juzgado] Sesión existente detectada. Login omitido.
[ACTUALIZAR PAGOS · AUTO] ✅ LoginJuzgadoPaso finalizado. (⏱ 1.6s)
[ACTUALIZAR PAGOS · AUTO] ✓ [LoginJuzgadoPaso] Completado.
[ACTUALIZAR PAGOS · AUTO] ▶ [DescargasParalelasPaso] Iniciando...
[ACTUALIZAR PAGOS · AUTO] ==================================================
[ACTUALIZAR PAGOS · AUTO] 🚀 PASO: DescargasParalelasPaso
[ACTUALIZAR PAGOS · AUTO] ==================================================
[ACTUALIZAR PAGOS · AUTO] 📤 Arrancando las 3 descargas en paralelo (mismo browser, páginas separadas)...
[ACTUALIZAR PAGOS · AUTO] Fecha Desde: 27/06/2024
[ACTUALIZAR PAGOS · AUTO] Fecha Hasta: 24/11/2025
[ACTUALIZAR PAGOS · AUTO] Fecha Desde: 25/11/2025
[ACTUALIZAR PAGOS · AUTO] Fecha Hasta: 22/07/2026
[ACTUALIZAR PAGOS · AUTO] Descargando Excel...
[ACTUALIZAR PAGOS · AUTO] Descargando Excel...
[ACTUALIZAR PAGOS · AUTO] ✅ TXT de pagos descargado en: backend/descargas/pagos/2026-07-22/PAGOS DESCARGADOS.txt
[ACTUALIZAR PAGOS · AUTO] ⏱ [pagos_txt] completado en 22.8s
[ACTUALIZAR PAGOS · AUTO] Archivo descargado en: backend/descargas/cache_actas_cruce/MULTAS_JUZGADO_CRUCE.xlsx
[ACTUALIZAR PAGOS · AUTO] ⏱ [actas_juzgado] completado en 39.7s
[ACTUALIZAR PAGOS · AUTO] Archivo descargado en: backend/descargas/cache_actas_cruce/MULTAS_SIGEMI_CRUCE.xlsx
[ACTUALIZAR PAGOS · AUTO] ⏱ [actas_sigemi] completado en 84.1s
[ACTUALIZAR PAGOS · AUTO] ⏱ TOTAL descargas en paralelo: 84.1s
[ACTUALIZAR PAGOS · AUTO] ✅ DescargasParalelasPaso finalizado. (⏱ 85.5s)
[ACTUALIZAR PAGOS · AUTO] ✓ [DescargasParalelasPaso] Completado.
[ACTUALIZAR PAGOS · AUTO] ▶ [CompararActasPaso] Iniciando...
[ACTUALIZAR PAGOS · AUTO] ==================================================
[ACTUALIZAR PAGOS · AUTO] 🚀 PASO: CompararActasPaso
[ACTUALIZAR PAGOS · AUTO] ==================================================
[ACTUALIZAR PAGOS · AUTO] 🔍 Comparando actas del SEMyT contra pagos del Juzgado...
[ACTUALIZAR PAGOS · AUTO] ================================================================================
[ACTUALIZAR PAGOS · AUTO] INICIANDO PROCESO DE GENERACIÓN DE PAGOS DESACTUALIZADOS
[ACTUALIZAR PAGOS · AUTO] ================================================================================
[ACTUALIZAR PAGOS · AUTO] 📂 Cargando archivos...
[ACTUALIZAR PAGOS · AUTO]   ✓ Pagos: 16096 registros
[ACTUALIZAR PAGOS · AUTO]   ✓ Excel SIGEMI (multas vencidas viejas): 103896 registros
[ACTUALIZAR PAGOS · AUTO]   ✓ Excel Juzgado (multas vencidas nuevas): 40126 registros
[ACTUALIZAR PAGOS · AUTO] ================================================================================
[ACTUALIZAR PAGOS · AUTO] PASO 1: LLENANDO ACTA_NUMERO (búsqueda por patente + fecha, con desempate por hora)
[ACTUALIZAR PAGOS · AUTO] ================================================================================
[ACTUALIZAR PAGOS · AUTO] 📊 ESTADÍSTICAS DE LLENADO DE ACTAS:
[ACTUALIZAR PAGOS · AUTO]   • Pagos con acta ORIGINAL: 2412
[ACTUALIZAR PAGOS · AUTO]   • Pagos SIN acta (buscados): 13684
[ACTUALIZAR PAGOS · AUTO]   • Pagos LLENADOS exitosamente: 5
[ACTUALIZAR PAGOS · AUTO]   • Pagos NO encontrados en multas: 13679
[ACTUALIZAR PAGOS · AUTO]   • Pagos SIN RESOLVER por desbalance de cantidades: 0
[ACTUALIZAR PAGOS · AUTO] ================================================================================
[ACTUALIZAR PAGOS · AUTO] PASO 1: LLENANDO ACTA_NUMERO (búsqueda por patente + fecha, con desempate por hora)
[ACTUALIZAR PAGOS · AUTO] ================================================================================
[ACTUALIZAR PAGOS · AUTO] 📊 ESTADÍSTICAS DE LLENADO DE ACTAS:
[ACTUALIZAR PAGOS · AUTO]   • Pagos con acta ORIGINAL: 2417
[ACTUALIZAR PAGOS · AUTO]   • Pagos SIN acta (buscados): 13679
[ACTUALIZAR PAGOS · AUTO]   • Pagos LLENADOS exitosamente: 0
[ACTUALIZAR PAGOS · AUTO]   • Pagos NO encontrados en multas: 13679
[ACTUALIZAR PAGOS · AUTO]   • Pagos SIN RESOLVER por desbalance de cantidades: 0
[ACTUALIZAR PAGOS · AUTO] ⏱ PASO 1 (llenar actas): 19.1s
[ACTUALIZAR PAGOS · AUTO] ================================================================================
[ACTUALIZAR PAGOS · AUTO] PASO 2: FILTRANDO PAGOS CON ACTA_NUMERO COMPLETO
[ACTUALIZAR PAGOS · AUTO] ================================================================================
[ACTUALIZAR PAGOS · AUTO] 📊 ESTADÍSTICAS DE FILTRADO:
[ACTUALIZAR PAGOS · AUTO]   • Pagos TOTALES al inicio: 16096
[ACTUALIZAR PAGOS · AUTO]   • Pagos CON acta (MANTIENEN): 2417
[ACTUALIZAR PAGOS · AUTO]   • Pagos RECHAZADOS (sin coincidencias): 13679
[ACTUALIZAR PAGOS · AUTO] ⚠️  Se eliminaron 13679 registros sin número de acta
[ACTUALIZAR PAGOS · AUTO]      (recordá: esto incluye tanto pagos ya actualizados/pagados
[ACTUALIZAR PAGOS · AUTO]       como pagos que quedaron sin resolver por desbalance en el Paso 1)
[ACTUALIZAR PAGOS · AUTO] ================================================================================
[ACTUALIZAR PAGOS · AUTO] PASO 2-bis: CONFIRMANDO VIGENCIA DE PAGOS DEL SISTEMA NUEVO (contra MULTAS_JUZGADO_CRUCE)
[ACTUALIZAR PAGOS · AUTO] ================================================================================
[ACTUALIZAR PAGOS · AUTO]   ⚠ 2408 pago(s) del sistema nuevo descartados: su acta ya no figura como vencida en MULTAS_JUZGADO_CRUCE (SEMyT ya los actualizó).
[ACTUALIZAR PAGOS · AUTO]   • Pagos del sistema nuevo descartados por ya estar actualizados: 2408
[ACTUALIZAR PAGOS · AUTO] ⏱ PASO 2 (filtrar): 1.4s
[ACTUALIZAR PAGOS · AUTO] 📂 Cargando maestro de causas SIGEMI...
[ACTUALIZAR PAGOS · AUTO]   ✓ Causas totales (maestro): 134069 registros
[ACTUALIZAR PAGOS · AUTO] ⏱ PASO 2.5 (causas simplificado): 0.2s
[ACTUALIZAR PAGOS · AUTO] ================================================================================
[ACTUALIZAR PAGOS · AUTO] PASO 2.5: ARMANDO causas.txt SIMPLIFICADO (cruce contra total_causas_sigemi.txt)
[ACTUALIZAR PAGOS · AUTO] ================================================================================
[ACTUALIZAR PAGOS · AUTO]   • Actas vencidas viejas (multas): 103896
[ACTUALIZAR PAGOS · AUTO]   • Causas totales en el maestro SIGEMI: 134069
[ACTUALIZAR PAGOS · AUTO]   • Causas que coinciden (simplificado): 103566
[ACTUALIZAR PAGOS · AUTO]   ✅ Archivo escrito: backend/descargas/causas/causas.txt
[ACTUALIZAR PAGOS · AUTO] ⏱ PASO 2.5 (causas simplificado): 2.5s
[ACTUALIZAR PAGOS · AUTO] ================================================================================
[ACTUALIZAR PAGOS · AUTO] PASO 3: LLENANDO CAUSA_NUMERO (según fecha de cambio de sistema, cruzando por acta + año)
[ACTUALIZAR PAGOS · AUTO] ================================================================================
[ACTUALIZAR PAGOS · AUTO] 📊 ESTADÍSTICAS DE LLENADO DE CAUSAS:
[ACTUALIZAR PAGOS · AUTO]   • Pagos con causa ORIGINAL: 4
[ACTUALIZAR PAGOS · AUTO]   • Causas encontradas en SIGEMI (actas viejas): 5
[ACTUALIZAR PAGOS · AUTO]   • Causas NO encontradas en SIGEMI: 0
[ACTUALIZAR PAGOS · AUTO]   • Causas asignadas automáticamente (actas nuevas): 0
[ACTUALIZAR PAGOS · AUTO] ⏱ PASO 3 (llenar causas): 0.0s
[ACTUALIZAR PAGOS · AUTO] ================================================================================
[ACTUALIZAR PAGOS · AUTO] PASO 4: ORDENANDO POR FECHA Y ACTA_NUMERO
[ACTUALIZAR PAGOS · AUTO] ================================================================================
[ACTUALIZAR PAGOS · AUTO] ✓ Pagos ordenados correctamente
[ACTUALIZAR PAGOS · AUTO]   • Primera entrada: Acta=879, Fecha=27/06/2024
[ACTUALIZAR PAGOS · AUTO]   • Última entrada: Acta=262871, Fecha=05/02/2026
[ACTUALIZAR PAGOS · AUTO] 📝 Escribiendo archivo de salida...
[ACTUALIZAR PAGOS · AUTO]   ✅ Archivo escrito: backend/descargas/pagos/2026-07-22/PAGOS 20260722 102807.txt
[ACTUALIZAR PAGOS · AUTO]   ✅ Total registros: 1066
[ACTUALIZAR PAGOS · AUTO] ⏱ PASO 4 (ordenar y escribir): 0.0s
[ACTUALIZAR PAGOS · AUTO] ================================================================================
[ACTUALIZAR PAGOS · AUTO] ✅ PROCESO COMPLETADO EXITOSAMENTE
[ACTUALIZAR PAGOS · AUTO] ================================================================================
[ACTUALIZAR PAGOS · AUTO] 📊 RESUMEN FINAL DEL PROCESAMIENTO:
[ACTUALIZAR PAGOS · AUTO]   ENTRADA:
[ACTUALIZAR PAGOS · AUTO]     • Pagos originales: 16096
[ACTUALIZAR PAGOS · AUTO]     • Multas SIGEMI cargadas: 103896
[ACTUALIZAR PAGOS · AUTO]     • Multas Juzgado cargadas: 40126
[ACTUALIZAR PAGOS · AUTO]     • Causas simplificadas (usadas para el cruce): 103566
[ACTUALIZAR PAGOS · AUTO]   PROCESO:
[ACTUALIZAR PAGOS · AUTO]     • Pagos rechazados sigemi: 13679
[ACTUALIZAR PAGOS · AUTO]     • Pagos rechazados juzgado: 2408
[ACTUALIZAR PAGOS · AUTO]   SALIDA:
[ACTUALIZAR PAGOS · AUTO]     • Pagos desactualizados procesados: 9
[ACTUALIZAR PAGOS · AUTO]     • Archivo final: backend/descargas/pagos/2026-07-22/PAGOS 20260722 102807.txt
[ACTUALIZAR PAGOS · AUTO]     • Ordenados por fecha: SÍ ✓
[ACTUALIZAR PAGOS · AUTO]     • Todos con ACTA_NUMERO: SÍ ✓
[ACTUALIZAR PAGOS · AUTO]     • Todos con CAUSA_NUMERO: SÍ ✓
[ACTUALIZAR PAGOS · AUTO] ✅ TXT de pagos (ya cruzado con actas y causas) generado en: backend/descargas/pagos/2026-07-22/PAGOS 20260722 102807.txt
[ACTUALIZAR PAGOS · AUTO] 🧹 TXT de pagos crudo eliminado (ya usado en el cruce): backend/descargas/pagos/2026-07-22/PAGOS DESCARGADOS.txt
[ACTUALIZAR PAGOS · AUTO] 🧹 Excel MULTAS_SIGEMI_CRUCE eliminado (ya usado en el cruce): backend/descargas/cache_actas_cruce/MULTAS_SIGEMI_CRUCE.xlsx
[ACTUALIZAR PAGOS · AUTO] 🧹 Excel MULTAS_JUZGADO_CRUCE eliminado (ya usado en el cruce): backend/descargas/cache_actas_cruce/MULTAS_JUZGADO_CRUCE.xlsx
[ACTUALIZAR PAGOS · AUTO] ✅ CompararActasPaso finalizado. (⏱ 49.0s)
[ACTUALIZAR PAGOS · AUTO] ✓ [CompararActasPaso] Completado.
[ACTUALIZAR PAGOS · AUTO] ▶ [CargarPagosPaso] Iniciando...
[ACTUALIZAR PAGOS · AUTO] ==================================================
[ACTUALIZAR PAGOS · AUTO] 🚀 PASO: CargarPagosPaso
[ACTUALIZAR PAGOS · AUTO] ==================================================
[ACTUALIZAR PAGOS · AUTO] 📤 Subiendo TXT de pagos al SEMyT...
[ACTUALIZAR PAGOS · AUTO] ✅ Importación de pagos completada con éxito.
[ACTUALIZAR PAGOS · AUTO] ✅ Archivo TXT de pagos cargado en el SEMyT correctamente.
[ACTUALIZAR PAGOS · AUTO] ✅ CargarPagosPaso finalizado. (⏱ 2.8s)
[ACTUALIZAR PAGOS · AUTO] ✓ [CargarPagosPaso] Completado.
[ACTUALIZAR PAGOS · AUTO] === Ejecución finalizada con éxito ===
🤖 [Automático] Es hora de actualizar pagos. Arrancando...
[ACTUALIZAR PAGOS · AUTO] === Inicio de ejecución: pagos ===
[ACTUALIZAR PAGOS · AUTO] ▶ [LoginSemytPaso] Iniciando...
[ACTUALIZAR PAGOS · AUTO] ==================================================
[ACTUALIZAR PAGOS · AUTO] 🚀 PASO: LoginSemytPaso
[ACTUALIZAR PAGOS · AUTO] ==================================================
[ACTUALIZAR PAGOS · AUTO] Abriendo SEMyT...
⏳ [Automático] Tocaba disparar 'pagos' pero ya hay una ejecución en curso (Actualizar pagos); esperando a que termine; se reintenta en breve sin perder el turno.
[ACTUALIZAR PAGOS · AUTO] ✅ [SEMyT] Sesión existente detectada. Login omitido.
[ACTUALIZAR PAGOS · AUTO] ✅ LoginSemytPaso finalizado. (⏱ 36.7s)
[ACTUALIZAR PAGOS · AUTO] ✓ [LoginSemytPaso] Completado.
[ACTUALIZAR PAGOS · AUTO] ▶ [LoginJuzgadoPaso] Iniciando...
[ACTUALIZAR PAGOS · AUTO] ==================================================
[ACTUALIZAR PAGOS · AUTO] 🚀 PASO: LoginJuzgadoPaso
[ACTUALIZAR PAGOS · AUTO] ==================================================
[ACTUALIZAR PAGOS · AUTO] Abriendo sitio municipalidad (CiDi)...
[ACTUALIZAR PAGOS · AUTO] ✅ [Juzgado] Sesión existente detectada. Login omitido.
[ACTUALIZAR PAGOS · AUTO] ✅ LoginJuzgadoPaso finalizado. (⏱ 1.8s)
[ACTUALIZAR PAGOS · AUTO] ✓ [LoginJuzgadoPaso] Completado.
[ACTUALIZAR PAGOS · AUTO] ▶ [DescargasParalelasPaso] Iniciando...
[ACTUALIZAR PAGOS · AUTO] ==================================================
[ACTUALIZAR PAGOS · AUTO] 🚀 PASO: DescargasParalelasPaso
[ACTUALIZAR PAGOS · AUTO] ==================================================
[ACTUALIZAR PAGOS · AUTO] 📤 Arrancando las 3 descargas en paralelo (mismo browser, páginas separadas)...
[ACTUALIZAR PAGOS · AUTO] Fecha Desde: 27/06/2024
[ACTUALIZAR PAGOS · AUTO] Fecha Hasta: 24/11/2025
[ACTUALIZAR PAGOS · AUTO] Fecha Desde: 25/11/2025
[ACTUALIZAR PAGOS · AUTO] Fecha Hasta: 22/07/2026
[ACTUALIZAR PAGOS · AUTO] Descargando Excel...
[ACTUALIZAR PAGOS · AUTO] Descargando Excel...
[ACTUALIZAR PAGOS · AUTO] Archivo descargado en: backend/descargas/cache_actas_cruce/MULTAS_JUZGADO_CRUCE.xlsx
[ACTUALIZAR PAGOS · AUTO] ⏱ [actas_juzgado] completado en 36.0s
[ACTUALIZAR PAGOS · AUTO] ✅ TXT de pagos descargado en: backend/descargas/pagos/2026-07-22/PAGOS DESCARGADOS.txt
[ACTUALIZAR PAGOS · AUTO] ⏱ [pagos_txt] completado en 36.1s
[ACTUALIZAR PAGOS · AUTO] Archivo descargado en: backend/descargas/cache_actas_cruce/MULTAS_SIGEMI_CRUCE.xlsx
[ACTUALIZAR PAGOS · AUTO] ⏱ [actas_sigemi] completado en 103.1s
[ACTUALIZAR PAGOS · AUTO] ⏱ TOTAL descargas en paralelo: 103.2s
[ACTUALIZAR PAGOS · AUTO] ✅ DescargasParalelasPaso finalizado. (⏱ 104.5s)
[ACTUALIZAR PAGOS · AUTO] ✓ [DescargasParalelasPaso] Completado.
[ACTUALIZAR PAGOS · AUTO] ▶ [CompararActasPaso] Iniciando...
[ACTUALIZAR PAGOS · AUTO] ==================================================
[ACTUALIZAR PAGOS · AUTO] 🚀 PASO: CompararActasPaso
[ACTUALIZAR PAGOS · AUTO] ==================================================
[ACTUALIZAR PAGOS · AUTO] 🔍 Comparando actas del SEMyT contra pagos del Juzgado...
[ACTUALIZAR PAGOS · AUTO] ================================================================================
[ACTUALIZAR PAGOS · AUTO] INICIANDO PROCESO DE GENERACIÓN DE PAGOS DESACTUALIZADOS
[ACTUALIZAR PAGOS · AUTO] ================================================================================
[ACTUALIZAR PAGOS · AUTO] 📂 Cargando archivos...
[ACTUALIZAR PAGOS · AUTO]   ✓ Pagos: 16100 registros
[ACTUALIZAR PAGOS · AUTO]   ✓ Excel SIGEMI (multas vencidas viejas): 103891 registros
[ACTUALIZAR PAGOS · AUTO]   ✓ Excel Juzgado (multas vencidas nuevas): 40122 registros
[ACTUALIZAR PAGOS · AUTO] ================================================================================
[ACTUALIZAR PAGOS · AUTO] PASO 1: LLENANDO ACTA_NUMERO (búsqueda por patente + fecha, con desempate por hora)
[ACTUALIZAR PAGOS · AUTO] ================================================================================
[ACTUALIZAR PAGOS · AUTO] 📊 ESTADÍSTICAS DE LLENADO DE ACTAS:
[ACTUALIZAR PAGOS · AUTO]   • Pagos con acta ORIGINAL: 2413
[ACTUALIZAR PAGOS · AUTO]   • Pagos SIN acta (buscados): 13687
[ACTUALIZAR PAGOS · AUTO]   • Pagos LLENADOS exitosamente: 3
[ACTUALIZAR PAGOS · AUTO]   • Pagos NO encontrados en multas: 13684
[ACTUALIZAR PAGOS · AUTO]   • Pagos SIN RESOLVER por desbalance de cantidades: 0
[ACTUALIZAR PAGOS · AUTO] ================================================================================
[ACTUALIZAR PAGOS · AUTO] PASO 1: LLENANDO ACTA_NUMERO (búsqueda por patente + fecha, con desempate por hora)
[ACTUALIZAR PAGOS · AUTO] ================================================================================
[ACTUALIZAR PAGOS · AUTO] 📊 ESTADÍSTICAS DE LLENADO DE ACTAS:
[ACTUALIZAR PAGOS · AUTO]   • Pagos con acta ORIGINAL: 2416
[ACTUALIZAR PAGOS · AUTO]   • Pagos SIN acta (buscados): 13684
[ACTUALIZAR PAGOS · AUTO]   • Pagos LLENADOS exitosamente: 0
[ACTUALIZAR PAGOS · AUTO]   • Pagos NO encontrados en multas: 13684
[ACTUALIZAR PAGOS · AUTO]   • Pagos SIN RESOLVER por desbalance de cantidades: 0
[ACTUALIZAR PAGOS · AUTO] ⏱ PASO 1 (llenar actas): 15.2s
[ACTUALIZAR PAGOS · AUTO] ================================================================================
[ACTUALIZAR PAGOS · AUTO] PASO 2: FILTRANDO PAGOS CON ACTA_NUMERO COMPLETO
[ACTUALIZAR PAGOS · AUTO] ================================================================================
[ACTUALIZAR PAGOS · AUTO] 📊 ESTADÍSTICAS DE FILTRADO:
[ACTUALIZAR PAGOS · AUTO]   • Pagos TOTALES al inicio: 16100
[ACTUALIZAR PAGOS · AUTO]   • Pagos CON acta (MANTIENEN): 2416
[ACTUALIZAR PAGOS · AUTO]   • Pagos RECHAZADOS (sin coincidencias): 13684
[ACTUALIZAR PAGOS · AUTO] ⚠️  Se eliminaron 13684 registros sin número de acta
[ACTUALIZAR PAGOS · AUTO]      (recordá: esto incluye tanto pagos ya actualizados/pagados
[ACTUALIZAR PAGOS · AUTO]       como pagos que quedaron sin resolver por desbalance en el Paso 1)
[ACTUALIZAR PAGOS · AUTO] ================================================================================
[ACTUALIZAR PAGOS · AUTO] PASO 2-bis: CONFIRMANDO VIGENCIA DE PAGOS DEL SISTEMA NUEVO (contra MULTAS_JUZGADO_CRUCE)
[ACTUALIZAR PAGOS · AUTO] ================================================================================
[ACTUALIZAR PAGOS · AUTO]   ⚠ 2412 pago(s) del sistema nuevo descartados: su acta ya no figura como vencida en MULTAS_JUZGADO_CRUCE (SEMyT ya los actualizó).
[ACTUALIZAR PAGOS · AUTO]   • Pagos del sistema nuevo descartados por ya estar actualizados: 2412
[ACTUALIZAR PAGOS · AUTO] ⏱ PASO 2 (filtrar): 0.9s
[ACTUALIZAR PAGOS · AUTO] 📂 Cargando maestro de causas SIGEMI...
[ACTUALIZAR PAGOS · AUTO]   ✓ Causas totales (maestro): 134069 registros
[ACTUALIZAR PAGOS · AUTO] ⏱ PASO 2.5 (causas simplificado): 0.1s
[ACTUALIZAR PAGOS · AUTO] ================================================================================
[ACTUALIZAR PAGOS · AUTO] PASO 2.5: ARMANDO causas.txt SIMPLIFICADO (cruce contra total_causas_sigemi.txt)
[ACTUALIZAR PAGOS · AUTO] ================================================================================
[ACTUALIZAR PAGOS · AUTO]   • Actas vencidas viejas (multas): 103891
[ACTUALIZAR PAGOS · AUTO]   • Causas totales en el maestro SIGEMI: 134069
[ACTUALIZAR PAGOS · AUTO]   • Causas que coinciden (simplificado): 103561
[ACTUALIZAR PAGOS · AUTO]   ✅ Archivo escrito: backend/descargas/causas/causas.txt
[ACTUALIZAR PAGOS · AUTO] ⏱ PASO 2.5 (causas simplificado): 2.2s
[ACTUALIZAR PAGOS · AUTO] ================================================================================
[ACTUALIZAR PAGOS · AUTO] PASO 3: LLENANDO CAUSA_NUMERO (según fecha de cambio de sistema, cruzando por acta + año)
[ACTUALIZAR PAGOS · AUTO] ================================================================================
[ACTUALIZAR PAGOS · AUTO] 📊 ESTADÍSTICAS DE LLENADO DE CAUSAS:
[ACTUALIZAR PAGOS · AUTO]   • Pagos con causa ORIGINAL: 1
[ACTUALIZAR PAGOS · AUTO]   • Causas encontradas en SIGEMI (actas viejas): 3
[ACTUALIZAR PAGOS · AUTO]   • Causas NO encontradas en SIGEMI: 0
[ACTUALIZAR PAGOS · AUTO]   • Causas asignadas automáticamente (actas nuevas): 0
[ACTUALIZAR PAGOS · AUTO] ⏱ PASO 3 (llenar causas): 0.0s
[ACTUALIZAR PAGOS · AUTO] ================================================================================
[ACTUALIZAR PAGOS · AUTO] PASO 4: ORDENANDO POR FECHA Y ACTA_NUMERO
[ACTUALIZAR PAGOS · AUTO] ================================================================================
[ACTUALIZAR PAGOS · AUTO] ✓ Pagos ordenados correctamente
[ACTUALIZAR PAGOS · AUTO]   • Primera entrada: Acta=229388, Fecha=04/11/2025
[ACTUALIZAR PAGOS · AUTO]   • Última entrada: Acta=264551, Fecha=10/02/2026
[ACTUALIZAR PAGOS · AUTO] 📝 Escribiendo archivo de salida...
[ACTUALIZAR PAGOS · AUTO]   ✅ Archivo escrito: backend/descargas/pagos/2026-07-22/PAGOS 20260722 104302.txt
[ACTUALIZAR PAGOS · AUTO]   ✅ Total registros: 579
[ACTUALIZAR PAGOS · AUTO] ⏱ PASO 4 (ordenar y escribir): 0.0s
[ACTUALIZAR PAGOS · AUTO] ================================================================================
[ACTUALIZAR PAGOS · AUTO] ✅ PROCESO COMPLETADO EXITOSAMENTE
[ACTUALIZAR PAGOS · AUTO] ================================================================================
[ACTUALIZAR PAGOS · AUTO] 📊 RESUMEN FINAL DEL PROCESAMIENTO:
[ACTUALIZAR PAGOS · AUTO]   ENTRADA:
[ACTUALIZAR PAGOS · AUTO]     • Pagos originales: 16100
[ACTUALIZAR PAGOS · AUTO]     • Multas SIGEMI cargadas: 103891
[ACTUALIZAR PAGOS · AUTO]     • Multas Juzgado cargadas: 40122
[ACTUALIZAR PAGOS · AUTO]     • Causas simplificadas (usadas para el cruce): 103561
[ACTUALIZAR PAGOS · AUTO]   PROCESO:
[ACTUALIZAR PAGOS · AUTO]     • Pagos rechazados sigemi: 13684
[ACTUALIZAR PAGOS · AUTO]     • Pagos rechazados juzgado: 2412
[ACTUALIZAR PAGOS · AUTO]   SALIDA:
[ACTUALIZAR PAGOS · AUTO]     • Pagos desactualizados procesados: 4
[ACTUALIZAR PAGOS · AUTO]     • Archivo final: backend/descargas/pagos/2026-07-22/PAGOS 20260722 104302.txt
[ACTUALIZAR PAGOS · AUTO]     • Ordenados por fecha: SÍ ✓
[ACTUALIZAR PAGOS · AUTO]     • Todos con ACTA_NUMERO: SÍ ✓
[ACTUALIZAR PAGOS · AUTO]     • Todos con CAUSA_NUMERO: SÍ ✓
[ACTUALIZAR PAGOS · AUTO] ✅ TXT de pagos (ya cruzado con actas y causas) generado en: backend/descargas/pagos/2026-07-22/PAGOS 20260722 104302.txt
[ACTUALIZAR PAGOS · AUTO] 🧹 TXT de pagos crudo eliminado (ya usado en el cruce): backend/descargas/pagos/2026-07-22/PAGOS DESCARGADOS.txt
[ACTUALIZAR PAGOS · AUTO] 🧹 Excel MULTAS_SIGEMI_CRUCE eliminado (ya usado en el cruce): backend/descargas/cache_actas_cruce/MULTAS_SIGEMI_CRUCE.xlsx
[ACTUALIZAR PAGOS · AUTO] 🧹 Excel MULTAS_JUZGADO_CRUCE eliminado (ya usado en el cruce): backend/descargas/cache_actas_cruce/MULTAS_JUZGADO_CRUCE.xlsx
[ACTUALIZAR PAGOS · AUTO] ✅ CompararActasPaso finalizado. (⏱ 47.4s)
[ACTUALIZAR PAGOS · AUTO] ✓ [CompararActasPaso] Completado.
[ACTUALIZAR PAGOS · AUTO] ▶ [CargarPagosPaso] Iniciando...
[ACTUALIZAR PAGOS · AUTO] ==================================================
[ACTUALIZAR PAGOS · AUTO] 🚀 PASO: CargarPagosPaso
[ACTUALIZAR PAGOS · AUTO] ==================================================
[ACTUALIZAR PAGOS · AUTO] 📤 Subiendo TXT de pagos al SEMyT...
[ACTUALIZAR PAGOS · AUTO] ✅ Importación de pagos completada con éxito.
[ACTUALIZAR PAGOS · AUTO] ✅ Archivo TXT de pagos cargado en el SEMyT correctamente.
[ACTUALIZAR PAGOS · AUTO] ✅ CargarPagosPaso finalizado. (⏱ 3.0s)
[ACTUALIZAR PAGOS · AUTO] ✓ [CargarPagosPaso] Completado.
[ACTUALIZAR PAGOS · AUTO] === Ejecución finalizada con éxito ===
🤖 [Automático] Es hora de actualizar pagos. Arrancando...
[ACTUALIZAR PAGOS · AUTO] === Inicio de ejecución: pagos ===
[ACTUALIZAR PAGOS · AUTO] ▶ [LoginSemytPaso] Iniciando...
[ACTUALIZAR PAGOS · AUTO] ==================================================
[ACTUALIZAR PAGOS · AUTO] 🚀 PASO: LoginSemytPaso
[ACTUALIZAR PAGOS · AUTO] ==================================================
[ACTUALIZAR PAGOS · AUTO] Abriendo SEMyT...
⏳ [Automático] Tocaba disparar 'pagos' pero ya hay una ejecución en curso (Actualizar pagos); esperando a que termine; se reintenta en breve sin perder el turno.
[ACTUALIZAR PAGOS · AUTO] ✅ [SEMyT] Sesión existente detectada. Login omitido.
[ACTUALIZAR PAGOS · AUTO] ✅ LoginSemytPaso finalizado. (⏱ 20.5s)
[ACTUALIZAR PAGOS · AUTO] ✓ [LoginSemytPaso] Completado.
[ACTUALIZAR PAGOS · AUTO] ▶ [LoginJuzgadoPaso] Iniciando...
[ACTUALIZAR PAGOS · AUTO] ==================================================
[ACTUALIZAR PAGOS · AUTO] 🚀 PASO: LoginJuzgadoPaso
[ACTUALIZAR PAGOS · AUTO] ==================================================
[ACTUALIZAR PAGOS · AUTO] Abriendo sitio municipalidad (CiDi)...
[ACTUALIZAR PAGOS · AUTO] ✅ [Juzgado] Sesión existente detectada. Login omitido.
[ACTUALIZAR PAGOS · AUTO] ✅ LoginJuzgadoPaso finalizado. (⏱ 1.2s)
[ACTUALIZAR PAGOS · AUTO] ✓ [LoginJuzgadoPaso] Completado.
[ACTUALIZAR PAGOS · AUTO] ▶ [DescargasParalelasPaso] Iniciando...
[ACTUALIZAR PAGOS · AUTO] ==================================================
[ACTUALIZAR PAGOS · AUTO] 🚀 PASO: DescargasParalelasPaso
[ACTUALIZAR PAGOS · AUTO] ==================================================
[ACTUALIZAR PAGOS · AUTO] 📤 Arrancando las 3 descargas en paralelo (mismo browser, páginas separadas)...
[ACTUALIZAR PAGOS · AUTO] Fecha Desde: 27/06/2024
[ACTUALIZAR PAGOS · AUTO] Fecha Hasta: 24/11/2025
[ACTUALIZAR PAGOS · AUTO] Fecha Desde: 25/11/2025
[ACTUALIZAR PAGOS · AUTO] Fecha Hasta: 22/07/2026
[ACTUALIZAR PAGOS · AUTO] Descargando Excel...
[ACTUALIZAR PAGOS · AUTO] Descargando Excel...
[ACTUALIZAR PAGOS · AUTO] ✅ TXT de pagos descargado en: backend/descargas/pagos/2026-07-22/PAGOS DESCARGADOS.txt
[ACTUALIZAR PAGOS · AUTO] ⏱ [pagos_txt] completado en 21.7s
[ACTUALIZAR PAGOS · AUTO] Archivo descargado en: backend/descargas/cache_actas_cruce/MULTAS_JUZGADO_CRUCE.xlsx
[ACTUALIZAR PAGOS · AUTO] ⏱ [actas_juzgado] completado en 30.4s
[ACTUALIZAR PAGOS · AUTO] Archivo descargado en: backend/descargas/cache_actas_cruce/MULTAS_SIGEMI_CRUCE.xlsx
[ACTUALIZAR PAGOS · AUTO] ⏱ [actas_sigemi] completado en 90.1s
[ACTUALIZAR PAGOS · AUTO] ⏱ TOTAL descargas en paralelo: 90.1s
[ACTUALIZAR PAGOS · AUTO] ✅ DescargasParalelasPaso finalizado. (⏱ 91.5s)
[ACTUALIZAR PAGOS · AUTO] ✓ [DescargasParalelasPaso] Completado.
[ACTUALIZAR PAGOS · AUTO] ▶ [CompararActasPaso] Iniciando...
[ACTUALIZAR PAGOS · AUTO] ==================================================
[ACTUALIZAR PAGOS · AUTO] 🚀 PASO: CompararActasPaso
[ACTUALIZAR PAGOS · AUTO] ==================================================
[ACTUALIZAR PAGOS · AUTO] 🔍 Comparando actas del SEMyT contra pagos del Juzgado...
[ACTUALIZAR PAGOS · AUTO] ================================================================================
[ACTUALIZAR PAGOS · AUTO] INICIANDO PROCESO DE GENERACIÓN DE PAGOS DESACTUALIZADOS
[ACTUALIZAR PAGOS · AUTO] ================================================================================
[ACTUALIZAR PAGOS · AUTO] 📂 Cargando archivos...
[ACTUALIZAR PAGOS · AUTO]   ✓ Pagos: 16107 registros
[ACTUALIZAR PAGOS · AUTO]   ✓ Excel SIGEMI (multas vencidas viejas): 103887 registros
[ACTUALIZAR PAGOS · AUTO]   ✓ Excel Juzgado (multas vencidas nuevas): 40120 registros
[ACTUALIZAR PAGOS · AUTO] ================================================================================
[ACTUALIZAR PAGOS · AUTO] PASO 1: LLENANDO ACTA_NUMERO (búsqueda por patente + fecha, con desempate por hora)
[ACTUALIZAR PAGOS · AUTO] ================================================================================
[ACTUALIZAR PAGOS · AUTO] 📊 ESTADÍSTICAS DE LLENADO DE ACTAS:
[ACTUALIZAR PAGOS · AUTO]   • Pagos con acta ORIGINAL: 2416
[ACTUALIZAR PAGOS · AUTO]   • Pagos SIN acta (buscados): 13691
[ACTUALIZAR PAGOS · AUTO]   • Pagos LLENADOS exitosamente: 3
[ACTUALIZAR PAGOS · AUTO]   • Pagos NO encontrados en multas: 13688
[ACTUALIZAR PAGOS · AUTO]   • Pagos SIN RESOLVER por desbalance de cantidades: 0
[ACTUALIZAR PAGOS · AUTO] ================================================================================
[ACTUALIZAR PAGOS · AUTO] PASO 1: LLENANDO ACTA_NUMERO (búsqueda por patente + fecha, con desempate por hora)
[ACTUALIZAR PAGOS · AUTO] ================================================================================
[ACTUALIZAR PAGOS · AUTO] 📊 ESTADÍSTICAS DE LLENADO DE ACTAS:
[ACTUALIZAR PAGOS · AUTO]   • Pagos con acta ORIGINAL: 2419
[ACTUALIZAR PAGOS · AUTO]   • Pagos SIN acta (buscados): 13688
[ACTUALIZAR PAGOS · AUTO]   • Pagos LLENADOS exitosamente: 0
[ACTUALIZAR PAGOS · AUTO]   • Pagos NO encontrados en multas: 13688
[ACTUALIZAR PAGOS · AUTO]   • Pagos SIN RESOLVER por desbalance de cantidades: 0
[ACTUALIZAR PAGOS · AUTO] ⏱ PASO 1 (llenar actas): 16.2s
[ACTUALIZAR PAGOS · AUTO] ================================================================================
[ACTUALIZAR PAGOS · AUTO] PASO 2: FILTRANDO PAGOS CON ACTA_NUMERO COMPLETO
[ACTUALIZAR PAGOS · AUTO] ================================================================================
[ACTUALIZAR PAGOS · AUTO] 📊 ESTADÍSTICAS DE FILTRADO:
[ACTUALIZAR PAGOS · AUTO]   • Pagos TOTALES al inicio: 16107
[ACTUALIZAR PAGOS · AUTO]   • Pagos CON acta (MANTIENEN): 2419
[ACTUALIZAR PAGOS · AUTO]   • Pagos RECHAZADOS (sin coincidencias): 13688
[ACTUALIZAR PAGOS · AUTO] ⚠️  Se eliminaron 13688 registros sin número de acta
[ACTUALIZAR PAGOS · AUTO]      (recordá: esto incluye tanto pagos ya actualizados/pagados
[ACTUALIZAR PAGOS · AUTO]       como pagos que quedaron sin resolver por desbalance en el Paso 1)
[ACTUALIZAR PAGOS · AUTO] ================================================================================
[ACTUALIZAR PAGOS · AUTO] PASO 2-bis: CONFIRMANDO VIGENCIA DE PAGOS DEL SISTEMA NUEVO (contra MULTAS_JUZGADO_CRUCE)
[ACTUALIZAR PAGOS · AUTO] ================================================================================
[ACTUALIZAR PAGOS · AUTO]   ⚠ 2414 pago(s) del sistema nuevo descartados: su acta ya no figura como vencida en MULTAS_JUZGADO_CRUCE (SEMyT ya los actualizó).
[ACTUALIZAR PAGOS · AUTO]   • Pagos del sistema nuevo descartados por ya estar actualizados: 2414
[ACTUALIZAR PAGOS · AUTO] ⏱ PASO 2 (filtrar): 0.8s
[ACTUALIZAR PAGOS · AUTO] 📂 Cargando maestro de causas SIGEMI...
[ACTUALIZAR PAGOS · AUTO]   ✓ Causas totales (maestro): 134069 registros
[ACTUALIZAR PAGOS · AUTO] ⏱ PASO 2.5 (causas simplificado): 0.2s
[ACTUALIZAR PAGOS · AUTO] ================================================================================
[ACTUALIZAR PAGOS · AUTO] PASO 2.5: ARMANDO causas.txt SIMPLIFICADO (cruce contra total_causas_sigemi.txt)
[ACTUALIZAR PAGOS · AUTO] ================================================================================
[ACTUALIZAR PAGOS · AUTO]   • Actas vencidas viejas (multas): 103887
[ACTUALIZAR PAGOS · AUTO]   • Causas totales en el maestro SIGEMI: 134069
[ACTUALIZAR PAGOS · AUTO]   • Causas que coinciden (simplificado): 103557
[ACTUALIZAR PAGOS · AUTO]   ✅ Archivo escrito: backend/descargas/causas/causas.txt
[ACTUALIZAR PAGOS · AUTO] ⏱ PASO 2.5 (causas simplificado): 2.4s
[ACTUALIZAR PAGOS · AUTO] ================================================================================
[ACTUALIZAR PAGOS · AUTO] PASO 3: LLENANDO CAUSA_NUMERO (según fecha de cambio de sistema, cruzando por acta + año)
[ACTUALIZAR PAGOS · AUTO] ================================================================================
[ACTUALIZAR PAGOS · AUTO] 📊 ESTADÍSTICAS DE LLENADO DE CAUSAS:
[ACTUALIZAR PAGOS · AUTO]   • Pagos con causa ORIGINAL: 2
[ACTUALIZAR PAGOS · AUTO]   • Causas encontradas en SIGEMI (actas viejas): 3
[ACTUALIZAR PAGOS · AUTO]   • Causas NO encontradas en SIGEMI: 0
[ACTUALIZAR PAGOS · AUTO]   • Causas asignadas automáticamente (actas nuevas): 0
[ACTUALIZAR PAGOS · AUTO] ⏱ PASO 3 (llenar causas): 0.0s
[ACTUALIZAR PAGOS · AUTO] ================================================================================
[ACTUALIZAR PAGOS · AUTO] PASO 4: ORDENANDO POR FECHA Y ACTA_NUMERO
[ACTUALIZAR PAGOS · AUTO] ================================================================================
[ACTUALIZAR PAGOS · AUTO] ✓ Pagos ordenados correctamente
[ACTUALIZAR PAGOS · AUTO]   • Primera entrada: Acta=12199, Fecha=17/07/2024
[ACTUALIZAR PAGOS · AUTO]   • Última entrada: Acta=259002, Fecha=23/01/2026
[ACTUALIZAR PAGOS · AUTO] 📝 Escribiendo archivo de salida...
[ACTUALIZAR PAGOS · AUTO]   ✅ Archivo escrito: backend/descargas/pagos/2026-07-22/PAGOS 20260722 105558.txt
[ACTUALIZAR PAGOS · AUTO]   ✅ Total registros: 686
[ACTUALIZAR PAGOS · AUTO] ⏱ PASO 4 (ordenar y escribir): 0.0s
[ACTUALIZAR PAGOS · AUTO] ================================================================================
[ACTUALIZAR PAGOS · AUTO] ✅ PROCESO COMPLETADO EXITOSAMENTE
[ACTUALIZAR PAGOS · AUTO] ================================================================================
[ACTUALIZAR PAGOS · AUTO] 📊 RESUMEN FINAL DEL PROCESAMIENTO:
[ACTUALIZAR PAGOS · AUTO]   ENTRADA:
[ACTUALIZAR PAGOS · AUTO]     • Pagos originales: 16107
[ACTUALIZAR PAGOS · AUTO]     • Multas SIGEMI cargadas: 103887
[ACTUALIZAR PAGOS · AUTO]     • Multas Juzgado cargadas: 40120
[ACTUALIZAR PAGOS · AUTO]     • Causas simplificadas (usadas para el cruce): 103557
[ACTUALIZAR PAGOS · AUTO]   PROCESO:
[ACTUALIZAR PAGOS · AUTO]     • Pagos rechazados sigemi: 13688
[ACTUALIZAR PAGOS · AUTO]     • Pagos rechazados juzgado: 2414
[ACTUALIZAR PAGOS · AUTO]   SALIDA:
[ACTUALIZAR PAGOS · AUTO]     • Pagos desactualizados procesados: 5
[ACTUALIZAR PAGOS · AUTO]     • Archivo final: backend/descargas/pagos/2026-07-22/PAGOS 20260722 105558.txt
[ACTUALIZAR PAGOS · AUTO]     • Ordenados por fecha: SÍ ✓
[ACTUALIZAR PAGOS · AUTO]     • Todos con ACTA_NUMERO: SÍ ✓
[ACTUALIZAR PAGOS · AUTO]     • Todos con CAUSA_NUMERO: SÍ ✓
[ACTUALIZAR PAGOS · AUTO] ✅ TXT de pagos (ya cruzado con actas y causas) generado en: backend/descargas/pagos/2026-07-22/PAGOS 20260722 105558.txt
[ACTUALIZAR PAGOS · AUTO] 🧹 TXT de pagos crudo eliminado (ya usado en el cruce): backend/descargas/pagos/2026-07-22/PAGOS DESCARGADOS.txt
[ACTUALIZAR PAGOS · AUTO] 🧹 Excel MULTAS_SIGEMI_CRUCE eliminado (ya usado en el cruce): backend/descargas/cache_actas_cruce/MULTAS_SIGEMI_CRUCE.xlsx
[ACTUALIZAR PAGOS · AUTO] 🧹 Excel MULTAS_JUZGADO_CRUCE eliminado (ya usado en el cruce): backend/descargas/cache_actas_cruce/MULTAS_JUZGADO_CRUCE.xlsx
[ACTUALIZAR PAGOS · AUTO] ✅ CompararActasPaso finalizado. (⏱ 48.5s)
[ACTUALIZAR PAGOS · AUTO] ✓ [CompararActasPaso] Completado.
[ACTUALIZAR PAGOS · AUTO] ▶ [CargarPagosPaso] Iniciando...
[ACTUALIZAR PAGOS · AUTO] ==================================================
[ACTUALIZAR PAGOS · AUTO] 🚀 PASO: CargarPagosPaso
[ACTUALIZAR PAGOS · AUTO] ==================================================
[ACTUALIZAR PAGOS · AUTO] 📤 Subiendo TXT de pagos al SEMyT...
[ACTUALIZAR PAGOS · AUTO] ✅ Importación de pagos completada con éxito.
[ACTUALIZAR PAGOS · AUTO] ✅ Archivo TXT de pagos cargado en el SEMyT correctamente.
[ACTUALIZAR PAGOS · AUTO] ✅ CargarPagosPaso finalizado. (⏱ 2.6s)
[ACTUALIZAR PAGOS · AUTO] ✓ [CargarPagosPaso] Completado.
[ACTUALIZAR PAGOS · AUTO] === Ejecución finalizada con éxito ===
🤖 [Automático] Es hora de actualizar pagos. Arrancando...
[ACTUALIZAR PAGOS · AUTO] === Inicio de ejecución: pagos ===
[ACTUALIZAR PAGOS · AUTO] ▶ [LoginSemytPaso] Iniciando...
[ACTUALIZAR PAGOS · AUTO] ==================================================
[ACTUALIZAR PAGOS · AUTO] 🚀 PASO: LoginSemytPaso
[ACTUALIZAR PAGOS · AUTO] ==================================================
[ACTUALIZAR PAGOS · AUTO] Abriendo SEMyT...
⏳ [Automático] Tocaba disparar 'pagos' pero ya hay una ejecución en curso (Actualizar pagos); esperando a que termine; se reintenta en breve sin perder el turno.
[ACTUALIZAR PAGOS · AUTO] ✅ [SEMyT] Sesión existente detectada. Login omitido.
[ACTUALIZAR PAGOS · AUTO] ✅ LoginSemytPaso finalizado. (⏱ 17.8s)
[ACTUALIZAR PAGOS · AUTO] ✓ [LoginSemytPaso] Completado.
[ACTUALIZAR PAGOS · AUTO] ▶ [LoginJuzgadoPaso] Iniciando...
[ACTUALIZAR PAGOS · AUTO] ==================================================
[ACTUALIZAR PAGOS · AUTO] 🚀 PASO: LoginJuzgadoPaso
[ACTUALIZAR PAGOS · AUTO] ==================================================
[ACTUALIZAR PAGOS · AUTO] Abriendo sitio municipalidad (CiDi)...
[ACTUALIZAR PAGOS · AUTO] ✅ [Juzgado] Sesión existente detectada. Login omitido.
[ACTUALIZAR PAGOS · AUTO] ✅ LoginJuzgadoPaso finalizado. (⏱ 1.8s)
[ACTUALIZAR PAGOS · AUTO] ✓ [LoginJuzgadoPaso] Completado.
[ACTUALIZAR PAGOS · AUTO] ▶ [DescargasParalelasPaso] Iniciando...
[ACTUALIZAR PAGOS · AUTO] ==================================================
[ACTUALIZAR PAGOS · AUTO] 🚀 PASO: DescargasParalelasPaso
[ACTUALIZAR PAGOS · AUTO] ==================================================
[ACTUALIZAR PAGOS · AUTO] 📤 Arrancando las 3 descargas en paralelo (mismo browser, páginas separadas)...
[ACTUALIZAR PAGOS · AUTO] Fecha Desde: 27/06/2024
[ACTUALIZAR PAGOS · AUTO] Fecha Hasta: 24/11/2025
[ACTUALIZAR PAGOS · AUTO] Fecha Desde: 25/11/2025
[ACTUALIZAR PAGOS · AUTO] Fecha Hasta: 22/07/2026
[ACTUALIZAR PAGOS · AUTO] Descargando Excel...
[ACTUALIZAR PAGOS · AUTO] Descargando Excel...
[ACTUALIZAR PAGOS · AUTO] Archivo descargado en: backend/descargas/cache_actas_cruce/MULTAS_JUZGADO_CRUCE.xlsx
[ACTUALIZAR PAGOS · AUTO] ⏱ [actas_juzgado] completado en 29.4s
[ACTUALIZAR PAGOS · AUTO] ✅ TXT de pagos descargado en: backend/descargas/pagos/2026-07-22/PAGOS DESCARGADOS.txt
[ACTUALIZAR PAGOS · AUTO] ⏱ [pagos_txt] completado en 29.5s
[ACTUALIZAR PAGOS · AUTO] Archivo descargado en: backend/descargas/cache_actas_cruce/MULTAS_SIGEMI_CRUCE.xlsx
[ACTUALIZAR PAGOS · AUTO] ⏱ [actas_sigemi] completado en 59.2s
[ACTUALIZAR PAGOS · AUTO] ⏱ TOTAL descargas en paralelo: 59.3s
[ACTUALIZAR PAGOS · AUTO] ✅ DescargasParalelasPaso finalizado. (⏱ 60.8s)
[ACTUALIZAR PAGOS · AUTO] ✓ [DescargasParalelasPaso] Completado.
[ACTUALIZAR PAGOS · AUTO] ▶ [CompararActasPaso] Iniciando...
[ACTUALIZAR PAGOS · AUTO] ==================================================
[ACTUALIZAR PAGOS · AUTO] 🚀 PASO: CompararActasPaso
[ACTUALIZAR PAGOS · AUTO] ==================================================
[ACTUALIZAR PAGOS · AUTO] 🔍 Comparando actas del SEMyT contra pagos del Juzgado...
[ACTUALIZAR PAGOS · AUTO] ================================================================================
[ACTUALIZAR PAGOS · AUTO] INICIANDO PROCESO DE GENERACIÓN DE PAGOS DESACTUALIZADOS
[ACTUALIZAR PAGOS · AUTO] ================================================================================
[ACTUALIZAR PAGOS · AUTO] 📂 Cargando archivos...
[ACTUALIZAR PAGOS · AUTO]   ✓ Pagos: 16118 registros
[ACTUALIZAR PAGOS · AUTO]   ✓ Excel SIGEMI (multas vencidas viejas): 103884 registros
[ACTUALIZAR PAGOS · AUTO]   ✓ Excel Juzgado (multas vencidas nuevas): 40118 registros
[ACTUALIZAR PAGOS · AUTO] ================================================================================
[ACTUALIZAR PAGOS · AUTO] PASO 1: LLENANDO ACTA_NUMERO (búsqueda por patente + fecha, con desempate por hora)
[ACTUALIZAR PAGOS · AUTO] ================================================================================
[ACTUALIZAR PAGOS · AUTO] 📊 ESTADÍSTICAS DE LLENADO DE ACTAS:
[ACTUALIZAR PAGOS · AUTO]   • Pagos con acta ORIGINAL: 2420
[ACTUALIZAR PAGOS · AUTO]   • Pagos SIN acta (buscados): 13698
[ACTUALIZAR PAGOS · AUTO]   • Pagos LLENADOS exitosamente: 6
[ACTUALIZAR PAGOS · AUTO]   • Pagos NO encontrados en multas: 13692
[ACTUALIZAR PAGOS · AUTO]   • Pagos SIN RESOLVER por desbalance de cantidades: 0
[ACTUALIZAR PAGOS · AUTO] ================================================================================
[ACTUALIZAR PAGOS · AUTO] PASO 1: LLENANDO ACTA_NUMERO (búsqueda por patente + fecha, con desempate por hora)
[ACTUALIZAR PAGOS · AUTO] ================================================================================
[ACTUALIZAR PAGOS · AUTO] 📊 ESTADÍSTICAS DE LLENADO DE ACTAS:
[ACTUALIZAR PAGOS · AUTO]   • Pagos con acta ORIGINAL: 2426
[ACTUALIZAR PAGOS · AUTO]   • Pagos SIN acta (buscados): 13692
[ACTUALIZAR PAGOS · AUTO]   • Pagos LLENADOS exitosamente: 1
[ACTUALIZAR PAGOS · AUTO]   • Pagos NO encontrados en multas: 13691
[ACTUALIZAR PAGOS · AUTO]   • Pagos SIN RESOLVER por desbalance de cantidades: 0
[ACTUALIZAR PAGOS · AUTO] ⏱ PASO 1 (llenar actas): 16.9s
[ACTUALIZAR PAGOS · AUTO] ================================================================================
[ACTUALIZAR PAGOS · AUTO] PASO 2: FILTRANDO PAGOS CON ACTA_NUMERO COMPLETO
[ACTUALIZAR PAGOS · AUTO] ================================================================================
[ACTUALIZAR PAGOS · AUTO] 📊 ESTADÍSTICAS DE FILTRADO:
[ACTUALIZAR PAGOS · AUTO]   • Pagos TOTALES al inicio: 16118
[ACTUALIZAR PAGOS · AUTO]   • Pagos CON acta (MANTIENEN): 2427
[ACTUALIZAR PAGOS · AUTO]   • Pagos RECHAZADOS (sin coincidencias): 13691
[ACTUALIZAR PAGOS · AUTO] ⚠️  Se eliminaron 13691 registros sin número de acta
[ACTUALIZAR PAGOS · AUTO]      (recordá: esto incluye tanto pagos ya actualizados/pagados
[ACTUALIZAR PAGOS · AUTO]       como pagos que quedaron sin resolver por desbalance en el Paso 1)
[ACTUALIZAR PAGOS · AUTO] ================================================================================
[ACTUALIZAR PAGOS · AUTO] PASO 2-bis: CONFIRMANDO VIGENCIA DE PAGOS DEL SISTEMA NUEVO (contra MULTAS_JUZGADO_CRUCE)
[ACTUALIZAR PAGOS · AUTO] ================================================================================
[ACTUALIZAR PAGOS · AUTO]   ⚠ 2416 pago(s) del sistema nuevo descartados: su acta ya no figura como vencida en MULTAS_JUZGADO_CRUCE (SEMyT ya los actualizó).
[ACTUALIZAR PAGOS · AUTO]   • Pagos del sistema nuevo descartados por ya estar actualizados: 2416
[ACTUALIZAR PAGOS · AUTO] ⏱ PASO 2 (filtrar): 1.1s
[ACTUALIZAR PAGOS · AUTO] 📂 Cargando maestro de causas SIGEMI...
[ACTUALIZAR PAGOS · AUTO]   ✓ Causas totales (maestro): 134069 registros
[ACTUALIZAR PAGOS · AUTO] ⏱ PASO 2.5 (causas simplificado): 0.2s
[ACTUALIZAR PAGOS · AUTO] ================================================================================
[ACTUALIZAR PAGOS · AUTO] PASO 2.5: ARMANDO causas.txt SIMPLIFICADO (cruce contra total_causas_sigemi.txt)
[ACTUALIZAR PAGOS · AUTO] ================================================================================
[ACTUALIZAR PAGOS · AUTO]   • Actas vencidas viejas (multas): 103884
[ACTUALIZAR PAGOS · AUTO]   • Causas totales en el maestro SIGEMI: 134069
[ACTUALIZAR PAGOS · AUTO]   • Causas que coinciden (simplificado): 103554
[ACTUALIZAR PAGOS · AUTO]   ✅ Archivo escrito: backend/descargas/causas/causas.txt
[ACTUALIZAR PAGOS · AUTO] ⏱ PASO 2.5 (causas simplificado): 2.8s
[ACTUALIZAR PAGOS · AUTO] ================================================================================
[ACTUALIZAR PAGOS · AUTO] PASO 3: LLENANDO CAUSA_NUMERO (según fecha de cambio de sistema, cruzando por acta + año)
[ACTUALIZAR PAGOS · AUTO] ================================================================================
[ACTUALIZAR PAGOS · AUTO] 📊 ESTADÍSTICAS DE LLENADO DE CAUSAS:
[ACTUALIZAR PAGOS · AUTO]   • Pagos con causa ORIGINAL: 4
[ACTUALIZAR PAGOS · AUTO]   • Causas encontradas en SIGEMI (actas viejas): 6
[ACTUALIZAR PAGOS · AUTO]   • Causas NO encontradas en SIGEMI: 0
[ACTUALIZAR PAGOS · AUTO]   • Causas asignadas automáticamente (actas nuevas): 1
[ACTUALIZAR PAGOS · AUTO] ⏱ PASO 3 (llenar causas): 0.0s
[ACTUALIZAR PAGOS · AUTO] ================================================================================
[ACTUALIZAR PAGOS · AUTO] PASO 4: ORDENANDO POR FECHA Y ACTA_NUMERO
[ACTUALIZAR PAGOS · AUTO] ================================================================================
[ACTUALIZAR PAGOS · AUTO] ✓ Pagos ordenados correctamente
[ACTUALIZAR PAGOS · AUTO]   • Primera entrada: Acta=54653, Fecha=01/10/2024
[ACTUALIZAR PAGOS · AUTO]   • Última entrada: Acta=258239, Fecha=21/01/2026
[ACTUALIZAR PAGOS · AUTO] 📝 Escribiendo archivo de salida...
[ACTUALIZAR PAGOS · AUTO]   ✅ Archivo escrito: backend/descargas/pagos/2026-07-22/PAGOS 20260722 110814.txt
[ACTUALIZAR PAGOS · AUTO]   ✅ Total registros: 1289
[ACTUALIZAR PAGOS · AUTO] ⏱ PASO 4 (ordenar y escribir): 0.0s
[ACTUALIZAR PAGOS · AUTO] ================================================================================
[ACTUALIZAR PAGOS · AUTO] ✅ PROCESO COMPLETADO EXITOSAMENTE
[ACTUALIZAR PAGOS · AUTO] ================================================================================
[ACTUALIZAR PAGOS · AUTO] 📊 RESUMEN FINAL DEL PROCESAMIENTO:
[ACTUALIZAR PAGOS · AUTO]   ENTRADA:
[ACTUALIZAR PAGOS · AUTO]     • Pagos originales: 16118
[ACTUALIZAR PAGOS · AUTO]     • Multas SIGEMI cargadas: 103884
[ACTUALIZAR PAGOS · AUTO]     • Multas Juzgado cargadas: 40118
[ACTUALIZAR PAGOS · AUTO]     • Causas simplificadas (usadas para el cruce): 103554
[ACTUALIZAR PAGOS · AUTO]   PROCESO:
[ACTUALIZAR PAGOS · AUTO]     • Pagos rechazados sigemi: 13691
[ACTUALIZAR PAGOS · AUTO]     • Pagos rechazados juzgado: 2416
[ACTUALIZAR PAGOS · AUTO]   SALIDA:
[ACTUALIZAR PAGOS · AUTO]     • Pagos desactualizados procesados: 11
[ACTUALIZAR PAGOS · AUTO]     • Archivo final: backend/descargas/pagos/2026-07-22/PAGOS 20260722 110814.txt
[ACTUALIZAR PAGOS · AUTO]     • Ordenados por fecha: SÍ ✓
[ACTUALIZAR PAGOS · AUTO]     • Todos con ACTA_NUMERO: SÍ ✓
[ACTUALIZAR PAGOS · AUTO]     • Todos con CAUSA_NUMERO: SÍ ✓
[ACTUALIZAR PAGOS · AUTO] ✅ TXT de pagos (ya cruzado con actas y causas) generado en: backend/descargas/pagos/2026-07-22/PAGOS 20260722 110814.txt
[ACTUALIZAR PAGOS · AUTO] 🧹 TXT de pagos crudo eliminado (ya usado en el cruce): backend/descargas/pagos/2026-07-22/PAGOS DESCARGADOS.txt
[ACTUALIZAR PAGOS · AUTO] 🧹 Excel MULTAS_SIGEMI_CRUCE eliminado (ya usado en el cruce): backend/descargas/cache_actas_cruce/MULTAS_SIGEMI_CRUCE.xlsx
[ACTUALIZAR PAGOS · AUTO] 🧹 Excel MULTAS_JUZGADO_CRUCE eliminado (ya usado en el cruce): backend/descargas/cache_actas_cruce/MULTAS_JUZGADO_CRUCE.xlsx
[ACTUALIZAR PAGOS · AUTO] ✅ CompararActasPaso finalizado. (⏱ 46.1s)
[ACTUALIZAR PAGOS · AUTO] ✓ [CompararActasPaso] Completado.
[ACTUALIZAR PAGOS · AUTO] ▶ [CargarPagosPaso] Iniciando...
[ACTUALIZAR PAGOS · AUTO] ==================================================
[ACTUALIZAR PAGOS · AUTO] 🚀 PASO: CargarPagosPaso
[ACTUALIZAR PAGOS · AUTO] ==================================================
[ACTUALIZAR PAGOS · AUTO] 📤 Subiendo TXT de pagos al SEMyT...
[ACTUALIZAR PAGOS · AUTO] ✅ Importación de pagos completada con éxito.
[ACTUALIZAR PAGOS · AUTO] ✅ Archivo TXT de pagos cargado en el SEMyT correctamente.
[ACTUALIZAR PAGOS · AUTO] ✅ CargarPagosPaso finalizado. (⏱ 3.1s)
[ACTUALIZAR PAGOS · AUTO] ✓ [CargarPagosPaso] Completado.
[ACTUALIZAR PAGOS · AUTO] === Ejecución finalizada con éxito ===
🤖 [Automático] Es hora de actualizar pagos. Arrancando...
[ACTUALIZAR PAGOS · AUTO] === Inicio de ejecución: pagos ===
[ACTUALIZAR PAGOS · AUTO] ▶ [LoginSemytPaso] Iniciando...
[ACTUALIZAR PAGOS · AUTO] ==================================================
[ACTUALIZAR PAGOS · AUTO] 🚀 PASO: LoginSemytPaso
[ACTUALIZAR PAGOS · AUTO] ==================================================
[ACTUALIZAR PAGOS · AUTO] Abriendo SEMyT...
⏳ [Automático] Tocaba disparar 'pagos' pero ya hay una ejecución en curso (Actualizar pagos); esperando a que termine; se reintenta en breve sin perder el turno.
[ACTUALIZAR PAGOS · AUTO] ✅ [SEMyT] Sesión existente detectada. Login omitido.
[ACTUALIZAR PAGOS · AUTO] ✅ LoginSemytPaso finalizado. (⏱ 31.3s)
[ACTUALIZAR PAGOS · AUTO] ✓ [LoginSemytPaso] Completado.
[ACTUALIZAR PAGOS · AUTO] ▶ [LoginJuzgadoPaso] Iniciando...
[ACTUALIZAR PAGOS · AUTO] ==================================================
[ACTUALIZAR PAGOS · AUTO] 🚀 PASO: LoginJuzgadoPaso
[ACTUALIZAR PAGOS · AUTO] ==================================================
[ACTUALIZAR PAGOS · AUTO] Abriendo sitio municipalidad (CiDi)...
[ACTUALIZAR PAGOS · AUTO] ✅ [Juzgado] Sesión existente detectada. Login omitido.
[ACTUALIZAR PAGOS · AUTO] ✅ LoginJuzgadoPaso finalizado. (⏱ 1.8s)
[ACTUALIZAR PAGOS · AUTO] ✓ [LoginJuzgadoPaso] Completado.
[ACTUALIZAR PAGOS · AUTO] ▶ [DescargasParalelasPaso] Iniciando...
[ACTUALIZAR PAGOS · AUTO] ==================================================
[ACTUALIZAR PAGOS · AUTO] 🚀 PASO: DescargasParalelasPaso
[ACTUALIZAR PAGOS · AUTO] ==================================================
[ACTUALIZAR PAGOS · AUTO] 📤 Arrancando las 3 descargas en paralelo (mismo browser, páginas separadas)...
[ACTUALIZAR PAGOS · AUTO] Fecha Desde: 27/06/2024
[ACTUALIZAR PAGOS · AUTO] Fecha Hasta: 24/11/2025
[ACTUALIZAR PAGOS · AUTO] Fecha Desde: 25/11/2025
[ACTUALIZAR PAGOS · AUTO] Fecha Hasta: 22/07/2026
[ACTUALIZAR PAGOS · AUTO] Descargando Excel...
[ACTUALIZAR PAGOS · AUTO] Descargando Excel...
[ACTUALIZAR PAGOS · AUTO] ✅ TXT de pagos descargado en: backend/descargas/pagos/2026-07-22/PAGOS DESCARGADOS.txt
[ACTUALIZAR PAGOS · AUTO] ⏱ [pagos_txt] completado en 23.6s
[ACTUALIZAR PAGOS · AUTO] Archivo descargado en: backend/descargas/cache_actas_cruce/MULTAS_JUZGADO_CRUCE.xlsx
[ACTUALIZAR PAGOS · AUTO] ⏱ [actas_juzgado] completado en 38.0s
[ACTUALIZAR PAGOS · AUTO] Archivo descargado en: backend/descargas/cache_actas_cruce/MULTAS_SIGEMI_CRUCE.xlsx
[ACTUALIZAR PAGOS · AUTO] ⏱ [actas_sigemi] completado en 76.6s
[ACTUALIZAR PAGOS · AUTO] ⏱ TOTAL descargas en paralelo: 76.6s
[ACTUALIZAR PAGOS · AUTO] ✅ DescargasParalelasPaso finalizado. (⏱ 78.0s)
[ACTUALIZAR PAGOS · AUTO] ✓ [DescargasParalelasPaso] Completado.
[ACTUALIZAR PAGOS · AUTO] ▶ [CompararActasPaso] Iniciando...
[ACTUALIZAR PAGOS · AUTO] ==================================================
[ACTUALIZAR PAGOS · AUTO] 🚀 PASO: CompararActasPaso
[ACTUALIZAR PAGOS · AUTO] ==================================================
[ACTUALIZAR PAGOS · AUTO] 🔍 Comparando actas del SEMyT contra pagos del Juzgado...
[ACTUALIZAR PAGOS · AUTO] ================================================================================
[ACTUALIZAR PAGOS · AUTO] INICIANDO PROCESO DE GENERACIÓN DE PAGOS DESACTUALIZADOS
[ACTUALIZAR PAGOS · AUTO] ================================================================================
[ACTUALIZAR PAGOS · AUTO] 📂 Cargando archivos...
[ACTUALIZAR PAGOS · AUTO]   ✓ Pagos: 16138 registros
[ACTUALIZAR PAGOS · AUTO]   ✓ Excel SIGEMI (multas vencidas viejas): 103878 registros
[ACTUALIZAR PAGOS · AUTO]   ✓ Excel Juzgado (multas vencidas nuevas): 40113 registros
[ACTUALIZAR PAGOS · AUTO] ================================================================================
[ACTUALIZAR PAGOS · AUTO] PASO 1: LLENANDO ACTA_NUMERO (búsqueda por patente + fecha, con desempate por hora)
[ACTUALIZAR PAGOS · AUTO] ================================================================================
[ACTUALIZAR PAGOS · AUTO] 📊 ESTADÍSTICAS DE LLENADO DE ACTAS:
[ACTUALIZAR PAGOS · AUTO]   • Pagos con acta ORIGINAL: 2431
[ACTUALIZAR PAGOS · AUTO]   • Pagos SIN acta (buscados): 13707
[ACTUALIZAR PAGOS · AUTO]   • Pagos LLENADOS exitosamente: 9
[ACTUALIZAR PAGOS · AUTO]   • Pagos NO encontrados en multas: 13698
[ACTUALIZAR PAGOS · AUTO]   • Pagos SIN RESOLVER por desbalance de cantidades: 0
[ACTUALIZAR PAGOS · AUTO] ================================================================================
[ACTUALIZAR PAGOS · AUTO] PASO 1: LLENANDO ACTA_NUMERO (búsqueda por patente + fecha, con desempate por hora)
[ACTUALIZAR PAGOS · AUTO] ================================================================================
[ACTUALIZAR PAGOS · AUTO] 📊 ESTADÍSTICAS DE LLENADO DE ACTAS:
[ACTUALIZAR PAGOS · AUTO]   • Pagos con acta ORIGINAL: 2440
[ACTUALIZAR PAGOS · AUTO]   • Pagos SIN acta (buscados): 13698
[ACTUALIZAR PAGOS · AUTO]   • Pagos LLENADOS exitosamente: 0
[ACTUALIZAR PAGOS · AUTO]   • Pagos NO encontrados en multas: 13698
[ACTUALIZAR PAGOS · AUTO]   • Pagos SIN RESOLVER por desbalance de cantidades: 0
[ACTUALIZAR PAGOS · AUTO] ⏱ PASO 1 (llenar actas): 18.1s
[ACTUALIZAR PAGOS · AUTO] ================================================================================
[ACTUALIZAR PAGOS · AUTO] PASO 2: FILTRANDO PAGOS CON ACTA_NUMERO COMPLETO
[ACTUALIZAR PAGOS · AUTO] ================================================================================
[ACTUALIZAR PAGOS · AUTO] 📊 ESTADÍSTICAS DE FILTRADO:
[ACTUALIZAR PAGOS · AUTO]   • Pagos TOTALES al inicio: 16138
[ACTUALIZAR PAGOS · AUTO]   • Pagos CON acta (MANTIENEN): 2440
[ACTUALIZAR PAGOS · AUTO]   • Pagos RECHAZADOS (sin coincidencias): 13698
[ACTUALIZAR PAGOS · AUTO] ⚠️  Se eliminaron 13698 registros sin número de acta
[ACTUALIZAR PAGOS · AUTO]      (recordá: esto incluye tanto pagos ya actualizados/pagados
[ACTUALIZAR PAGOS · AUTO]       como pagos que quedaron sin resolver por desbalance en el Paso 1)
[ACTUALIZAR PAGOS · AUTO] ================================================================================
[ACTUALIZAR PAGOS · AUTO] PASO 2-bis: CONFIRMANDO VIGENCIA DE PAGOS DEL SISTEMA NUEVO (contra MULTAS_JUZGADO_CRUCE)
[ACTUALIZAR PAGOS · AUTO] ================================================================================
[ACTUALIZAR PAGOS · AUTO]   ⚠ 2420 pago(s) del sistema nuevo descartados: su acta ya no figura como vencida en MULTAS_JUZGADO_CRUCE (SEMyT ya los actualizó).
[ACTUALIZAR PAGOS · AUTO]   • Pagos del sistema nuevo descartados por ya estar actualizados: 2420
[ACTUALIZAR PAGOS · AUTO] ⏱ PASO 2 (filtrar): 1.2s
[ACTUALIZAR PAGOS · AUTO] 📂 Cargando maestro de causas SIGEMI...
[ACTUALIZAR PAGOS · AUTO]   ✓ Causas totales (maestro): 134069 registros
[ACTUALIZAR PAGOS · AUTO] ⏱ PASO 2.5 (causas simplificado): 0.2s
[ACTUALIZAR PAGOS · AUTO] ================================================================================
[ACTUALIZAR PAGOS · AUTO] PASO 2.5: ARMANDO causas.txt SIMPLIFICADO (cruce contra total_causas_sigemi.txt)
[ACTUALIZAR PAGOS · AUTO] ================================================================================
[ACTUALIZAR PAGOS · AUTO]   • Actas vencidas viejas (multas): 103878
[ACTUALIZAR PAGOS · AUTO]   • Causas totales en el maestro SIGEMI: 134069
[ACTUALIZAR PAGOS · AUTO]   • Causas que coinciden (simplificado): 103548
[ACTUALIZAR PAGOS · AUTO]   ✅ Archivo escrito: backend/descargas/causas/causas.txt
[ACTUALIZAR PAGOS · AUTO] ⏱ PASO 2.5 (causas simplificado): 2.7s
[ACTUALIZAR PAGOS · AUTO] ================================================================================
[ACTUALIZAR PAGOS · AUTO] PASO 3: LLENANDO CAUSA_NUMERO (según fecha de cambio de sistema, cruzando por acta + año)
[ACTUALIZAR PAGOS · AUTO] ================================================================================
[ACTUALIZAR PAGOS · AUTO] 📊 ESTADÍSTICAS DE LLENADO DE CAUSAS:
[ACTUALIZAR PAGOS · AUTO]   • Pagos con causa ORIGINAL: 11
[ACTUALIZAR PAGOS · AUTO]   • Causas encontradas en SIGEMI (actas viejas): 9
[ACTUALIZAR PAGOS · AUTO]   • Causas NO encontradas en SIGEMI: 0
[ACTUALIZAR PAGOS · AUTO]   • Causas asignadas automáticamente (actas nuevas): 0
[ACTUALIZAR PAGOS · AUTO] ⏱ PASO 3 (llenar causas): 0.0s
[ACTUALIZAR PAGOS · AUTO] ================================================================================
[ACTUALIZAR PAGOS · AUTO] PASO 4: ORDENANDO POR FECHA Y ACTA_NUMERO
[ACTUALIZAR PAGOS · AUTO] ================================================================================
[ACTUALIZAR PAGOS · AUTO] ✓ Pagos ordenados correctamente
[ACTUALIZAR PAGOS · AUTO]   • Primera entrada: Acta=7633, Fecha=10/07/2024
[ACTUALIZAR PAGOS · AUTO]   • Última entrada: Acta=309495, Fecha=08/05/2026
[ACTUALIZAR PAGOS · AUTO] 📝 Escribiendo archivo de salida...
[ACTUALIZAR PAGOS · AUTO]   ✅ Archivo escrito: backend/descargas/pagos/2026-07-22/PAGOS 20260722 112103.txt
[ACTUALIZAR PAGOS · AUTO]   ✅ Total registros: 2401
[ACTUALIZAR PAGOS · AUTO] ⏱ PASO 4 (ordenar y escribir): 0.0s
[ACTUALIZAR PAGOS · AUTO] ================================================================================
[ACTUALIZAR PAGOS · AUTO] ✅ PROCESO COMPLETADO EXITOSAMENTE
[ACTUALIZAR PAGOS · AUTO] ================================================================================
[ACTUALIZAR PAGOS · AUTO] 📊 RESUMEN FINAL DEL PROCESAMIENTO:
[ACTUALIZAR PAGOS · AUTO]   ENTRADA:
[ACTUALIZAR PAGOS · AUTO]     • Pagos originales: 16138
[ACTUALIZAR PAGOS · AUTO]     • Multas SIGEMI cargadas: 103878
[ACTUALIZAR PAGOS · AUTO]     • Multas Juzgado cargadas: 40113
[ACTUALIZAR PAGOS · AUTO]     • Causas simplificadas (usadas para el cruce): 103548
[ACTUALIZAR PAGOS · AUTO]   PROCESO:
[ACTUALIZAR PAGOS · AUTO]     • Pagos rechazados sigemi: 13698
[ACTUALIZAR PAGOS · AUTO]     • Pagos rechazados juzgado: 2420
[ACTUALIZAR PAGOS · AUTO]   SALIDA:
[ACTUALIZAR PAGOS · AUTO]     • Pagos desactualizados procesados: 20
[ACTUALIZAR PAGOS · AUTO]     • Archivo final: backend/descargas/pagos/2026-07-22/PAGOS 20260722 112103.txt
[ACTUALIZAR PAGOS · AUTO]     • Ordenados por fecha: SÍ ✓
[ACTUALIZAR PAGOS · AUTO]     • Todos con ACTA_NUMERO: SÍ ✓
[ACTUALIZAR PAGOS · AUTO]     • Todos con CAUSA_NUMERO: SÍ ✓
[ACTUALIZAR PAGOS · AUTO] ✅ TXT de pagos (ya cruzado con actas y causas) generado en: backend/descargas/pagos/2026-07-22/PAGOS 20260722 112103.txt
[ACTUALIZAR PAGOS · AUTO] 🧹 TXT de pagos crudo eliminado (ya usado en el cruce): backend/descargas/pagos/2026-07-22/PAGOS DESCARGADOS.txt
[ACTUALIZAR PAGOS · AUTO] 🧹 Excel MULTAS_SIGEMI_CRUCE eliminado (ya usado en el cruce): backend/descargas/cache_actas_cruce/MULTAS_SIGEMI_CRUCE.xlsx
[ACTUALIZAR PAGOS · AUTO] 🧹 Excel MULTAS_JUZGADO_CRUCE eliminado (ya usado en el cruce): backend/descargas/cache_actas_cruce/MULTAS_JUZGADO_CRUCE.xlsx
[ACTUALIZAR PAGOS · AUTO] ✅ CompararActasPaso finalizado. (⏱ 49.9s)
[ACTUALIZAR PAGOS · AUTO] ✓ [CompararActasPaso] Completado.
[ACTUALIZAR PAGOS · AUTO] ▶ [CargarPagosPaso] Iniciando...
[ACTUALIZAR PAGOS · AUTO] ==================================================
[ACTUALIZAR PAGOS · AUTO] 🚀 PASO: CargarPagosPaso
[ACTUALIZAR PAGOS · AUTO] ==================================================
[ACTUALIZAR PAGOS · AUTO] 📤 Subiendo TXT de pagos al SEMyT...
[ACTUALIZAR PAGOS · AUTO] ✅ Importación de pagos completada con éxito.
[ACTUALIZAR PAGOS · AUTO] ✅ Archivo TXT de pagos cargado en el SEMyT correctamente.
[ACTUALIZAR PAGOS · AUTO] ✅ CargarPagosPaso finalizado. (⏱ 2.9s)
[ACTUALIZAR PAGOS · AUTO] ✓ [CargarPagosPaso] Completado.
[ACTUALIZAR PAGOS · AUTO] === Ejecución finalizada con éxito ===
🤖 [Automático] Es hora de actualizar pagos. Arrancando...
[ACTUALIZAR PAGOS · AUTO] === Inicio de ejecución: pagos ===
[ACTUALIZAR PAGOS · AUTO] ▶ [LoginSemytPaso] Iniciando...
[ACTUALIZAR PAGOS · AUTO] ==================================================
[ACTUALIZAR PAGOS · AUTO] 🚀 PASO: LoginSemytPaso
[ACTUALIZAR PAGOS · AUTO] ==================================================
[ACTUALIZAR PAGOS · AUTO] Abriendo SEMyT...
⏳ [Automático] Tocaba disparar 'pagos' pero ya hay una ejecución en curso (Actualizar pagos); esperando a que termine; se reintenta en breve sin perder el turno.
[ACTUALIZAR PAGOS · AUTO] ✅ [SEMyT] Sesión existente detectada. Login omitido.
[ACTUALIZAR PAGOS · AUTO] ✅ LoginSemytPaso finalizado. (⏱ 13.9s)
[ACTUALIZAR PAGOS · AUTO] ✓ [LoginSemytPaso] Completado.
[ACTUALIZAR PAGOS · AUTO] ▶ [LoginJuzgadoPaso] Iniciando...
[ACTUALIZAR PAGOS · AUTO] ==================================================
[ACTUALIZAR PAGOS · AUTO] 🚀 PASO: LoginJuzgadoPaso
[ACTUALIZAR PAGOS · AUTO] ==================================================
[ACTUALIZAR PAGOS · AUTO] Abriendo sitio municipalidad (CiDi)...
[ACTUALIZAR PAGOS · AUTO] ✅ [Juzgado] Sesión existente detectada. Login omitido.
[ACTUALIZAR PAGOS · AUTO] ✅ LoginJuzgadoPaso finalizado. (⏱ 1.2s)
[ACTUALIZAR PAGOS · AUTO] ✓ [LoginJuzgadoPaso] Completado.
[ACTUALIZAR PAGOS · AUTO] ▶ [DescargasParalelasPaso] Iniciando...
[ACTUALIZAR PAGOS · AUTO] ==================================================
[ACTUALIZAR PAGOS · AUTO] 🚀 PASO: DescargasParalelasPaso
[ACTUALIZAR PAGOS · AUTO] ==================================================
[ACTUALIZAR PAGOS · AUTO] 📤 Arrancando las 3 descargas en paralelo (mismo browser, páginas separadas)...
[ACTUALIZAR PAGOS · AUTO] Fecha Desde: 27/06/2024
[ACTUALIZAR PAGOS · AUTO] Fecha Hasta: 24/11/2025
[ACTUALIZAR PAGOS · AUTO] Fecha Desde: 25/11/2025
[ACTUALIZAR PAGOS · AUTO] Fecha Hasta: 22/07/2026
[ACTUALIZAR PAGOS · AUTO] Descargando Excel...
[ACTUALIZAR PAGOS · AUTO] Descargando Excel...
[ACTUALIZAR PAGOS · AUTO] Archivo descargado en: backend/descargas/cache_actas_cruce/MULTAS_JUZGADO_CRUCE.xlsx
[ACTUALIZAR PAGOS · AUTO] ⏱ [actas_juzgado] completado en 33.1s
[ACTUALIZAR PAGOS · AUTO] ✅ TXT de pagos descargado en: backend/descargas/pagos/2026-07-22/PAGOS DESCARGADOS.txt
[ACTUALIZAR PAGOS · AUTO] ⏱ [pagos_txt] completado en 33.8s
[ACTUALIZAR PAGOS · AUTO] Archivo descargado en: backend/descargas/cache_actas_cruce/MULTAS_SIGEMI_CRUCE.xlsx
[ACTUALIZAR PAGOS · AUTO] ⏱ [actas_sigemi] completado en 78.2s
[ACTUALIZAR PAGOS · AUTO] ⏱ TOTAL descargas en paralelo: 78.2s
[ACTUALIZAR PAGOS · AUTO] ✅ DescargasParalelasPaso finalizado. (⏱ 79.9s)
[ACTUALIZAR PAGOS · AUTO] ✓ [DescargasParalelasPaso] Completado.
[ACTUALIZAR PAGOS · AUTO] ▶ [CompararActasPaso] Iniciando...
[ACTUALIZAR PAGOS · AUTO] ==================================================
[ACTUALIZAR PAGOS · AUTO] 🚀 PASO: CompararActasPaso
[ACTUALIZAR PAGOS · AUTO] ==================================================
[ACTUALIZAR PAGOS · AUTO] 🔍 Comparando actas del SEMyT contra pagos del Juzgado...
[ACTUALIZAR PAGOS · AUTO] ================================================================================
[ACTUALIZAR PAGOS · AUTO] INICIANDO PROCESO DE GENERACIÓN DE PAGOS DESACTUALIZADOS
[ACTUALIZAR PAGOS · AUTO] ================================================================================
[ACTUALIZAR PAGOS · AUTO] 📂 Cargando archivos...
[ACTUALIZAR PAGOS · AUTO]   ✓ Pagos: 16144 registros
[ACTUALIZAR PAGOS · AUTO]   ✓ Excel SIGEMI (multas vencidas viejas): 103863 registros
[ACTUALIZAR PAGOS · AUTO]   ✓ Excel Juzgado (multas vencidas nuevas): 40102 registros
[ACTUALIZAR PAGOS · AUTO] ================================================================================
[ACTUALIZAR PAGOS · AUTO] PASO 1: LLENANDO ACTA_NUMERO (búsqueda por patente + fecha, con desempate por hora)
[ACTUALIZAR PAGOS · AUTO] ================================================================================
[ACTUALIZAR PAGOS · AUTO] 📊 ESTADÍSTICAS DE LLENADO DE ACTAS:
[ACTUALIZAR PAGOS · AUTO]   • Pagos con acta ORIGINAL: 2435
[ACTUALIZAR PAGOS · AUTO]   • Pagos SIN acta (buscados): 13709
[ACTUALIZAR PAGOS · AUTO]   • Pagos LLENADOS exitosamente: 2
[ACTUALIZAR PAGOS · AUTO]   • Pagos NO encontrados en multas: 13707
[ACTUALIZAR PAGOS · AUTO]   • Pagos SIN RESOLVER por desbalance de cantidades: 0
[ACTUALIZAR PAGOS · AUTO] ================================================================================
[ACTUALIZAR PAGOS · AUTO] PASO 1: LLENANDO ACTA_NUMERO (búsqueda por patente + fecha, con desempate por hora)
[ACTUALIZAR PAGOS · AUTO] ================================================================================
[ACTUALIZAR PAGOS · AUTO] 📊 ESTADÍSTICAS DE LLENADO DE ACTAS:
[ACTUALIZAR PAGOS · AUTO]   • Pagos con acta ORIGINAL: 2437
[ACTUALIZAR PAGOS · AUTO]   • Pagos SIN acta (buscados): 13707
[ACTUALIZAR PAGOS · AUTO]   • Pagos LLENADOS exitosamente: 0
[ACTUALIZAR PAGOS · AUTO]   • Pagos NO encontrados en multas: 13707
[ACTUALIZAR PAGOS · AUTO]   • Pagos SIN RESOLVER por desbalance de cantidades: 0
[ACTUALIZAR PAGOS · AUTO] ⏱ PASO 1 (llenar actas): 13.8s
[ACTUALIZAR PAGOS · AUTO] ================================================================================
[ACTUALIZAR PAGOS · AUTO] PASO 2: FILTRANDO PAGOS CON ACTA_NUMERO COMPLETO
[ACTUALIZAR PAGOS · AUTO] ================================================================================
[ACTUALIZAR PAGOS · AUTO] 📊 ESTADÍSTICAS DE FILTRADO:
[ACTUALIZAR PAGOS · AUTO]   • Pagos TOTALES al inicio: 16144
[ACTUALIZAR PAGOS · AUTO]   • Pagos CON acta (MANTIENEN): 2437
[ACTUALIZAR PAGOS · AUTO]   • Pagos RECHAZADOS (sin coincidencias): 13707
[ACTUALIZAR PAGOS · AUTO] ⚠️  Se eliminaron 13707 registros sin número de acta
[ACTUALIZAR PAGOS · AUTO]      (recordá: esto incluye tanto pagos ya actualizados/pagados
[ACTUALIZAR PAGOS · AUTO]       como pagos que quedaron sin resolver por desbalance en el Paso 1)
[ACTUALIZAR PAGOS · AUTO] ================================================================================
[ACTUALIZAR PAGOS · AUTO] PASO 2-bis: CONFIRMANDO VIGENCIA DE PAGOS DEL SISTEMA NUEVO (contra MULTAS_JUZGADO_CRUCE)
[ACTUALIZAR PAGOS · AUTO] ================================================================================
[ACTUALIZAR PAGOS · AUTO]   ⚠ 2431 pago(s) del sistema nuevo descartados: su acta ya no figura como vencida en MULTAS_JUZGADO_CRUCE (SEMyT ya los actualizó).
[ACTUALIZAR PAGOS · AUTO]   • Pagos del sistema nuevo descartados por ya estar actualizados: 2431
[ACTUALIZAR PAGOS · AUTO] ⏱ PASO 2 (filtrar): 1.1s
[ACTUALIZAR PAGOS · AUTO] 📂 Cargando maestro de causas SIGEMI...
[ACTUALIZAR PAGOS · AUTO]   ✓ Causas totales (maestro): 134069 registros
[ACTUALIZAR PAGOS · AUTO] ⏱ PASO 2.5 (causas simplificado): 0.2s
[ACTUALIZAR PAGOS · AUTO] ================================================================================
[ACTUALIZAR PAGOS · AUTO] PASO 2.5: ARMANDO causas.txt SIMPLIFICADO (cruce contra total_causas_sigemi.txt)
[ACTUALIZAR PAGOS · AUTO] ================================================================================
[ACTUALIZAR PAGOS · AUTO]   • Actas vencidas viejas (multas): 103863
[ACTUALIZAR PAGOS · AUTO]   • Causas totales en el maestro SIGEMI: 134069
[ACTUALIZAR PAGOS · AUTO]   • Causas que coinciden (simplificado): 103533
[ACTUALIZAR PAGOS · AUTO]   ✅ Archivo escrito: backend/descargas/causas/causas.txt
[ACTUALIZAR PAGOS · AUTO] ⏱ PASO 2.5 (causas simplificado): 2.8s
[ACTUALIZAR PAGOS · AUTO] ================================================================================
[ACTUALIZAR PAGOS · AUTO] PASO 3: LLENANDO CAUSA_NUMERO (según fecha de cambio de sistema, cruzando por acta + año)
[ACTUALIZAR PAGOS · AUTO] ================================================================================
[ACTUALIZAR PAGOS · AUTO] 📊 ESTADÍSTICAS DE LLENADO DE CAUSAS:
[ACTUALIZAR PAGOS · AUTO]   • Pagos con causa ORIGINAL: 4
[ACTUALIZAR PAGOS · AUTO]   • Causas encontradas en SIGEMI (actas viejas): 2
[ACTUALIZAR PAGOS · AUTO]   • Causas NO encontradas en SIGEMI: 0
[ACTUALIZAR PAGOS · AUTO]   • Causas asignadas automáticamente (actas nuevas): 0
[ACTUALIZAR PAGOS · AUTO] ⏱ PASO 3 (llenar causas): 0.0s
[ACTUALIZAR PAGOS · AUTO] ================================================================================
[ACTUALIZAR PAGOS · AUTO] PASO 4: ORDENANDO POR FECHA Y ACTA_NUMERO
[ACTUALIZAR PAGOS · AUTO] ================================================================================
[ACTUALIZAR PAGOS · AUTO] ✓ Pagos ordenados correctamente
[ACTUALIZAR PAGOS · AUTO]   • Primera entrada: Acta=40758, Fecha=04/09/2024
[ACTUALIZAR PAGOS · AUTO]   • Última entrada: Acta=270136, Fecha=23/02/2026
[ACTUALIZAR PAGOS · AUTO] 📝 Escribiendo archivo de salida...
[ACTUALIZAR PAGOS · AUTO]   ✅ Archivo escrito: backend/descargas/pagos/2026-07-22/PAGOS 20260722 113336.txt
[ACTUALIZAR PAGOS · AUTO]   ✅ Total registros: 816
[ACTUALIZAR PAGOS · AUTO] ⏱ PASO 4 (ordenar y escribir): 0.0s
[ACTUALIZAR PAGOS · AUTO] ================================================================================
[ACTUALIZAR PAGOS · AUTO] ✅ PROCESO COMPLETADO EXITOSAMENTE
[ACTUALIZAR PAGOS · AUTO] ================================================================================
[ACTUALIZAR PAGOS · AUTO] 📊 RESUMEN FINAL DEL PROCESAMIENTO:
[ACTUALIZAR PAGOS · AUTO]   ENTRADA:
[ACTUALIZAR PAGOS · AUTO]     • Pagos originales: 16144
[ACTUALIZAR PAGOS · AUTO]     • Multas SIGEMI cargadas: 103863
[ACTUALIZAR PAGOS · AUTO]     • Multas Juzgado cargadas: 40102
[ACTUALIZAR PAGOS · AUTO]     • Causas simplificadas (usadas para el cruce): 103533
[ACTUALIZAR PAGOS · AUTO]   PROCESO:
[ACTUALIZAR PAGOS · AUTO]     • Pagos rechazados sigemi: 13707
[ACTUALIZAR PAGOS · AUTO]     • Pagos rechazados juzgado: 2431
[ACTUALIZAR PAGOS · AUTO]   SALIDA:
[ACTUALIZAR PAGOS · AUTO]     • Pagos desactualizados procesados: 6
[ACTUALIZAR PAGOS · AUTO]     • Archivo final: backend/descargas/pagos/2026-07-22/PAGOS 20260722 113336.txt
[ACTUALIZAR PAGOS · AUTO]     • Ordenados por fecha: SÍ ✓
[ACTUALIZAR PAGOS · AUTO]     • Todos con ACTA_NUMERO: SÍ ✓
[ACTUALIZAR PAGOS · AUTO]     • Todos con CAUSA_NUMERO: SÍ ✓
[ACTUALIZAR PAGOS · AUTO] ✅ TXT de pagos (ya cruzado con actas y causas) generado en: backend/descargas/pagos/2026-07-22/PAGOS 20260722 113336.txt
[ACTUALIZAR PAGOS · AUTO] 🧹 TXT de pagos crudo eliminado (ya usado en el cruce): backend/descargas/pagos/2026-07-22/PAGOS DESCARGADOS.txt
[ACTUALIZAR PAGOS · AUTO] 🧹 Excel MULTAS_SIGEMI_CRUCE eliminado (ya usado en el cruce): backend/descargas/cache_actas_cruce/MULTAS_SIGEMI_CRUCE.xlsx
[ACTUALIZAR PAGOS · AUTO] 🧹 Excel MULTAS_JUZGADO_CRUCE eliminado (ya usado en el cruce): backend/descargas/cache_actas_cruce/MULTAS_JUZGADO_CRUCE.xlsx
[ACTUALIZAR PAGOS · AUTO] ✅ CompararActasPaso finalizado. (⏱ 39.6s)
[ACTUALIZAR PAGOS · AUTO] ✓ [CompararActasPaso] Completado.
[ACTUALIZAR PAGOS · AUTO] ▶ [CargarPagosPaso] Iniciando...
[ACTUALIZAR PAGOS · AUTO] ==================================================
[ACTUALIZAR PAGOS · AUTO] 🚀 PASO: CargarPagosPaso
[ACTUALIZAR PAGOS · AUTO] ==================================================
[ACTUALIZAR PAGOS · AUTO] 📤 Subiendo TXT de pagos al SEMyT...
[ACTUALIZAR PAGOS · AUTO] ✅ Importación de pagos completada con éxito.
[ACTUALIZAR PAGOS · AUTO] ✅ Archivo TXT de pagos cargado en el SEMyT correctamente.
[ACTUALIZAR PAGOS · AUTO] ✅ CargarPagosPaso finalizado. (⏱ 3.0s)
[ACTUALIZAR PAGOS · AUTO] ✓ [CargarPagosPaso] Completado.
[ACTUALIZAR PAGOS · AUTO] === Ejecución finalizada con éxito ===
🤖 [Automático] Es hora de actualizar pagos. Arrancando...
[ACTUALIZAR PAGOS · AUTO] === Inicio de ejecución: pagos ===
[ACTUALIZAR PAGOS · AUTO] ▶ [LoginSemytPaso] Iniciando...
[ACTUALIZAR PAGOS · AUTO] ==================================================
[ACTUALIZAR PAGOS · AUTO] 🚀 PASO: LoginSemytPaso
[ACTUALIZAR PAGOS · AUTO] ==================================================
[ACTUALIZAR PAGOS · AUTO] Abriendo SEMyT...
⏳ [Automático] Tocaba disparar 'pagos' pero ya hay una ejecución en curso (Actualizar pagos); esperando a que termine; se reintenta en breve sin perder el turno.
[ACTUALIZAR PAGOS · AUTO] ✅ [SEMyT] Sesión existente detectada. Login omitido.
[ACTUALIZAR PAGOS · AUTO] ✅ LoginSemytPaso finalizado. (⏱ 40.6s)
[ACTUALIZAR PAGOS · AUTO] ✓ [LoginSemytPaso] Completado.
[ACTUALIZAR PAGOS · AUTO] ▶ [LoginJuzgadoPaso] Iniciando...
[ACTUALIZAR PAGOS · AUTO] ==================================================
[ACTUALIZAR PAGOS · AUTO] 🚀 PASO: LoginJuzgadoPaso
[ACTUALIZAR PAGOS · AUTO] ==================================================
[ACTUALIZAR PAGOS · AUTO] Abriendo sitio municipalidad (CiDi)...
[ACTUALIZAR PAGOS · AUTO] ✅ [Juzgado] Sesión existente detectada. Login omitido.
[ACTUALIZAR PAGOS · AUTO] ✅ LoginJuzgadoPaso finalizado. (⏱ 1.5s)
[ACTUALIZAR PAGOS · AUTO] ✓ [LoginJuzgadoPaso] Completado.
[ACTUALIZAR PAGOS · AUTO] ▶ [DescargasParalelasPaso] Iniciando...
[ACTUALIZAR PAGOS · AUTO] ==================================================
[ACTUALIZAR PAGOS · AUTO] 🚀 PASO: DescargasParalelasPaso
[ACTUALIZAR PAGOS · AUTO] ==================================================
[ACTUALIZAR PAGOS · AUTO] 📤 Arrancando las 3 descargas en paralelo (mismo browser, páginas separadas)...
[ACTUALIZAR PAGOS · AUTO] Fecha Desde: 27/06/2024
[ACTUALIZAR PAGOS · AUTO] Fecha Hasta: 24/11/2025
[ACTUALIZAR PAGOS · AUTO] Fecha Desde: 25/11/2025
[ACTUALIZAR PAGOS · AUTO] Fecha Hasta: 22/07/2026
[ACTUALIZAR PAGOS · AUTO] Descargando Excel...
[ACTUALIZAR PAGOS · AUTO] Descargando Excel...
[ACTUALIZAR PAGOS · AUTO] Archivo descargado en: backend/descargas/cache_actas_cruce/MULTAS_JUZGADO_CRUCE.xlsx
[ACTUALIZAR PAGOS · AUTO] ⏱ [actas_juzgado] completado en 29.3s
[ACTUALIZAR PAGOS · AUTO] ✅ TXT de pagos descargado en: backend/descargas/pagos/2026-07-22/PAGOS DESCARGADOS.txt
[ACTUALIZAR PAGOS · AUTO] ⏱ [pagos_txt] completado en 29.4s
[ACTUALIZAR PAGOS · AUTO] Archivo descargado en: backend/descargas/cache_actas_cruce/MULTAS_SIGEMI_CRUCE.xlsx
[ACTUALIZAR PAGOS · AUTO] ⏱ [actas_sigemi] completado en 84.9s
[ACTUALIZAR PAGOS · AUTO] ⏱ TOTAL descargas en paralelo: 84.9s
[ACTUALIZAR PAGOS · AUTO] ✅ DescargasParalelasPaso finalizado. (⏱ 86.2s)
[ACTUALIZAR PAGOS · AUTO] ✓ [DescargasParalelasPaso] Completado.
[ACTUALIZAR PAGOS · AUTO] ▶ [CompararActasPaso] Iniciando...
[ACTUALIZAR PAGOS · AUTO] ==================================================
[ACTUALIZAR PAGOS · AUTO] 🚀 PASO: CompararActasPaso
[ACTUALIZAR PAGOS · AUTO] ==================================================
[ACTUALIZAR PAGOS · AUTO] 🔍 Comparando actas del SEMyT contra pagos del Juzgado...
[ACTUALIZAR PAGOS · AUTO] ================================================================================
[ACTUALIZAR PAGOS · AUTO] INICIANDO PROCESO DE GENERACIÓN DE PAGOS DESACTUALIZADOS
[ACTUALIZAR PAGOS · AUTO] ================================================================================
[ACTUALIZAR PAGOS · AUTO] 📂 Cargando archivos...
[ACTUALIZAR PAGOS · AUTO]   ✓ Pagos: 16152 registros
[ACTUALIZAR PAGOS · AUTO]   ✓ Excel SIGEMI (multas vencidas viejas): 103861 registros
[ACTUALIZAR PAGOS · AUTO]   ✓ Excel Juzgado (multas vencidas nuevas): 40097 registros
[ACTUALIZAR PAGOS · AUTO] ================================================================================
[ACTUALIZAR PAGOS · AUTO] PASO 1: LLENANDO ACTA_NUMERO (búsqueda por patente + fecha, con desempate por hora)
[ACTUALIZAR PAGOS · AUTO] ================================================================================
[ACTUALIZAR PAGOS · AUTO] 📊 ESTADÍSTICAS DE LLENADO DE ACTAS:
[ACTUALIZAR PAGOS · AUTO]   • Pagos con acta ORIGINAL: 2436
[ACTUALIZAR PAGOS · AUTO]   • Pagos SIN acta (buscados): 13716
[ACTUALIZAR PAGOS · AUTO]   • Pagos LLENADOS exitosamente: 7
[ACTUALIZAR PAGOS · AUTO]   • Pagos NO encontrados en multas: 13709
[ACTUALIZAR PAGOS · AUTO]   • Pagos SIN RESOLVER por desbalance de cantidades: 0
[ACTUALIZAR PAGOS · AUTO] ================================================================================
[ACTUALIZAR PAGOS · AUTO] PASO 1: LLENANDO ACTA_NUMERO (búsqueda por patente + fecha, con desempate por hora)
[ACTUALIZAR PAGOS · AUTO] ================================================================================
[ACTUALIZAR PAGOS · AUTO] 📊 ESTADÍSTICAS DE LLENADO DE ACTAS:
[ACTUALIZAR PAGOS · AUTO]   • Pagos con acta ORIGINAL: 2443
[ACTUALIZAR PAGOS · AUTO]   • Pagos SIN acta (buscados): 13709
[ACTUALIZAR PAGOS · AUTO]   • Pagos LLENADOS exitosamente: 0
[ACTUALIZAR PAGOS · AUTO]   • Pagos NO encontrados en multas: 13709
[ACTUALIZAR PAGOS · AUTO]   • Pagos SIN RESOLVER por desbalance de cantidades: 0
[ACTUALIZAR PAGOS · AUTO] ⏱ PASO 1 (llenar actas): 15.2s
[ACTUALIZAR PAGOS · AUTO] ================================================================================
[ACTUALIZAR PAGOS · AUTO] PASO 2: FILTRANDO PAGOS CON ACTA_NUMERO COMPLETO
[ACTUALIZAR PAGOS · AUTO] ================================================================================
[ACTUALIZAR PAGOS · AUTO] 📊 ESTADÍSTICAS DE FILTRADO:
[ACTUALIZAR PAGOS · AUTO]   • Pagos TOTALES al inicio: 16152
[ACTUALIZAR PAGOS · AUTO]   • Pagos CON acta (MANTIENEN): 2443
[ACTUALIZAR PAGOS · AUTO]   • Pagos RECHAZADOS (sin coincidencias): 13709
[ACTUALIZAR PAGOS · AUTO] ⚠️  Se eliminaron 13709 registros sin número de acta
[ACTUALIZAR PAGOS · AUTO]      (recordá: esto incluye tanto pagos ya actualizados/pagados
[ACTUALIZAR PAGOS · AUTO]       como pagos que quedaron sin resolver por desbalance en el Paso 1)
[ACTUALIZAR PAGOS · AUTO] ================================================================================
[ACTUALIZAR PAGOS · AUTO] PASO 2-bis: CONFIRMANDO VIGENCIA DE PAGOS DEL SISTEMA NUEVO (contra MULTAS_JUZGADO_CRUCE)
[ACTUALIZAR PAGOS · AUTO] ================================================================================
[ACTUALIZAR PAGOS · AUTO]   ⚠ 2435 pago(s) del sistema nuevo descartados: su acta ya no figura como vencida en MULTAS_JUZGADO_CRUCE (SEMyT ya los actualizó).
[ACTUALIZAR PAGOS · AUTO]   • Pagos del sistema nuevo descartados por ya estar actualizados: 2435
[ACTUALIZAR PAGOS · AUTO] ⏱ PASO 2 (filtrar): 0.8s
[ACTUALIZAR PAGOS · AUTO] 📂 Cargando maestro de causas SIGEMI...
[ACTUALIZAR PAGOS · AUTO]   ✓ Causas totales (maestro): 134069 registros
[ACTUALIZAR PAGOS · AUTO] ⏱ PASO 2.5 (causas simplificado): 0.1s
[ACTUALIZAR PAGOS · AUTO] ================================================================================
[ACTUALIZAR PAGOS · AUTO] PASO 2.5: ARMANDO causas.txt SIMPLIFICADO (cruce contra total_causas_sigemi.txt)
[ACTUALIZAR PAGOS · AUTO] ================================================================================
[ACTUALIZAR PAGOS · AUTO]   • Actas vencidas viejas (multas): 103861
[ACTUALIZAR PAGOS · AUTO]   • Causas totales en el maestro SIGEMI: 134069
[ACTUALIZAR PAGOS · AUTO]   • Causas que coinciden (simplificado): 103531
[ACTUALIZAR PAGOS · AUTO]   ✅ Archivo escrito: backend/descargas/causas/causas.txt
[ACTUALIZAR PAGOS · AUTO] ⏱ PASO 2.5 (causas simplificado): 2.2s
[ACTUALIZAR PAGOS · AUTO] ================================================================================
[ACTUALIZAR PAGOS · AUTO] PASO 3: LLENANDO CAUSA_NUMERO (según fecha de cambio de sistema, cruzando por acta + año)
[ACTUALIZAR PAGOS · AUTO] ================================================================================
[ACTUALIZAR PAGOS · AUTO] 📊 ESTADÍSTICAS DE LLENADO DE CAUSAS:
[ACTUALIZAR PAGOS · AUTO]   • Pagos con causa ORIGINAL: 1
[ACTUALIZAR PAGOS · AUTO]   • Causas encontradas en SIGEMI (actas viejas): 7
[ACTUALIZAR PAGOS · AUTO]   • Causas NO encontradas en SIGEMI: 0
[ACTUALIZAR PAGOS · AUTO]   • Causas asignadas automáticamente (actas nuevas): 0
[ACTUALIZAR PAGOS · AUTO] ⏱ PASO 3 (llenar causas): 0.0s
[ACTUALIZAR PAGOS · AUTO] ================================================================================
[ACTUALIZAR PAGOS · AUTO] PASO 4: ORDENANDO POR FECHA Y ACTA_NUMERO
[ACTUALIZAR PAGOS · AUTO] ================================================================================
[ACTUALIZAR PAGOS · AUTO] ✓ Pagos ordenados correctamente
[ACTUALIZAR PAGOS · AUTO]   • Primera entrada: Acta=113360, Fecha=18/02/2025
[ACTUALIZAR PAGOS · AUTO]   • Última entrada: Acta=309398, Fecha=07/05/2026
[ACTUALIZAR PAGOS · AUTO] 📝 Escribiendo archivo de salida...
[ACTUALIZAR PAGOS · AUTO]   ✅ Archivo escrito: backend/descargas/pagos/2026-07-22/PAGOS 20260722 114643.txt
[ACTUALIZAR PAGOS · AUTO]   ✅ Total registros: 979
[ACTUALIZAR PAGOS · AUTO] ⏱ PASO 4 (ordenar y escribir): 0.0s
[ACTUALIZAR PAGOS · AUTO] ================================================================================
[ACTUALIZAR PAGOS · AUTO] ✅ PROCESO COMPLETADO EXITOSAMENTE
[ACTUALIZAR PAGOS · AUTO] ================================================================================
[ACTUALIZAR PAGOS · AUTO] 📊 RESUMEN FINAL DEL PROCESAMIENTO:
[ACTUALIZAR PAGOS · AUTO]   ENTRADA:
[ACTUALIZAR PAGOS · AUTO]     • Pagos originales: 16152
[ACTUALIZAR PAGOS · AUTO]     • Multas SIGEMI cargadas: 103861
[ACTUALIZAR PAGOS · AUTO]     • Multas Juzgado cargadas: 40097
[ACTUALIZAR PAGOS · AUTO]     • Causas simplificadas (usadas para el cruce): 103531
[ACTUALIZAR PAGOS · AUTO]   PROCESO:
[ACTUALIZAR PAGOS · AUTO]     • Pagos rechazados sigemi: 13709
[ACTUALIZAR PAGOS · AUTO]     • Pagos rechazados juzgado: 2435
[ACTUALIZAR PAGOS · AUTO]   SALIDA:
[ACTUALIZAR PAGOS · AUTO]     • Pagos desactualizados procesados: 8
[ACTUALIZAR PAGOS · AUTO]     • Archivo final: backend/descargas/pagos/2026-07-22/PAGOS 20260722 114643.txt
[ACTUALIZAR PAGOS · AUTO]     • Ordenados por fecha: SÍ ✓
[ACTUALIZAR PAGOS · AUTO]     • Todos con ACTA_NUMERO: SÍ ✓
[ACTUALIZAR PAGOS · AUTO]     • Todos con CAUSA_NUMERO: SÍ ✓
[ACTUALIZAR PAGOS · AUTO] ✅ TXT de pagos (ya cruzado con actas y causas) generado en: backend/descargas/pagos/2026-07-22/PAGOS 20260722 114643.txt
[ACTUALIZAR PAGOS · AUTO] 🧹 TXT de pagos crudo eliminado (ya usado en el cruce): backend/descargas/pagos/2026-07-22/PAGOS DESCARGADOS.txt
[ACTUALIZAR PAGOS · AUTO] 🧹 Excel MULTAS_SIGEMI_CRUCE eliminado (ya usado en el cruce): backend/descargas/cache_actas_cruce/MULTAS_SIGEMI_CRUCE.xlsx
[ACTUALIZAR PAGOS · AUTO] 🧹 Excel MULTAS_JUZGADO_CRUCE eliminado (ya usado en el cruce): backend/descargas/cache_actas_cruce/MULTAS_JUZGADO_CRUCE.xlsx
[ACTUALIZAR PAGOS · AUTO] ✅ CompararActasPaso finalizado. (⏱ 41.0s)
[ACTUALIZAR PAGOS · AUTO] ✓ [CompararActasPaso] Completado.
[ACTUALIZAR PAGOS · AUTO] ▶ [CargarPagosPaso] Iniciando...
[ACTUALIZAR PAGOS · AUTO] ==================================================
[ACTUALIZAR PAGOS · AUTO] 🚀 PASO: CargarPagosPaso
[ACTUALIZAR PAGOS · AUTO] ==================================================
[ACTUALIZAR PAGOS · AUTO] 📤 Subiendo TXT de pagos al SEMyT...
[ACTUALIZAR PAGOS · AUTO] ✅ Importación de pagos completada con éxito.
[ACTUALIZAR PAGOS · AUTO] ✅ Archivo TXT de pagos cargado en el SEMyT correctamente.
[ACTUALIZAR PAGOS · AUTO] ✅ CargarPagosPaso finalizado. (⏱ 3.1s)
[ACTUALIZAR PAGOS · AUTO] ✓ [CargarPagosPaso] Completado.
[ACTUALIZAR PAGOS · AUTO] === Ejecución finalizada con éxito ===
🤖 [Automático] Es hora de actualizar pagos. Arrancando...
[ACTUALIZAR PAGOS · AUTO] === Inicio de ejecución: pagos ===
[ACTUALIZAR PAGOS · AUTO] ▶ [LoginSemytPaso] Iniciando...
[ACTUALIZAR PAGOS · AUTO] ==================================================
[ACTUALIZAR PAGOS · AUTO] 🚀 PASO: LoginSemytPaso
[ACTUALIZAR PAGOS · AUTO] ==================================================
[ACTUALIZAR PAGOS · AUTO] Abriendo SEMyT...
⏳ [Automático] Tocaba disparar 'pagos' pero ya hay una ejecución en curso (Actualizar pagos); esperando a que termine; se reintenta en breve sin perder el turno.
[ACTUALIZAR PAGOS · AUTO] ✅ [SEMyT] Sesión existente detectada. Login omitido.
[ACTUALIZAR PAGOS · AUTO] ✅ LoginSemytPaso finalizado. (⏱ 41.4s)
[ACTUALIZAR PAGOS · AUTO] ✓ [LoginSemytPaso] Completado.
[ACTUALIZAR PAGOS · AUTO] ▶ [LoginJuzgadoPaso] Iniciando...
[ACTUALIZAR PAGOS · AUTO] ==================================================
[ACTUALIZAR PAGOS · AUTO] 🚀 PASO: LoginJuzgadoPaso
[ACTUALIZAR PAGOS · AUTO] ==================================================
[ACTUALIZAR PAGOS · AUTO] Abriendo sitio municipalidad (CiDi)...
[ACTUALIZAR PAGOS · AUTO] ✅ [Juzgado] Sesión existente detectada. Login omitido.
[ACTUALIZAR PAGOS · AUTO] ✅ LoginJuzgadoPaso finalizado. (⏱ 1.7s)
[ACTUALIZAR PAGOS · AUTO] ✓ [LoginJuzgadoPaso] Completado.
[ACTUALIZAR PAGOS · AUTO] ▶ [DescargasParalelasPaso] Iniciando...
[ACTUALIZAR PAGOS · AUTO] ==================================================
[ACTUALIZAR PAGOS · AUTO] 🚀 PASO: DescargasParalelasPaso
[ACTUALIZAR PAGOS · AUTO] ==================================================
[ACTUALIZAR PAGOS · AUTO] 📤 Arrancando las 3 descargas en paralelo (mismo browser, páginas separadas)...
[ACTUALIZAR PAGOS · AUTO] Fecha Desde: 27/06/2024
[ACTUALIZAR PAGOS · AUTO] Fecha Hasta: 24/11/2025
[ACTUALIZAR PAGOS · AUTO] Fecha Desde: 25/11/2025
[ACTUALIZAR PAGOS · AUTO] Fecha Hasta: 22/07/2026
[ACTUALIZAR PAGOS · AUTO] Descargando Excel...
[ACTUALIZAR PAGOS · AUTO] Descargando Excel...
[ACTUALIZAR PAGOS · AUTO] ✅ TXT de pagos descargado en: backend/descargas/pagos/2026-07-22/PAGOS DESCARGADOS.txt
[ACTUALIZAR PAGOS · AUTO] ⏱ [pagos_txt] completado en 26.5s
[ACTUALIZAR PAGOS · AUTO] Archivo descargado en: backend/descargas/cache_actas_cruce/MULTAS_JUZGADO_CRUCE.xlsx
[ACTUALIZAR PAGOS · AUTO] ⏱ [actas_juzgado] completado en 42.1s
[ACTUALIZAR PAGOS · AUTO] Archivo descargado en: backend/descargas/cache_actas_cruce/MULTAS_SIGEMI_CRUCE.xlsx
[ACTUALIZAR PAGOS · AUTO] ⏱ [actas_sigemi] completado en 92.6s
[ACTUALIZAR PAGOS · AUTO] ⏱ TOTAL descargas en paralelo: 92.6s
[ACTUALIZAR PAGOS · AUTO] ✅ DescargasParalelasPaso finalizado. (⏱ 94.1s)
[ACTUALIZAR PAGOS · AUTO] ✓ [DescargasParalelasPaso] Completado.
[ACTUALIZAR PAGOS · AUTO] ▶ [CompararActasPaso] Iniciando...
[ACTUALIZAR PAGOS · AUTO] ==================================================
[ACTUALIZAR PAGOS · AUTO] 🚀 PASO: CompararActasPaso
[ACTUALIZAR PAGOS · AUTO] ==================================================
[ACTUALIZAR PAGOS · AUTO] 🔍 Comparando actas del SEMyT contra pagos del Juzgado...
[ACTUALIZAR PAGOS · AUTO] ================================================================================
[ACTUALIZAR PAGOS · AUTO] INICIANDO PROCESO DE GENERACIÓN DE PAGOS DESACTUALIZADOS
[ACTUALIZAR PAGOS · AUTO] ================================================================================
[ACTUALIZAR PAGOS · AUTO] 📂 Cargando archivos...
[ACTUALIZAR PAGOS · AUTO]   ✓ Pagos: 16158 registros
[ACTUALIZAR PAGOS · AUTO]   ✓ Excel SIGEMI (multas vencidas viejas): 103854 registros
[ACTUALIZAR PAGOS · AUTO]   ✓ Excel Juzgado (multas vencidas nuevas): 40096 registros
[ACTUALIZAR PAGOS · AUTO] ================================================================================
[ACTUALIZAR PAGOS · AUTO] PASO 1: LLENANDO ACTA_NUMERO (búsqueda por patente + fecha, con desempate por hora)
[ACTUALIZAR PAGOS · AUTO] ================================================================================
[ACTUALIZAR PAGOS · AUTO] 📊 ESTADÍSTICAS DE LLENADO DE ACTAS:
[ACTUALIZAR PAGOS · AUTO]   • Pagos con acta ORIGINAL: 2439
[ACTUALIZAR PAGOS · AUTO]   • Pagos SIN acta (buscados): 13719
[ACTUALIZAR PAGOS · AUTO]   • Pagos LLENADOS exitosamente: 3
[ACTUALIZAR PAGOS · AUTO]   • Pagos NO encontrados en multas: 13716
[ACTUALIZAR PAGOS · AUTO]   • Pagos SIN RESOLVER por desbalance de cantidades: 0
[ACTUALIZAR PAGOS · AUTO] ================================================================================
[ACTUALIZAR PAGOS · AUTO] PASO 1: LLENANDO ACTA_NUMERO (búsqueda por patente + fecha, con desempate por hora)
[ACTUALIZAR PAGOS · AUTO] ================================================================================
[ACTUALIZAR PAGOS · AUTO] 📊 ESTADÍSTICAS DE LLENADO DE ACTAS:
[ACTUALIZAR PAGOS · AUTO]   • Pagos con acta ORIGINAL: 2442
[ACTUALIZAR PAGOS · AUTO]   • Pagos SIN acta (buscados): 13716
[ACTUALIZAR PAGOS · AUTO]   • Pagos LLENADOS exitosamente: 0
[ACTUALIZAR PAGOS · AUTO]   • Pagos NO encontrados en multas: 13716
[ACTUALIZAR PAGOS · AUTO]   • Pagos SIN RESOLVER por desbalance de cantidades: 0
[ACTUALIZAR PAGOS · AUTO] ⏱ PASO 1 (llenar actas): 15.5s
[ACTUALIZAR PAGOS · AUTO] ================================================================================
[ACTUALIZAR PAGOS · AUTO] PASO 2: FILTRANDO PAGOS CON ACTA_NUMERO COMPLETO
[ACTUALIZAR PAGOS · AUTO] ================================================================================
[ACTUALIZAR PAGOS · AUTO] 📊 ESTADÍSTICAS DE FILTRADO:
[ACTUALIZAR PAGOS · AUTO]   • Pagos TOTALES al inicio: 16158
[ACTUALIZAR PAGOS · AUTO]   • Pagos CON acta (MANTIENEN): 2442
[ACTUALIZAR PAGOS · AUTO]   • Pagos RECHAZADOS (sin coincidencias): 13716
[ACTUALIZAR PAGOS · AUTO] ⚠️  Se eliminaron 13716 registros sin número de acta
[ACTUALIZAR PAGOS · AUTO]      (recordá: esto incluye tanto pagos ya actualizados/pagados
[ACTUALIZAR PAGOS · AUTO]       como pagos que quedaron sin resolver por desbalance en el Paso 1)
[ACTUALIZAR PAGOS · AUTO] ================================================================================
[ACTUALIZAR PAGOS · AUTO] PASO 2-bis: CONFIRMANDO VIGENCIA DE PAGOS DEL SISTEMA NUEVO (contra MULTAS_JUZGADO_CRUCE)
[ACTUALIZAR PAGOS · AUTO] ================================================================================
[ACTUALIZAR PAGOS · AUTO]   ⚠ 2436 pago(s) del sistema nuevo descartados: su acta ya no figura como vencida en MULTAS_JUZGADO_CRUCE (SEMyT ya los actualizó).
[ACTUALIZAR PAGOS · AUTO]   • Pagos del sistema nuevo descartados por ya estar actualizados: 2436
[ACTUALIZAR PAGOS · AUTO] ⏱ PASO 2 (filtrar): 1.1s
[ACTUALIZAR PAGOS · AUTO] 📂 Cargando maestro de causas SIGEMI...
[ACTUALIZAR PAGOS · AUTO]   ✓ Causas totales (maestro): 134069 registros
[ACTUALIZAR PAGOS · AUTO] ⏱ PASO 2.5 (causas simplificado): 0.2s
[ACTUALIZAR PAGOS · AUTO] ================================================================================
[ACTUALIZAR PAGOS · AUTO] PASO 2.5: ARMANDO causas.txt SIMPLIFICADO (cruce contra total_causas_sigemi.txt)
[ACTUALIZAR PAGOS · AUTO] ================================================================================
[ACTUALIZAR PAGOS · AUTO]   • Actas vencidas viejas (multas): 103854
[ACTUALIZAR PAGOS · AUTO]   • Causas totales en el maestro SIGEMI: 134069
[ACTUALIZAR PAGOS · AUTO]   • Causas que coinciden (simplificado): 103524
[ACTUALIZAR PAGOS · AUTO]   ✅ Archivo escrito: backend/descargas/causas/causas.txt
[ACTUALIZAR PAGOS · AUTO] ⏱ PASO 2.5 (causas simplificado): 2.4s
[ACTUALIZAR PAGOS · AUTO] ================================================================================
[ACTUALIZAR PAGOS · AUTO] PASO 3: LLENANDO CAUSA_NUMERO (según fecha de cambio de sistema, cruzando por acta + año)
[ACTUALIZAR PAGOS · AUTO] ================================================================================
[ACTUALIZAR PAGOS · AUTO] 📊 ESTADÍSTICAS DE LLENADO DE CAUSAS:
[ACTUALIZAR PAGOS · AUTO]   • Pagos con causa ORIGINAL: 3
[ACTUALIZAR PAGOS · AUTO]   • Causas encontradas en SIGEMI (actas viejas): 3
[ACTUALIZAR PAGOS · AUTO]   • Causas NO encontradas en SIGEMI: 0
[ACTUALIZAR PAGOS · AUTO]   • Causas asignadas automáticamente (actas nuevas): 0
[ACTUALIZAR PAGOS · AUTO] ⏱ PASO 3 (llenar causas): 0.0s
[ACTUALIZAR PAGOS · AUTO] ================================================================================
[ACTUALIZAR PAGOS · AUTO] PASO 4: ORDENANDO POR FECHA Y ACTA_NUMERO
[ACTUALIZAR PAGOS · AUTO] ================================================================================
[ACTUALIZAR PAGOS · AUTO] ✓ Pagos ordenados correctamente
[ACTUALIZAR PAGOS · AUTO]   • Primera entrada: Acta=35316, Fecha=23/08/2024
[ACTUALIZAR PAGOS · AUTO]   • Última entrada: Acta=263488, Fecha=06/02/2026
[ACTUALIZAR PAGOS · AUTO] 📝 Escribiendo archivo de salida...
[ACTUALIZAR PAGOS · AUTO]   ✅ Archivo escrito: backend/descargas/pagos/2026-07-22/PAGOS 20260722 115956.txt
[ACTUALIZAR PAGOS · AUTO]   ✅ Total registros: 786
[ACTUALIZAR PAGOS · AUTO] ⏱ PASO 4 (ordenar y escribir): 0.0s
[ACTUALIZAR PAGOS · AUTO] ================================================================================
[ACTUALIZAR PAGOS · AUTO] ✅ PROCESO COMPLETADO EXITOSAMENTE
[ACTUALIZAR PAGOS · AUTO] ================================================================================
[ACTUALIZAR PAGOS · AUTO] 📊 RESUMEN FINAL DEL PROCESAMIENTO:
[ACTUALIZAR PAGOS · AUTO]   ENTRADA:
[ACTUALIZAR PAGOS · AUTO]     • Pagos originales: 16158
[ACTUALIZAR PAGOS · AUTO]     • Multas SIGEMI cargadas: 103854
[ACTUALIZAR PAGOS · AUTO]     • Multas Juzgado cargadas: 40096
[ACTUALIZAR PAGOS · AUTO]     • Causas simplificadas (usadas para el cruce): 103524
[ACTUALIZAR PAGOS · AUTO]   PROCESO:
[ACTUALIZAR PAGOS · AUTO]     • Pagos rechazados sigemi: 13716
[ACTUALIZAR PAGOS · AUTO]     • Pagos rechazados juzgado: 2436
[ACTUALIZAR PAGOS · AUTO]   SALIDA:
[ACTUALIZAR PAGOS · AUTO]     • Pagos desactualizados procesados: 6
[ACTUALIZAR PAGOS · AUTO]     • Archivo final: backend/descargas/pagos/2026-07-22/PAGOS 20260722 115956.txt
[ACTUALIZAR PAGOS · AUTO]     • Ordenados por fecha: SÍ ✓
[ACTUALIZAR PAGOS · AUTO]     • Todos con ACTA_NUMERO: SÍ ✓
[ACTUALIZAR PAGOS · AUTO]     • Todos con CAUSA_NUMERO: SÍ ✓
[ACTUALIZAR PAGOS · AUTO] ✅ TXT de pagos (ya cruzado con actas y causas) generado en: backend/descargas/pagos/2026-07-22/PAGOS 20260722 115956.txt
[ACTUALIZAR PAGOS · AUTO] 🧹 TXT de pagos crudo eliminado (ya usado en el cruce): backend/descargas/pagos/2026-07-22/PAGOS DESCARGADOS.txt
[ACTUALIZAR PAGOS · AUTO] 🧹 Excel MULTAS_SIGEMI_CRUCE eliminado (ya usado en el cruce): backend/descargas/cache_actas_cruce/MULTAS_SIGEMI_CRUCE.xlsx
[ACTUALIZAR PAGOS · AUTO] 🧹 Excel MULTAS_JUZGADO_CRUCE eliminado (ya usado en el cruce): backend/descargas/cache_actas_cruce/MULTAS_JUZGADO_CRUCE.xlsx
[ACTUALIZAR PAGOS · AUTO] ✅ CompararActasPaso finalizado. (⏱ 48.5s)
[ACTUALIZAR PAGOS · AUTO] ✓ [CompararActasPaso] Completado.
[ACTUALIZAR PAGOS · AUTO] ▶ [CargarPagosPaso] Iniciando...
[ACTUALIZAR PAGOS · AUTO] ==================================================
[ACTUALIZAR PAGOS · AUTO] 🚀 PASO: CargarPagosPaso
[ACTUALIZAR PAGOS · AUTO] ==================================================
[ACTUALIZAR PAGOS · AUTO] 📤 Subiendo TXT de pagos al SEMyT...
[ACTUALIZAR PAGOS · AUTO] ✅ Importación de pagos completada con éxito.
[ACTUALIZAR PAGOS · AUTO] ✅ Archivo TXT de pagos cargado en el SEMyT correctamente.
[ACTUALIZAR PAGOS · AUTO] ✅ CargarPagosPaso finalizado. (⏱ 2.7s)
[ACTUALIZAR PAGOS · AUTO] ✓ [CargarPagosPaso] Completado.
[ACTUALIZAR PAGOS · AUTO] === Ejecución finalizada con éxito ===
🤖 [Automático] Es hora de actualizar pagos. Arrancando...
[ACTUALIZAR PAGOS · AUTO] === Inicio de ejecución: pagos ===
[ACTUALIZAR PAGOS · AUTO] ▶ [LoginSemytPaso] Iniciando...
[ACTUALIZAR PAGOS · AUTO] ==================================================
[ACTUALIZAR PAGOS · AUTO] 🚀 PASO: LoginSemytPaso
[ACTUALIZAR PAGOS · AUTO] ==================================================
[ACTUALIZAR PAGOS · AUTO] Abriendo SEMyT...
⏳ [Automático] Tocaba disparar 'pagos' pero ya hay una ejecución en curso (Actualizar pagos); esperando a que termine; se reintenta en breve sin perder el turno.
[ACTUALIZAR PAGOS · AUTO] ✅ [SEMyT] Sesión existente detectada. Login omitido.
[ACTUALIZAR PAGOS · AUTO] ✅ LoginSemytPaso finalizado. (⏱ 47.8s)
[ACTUALIZAR PAGOS · AUTO] ✓ [LoginSemytPaso] Completado.
[ACTUALIZAR PAGOS · AUTO] ▶ [LoginJuzgadoPaso] Iniciando...
[ACTUALIZAR PAGOS · AUTO] ==================================================
[ACTUALIZAR PAGOS · AUTO] 🚀 PASO: LoginJuzgadoPaso
[ACTUALIZAR PAGOS · AUTO] ==================================================
[ACTUALIZAR PAGOS · AUTO] Abriendo sitio municipalidad (CiDi)...
[ACTUALIZAR PAGOS · AUTO] ✅ [Juzgado] Sesión existente detectada. Login omitido.
[ACTUALIZAR PAGOS · AUTO] ✅ LoginJuzgadoPaso finalizado. (⏱ 1.8s)
[ACTUALIZAR PAGOS · AUTO] ✓ [LoginJuzgadoPaso] Completado.
[ACTUALIZAR PAGOS · AUTO] ▶ [DescargasParalelasPaso] Iniciando...
[ACTUALIZAR PAGOS · AUTO] ==================================================
[ACTUALIZAR PAGOS · AUTO] 🚀 PASO: DescargasParalelasPaso
[ACTUALIZAR PAGOS · AUTO] ==================================================
[ACTUALIZAR PAGOS · AUTO] 📤 Arrancando las 3 descargas en paralelo (mismo browser, páginas separadas)...
[ACTUALIZAR PAGOS · AUTO] Fecha Desde: 27/06/2024
[ACTUALIZAR PAGOS · AUTO] Fecha Hasta: 24/11/2025
[ACTUALIZAR PAGOS · AUTO] Fecha Desde: 25/11/2025
[ACTUALIZAR PAGOS · AUTO] Fecha Hasta: 22/07/2026
[ACTUALIZAR PAGOS · AUTO] Descargando Excel...
[ACTUALIZAR PAGOS · AUTO] Descargando Excel...
[ACTUALIZAR PAGOS · AUTO] Archivo descargado en: backend/descargas/cache_actas_cruce/MULTAS_JUZGADO_CRUCE.xlsx
[ACTUALIZAR PAGOS · AUTO] ⏱ [actas_juzgado] completado en 32.7s
[ACTUALIZAR PAGOS · AUTO] ✅ TXT de pagos descargado en: backend/descargas/pagos/2026-07-22/PAGOS DESCARGADOS.txt
[ACTUALIZAR PAGOS · AUTO] ⏱ [pagos_txt] completado en 38.1s
[ACTUALIZAR PAGOS · AUTO] Archivo descargado en: backend/descargas/cache_actas_cruce/MULTAS_SIGEMI_CRUCE.xlsx
[ACTUALIZAR PAGOS · AUTO] ⏱ [actas_sigemi] completado en 82.2s
[ACTUALIZAR PAGOS · AUTO] ⏱ TOTAL descargas en paralelo: 82.2s
[ACTUALIZAR PAGOS · AUTO] ✅ DescargasParalelasPaso finalizado. (⏱ 83.7s)
[ACTUALIZAR PAGOS · AUTO] ✓ [DescargasParalelasPaso] Completado.
[ACTUALIZAR PAGOS · AUTO] ▶ [CompararActasPaso] Iniciando...
[ACTUALIZAR PAGOS · AUTO] ==================================================
[ACTUALIZAR PAGOS · AUTO] 🚀 PASO: CompararActasPaso
[ACTUALIZAR PAGOS · AUTO] ==================================================
[ACTUALIZAR PAGOS · AUTO] 🔍 Comparando actas del SEMyT contra pagos del Juzgado...
[ACTUALIZAR PAGOS · AUTO] ================================================================================
[ACTUALIZAR PAGOS · AUTO] INICIANDO PROCESO DE GENERACIÓN DE PAGOS DESACTUALIZADOS
[ACTUALIZAR PAGOS · AUTO] ================================================================================
[ACTUALIZAR PAGOS · AUTO] 📂 Cargando archivos...
[ACTUALIZAR PAGOS · AUTO]   ✓ Pagos: 16181 registros
[ACTUALIZAR PAGOS · AUTO]   ✓ Excel SIGEMI (multas vencidas viejas): 103849 registros
[ACTUALIZAR PAGOS · AUTO]   ✓ Excel Juzgado (multas vencidas nuevas): 40092 registros
[ACTUALIZAR PAGOS · AUTO] ================================================================================
[ACTUALIZAR PAGOS · AUTO] PASO 1: LLENANDO ACTA_NUMERO (búsqueda por patente + fecha, con desempate por hora)
[ACTUALIZAR PAGOS · AUTO] ================================================================================
[ACTUALIZAR PAGOS · AUTO] 📊 ESTADÍSTICAS DE LLENADO DE ACTAS:
[ACTUALIZAR PAGOS · AUTO]   • Pagos con acta ORIGINAL: 2447
[ACTUALIZAR PAGOS · AUTO]   • Pagos SIN acta (buscados): 13734
[ACTUALIZAR PAGOS · AUTO]   • Pagos LLENADOS exitosamente: 13
[ACTUALIZAR PAGOS · AUTO]   • Pagos NO encontrados en multas: 13721
[ACTUALIZAR PAGOS · AUTO]   • Pagos SIN RESOLVER por desbalance de cantidades: 0
[ACTUALIZAR PAGOS · AUTO] ================================================================================
[ACTUALIZAR PAGOS · AUTO] PASO 1: LLENANDO ACTA_NUMERO (búsqueda por patente + fecha, con desempate por hora)
[ACTUALIZAR PAGOS · AUTO] ================================================================================
[ACTUALIZAR PAGOS · AUTO] 📊 ESTADÍSTICAS DE LLENADO DE ACTAS:
[ACTUALIZAR PAGOS · AUTO]   • Pagos con acta ORIGINAL: 2460
[ACTUALIZAR PAGOS · AUTO]   • Pagos SIN acta (buscados): 13721
[ACTUALIZAR PAGOS · AUTO]   • Pagos LLENADOS exitosamente: 0
[ACTUALIZAR PAGOS · AUTO]   • Pagos NO encontrados en multas: 13721
[ACTUALIZAR PAGOS · AUTO]   • Pagos SIN RESOLVER por desbalance de cantidades: 0
[ACTUALIZAR PAGOS · AUTO] ⏱ PASO 1 (llenar actas): 18.1s
[ACTUALIZAR PAGOS · AUTO] ================================================================================
[ACTUALIZAR PAGOS · AUTO] PASO 2: FILTRANDO PAGOS CON ACTA_NUMERO COMPLETO
[ACTUALIZAR PAGOS · AUTO] ================================================================================
[ACTUALIZAR PAGOS · AUTO] 📊 ESTADÍSTICAS DE FILTRADO:
[ACTUALIZAR PAGOS · AUTO]   • Pagos TOTALES al inicio: 16181
[ACTUALIZAR PAGOS · AUTO]   • Pagos CON acta (MANTIENEN): 2460
[ACTUALIZAR PAGOS · AUTO]   • Pagos RECHAZADOS (sin coincidencias): 13721
[ACTUALIZAR PAGOS · AUTO] ⚠️  Se eliminaron 13721 registros sin número de acta
[ACTUALIZAR PAGOS · AUTO]      (recordá: esto incluye tanto pagos ya actualizados/pagados
[ACTUALIZAR PAGOS · AUTO]       como pagos que quedaron sin resolver por desbalance en el Paso 1)
[ACTUALIZAR PAGOS · AUTO] ================================================================================
[ACTUALIZAR PAGOS · AUTO] PASO 2-bis: CONFIRMANDO VIGENCIA DE PAGOS DEL SISTEMA NUEVO (contra MULTAS_JUZGADO_CRUCE)
[ACTUALIZAR PAGOS · AUTO] ================================================================================
[ACTUALIZAR PAGOS · AUTO]   ⚠ 2440 pago(s) del sistema nuevo descartados: su acta ya no figura como vencida en MULTAS_JUZGADO_CRUCE (SEMyT ya los actualizó).
[ACTUALIZAR PAGOS · AUTO]   • Pagos del sistema nuevo descartados por ya estar actualizados: 2440
[ACTUALIZAR PAGOS · AUTO] ⏱ PASO 2 (filtrar): 1.2s
[ACTUALIZAR PAGOS · AUTO] 📂 Cargando maestro de causas SIGEMI...
[ACTUALIZAR PAGOS · AUTO]   ✓ Causas totales (maestro): 134069 registros
[ACTUALIZAR PAGOS · AUTO] ⏱ PASO 2.5 (causas simplificado): 0.2s
[ACTUALIZAR PAGOS · AUTO] ================================================================================
[ACTUALIZAR PAGOS · AUTO] PASO 2.5: ARMANDO causas.txt SIMPLIFICADO (cruce contra total_causas_sigemi.txt)
[ACTUALIZAR PAGOS · AUTO] ================================================================================
[ACTUALIZAR PAGOS · AUTO]   • Actas vencidas viejas (multas): 103849
[ACTUALIZAR PAGOS · AUTO]   • Causas totales en el maestro SIGEMI: 134069
[ACTUALIZAR PAGOS · AUTO]   • Causas que coinciden (simplificado): 103519
[ACTUALIZAR PAGOS · AUTO]   ✅ Archivo escrito: backend/descargas/causas/causas.txt
[ACTUALIZAR PAGOS · AUTO] ⏱ PASO 2.5 (causas simplificado): 2.6s
[ACTUALIZAR PAGOS · AUTO] ================================================================================
[ACTUALIZAR PAGOS · AUTO] PASO 3: LLENANDO CAUSA_NUMERO (según fecha de cambio de sistema, cruzando por acta + año)
[ACTUALIZAR PAGOS · AUTO] ================================================================================
[ACTUALIZAR PAGOS · AUTO] 📊 ESTADÍSTICAS DE LLENADO DE CAUSAS:
[ACTUALIZAR PAGOS · AUTO]   • Pagos con causa ORIGINAL: 7
[ACTUALIZAR PAGOS · AUTO]   • Causas encontradas en SIGEMI (actas viejas): 13
[ACTUALIZAR PAGOS · AUTO]   • Causas NO encontradas en SIGEMI: 0
[ACTUALIZAR PAGOS · AUTO]   • Causas asignadas automáticamente (actas nuevas): 0
[ACTUALIZAR PAGOS · AUTO] ⏱ PASO 3 (llenar causas): 0.0s
[ACTUALIZAR PAGOS · AUTO] ================================================================================
[ACTUALIZAR PAGOS · AUTO] PASO 4: ORDENANDO POR FECHA Y ACTA_NUMERO
[ACTUALIZAR PAGOS · AUTO] ================================================================================
[ACTUALIZAR PAGOS · AUTO] ✓ Pagos ordenados correctamente
[ACTUALIZAR PAGOS · AUTO]   • Primera entrada: Acta=6802, Fecha=08/07/2024
[ACTUALIZAR PAGOS · AUTO]   • Última entrada: Acta=297232, Fecha=17/04/2026
[ACTUALIZAR PAGOS · AUTO] 📝 Escribiendo archivo de salida...
[ACTUALIZAR PAGOS · AUTO]   ✅ Archivo escrito: backend/descargas/pagos/2026-07-22/PAGOS 20260722 121311.txt
[ACTUALIZAR PAGOS · AUTO]   ✅ Total registros: 2204
[ACTUALIZAR PAGOS · AUTO] ⏱ PASO 4 (ordenar y escribir): 0.0s
[ACTUALIZAR PAGOS · AUTO] ================================================================================
[ACTUALIZAR PAGOS · AUTO] ✅ PROCESO COMPLETADO EXITOSAMENTE
[ACTUALIZAR PAGOS · AUTO] ================================================================================
[ACTUALIZAR PAGOS · AUTO] 📊 RESUMEN FINAL DEL PROCESAMIENTO:
[ACTUALIZAR PAGOS · AUTO]   ENTRADA:
[ACTUALIZAR PAGOS · AUTO]     • Pagos originales: 16181
[ACTUALIZAR PAGOS · AUTO]     • Multas SIGEMI cargadas: 103849
[ACTUALIZAR PAGOS · AUTO]     • Multas Juzgado cargadas: 40092
[ACTUALIZAR PAGOS · AUTO]     • Causas simplificadas (usadas para el cruce): 103519
[ACTUALIZAR PAGOS · AUTO]   PROCESO:
[ACTUALIZAR PAGOS · AUTO]     • Pagos rechazados sigemi: 13721
[ACTUALIZAR PAGOS · AUTO]     • Pagos rechazados juzgado: 2440
[ACTUALIZAR PAGOS · AUTO]   SALIDA:
[ACTUALIZAR PAGOS · AUTO]     • Pagos desactualizados procesados: 20
[ACTUALIZAR PAGOS · AUTO]     • Archivo final: backend/descargas/pagos/2026-07-22/PAGOS 20260722 121311.txt
[ACTUALIZAR PAGOS · AUTO]     • Ordenados por fecha: SÍ ✓
[ACTUALIZAR PAGOS · AUTO]     • Todos con ACTA_NUMERO: SÍ ✓
[ACTUALIZAR PAGOS · AUTO]     • Todos con CAUSA_NUMERO: SÍ ✓
[ACTUALIZAR PAGOS · AUTO] ✅ TXT de pagos (ya cruzado con actas y causas) generado en: backend/descargas/pagos/2026-07-22/PAGOS 20260722 121311.txt
[ACTUALIZAR PAGOS · AUTO] 🧹 TXT de pagos crudo eliminado (ya usado en el cruce): backend/descargas/pagos/2026-07-22/PAGOS DESCARGADOS.txt
[ACTUALIZAR PAGOS · AUTO] 🧹 Excel MULTAS_SIGEMI_CRUCE eliminado (ya usado en el cruce): backend/descargas/cache_actas_cruce/MULTAS_SIGEMI_CRUCE.xlsx
[ACTUALIZAR PAGOS · AUTO] 🧹 Excel MULTAS_JUZGADO_CRUCE eliminado (ya usado en el cruce): backend/descargas/cache_actas_cruce/MULTAS_JUZGADO_CRUCE.xlsx
[ACTUALIZAR PAGOS · AUTO] ✅ CompararActasPaso finalizado. (⏱ 50.8s)
[ACTUALIZAR PAGOS · AUTO] ✓ [CompararActasPaso] Completado.
[ACTUALIZAR PAGOS · AUTO] ▶ [CargarPagosPaso] Iniciando...
[ACTUALIZAR PAGOS · AUTO] ==================================================
[ACTUALIZAR PAGOS · AUTO] 🚀 PASO: CargarPagosPaso
[ACTUALIZAR PAGOS · AUTO] ==================================================
[ACTUALIZAR PAGOS · AUTO] 📤 Subiendo TXT de pagos al SEMyT...
[ACTUALIZAR PAGOS · AUTO] ✅ Importación de pagos completada con éxito.
[ACTUALIZAR PAGOS · AUTO] ✅ Archivo TXT de pagos cargado en el SEMyT correctamente.
[ACTUALIZAR PAGOS · AUTO] ✅ CargarPagosPaso finalizado. (⏱ 2.8s)
[ACTUALIZAR PAGOS · AUTO] ✓ [CargarPagosPaso] Completado.
[ACTUALIZAR PAGOS · AUTO] === Ejecución finalizada con éxito ===
🤖 [Automático] Es hora de actualizar pagos. Arrancando...
[ACTUALIZAR PAGOS · AUTO] === Inicio de ejecución: pagos ===
[ACTUALIZAR PAGOS · AUTO] ▶ [LoginSemytPaso] Iniciando...
[ACTUALIZAR PAGOS · AUTO] ==================================================
[ACTUALIZAR PAGOS · AUTO] 🚀 PASO: LoginSemytPaso
[ACTUALIZAR PAGOS · AUTO] ==================================================
[ACTUALIZAR PAGOS · AUTO] Abriendo SEMyT...
⏳ [Automático] Tocaba disparar 'pagos' pero ya hay una ejecución en curso (Actualizar pagos); esperando a que termine; se reintenta en breve sin perder el turno.
[ACTUALIZAR PAGOS · AUTO] ✅ [SEMyT] Sesión existente detectada. Login omitido.
[ACTUALIZAR PAGOS · AUTO] ✅ LoginSemytPaso finalizado. (⏱ 25.1s)
[ACTUALIZAR PAGOS · AUTO] ✓ [LoginSemytPaso] Completado.
[ACTUALIZAR PAGOS · AUTO] ▶ [LoginJuzgadoPaso] Iniciando...
[ACTUALIZAR PAGOS · AUTO] ==================================================
[ACTUALIZAR PAGOS · AUTO] 🚀 PASO: LoginJuzgadoPaso
[ACTUALIZAR PAGOS · AUTO] ==================================================
[ACTUALIZAR PAGOS · AUTO] Abriendo sitio municipalidad (CiDi)...
[ACTUALIZAR PAGOS · AUTO] ✅ [Juzgado] Sesión existente detectada. Login omitido.
[ACTUALIZAR PAGOS · AUTO] ✅ LoginJuzgadoPaso finalizado. (⏱ 3.5s)
[ACTUALIZAR PAGOS · AUTO] ✓ [LoginJuzgadoPaso] Completado.
[ACTUALIZAR PAGOS · AUTO] ▶ [DescargasParalelasPaso] Iniciando...
[ACTUALIZAR PAGOS · AUTO] ==================================================
[ACTUALIZAR PAGOS · AUTO] 🚀 PASO: DescargasParalelasPaso
[ACTUALIZAR PAGOS · AUTO] ==================================================
[ACTUALIZAR PAGOS · AUTO] 📤 Arrancando las 3 descargas en paralelo (mismo browser, páginas separadas)...
[ACTUALIZAR PAGOS · AUTO] Fecha Desde: 27/06/2024
[ACTUALIZAR PAGOS · AUTO] Fecha Hasta: 24/11/2025
[ACTUALIZAR PAGOS · AUTO] Fecha Desde: 25/11/2025
[ACTUALIZAR PAGOS · AUTO] Fecha Hasta: 22/07/2026
[ACTUALIZAR PAGOS · AUTO] Descargando Excel...
[ACTUALIZAR PAGOS · AUTO] Descargando Excel...
[ACTUALIZAR PAGOS · AUTO] ✅ TXT de pagos descargado en: backend/descargas/pagos/2026-07-22/PAGOS DESCARGADOS.txt
[ACTUALIZAR PAGOS · AUTO] ⏱ [pagos_txt] completado en 30.9s
[ACTUALIZAR PAGOS · AUTO] Archivo descargado en: backend/descargas/cache_actas_cruce/MULTAS_JUZGADO_CRUCE.xlsx
[ACTUALIZAR PAGOS · AUTO] ⏱ [actas_juzgado] completado en 41.4s
[ACTUALIZAR PAGOS · AUTO] Archivo descargado en: backend/descargas/cache_actas_cruce/MULTAS_SIGEMI_CRUCE.xlsx
[ACTUALIZAR PAGOS · AUTO] ⏱ [actas_sigemi] completado en 84.5s
[ACTUALIZAR PAGOS · AUTO] ⏱ TOTAL descargas en paralelo: 84.5s
[ACTUALIZAR PAGOS · AUTO] ✅ DescargasParalelasPaso finalizado. (⏱ 86.0s)
[ACTUALIZAR PAGOS · AUTO] ✓ [DescargasParalelasPaso] Completado.
[ACTUALIZAR PAGOS · AUTO] ▶ [CompararActasPaso] Iniciando...
[ACTUALIZAR PAGOS · AUTO] ==================================================
[ACTUALIZAR PAGOS · AUTO] 🚀 PASO: CompararActasPaso
[ACTUALIZAR PAGOS · AUTO] ==================================================
[ACTUALIZAR PAGOS · AUTO] 🔍 Comparando actas del SEMyT contra pagos del Juzgado...
[ACTUALIZAR PAGOS · AUTO] ================================================================================
[ACTUALIZAR PAGOS · AUTO] INICIANDO PROCESO DE GENERACIÓN DE PAGOS DESACTUALIZADOS
[ACTUALIZAR PAGOS · AUTO] ================================================================================
[ACTUALIZAR PAGOS · AUTO] 📂 Cargando archivos...
[ACTUALIZAR PAGOS · AUTO]   ✓ Pagos: 16193 registros
[ACTUALIZAR PAGOS · AUTO]   ✓ Excel SIGEMI (multas vencidas viejas): 103836 registros
[ACTUALIZAR PAGOS · AUTO]   ✓ Excel Juzgado (multas vencidas nuevas): 40085 registros
[ACTUALIZAR PAGOS · AUTO] ================================================================================
[ACTUALIZAR PAGOS · AUTO] PASO 1: LLENANDO ACTA_NUMERO (búsqueda por patente + fecha, con desempate por hora)
[ACTUALIZAR PAGOS · AUTO] ================================================================================
[ACTUALIZAR PAGOS · AUTO] 📊 ESTADÍSTICAS DE LLENADO DE ACTAS:
[ACTUALIZAR PAGOS · AUTO]   • Pagos con acta ORIGINAL: 2451
[ACTUALIZAR PAGOS · AUTO]   • Pagos SIN acta (buscados): 13742
[ACTUALIZAR PAGOS · AUTO]   • Pagos LLENADOS exitosamente: 8
[ACTUALIZAR PAGOS · AUTO]   • Pagos NO encontrados en multas: 13734
[ACTUALIZAR PAGOS · AUTO]   • Pagos SIN RESOLVER por desbalance de cantidades: 0
[ACTUALIZAR PAGOS · AUTO] ================================================================================
[ACTUALIZAR PAGOS · AUTO] PASO 1: LLENANDO ACTA_NUMERO (búsqueda por patente + fecha, con desempate por hora)
[ACTUALIZAR PAGOS · AUTO] ================================================================================
[ACTUALIZAR PAGOS · AUTO] 📊 ESTADÍSTICAS DE LLENADO DE ACTAS:
[ACTUALIZAR PAGOS · AUTO]   • Pagos con acta ORIGINAL: 2459
[ACTUALIZAR PAGOS · AUTO]   • Pagos SIN acta (buscados): 13734
[ACTUALIZAR PAGOS · AUTO]   • Pagos LLENADOS exitosamente: 0
[ACTUALIZAR PAGOS · AUTO]   • Pagos NO encontrados en multas: 13734
[ACTUALIZAR PAGOS · AUTO]   • Pagos SIN RESOLVER por desbalance de cantidades: 0
[ACTUALIZAR PAGOS · AUTO] ⏱ PASO 1 (llenar actas): 18.1s
[ACTUALIZAR PAGOS · AUTO] ================================================================================
[ACTUALIZAR PAGOS · AUTO] PASO 2: FILTRANDO PAGOS CON ACTA_NUMERO COMPLETO
[ACTUALIZAR PAGOS · AUTO] ================================================================================
[ACTUALIZAR PAGOS · AUTO] 📊 ESTADÍSTICAS DE FILTRADO:
[ACTUALIZAR PAGOS · AUTO]   • Pagos TOTALES al inicio: 16193
[ACTUALIZAR PAGOS · AUTO]   • Pagos CON acta (MANTIENEN): 2459
[ACTUALIZAR PAGOS · AUTO]   • Pagos RECHAZADOS (sin coincidencias): 13734
[ACTUALIZAR PAGOS · AUTO] ⚠️  Se eliminaron 13734 registros sin número de acta
[ACTUALIZAR PAGOS · AUTO]      (recordá: esto incluye tanto pagos ya actualizados/pagados
[ACTUALIZAR PAGOS · AUTO]       como pagos que quedaron sin resolver por desbalance en el Paso 1)
[ACTUALIZAR PAGOS · AUTO] ================================================================================
[ACTUALIZAR PAGOS · AUTO] PASO 2-bis: CONFIRMANDO VIGENCIA DE PAGOS DEL SISTEMA NUEVO (contra MULTAS_JUZGADO_CRUCE)
[ACTUALIZAR PAGOS · AUTO] ================================================================================
[ACTUALIZAR PAGOS · AUTO]   ⚠ 2447 pago(s) del sistema nuevo descartados: su acta ya no figura como vencida en MULTAS_JUZGADO_CRUCE (SEMyT ya los actualizó).
[ACTUALIZAR PAGOS · AUTO]   • Pagos del sistema nuevo descartados por ya estar actualizados: 2447
[ACTUALIZAR PAGOS · AUTO] ⏱ PASO 2 (filtrar): 1.2s
[ACTUALIZAR PAGOS · AUTO] 📂 Cargando maestro de causas SIGEMI...
[ACTUALIZAR PAGOS · AUTO]   ✓ Causas totales (maestro): 134069 registros
[ACTUALIZAR PAGOS · AUTO] ⏱ PASO 2.5 (causas simplificado): 0.2s
[ACTUALIZAR PAGOS · AUTO] ================================================================================
[ACTUALIZAR PAGOS · AUTO] PASO 2.5: ARMANDO causas.txt SIMPLIFICADO (cruce contra total_causas_sigemi.txt)
[ACTUALIZAR PAGOS · AUTO] ================================================================================
[ACTUALIZAR PAGOS · AUTO]   • Actas vencidas viejas (multas): 103836
[ACTUALIZAR PAGOS · AUTO]   • Causas totales en el maestro SIGEMI: 134069
[ACTUALIZAR PAGOS · AUTO]   • Causas que coinciden (simplificado): 103506
[ACTUALIZAR PAGOS · AUTO]   ✅ Archivo escrito: backend/descargas/causas/causas.txt
[ACTUALIZAR PAGOS · AUTO] ⏱ PASO 2.5 (causas simplificado): 2.8s
[ACTUALIZAR PAGOS · AUTO] ================================================================================
[ACTUALIZAR PAGOS · AUTO] PASO 3: LLENANDO CAUSA_NUMERO (según fecha de cambio de sistema, cruzando por acta + año)
[ACTUALIZAR PAGOS · AUTO] ================================================================================
[ACTUALIZAR PAGOS · AUTO] 📊 ESTADÍSTICAS DE LLENADO DE CAUSAS:
[ACTUALIZAR PAGOS · AUTO]   • Pagos con causa ORIGINAL: 4
[ACTUALIZAR PAGOS · AUTO]   • Causas encontradas en SIGEMI (actas viejas): 8
[ACTUALIZAR PAGOS · AUTO]   • Causas NO encontradas en SIGEMI: 0
[ACTUALIZAR PAGOS · AUTO]   • Causas asignadas automáticamente (actas nuevas): 0
[ACTUALIZAR PAGOS · AUTO] ⏱ PASO 3 (llenar causas): 0.0s
[ACTUALIZAR PAGOS · AUTO] ================================================================================
[ACTUALIZAR PAGOS · AUTO] PASO 4: ORDENANDO POR FECHA Y ACTA_NUMERO
[ACTUALIZAR PAGOS · AUTO] ================================================================================
[ACTUALIZAR PAGOS · AUTO] ✓ Pagos ordenados correctamente
[ACTUALIZAR PAGOS · AUTO]   • Primera entrada: Acta=16719, Fecha=26/07/2024
[ACTUALIZAR PAGOS · AUTO]   • Última entrada: Acta=252573, Fecha=02/01/2026
[ACTUALIZAR PAGOS · AUTO] 📝 Escribiendo archivo de salida...
[ACTUALIZAR PAGOS · AUTO]   ✅ Archivo escrito: backend/descargas/pagos/2026-07-22/PAGOS 20260722 122611.txt
[ACTUALIZAR PAGOS · AUTO]   ✅ Total registros: 1472
[ACTUALIZAR PAGOS · AUTO] ⏱ PASO 4 (ordenar y escribir): 0.0s
[ACTUALIZAR PAGOS · AUTO] ================================================================================
[ACTUALIZAR PAGOS · AUTO] ✅ PROCESO COMPLETADO EXITOSAMENTE
[ACTUALIZAR PAGOS · AUTO] ================================================================================
[ACTUALIZAR PAGOS · AUTO] 📊 RESUMEN FINAL DEL PROCESAMIENTO:
[ACTUALIZAR PAGOS · AUTO]   ENTRADA:
[ACTUALIZAR PAGOS · AUTO]     • Pagos originales: 16193
[ACTUALIZAR PAGOS · AUTO]     • Multas SIGEMI cargadas: 103836
[ACTUALIZAR PAGOS · AUTO]     • Multas Juzgado cargadas: 40085
[ACTUALIZAR PAGOS · AUTO]     • Causas simplificadas (usadas para el cruce): 103506
[ACTUALIZAR PAGOS · AUTO]   PROCESO:
[ACTUALIZAR PAGOS · AUTO]     • Pagos rechazados sigemi: 13734
[ACTUALIZAR PAGOS · AUTO]     • Pagos rechazados juzgado: 2447
[ACTUALIZAR PAGOS · AUTO]   SALIDA:
[ACTUALIZAR PAGOS · AUTO]     • Pagos desactualizados procesados: 12
[ACTUALIZAR PAGOS · AUTO]     • Archivo final: backend/descargas/pagos/2026-07-22/PAGOS 20260722 122611.txt
[ACTUALIZAR PAGOS · AUTO]     • Ordenados por fecha: SÍ ✓
[ACTUALIZAR PAGOS · AUTO]     • Todos con ACTA_NUMERO: SÍ ✓
[ACTUALIZAR PAGOS · AUTO]     • Todos con CAUSA_NUMERO: SÍ ✓
[ACTUALIZAR PAGOS · AUTO] ✅ TXT de pagos (ya cruzado con actas y causas) generado en: backend/descargas/pagos/2026-07-22/PAGOS 20260722 122611.txt
[ACTUALIZAR PAGOS · AUTO] 🧹 TXT de pagos crudo eliminado (ya usado en el cruce): backend/descargas/pagos/2026-07-22/PAGOS DESCARGADOS.txt
[ACTUALIZAR PAGOS · AUTO] 🧹 Excel MULTAS_SIGEMI_CRUCE eliminado (ya usado en el cruce): backend/descargas/cache_actas_cruce/MULTAS_SIGEMI_CRUCE.xlsx
[ACTUALIZAR PAGOS · AUTO] 🧹 Excel MULTAS_JUZGADO_CRUCE eliminado (ya usado en el cruce): backend/descargas/cache_actas_cruce/MULTAS_JUZGADO_CRUCE.xlsx
[ACTUALIZAR PAGOS · AUTO] ✅ CompararActasPaso finalizado. (⏱ 49.6s)
[ACTUALIZAR PAGOS · AUTO] ✓ [CompararActasPaso] Completado.
[ACTUALIZAR PAGOS · AUTO] ▶ [CargarPagosPaso] Iniciando...
[ACTUALIZAR PAGOS · AUTO] ==================================================
[ACTUALIZAR PAGOS · AUTO] 🚀 PASO: CargarPagosPaso
[ACTUALIZAR PAGOS · AUTO] ==================================================
[ACTUALIZAR PAGOS · AUTO] 📤 Subiendo TXT de pagos al SEMyT...
[ACTUALIZAR PAGOS · AUTO] ✅ Importación de pagos completada con éxito.
[ACTUALIZAR PAGOS · AUTO] ✅ Archivo TXT de pagos cargado en el SEMyT correctamente.
[ACTUALIZAR PAGOS · AUTO] ✅ CargarPagosPaso finalizado. (⏱ 3.0s)
[ACTUALIZAR PAGOS · AUTO] ✓ [CargarPagosPaso] Completado.
[ACTUALIZAR PAGOS · AUTO] === Ejecución finalizada con éxito ===
🤖 [Automático] Es hora de actualizar pagos. Arrancando...
[ACTUALIZAR PAGOS · AUTO] === Inicio de ejecución: pagos ===
[ACTUALIZAR PAGOS · AUTO] ▶ [LoginSemytPaso] Iniciando...
[ACTUALIZAR PAGOS · AUTO] ==================================================
[ACTUALIZAR PAGOS · AUTO] 🚀 PASO: LoginSemytPaso
[ACTUALIZAR PAGOS · AUTO] ==================================================
[ACTUALIZAR PAGOS · AUTO] Abriendo SEMyT...
⏳ [Automático] Tocaba disparar 'pagos' pero ya hay una ejecución en curso (Actualizar pagos); esperando a que termine; se reintenta en breve sin perder el turno.
[ACTUALIZAR PAGOS · AUTO] ✅ [SEMyT] Sesión existente detectada. Login omitido.
[ACTUALIZAR PAGOS · AUTO] ✅ LoginSemytPaso finalizado. (⏱ 26.7s)
[ACTUALIZAR PAGOS · AUTO] ✓ [LoginSemytPaso] Completado.
[ACTUALIZAR PAGOS · AUTO] ▶ [LoginJuzgadoPaso] Iniciando...
[ACTUALIZAR PAGOS · AUTO] ==================================================
[ACTUALIZAR PAGOS · AUTO] 🚀 PASO: LoginJuzgadoPaso
[ACTUALIZAR PAGOS · AUTO] ==================================================
[ACTUALIZAR PAGOS · AUTO] Abriendo sitio municipalidad (CiDi)...
[ACTUALIZAR PAGOS · AUTO] ✅ [Juzgado] Sesión existente detectada. Login omitido.
[ACTUALIZAR PAGOS · AUTO] ✅ LoginJuzgadoPaso finalizado. (⏱ 1.5s)
[ACTUALIZAR PAGOS · AUTO] ✓ [LoginJuzgadoPaso] Completado.
[ACTUALIZAR PAGOS · AUTO] ▶ [DescargasParalelasPaso] Iniciando...
[ACTUALIZAR PAGOS · AUTO] ==================================================
[ACTUALIZAR PAGOS · AUTO] 🚀 PASO: DescargasParalelasPaso
[ACTUALIZAR PAGOS · AUTO] ==================================================
[ACTUALIZAR PAGOS · AUTO] 📤 Arrancando las 3 descargas en paralelo (mismo browser, páginas separadas)...
[ACTUALIZAR PAGOS · AUTO] Fecha Desde: 27/06/2024
[ACTUALIZAR PAGOS · AUTO] Fecha Hasta: 24/11/2025
[ACTUALIZAR PAGOS · AUTO] Fecha Desde: 25/11/2025
[ACTUALIZAR PAGOS · AUTO] Fecha Hasta: 22/07/2026
[ACTUALIZAR PAGOS · AUTO] Descargando Excel...
[ACTUALIZAR PAGOS · AUTO] Descargando Excel...
[ACTUALIZAR PAGOS · AUTO] Archivo descargado en: backend/descargas/cache_actas_cruce/MULTAS_JUZGADO_CRUCE.xlsx
[ACTUALIZAR PAGOS · AUTO] ⏱ [actas_juzgado] completado en 33.3s
[ACTUALIZAR PAGOS · AUTO] ✅ TXT de pagos descargado en: backend/descargas/pagos/2026-07-22/PAGOS DESCARGADOS.txt
[ACTUALIZAR PAGOS · AUTO] ⏱ [pagos_txt] completado en 39.7s
[ACTUALIZAR PAGOS · AUTO] Archivo descargado en: backend/descargas/cache_actas_cruce/MULTAS_SIGEMI_CRUCE.xlsx
[ACTUALIZAR PAGOS · AUTO] ⏱ [actas_sigemi] completado en 91.5s
[ACTUALIZAR PAGOS · AUTO] ⏱ TOTAL descargas en paralelo: 91.5s
[ACTUALIZAR PAGOS · AUTO] ✅ DescargasParalelasPaso finalizado. (⏱ 92.7s)
[ACTUALIZAR PAGOS · AUTO] ✓ [DescargasParalelasPaso] Completado.
[ACTUALIZAR PAGOS · AUTO] ▶ [CompararActasPaso] Iniciando...
[ACTUALIZAR PAGOS · AUTO] ==================================================
[ACTUALIZAR PAGOS · AUTO] 🚀 PASO: CompararActasPaso
[ACTUALIZAR PAGOS · AUTO] ==================================================
[ACTUALIZAR PAGOS · AUTO] 🔍 Comparando actas del SEMyT contra pagos del Juzgado...
[ACTUALIZAR PAGOS · AUTO] ================================================================================
[ACTUALIZAR PAGOS · AUTO] INICIANDO PROCESO DE GENERACIÓN DE PAGOS DESACTUALIZADOS
[ACTUALIZAR PAGOS · AUTO] ================================================================================
[ACTUALIZAR PAGOS · AUTO] 📂 Cargando archivos...
[ACTUALIZAR PAGOS · AUTO]   ✓ Pagos: 16207 registros
[ACTUALIZAR PAGOS · AUTO]   ✓ Excel SIGEMI (multas vencidas viejas): 103828 registros
[ACTUALIZAR PAGOS · AUTO]   ✓ Excel Juzgado (multas vencidas nuevas): 40081 registros
[ACTUALIZAR PAGOS · AUTO] ================================================================================
[ACTUALIZAR PAGOS · AUTO] PASO 1: LLENANDO ACTA_NUMERO (búsqueda por patente + fecha, con desempate por hora)
[ACTUALIZAR PAGOS · AUTO] ================================================================================
[ACTUALIZAR PAGOS · AUTO] 📊 ESTADÍSTICAS DE LLENADO DE ACTAS:
[ACTUALIZAR PAGOS · AUTO]   • Pagos con acta ORIGINAL: 2454
[ACTUALIZAR PAGOS · AUTO]   • Pagos SIN acta (buscados): 13753
[ACTUALIZAR PAGOS · AUTO]   • Pagos LLENADOS exitosamente: 11
[ACTUALIZAR PAGOS · AUTO]   • Pagos NO encontrados en multas: 13742
[ACTUALIZAR PAGOS · AUTO]   • Pagos SIN RESOLVER por desbalance de cantidades: 0
[ACTUALIZAR PAGOS · AUTO] ================================================================================
[ACTUALIZAR PAGOS · AUTO] PASO 1: LLENANDO ACTA_NUMERO (búsqueda por patente + fecha, con desempate por hora)
[ACTUALIZAR PAGOS · AUTO] ================================================================================
[ACTUALIZAR PAGOS · AUTO] 📊 ESTADÍSTICAS DE LLENADO DE ACTAS:
[ACTUALIZAR PAGOS · AUTO]   • Pagos con acta ORIGINAL: 2465
[ACTUALIZAR PAGOS · AUTO]   • Pagos SIN acta (buscados): 13742
[ACTUALIZAR PAGOS · AUTO]   • Pagos LLENADOS exitosamente: 0
[ACTUALIZAR PAGOS · AUTO]   • Pagos NO encontrados en multas: 13742
[ACTUALIZAR PAGOS · AUTO]   • Pagos SIN RESOLVER por desbalance de cantidades: 0
[ACTUALIZAR PAGOS · AUTO] ⏱ PASO 1 (llenar actas): 16.2s
[ACTUALIZAR PAGOS · AUTO] ================================================================================
[ACTUALIZAR PAGOS · AUTO] PASO 2: FILTRANDO PAGOS CON ACTA_NUMERO COMPLETO
[ACTUALIZAR PAGOS · AUTO] ================================================================================
[ACTUALIZAR PAGOS · AUTO] 📊 ESTADÍSTICAS DE FILTRADO:
[ACTUALIZAR PAGOS · AUTO]   • Pagos TOTALES al inicio: 16207
[ACTUALIZAR PAGOS · AUTO]   • Pagos CON acta (MANTIENEN): 2465
[ACTUALIZAR PAGOS · AUTO]   • Pagos RECHAZADOS (sin coincidencias): 13742
[ACTUALIZAR PAGOS · AUTO] ⚠️  Se eliminaron 13742 registros sin número de acta
[ACTUALIZAR PAGOS · AUTO]      (recordá: esto incluye tanto pagos ya actualizados/pagados
[ACTUALIZAR PAGOS · AUTO]       como pagos que quedaron sin resolver por desbalance en el Paso 1)
[ACTUALIZAR PAGOS · AUTO] ================================================================================
[ACTUALIZAR PAGOS · AUTO] PASO 2-bis: CONFIRMANDO VIGENCIA DE PAGOS DEL SISTEMA NUEVO (contra MULTAS_JUZGADO_CRUCE)
[ACTUALIZAR PAGOS · AUTO] ================================================================================
[ACTUALIZAR PAGOS · AUTO]   ⚠ 2451 pago(s) del sistema nuevo descartados: su acta ya no figura como vencida en MULTAS_JUZGADO_CRUCE (SEMyT ya los actualizó).
[ACTUALIZAR PAGOS · AUTO]   • Pagos del sistema nuevo descartados por ya estar actualizados: 2451
[ACTUALIZAR PAGOS · AUTO] ⏱ PASO 2 (filtrar): 0.9s
[ACTUALIZAR PAGOS · AUTO] 📂 Cargando maestro de causas SIGEMI...
[ACTUALIZAR PAGOS · AUTO]   ✓ Causas totales (maestro): 134069 registros
[ACTUALIZAR PAGOS · AUTO] ⏱ PASO 2.5 (causas simplificado): 0.1s
[ACTUALIZAR PAGOS · AUTO] ================================================================================
[ACTUALIZAR PAGOS · AUTO] PASO 2.5: ARMANDO causas.txt SIMPLIFICADO (cruce contra total_causas_sigemi.txt)
[ACTUALIZAR PAGOS · AUTO] ================================================================================
[ACTUALIZAR PAGOS · AUTO]   • Actas vencidas viejas (multas): 103828
[ACTUALIZAR PAGOS · AUTO]   • Causas totales en el maestro SIGEMI: 134069
[ACTUALIZAR PAGOS · AUTO]   • Causas que coinciden (simplificado): 103498
[ACTUALIZAR PAGOS · AUTO]   ✅ Archivo escrito: backend/descargas/causas/causas.txt
[ACTUALIZAR PAGOS · AUTO] ⏱ PASO 2.5 (causas simplificado): 2.1s
[ACTUALIZAR PAGOS · AUTO] ================================================================================
[ACTUALIZAR PAGOS · AUTO] PASO 3: LLENANDO CAUSA_NUMERO (según fecha de cambio de sistema, cruzando por acta + año)
[ACTUALIZAR PAGOS · AUTO] ================================================================================
[ACTUALIZAR PAGOS · AUTO] 📊 ESTADÍSTICAS DE LLENADO DE CAUSAS:
[ACTUALIZAR PAGOS · AUTO]   • Pagos con causa ORIGINAL: 3
[ACTUALIZAR PAGOS · AUTO]   • Causas encontradas en SIGEMI (actas viejas): 11
[ACTUALIZAR PAGOS · AUTO]   • Causas NO encontradas en SIGEMI: 0
[ACTUALIZAR PAGOS · AUTO]   • Causas asignadas automáticamente (actas nuevas): 0
[ACTUALIZAR PAGOS · AUTO] ⏱ PASO 3 (llenar causas): 0.0s
[ACTUALIZAR PAGOS · AUTO] ================================================================================
[ACTUALIZAR PAGOS · AUTO] PASO 4: ORDENANDO POR FECHA Y ACTA_NUMERO
[ACTUALIZAR PAGOS · AUTO] ================================================================================
[ACTUALIZAR PAGOS · AUTO] ✓ Pagos ordenados correctamente
[ACTUALIZAR PAGOS · AUTO]   • Primera entrada: Acta=10249, Fecha=15/07/2024
[ACTUALIZAR PAGOS · AUTO]   • Última entrada: Acta=281920, Fecha=18/03/2026
[ACTUALIZAR PAGOS · AUTO] 📝 Escribiendo archivo de salida...
[ACTUALIZAR PAGOS · AUTO]   ✅ Archivo escrito: backend/descargas/pagos/2026-07-22/PAGOS 20260722 123922.txt
[ACTUALIZAR PAGOS · AUTO]   ✅ Total registros: 1647
[ACTUALIZAR PAGOS · AUTO] ⏱ PASO 4 (ordenar y escribir): 0.0s
[ACTUALIZAR PAGOS · AUTO] ================================================================================
[ACTUALIZAR PAGOS · AUTO] ✅ PROCESO COMPLETADO EXITOSAMENTE
[ACTUALIZAR PAGOS · AUTO] ================================================================================
[ACTUALIZAR PAGOS · AUTO] 📊 RESUMEN FINAL DEL PROCESAMIENTO:
[ACTUALIZAR PAGOS · AUTO]   ENTRADA:
[ACTUALIZAR PAGOS · AUTO]     • Pagos originales: 16207
[ACTUALIZAR PAGOS · AUTO]     • Multas SIGEMI cargadas: 103828
[ACTUALIZAR PAGOS · AUTO]     • Multas Juzgado cargadas: 40081
[ACTUALIZAR PAGOS · AUTO]     • Causas simplificadas (usadas para el cruce): 103498
[ACTUALIZAR PAGOS · AUTO]   PROCESO:
[ACTUALIZAR PAGOS · AUTO]     • Pagos rechazados sigemi: 13742
[ACTUALIZAR PAGOS · AUTO]     • Pagos rechazados juzgado: 2451
[ACTUALIZAR PAGOS · AUTO]   SALIDA:
[ACTUALIZAR PAGOS · AUTO]     • Pagos desactualizados procesados: 14
[ACTUALIZAR PAGOS · AUTO]     • Archivo final: backend/descargas/pagos/2026-07-22/PAGOS 20260722 123922.txt
[ACTUALIZAR PAGOS · AUTO]     • Ordenados por fecha: SÍ ✓
[ACTUALIZAR PAGOS · AUTO]     • Todos con ACTA_NUMERO: SÍ ✓
[ACTUALIZAR PAGOS · AUTO]     • Todos con CAUSA_NUMERO: SÍ ✓
[ACTUALIZAR PAGOS · AUTO] ✅ TXT de pagos (ya cruzado con actas y causas) generado en: backend/descargas/pagos/2026-07-22/PAGOS 20260722 123922.txt
[ACTUALIZAR PAGOS · AUTO] 🧹 TXT de pagos crudo eliminado (ya usado en el cruce): backend/descargas/pagos/2026-07-22/PAGOS DESCARGADOS.txt
[ACTUALIZAR PAGOS · AUTO] 🧹 Excel MULTAS_SIGEMI_CRUCE eliminado (ya usado en el cruce): backend/descargas/cache_actas_cruce/MULTAS_SIGEMI_CRUCE.xlsx
[ACTUALIZAR PAGOS · AUTO] 🧹 Excel MULTAS_JUZGADO_CRUCE eliminado (ya usado en el cruce): backend/descargas/cache_actas_cruce/MULTAS_JUZGADO_CRUCE.xlsx
[ACTUALIZAR PAGOS · AUTO] ✅ CompararActasPaso finalizado. (⏱ 44.9s)
[ACTUALIZAR PAGOS · AUTO] ✓ [CompararActasPaso] Completado.
[ACTUALIZAR PAGOS · AUTO] ▶ [CargarPagosPaso] Iniciando...
[ACTUALIZAR PAGOS · AUTO] ==================================================
[ACTUALIZAR PAGOS · AUTO] 🚀 PASO: CargarPagosPaso
[ACTUALIZAR PAGOS · AUTO] ==================================================
[ACTUALIZAR PAGOS · AUTO] 📤 Subiendo TXT de pagos al SEMyT...
[ACTUALIZAR PAGOS · AUTO] ✅ Importación de pagos completada con éxito.
[ACTUALIZAR PAGOS · AUTO] ✅ Archivo TXT de pagos cargado en el SEMyT correctamente.
[ACTUALIZAR PAGOS · AUTO] ✅ CargarPagosPaso finalizado. (⏱ 2.2s)
[ACTUALIZAR PAGOS · AUTO] ✓ [CargarPagosPaso] Completado.
[ACTUALIZAR PAGOS · AUTO] === Ejecución finalizada con éxito ===
🤖 [Automático] Es hora de actualizar pagos. Arrancando...
[ACTUALIZAR PAGOS · AUTO] === Inicio de ejecución: pagos ===
[ACTUALIZAR PAGOS · AUTO] ▶ [LoginSemytPaso] Iniciando...
[ACTUALIZAR PAGOS · AUTO] ==================================================
[ACTUALIZAR PAGOS · AUTO] 🚀 PASO: LoginSemytPaso
[ACTUALIZAR PAGOS · AUTO] ==================================================
[ACTUALIZAR PAGOS · AUTO] Abriendo SEMyT...
⏳ [Automático] Tocaba disparar 'pagos' pero ya hay una ejecución en curso (Actualizar pagos); esperando a que termine; se reintenta en breve sin perder el turno.
[ACTUALIZAR PAGOS · AUTO] ✅ [SEMyT] Sesión existente detectada. Login omitido.
[ACTUALIZAR PAGOS · AUTO] ✅ LoginSemytPaso finalizado. (⏱ 28.5s)
[ACTUALIZAR PAGOS · AUTO] ✓ [LoginSemytPaso] Completado.
[ACTUALIZAR PAGOS · AUTO] ▶ [LoginJuzgadoPaso] Iniciando...
[ACTUALIZAR PAGOS · AUTO] ==================================================
[ACTUALIZAR PAGOS · AUTO] 🚀 PASO: LoginJuzgadoPaso
[ACTUALIZAR PAGOS · AUTO] ==================================================
[ACTUALIZAR PAGOS · AUTO] Abriendo sitio municipalidad (CiDi)...
[ACTUALIZAR PAGOS · AUTO] ✅ [Juzgado] Sesión existente detectada. Login omitido.
[ACTUALIZAR PAGOS · AUTO] ✅ LoginJuzgadoPaso finalizado. (⏱ 1.6s)
[ACTUALIZAR PAGOS · AUTO] ✓ [LoginJuzgadoPaso] Completado.
[ACTUALIZAR PAGOS · AUTO] ▶ [DescargasParalelasPaso] Iniciando...
[ACTUALIZAR PAGOS · AUTO] ==================================================
[ACTUALIZAR PAGOS · AUTO] 🚀 PASO: DescargasParalelasPaso
[ACTUALIZAR PAGOS · AUTO] ==================================================
[ACTUALIZAR PAGOS · AUTO] 📤 Arrancando las 3 descargas en paralelo (mismo browser, páginas separadas)...
[ACTUALIZAR PAGOS · AUTO] Fecha Desde: 27/06/2024
[ACTUALIZAR PAGOS · AUTO] Fecha Hasta: 24/11/2025
[ACTUALIZAR PAGOS · AUTO] Fecha Desde: 25/11/2025
[ACTUALIZAR PAGOS · AUTO] Fecha Hasta: 22/07/2026
[ACTUALIZAR PAGOS · AUTO] Descargando Excel...
[ACTUALIZAR PAGOS · AUTO] Descargando Excel...
[ACTUALIZAR PAGOS · AUTO] ✅ TXT de pagos descargado en: backend/descargas/pagos/2026-07-22/PAGOS DESCARGADOS.txt
[ACTUALIZAR PAGOS · AUTO] ⏱ [pagos_txt] completado en 21.8s
[ACTUALIZAR PAGOS · AUTO] Archivo descargado en: backend/descargas/cache_actas_cruce/MULTAS_JUZGADO_CRUCE.xlsx
[ACTUALIZAR PAGOS · AUTO] ⏱ [actas_juzgado] completado en 57.3s
[ACTUALIZAR PAGOS · AUTO] Archivo descargado en: backend/descargas/cache_actas_cruce/MULTAS_SIGEMI_CRUCE.xlsx
[ACTUALIZAR PAGOS · AUTO] ⏱ [actas_sigemi] completado en 105.8s
[ACTUALIZAR PAGOS · AUTO] ⏱ TOTAL descargas en paralelo: 105.8s
[ACTUALIZAR PAGOS · AUTO] ✅ DescargasParalelasPaso finalizado. (⏱ 107.2s)
[ACTUALIZAR PAGOS · AUTO] ✓ [DescargasParalelasPaso] Completado.
[ACTUALIZAR PAGOS · AUTO] ▶ [CompararActasPaso] Iniciando...
[ACTUALIZAR PAGOS · AUTO] ==================================================
[ACTUALIZAR PAGOS · AUTO] 🚀 PASO: CompararActasPaso
[ACTUALIZAR PAGOS · AUTO] ==================================================
[ACTUALIZAR PAGOS · AUTO] 🔍 Comparando actas del SEMyT contra pagos del Juzgado...
[ACTUALIZAR PAGOS · AUTO] ================================================================================
[ACTUALIZAR PAGOS · AUTO] INICIANDO PROCESO DE GENERACIÓN DE PAGOS DESACTUALIZADOS
[ACTUALIZAR PAGOS · AUTO] ================================================================================
[ACTUALIZAR PAGOS · AUTO] 📂 Cargando archivos...
[ACTUALIZAR PAGOS · AUTO]   ✓ Pagos: 16221 registros
[ACTUALIZAR PAGOS · AUTO]   ✓ Excel SIGEMI (multas vencidas viejas): 103817 registros
[ACTUALIZAR PAGOS · AUTO]   ✓ Excel Juzgado (multas vencidas nuevas): 40078 registros
[ACTUALIZAR PAGOS · AUTO] ================================================================================
[ACTUALIZAR PAGOS · AUTO] PASO 1: LLENANDO ACTA_NUMERO (búsqueda por patente + fecha, con desempate por hora)
[ACTUALIZAR PAGOS · AUTO] ================================================================================
[ACTUALIZAR PAGOS · AUTO] 📊 ESTADÍSTICAS DE LLENADO DE ACTAS:
[ACTUALIZAR PAGOS · AUTO]   • Pagos con acta ORIGINAL: 2459
[ACTUALIZAR PAGOS · AUTO]   • Pagos SIN acta (buscados): 13762
[ACTUALIZAR PAGOS · AUTO]   • Pagos LLENADOS exitosamente: 8
[ACTUALIZAR PAGOS · AUTO]   • Pagos NO encontrados en multas: 13754
[ACTUALIZAR PAGOS · AUTO]   • Pagos SIN RESOLVER por desbalance de cantidades: 0
[ACTUALIZAR PAGOS · AUTO] ================================================================================
[ACTUALIZAR PAGOS · AUTO] PASO 1: LLENANDO ACTA_NUMERO (búsqueda por patente + fecha, con desempate por hora)
[ACTUALIZAR PAGOS · AUTO] ================================================================================
[ACTUALIZAR PAGOS · AUTO] 📊 ESTADÍSTICAS DE LLENADO DE ACTAS:
[ACTUALIZAR PAGOS · AUTO]   • Pagos con acta ORIGINAL: 2467
[ACTUALIZAR PAGOS · AUTO]   • Pagos SIN acta (buscados): 13754
[ACTUALIZAR PAGOS · AUTO]   • Pagos LLENADOS exitosamente: 0
[ACTUALIZAR PAGOS · AUTO]   • Pagos NO encontrados en multas: 13754
[ACTUALIZAR PAGOS · AUTO]   • Pagos SIN RESOLVER por desbalance de cantidades: 0
[ACTUALIZAR PAGOS · AUTO] ⏱ PASO 1 (llenar actas): 19.2s
[ACTUALIZAR PAGOS · AUTO] ================================================================================
[ACTUALIZAR PAGOS · AUTO] PASO 2: FILTRANDO PAGOS CON ACTA_NUMERO COMPLETO
[ACTUALIZAR PAGOS · AUTO] ================================================================================
[ACTUALIZAR PAGOS · AUTO] 📊 ESTADÍSTICAS DE FILTRADO:
[ACTUALIZAR PAGOS · AUTO]   • Pagos TOTALES al inicio: 16221
[ACTUALIZAR PAGOS · AUTO]   • Pagos CON acta (MANTIENEN): 2467
[ACTUALIZAR PAGOS · AUTO]   • Pagos RECHAZADOS (sin coincidencias): 13754
[ACTUALIZAR PAGOS · AUTO] ⚠️  Se eliminaron 13754 registros sin número de acta
[ACTUALIZAR PAGOS · AUTO]      (recordá: esto incluye tanto pagos ya actualizados/pagados
[ACTUALIZAR PAGOS · AUTO]       como pagos que quedaron sin resolver por desbalance en el Paso 1)
[ACTUALIZAR PAGOS · AUTO] ================================================================================
[ACTUALIZAR PAGOS · AUTO] PASO 2-bis: CONFIRMANDO VIGENCIA DE PAGOS DEL SISTEMA NUEVO (contra MULTAS_JUZGADO_CRUCE)
[ACTUALIZAR PAGOS · AUTO] ================================================================================
[ACTUALIZAR PAGOS · AUTO]   ⚠ 2454 pago(s) del sistema nuevo descartados: su acta ya no figura como vencida en MULTAS_JUZGADO_CRUCE (SEMyT ya los actualizó).
[ACTUALIZAR PAGOS · AUTO]   • Pagos del sistema nuevo descartados por ya estar actualizados: 2454
[ACTUALIZAR PAGOS · AUTO] ⏱ PASO 2 (filtrar): 1.2s
[ACTUALIZAR PAGOS · AUTO] 📂 Cargando maestro de causas SIGEMI...
[ACTUALIZAR PAGOS · AUTO]   ✓ Causas totales (maestro): 134069 registros
[ACTUALIZAR PAGOS · AUTO] ⏱ PASO 2.5 (causas simplificado): 0.2s
[ACTUALIZAR PAGOS · AUTO] ================================================================================
[ACTUALIZAR PAGOS · AUTO] PASO 2.5: ARMANDO causas.txt SIMPLIFICADO (cruce contra total_causas_sigemi.txt)
[ACTUALIZAR PAGOS · AUTO] ================================================================================
[ACTUALIZAR PAGOS · AUTO]   • Actas vencidas viejas (multas): 103817
[ACTUALIZAR PAGOS · AUTO]   • Causas totales en el maestro SIGEMI: 134069
[ACTUALIZAR PAGOS · AUTO]   • Causas que coinciden (simplificado): 103487
[ACTUALIZAR PAGOS · AUTO]   ✅ Archivo escrito: backend/descargas/causas/causas.txt
[ACTUALIZAR PAGOS · AUTO] ⏱ PASO 2.5 (causas simplificado): 2.7s
[ACTUALIZAR PAGOS · AUTO] ================================================================================
[ACTUALIZAR PAGOS · AUTO] PASO 3: LLENANDO CAUSA_NUMERO (según fecha de cambio de sistema, cruzando por acta + año)
[ACTUALIZAR PAGOS · AUTO] ================================================================================
[ACTUALIZAR PAGOS · AUTO] 📊 ESTADÍSTICAS DE LLENADO DE CAUSAS:
[ACTUALIZAR PAGOS · AUTO]   • Pagos con causa ORIGINAL: 5
[ACTUALIZAR PAGOS · AUTO]   • Causas encontradas en SIGEMI (actas viejas): 8
[ACTUALIZAR PAGOS · AUTO]   • Causas NO encontradas en SIGEMI: 0
[ACTUALIZAR PAGOS · AUTO]   • Causas asignadas automáticamente (actas nuevas): 0
[ACTUALIZAR PAGOS · AUTO] ⏱ PASO 3 (llenar causas): 0.0s
[ACTUALIZAR PAGOS · AUTO] ================================================================================
[ACTUALIZAR PAGOS · AUTO] PASO 4: ORDENANDO POR FECHA Y ACTA_NUMERO
[ACTUALIZAR PAGOS · AUTO] ================================================================================
[ACTUALIZAR PAGOS · AUTO] ✓ Pagos ordenados correctamente
[ACTUALIZAR PAGOS · AUTO]   • Primera entrada: Acta=3072, Fecha=02/07/2024
[ACTUALIZAR PAGOS · AUTO]   • Última entrada: Acta=297535, Fecha=17/04/2026
[ACTUALIZAR PAGOS · AUTO] 📝 Escribiendo archivo de salida...
[ACTUALIZAR PAGOS · AUTO]   ✅ Archivo escrito: backend/descargas/pagos/2026-07-22/PAGOS 20260722 125243.txt
[ACTUALIZAR PAGOS · AUTO]   ✅ Total registros: 1547
[ACTUALIZAR PAGOS · AUTO] ⏱ PASO 4 (ordenar y escribir): 0.0s
[ACTUALIZAR PAGOS · AUTO] ================================================================================
[ACTUALIZAR PAGOS · AUTO] ✅ PROCESO COMPLETADO EXITOSAMENTE
[ACTUALIZAR PAGOS · AUTO] ================================================================================
[ACTUALIZAR PAGOS · AUTO] 📊 RESUMEN FINAL DEL PROCESAMIENTO:
[ACTUALIZAR PAGOS · AUTO]   ENTRADA:
[ACTUALIZAR PAGOS · AUTO]     • Pagos originales: 16221
[ACTUALIZAR PAGOS · AUTO]     • Multas SIGEMI cargadas: 103817
[ACTUALIZAR PAGOS · AUTO]     • Multas Juzgado cargadas: 40078
[ACTUALIZAR PAGOS · AUTO]     • Causas simplificadas (usadas para el cruce): 103487
[ACTUALIZAR PAGOS · AUTO]   PROCESO:
[ACTUALIZAR PAGOS · AUTO]     • Pagos rechazados sigemi: 13754
[ACTUALIZAR PAGOS · AUTO]     • Pagos rechazados juzgado: 2454
[ACTUALIZAR PAGOS · AUTO]   SALIDA:
[ACTUALIZAR PAGOS · AUTO]     • Pagos desactualizados procesados: 13
[ACTUALIZAR PAGOS · AUTO]     • Archivo final: backend/descargas/pagos/2026-07-22/PAGOS 20260722 125243.txt
[ACTUALIZAR PAGOS · AUTO]     • Ordenados por fecha: SÍ ✓
[ACTUALIZAR PAGOS · AUTO]     • Todos con ACTA_NUMERO: SÍ ✓
[ACTUALIZAR PAGOS · AUTO]     • Todos con CAUSA_NUMERO: SÍ ✓
[ACTUALIZAR PAGOS · AUTO] ✅ TXT de pagos (ya cruzado con actas y causas) generado en: backend/descargas/pagos/2026-07-22/PAGOS 20260722 125243.txt
[ACTUALIZAR PAGOS · AUTO] 🧹 TXT de pagos crudo eliminado (ya usado en el cruce): backend/descargas/pagos/2026-07-22/PAGOS DESCARGADOS.txt
[ACTUALIZAR PAGOS · AUTO] 🧹 Excel MULTAS_SIGEMI_CRUCE eliminado (ya usado en el cruce): backend/descargas/cache_actas_cruce/MULTAS_SIGEMI_CRUCE.xlsx
[ACTUALIZAR PAGOS · AUTO] 🧹 Excel MULTAS_JUZGADO_CRUCE eliminado (ya usado en el cruce): backend/descargas/cache_actas_cruce/MULTAS_JUZGADO_CRUCE.xlsx
[ACTUALIZAR PAGOS · AUTO] ✅ CompararActasPaso finalizado. (⏱ 53.4s)
[ACTUALIZAR PAGOS · AUTO] ✓ [CompararActasPaso] Completado.
[ACTUALIZAR PAGOS · AUTO] ▶ [CargarPagosPaso] Iniciando...
[ACTUALIZAR PAGOS · AUTO] ==================================================
[ACTUALIZAR PAGOS · AUTO] 🚀 PASO: CargarPagosPaso
[ACTUALIZAR PAGOS · AUTO] ==================================================
[ACTUALIZAR PAGOS · AUTO] 📤 Subiendo TXT de pagos al SEMyT...
[ACTUALIZAR PAGOS · AUTO] ✅ Importación de pagos completada con éxito.
[ACTUALIZAR PAGOS · AUTO] ✅ Archivo TXT de pagos cargado en el SEMyT correctamente.
[ACTUALIZAR PAGOS · AUTO] ✅ CargarPagosPaso finalizado. (⏱ 2.6s)
[ACTUALIZAR PAGOS · AUTO] ✓ [CargarPagosPaso] Completado.
[ACTUALIZAR PAGOS · AUTO] === Ejecución finalizada con éxito ===
🤖 [Automático] Es hora de actualizar pagos. Arrancando...
[ACTUALIZAR PAGOS · AUTO] === Inicio de ejecución: pagos ===
[ACTUALIZAR PAGOS · AUTO] ▶ [LoginSemytPaso] Iniciando...
[ACTUALIZAR PAGOS · AUTO] ==================================================
[ACTUALIZAR PAGOS · AUTO] 🚀 PASO: LoginSemytPaso
[ACTUALIZAR PAGOS · AUTO] ==================================================
[ACTUALIZAR PAGOS · AUTO] Abriendo SEMyT...
⏳ [Automático] Tocaba disparar 'pagos' pero ya hay una ejecución en curso (Actualizar pagos); esperando a que termine; se reintenta en breve sin perder el turno.
[ACTUALIZAR PAGOS · AUTO] ✅ [SEMyT] Sesión existente detectada. Login omitido.
[ACTUALIZAR PAGOS · AUTO] ✅ LoginSemytPaso finalizado. (⏱ 23.2s)
[ACTUALIZAR PAGOS · AUTO] ✓ [LoginSemytPaso] Completado.
[ACTUALIZAR PAGOS · AUTO] ▶ [LoginJuzgadoPaso] Iniciando...
[ACTUALIZAR PAGOS · AUTO] ==================================================
[ACTUALIZAR PAGOS · AUTO] 🚀 PASO: LoginJuzgadoPaso
[ACTUALIZAR PAGOS · AUTO] ==================================================
[ACTUALIZAR PAGOS · AUTO] Abriendo sitio municipalidad (CiDi)...
[ACTUALIZAR PAGOS · AUTO] ✅ [Juzgado] Sesión existente detectada. Login omitido.
[ACTUALIZAR PAGOS · AUTO] ✅ LoginJuzgadoPaso finalizado. (⏱ 2.0s)
[ACTUALIZAR PAGOS · AUTO] ✓ [LoginJuzgadoPaso] Completado.
[ACTUALIZAR PAGOS · AUTO] ▶ [DescargasParalelasPaso] Iniciando...
[ACTUALIZAR PAGOS · AUTO] ==================================================
[ACTUALIZAR PAGOS · AUTO] 🚀 PASO: DescargasParalelasPaso
[ACTUALIZAR PAGOS · AUTO] ==================================================
[ACTUALIZAR PAGOS · AUTO] 📤 Arrancando las 3 descargas en paralelo (mismo browser, páginas separadas)...
[ACTUALIZAR PAGOS · AUTO] Fecha Desde: 27/06/2024
[ACTUALIZAR PAGOS · AUTO] Fecha Hasta: 24/11/2025
[ACTUALIZAR PAGOS · AUTO] Fecha Desde: 25/11/2025
[ACTUALIZAR PAGOS · AUTO] Fecha Hasta: 22/07/2026
[ACTUALIZAR PAGOS · AUTO] Descargando Excel...
[ACTUALIZAR PAGOS · AUTO] Descargando Excel...
[ACTUALIZAR PAGOS · AUTO] ✅ TXT de pagos descargado en: backend/descargas/pagos/2026-07-22/PAGOS DESCARGADOS.txt
[ACTUALIZAR PAGOS · AUTO] ⏱ [pagos_txt] completado en 25.4s
[ACTUALIZAR PAGOS · AUTO] Archivo descargado en: backend/descargas/cache_actas_cruce/MULTAS_JUZGADO_CRUCE.xlsx
[ACTUALIZAR PAGOS · AUTO] ⏱ [actas_juzgado] completado en 36.1s
[ACTUALIZAR PAGOS · AUTO] Archivo descargado en: backend/descargas/cache_actas_cruce/MULTAS_SIGEMI_CRUCE.xlsx
[ACTUALIZAR PAGOS · AUTO] ⏱ [actas_sigemi] completado en 82.9s
[ACTUALIZAR PAGOS · AUTO] ⏱ TOTAL descargas en paralelo: 82.9s
[ACTUALIZAR PAGOS · AUTO] ✅ DescargasParalelasPaso finalizado. (⏱ 84.5s)
[ACTUALIZAR PAGOS · AUTO] ✓ [DescargasParalelasPaso] Completado.
[ACTUALIZAR PAGOS · AUTO] ▶ [CompararActasPaso] Iniciando...
[ACTUALIZAR PAGOS · AUTO] ==================================================
[ACTUALIZAR PAGOS · AUTO] 🚀 PASO: CompararActasPaso
[ACTUALIZAR PAGOS · AUTO] ==================================================
[ACTUALIZAR PAGOS · AUTO] 🔍 Comparando actas del SEMyT contra pagos del Juzgado...
[ACTUALIZAR PAGOS · AUTO] ================================================================================
[ACTUALIZAR PAGOS · AUTO] INICIANDO PROCESO DE GENERACIÓN DE PAGOS DESACTUALIZADOS
[ACTUALIZAR PAGOS · AUTO] ================================================================================
[ACTUALIZAR PAGOS · AUTO] 📂 Cargando archivos...
[ACTUALIZAR PAGOS · AUTO]   ✓ Pagos: 16232 registros
[ACTUALIZAR PAGOS · AUTO]   ✓ Excel SIGEMI (multas vencidas viejas): 103809 registros
[ACTUALIZAR PAGOS · AUTO]   ✓ Excel Juzgado (multas vencidas nuevas): 40073 registros
[ACTUALIZAR PAGOS · AUTO] ================================================================================
[ACTUALIZAR PAGOS · AUTO] PASO 1: LLENANDO ACTA_NUMERO (búsqueda por patente + fecha, con desempate por hora)
[ACTUALIZAR PAGOS · AUTO] ================================================================================
[ACTUALIZAR PAGOS · AUTO] 📊 ESTADÍSTICAS DE LLENADO DE ACTAS:
[ACTUALIZAR PAGOS · AUTO]   • Pagos con acta ORIGINAL: 2468
[ACTUALIZAR PAGOS · AUTO]   • Pagos SIN acta (buscados): 13764
[ACTUALIZAR PAGOS · AUTO]   • Pagos LLENADOS exitosamente: 2
[ACTUALIZAR PAGOS · AUTO]   • Pagos NO encontrados en multas: 13762
[ACTUALIZAR PAGOS · AUTO]   • Pagos SIN RESOLVER por desbalance de cantidades: 0
[ACTUALIZAR PAGOS · AUTO] ================================================================================
[ACTUALIZAR PAGOS · AUTO] PASO 1: LLENANDO ACTA_NUMERO (búsqueda por patente + fecha, con desempate por hora)
[ACTUALIZAR PAGOS · AUTO] ================================================================================
[ACTUALIZAR PAGOS · AUTO] 📊 ESTADÍSTICAS DE LLENADO DE ACTAS:
[ACTUALIZAR PAGOS · AUTO]   • Pagos con acta ORIGINAL: 2470
[ACTUALIZAR PAGOS · AUTO]   • Pagos SIN acta (buscados): 13762
[ACTUALIZAR PAGOS · AUTO]   • Pagos LLENADOS exitosamente: 0
[ACTUALIZAR PAGOS · AUTO]   • Pagos NO encontrados en multas: 13762
[ACTUALIZAR PAGOS · AUTO]   • Pagos SIN RESOLVER por desbalance de cantidades: 0
[ACTUALIZAR PAGOS · AUTO] ⏱ PASO 1 (llenar actas): 18.8s
[ACTUALIZAR PAGOS · AUTO] ================================================================================
[ACTUALIZAR PAGOS · AUTO] PASO 2: FILTRANDO PAGOS CON ACTA_NUMERO COMPLETO
[ACTUALIZAR PAGOS · AUTO] ================================================================================
[ACTUALIZAR PAGOS · AUTO] 📊 ESTADÍSTICAS DE FILTRADO:
[ACTUALIZAR PAGOS · AUTO]   • Pagos TOTALES al inicio: 16232
[ACTUALIZAR PAGOS · AUTO]   • Pagos CON acta (MANTIENEN): 2470
[ACTUALIZAR PAGOS · AUTO]   • Pagos RECHAZADOS (sin coincidencias): 13762
[ACTUALIZAR PAGOS · AUTO] ⚠️  Se eliminaron 13762 registros sin número de acta
[ACTUALIZAR PAGOS · AUTO]      (recordá: esto incluye tanto pagos ya actualizados/pagados
[ACTUALIZAR PAGOS · AUTO]       como pagos que quedaron sin resolver por desbalance en el Paso 1)
[ACTUALIZAR PAGOS · AUTO] ================================================================================
[ACTUALIZAR PAGOS · AUTO] PASO 2-bis: CONFIRMANDO VIGENCIA DE PAGOS DEL SISTEMA NUEVO (contra MULTAS_JUZGADO_CRUCE)
[ACTUALIZAR PAGOS · AUTO] ================================================================================
[ACTUALIZAR PAGOS · AUTO]   ⚠ 2459 pago(s) del sistema nuevo descartados: su acta ya no figura como vencida en MULTAS_JUZGADO_CRUCE (SEMyT ya los actualizó).
[ACTUALIZAR PAGOS · AUTO]   • Pagos del sistema nuevo descartados por ya estar actualizados: 2459
[ACTUALIZAR PAGOS · AUTO] ⏱ PASO 2 (filtrar): 1.0s
[ACTUALIZAR PAGOS · AUTO] 📂 Cargando maestro de causas SIGEMI...
[ACTUALIZAR PAGOS · AUTO]   ✓ Causas totales (maestro): 134069 registros
[ACTUALIZAR PAGOS · AUTO] ⏱ PASO 2.5 (causas simplificado): 0.1s
[ACTUALIZAR PAGOS · AUTO] ================================================================================
[ACTUALIZAR PAGOS · AUTO] PASO 2.5: ARMANDO causas.txt SIMPLIFICADO (cruce contra total_causas_sigemi.txt)
[ACTUALIZAR PAGOS · AUTO] ================================================================================
[ACTUALIZAR PAGOS · AUTO]   • Actas vencidas viejas (multas): 103809
[ACTUALIZAR PAGOS · AUTO]   • Causas totales en el maestro SIGEMI: 134069
[ACTUALIZAR PAGOS · AUTO]   • Causas que coinciden (simplificado): 103479
[ACTUALIZAR PAGOS · AUTO]   ✅ Archivo escrito: backend/descargas/causas/causas.txt
[ACTUALIZAR PAGOS · AUTO] ⏱ PASO 2.5 (causas simplificado): 2.6s
[ACTUALIZAR PAGOS · AUTO] ================================================================================
[ACTUALIZAR PAGOS · AUTO] PASO 3: LLENANDO CAUSA_NUMERO (según fecha de cambio de sistema, cruzando por acta + año)
[ACTUALIZAR PAGOS · AUTO] ================================================================================
[ACTUALIZAR PAGOS · AUTO] 📊 ESTADÍSTICAS DE LLENADO DE CAUSAS:
[ACTUALIZAR PAGOS · AUTO]   • Pagos con causa ORIGINAL: 9
[ACTUALIZAR PAGOS · AUTO]   • Causas encontradas en SIGEMI (actas viejas): 2
[ACTUALIZAR PAGOS · AUTO]   • Causas NO encontradas en SIGEMI: 0
[ACTUALIZAR PAGOS · AUTO]   • Causas asignadas automáticamente (actas nuevas): 0
[ACTUALIZAR PAGOS · AUTO] ⏱ PASO 3 (llenar causas): 0.0s
[ACTUALIZAR PAGOS · AUTO] ================================================================================
[ACTUALIZAR PAGOS · AUTO] PASO 4: ORDENANDO POR FECHA Y ACTA_NUMERO
[ACTUALIZAR PAGOS · AUTO] ================================================================================
[ACTUALIZAR PAGOS · AUTO] ✓ Pagos ordenados correctamente
[ACTUALIZAR PAGOS · AUTO]   • Primera entrada: Acta=226905, Fecha=30/10/2025
[ACTUALIZAR PAGOS · AUTO]   • Última entrada: Acta=262059, Fecha=03/02/2026
[ACTUALIZAR PAGOS · AUTO] 📝 Escribiendo archivo de salida...
[ACTUALIZAR PAGOS · AUTO]   ✅ Archivo escrito: backend/descargas/pagos/2026-07-22/PAGOS 20260722 130536.txt
[ACTUALIZAR PAGOS · AUTO]   ✅ Total registros: 1363
[ACTUALIZAR PAGOS · AUTO] ⏱ PASO 4 (ordenar y escribir): 0.0s
[ACTUALIZAR PAGOS · AUTO] ================================================================================
[ACTUALIZAR PAGOS · AUTO] ✅ PROCESO COMPLETADO EXITOSAMENTE
[ACTUALIZAR PAGOS · AUTO] ================================================================================
[ACTUALIZAR PAGOS · AUTO] 📊 RESUMEN FINAL DEL PROCESAMIENTO:
[ACTUALIZAR PAGOS · AUTO]   ENTRADA:
[ACTUALIZAR PAGOS · AUTO]     • Pagos originales: 16232
[ACTUALIZAR PAGOS · AUTO]     • Multas SIGEMI cargadas: 103809
[ACTUALIZAR PAGOS · AUTO]     • Multas Juzgado cargadas: 40073
[ACTUALIZAR PAGOS · AUTO]     • Causas simplificadas (usadas para el cruce): 103479
[ACTUALIZAR PAGOS · AUTO]   PROCESO:
[ACTUALIZAR PAGOS · AUTO]     • Pagos rechazados sigemi: 13762
[ACTUALIZAR PAGOS · AUTO]     • Pagos rechazados juzgado: 2459
[ACTUALIZAR PAGOS · AUTO]   SALIDA:
[ACTUALIZAR PAGOS · AUTO]     • Pagos desactualizados procesados: 11
[ACTUALIZAR PAGOS · AUTO]     • Archivo final: backend/descargas/pagos/2026-07-22/PAGOS 20260722 130536.txt
[ACTUALIZAR PAGOS · AUTO]     • Ordenados por fecha: SÍ ✓
[ACTUALIZAR PAGOS · AUTO]     • Todos con ACTA_NUMERO: SÍ ✓
[ACTUALIZAR PAGOS · AUTO]     • Todos con CAUSA_NUMERO: SÍ ✓
[ACTUALIZAR PAGOS · AUTO] ✅ TXT de pagos (ya cruzado con actas y causas) generado en: backend/descargas/pagos/2026-07-22/PAGOS 20260722 130536.txt
[ACTUALIZAR PAGOS · AUTO] 🧹 TXT de pagos crudo eliminado (ya usado en el cruce): backend/descargas/pagos/2026-07-22/PAGOS DESCARGADOS.txt
[ACTUALIZAR PAGOS · AUTO] 🧹 Excel MULTAS_SIGEMI_CRUCE eliminado (ya usado en el cruce): backend/descargas/cache_actas_cruce/MULTAS_SIGEMI_CRUCE.xlsx
[ACTUALIZAR PAGOS · AUTO] 🧹 Excel MULTAS_JUZGADO_CRUCE eliminado (ya usado en el cruce): backend/descargas/cache_actas_cruce/MULTAS_JUZGADO_CRUCE.xlsx
[ACTUALIZAR PAGOS · AUTO] ✅ CompararActasPaso finalizado. (⏱ 49.9s)
[ACTUALIZAR PAGOS · AUTO] ✓ [CompararActasPaso] Completado.
[ACTUALIZAR PAGOS · AUTO] ▶ [CargarPagosPaso] Iniciando...
[ACTUALIZAR PAGOS · AUTO] ==================================================
[ACTUALIZAR PAGOS · AUTO] 🚀 PASO: CargarPagosPaso
[ACTUALIZAR PAGOS · AUTO] ==================================================
[ACTUALIZAR PAGOS · AUTO] 📤 Subiendo TXT de pagos al SEMyT...
[ACTUALIZAR PAGOS · AUTO] ✅ Importación de pagos completada con éxito.
[ACTUALIZAR PAGOS · AUTO] ✅ Archivo TXT de pagos cargado en el SEMyT correctamente.
[ACTUALIZAR PAGOS · AUTO] ✅ CargarPagosPaso finalizado. (⏱ 2.9s)
[ACTUALIZAR PAGOS · AUTO] ✓ [CargarPagosPaso] Completado.
[ACTUALIZAR PAGOS · AUTO] === Ejecución finalizada con éxito ===
🤖 [Automático] Es hora de actualizar pagos. Arrancando...
[ACTUALIZAR PAGOS · AUTO] === Inicio de ejecución: pagos ===
[ACTUALIZAR PAGOS · AUTO] ▶ [LoginSemytPaso] Iniciando...
[ACTUALIZAR PAGOS · AUTO] ==================================================
[ACTUALIZAR PAGOS · AUTO] 🚀 PASO: LoginSemytPaso
[ACTUALIZAR PAGOS · AUTO] ==================================================
[ACTUALIZAR PAGOS · AUTO] Abriendo SEMyT...
⏳ [Automático] Tocaba disparar 'pagos' pero ya hay una ejecución en curso (Actualizar pagos); esperando a que termine; se reintenta en breve sin perder el turno.
[ACTUALIZAR PAGOS · AUTO] ✅ [SEMyT] Sesión existente detectada. Login omitido.
[ACTUALIZAR PAGOS · AUTO] ✅ LoginSemytPaso finalizado. (⏱ 32.7s)
[ACTUALIZAR PAGOS · AUTO] ✓ [LoginSemytPaso] Completado.
[ACTUALIZAR PAGOS · AUTO] ▶ [LoginJuzgadoPaso] Iniciando...
[ACTUALIZAR PAGOS · AUTO] ==================================================
[ACTUALIZAR PAGOS · AUTO] 🚀 PASO: LoginJuzgadoPaso
[ACTUALIZAR PAGOS · AUTO] ==================================================
[ACTUALIZAR PAGOS · AUTO] Abriendo sitio municipalidad (CiDi)...
[ACTUALIZAR PAGOS · AUTO] ✅ [Juzgado] Sesión existente detectada. Login omitido.
[ACTUALIZAR PAGOS · AUTO] ✅ LoginJuzgadoPaso finalizado. (⏱ 1.6s)
[ACTUALIZAR PAGOS · AUTO] ✓ [LoginJuzgadoPaso] Completado.
[ACTUALIZAR PAGOS · AUTO] ▶ [DescargasParalelasPaso] Iniciando...
[ACTUALIZAR PAGOS · AUTO] ==================================================
[ACTUALIZAR PAGOS · AUTO] 🚀 PASO: DescargasParalelasPaso
[ACTUALIZAR PAGOS · AUTO] ==================================================
[ACTUALIZAR PAGOS · AUTO] 📤 Arrancando las 3 descargas en paralelo (mismo browser, páginas separadas)...
[ACTUALIZAR PAGOS · AUTO] Fecha Desde: 27/06/2024
[ACTUALIZAR PAGOS · AUTO] Fecha Hasta: 24/11/2025
[ACTUALIZAR PAGOS · AUTO] Fecha Desde: 25/11/2025
[ACTUALIZAR PAGOS · AUTO] Fecha Hasta: 22/07/2026
[ACTUALIZAR PAGOS · AUTO] Descargando Excel...
[ACTUALIZAR PAGOS · AUTO] Descargando Excel...
[ACTUALIZAR PAGOS · AUTO] ✅ TXT de pagos descargado en: backend/descargas/pagos/2026-07-22/PAGOS DESCARGADOS.txt
[ACTUALIZAR PAGOS · AUTO] ⏱ [pagos_txt] completado en 23.3s
[ACTUALIZAR PAGOS · AUTO] Archivo descargado en: backend/descargas/cache_actas_cruce/MULTAS_JUZGADO_CRUCE.xlsx
[ACTUALIZAR PAGOS · AUTO] ⏱ [actas_juzgado] completado en 47.7s
[ACTUALIZAR PAGOS · AUTO] Archivo descargado en: backend/descargas/cache_actas_cruce/MULTAS_SIGEMI_CRUCE.xlsx
[ACTUALIZAR PAGOS · AUTO] ⏱ [actas_sigemi] completado en 101.0s
[ACTUALIZAR PAGOS · AUTO] ⏱ TOTAL descargas en paralelo: 101.0s
[ACTUALIZAR PAGOS · AUTO] ✅ DescargasParalelasPaso finalizado. (⏱ 102.5s)
[ACTUALIZAR PAGOS · AUTO] ✓ [DescargasParalelasPaso] Completado.
[ACTUALIZAR PAGOS · AUTO] ▶ [CompararActasPaso] Iniciando...
[ACTUALIZAR PAGOS · AUTO] ==================================================
[ACTUALIZAR PAGOS · AUTO] 🚀 PASO: CompararActasPaso
[ACTUALIZAR PAGOS · AUTO] ==================================================
[ACTUALIZAR PAGOS · AUTO] 🔍 Comparando actas del SEMyT contra pagos del Juzgado...
[ACTUALIZAR PAGOS · AUTO] ================================================================================
[ACTUALIZAR PAGOS · AUTO] INICIANDO PROCESO DE GENERACIÓN DE PAGOS DESACTUALIZADOS
[ACTUALIZAR PAGOS · AUTO] ================================================================================
[ACTUALIZAR PAGOS · AUTO] 📂 Cargando archivos...
[ACTUALIZAR PAGOS · AUTO]   ✓ Pagos: 16237 registros
[ACTUALIZAR PAGOS · AUTO]   ✓ Excel SIGEMI (multas vencidas viejas): 103807 registros
[ACTUALIZAR PAGOS · AUTO]   ✓ Excel Juzgado (multas vencidas nuevas): 40064 registros
[ACTUALIZAR PAGOS · AUTO] ================================================================================
[ACTUALIZAR PAGOS · AUTO] PASO 1: LLENANDO ACTA_NUMERO (búsqueda por patente + fecha, con desempate por hora)
[ACTUALIZAR PAGOS · AUTO] ================================================================================
[ACTUALIZAR PAGOS · AUTO] 📊 ESTADÍSTICAS DE LLENADO DE ACTAS:
[ACTUALIZAR PAGOS · AUTO]   • Pagos con acta ORIGINAL: 2472
[ACTUALIZAR PAGOS · AUTO]   • Pagos SIN acta (buscados): 13765
[ACTUALIZAR PAGOS · AUTO]   • Pagos LLENADOS exitosamente: 1
[ACTUALIZAR PAGOS · AUTO]   • Pagos NO encontrados en multas: 13764
[ACTUALIZAR PAGOS · AUTO]   • Pagos SIN RESOLVER por desbalance de cantidades: 0
[ACTUALIZAR PAGOS · AUTO] ================================================================================
[ACTUALIZAR PAGOS · AUTO] PASO 1: LLENANDO ACTA_NUMERO (búsqueda por patente + fecha, con desempate por hora)
[ACTUALIZAR PAGOS · AUTO] ================================================================================
[ACTUALIZAR PAGOS · AUTO] 📊 ESTADÍSTICAS DE LLENADO DE ACTAS:
[ACTUALIZAR PAGOS · AUTO]   • Pagos con acta ORIGINAL: 2473
[ACTUALIZAR PAGOS · AUTO]   • Pagos SIN acta (buscados): 13764
[ACTUALIZAR PAGOS · AUTO]   • Pagos LLENADOS exitosamente: 0
[ACTUALIZAR PAGOS · AUTO]   • Pagos NO encontrados en multas: 13764
[ACTUALIZAR PAGOS · AUTO]   • Pagos SIN RESOLVER por desbalance de cantidades: 0
[ACTUALIZAR PAGOS · AUTO] ⏱ PASO 1 (llenar actas): 18.9s
[ACTUALIZAR PAGOS · AUTO] ================================================================================
[ACTUALIZAR PAGOS · AUTO] PASO 2: FILTRANDO PAGOS CON ACTA_NUMERO COMPLETO
[ACTUALIZAR PAGOS · AUTO] ================================================================================
[ACTUALIZAR PAGOS · AUTO] 📊 ESTADÍSTICAS DE FILTRADO:
[ACTUALIZAR PAGOS · AUTO]   • Pagos TOTALES al inicio: 16237
[ACTUALIZAR PAGOS · AUTO]   • Pagos CON acta (MANTIENEN): 2473
[ACTUALIZAR PAGOS · AUTO]   • Pagos RECHAZADOS (sin coincidencias): 13764
[ACTUALIZAR PAGOS · AUTO] ⚠️  Se eliminaron 13764 registros sin número de acta
[ACTUALIZAR PAGOS · AUTO]      (recordá: esto incluye tanto pagos ya actualizados/pagados
[ACTUALIZAR PAGOS · AUTO]       como pagos que quedaron sin resolver por desbalance en el Paso 1)
[ACTUALIZAR PAGOS · AUTO] ================================================================================
[ACTUALIZAR PAGOS · AUTO] PASO 2-bis: CONFIRMANDO VIGENCIA DE PAGOS DEL SISTEMA NUEVO (contra MULTAS_JUZGADO_CRUCE)
[ACTUALIZAR PAGOS · AUTO] ================================================================================
[ACTUALIZAR PAGOS · AUTO]   ⚠ 2468 pago(s) del sistema nuevo descartados: su acta ya no figura como vencida en MULTAS_JUZGADO_CRUCE (SEMyT ya los actualizó).
[ACTUALIZAR PAGOS · AUTO]   • Pagos del sistema nuevo descartados por ya estar actualizados: 2468
[ACTUALIZAR PAGOS · AUTO] ⏱ PASO 2 (filtrar): 1.1s
[ACTUALIZAR PAGOS · AUTO] 📂 Cargando maestro de causas SIGEMI...
[ACTUALIZAR PAGOS · AUTO]   ✓ Causas totales (maestro): 134069 registros
[ACTUALIZAR PAGOS · AUTO] ⏱ PASO 2.5 (causas simplificado): 0.1s
[ACTUALIZAR PAGOS · AUTO] ================================================================================
[ACTUALIZAR PAGOS · AUTO] PASO 2.5: ARMANDO causas.txt SIMPLIFICADO (cruce contra total_causas_sigemi.txt)
[ACTUALIZAR PAGOS · AUTO] ================================================================================
[ACTUALIZAR PAGOS · AUTO]   • Actas vencidas viejas (multas): 103807
[ACTUALIZAR PAGOS · AUTO]   • Causas totales en el maestro SIGEMI: 134069
[ACTUALIZAR PAGOS · AUTO]   • Causas que coinciden (simplificado): 103477
[ACTUALIZAR PAGOS · AUTO]   ✅ Archivo escrito: backend/descargas/causas/causas.txt
[ACTUALIZAR PAGOS · AUTO] ⏱ PASO 2.5 (causas simplificado): 2.6s
[ACTUALIZAR PAGOS · AUTO] ================================================================================
[ACTUALIZAR PAGOS · AUTO] PASO 3: LLENANDO CAUSA_NUMERO (según fecha de cambio de sistema, cruzando por acta + año)
[ACTUALIZAR PAGOS · AUTO] ================================================================================
[ACTUALIZAR PAGOS · AUTO] 📊 ESTADÍSTICAS DE LLENADO DE CAUSAS:
[ACTUALIZAR PAGOS · AUTO]   • Pagos con causa ORIGINAL: 4
[ACTUALIZAR PAGOS · AUTO]   • Causas encontradas en SIGEMI (actas viejas): 1
[ACTUALIZAR PAGOS · AUTO]   • Causas NO encontradas en SIGEMI: 0
[ACTUALIZAR PAGOS · AUTO]   • Causas asignadas automáticamente (actas nuevas): 0
[ACTUALIZAR PAGOS · AUTO] ⏱ PASO 3 (llenar causas): 0.0s
[ACTUALIZAR PAGOS · AUTO] ================================================================================
[ACTUALIZAR PAGOS · AUTO] PASO 4: ORDENANDO POR FECHA Y ACTA_NUMERO
[ACTUALIZAR PAGOS · AUTO] ================================================================================
[ACTUALIZAR PAGOS · AUTO] ✓ Pagos ordenados correctamente
[ACTUALIZAR PAGOS · AUTO]   • Primera entrada: Acta=224033, Fecha=23/10/2025
[ACTUALIZAR PAGOS · AUTO]   • Última entrada: Acta=282645, Fecha=19/03/2026
[ACTUALIZAR PAGOS · AUTO] 📝 Escribiendo archivo de salida...
[ACTUALIZAR PAGOS · AUTO]   ✅ Archivo escrito: backend/descargas/pagos/2026-07-22/PAGOS 20260722 131854.txt
[ACTUALIZAR PAGOS · AUTO]   ✅ Total registros: 680
[ACTUALIZAR PAGOS · AUTO] ⏱ PASO 4 (ordenar y escribir): 0.0s
[ACTUALIZAR PAGOS · AUTO] ================================================================================
[ACTUALIZAR PAGOS · AUTO] ✅ PROCESO COMPLETADO EXITOSAMENTE
[ACTUALIZAR PAGOS · AUTO] ================================================================================
[ACTUALIZAR PAGOS · AUTO] 📊 RESUMEN FINAL DEL PROCESAMIENTO:
[ACTUALIZAR PAGOS · AUTO]   ENTRADA:
[ACTUALIZAR PAGOS · AUTO]     • Pagos originales: 16237
[ACTUALIZAR PAGOS · AUTO]     • Multas SIGEMI cargadas: 103807
[ACTUALIZAR PAGOS · AUTO]     • Multas Juzgado cargadas: 40064
[ACTUALIZAR PAGOS · AUTO]     • Causas simplificadas (usadas para el cruce): 103477
[ACTUALIZAR PAGOS · AUTO]   PROCESO:
[ACTUALIZAR PAGOS · AUTO]     • Pagos rechazados sigemi: 13764
[ACTUALIZAR PAGOS · AUTO]     • Pagos rechazados juzgado: 2468
[ACTUALIZAR PAGOS · AUTO]   SALIDA:
[ACTUALIZAR PAGOS · AUTO]     • Pagos desactualizados procesados: 5
[ACTUALIZAR PAGOS · AUTO]     • Archivo final: backend/descargas/pagos/2026-07-22/PAGOS 20260722 131854.txt
[ACTUALIZAR PAGOS · AUTO]     • Ordenados por fecha: SÍ ✓
[ACTUALIZAR PAGOS · AUTO]     • Todos con ACTA_NUMERO: SÍ ✓
[ACTUALIZAR PAGOS · AUTO]     • Todos con CAUSA_NUMERO: SÍ ✓
[ACTUALIZAR PAGOS · AUTO] ✅ TXT de pagos (ya cruzado con actas y causas) generado en: backend/descargas/pagos/2026-07-22/PAGOS 20260722 131854.txt
[ACTUALIZAR PAGOS · AUTO] 🧹 TXT de pagos crudo eliminado (ya usado en el cruce): backend/descargas/pagos/2026-07-22/PAGOS DESCARGADOS.txt
[ACTUALIZAR PAGOS · AUTO] 🧹 Excel MULTAS_SIGEMI_CRUCE eliminado (ya usado en el cruce): backend/descargas/cache_actas_cruce/MULTAS_SIGEMI_CRUCE.xlsx
[ACTUALIZAR PAGOS · AUTO] 🧹 Excel MULTAS_JUZGADO_CRUCE eliminado (ya usado en el cruce): backend/descargas/cache_actas_cruce/MULTAS_JUZGADO_CRUCE.xlsx
[ACTUALIZAR PAGOS · AUTO] ✅ CompararActasPaso finalizado. (⏱ 52.7s)
[ACTUALIZAR PAGOS · AUTO] ✓ [CompararActasPaso] Completado.
[ACTUALIZAR PAGOS · AUTO] ▶ [CargarPagosPaso] Iniciando...
[ACTUALIZAR PAGOS · AUTO] ==================================================
[ACTUALIZAR PAGOS · AUTO] 🚀 PASO: CargarPagosPaso
[ACTUALIZAR PAGOS · AUTO] ==================================================
[ACTUALIZAR PAGOS · AUTO] 📤 Subiendo TXT de pagos al SEMyT...
[ACTUALIZAR PAGOS · AUTO] ✅ Importación de pagos completada con éxito.
[ACTUALIZAR PAGOS · AUTO] ✅ Archivo TXT de pagos cargado en el SEMyT correctamente.
[ACTUALIZAR PAGOS · AUTO] ✅ CargarPagosPaso finalizado. (⏱ 4.0s)
[ACTUALIZAR PAGOS · AUTO] ✓ [CargarPagosPaso] Completado.
[ACTUALIZAR PAGOS · AUTO] === Ejecución finalizada con éxito ===
🤖 [Automático] Es hora de actualizar pagos. Arrancando...
[ACTUALIZAR PAGOS · AUTO] === Inicio de ejecución: pagos ===
[ACTUALIZAR PAGOS · AUTO] ▶ [LoginSemytPaso] Iniciando...
[ACTUALIZAR PAGOS · AUTO] ==================================================
[ACTUALIZAR PAGOS · AUTO] 🚀 PASO: LoginSemytPaso
[ACTUALIZAR PAGOS · AUTO] ==================================================
[ACTUALIZAR PAGOS · AUTO] Abriendo SEMyT...
[ACTUALIZAR PAGOS · AUTO] ✅ [SEMyT] Sesión existente detectada. Login omitido.
[ACTUALIZAR PAGOS · AUTO] ✅ LoginSemytPaso finalizado. (⏱ 6.0s)
[ACTUALIZAR PAGOS · AUTO] ✓ [LoginSemytPaso] Completado.
[ACTUALIZAR PAGOS · AUTO] ▶ [LoginJuzgadoPaso] Iniciando...
[ACTUALIZAR PAGOS · AUTO] ==================================================
[ACTUALIZAR PAGOS · AUTO] 🚀 PASO: LoginJuzgadoPaso
[ACTUALIZAR PAGOS · AUTO] ==================================================
[ACTUALIZAR PAGOS · AUTO] Abriendo sitio municipalidad (CiDi)...
[ACTUALIZAR PAGOS · AUTO] ✅ [Juzgado] Sesión existente detectada. Login omitido.
[ACTUALIZAR PAGOS · AUTO] ✅ LoginJuzgadoPaso finalizado. (⏱ 2.7s)
[ACTUALIZAR PAGOS · AUTO] ✓ [LoginJuzgadoPaso] Completado.
[ACTUALIZAR PAGOS · AUTO] ▶ [DescargasParalelasPaso] Iniciando...
[ACTUALIZAR PAGOS · AUTO] ==================================================
[ACTUALIZAR PAGOS · AUTO] 🚀 PASO: DescargasParalelasPaso
[ACTUALIZAR PAGOS · AUTO] ==================================================
[ACTUALIZAR PAGOS · AUTO] 📤 Arrancando las 3 descargas en paralelo (mismo browser, páginas separadas)...
[ACTUALIZAR PAGOS · AUTO] Fecha Desde: 27/06/2024
[ACTUALIZAR PAGOS · AUTO] Fecha Hasta: 24/11/2025
[ACTUALIZAR PAGOS · AUTO] Fecha Desde: 25/11/2025
[ACTUALIZAR PAGOS · AUTO] Fecha Hasta: 22/07/2026
[ACTUALIZAR PAGOS · AUTO] Descargando Excel...
[ACTUALIZAR PAGOS · AUTO] Descargando Excel...
⏳ [Automático] Tocaba disparar 'pagos' pero ya hay una ejecución en curso (Actualizar pagos); esperando a que termine; se reintenta en breve sin perder el turno.
[ACTUALIZAR PAGOS · AUTO] ⏱ [pagos_txt] falló a los 101.0s -> TimeoutError: Timeout 100000ms exceeded while waiting for event "download"
[ACTUALIZAR PAGOS · AUTO] =========================== logs ===========================
[ACTUALIZAR PAGOS · AUTO] waiting for event "download"
[ACTUALIZAR PAGOS · AUTO] ============================================================
[ACTUALIZAR PAGOS · AUTO] ⏱ [actas_sigemi] falló a los 101.1s -> TimeoutError: Timeout esperando la descarga (sin cartel de error reconocido) tras 100s.
[ACTUALIZAR PAGOS · AUTO] ⏱ [actas_juzgado] falló a los 101.0s -> TimeoutError: Timeout esperando la descarga (sin cartel de error reconocido) tras 100s.
[ACTUALIZAR PAGOS · AUTO] ⏱ TOTAL descargas en paralelo: 101.1s
[ACTUALIZAR PAGOS · AUTO] ❌ Error en el paso [DescargasParalelasPaso]: TimeoutError: Timeout 100000ms exceeded while waiting for event "download"
[ACTUALIZAR PAGOS · AUTO] =========================== logs ===========================
[ACTUALIZAR PAGOS · AUTO] waiting for event "download"
[ACTUALIZAR PAGOS · AUTO] ============================================================
[ACTUALIZAR PAGOS · AUTO] ❌ === ERROR: TimeoutError: Timeout 100000ms exceeded while waiting for event "download"
[ACTUALIZAR PAGOS · AUTO] =========================== logs ===========================
[ACTUALIZAR PAGOS · AUTO] waiting for event "download"
[ACTUALIZAR PAGOS · AUTO] ============================================================ ===
[ACTUALIZAR PAGOS · AUTO] Traceback (most recent call last):
[ACTUALIZAR PAGOS · AUTO]   File "/Users/nicolascesolari/Downloads/proyectoJuzgado(perfect) /backend/orquestador/trabajador.py", line 87, in ejecutar_worker
[ACTUALIZAR PAGOS · AUTO]     contexto_resultado = asyncio.run(
[ACTUALIZAR PAGOS · AUTO]         _correr_tipo(tipo, origen, fecha_desde_multas_manual, archivo_creado)
[ACTUALIZAR PAGOS · AUTO]     )
[ACTUALIZAR PAGOS · AUTO]   File "/Library/Frameworks/Python.framework/Versions/3.14/lib/python3.14/asyncio/runners.py", line 205, in run
[ACTUALIZAR PAGOS · AUTO]     return runner.run(main)
[ACTUALIZAR PAGOS · AUTO]            ~~~~~~~~~~^^^^^^
[ACTUALIZAR PAGOS · AUTO]   File "/Library/Frameworks/Python.framework/Versions/3.14/lib/python3.14/asyncio/runners.py", line 128, in run
[ACTUALIZAR PAGOS · AUTO]     return self._loop.run_until_complete(task)
[ACTUALIZAR PAGOS · AUTO]            ~~~~~~~~~~~~~~~~~~~~~~~~~~~~~^^^^^^
[ACTUALIZAR PAGOS · AUTO]   File "/Library/Frameworks/Python.framework/Versions/3.14/lib/python3.14/asyncio/base_events.py", line 719, in run_until_complete
[ACTUALIZAR PAGOS · AUTO]     return future.result()
[ACTUALIZAR PAGOS · AUTO]            ~~~~~~~~~~~~~^^
[ACTUALIZAR PAGOS · AUTO]   File "/Users/nicolascesolari/Downloads/proyectoJuzgado(perfect) /backend/orquestador/trabajador.py", line 146, in _correr_tipo
[ACTUALIZAR PAGOS · AUTO]     return await PagosWorkflow(navegador).ejecutar(archivo_fn=archivo_creado,cerrar_navegador_al_final=False,)
[ACTUALIZAR PAGOS · AUTO]            ^^^^^^^^^^^^^^^^^^^^^^^^^^^^^^^^^^^^^^^^^^^^^^^^^^^^^^^^^^^^^^^^^^^^^^^^^^^^^^^^^^^^^^^^^^^^^^^^^^^
[ACTUALIZAR PAGOS · AUTO]   File "/Users/nicolascesolari/Downloads/proyectoJuzgado(perfect) /backend/workflows/workflow_base.py", line 35, in ejecutar
[ACTUALIZAR PAGOS · AUTO]     await paso.ejecutar(contexto)
[ACTUALIZAR PAGOS · AUTO]   File "/Users/nicolascesolari/Downloads/proyectoJuzgado(perfect) /backend/pasos/descargas_paralelas_paso.py", line 75, in ejecutar
[ACTUALIZAR PAGOS · AUTO]     ruta_txt, ruta_sigemi, ruta_juzgado = self._procesar_resultados(resultados)
[ACTUALIZAR PAGOS · AUTO]                                           ~~~~~~~~~~~~~~~~~~~~~~~~~^^^^^^^^^^^^
[ACTUALIZAR PAGOS · AUTO]   File "/Users/nicolascesolari/Downloads/proyectoJuzgado(perfect) /backend/pasos/descargas_paralelas_paso.py", line 153, in _procesar_resultados
[ACTUALIZAR PAGOS · AUTO]     raise error_txt
[ACTUALIZAR PAGOS · AUTO]   File "/Users/nicolascesolari/Downloads/proyectoJuzgado(perfect) /backend/pasos/descargas_paralelas_paso.py", line 128, in _con_tiempo
[ACTUALIZAR PAGOS · AUTO]     resultado = await corutina
[ACTUALIZAR PAGOS · AUTO]                 ^^^^^^^^^^^^^^
[ACTUALIZAR PAGOS · AUTO]   File "/Users/nicolascesolari/Downloads/proyectoJuzgado(perfect) /backend/pasos/descargas_paralelas_paso.py", line 101, in _descargar_pagos
[ACTUALIZAR PAGOS · AUTO]     return await service.descargar_txt_pagos(pagina)
[ACTUALIZAR PAGOS · AUTO]            ^^^^^^^^^^^^^^^^^^^^^^^^^^^^^^^^^^^^^^^^^
[ACTUALIZAR PAGOS · AUTO]   File "/Users/nicolascesolari/Downloads/proyectoJuzgado(perfect) /backend/services/pagos_service.py", line 22, in descargar_txt_pagos
[ACTUALIZAR PAGOS · AUTO]     descarga = await page.descargar_txt_pagos()
[ACTUALIZAR PAGOS · AUTO]                ^^^^^^^^^^^^^^^^^^^^^^^^^^^^^^^^
[ACTUALIZAR PAGOS · AUTO]   File "/Users/nicolascesolari/Downloads/proyectoJuzgado(perfect) /backend/pages/descargar_pagos_page.py", line 20, in descargar_txt_pagos
[ACTUALIZAR PAGOS · AUTO]     async with self.page.expect_download(timeout=100000) as descarga_info:
[ACTUALIZAR PAGOS · AUTO]                ~~~~~~~~~~~~~~~~~~~~~~~~~^^^^^^^^^^^^^^^^
[ACTUALIZAR PAGOS · AUTO]   File "/Library/Frameworks/Python.framework/Versions/3.14/lib/python3.14/site-packages/playwright/_impl/_async_base.py", line 60, in __aexit__
[ACTUALIZAR PAGOS · AUTO]     await self._event.value
[ACTUALIZAR PAGOS · AUTO]   File "/Library/Frameworks/Python.framework/Versions/3.14/lib/python3.14/site-packages/playwright/_impl/_async_base.py", line 35, in value
[ACTUALIZAR PAGOS · AUTO]     return mapping.from_maybe_impl(await self._future)
[ACTUALIZAR PAGOS · AUTO]                                    ^^^^^^^^^^^^^^^^^^
[ACTUALIZAR PAGOS · AUTO] playwright._impl._errors.TimeoutError: Timeout 100000ms exceeded while waiting for event "download"
[ACTUALIZAR PAGOS · AUTO] =========================== logs ===========================
[ACTUALIZAR PAGOS · AUTO] waiting for event "download"
[ACTUALIZAR PAGOS · AUTO] ============================================================
ℹ El log detallado de esta corrida no se conservó en disco (no se llegó a subir ningún archivo).
❌ [Automático] 'pagos' falló (intento 1 de 4). Se reintenta a las 17:08.
🤖 [Automático] Es hora de actualizar pagos (reintento 1 de 3). Arrancando...
[ACTUALIZAR PAGOS · AUTO] === Inicio de ejecución: pagos ===
[ACTUALIZAR PAGOS · AUTO] ▶ [LoginSemytPaso] Iniciando...
[ACTUALIZAR PAGOS · AUTO] ==================================================
[ACTUALIZAR PAGOS · AUTO] 🚀 PASO: LoginSemytPaso
[ACTUALIZAR PAGOS · AUTO] ==================================================
[ACTUALIZAR PAGOS · AUTO] Abriendo SEMyT...
[ACTUALIZAR PAGOS · AUTO] ✅ [SEMyT] Sesión existente detectada. Login omitido.
[ACTUALIZAR PAGOS · AUTO] ✅ LoginSemytPaso finalizado. (⏱ 5.8s)
[ACTUALIZAR PAGOS · AUTO] ✓ [LoginSemytPaso] Completado.
[ACTUALIZAR PAGOS · AUTO] ▶ [LoginJuzgadoPaso] Iniciando...
[ACTUALIZAR PAGOS · AUTO] ==================================================
[ACTUALIZAR PAGOS · AUTO] 🚀 PASO: LoginJuzgadoPaso
[ACTUALIZAR PAGOS · AUTO] ==================================================
[ACTUALIZAR PAGOS · AUTO] Abriendo sitio municipalidad (CiDi)...
[ACTUALIZAR PAGOS · AUTO] ✅ [Juzgado] Sesión existente detectada. Login omitido.
[ACTUALIZAR PAGOS · AUTO] ✅ LoginJuzgadoPaso finalizado. (⏱ 1.9s)
[ACTUALIZAR PAGOS · AUTO] ✓ [LoginJuzgadoPaso] Completado.
[ACTUALIZAR PAGOS · AUTO] ▶ [DescargasParalelasPaso] Iniciando...
[ACTUALIZAR PAGOS · AUTO] ==================================================
[ACTUALIZAR PAGOS · AUTO] 🚀 PASO: DescargasParalelasPaso
[ACTUALIZAR PAGOS · AUTO] ==================================================
[ACTUALIZAR PAGOS · AUTO] 📤 Arrancando las 3 descargas en paralelo (mismo browser, páginas separadas)...
[ACTUALIZAR PAGOS · AUTO] Fecha Desde: 27/06/2024
[ACTUALIZAR PAGOS · AUTO] Fecha Hasta: 24/11/2025
[ACTUALIZAR PAGOS · AUTO] Fecha Desde: 25/11/2025
[ACTUALIZAR PAGOS · AUTO] Fecha Hasta: 22/07/2026
[ACTUALIZAR PAGOS · AUTO] Descargando Excel...
[ACTUALIZAR PAGOS · AUTO] Descargando Excel...
⏳ [Automático] Tocaba disparar 'pagos' pero ya hay una ejecución en curso (Actualizar pagos); esperando a que termine; se reintenta en breve sin perder el turno.
[ACTUALIZAR PAGOS · AUTO] Archivo descargado en: backend/descargas/cache_actas_cruce/MULTAS_JUZGADO_CRUCE.xlsx
[ACTUALIZAR PAGOS · AUTO] ⏱ [actas_juzgado] completado en 103.9s
[ACTUALIZAR PAGOS · AUTO] ⏱ [actas_sigemi] falló a los 104.0s -> TimeoutError: Timeout esperando la descarga (sin cartel de error reconocido) tras 100s.
[ACTUALIZAR PAGOS · AUTO] ⏱ [pagos_txt] falló a los 104.3s -> TimeoutError: Timeout 100000ms exceeded while waiting for event "download"
[ACTUALIZAR PAGOS · AUTO] =========================== logs ===========================
[ACTUALIZAR PAGOS · AUTO] waiting for event "download"
[ACTUALIZAR PAGOS · AUTO] ============================================================
[ACTUALIZAR PAGOS · AUTO] ⏱ TOTAL descargas en paralelo: 104.4s
[ACTUALIZAR PAGOS · AUTO] ❌ Error en el paso [DescargasParalelasPaso]: TimeoutError: Timeout 100000ms exceeded while waiting for event "download"
[ACTUALIZAR PAGOS · AUTO] =========================== logs ===========================
[ACTUALIZAR PAGOS · AUTO] waiting for event "download"
[ACTUALIZAR PAGOS · AUTO] ============================================================
[ACTUALIZAR PAGOS · AUTO] ❌ === ERROR: TimeoutError: Timeout 100000ms exceeded while waiting for event "download"
[ACTUALIZAR PAGOS · AUTO] =========================== logs ===========================
[ACTUALIZAR PAGOS · AUTO] waiting for event "download"
[ACTUALIZAR PAGOS · AUTO] ============================================================ ===
[ACTUALIZAR PAGOS · AUTO] Traceback (most recent call last):
[ACTUALIZAR PAGOS · AUTO]   File "/Users/nicolascesolari/Downloads/proyectoJuzgado(perfect) /backend/orquestador/trabajador.py", line 87, in ejecutar_worker
[ACTUALIZAR PAGOS · AUTO]     contexto_resultado = asyncio.run(
[ACTUALIZAR PAGOS · AUTO]         _correr_tipo(tipo, origen, fecha_desde_multas_manual, archivo_creado)
[ACTUALIZAR PAGOS · AUTO]     )
[ACTUALIZAR PAGOS · AUTO]   File "/Library/Frameworks/Python.framework/Versions/3.14/lib/python3.14/asyncio/runners.py", line 205, in run
[ACTUALIZAR PAGOS · AUTO]     return runner.run(main)
[ACTUALIZAR PAGOS · AUTO]            ~~~~~~~~~~^^^^^^
[ACTUALIZAR PAGOS · AUTO]   File "/Library/Frameworks/Python.framework/Versions/3.14/lib/python3.14/asyncio/runners.py", line 128, in run
[ACTUALIZAR PAGOS · AUTO]     return self._loop.run_until_complete(task)
[ACTUALIZAR PAGOS · AUTO]            ~~~~~~~~~~~~~~~~~~~~~~~~~~~~~^^^^^^
[ACTUALIZAR PAGOS · AUTO]   File "/Library/Frameworks/Python.framework/Versions/3.14/lib/python3.14/asyncio/base_events.py", line 719, in run_until_complete
[ACTUALIZAR PAGOS · AUTO]     return future.result()
[ACTUALIZAR PAGOS · AUTO]            ~~~~~~~~~~~~~^^
[ACTUALIZAR PAGOS · AUTO]   File "/Users/nicolascesolari/Downloads/proyectoJuzgado(perfect) /backend/orquestador/trabajador.py", line 146, in _correr_tipo
[ACTUALIZAR PAGOS · AUTO]     return await PagosWorkflow(navegador).ejecutar(archivo_fn=archivo_creado,cerrar_navegador_al_final=False,)
[ACTUALIZAR PAGOS · AUTO]            ^^^^^^^^^^^^^^^^^^^^^^^^^^^^^^^^^^^^^^^^^^^^^^^^^^^^^^^^^^^^^^^^^^^^^^^^^^^^^^^^^^^^^^^^^^^^^^^^^^^
[ACTUALIZAR PAGOS · AUTO]   File "/Users/nicolascesolari/Downloads/proyectoJuzgado(perfect) /backend/workflows/workflow_base.py", line 35, in ejecutar
[ACTUALIZAR PAGOS · AUTO]     await paso.ejecutar(contexto)
[ACTUALIZAR PAGOS · AUTO]   File "/Users/nicolascesolari/Downloads/proyectoJuzgado(perfect) /backend/pasos/descargas_paralelas_paso.py", line 75, in ejecutar
[ACTUALIZAR PAGOS · AUTO]     ruta_txt, ruta_sigemi, ruta_juzgado = self._procesar_resultados(resultados)
[ACTUALIZAR PAGOS · AUTO]                                           ~~~~~~~~~~~~~~~~~~~~~~~~~^^^^^^^^^^^^
[ACTUALIZAR PAGOS · AUTO]   File "/Users/nicolascesolari/Downloads/proyectoJuzgado(perfect) /backend/pasos/descargas_paralelas_paso.py", line 153, in _procesar_resultados
[ACTUALIZAR PAGOS · AUTO]     raise error_txt
[ACTUALIZAR PAGOS · AUTO]   File "/Users/nicolascesolari/Downloads/proyectoJuzgado(perfect) /backend/pasos/descargas_paralelas_paso.py", line 128, in _con_tiempo
[ACTUALIZAR PAGOS · AUTO]     resultado = await corutina
[ACTUALIZAR PAGOS · AUTO]                 ^^^^^^^^^^^^^^
[ACTUALIZAR PAGOS · AUTO]   File "/Users/nicolascesolari/Downloads/proyectoJuzgado(perfect) /backend/pasos/descargas_paralelas_paso.py", line 101, in _descargar_pagos
[ACTUALIZAR PAGOS · AUTO]     return await service.descargar_txt_pagos(pagina)
[ACTUALIZAR PAGOS · AUTO]            ^^^^^^^^^^^^^^^^^^^^^^^^^^^^^^^^^^^^^^^^^
[ACTUALIZAR PAGOS · AUTO]   File "/Users/nicolascesolari/Downloads/proyectoJuzgado(perfect) /backend/services/pagos_service.py", line 22, in descargar_txt_pagos
[ACTUALIZAR PAGOS · AUTO]     descarga = await page.descargar_txt_pagos()
[ACTUALIZAR PAGOS · AUTO]                ^^^^^^^^^^^^^^^^^^^^^^^^^^^^^^^^
[ACTUALIZAR PAGOS · AUTO]   File "/Users/nicolascesolari/Downloads/proyectoJuzgado(perfect) /backend/pages/descargar_pagos_page.py", line 20, in descargar_txt_pagos
[ACTUALIZAR PAGOS · AUTO]     async with self.page.expect_download(timeout=100000) as descarga_info:
[ACTUALIZAR PAGOS · AUTO]                ~~~~~~~~~~~~~~~~~~~~~~~~~^^^^^^^^^^^^^^^^
[ACTUALIZAR PAGOS · AUTO]   File "/Library/Frameworks/Python.framework/Versions/3.14/lib/python3.14/site-packages/playwright/_impl/_async_base.py", line 60, in __aexit__
[ACTUALIZAR PAGOS · AUTO]     await self._event.value
[ACTUALIZAR PAGOS · AUTO]   File "/Library/Frameworks/Python.framework/Versions/3.14/lib/python3.14/site-packages/playwright/_impl/_async_base.py", line 35, in value
[ACTUALIZAR PAGOS · AUTO]     return mapping.from_maybe_impl(await self._future)
[ACTUALIZAR PAGOS · AUTO]                                    ^^^^^^^^^^^^^^^^^^
[ACTUALIZAR PAGOS · AUTO] playwright._impl._errors.TimeoutError: Timeout 100000ms exceeded while waiting for event "download"
[ACTUALIZAR PAGOS · AUTO] =========================== logs ===========================
[ACTUALIZAR PAGOS · AUTO] waiting for event "download"
[ACTUALIZAR PAGOS · AUTO] ============================================================
ℹ El log detallado de esta corrida no se conservó en disco (no se llegó a subir ningún archivo).
❌ [Automático] 'pagos' falló (intento 2 de 4). Se reintenta a las 18:36.
🤖 [Automático] Es hora de actualizar pagos (reintento 2 de 3). Arrancando...
[ACTUALIZAR PAGOS · AUTO] === Inicio de ejecución: pagos ===
[ACTUALIZAR PAGOS · AUTO] ▶ [LoginSemytPaso] Iniciando...
[ACTUALIZAR PAGOS · AUTO] ==================================================
[ACTUALIZAR PAGOS · AUTO] 🚀 PASO: LoginSemytPaso
[ACTUALIZAR PAGOS · AUTO] ==================================================
[ACTUALIZAR PAGOS · AUTO] Abriendo SEMyT...
[ACTUALIZAR PAGOS · AUTO] ✅ [SEMyT] Sesión existente detectada. Login omitido.
[ACTUALIZAR PAGOS · AUTO] ✅ LoginSemytPaso finalizado. (⏱ 4.1s)
[ACTUALIZAR PAGOS · AUTO] ✓ [LoginSemytPaso] Completado.
[ACTUALIZAR PAGOS · AUTO] ▶ [LoginJuzgadoPaso] Iniciando...
[ACTUALIZAR PAGOS · AUTO] ==================================================
[ACTUALIZAR PAGOS · AUTO] 🚀 PASO: LoginJuzgadoPaso
[ACTUALIZAR PAGOS · AUTO] ==================================================
[ACTUALIZAR PAGOS · AUTO] Abriendo sitio municipalidad (CiDi)...
[ACTUALIZAR PAGOS · AUTO] ✅ [Juzgado] Sesión existente detectada. Login omitido.
[ACTUALIZAR PAGOS · AUTO] ✅ LoginJuzgadoPaso finalizado. (⏱ 1.2s)
[ACTUALIZAR PAGOS · AUTO] ✓ [LoginJuzgadoPaso] Completado.
[ACTUALIZAR PAGOS · AUTO] ▶ [DescargasParalelasPaso] Iniciando...
[ACTUALIZAR PAGOS · AUTO] ==================================================
[ACTUALIZAR PAGOS · AUTO] 🚀 PASO: DescargasParalelasPaso
[ACTUALIZAR PAGOS · AUTO] ==================================================
[ACTUALIZAR PAGOS · AUTO] 📤 Arrancando las 3 descargas en paralelo (mismo browser, páginas separadas)...
[ACTUALIZAR PAGOS · AUTO] Fecha Desde: 27/06/2024
[ACTUALIZAR PAGOS · AUTO] Fecha Hasta: 24/11/2025
[ACTUALIZAR PAGOS · AUTO] Fecha Desde: 25/11/2025
[ACTUALIZAR PAGOS · AUTO] Fecha Hasta: 22/07/2026
[ACTUALIZAR PAGOS · AUTO] Descargando Excel...
[ACTUALIZAR PAGOS · AUTO] Descargando Excel...
⏳ [Automático] Tocaba disparar 'pagos' pero ya hay una ejecución en curso (Actualizar pagos); esperando a que termine; se reintenta en breve sin perder el turno.
[ACTUALIZAR PAGOS · AUTO] Archivo descargado en: backend/descargas/cache_actas_cruce/MULTAS_JUZGADO_CRUCE.xlsx
[ACTUALIZAR PAGOS · AUTO] ⏱ [actas_juzgado] completado en 19.4s
[ACTUALIZAR PAGOS · AUTO] Archivo descargado en: backend/descargas/cache_actas_cruce/MULTAS_SIGEMI_CRUCE.xlsx
[ACTUALIZAR PAGOS · AUTO] ⏱ [actas_sigemi] completado en 41.5s
[ACTUALIZAR PAGOS · AUTO] ✅ TXT de pagos descargado en: backend/descargas/pagos/2026-07-22/PAGOS DESCARGADOS.txt
[ACTUALIZAR PAGOS · AUTO] ⏱ [pagos_txt] completado en 41.6s
[ACTUALIZAR PAGOS · AUTO] ⏱ TOTAL descargas en paralelo: 41.6s
[ACTUALIZAR PAGOS · AUTO] ✅ DescargasParalelasPaso finalizado. (⏱ 43.0s)
[ACTUALIZAR PAGOS · AUTO] ✓ [DescargasParalelasPaso] Completado.
[ACTUALIZAR PAGOS · AUTO] ▶ [CompararActasPaso] Iniciando...
[ACTUALIZAR PAGOS · AUTO] ==================================================
[ACTUALIZAR PAGOS · AUTO] 🚀 PASO: CompararActasPaso
[ACTUALIZAR PAGOS · AUTO] ==================================================
[ACTUALIZAR PAGOS · AUTO] 🔍 Comparando actas del SEMyT contra pagos del Juzgado...
[ACTUALIZAR PAGOS · AUTO] ================================================================================
[ACTUALIZAR PAGOS · AUTO] INICIANDO PROCESO DE GENERACIÓN DE PAGOS DESACTUALIZADOS
[ACTUALIZAR PAGOS · AUTO] ================================================================================
[ACTUALIZAR PAGOS · AUTO] 📂 Cargando archivos...
[ACTUALIZAR PAGOS · AUTO]   ✓ Pagos: 16301 registros
[ACTUALIZAR PAGOS · AUTO]   ✓ Excel SIGEMI (multas vencidas viejas): 103805 registros
[ACTUALIZAR PAGOS · AUTO]   ✓ Excel Juzgado (multas vencidas nuevas): 40058 registros
[ACTUALIZAR PAGOS · AUTO] ================================================================================
[ACTUALIZAR PAGOS · AUTO] PASO 1: LLENANDO ACTA_NUMERO (búsqueda por patente + fecha, con desempate por hora)
[ACTUALIZAR PAGOS · AUTO] ================================================================================
[ACTUALIZAR PAGOS · AUTO] 📊 ESTADÍSTICAS DE LLENADO DE ACTAS:
[ACTUALIZAR PAGOS · AUTO]   • Pagos con acta ORIGINAL: 2505
[ACTUALIZAR PAGOS · AUTO]   • Pagos SIN acta (buscados): 13796
[ACTUALIZAR PAGOS · AUTO]   • Pagos LLENADOS exitosamente: 27
[ACTUALIZAR PAGOS · AUTO]   • Pagos NO encontrados en multas: 13769
[ACTUALIZAR PAGOS · AUTO]   • Pagos SIN RESOLVER por desbalance de cantidades: 0
[ACTUALIZAR PAGOS · AUTO] ================================================================================
[ACTUALIZAR PAGOS · AUTO] PASO 1: LLENANDO ACTA_NUMERO (búsqueda por patente + fecha, con desempate por hora)
[ACTUALIZAR PAGOS · AUTO] ================================================================================
[ACTUALIZAR PAGOS · AUTO] 📊 ESTADÍSTICAS DE LLENADO DE ACTAS:
[ACTUALIZAR PAGOS · AUTO]   • Pagos con acta ORIGINAL: 2532
[ACTUALIZAR PAGOS · AUTO]   • Pagos SIN acta (buscados): 13769
[ACTUALIZAR PAGOS · AUTO]   • Pagos LLENADOS exitosamente: 0
[ACTUALIZAR PAGOS · AUTO]   • Pagos NO encontrados en multas: 13769
[ACTUALIZAR PAGOS · AUTO]   • Pagos SIN RESOLVER por desbalance de cantidades: 0
[ACTUALIZAR PAGOS · AUTO] ⏱ PASO 1 (llenar actas): 17.6s
[ACTUALIZAR PAGOS · AUTO] ================================================================================
[ACTUALIZAR PAGOS · AUTO] PASO 2: FILTRANDO PAGOS CON ACTA_NUMERO COMPLETO
[ACTUALIZAR PAGOS · AUTO] ================================================================================
[ACTUALIZAR PAGOS · AUTO] 📊 ESTADÍSTICAS DE FILTRADO:
[ACTUALIZAR PAGOS · AUTO]   • Pagos TOTALES al inicio: 16301
[ACTUALIZAR PAGOS · AUTO]   • Pagos CON acta (MANTIENEN): 2532
[ACTUALIZAR PAGOS · AUTO]   • Pagos RECHAZADOS (sin coincidencias): 13769
[ACTUALIZAR PAGOS · AUTO] ⚠️  Se eliminaron 13769 registros sin número de acta
[ACTUALIZAR PAGOS · AUTO]      (recordá: esto incluye tanto pagos ya actualizados/pagados
[ACTUALIZAR PAGOS · AUTO]       como pagos que quedaron sin resolver por desbalance en el Paso 1)
[ACTUALIZAR PAGOS · AUTO] ================================================================================
[ACTUALIZAR PAGOS · AUTO] PASO 2-bis: CONFIRMANDO VIGENCIA DE PAGOS DEL SISTEMA NUEVO (contra MULTAS_JUZGADO_CRUCE)
[ACTUALIZAR PAGOS · AUTO] ================================================================================
[ACTUALIZAR PAGOS · AUTO]   ⚠ 2473 pago(s) del sistema nuevo descartados: su acta ya no figura como vencida en MULTAS_JUZGADO_CRUCE (SEMyT ya los actualizó).
[ACTUALIZAR PAGOS · AUTO]   • Pagos del sistema nuevo descartados por ya estar actualizados: 2473
[ACTUALIZAR PAGOS · AUTO] ⏱ PASO 2 (filtrar): 1.2s
[ACTUALIZAR PAGOS · AUTO] 📂 Cargando maestro de causas SIGEMI...
[ACTUALIZAR PAGOS · AUTO]   ✓ Causas totales (maestro): 134069 registros
[ACTUALIZAR PAGOS · AUTO] ⏱ PASO 2.5 (causas simplificado): 0.2s
[ACTUALIZAR PAGOS · AUTO] ================================================================================
[ACTUALIZAR PAGOS · AUTO] PASO 2.5: ARMANDO causas.txt SIMPLIFICADO (cruce contra total_causas_sigemi.txt)
[ACTUALIZAR PAGOS · AUTO] ================================================================================
[ACTUALIZAR PAGOS · AUTO]   • Actas vencidas viejas (multas): 103805
[ACTUALIZAR PAGOS · AUTO]   • Causas totales en el maestro SIGEMI: 134069
[ACTUALIZAR PAGOS · AUTO]   • Causas que coinciden (simplificado): 103475
[ACTUALIZAR PAGOS · AUTO]   ✅ Archivo escrito: backend/descargas/causas/causas.txt
[ACTUALIZAR PAGOS · AUTO] ⏱ PASO 2.5 (causas simplificado): 2.9s
[ACTUALIZAR PAGOS · AUTO] ================================================================================
[ACTUALIZAR PAGOS · AUTO] PASO 3: LLENANDO CAUSA_NUMERO (según fecha de cambio de sistema, cruzando por acta + año)
[ACTUALIZAR PAGOS · AUTO] ================================================================================
[ACTUALIZAR PAGOS · AUTO] 📊 ESTADÍSTICAS DE LLENADO DE CAUSAS:
[ACTUALIZAR PAGOS · AUTO]   • Pagos con causa ORIGINAL: 32
[ACTUALIZAR PAGOS · AUTO]   • Causas encontradas en SIGEMI (actas viejas): 27
[ACTUALIZAR PAGOS · AUTO]   • Causas NO encontradas en SIGEMI: 0
[ACTUALIZAR PAGOS · AUTO]   • Causas asignadas automáticamente (actas nuevas): 0
[ACTUALIZAR PAGOS · AUTO] ⏱ PASO 3 (llenar causas): 0.0s
[ACTUALIZAR PAGOS · AUTO] ================================================================================
[ACTUALIZAR PAGOS · AUTO] PASO 4: ORDENANDO POR FECHA Y ACTA_NUMERO
[ACTUALIZAR PAGOS · AUTO] ================================================================================
[ACTUALIZAR PAGOS · AUTO] ✓ Pagos ordenados correctamente
[ACTUALIZAR PAGOS · AUTO]   • Primera entrada: Acta=2346, Fecha=01/07/2024
[ACTUALIZAR PAGOS · AUTO]   • Última entrada: Acta=310081, Fecha=08/05/2026
[ACTUALIZAR PAGOS · AUTO] 📝 Escribiendo archivo de salida...
[ACTUALIZAR PAGOS · AUTO]   ✅ Archivo escrito: backend/descargas/pagos/2026-07-22/PAGOS 20260722 183709.txt
[ACTUALIZAR PAGOS · AUTO]   ✅ Total registros: 6468
[ACTUALIZAR PAGOS · AUTO] ⏱ PASO 4 (ordenar y escribir): 0.0s
[ACTUALIZAR PAGOS · AUTO] ================================================================================
[ACTUALIZAR PAGOS · AUTO] ✅ PROCESO COMPLETADO EXITOSAMENTE
[ACTUALIZAR PAGOS · AUTO] ================================================================================
[ACTUALIZAR PAGOS · AUTO] 📊 RESUMEN FINAL DEL PROCESAMIENTO:
[ACTUALIZAR PAGOS · AUTO]   ENTRADA:
[ACTUALIZAR PAGOS · AUTO]     • Pagos originales: 16301
[ACTUALIZAR PAGOS · AUTO]     • Multas SIGEMI cargadas: 103805
[ACTUALIZAR PAGOS · AUTO]     • Multas Juzgado cargadas: 40058
[ACTUALIZAR PAGOS · AUTO]     • Causas simplificadas (usadas para el cruce): 103475
[ACTUALIZAR PAGOS · AUTO]   PROCESO:
[ACTUALIZAR PAGOS · AUTO]     • Pagos rechazados sigemi: 13769
[ACTUALIZAR PAGOS · AUTO]     • Pagos rechazados juzgado: 2473
[ACTUALIZAR PAGOS · AUTO]   SALIDA:
[ACTUALIZAR PAGOS · AUTO]     • Pagos desactualizados procesados: 59
[ACTUALIZAR PAGOS · AUTO]     • Archivo final: backend/descargas/pagos/2026-07-22/PAGOS 20260722 183709.txt
[ACTUALIZAR PAGOS · AUTO]     • Ordenados por fecha: SÍ ✓
[ACTUALIZAR PAGOS · AUTO]     • Todos con ACTA_NUMERO: SÍ ✓
[ACTUALIZAR PAGOS · AUTO]     • Todos con CAUSA_NUMERO: SÍ ✓
[ACTUALIZAR PAGOS · AUTO] ✅ TXT de pagos (ya cruzado con actas y causas) generado en: backend/descargas/pagos/2026-07-22/PAGOS 20260722 183709.txt
[ACTUALIZAR PAGOS · AUTO] 🧹 TXT de pagos crudo eliminado (ya usado en el cruce): backend/descargas/pagos/2026-07-22/PAGOS DESCARGADOS.txt
[ACTUALIZAR PAGOS · AUTO] 🧹 Excel MULTAS_SIGEMI_CRUCE eliminado (ya usado en el cruce): backend/descargas/cache_actas_cruce/MULTAS_SIGEMI_CRUCE.xlsx
[ACTUALIZAR PAGOS · AUTO] 🧹 Excel MULTAS_JUZGADO_CRUCE eliminado (ya usado en el cruce): backend/descargas/cache_actas_cruce/MULTAS_JUZGADO_CRUCE.xlsx
[ACTUALIZAR PAGOS · AUTO] ✅ CompararActasPaso finalizado. (⏱ 47.7s)
[ACTUALIZAR PAGOS · AUTO] ✓ [CompararActasPaso] Completado.
[ACTUALIZAR PAGOS · AUTO] ▶ [CargarPagosPaso] Iniciando...
[ACTUALIZAR PAGOS · AUTO] ==================================================
[ACTUALIZAR PAGOS · AUTO] 🚀 PASO: CargarPagosPaso
[ACTUALIZAR PAGOS · AUTO] ==================================================
[ACTUALIZAR PAGOS · AUTO] 📤 Subiendo TXT de pagos al SEMyT...
[ACTUALIZAR PAGOS · AUTO] ✅ Importación de pagos completada con éxito.
[ACTUALIZAR PAGOS · AUTO] ✅ Archivo TXT de pagos cargado en el SEMyT correctamente.
[ACTUALIZAR PAGOS · AUTO] ✅ CargarPagosPaso finalizado. (⏱ 2.6s)
[ACTUALIZAR PAGOS · AUTO] ✓ [CargarPagosPaso] Completado.
[ACTUALIZAR PAGOS · AUTO] === Ejecución finalizada con éxito ===
✅ [Automático] 'pagos' terminó bien en el reintento 2.
🤖 [Automático] Es hora de actualizar pagos. Arrancando...
[ACTUALIZAR PAGOS · AUTO] === Inicio de ejecución: pagos ===
[ACTUALIZAR PAGOS · AUTO] ▶ [LoginSemytPaso] Iniciando...
[ACTUALIZAR PAGOS · AUTO] ==================================================
[ACTUALIZAR PAGOS · AUTO] 🚀 PASO: LoginSemytPaso
[ACTUALIZAR PAGOS · AUTO] ==================================================
[ACTUALIZAR PAGOS · AUTO] Abriendo SEMyT...
[ACTUALIZAR PAGOS · AUTO] ✅ [SEMyT] Sesión existente detectada. Login omitido.
[ACTUALIZAR PAGOS · AUTO] ✅ LoginSemytPaso finalizado. (⏱ 3.9s)
[ACTUALIZAR PAGOS · AUTO] ✓ [LoginSemytPaso] Completado.
[ACTUALIZAR PAGOS · AUTO] ▶ [LoginJuzgadoPaso] Iniciando...
[ACTUALIZAR PAGOS · AUTO] ==================================================
[ACTUALIZAR PAGOS · AUTO] 🚀 PASO: LoginJuzgadoPaso
[ACTUALIZAR PAGOS · AUTO] ==================================================
[ACTUALIZAR PAGOS · AUTO] Abriendo sitio municipalidad (CiDi)...
[ACTUALIZAR PAGOS · AUTO] ✅ [Juzgado] Sesión existente detectada. Login omitido.
[ACTUALIZAR PAGOS · AUTO] ✅ LoginJuzgadoPaso finalizado. (⏱ 1.0s)
[ACTUALIZAR PAGOS · AUTO] ✓ [LoginJuzgadoPaso] Completado.
[ACTUALIZAR PAGOS · AUTO] ▶ [DescargasParalelasPaso] Iniciando...
[ACTUALIZAR PAGOS · AUTO] ==================================================
[ACTUALIZAR PAGOS · AUTO] 🚀 PASO: DescargasParalelasPaso
[ACTUALIZAR PAGOS · AUTO] ==================================================
[ACTUALIZAR PAGOS · AUTO] 📤 Arrancando las 3 descargas en paralelo (mismo browser, páginas separadas)...
[ACTUALIZAR PAGOS · AUTO] Fecha Desde: 27/06/2024
[ACTUALIZAR PAGOS · AUTO] Fecha Hasta: 24/11/2025
[ACTUALIZAR PAGOS · AUTO] Fecha Desde: 25/11/2025
[ACTUALIZAR PAGOS · AUTO] Fecha Hasta: 22/07/2026
[ACTUALIZAR PAGOS · AUTO] Descargando Excel...
[ACTUALIZAR PAGOS · AUTO] Descargando Excel...
⏳ [Automático] Tocaba disparar 'pagos' pero ya hay una ejecución en curso (Actualizar pagos); esperando a que termine; se reintenta en breve sin perder el turno.
[ACTUALIZAR PAGOS · AUTO] Archivo descargado en: backend/descargas/cache_actas_cruce/MULTAS_JUZGADO_CRUCE.xlsx
[ACTUALIZAR PAGOS · AUTO] ⏱ [actas_juzgado] completado en 18.0s
[ACTUALIZAR PAGOS · AUTO] Archivo descargado en: backend/descargas/cache_actas_cruce/MULTAS_SIGEMI_CRUCE.xlsx
[ACTUALIZAR PAGOS · AUTO] ⏱ [actas_sigemi] completado en 37.4s
[ACTUALIZAR PAGOS · AUTO] ✅ TXT de pagos descargado en: backend/descargas/pagos/2026-07-22/PAGOS DESCARGADOS.txt
[ACTUALIZAR PAGOS · AUTO] ⏱ [pagos_txt] completado en 37.5s
[ACTUALIZAR PAGOS · AUTO] ⏱ TOTAL descargas en paralelo: 37.5s
[ACTUALIZAR PAGOS · AUTO] ✅ DescargasParalelasPaso finalizado. (⏱ 39.1s)
[ACTUALIZAR PAGOS · AUTO] ✓ [DescargasParalelasPaso] Completado.
[ACTUALIZAR PAGOS · AUTO] ▶ [CompararActasPaso] Iniciando...
[ACTUALIZAR PAGOS · AUTO] ==================================================
[ACTUALIZAR PAGOS · AUTO] 🚀 PASO: CompararActasPaso
[ACTUALIZAR PAGOS · AUTO] ==================================================
[ACTUALIZAR PAGOS · AUTO] 🔍 Comparando actas del SEMyT contra pagos del Juzgado...
[ACTUALIZAR PAGOS · AUTO] ================================================================================
[ACTUALIZAR PAGOS · AUTO] INICIANDO PROCESO DE GENERACIÓN DE PAGOS DESACTUALIZADOS
[ACTUALIZAR PAGOS · AUTO] ================================================================================
[ACTUALIZAR PAGOS · AUTO] 📂 Cargando archivos...
[ACTUALIZAR PAGOS · AUTO]   ✓ Pagos: 16303 registros
[ACTUALIZAR PAGOS · AUTO]   ✓ Excel SIGEMI (multas vencidas viejas): 103778 registros
[ACTUALIZAR PAGOS · AUTO]   ✓ Excel Juzgado (multas vencidas nuevas): 40026 registros
[ACTUALIZAR PAGOS · AUTO] ================================================================================
[ACTUALIZAR PAGOS · AUTO] PASO 1: LLENANDO ACTA_NUMERO (búsqueda por patente + fecha, con desempate por hora)
[ACTUALIZAR PAGOS · AUTO] ================================================================================
[ACTUALIZAR PAGOS · AUTO] 📊 ESTADÍSTICAS DE LLENADO DE ACTAS:
[ACTUALIZAR PAGOS · AUTO]   • Pagos con acta ORIGINAL: 2506
[ACTUALIZAR PAGOS · AUTO]   • Pagos SIN acta (buscados): 13797
[ACTUALIZAR PAGOS · AUTO]   • Pagos LLENADOS exitosamente: 1
[ACTUALIZAR PAGOS · AUTO]   • Pagos NO encontrados en multas: 13796
[ACTUALIZAR PAGOS · AUTO]   • Pagos SIN RESOLVER por desbalance de cantidades: 0
[ACTUALIZAR PAGOS · AUTO] ================================================================================
[ACTUALIZAR PAGOS · AUTO] PASO 1: LLENANDO ACTA_NUMERO (búsqueda por patente + fecha, con desempate por hora)
[ACTUALIZAR PAGOS · AUTO] ================================================================================
[ACTUALIZAR PAGOS · AUTO] 📊 ESTADÍSTICAS DE LLENADO DE ACTAS:
[ACTUALIZAR PAGOS · AUTO]   • Pagos con acta ORIGINAL: 2507
[ACTUALIZAR PAGOS · AUTO]   • Pagos SIN acta (buscados): 13796
[ACTUALIZAR PAGOS · AUTO]   • Pagos LLENADOS exitosamente: 0
[ACTUALIZAR PAGOS · AUTO]   • Pagos NO encontrados en multas: 13796
[ACTUALIZAR PAGOS · AUTO]   • Pagos SIN RESOLVER por desbalance de cantidades: 0
[ACTUALIZAR PAGOS · AUTO] ⏱ PASO 1 (llenar actas): 15.0s
[ACTUALIZAR PAGOS · AUTO] ================================================================================
[ACTUALIZAR PAGOS · AUTO] PASO 2: FILTRANDO PAGOS CON ACTA_NUMERO COMPLETO
[ACTUALIZAR PAGOS · AUTO] ================================================================================
[ACTUALIZAR PAGOS · AUTO] 📊 ESTADÍSTICAS DE FILTRADO:
[ACTUALIZAR PAGOS · AUTO]   • Pagos TOTALES al inicio: 16303
[ACTUALIZAR PAGOS · AUTO]   • Pagos CON acta (MANTIENEN): 2507
[ACTUALIZAR PAGOS · AUTO]   • Pagos RECHAZADOS (sin coincidencias): 13796
[ACTUALIZAR PAGOS · AUTO] ⚠️  Se eliminaron 13796 registros sin número de acta
[ACTUALIZAR PAGOS · AUTO]      (recordá: esto incluye tanto pagos ya actualizados/pagados
[ACTUALIZAR PAGOS · AUTO]       como pagos que quedaron sin resolver por desbalance en el Paso 1)
[ACTUALIZAR PAGOS · AUTO] ================================================================================
[ACTUALIZAR PAGOS · AUTO] PASO 2-bis: CONFIRMANDO VIGENCIA DE PAGOS DEL SISTEMA NUEVO (contra MULTAS_JUZGADO_CRUCE)
[ACTUALIZAR PAGOS · AUTO] ================================================================================
[ACTUALIZAR PAGOS · AUTO]   ⚠ 2505 pago(s) del sistema nuevo descartados: su acta ya no figura como vencida en MULTAS_JUZGADO_CRUCE (SEMyT ya los actualizó).
[ACTUALIZAR PAGOS · AUTO]   • Pagos del sistema nuevo descartados por ya estar actualizados: 2505
[ACTUALIZAR PAGOS · AUTO] ⏱ PASO 2 (filtrar): 1.0s
[ACTUALIZAR PAGOS · AUTO] 📂 Cargando maestro de causas SIGEMI...
[ACTUALIZAR PAGOS · AUTO]   ✓ Causas totales (maestro): 134069 registros
[ACTUALIZAR PAGOS · AUTO] ⏱ PASO 2.5 (causas simplificado): 0.1s
[ACTUALIZAR PAGOS · AUTO] ================================================================================
[ACTUALIZAR PAGOS · AUTO] PASO 2.5: ARMANDO causas.txt SIMPLIFICADO (cruce contra total_causas_sigemi.txt)
[ACTUALIZAR PAGOS · AUTO] ================================================================================
[ACTUALIZAR PAGOS · AUTO]   • Actas vencidas viejas (multas): 103778
[ACTUALIZAR PAGOS · AUTO]   • Causas totales en el maestro SIGEMI: 134069
[ACTUALIZAR PAGOS · AUTO]   • Causas que coinciden (simplificado): 103448
[ACTUALIZAR PAGOS · AUTO]   ✅ Archivo escrito: backend/descargas/causas/causas.txt
[ACTUALIZAR PAGOS · AUTO] ⏱ PASO 2.5 (causas simplificado): 2.4s
[ACTUALIZAR PAGOS · AUTO] ================================================================================
[ACTUALIZAR PAGOS · AUTO] PASO 3: LLENANDO CAUSA_NUMERO (según fecha de cambio de sistema, cruzando por acta + año)
[ACTUALIZAR PAGOS · AUTO] ================================================================================
[ACTUALIZAR PAGOS · AUTO] 📊 ESTADÍSTICAS DE LLENADO DE CAUSAS:
[ACTUALIZAR PAGOS · AUTO]   • Pagos con causa ORIGINAL: 1
[ACTUALIZAR PAGOS · AUTO]   • Causas encontradas en SIGEMI (actas viejas): 1
[ACTUALIZAR PAGOS · AUTO]   • Causas NO encontradas en SIGEMI: 0
[ACTUALIZAR PAGOS · AUTO]   • Causas asignadas automáticamente (actas nuevas): 0
[ACTUALIZAR PAGOS · AUTO] ⏱ PASO 3 (llenar causas): 0.0s
[ACTUALIZAR PAGOS · AUTO] ================================================================================
[ACTUALIZAR PAGOS · AUTO] PASO 4: ORDENANDO POR FECHA Y ACTA_NUMERO
[ACTUALIZAR PAGOS · AUTO] ================================================================================
[ACTUALIZAR PAGOS · AUTO] ✓ Pagos ordenados correctamente
[ACTUALIZAR PAGOS · AUTO]   • Primera entrada: Acta=234239, Fecha=14/11/2025
[ACTUALIZAR PAGOS · AUTO]   • Última entrada: Acta=259687, Fecha=27/01/2026
[ACTUALIZAR PAGOS · AUTO] 📝 Escribiendo archivo de salida...
[ACTUALIZAR PAGOS · AUTO]   ✅ Archivo escrito: backend/descargas/pagos/2026-07-22/PAGOS 20260722 184853.txt
[ACTUALIZAR PAGOS · AUTO]   ✅ Total registros: 358
[ACTUALIZAR PAGOS · AUTO] ⏱ PASO 4 (ordenar y escribir): 0.0s
[ACTUALIZAR PAGOS · AUTO] ================================================================================
[ACTUALIZAR PAGOS · AUTO] ✅ PROCESO COMPLETADO EXITOSAMENTE
[ACTUALIZAR PAGOS · AUTO] ================================================================================
[ACTUALIZAR PAGOS · AUTO] 📊 RESUMEN FINAL DEL PROCESAMIENTO:
[ACTUALIZAR PAGOS · AUTO]   ENTRADA:
[ACTUALIZAR PAGOS · AUTO]     • Pagos originales: 16303
[ACTUALIZAR PAGOS · AUTO]     • Multas SIGEMI cargadas: 103778
[ACTUALIZAR PAGOS · AUTO]     • Multas Juzgado cargadas: 40026
[ACTUALIZAR PAGOS · AUTO]     • Causas simplificadas (usadas para el cruce): 103448
[ACTUALIZAR PAGOS · AUTO]   PROCESO:
[ACTUALIZAR PAGOS · AUTO]     • Pagos rechazados sigemi: 13796
[ACTUALIZAR PAGOS · AUTO]     • Pagos rechazados juzgado: 2505
[ACTUALIZAR PAGOS · AUTO]   SALIDA:
[ACTUALIZAR PAGOS · AUTO]     • Pagos desactualizados procesados: 2
[ACTUALIZAR PAGOS · AUTO]     • Archivo final: backend/descargas/pagos/2026-07-22/PAGOS 20260722 184853.txt
[ACTUALIZAR PAGOS · AUTO]     • Ordenados por fecha: SÍ ✓
[ACTUALIZAR PAGOS · AUTO]     • Todos con ACTA_NUMERO: SÍ ✓
[ACTUALIZAR PAGOS · AUTO]     • Todos con CAUSA_NUMERO: SÍ ✓
[ACTUALIZAR PAGOS · AUTO] ✅ TXT de pagos (ya cruzado con actas y causas) generado en: backend/descargas/pagos/2026-07-22/PAGOS 20260722 184853.txt
[ACTUALIZAR PAGOS · AUTO] 🧹 TXT de pagos crudo eliminado (ya usado en el cruce): backend/descargas/pagos/2026-07-22/PAGOS DESCARGADOS.txt
[ACTUALIZAR PAGOS · AUTO] 🧹 Excel MULTAS_SIGEMI_CRUCE eliminado (ya usado en el cruce): backend/descargas/cache_actas_cruce/MULTAS_SIGEMI_CRUCE.xlsx
[ACTUALIZAR PAGOS · AUTO] 🧹 Excel MULTAS_JUZGADO_CRUCE eliminado (ya usado en el cruce): backend/descargas/cache_actas_cruce/MULTAS_JUZGADO_CRUCE.xlsx
[ACTUALIZAR PAGOS · AUTO] ✅ CompararActasPaso finalizado. (⏱ 43.7s)
[ACTUALIZAR PAGOS · AUTO] ✓ [CompararActasPaso] Completado.
[ACTUALIZAR PAGOS · AUTO] ▶ [CargarPagosPaso] Iniciando...
[ACTUALIZAR PAGOS · AUTO] ==================================================
[ACTUALIZAR PAGOS · AUTO] 🚀 PASO: CargarPagosPaso
[ACTUALIZAR PAGOS · AUTO] ==================================================
[ACTUALIZAR PAGOS · AUTO] 📤 Subiendo TXT de pagos al SEMyT...
[ACTUALIZAR PAGOS · AUTO] ✅ Importación de pagos completada con éxito.
[ACTUALIZAR PAGOS · AUTO] ✅ Archivo TXT de pagos cargado en el SEMyT correctamente.
[ACTUALIZAR PAGOS · AUTO] ✅ CargarPagosPaso finalizado. (⏱ 2.9s)
[ACTUALIZAR PAGOS · AUTO] ✓ [CargarPagosPaso] Completado.
[ACTUALIZAR PAGOS · AUTO] === Ejecución finalizada con éxito ===

👋 Deteniendo servicio: cancelando procesos activos antes de salir...
🤖 Modo automático desactivado. (Si había una ejecución en curso disparada por el automático, no se cancela sola: cancelala desde su propia opción si querés detenerla.)
✅ Servicio detenido de forma prolija.
