🔐 [Automático] Limpieza diaria de sesiones (00:00): se fuerza login nuevo en la próxima corrida.
🧹 Sesión guardada eliminada (limpieza diaria 00:00): datos/sesiones/sesion_general.json
🧹 Sesión guardada eliminada (limpieza diaria 00:00): datos/sesiones/sesion_semyt.json
🧹 Sesión guardada eliminada (limpieza diaria 00:00): datos/sesiones/sesion_sigi.json
🤖 [Automático] Es hora de actualizar pagos. Arrancando...
[ACTUALIZAR PAGOS · AUTO] === Inicio de ejecución: pagos ===
[ACTUALIZAR PAGOS · AUTO] ==================================================
[ACTUALIZAR PAGOS · AUTO] 🚀 PASO: LoginSEMyTPaso
[ACTUALIZAR PAGOS · AUTO] ==================================================
[ACTUALIZAR PAGOS · AUTO] Abriendo SEMyT...
[ACTUALIZAR PAGOS · AUTO] ❌ [SEMyT] No hay sesión activa. Iniciando login...
[ACTUALIZAR PAGOS · AUTO] ✅ [SEMyT] Login completado.
[ACTUALIZAR PAGOS · AUTO] ✅ LoginSEMyTPaso finalizado. (⏱ 2.8s)
[ACTUALIZAR PAGOS · AUTO] ==================================================
[ACTUALIZAR PAGOS · AUTO] 🚀 PASO: LoginSIGIPaso
[ACTUALIZAR PAGOS · AUTO] ==================================================
[ACTUALIZAR PAGOS · AUTO] Abriendo sitio municipalidad (CiDi)...
[ACTUALIZAR PAGOS · AUTO] ❌ [SIGI] No hay sesión activa. Iniciando login CiDi...
[ACTUALIZAR PAGOS · AUTO] ✅ [SIGI] Login completado.
[ACTUALIZAR PAGOS · AUTO] ✅ LoginSIGIPaso finalizado. (⏱ 9.2s)
[ACTUALIZAR PAGOS · AUTO] ==================================================
[ACTUALIZAR PAGOS · AUTO] 🚀 PASO: DescargasParalelasPaso
[ACTUALIZAR PAGOS · AUTO] ==================================================
[ACTUALIZAR PAGOS · AUTO] 📤 Arrancando las 3 descargas en paralelo (mismo browser, páginas separadas)...
[ACTUALIZAR PAGOS · AUTO] Fecha Desde: 27/06/2024
[ACTUALIZAR PAGOS · AUTO] Fecha Hasta: 24/11/2025
[ACTUALIZAR PAGOS · AUTO] Fecha Desde: 25/11/2025
[ACTUALIZAR PAGOS · AUTO] Fecha Hasta: 15/08/2026
[ACTUALIZAR PAGOS · AUTO] Descargando Excel...
[ACTUALIZAR PAGOS · AUTO] Descargando Excel...
⏳ [Automático] Tocaba disparar 'pagos' pero ya hay una ejecución en curso (Actualizar pagos); esperando a que termine; se reintenta en breve sin perder el turno.
[ACTUALIZAR PAGOS · AUTO] Archivo descargado en: datos/descargas/cache_actas_cruce/MULTAS_SIGI_CRUCE.xlsx
[ACTUALIZAR PAGOS · AUTO] ⏱ [actas_sigi] completado en 16.6s
[ACTUALIZAR PAGOS · AUTO] Archivo descargado en: datos/descargas/cache_actas_cruce/MULTAS_SIGEMI_CRUCE.xlsx
[ACTUALIZAR PAGOS · AUTO] ⏱ [actas_sigemi] completado en 23.8s
[ACTUALIZAR PAGOS · AUTO] ✅ TXT de pagos descargado en: datos/descargas/pagos/2026-08-15/ALL PAGOS DESCARGADOS.txt
[ACTUALIZAR PAGOS · AUTO] ⏱ [pagos_txt] completado en 40.0s
[ACTUALIZAR PAGOS · AUTO] ⏱ TOTAL descargas en paralelo: 40.0s
[ACTUALIZAR PAGOS · AUTO] ✅ DescargasParalelasPaso finalizado. (⏱ 40.5s)
[ACTUALIZAR PAGOS · AUTO] ==================================================
[ACTUALIZAR PAGOS · AUTO] 🚀 PASO: CompararActasPaso
[ACTUALIZAR PAGOS · AUTO] ==================================================
[ACTUALIZAR PAGOS · AUTO] 🔍 Comparando actas del SEMyT contra pagos del SIGI...
[ACTUALIZAR PAGOS · AUTO] ================================================================================
[ACTUALIZAR PAGOS · AUTO] INICIANDO PROCESO DE GENERACIÓN DE PAGOS DESACTUALIZADOS
[ACTUALIZAR PAGOS · AUTO] ================================================================================
[ACTUALIZAR PAGOS · AUTO] 📂 Cargando archivos...
[ACTUALIZAR PAGOS · AUTO]   ✓ Pagos: 21366 registros
[ACTUALIZAR PAGOS · AUTO]   ✓ Excel SIGEMI (multas vencidas viejas): 100998 registros
[ACTUALIZAR PAGOS · AUTO]   ✓ Excel SIGI (multas vencidas nuevas): 42766 registros
[ACTUALIZAR PAGOS · AUTO] ================================================================================
[ACTUALIZAR PAGOS · AUTO] PASO 1: LLENANDO ACTA_NUMERO (búsqueda por patente + fecha, con desempate por hora)
[ACTUALIZAR PAGOS · AUTO] ================================================================================
[ACTUALIZAR PAGOS · AUTO] 📊 ESTADÍSTICAS DE LLENADO DE ACTAS:
[ACTUALIZAR PAGOS · AUTO]   • Pagos con acta ORIGINAL: 5600
[ACTUALIZAR PAGOS · AUTO]   • Pagos SIN acta (buscados): 15766
[ACTUALIZAR PAGOS · AUTO]   • Pagos LLENADOS exitosamente: 0
[ACTUALIZAR PAGOS · AUTO]   • Pagos NO encontrados en multas: 15766
[ACTUALIZAR PAGOS · AUTO]   • Pagos SIN RESOLVER por desbalance de cantidades: 0
[ACTUALIZAR PAGOS · AUTO] ================================================================================
[ACTUALIZAR PAGOS · AUTO] PASO 1: LLENANDO ACTA_NUMERO (búsqueda por patente + fecha, con desempate por hora)
[ACTUALIZAR PAGOS · AUTO] ================================================================================
[ACTUALIZAR PAGOS · AUTO] 📊 ESTADÍSTICAS DE LLENADO DE ACTAS:
[ACTUALIZAR PAGOS · AUTO]   • Pagos con acta ORIGINAL: 5600
[ACTUALIZAR PAGOS · AUTO]   • Pagos SIN acta (buscados): 15766
[ACTUALIZAR PAGOS · AUTO]   • Pagos LLENADOS exitosamente: 0
[ACTUALIZAR PAGOS · AUTO]   • Pagos NO encontrados en multas: 15766
[ACTUALIZAR PAGOS · AUTO]   • Pagos SIN RESOLVER por desbalance de cantidades: 0
[ACTUALIZAR PAGOS · AUTO] ⏱ PASO 1 (llenar actas): 7.7s
[ACTUALIZAR PAGOS · AUTO] ================================================================================
[ACTUALIZAR PAGOS · AUTO] PASO 2: FILTRANDO PAGOS CON ACTA_NUMERO COMPLETO
[ACTUALIZAR PAGOS · AUTO] ================================================================================
[ACTUALIZAR PAGOS · AUTO] 📊 ESTADÍSTICAS DE FILTRADO:
[ACTUALIZAR PAGOS · AUTO]   • Pagos TOTALES al inicio: 21366
[ACTUALIZAR PAGOS · AUTO]   • Pagos CON acta (MANTIENEN): 5600
[ACTUALIZAR PAGOS · AUTO]   • Pagos RECHAZADOS (sin coincidencias): 15766
[ACTUALIZAR PAGOS · AUTO] ⚠️  Se eliminaron 15766 registros sin número de acta
[ACTUALIZAR PAGOS · AUTO]      (recordá: esto incluye tanto pagos ya actualizados/pagados
[ACTUALIZAR PAGOS · AUTO]       como pagos que quedaron sin resolver por desbalance en el Paso 1)
[ACTUALIZAR PAGOS · AUTO] ================================================================================
[ACTUALIZAR PAGOS · AUTO] PASO 2-bis: CONFIRMANDO VIGENCIA DE PAGOS (sistema NUEVO contra MULTAS_SIGI_CRUCE, sistema VIEJO contra SIGEMI)
[ACTUALIZAR PAGOS · AUTO] ================================================================================
[ACTUALIZAR PAGOS · AUTO]   ⚠ 5585 pago(s) descartados: su acta ya no figura como vencida en MULTAS_SIGI_CRUCE (SEMyT ya los actualizó).
[ACTUALIZAR PAGOS · AUTO]   ⚠ 15 pago(s) descartados: su acta ya no figura como vencida en el Excel de SIGEMI (SEMyT ya los actualizó).
[ACTUALIZAR PAGOS · AUTO]   • Pagos descartados en total por ya estar actualizados/pagados: 5600
[ACTUALIZAR PAGOS · AUTO] ⏱ PASO 2 (filtrar): 0.9s
[ACTUALIZAR PAGOS · AUTO] 📂 Cargando maestro de causas SIGEMI...
[ACTUALIZAR PAGOS · AUTO]   ✓ Causas totales (maestro): 134069 registros
[ACTUALIZAR PAGOS · AUTO] ================================================================================
[ACTUALIZAR PAGOS · AUTO] PASO 2.5: ARMANDO causas.txt SIMPLIFICADO (cruce contra total_causas_sigemi.txt)
[ACTUALIZAR PAGOS · AUTO] ================================================================================
[ACTUALIZAR PAGOS · AUTO]   • Actas vencidas viejas (multas): 100998
[ACTUALIZAR PAGOS · AUTO]   • Causas totales en el maestro SIGEMI: 134069
[ACTUALIZAR PAGOS · AUTO]   • Causas que coinciden (simplificado): 100687
[ACTUALIZAR PAGOS · AUTO]   ✅ Archivo escrito: datos/descargas/causas/causas.txt
[ACTUALIZAR PAGOS · AUTO] ⏱ PASO 2.5 (causas simplificado): 0.8s
[ACTUALIZAR PAGOS · AUTO] ⚠️  NO HAY PAGOS CON ACTA_NUMERO PARA PROCESAR
[ACTUALIZAR PAGOS · AUTO] Creando archivo vacío...
[ACTUALIZAR PAGOS · AUTO] ✅ TXT de pagos (ya cruzado con actas y causas) generado en: datos/descargas/pagos/2026-08-15/PAGOS 20260815 000115.txt
[ACTUALIZAR PAGOS · AUTO] 🧹 TXT de pagos crudo eliminado (ya usado en el cruce): datos/descargas/pagos/2026-08-15/ALL PAGOS DESCARGADOS.txt
[ACTUALIZAR PAGOS · AUTO] 🧹 Excel MULTAS_SIGEMI_CRUCE eliminado (ya usado en el cruce): datos/descargas/cache_actas_cruce/MULTAS_SIGEMI_CRUCE.xlsx
[ACTUALIZAR PAGOS · AUTO] 🧹 Excel MULTAS_SIGI_CRUCE eliminado (ya usado en el cruce): datos/descargas/cache_actas_cruce/MULTAS_SIGI_CRUCE.xlsx
[ACTUALIZAR PAGOS · AUTO] ✅ CompararActasPaso finalizado. (⏱ 18.5s)
[ACTUALIZAR PAGOS · AUTO] ==================================================
[ACTUALIZAR PAGOS · AUTO] 🚀 PASO: CargarPagosPaso
[ACTUALIZAR PAGOS · AUTO] ==================================================
[ACTUALIZAR PAGOS · AUTO] ℹ No se encontraron pagos para actualizar (el TXT final no tiene registros).
[ACTUALIZAR PAGOS · AUTO] 🧹 TXT de pagos sin registros eliminado (nada para subir): datos/descargas/pagos/2026-08-15/PAGOS 20260815 000115.txt
[ACTUALIZAR PAGOS · AUTO] ⏭ Se omite la carga al SEMyT.
[ACTUALIZAR PAGOS · AUTO] ✅ CargarPagosPaso finalizado. (⏱ 0.0s)
[ACTUALIZAR PAGOS · AUTO] === Ejecución finalizada con éxito ===
[ACTUALIZAR PAGOS · AUTO] ℹ No se subió ningún archivo a ningún sistema externo en esta corrida: por política, el log detallado no se conserva en disco.
🤖 [Automático] Es hora de actualizar pagos. Arrancando...
[ACTUALIZAR PAGOS · AUTO] === Inicio de ejecución: pagos ===
[ACTUALIZAR PAGOS · AUTO] ==================================================
[ACTUALIZAR PAGOS · AUTO] 🚀 PASO: LoginSEMyTPaso
[ACTUALIZAR PAGOS · AUTO] ==================================================
[ACTUALIZAR PAGOS · AUTO] Abriendo SEMyT...
[ACTUALIZAR PAGOS · AUTO] ✅ [SEMyT] Sesión existente detectada. Login omitido.
[ACTUALIZAR PAGOS · AUTO] ✅ LoginSEMyTPaso finalizado. (⏱ 9.1s)
[ACTUALIZAR PAGOS · AUTO] ==================================================
[ACTUALIZAR PAGOS · AUTO] 🚀 PASO: LoginSIGIPaso
[ACTUALIZAR PAGOS · AUTO] ==================================================
[ACTUALIZAR PAGOS · AUTO] Abriendo sitio municipalidad (CiDi)...
[ACTUALIZAR PAGOS · AUTO] ✅ [SIGI] Sesión existente detectada. Login omitido.
[ACTUALIZAR PAGOS · AUTO] ✅ LoginSIGIPaso finalizado. (⏱ 1.1s)
[ACTUALIZAR PAGOS · AUTO] ==================================================
[ACTUALIZAR PAGOS · AUTO] 🚀 PASO: DescargasParalelasPaso
[ACTUALIZAR PAGOS · AUTO] ==================================================
[ACTUALIZAR PAGOS · AUTO] 📤 Arrancando las 3 descargas en paralelo (mismo browser, páginas separadas)...
[ACTUALIZAR PAGOS · AUTO] Fecha Desde: 27/06/2024
[ACTUALIZAR PAGOS · AUTO] Fecha Hasta: 24/11/2025
[ACTUALIZAR PAGOS · AUTO] Fecha Desde: 25/11/2025
[ACTUALIZAR PAGOS · AUTO] Fecha Hasta: 15/08/2026
[ACTUALIZAR PAGOS · AUTO] Descargando Excel...
[ACTUALIZAR PAGOS · AUTO] Descargando Excel...
⏳ [Automático] Tocaba disparar 'pagos' pero ya hay una ejecución en curso (Actualizar pagos); esperando a que termine; se reintenta en breve sin perder el turno.
[ACTUALIZAR PAGOS · AUTO] Archivo descargado en: datos/descargas/cache_actas_cruce/MULTAS_SIGI_CRUCE.xlsx
[ACTUALIZAR PAGOS · AUTO] ⏱ [actas_sigi] completado en 14.5s
[ACTUALIZAR PAGOS · AUTO] Archivo descargado en: datos/descargas/cache_actas_cruce/MULTAS_SIGEMI_CRUCE.xlsx
[ACTUALIZAR PAGOS · AUTO] ⏱ [actas_sigemi] completado en 26.0s
[ACTUALIZAR PAGOS · AUTO] ✅ TXT de pagos descargado en: datos/descargas/pagos/2026-08-15/ALL PAGOS DESCARGADOS.txt
[ACTUALIZAR PAGOS · AUTO] ⏱ [pagos_txt] completado en 43.7s
[ACTUALIZAR PAGOS · AUTO] ⏱ TOTAL descargas en paralelo: 43.7s
[ACTUALIZAR PAGOS · AUTO] ✅ DescargasParalelasPaso finalizado. (⏱ 44.2s)
[ACTUALIZAR PAGOS · AUTO] ==================================================
[ACTUALIZAR PAGOS · AUTO] 🚀 PASO: CompararActasPaso
[ACTUALIZAR PAGOS · AUTO] ==================================================
[ACTUALIZAR PAGOS · AUTO] 🔍 Comparando actas del SEMyT contra pagos del SIGI...
[ACTUALIZAR PAGOS · AUTO] ================================================================================
[ACTUALIZAR PAGOS · AUTO] INICIANDO PROCESO DE GENERACIÓN DE PAGOS DESACTUALIZADOS
[ACTUALIZAR PAGOS · AUTO] ================================================================================
[ACTUALIZAR PAGOS · AUTO] 📂 Cargando archivos...
[ACTUALIZAR PAGOS · AUTO]   ✓ Pagos: 21366 registros
[ACTUALIZAR PAGOS · AUTO]   ✓ Excel SIGEMI (multas vencidas viejas): 100998 registros
[ACTUALIZAR PAGOS · AUTO]   ✓ Excel SIGI (multas vencidas nuevas): 42766 registros
[ACTUALIZAR PAGOS · AUTO] ================================================================================
[ACTUALIZAR PAGOS · AUTO] PASO 1: LLENANDO ACTA_NUMERO (búsqueda por patente + fecha, con desempate por hora)
[ACTUALIZAR PAGOS · AUTO] ================================================================================
[ACTUALIZAR PAGOS · AUTO] 📊 ESTADÍSTICAS DE LLENADO DE ACTAS:
[ACTUALIZAR PAGOS · AUTO]   • Pagos con acta ORIGINAL: 5600
[ACTUALIZAR PAGOS · AUTO]   • Pagos SIN acta (buscados): 15766
[ACTUALIZAR PAGOS · AUTO]   • Pagos LLENADOS exitosamente: 0
[ACTUALIZAR PAGOS · AUTO]   • Pagos NO encontrados en multas: 15766
[ACTUALIZAR PAGOS · AUTO]   • Pagos SIN RESOLVER por desbalance de cantidades: 0
[ACTUALIZAR PAGOS · AUTO] ================================================================================
[ACTUALIZAR PAGOS · AUTO] PASO 1: LLENANDO ACTA_NUMERO (búsqueda por patente + fecha, con desempate por hora)
[ACTUALIZAR PAGOS · AUTO] ================================================================================
[ACTUALIZAR PAGOS · AUTO] 📊 ESTADÍSTICAS DE LLENADO DE ACTAS:
[ACTUALIZAR PAGOS · AUTO]   • Pagos con acta ORIGINAL: 5600
[ACTUALIZAR PAGOS · AUTO]   • Pagos SIN acta (buscados): 15766
[ACTUALIZAR PAGOS · AUTO]   • Pagos LLENADOS exitosamente: 0
[ACTUALIZAR PAGOS · AUTO]   • Pagos NO encontrados en multas: 15766
[ACTUALIZAR PAGOS · AUTO]   • Pagos SIN RESOLVER por desbalance de cantidades: 0
[ACTUALIZAR PAGOS · AUTO] ⏱ PASO 1 (llenar actas): 7.6s
[ACTUALIZAR PAGOS · AUTO] ================================================================================
[ACTUALIZAR PAGOS · AUTO] PASO 2: FILTRANDO PAGOS CON ACTA_NUMERO COMPLETO
[ACTUALIZAR PAGOS · AUTO] ================================================================================
[ACTUALIZAR PAGOS · AUTO] 📊 ESTADÍSTICAS DE FILTRADO:
[ACTUALIZAR PAGOS · AUTO]   • Pagos TOTALES al inicio: 21366
[ACTUALIZAR PAGOS · AUTO]   • Pagos CON acta (MANTIENEN): 5600
[ACTUALIZAR PAGOS · AUTO]   • Pagos RECHAZADOS (sin coincidencias): 15766
[ACTUALIZAR PAGOS · AUTO] ⚠️  Se eliminaron 15766 registros sin número de acta
[ACTUALIZAR PAGOS · AUTO]      (recordá: esto incluye tanto pagos ya actualizados/pagados
[ACTUALIZAR PAGOS · AUTO]       como pagos que quedaron sin resolver por desbalance en el Paso 1)
[ACTUALIZAR PAGOS · AUTO] ================================================================================
[ACTUALIZAR PAGOS · AUTO] PASO 2-bis: CONFIRMANDO VIGENCIA DE PAGOS (sistema NUEVO contra MULTAS_SIGI_CRUCE, sistema VIEJO contra SIGEMI)
[ACTUALIZAR PAGOS · AUTO] ================================================================================
[ACTUALIZAR PAGOS · AUTO]   ⚠ 5585 pago(s) descartados: su acta ya no figura como vencida en MULTAS_SIGI_CRUCE (SEMyT ya los actualizó).
[ACTUALIZAR PAGOS · AUTO]   ⚠ 15 pago(s) descartados: su acta ya no figura como vencida en el Excel de SIGEMI (SEMyT ya los actualizó).
[ACTUALIZAR PAGOS · AUTO]   • Pagos descartados en total por ya estar actualizados/pagados: 5600
[ACTUALIZAR PAGOS · AUTO] ⏱ PASO 2 (filtrar): 0.9s
[ACTUALIZAR PAGOS · AUTO] 📂 Cargando maestro de causas SIGEMI...
[ACTUALIZAR PAGOS · AUTO]   ✓ Causas totales (maestro): 134069 registros
[ACTUALIZAR PAGOS · AUTO] ================================================================================
[ACTUALIZAR PAGOS · AUTO] PASO 2.5: ARMANDO causas.txt SIMPLIFICADO (cruce contra total_causas_sigemi.txt)
[ACTUALIZAR PAGOS · AUTO] ================================================================================
[ACTUALIZAR PAGOS · AUTO]   • Actas vencidas viejas (multas): 100998
[ACTUALIZAR PAGOS · AUTO]   • Causas totales en el maestro SIGEMI: 134069
[ACTUALIZAR PAGOS · AUTO]   • Causas que coinciden (simplificado): 100687
[ACTUALIZAR PAGOS · AUTO]   ✅ Archivo escrito: datos/descargas/causas/causas.txt
[ACTUALIZAR PAGOS · AUTO] ⏱ PASO 2.5 (causas simplificado): 0.8s
[ACTUALIZAR PAGOS · AUTO] ⚠️  NO HAY PAGOS CON ACTA_NUMERO PARA PROCESAR
[ACTUALIZAR PAGOS · AUTO] Creando archivo vacío...
[ACTUALIZAR PAGOS · AUTO] ✅ TXT de pagos (ya cruzado con actas y causas) generado en: datos/descargas/pagos/2026-08-15/PAGOS 20260815 000432.txt
[ACTUALIZAR PAGOS · AUTO] 🧹 TXT de pagos crudo eliminado (ya usado en el cruce): datos/descargas/pagos/2026-08-15/ALL PAGOS DESCARGADOS.txt
[ACTUALIZAR PAGOS · AUTO] 🧹 Excel MULTAS_SIGEMI_CRUCE eliminado (ya usado en el cruce): datos/descargas/cache_actas_cruce/MULTAS_SIGEMI_CRUCE.xlsx
[ACTUALIZAR PAGOS · AUTO] 🧹 Excel MULTAS_SIGI_CRUCE eliminado (ya usado en el cruce): datos/descargas/cache_actas_cruce/MULTAS_SIGI_CRUCE.xlsx
[ACTUALIZAR PAGOS · AUTO] ✅ CompararActasPaso finalizado. (⏱ 18.4s)
[ACTUALIZAR PAGOS · AUTO] ==================================================
[ACTUALIZAR PAGOS · AUTO] 🚀 PASO: CargarPagosPaso
[ACTUALIZAR PAGOS · AUTO] ==================================================
[ACTUALIZAR PAGOS · AUTO] ℹ No se encontraron pagos para actualizar (el TXT final no tiene registros).
[ACTUALIZAR PAGOS · AUTO] 🧹 TXT de pagos sin registros eliminado (nada para subir): datos/descargas/pagos/2026-08-15/PAGOS 20260815 000432.txt
[ACTUALIZAR PAGOS · AUTO] ⏭ Se omite la carga al SEMyT.
[ACTUALIZAR PAGOS · AUTO] ✅ CargarPagosPaso finalizado. (⏱ 0.0s)
[ACTUALIZAR PAGOS · AUTO] === Ejecución finalizada con éxito ===
[ACTUALIZAR PAGOS · AUTO] ℹ No se subió ningún archivo a ningún sistema externo en esta corrida: por política, el log detallado no se conserva en disco.
🤖 [Automático] Es hora de actualizar pagos. Arrancando...
[ACTUALIZAR PAGOS · AUTO] === Inicio de ejecución: pagos ===
[ACTUALIZAR PAGOS · AUTO] ==================================================
[ACTUALIZAR PAGOS · AUTO] 🚀 PASO: LoginSEMyTPaso
[ACTUALIZAR PAGOS · AUTO] ==================================================
[ACTUALIZAR PAGOS · AUTO] Abriendo SEMyT...
[ACTUALIZAR PAGOS · AUTO] ✅ [SEMyT] Sesión existente detectada. Login omitido.
[ACTUALIZAR PAGOS · AUTO] ✅ LoginSEMyTPaso finalizado. (⏱ 3.0s)
[ACTUALIZAR PAGOS · AUTO] ==================================================
[ACTUALIZAR PAGOS · AUTO] 🚀 PASO: LoginSIGIPaso
[ACTUALIZAR PAGOS · AUTO] ==================================================
[ACTUALIZAR PAGOS · AUTO] Abriendo sitio municipalidad (CiDi)...
[ACTUALIZAR PAGOS · AUTO] ✅ [SIGI] Sesión existente detectada. Login omitido.
[ACTUALIZAR PAGOS · AUTO] ✅ LoginSIGIPaso finalizado. (⏱ 0.9s)
[ACTUALIZAR PAGOS · AUTO] ==================================================
[ACTUALIZAR PAGOS · AUTO] 🚀 PASO: DescargasParalelasPaso
[ACTUALIZAR PAGOS · AUTO] ==================================================
[ACTUALIZAR PAGOS · AUTO] 📤 Arrancando las 3 descargas en paralelo (mismo browser, páginas separadas)...
[ACTUALIZAR PAGOS · AUTO] Fecha Desde: 27/06/2024
[ACTUALIZAR PAGOS · AUTO] Fecha Hasta: 24/11/2025
[ACTUALIZAR PAGOS · AUTO] Fecha Desde: 25/11/2025
[ACTUALIZAR PAGOS · AUTO] Fecha Hasta: 15/08/2026
[ACTUALIZAR PAGOS · AUTO] Descargando Excel...
[ACTUALIZAR PAGOS · AUTO] Descargando Excel...
⏳ [Automático] Tocaba disparar 'pagos' pero ya hay una ejecución en curso (Actualizar pagos); esperando a que termine; se reintenta en breve sin perder el turno.
[ACTUALIZAR PAGOS · AUTO] Archivo descargado en: datos/descargas/cache_actas_cruce/MULTAS_SIGI_CRUCE.xlsx
[ACTUALIZAR PAGOS · AUTO] ⏱ [actas_sigi] completado en 12.6s
[ACTUALIZAR PAGOS · AUTO] Archivo descargado en: datos/descargas/cache_actas_cruce/MULTAS_SIGEMI_CRUCE.xlsx
[ACTUALIZAR PAGOS · AUTO] ⏱ [actas_sigemi] completado en 23.4s
[ACTUALIZAR PAGOS · AUTO] ✅ TXT de pagos descargado en: datos/descargas/pagos/2026-08-15/ALL PAGOS DESCARGADOS.txt
[ACTUALIZAR PAGOS · AUTO] ⏱ [pagos_txt] completado en 28.7s
[ACTUALIZAR PAGOS · AUTO] ⏱ TOTAL descargas en paralelo: 28.7s
[ACTUALIZAR PAGOS · AUTO] ✅ DescargasParalelasPaso finalizado. (⏱ 29.2s)
[ACTUALIZAR PAGOS · AUTO] ==================================================
[ACTUALIZAR PAGOS · AUTO] 🚀 PASO: CompararActasPaso
[ACTUALIZAR PAGOS · AUTO] ==================================================
[ACTUALIZAR PAGOS · AUTO] 🔍 Comparando actas del SEMyT contra pagos del SIGI...
[ACTUALIZAR PAGOS · AUTO] ================================================================================
[ACTUALIZAR PAGOS · AUTO] INICIANDO PROCESO DE GENERACIÓN DE PAGOS DESACTUALIZADOS
[ACTUALIZAR PAGOS · AUTO] ================================================================================
[ACTUALIZAR PAGOS · AUTO] 📂 Cargando archivos...
[ACTUALIZAR PAGOS · AUTO]   ✓ Pagos: 21366 registros
[ACTUALIZAR PAGOS · AUTO]   ✓ Excel SIGEMI (multas vencidas viejas): 100998 registros
[ACTUALIZAR PAGOS · AUTO]   ✓ Excel SIGI (multas vencidas nuevas): 42766 registros
[ACTUALIZAR PAGOS · AUTO] ================================================================================
[ACTUALIZAR PAGOS · AUTO] PASO 1: LLENANDO ACTA_NUMERO (búsqueda por patente + fecha, con desempate por hora)
[ACTUALIZAR PAGOS · AUTO] ================================================================================
[ACTUALIZAR PAGOS · AUTO] 📊 ESTADÍSTICAS DE LLENADO DE ACTAS:
[ACTUALIZAR PAGOS · AUTO]   • Pagos con acta ORIGINAL: 5600
[ACTUALIZAR PAGOS · AUTO]   • Pagos SIN acta (buscados): 15766
[ACTUALIZAR PAGOS · AUTO]   • Pagos LLENADOS exitosamente: 0
[ACTUALIZAR PAGOS · AUTO]   • Pagos NO encontrados en multas: 15766
[ACTUALIZAR PAGOS · AUTO]   • Pagos SIN RESOLVER por desbalance de cantidades: 0
[ACTUALIZAR PAGOS · AUTO] ================================================================================
[ACTUALIZAR PAGOS · AUTO] PASO 1: LLENANDO ACTA_NUMERO (búsqueda por patente + fecha, con desempate por hora)
[ACTUALIZAR PAGOS · AUTO] ================================================================================
[ACTUALIZAR PAGOS · AUTO] 📊 ESTADÍSTICAS DE LLENADO DE ACTAS:
[ACTUALIZAR PAGOS · AUTO]   • Pagos con acta ORIGINAL: 5600
[ACTUALIZAR PAGOS · AUTO]   • Pagos SIN acta (buscados): 15766
[ACTUALIZAR PAGOS · AUTO]   • Pagos LLENADOS exitosamente: 0
[ACTUALIZAR PAGOS · AUTO]   • Pagos NO encontrados en multas: 15766
[ACTUALIZAR PAGOS · AUTO]   • Pagos SIN RESOLVER por desbalance de cantidades: 0
[ACTUALIZAR PAGOS · AUTO] ⏱ PASO 1 (llenar actas): 7.7s
[ACTUALIZAR PAGOS · AUTO] ================================================================================
[ACTUALIZAR PAGOS · AUTO] PASO 2: FILTRANDO PAGOS CON ACTA_NUMERO COMPLETO
[ACTUALIZAR PAGOS · AUTO] ================================================================================
[ACTUALIZAR PAGOS · AUTO] 📊 ESTADÍSTICAS DE FILTRADO:
[ACTUALIZAR PAGOS · AUTO]   • Pagos TOTALES al inicio: 21366
[ACTUALIZAR PAGOS · AUTO]   • Pagos CON acta (MANTIENEN): 5600
[ACTUALIZAR PAGOS · AUTO]   • Pagos RECHAZADOS (sin coincidencias): 15766
[ACTUALIZAR PAGOS · AUTO] ⚠️  Se eliminaron 15766 registros sin número de acta
[ACTUALIZAR PAGOS · AUTO]      (recordá: esto incluye tanto pagos ya actualizados/pagados
[ACTUALIZAR PAGOS · AUTO]       como pagos que quedaron sin resolver por desbalance en el Paso 1)
[ACTUALIZAR PAGOS · AUTO] ================================================================================
[ACTUALIZAR PAGOS · AUTO] PASO 2-bis: CONFIRMANDO VIGENCIA DE PAGOS (sistema NUEVO contra MULTAS_SIGI_CRUCE, sistema VIEJO contra SIGEMI)
[ACTUALIZAR PAGOS · AUTO] ================================================================================
[ACTUALIZAR PAGOS · AUTO]   ⚠ 5585 pago(s) descartados: su acta ya no figura como vencida en MULTAS_SIGI_CRUCE (SEMyT ya los actualizó).
[ACTUALIZAR PAGOS · AUTO]   ⚠ 15 pago(s) descartados: su acta ya no figura como vencida en el Excel de SIGEMI (SEMyT ya los actualizó).
[ACTUALIZAR PAGOS · AUTO]   • Pagos descartados en total por ya estar actualizados/pagados: 5600
[ACTUALIZAR PAGOS · AUTO] ⏱ PASO 2 (filtrar): 0.9s
[ACTUALIZAR PAGOS · AUTO] 📂 Cargando maestro de causas SIGEMI...
[ACTUALIZAR PAGOS · AUTO]   ✓ Causas totales (maestro): 134069 registros
[ACTUALIZAR PAGOS · AUTO] ================================================================================
[ACTUALIZAR PAGOS · AUTO] PASO 2.5: ARMANDO causas.txt SIMPLIFICADO (cruce contra total_causas_sigemi.txt)
[ACTUALIZAR PAGOS · AUTO] ================================================================================
[ACTUALIZAR PAGOS · AUTO]   • Actas vencidas viejas (multas): 100998
[ACTUALIZAR PAGOS · AUTO]   • Causas totales en el maestro SIGEMI: 134069
[ACTUALIZAR PAGOS · AUTO]   • Causas que coinciden (simplificado): 100687
[ACTUALIZAR PAGOS · AUTO]   ✅ Archivo escrito: datos/descargas/causas/causas.txt
[ACTUALIZAR PAGOS · AUTO] ⏱ PASO 2.5 (causas simplificado): 0.9s
[ACTUALIZAR PAGOS · AUTO] ⚠️  NO HAY PAGOS CON ACTA_NUMERO PARA PROCESAR
[ACTUALIZAR PAGOS · AUTO] Creando archivo vacío...
[ACTUALIZAR PAGOS · AUTO] ✅ TXT de pagos (ya cruzado con actas y causas) generado en: datos/descargas/pagos/2026-08-15/PAGOS 20260815 000726.txt
[ACTUALIZAR PAGOS · AUTO] 🧹 TXT de pagos crudo eliminado (ya usado en el cruce): datos/descargas/pagos/2026-08-15/ALL PAGOS DESCARGADOS.txt
[ACTUALIZAR PAGOS · AUTO] 🧹 Excel MULTAS_SIGEMI_CRUCE eliminado (ya usado en el cruce): datos/descargas/cache_actas_cruce/MULTAS_SIGEMI_CRUCE.xlsx
[ACTUALIZAR PAGOS · AUTO] 🧹 Excel MULTAS_SIGI_CRUCE eliminado (ya usado en el cruce): datos/descargas/cache_actas_cruce/MULTAS_SIGI_CRUCE.xlsx
[ACTUALIZAR PAGOS · AUTO] ✅ CompararActasPaso finalizado. (⏱ 18.5s)
[ACTUALIZAR PAGOS · AUTO] ==================================================
[ACTUALIZAR PAGOS · AUTO] 🚀 PASO: CargarPagosPaso
[ACTUALIZAR PAGOS · AUTO] ==================================================
[ACTUALIZAR PAGOS · AUTO] ℹ No se encontraron pagos para actualizar (el TXT final no tiene registros).
[ACTUALIZAR PAGOS · AUTO] 🧹 TXT de pagos sin registros eliminado (nada para subir): datos/descargas/pagos/2026-08-15/PAGOS 20260815 000726.txt
[ACTUALIZAR PAGOS · AUTO] ⏭ Se omite la carga al SEMyT.
[ACTUALIZAR PAGOS · AUTO] ✅ CargarPagosPaso finalizado. (⏱ 0.0s)
[ACTUALIZAR PAGOS · AUTO] === Ejecución finalizada con éxito ===
[ACTUALIZAR PAGOS · AUTO] ℹ No se subió ningún archivo a ningún sistema externo en esta corrida: por política, el log detallado no se conserva en disco.
🤖 [Automático] Es hora de actualizar pagos. Arrancando...
[ACTUALIZAR PAGOS · AUTO] === Inicio de ejecución: pagos ===
[ACTUALIZAR PAGOS · AUTO] ==================================================
[ACTUALIZAR PAGOS · AUTO] 🚀 PASO: LoginSEMyTPaso
[ACTUALIZAR PAGOS · AUTO] ==================================================
[ACTUALIZAR PAGOS · AUTO] Abriendo SEMyT...
⏳ [Automático] Tocaba disparar 'pagos' pero ya hay una ejecución en curso (Actualizar pagos); esperando a que termine; se reintenta en breve sin perder el turno.
[ACTUALIZAR PAGOS · AUTO] ✅ [SEMyT] Sesión existente detectada. Login omitido.
[ACTUALIZAR PAGOS · AUTO] ✅ LoginSEMyTPaso finalizado. (⏱ 18.8s)
[ACTUALIZAR PAGOS · AUTO] ==================================================
[ACTUALIZAR PAGOS · AUTO] 🚀 PASO: LoginSIGIPaso
[ACTUALIZAR PAGOS · AUTO] ==================================================
[ACTUALIZAR PAGOS · AUTO] Abriendo sitio municipalidad (CiDi)...
[ACTUALIZAR PAGOS · AUTO] ✅ [SIGI] Sesión existente detectada. Login omitido.
[ACTUALIZAR PAGOS · AUTO] ✅ LoginSIGIPaso finalizado. (⏱ 1.1s)
[ACTUALIZAR PAGOS · AUTO] ==================================================
[ACTUALIZAR PAGOS · AUTO] 🚀 PASO: DescargasParalelasPaso
[ACTUALIZAR PAGOS · AUTO] ==================================================
[ACTUALIZAR PAGOS · AUTO] 📤 Arrancando las 3 descargas en paralelo (mismo browser, páginas separadas)...
[ACTUALIZAR PAGOS · AUTO] Fecha Desde: 27/06/2024
[ACTUALIZAR PAGOS · AUTO] Fecha Hasta: 24/11/2025
[ACTUALIZAR PAGOS · AUTO] Fecha Desde: 25/11/2025
[ACTUALIZAR PAGOS · AUTO] Fecha Hasta: 15/08/2026
[ACTUALIZAR PAGOS · AUTO] Descargando Excel...
[ACTUALIZAR PAGOS · AUTO] Descargando Excel...
[ACTUALIZAR PAGOS · AUTO] Archivo descargado en: datos/descargas/cache_actas_cruce/MULTAS_SIGI_CRUCE.xlsx
[ACTUALIZAR PAGOS · AUTO] ⏱ [actas_sigi] completado en 14.7s
[ACTUALIZAR PAGOS · AUTO] Archivo descargado en: datos/descargas/cache_actas_cruce/MULTAS_SIGEMI_CRUCE.xlsx
[ACTUALIZAR PAGOS · AUTO] ⏱ [actas_sigemi] completado en 26.0s
[ACTUALIZAR PAGOS · AUTO] ✅ TXT de pagos descargado en: datos/descargas/pagos/2026-08-15/ALL PAGOS DESCARGADOS.txt
[ACTUALIZAR PAGOS · AUTO] ⏱ [pagos_txt] completado en 30.2s
[ACTUALIZAR PAGOS · AUTO] ⏱ TOTAL descargas en paralelo: 30.2s
[ACTUALIZAR PAGOS · AUTO] ✅ DescargasParalelasPaso finalizado. (⏱ 30.8s)
[ACTUALIZAR PAGOS · AUTO] ==================================================
[ACTUALIZAR PAGOS · AUTO] 🚀 PASO: CompararActasPaso
[ACTUALIZAR PAGOS · AUTO] ==================================================
[ACTUALIZAR PAGOS · AUTO] 🔍 Comparando actas del SEMyT contra pagos del SIGI...
[ACTUALIZAR PAGOS · AUTO] ================================================================================
[ACTUALIZAR PAGOS · AUTO] INICIANDO PROCESO DE GENERACIÓN DE PAGOS DESACTUALIZADOS
[ACTUALIZAR PAGOS · AUTO] ================================================================================
[ACTUALIZAR PAGOS · AUTO] 📂 Cargando archivos...
[ACTUALIZAR PAGOS · AUTO]   ✓ Pagos: 21366 registros
[ACTUALIZAR PAGOS · AUTO]   ✓ Excel SIGEMI (multas vencidas viejas): 100998 registros
[ACTUALIZAR PAGOS · AUTO]   ✓ Excel SIGI (multas vencidas nuevas): 42766 registros
[ACTUALIZAR PAGOS · AUTO] ================================================================================
[ACTUALIZAR PAGOS · AUTO] PASO 1: LLENANDO ACTA_NUMERO (búsqueda por patente + fecha, con desempate por hora)
[ACTUALIZAR PAGOS · AUTO] ================================================================================
[ACTUALIZAR PAGOS · AUTO] 📊 ESTADÍSTICAS DE LLENADO DE ACTAS:
[ACTUALIZAR PAGOS · AUTO]   • Pagos con acta ORIGINAL: 5600
[ACTUALIZAR PAGOS · AUTO]   • Pagos SIN acta (buscados): 15766
[ACTUALIZAR PAGOS · AUTO]   • Pagos LLENADOS exitosamente: 0
[ACTUALIZAR PAGOS · AUTO]   • Pagos NO encontrados en multas: 15766
[ACTUALIZAR PAGOS · AUTO]   • Pagos SIN RESOLVER por desbalance de cantidades: 0
[ACTUALIZAR PAGOS · AUTO] ================================================================================
[ACTUALIZAR PAGOS · AUTO] PASO 1: LLENANDO ACTA_NUMERO (búsqueda por patente + fecha, con desempate por hora)
[ACTUALIZAR PAGOS · AUTO] ================================================================================
[ACTUALIZAR PAGOS · AUTO] 📊 ESTADÍSTICAS DE LLENADO DE ACTAS:
[ACTUALIZAR PAGOS · AUTO]   • Pagos con acta ORIGINAL: 5600
[ACTUALIZAR PAGOS · AUTO]   • Pagos SIN acta (buscados): 15766
[ACTUALIZAR PAGOS · AUTO]   • Pagos LLENADOS exitosamente: 0
[ACTUALIZAR PAGOS · AUTO]   • Pagos NO encontrados en multas: 15766
[ACTUALIZAR PAGOS · AUTO]   • Pagos SIN RESOLVER por desbalance de cantidades: 0
[ACTUALIZAR PAGOS · AUTO] ⏱ PASO 1 (llenar actas): 7.6s
[ACTUALIZAR PAGOS · AUTO] ================================================================================
[ACTUALIZAR PAGOS · AUTO] PASO 2: FILTRANDO PAGOS CON ACTA_NUMERO COMPLETO
[ACTUALIZAR PAGOS · AUTO] ================================================================================
[ACTUALIZAR PAGOS · AUTO] 📊 ESTADÍSTICAS DE FILTRADO:
[ACTUALIZAR PAGOS · AUTO]   • Pagos TOTALES al inicio: 21366
[ACTUALIZAR PAGOS · AUTO]   • Pagos CON acta (MANTIENEN): 5600
[ACTUALIZAR PAGOS · AUTO]   • Pagos RECHAZADOS (sin coincidencias): 15766
[ACTUALIZAR PAGOS · AUTO] ⚠️  Se eliminaron 15766 registros sin número de acta
[ACTUALIZAR PAGOS · AUTO]      (recordá: esto incluye tanto pagos ya actualizados/pagados
[ACTUALIZAR PAGOS · AUTO]       como pagos que quedaron sin resolver por desbalance en el Paso 1)
[ACTUALIZAR PAGOS · AUTO] ================================================================================
[ACTUALIZAR PAGOS · AUTO] PASO 2-bis: CONFIRMANDO VIGENCIA DE PAGOS (sistema NUEVO contra MULTAS_SIGI_CRUCE, sistema VIEJO contra SIGEMI)
[ACTUALIZAR PAGOS · AUTO] ================================================================================
[ACTUALIZAR PAGOS · AUTO]   ⚠ 5585 pago(s) descartados: su acta ya no figura como vencida en MULTAS_SIGI_CRUCE (SEMyT ya los actualizó).
[ACTUALIZAR PAGOS · AUTO]   ⚠ 15 pago(s) descartados: su acta ya no figura como vencida en el Excel de SIGEMI (SEMyT ya los actualizó).
[ACTUALIZAR PAGOS · AUTO]   • Pagos descartados en total por ya estar actualizados/pagados: 5600
[ACTUALIZAR PAGOS · AUTO] ⏱ PASO 2 (filtrar): 0.9s
[ACTUALIZAR PAGOS · AUTO] 📂 Cargando maestro de causas SIGEMI...
[ACTUALIZAR PAGOS · AUTO]   ✓ Causas totales (maestro): 134069 registros
[ACTUALIZAR PAGOS · AUTO] ================================================================================
[ACTUALIZAR PAGOS · AUTO] PASO 2.5: ARMANDO causas.txt SIMPLIFICADO (cruce contra total_causas_sigemi.txt)
[ACTUALIZAR PAGOS · AUTO] ================================================================================
[ACTUALIZAR PAGOS · AUTO]   • Actas vencidas viejas (multas): 100998
[ACTUALIZAR PAGOS · AUTO]   • Causas totales en el maestro SIGEMI: 134069
[ACTUALIZAR PAGOS · AUTO]   • Causas que coinciden (simplificado): 100687
[ACTUALIZAR PAGOS · AUTO]   ✅ Archivo escrito: datos/descargas/causas/causas.txt
[ACTUALIZAR PAGOS · AUTO] ⏱ PASO 2.5 (causas simplificado): 0.9s
[ACTUALIZAR PAGOS · AUTO] ⚠️  NO HAY PAGOS CON ACTA_NUMERO PARA PROCESAR
[ACTUALIZAR PAGOS · AUTO] Creando archivo vacío...
[ACTUALIZAR PAGOS · AUTO] ✅ TXT de pagos (ya cruzado con actas y causas) generado en: datos/descargas/pagos/2026-08-15/PAGOS 20260815 001043.txt
[ACTUALIZAR PAGOS · AUTO] 🧹 TXT de pagos crudo eliminado (ya usado en el cruce): datos/descargas/pagos/2026-08-15/ALL PAGOS DESCARGADOS.txt
[ACTUALIZAR PAGOS · AUTO] 🧹 Excel MULTAS_SIGEMI_CRUCE eliminado (ya usado en el cruce): datos/descargas/cache_actas_cruce/MULTAS_SIGEMI_CRUCE.xlsx
[ACTUALIZAR PAGOS · AUTO] 🧹 Excel MULTAS_SIGI_CRUCE eliminado (ya usado en el cruce): datos/descargas/cache_actas_cruce/MULTAS_SIGI_CRUCE.xlsx
[ACTUALIZAR PAGOS · AUTO] ✅ CompararActasPaso finalizado. (⏱ 18.4s)
[ACTUALIZAR PAGOS · AUTO] ==================================================
[ACTUALIZAR PAGOS · AUTO] 🚀 PASO: CargarPagosPaso
[ACTUALIZAR PAGOS · AUTO] ==================================================
[ACTUALIZAR PAGOS · AUTO] ℹ No se encontraron pagos para actualizar (el TXT final no tiene registros).
[ACTUALIZAR PAGOS · AUTO] 🧹 TXT de pagos sin registros eliminado (nada para subir): datos/descargas/pagos/2026-08-15/PAGOS 20260815 001043.txt
[ACTUALIZAR PAGOS · AUTO] ⏭ Se omite la carga al SEMyT.
[ACTUALIZAR PAGOS · AUTO] ✅ CargarPagosPaso finalizado. (⏱ 0.0s)
[ACTUALIZAR PAGOS · AUTO] === Ejecución finalizada con éxito ===
[ACTUALIZAR PAGOS · AUTO] ℹ No se subió ningún archivo a ningún sistema externo en esta corrida: por política, el log detallado no se conserva en disco.
🤖 [Automático] Es hora de actualizar pagos. Arrancando...
[ACTUALIZAR PAGOS · AUTO] === Inicio de ejecución: pagos ===
[ACTUALIZAR PAGOS · AUTO] ==================================================
[ACTUALIZAR PAGOS · AUTO] 🚀 PASO: LoginSEMyTPaso
[ACTUALIZAR PAGOS · AUTO] ==================================================
[ACTUALIZAR PAGOS · AUTO] Abriendo SEMyT...
[ACTUALIZAR PAGOS · AUTO] ✅ [SEMyT] Sesión existente detectada. Login omitido.
[ACTUALIZAR PAGOS · AUTO] ✅ LoginSEMyTPaso finalizado. (⏱ 3.6s)
[ACTUALIZAR PAGOS · AUTO] ==================================================
[ACTUALIZAR PAGOS · AUTO] 🚀 PASO: LoginSIGIPaso
[ACTUALIZAR PAGOS · AUTO] ==================================================
[ACTUALIZAR PAGOS · AUTO] Abriendo sitio municipalidad (CiDi)...
[ACTUALIZAR PAGOS · AUTO] ✅ [SIGI] Sesión existente detectada. Login omitido.
[ACTUALIZAR PAGOS · AUTO] ✅ LoginSIGIPaso finalizado. (⏱ 1.2s)
[ACTUALIZAR PAGOS · AUTO] ==================================================
[ACTUALIZAR PAGOS · AUTO] 🚀 PASO: DescargasParalelasPaso
[ACTUALIZAR PAGOS · AUTO] ==================================================
[ACTUALIZAR PAGOS · AUTO] 📤 Arrancando las 3 descargas en paralelo (mismo browser, páginas separadas)...
[ACTUALIZAR PAGOS · AUTO] Fecha Desde: 27/06/2024
[ACTUALIZAR PAGOS · AUTO] Fecha Hasta: 24/11/2025
[ACTUALIZAR PAGOS · AUTO] Fecha Desde: 25/11/2025
[ACTUALIZAR PAGOS · AUTO] Fecha Hasta: 15/08/2026
[ACTUALIZAR PAGOS · AUTO] Descargando Excel...
[ACTUALIZAR PAGOS · AUTO] Descargando Excel...
⏳ [Automático] Tocaba disparar 'pagos' pero ya hay una ejecución en curso (Actualizar pagos); esperando a que termine; se reintenta en breve sin perder el turno.
[ACTUALIZAR PAGOS · AUTO] Archivo descargado en: datos/descargas/cache_actas_cruce/MULTAS_SIGI_CRUCE.xlsx
[ACTUALIZAR PAGOS · AUTO] ⏱ [actas_sigi] completado en 12.6s
[ACTUALIZAR PAGOS · AUTO] Archivo descargado en: datos/descargas/cache_actas_cruce/MULTAS_SIGEMI_CRUCE.xlsx
[ACTUALIZAR PAGOS · AUTO] ⏱ [actas_sigemi] completado en 24.2s
[ACTUALIZAR PAGOS · AUTO] ✅ TXT de pagos descargado en: datos/descargas/pagos/2026-08-15/ALL PAGOS DESCARGADOS.txt
[ACTUALIZAR PAGOS · AUTO] ⏱ [pagos_txt] completado en 31.4s
[ACTUALIZAR PAGOS · AUTO] ⏱ TOTAL descargas en paralelo: 31.4s
[ACTUALIZAR PAGOS · AUTO] ✅ DescargasParalelasPaso finalizado. (⏱ 31.9s)
[ACTUALIZAR PAGOS · AUTO] ==================================================
[ACTUALIZAR PAGOS · AUTO] 🚀 PASO: CompararActasPaso
[ACTUALIZAR PAGOS · AUTO] ==================================================
[ACTUALIZAR PAGOS · AUTO] 🔍 Comparando actas del SEMyT contra pagos del SIGI...
[ACTUALIZAR PAGOS · AUTO] ================================================================================
[ACTUALIZAR PAGOS · AUTO] INICIANDO PROCESO DE GENERACIÓN DE PAGOS DESACTUALIZADOS
[ACTUALIZAR PAGOS · AUTO] ================================================================================
[ACTUALIZAR PAGOS · AUTO] 📂 Cargando archivos...
[ACTUALIZAR PAGOS · AUTO]   ✓ Pagos: 21366 registros
[ACTUALIZAR PAGOS · AUTO]   ✓ Excel SIGEMI (multas vencidas viejas): 100998 registros
[ACTUALIZAR PAGOS · AUTO]   ✓ Excel SIGI (multas vencidas nuevas): 42766 registros
[ACTUALIZAR PAGOS · AUTO] ================================================================================
[ACTUALIZAR PAGOS · AUTO] PASO 1: LLENANDO ACTA_NUMERO (búsqueda por patente + fecha, con desempate por hora)
[ACTUALIZAR PAGOS · AUTO] ================================================================================
[ACTUALIZAR PAGOS · AUTO] 📊 ESTADÍSTICAS DE LLENADO DE ACTAS:
[ACTUALIZAR PAGOS · AUTO]   • Pagos con acta ORIGINAL: 5600
[ACTUALIZAR PAGOS · AUTO]   • Pagos SIN acta (buscados): 15766
[ACTUALIZAR PAGOS · AUTO]   • Pagos LLENADOS exitosamente: 0
[ACTUALIZAR PAGOS · AUTO]   • Pagos NO encontrados en multas: 15766
[ACTUALIZAR PAGOS · AUTO]   • Pagos SIN RESOLVER por desbalance de cantidades: 0
[ACTUALIZAR PAGOS · AUTO] ================================================================================
[ACTUALIZAR PAGOS · AUTO] PASO 1: LLENANDO ACTA_NUMERO (búsqueda por patente + fecha, con desempate por hora)
[ACTUALIZAR PAGOS · AUTO] ================================================================================
[ACTUALIZAR PAGOS · AUTO] 📊 ESTADÍSTICAS DE LLENADO DE ACTAS:
[ACTUALIZAR PAGOS · AUTO]   • Pagos con acta ORIGINAL: 5600
[ACTUALIZAR PAGOS · AUTO]   • Pagos SIN acta (buscados): 15766
[ACTUALIZAR PAGOS · AUTO]   • Pagos LLENADOS exitosamente: 0
[ACTUALIZAR PAGOS · AUTO]   • Pagos NO encontrados en multas: 15766
[ACTUALIZAR PAGOS · AUTO]   • Pagos SIN RESOLVER por desbalance de cantidades: 0
[ACTUALIZAR PAGOS · AUTO] ⏱ PASO 1 (llenar actas): 7.6s
[ACTUALIZAR PAGOS · AUTO] ================================================================================
[ACTUALIZAR PAGOS · AUTO] PASO 2: FILTRANDO PAGOS CON ACTA_NUMERO COMPLETO
[ACTUALIZAR PAGOS · AUTO] ================================================================================
[ACTUALIZAR PAGOS · AUTO] 📊 ESTADÍSTICAS DE FILTRADO:
[ACTUALIZAR PAGOS · AUTO]   • Pagos TOTALES al inicio: 21366
[ACTUALIZAR PAGOS · AUTO]   • Pagos CON acta (MANTIENEN): 5600
[ACTUALIZAR PAGOS · AUTO]   • Pagos RECHAZADOS (sin coincidencias): 15766
[ACTUALIZAR PAGOS · AUTO] ⚠️  Se eliminaron 15766 registros sin número de acta
[ACTUALIZAR PAGOS · AUTO]      (recordá: esto incluye tanto pagos ya actualizados/pagados
[ACTUALIZAR PAGOS · AUTO]       como pagos que quedaron sin resolver por desbalance en el Paso 1)
[ACTUALIZAR PAGOS · AUTO] ================================================================================
[ACTUALIZAR PAGOS · AUTO] PASO 2-bis: CONFIRMANDO VIGENCIA DE PAGOS (sistema NUEVO contra MULTAS_SIGI_CRUCE, sistema VIEJO contra SIGEMI)
[ACTUALIZAR PAGOS · AUTO] ================================================================================
[ACTUALIZAR PAGOS · AUTO]   ⚠ 5585 pago(s) descartados: su acta ya no figura como vencida en MULTAS_SIGI_CRUCE (SEMyT ya los actualizó).
[ACTUALIZAR PAGOS · AUTO]   ⚠ 15 pago(s) descartados: su acta ya no figura como vencida en el Excel de SIGEMI (SEMyT ya los actualizó).
[ACTUALIZAR PAGOS · AUTO]   • Pagos descartados en total por ya estar actualizados/pagados: 5600
[ACTUALIZAR PAGOS · AUTO] ⏱ PASO 2 (filtrar): 0.9s
[ACTUALIZAR PAGOS · AUTO] 📂 Cargando maestro de causas SIGEMI...
[ACTUALIZAR PAGOS · AUTO]   ✓ Causas totales (maestro): 134069 registros
[ACTUALIZAR PAGOS · AUTO] ================================================================================
[ACTUALIZAR PAGOS · AUTO] PASO 2.5: ARMANDO causas.txt SIMPLIFICADO (cruce contra total_causas_sigemi.txt)
[ACTUALIZAR PAGOS · AUTO] ================================================================================
[ACTUALIZAR PAGOS · AUTO]   • Actas vencidas viejas (multas): 100998
[ACTUALIZAR PAGOS · AUTO]   • Causas totales en el maestro SIGEMI: 134069
[ACTUALIZAR PAGOS · AUTO]   • Causas que coinciden (simplificado): 100687
[ACTUALIZAR PAGOS · AUTO]   ✅ Archivo escrito: datos/descargas/causas/causas.txt
[ACTUALIZAR PAGOS · AUTO] ⏱ PASO 2.5 (causas simplificado): 0.8s
[ACTUALIZAR PAGOS · AUTO] ⚠️  NO HAY PAGOS CON ACTA_NUMERO PARA PROCESAR
[ACTUALIZAR PAGOS · AUTO] Creando archivo vacío...
[ACTUALIZAR PAGOS · AUTO] ✅ TXT de pagos (ya cruzado con actas y causas) generado en: datos/descargas/pagos/2026-08-15/PAGOS 20260815 001345.txt
[ACTUALIZAR PAGOS · AUTO] 🧹 TXT de pagos crudo eliminado (ya usado en el cruce): datos/descargas/pagos/2026-08-15/ALL PAGOS DESCARGADOS.txt
[ACTUALIZAR PAGOS · AUTO] 🧹 Excel MULTAS_SIGEMI_CRUCE eliminado (ya usado en el cruce): datos/descargas/cache_actas_cruce/MULTAS_SIGEMI_CRUCE.xlsx
[ACTUALIZAR PAGOS · AUTO] 🧹 Excel MULTAS_SIGI_CRUCE eliminado (ya usado en el cruce): datos/descargas/cache_actas_cruce/MULTAS_SIGI_CRUCE.xlsx
[ACTUALIZAR PAGOS · AUTO] ✅ CompararActasPaso finalizado. (⏱ 18.4s)
[ACTUALIZAR PAGOS · AUTO] ==================================================
[ACTUALIZAR PAGOS · AUTO] 🚀 PASO: CargarPagosPaso
[ACTUALIZAR PAGOS · AUTO] ==================================================
[ACTUALIZAR PAGOS · AUTO] ℹ No se encontraron pagos para actualizar (el TXT final no tiene registros).
[ACTUALIZAR PAGOS · AUTO] 🧹 TXT de pagos sin registros eliminado (nada para subir): datos/descargas/pagos/2026-08-15/PAGOS 20260815 001345.txt
[ACTUALIZAR PAGOS · AUTO] ⏭ Se omite la carga al SEMyT.
[ACTUALIZAR PAGOS · AUTO] ✅ CargarPagosPaso finalizado. (⏱ 0.0s)
[ACTUALIZAR PAGOS · AUTO] === Ejecución finalizada con éxito ===
[ACTUALIZAR PAGOS · AUTO] ℹ No se subió ningún archivo a ningún sistema externo en esta corrida: por política, el log detallado no se conserva en disco.
🤖 [Automático] Es hora de actualizar pagos. Arrancando...
[ACTUALIZAR PAGOS · AUTO] === Inicio de ejecución: pagos ===
[ACTUALIZAR PAGOS · AUTO] ==================================================
[ACTUALIZAR PAGOS · AUTO] 🚀 PASO: LoginSEMyTPaso
[ACTUALIZAR PAGOS · AUTO] ==================================================
[ACTUALIZAR PAGOS · AUTO] Abriendo SEMyT...
[ACTUALIZAR PAGOS · AUTO] ✅ [SEMyT] Sesión existente detectada. Login omitido.
[ACTUALIZAR PAGOS · AUTO] ✅ LoginSEMyTPaso finalizado. (⏱ 3.0s)
[ACTUALIZAR PAGOS · AUTO] ==================================================
[ACTUALIZAR PAGOS · AUTO] 🚀 PASO: LoginSIGIPaso
[ACTUALIZAR PAGOS · AUTO] ==================================================
[ACTUALIZAR PAGOS · AUTO] Abriendo sitio municipalidad (CiDi)...
[ACTUALIZAR PAGOS · AUTO] ✅ [SIGI] Sesión existente detectada. Login omitido.
[ACTUALIZAR PAGOS · AUTO] ✅ LoginSIGIPaso finalizado. (⏱ 1.0s)
[ACTUALIZAR PAGOS · AUTO] ==================================================
[ACTUALIZAR PAGOS · AUTO] 🚀 PASO: DescargasParalelasPaso
[ACTUALIZAR PAGOS · AUTO] ==================================================
[ACTUALIZAR PAGOS · AUTO] 📤 Arrancando las 3 descargas en paralelo (mismo browser, páginas separadas)...
[ACTUALIZAR PAGOS · AUTO] Fecha Desde: 27/06/2024
[ACTUALIZAR PAGOS · AUTO] Fecha Hasta: 24/11/2025
[ACTUALIZAR PAGOS · AUTO] Fecha Desde: 25/11/2025
[ACTUALIZAR PAGOS · AUTO] Fecha Hasta: 15/08/2026
[ACTUALIZAR PAGOS · AUTO] Descargando Excel...
[ACTUALIZAR PAGOS · AUTO] Descargando Excel...
⏳ [Automático] Tocaba disparar 'pagos' pero ya hay una ejecución en curso (Actualizar pagos); esperando a que termine; se reintenta en breve sin perder el turno.
[ACTUALIZAR PAGOS · AUTO] Archivo descargado en: datos/descargas/cache_actas_cruce/MULTAS_SIGI_CRUCE.xlsx
[ACTUALIZAR PAGOS · AUTO] ⏱ [actas_sigi] completado en 16.3s
[ACTUALIZAR PAGOS · AUTO] Archivo descargado en: datos/descargas/cache_actas_cruce/MULTAS_SIGEMI_CRUCE.xlsx
[ACTUALIZAR PAGOS · AUTO] ⏱ [actas_sigemi] completado en 24.1s
[ACTUALIZAR PAGOS · AUTO] ✅ TXT de pagos descargado en: datos/descargas/pagos/2026-08-15/ALL PAGOS DESCARGADOS.txt
[ACTUALIZAR PAGOS · AUTO] ⏱ [pagos_txt] completado en 30.3s
[ACTUALIZAR PAGOS · AUTO] ⏱ TOTAL descargas en paralelo: 30.3s
[ACTUALIZAR PAGOS · AUTO] ✅ DescargasParalelasPaso finalizado. (⏱ 30.9s)
[ACTUALIZAR PAGOS · AUTO] ==================================================
[ACTUALIZAR PAGOS · AUTO] 🚀 PASO: CompararActasPaso
[ACTUALIZAR PAGOS · AUTO] ==================================================
[ACTUALIZAR PAGOS · AUTO] 🔍 Comparando actas del SEMyT contra pagos del SIGI...
[ACTUALIZAR PAGOS · AUTO] ================================================================================
[ACTUALIZAR PAGOS · AUTO] INICIANDO PROCESO DE GENERACIÓN DE PAGOS DESACTUALIZADOS
[ACTUALIZAR PAGOS · AUTO] ================================================================================
[ACTUALIZAR PAGOS · AUTO] 📂 Cargando archivos...
[ACTUALIZAR PAGOS · AUTO]   ✓ Pagos: 21366 registros
[ACTUALIZAR PAGOS · AUTO]   ✓ Excel SIGEMI (multas vencidas viejas): 100998 registros
[ACTUALIZAR PAGOS · AUTO]   ✓ Excel SIGI (multas vencidas nuevas): 42766 registros
[ACTUALIZAR PAGOS · AUTO] ================================================================================
[ACTUALIZAR PAGOS · AUTO] PASO 1: LLENANDO ACTA_NUMERO (búsqueda por patente + fecha, con desempate por hora)
[ACTUALIZAR PAGOS · AUTO] ================================================================================
[ACTUALIZAR PAGOS · AUTO] 📊 ESTADÍSTICAS DE LLENADO DE ACTAS:
[ACTUALIZAR PAGOS · AUTO]   • Pagos con acta ORIGINAL: 5600
[ACTUALIZAR PAGOS · AUTO]   • Pagos SIN acta (buscados): 15766
[ACTUALIZAR PAGOS · AUTO]   • Pagos LLENADOS exitosamente: 0
[ACTUALIZAR PAGOS · AUTO]   • Pagos NO encontrados en multas: 15766
[ACTUALIZAR PAGOS · AUTO]   • Pagos SIN RESOLVER por desbalance de cantidades: 0
[ACTUALIZAR PAGOS · AUTO] ================================================================================
[ACTUALIZAR PAGOS · AUTO] PASO 1: LLENANDO ACTA_NUMERO (búsqueda por patente + fecha, con desempate por hora)
[ACTUALIZAR PAGOS · AUTO] ================================================================================
[ACTUALIZAR PAGOS · AUTO] 📊 ESTADÍSTICAS DE LLENADO DE ACTAS:
[ACTUALIZAR PAGOS · AUTO]   • Pagos con acta ORIGINAL: 5600
[ACTUALIZAR PAGOS · AUTO]   • Pagos SIN acta (buscados): 15766
[ACTUALIZAR PAGOS · AUTO]   • Pagos LLENADOS exitosamente: 0
[ACTUALIZAR PAGOS · AUTO]   • Pagos NO encontrados en multas: 15766
[ACTUALIZAR PAGOS · AUTO]   • Pagos SIN RESOLVER por desbalance de cantidades: 0
[ACTUALIZAR PAGOS · AUTO] ⏱ PASO 1 (llenar actas): 7.7s
[ACTUALIZAR PAGOS · AUTO] ================================================================================
[ACTUALIZAR PAGOS · AUTO] PASO 2: FILTRANDO PAGOS CON ACTA_NUMERO COMPLETO
[ACTUALIZAR PAGOS · AUTO] ================================================================================
[ACTUALIZAR PAGOS · AUTO] 📊 ESTADÍSTICAS DE FILTRADO:
[ACTUALIZAR PAGOS · AUTO]   • Pagos TOTALES al inicio: 21366
[ACTUALIZAR PAGOS · AUTO]   • Pagos CON acta (MANTIENEN): 5600
[ACTUALIZAR PAGOS · AUTO]   • Pagos RECHAZADOS (sin coincidencias): 15766
[ACTUALIZAR PAGOS · AUTO] ⚠️  Se eliminaron 15766 registros sin número de acta
[ACTUALIZAR PAGOS · AUTO]      (recordá: esto incluye tanto pagos ya actualizados/pagados
[ACTUALIZAR PAGOS · AUTO]       como pagos que quedaron sin resolver por desbalance en el Paso 1)
[ACTUALIZAR PAGOS · AUTO] ================================================================================
[ACTUALIZAR PAGOS · AUTO] PASO 2-bis: CONFIRMANDO VIGENCIA DE PAGOS (sistema NUEVO contra MULTAS_SIGI_CRUCE, sistema VIEJO contra SIGEMI)
[ACTUALIZAR PAGOS · AUTO] ================================================================================
[ACTUALIZAR PAGOS · AUTO]   ⚠ 5585 pago(s) descartados: su acta ya no figura como vencida en MULTAS_SIGI_CRUCE (SEMyT ya los actualizó).
[ACTUALIZAR PAGOS · AUTO]   ⚠ 15 pago(s) descartados: su acta ya no figura como vencida en el Excel de SIGEMI (SEMyT ya los actualizó).
[ACTUALIZAR PAGOS · AUTO]   • Pagos descartados en total por ya estar actualizados/pagados: 5600
[ACTUALIZAR PAGOS · AUTO] ⏱ PASO 2 (filtrar): 0.9s
[ACTUALIZAR PAGOS · AUTO] 📂 Cargando maestro de causas SIGEMI...
[ACTUALIZAR PAGOS · AUTO]   ✓ Causas totales (maestro): 134069 registros
[ACTUALIZAR PAGOS · AUTO] ================================================================================
[ACTUALIZAR PAGOS · AUTO] PASO 2.5: ARMANDO causas.txt SIMPLIFICADO (cruce contra total_causas_sigemi.txt)
[ACTUALIZAR PAGOS · AUTO] ================================================================================
[ACTUALIZAR PAGOS · AUTO]   • Actas vencidas viejas (multas): 100998
[ACTUALIZAR PAGOS · AUTO]   • Causas totales en el maestro SIGEMI: 134069
[ACTUALIZAR PAGOS · AUTO]   • Causas que coinciden (simplificado): 100687
[ACTUALIZAR PAGOS · AUTO]   ✅ Archivo escrito: datos/descargas/causas/causas.txt
[ACTUALIZAR PAGOS · AUTO] ⏱ PASO 2.5 (causas simplificado): 0.8s
[ACTUALIZAR PAGOS · AUTO] ⚠️  NO HAY PAGOS CON ACTA_NUMERO PARA PROCESAR
[ACTUALIZAR PAGOS · AUTO] Creando archivo vacío...
[ACTUALIZAR PAGOS · AUTO] ✅ TXT de pagos (ya cruzado con actas y causas) generado en: datos/descargas/pagos/2026-08-15/PAGOS 20260815 001643.txt
[ACTUALIZAR PAGOS · AUTO] 🧹 TXT de pagos crudo eliminado (ya usado en el cruce): datos/descargas/pagos/2026-08-15/ALL PAGOS DESCARGADOS.txt
[ACTUALIZAR PAGOS · AUTO] 🧹 Excel MULTAS_SIGEMI_CRUCE eliminado (ya usado en el cruce): datos/descargas/cache_actas_cruce/MULTAS_SIGEMI_CRUCE.xlsx
[ACTUALIZAR PAGOS · AUTO] 🧹 Excel MULTAS_SIGI_CRUCE eliminado (ya usado en el cruce): datos/descargas/cache_actas_cruce/MULTAS_SIGI_CRUCE.xlsx
[ACTUALIZAR PAGOS · AUTO] ✅ CompararActasPaso finalizado. (⏱ 18.4s)
[ACTUALIZAR PAGOS · AUTO] ==================================================
[ACTUALIZAR PAGOS · AUTO] 🚀 PASO: CargarPagosPaso
[ACTUALIZAR PAGOS · AUTO] ==================================================
[ACTUALIZAR PAGOS · AUTO] ℹ No se encontraron pagos para actualizar (el TXT final no tiene registros).
[ACTUALIZAR PAGOS · AUTO] 🧹 TXT de pagos sin registros eliminado (nada para subir): datos/descargas/pagos/2026-08-15/PAGOS 20260815 001643.txt
[ACTUALIZAR PAGOS · AUTO] ⏭ Se omite la carga al SEMyT.
[ACTUALIZAR PAGOS · AUTO] ✅ CargarPagosPaso finalizado. (⏱ 0.0s)
[ACTUALIZAR PAGOS · AUTO] === Ejecución finalizada con éxito ===
[ACTUALIZAR PAGOS · AUTO] ℹ No se subió ningún archivo a ningún sistema externo en esta corrida: por política, el log detallado no se conserva en disco.
🤖 [Automático] Es hora de actualizar pagos. Arrancando...
[ACTUALIZAR PAGOS · AUTO] === Inicio de ejecución: pagos ===
[ACTUALIZAR PAGOS · AUTO] ==================================================
[ACTUALIZAR PAGOS · AUTO] 🚀 PASO: LoginSEMyTPaso
[ACTUALIZAR PAGOS · AUTO] ==================================================
[ACTUALIZAR PAGOS · AUTO] Abriendo SEMyT...
[ACTUALIZAR PAGOS · AUTO] ✅ [SEMyT] Sesión existente detectada. Login omitido.
[ACTUALIZAR PAGOS · AUTO] ✅ LoginSEMyTPaso finalizado. (⏱ 2.9s)
[ACTUALIZAR PAGOS · AUTO] ==================================================
[ACTUALIZAR PAGOS · AUTO] 🚀 PASO: LoginSIGIPaso
[ACTUALIZAR PAGOS · AUTO] ==================================================
[ACTUALIZAR PAGOS · AUTO] Abriendo sitio municipalidad (CiDi)...
[ACTUALIZAR PAGOS · AUTO] ✅ [SIGI] Sesión existente detectada. Login omitido.
[ACTUALIZAR PAGOS · AUTO] ✅ LoginSIGIPaso finalizado. (⏱ 1.0s)
[ACTUALIZAR PAGOS · AUTO] ==================================================
[ACTUALIZAR PAGOS · AUTO] 🚀 PASO: DescargasParalelasPaso
[ACTUALIZAR PAGOS · AUTO] ==================================================
[ACTUALIZAR PAGOS · AUTO] 📤 Arrancando las 3 descargas en paralelo (mismo browser, páginas separadas)...
[ACTUALIZAR PAGOS · AUTO] Fecha Desde: 27/06/2024
[ACTUALIZAR PAGOS · AUTO] Fecha Hasta: 24/11/2025
[ACTUALIZAR PAGOS · AUTO] Fecha Desde: 25/11/2025
[ACTUALIZAR PAGOS · AUTO] Fecha Hasta: 15/08/2026
[ACTUALIZAR PAGOS · AUTO] Descargando Excel...
[ACTUALIZAR PAGOS · AUTO] Descargando Excel...
⏳ [Automático] Tocaba disparar 'pagos' pero ya hay una ejecución en curso (Actualizar pagos); esperando a que termine; se reintenta en breve sin perder el turno.
[ACTUALIZAR PAGOS · AUTO] Archivo descargado en: datos/descargas/cache_actas_cruce/MULTAS_SIGI_CRUCE.xlsx
[ACTUALIZAR PAGOS · AUTO] ⏱ [actas_sigi] completado en 13.7s
[ACTUALIZAR PAGOS · AUTO] Archivo descargado en: datos/descargas/cache_actas_cruce/MULTAS_SIGEMI_CRUCE.xlsx
[ACTUALIZAR PAGOS · AUTO] ⏱ [actas_sigemi] completado en 23.6s
[ACTUALIZAR PAGOS · AUTO] ✅ TXT de pagos descargado en: datos/descargas/pagos/2026-08-15/ALL PAGOS DESCARGADOS.txt
[ACTUALIZAR PAGOS · AUTO] ⏱ [pagos_txt] completado en 28.0s
[ACTUALIZAR PAGOS · AUTO] ⏱ TOTAL descargas en paralelo: 28.0s
[ACTUALIZAR PAGOS · AUTO] ✅ DescargasParalelasPaso finalizado. (⏱ 28.5s)
[ACTUALIZAR PAGOS · AUTO] ==================================================
[ACTUALIZAR PAGOS · AUTO] 🚀 PASO: CompararActasPaso
[ACTUALIZAR PAGOS · AUTO] ==================================================
[ACTUALIZAR PAGOS · AUTO] 🔍 Comparando actas del SEMyT contra pagos del SIGI...
[ACTUALIZAR PAGOS · AUTO] ================================================================================
[ACTUALIZAR PAGOS · AUTO] INICIANDO PROCESO DE GENERACIÓN DE PAGOS DESACTUALIZADOS
[ACTUALIZAR PAGOS · AUTO] ================================================================================
[ACTUALIZAR PAGOS · AUTO] 📂 Cargando archivos...
[ACTUALIZAR PAGOS · AUTO]   ✓ Pagos: 21366 registros
[ACTUALIZAR PAGOS · AUTO]   ✓ Excel SIGEMI (multas vencidas viejas): 100998 registros
[ACTUALIZAR PAGOS · AUTO]   ✓ Excel SIGI (multas vencidas nuevas): 42766 registros
[ACTUALIZAR PAGOS · AUTO] ================================================================================
[ACTUALIZAR PAGOS · AUTO] PASO 1: LLENANDO ACTA_NUMERO (búsqueda por patente + fecha, con desempate por hora)
[ACTUALIZAR PAGOS · AUTO] ================================================================================
[ACTUALIZAR PAGOS · AUTO] 📊 ESTADÍSTICAS DE LLENADO DE ACTAS:
[ACTUALIZAR PAGOS · AUTO]   • Pagos con acta ORIGINAL: 5600
[ACTUALIZAR PAGOS · AUTO]   • Pagos SIN acta (buscados): 15766
[ACTUALIZAR PAGOS · AUTO]   • Pagos LLENADOS exitosamente: 0
[ACTUALIZAR PAGOS · AUTO]   • Pagos NO encontrados en multas: 15766
[ACTUALIZAR PAGOS · AUTO]   • Pagos SIN RESOLVER por desbalance de cantidades: 0
[ACTUALIZAR PAGOS · AUTO] ================================================================================
[ACTUALIZAR PAGOS · AUTO] PASO 1: LLENANDO ACTA_NUMERO (búsqueda por patente + fecha, con desempate por hora)
[ACTUALIZAR PAGOS · AUTO] ================================================================================
[ACTUALIZAR PAGOS · AUTO] 📊 ESTADÍSTICAS DE LLENADO DE ACTAS:
[ACTUALIZAR PAGOS · AUTO]   • Pagos con acta ORIGINAL: 5600
[ACTUALIZAR PAGOS · AUTO]   • Pagos SIN acta (buscados): 15766
[ACTUALIZAR PAGOS · AUTO]   • Pagos LLENADOS exitosamente: 0
[ACTUALIZAR PAGOS · AUTO]   • Pagos NO encontrados en multas: 15766
[ACTUALIZAR PAGOS · AUTO]   • Pagos SIN RESOLVER por desbalance de cantidades: 0
[ACTUALIZAR PAGOS · AUTO] ⏱ PASO 1 (llenar actas): 7.9s
[ACTUALIZAR PAGOS · AUTO] ================================================================================
[ACTUALIZAR PAGOS · AUTO] PASO 2: FILTRANDO PAGOS CON ACTA_NUMERO COMPLETO
[ACTUALIZAR PAGOS · AUTO] ================================================================================
[ACTUALIZAR PAGOS · AUTO] 📊 ESTADÍSTICAS DE FILTRADO:
[ACTUALIZAR PAGOS · AUTO]   • Pagos TOTALES al inicio: 21366
[ACTUALIZAR PAGOS · AUTO]   • Pagos CON acta (MANTIENEN): 5600
[ACTUALIZAR PAGOS · AUTO]   • Pagos RECHAZADOS (sin coincidencias): 15766
[ACTUALIZAR PAGOS · AUTO] ⚠️  Se eliminaron 15766 registros sin número de acta
[ACTUALIZAR PAGOS · AUTO]      (recordá: esto incluye tanto pagos ya actualizados/pagados
[ACTUALIZAR PAGOS · AUTO]       como pagos que quedaron sin resolver por desbalance en el Paso 1)
[ACTUALIZAR PAGOS · AUTO] ================================================================================
[ACTUALIZAR PAGOS · AUTO] PASO 2-bis: CONFIRMANDO VIGENCIA DE PAGOS (sistema NUEVO contra MULTAS_SIGI_CRUCE, sistema VIEJO contra SIGEMI)
[ACTUALIZAR PAGOS · AUTO] ================================================================================
[ACTUALIZAR PAGOS · AUTO]   ⚠ 5585 pago(s) descartados: su acta ya no figura como vencida en MULTAS_SIGI_CRUCE (SEMyT ya los actualizó).
[ACTUALIZAR PAGOS · AUTO]   ⚠ 15 pago(s) descartados: su acta ya no figura como vencida en el Excel de SIGEMI (SEMyT ya los actualizó).
[ACTUALIZAR PAGOS · AUTO]   • Pagos descartados en total por ya estar actualizados/pagados: 5600
[ACTUALIZAR PAGOS · AUTO] ⏱ PASO 2 (filtrar): 0.9s
[ACTUALIZAR PAGOS · AUTO] 📂 Cargando maestro de causas SIGEMI...
[ACTUALIZAR PAGOS · AUTO]   ✓ Causas totales (maestro): 134069 registros
[ACTUALIZAR PAGOS · AUTO] ================================================================================
[ACTUALIZAR PAGOS · AUTO] PASO 2.5: ARMANDO causas.txt SIMPLIFICADO (cruce contra total_causas_sigemi.txt)
[ACTUALIZAR PAGOS · AUTO] ================================================================================
[ACTUALIZAR PAGOS · AUTO]   • Actas vencidas viejas (multas): 100998
[ACTUALIZAR PAGOS · AUTO]   • Causas totales en el maestro SIGEMI: 134069
[ACTUALIZAR PAGOS · AUTO]   • Causas que coinciden (simplificado): 100687
[ACTUALIZAR PAGOS · AUTO]   ✅ Archivo escrito: datos/descargas/causas/causas.txt
[ACTUALIZAR PAGOS · AUTO] ⏱ PASO 2.5 (causas simplificado): 0.9s
[ACTUALIZAR PAGOS · AUTO] ⚠️  NO HAY PAGOS CON ACTA_NUMERO PARA PROCESAR
[ACTUALIZAR PAGOS · AUTO] Creando archivo vacío...
[ACTUALIZAR PAGOS · AUTO] ✅ TXT de pagos (ya cruzado con actas y causas) generado en: datos/descargas/pagos/2026-08-15/PAGOS 20260815 001941.txt
[ACTUALIZAR PAGOS · AUTO] 🧹 TXT de pagos crudo eliminado (ya usado en el cruce): datos/descargas/pagos/2026-08-15/ALL PAGOS DESCARGADOS.txt
[ACTUALIZAR PAGOS · AUTO] 🧹 Excel MULTAS_SIGEMI_CRUCE eliminado (ya usado en el cruce): datos/descargas/cache_actas_cruce/MULTAS_SIGEMI_CRUCE.xlsx
[ACTUALIZAR PAGOS · AUTO] 🧹 Excel MULTAS_SIGI_CRUCE eliminado (ya usado en el cruce): datos/descargas/cache_actas_cruce/MULTAS_SIGI_CRUCE.xlsx
[ACTUALIZAR PAGOS · AUTO] ✅ CompararActasPaso finalizado. (⏱ 18.8s)
[ACTUALIZAR PAGOS · AUTO] ==================================================
[ACTUALIZAR PAGOS · AUTO] 🚀 PASO: CargarPagosPaso
[ACTUALIZAR PAGOS · AUTO] ==================================================
[ACTUALIZAR PAGOS · AUTO] ℹ No se encontraron pagos para actualizar (el TXT final no tiene registros).
[ACTUALIZAR PAGOS · AUTO] 🧹 TXT de pagos sin registros eliminado (nada para subir): datos/descargas/pagos/2026-08-15/PAGOS 20260815 001941.txt
[ACTUALIZAR PAGOS · AUTO] ⏭ Se omite la carga al SEMyT.
[ACTUALIZAR PAGOS · AUTO] ✅ CargarPagosPaso finalizado. (⏱ 0.0s)
[ACTUALIZAR PAGOS · AUTO] === Ejecución finalizada con éxito ===
[ACTUALIZAR PAGOS · AUTO] ℹ No se subió ningún archivo a ningún sistema externo en esta corrida: por política, el log detallado no se conserva en disco.
🤖 [Automático] Es hora de actualizar pagos. Arrancando...
[ACTUALIZAR PAGOS · AUTO] === Inicio de ejecución: pagos ===
[ACTUALIZAR PAGOS · AUTO] ==================================================
[ACTUALIZAR PAGOS · AUTO] 🚀 PASO: LoginSEMyTPaso
[ACTUALIZAR PAGOS · AUTO] ==================================================
[ACTUALIZAR PAGOS · AUTO] Abriendo SEMyT...
[ACTUALIZAR PAGOS · AUTO] ✅ [SEMyT] Sesión existente detectada. Login omitido.
[ACTUALIZAR PAGOS · AUTO] ✅ LoginSEMyTPaso finalizado. (⏱ 13.8s)
[ACTUALIZAR PAGOS · AUTO] ==================================================
[ACTUALIZAR PAGOS · AUTO] 🚀 PASO: LoginSIGIPaso
[ACTUALIZAR PAGOS · AUTO] ==================================================
[ACTUALIZAR PAGOS · AUTO] Abriendo sitio municipalidad (CiDi)...
⏳ [Automático] Tocaba disparar 'pagos' pero ya hay una ejecución en curso (Actualizar pagos); esperando a que termine; se reintenta en breve sin perder el turno.
[ACTUALIZAR PAGOS · AUTO] ✅ [SIGI] Sesión existente detectada. Login omitido.
[ACTUALIZAR PAGOS · AUTO] ✅ LoginSIGIPaso finalizado. (⏱ 1.0s)
[ACTUALIZAR PAGOS · AUTO] ==================================================
[ACTUALIZAR PAGOS · AUTO] 🚀 PASO: DescargasParalelasPaso
[ACTUALIZAR PAGOS · AUTO] ==================================================
[ACTUALIZAR PAGOS · AUTO] 📤 Arrancando las 3 descargas en paralelo (mismo browser, páginas separadas)...
[ACTUALIZAR PAGOS · AUTO] Fecha Desde: 27/06/2024
[ACTUALIZAR PAGOS · AUTO] Fecha Hasta: 24/11/2025
[ACTUALIZAR PAGOS · AUTO] Fecha Desde: 25/11/2025
[ACTUALIZAR PAGOS · AUTO] Fecha Hasta: 15/08/2026
[ACTUALIZAR PAGOS · AUTO] Descargando Excel...
[ACTUALIZAR PAGOS · AUTO] Descargando Excel...
[ACTUALIZAR PAGOS · AUTO] Archivo descargado en: datos/descargas/cache_actas_cruce/MULTAS_SIGI_CRUCE.xlsx
[ACTUALIZAR PAGOS · AUTO] ⏱ [actas_sigi] completado en 15.6s
[ACTUALIZAR PAGOS · AUTO] Archivo descargado en: datos/descargas/cache_actas_cruce/MULTAS_SIGEMI_CRUCE.xlsx
[ACTUALIZAR PAGOS · AUTO] ⏱ [actas_sigemi] completado en 28.5s
[ACTUALIZAR PAGOS · AUTO] ✅ TXT de pagos descargado en: datos/descargas/pagos/2026-08-15/ALL PAGOS DESCARGADOS.txt
[ACTUALIZAR PAGOS · AUTO] ⏱ [pagos_txt] completado en 37.2s
[ACTUALIZAR PAGOS · AUTO] ⏱ TOTAL descargas en paralelo: 37.2s
[ACTUALIZAR PAGOS · AUTO] ✅ DescargasParalelasPaso finalizado. (⏱ 37.7s)
[ACTUALIZAR PAGOS · AUTO] ==================================================
[ACTUALIZAR PAGOS · AUTO] 🚀 PASO: CompararActasPaso
[ACTUALIZAR PAGOS · AUTO] ==================================================
[ACTUALIZAR PAGOS · AUTO] 🔍 Comparando actas del SEMyT contra pagos del SIGI...
[ACTUALIZAR PAGOS · AUTO] ================================================================================
[ACTUALIZAR PAGOS · AUTO] INICIANDO PROCESO DE GENERACIÓN DE PAGOS DESACTUALIZADOS
[ACTUALIZAR PAGOS · AUTO] ================================================================================
[ACTUALIZAR PAGOS · AUTO] 📂 Cargando archivos...
[ACTUALIZAR PAGOS · AUTO]   ✓ Pagos: 21366 registros
[ACTUALIZAR PAGOS · AUTO]   ✓ Excel SIGEMI (multas vencidas viejas): 100998 registros
[ACTUALIZAR PAGOS · AUTO]   ✓ Excel SIGI (multas vencidas nuevas): 42766 registros
[ACTUALIZAR PAGOS · AUTO] ================================================================================
[ACTUALIZAR PAGOS · AUTO] PASO 1: LLENANDO ACTA_NUMERO (búsqueda por patente + fecha, con desempate por hora)
[ACTUALIZAR PAGOS · AUTO] ================================================================================
[ACTUALIZAR PAGOS · AUTO] 📊 ESTADÍSTICAS DE LLENADO DE ACTAS:
[ACTUALIZAR PAGOS · AUTO]   • Pagos con acta ORIGINAL: 5600
[ACTUALIZAR PAGOS · AUTO]   • Pagos SIN acta (buscados): 15766
[ACTUALIZAR PAGOS · AUTO]   • Pagos LLENADOS exitosamente: 0
[ACTUALIZAR PAGOS · AUTO]   • Pagos NO encontrados en multas: 15766
[ACTUALIZAR PAGOS · AUTO]   • Pagos SIN RESOLVER por desbalance de cantidades: 0
[ACTUALIZAR PAGOS · AUTO] ================================================================================
[ACTUALIZAR PAGOS · AUTO] PASO 1: LLENANDO ACTA_NUMERO (búsqueda por patente + fecha, con desempate por hora)
[ACTUALIZAR PAGOS · AUTO] ================================================================================
[ACTUALIZAR PAGOS · AUTO] 📊 ESTADÍSTICAS DE LLENADO DE ACTAS:
[ACTUALIZAR PAGOS · AUTO]   • Pagos con acta ORIGINAL: 5600
[ACTUALIZAR PAGOS · AUTO]   • Pagos SIN acta (buscados): 15766
[ACTUALIZAR PAGOS · AUTO]   • Pagos LLENADOS exitosamente: 0
[ACTUALIZAR PAGOS · AUTO]   • Pagos NO encontrados en multas: 15766
[ACTUALIZAR PAGOS · AUTO]   • Pagos SIN RESOLVER por desbalance de cantidades: 0
[ACTUALIZAR PAGOS · AUTO] ⏱ PASO 1 (llenar actas): 7.6s
[ACTUALIZAR PAGOS · AUTO] ================================================================================
[ACTUALIZAR PAGOS · AUTO] PASO 2: FILTRANDO PAGOS CON ACTA_NUMERO COMPLETO
[ACTUALIZAR PAGOS · AUTO] ================================================================================
[ACTUALIZAR PAGOS · AUTO] 📊 ESTADÍSTICAS DE FILTRADO:
[ACTUALIZAR PAGOS · AUTO]   • Pagos TOTALES al inicio: 21366
[ACTUALIZAR PAGOS · AUTO]   • Pagos CON acta (MANTIENEN): 5600
[ACTUALIZAR PAGOS · AUTO]   • Pagos RECHAZADOS (sin coincidencias): 15766
[ACTUALIZAR PAGOS · AUTO] ⚠️  Se eliminaron 15766 registros sin número de acta
[ACTUALIZAR PAGOS · AUTO]      (recordá: esto incluye tanto pagos ya actualizados/pagados
[ACTUALIZAR PAGOS · AUTO]       como pagos que quedaron sin resolver por desbalance en el Paso 1)
[ACTUALIZAR PAGOS · AUTO] ================================================================================
[ACTUALIZAR PAGOS · AUTO] PASO 2-bis: CONFIRMANDO VIGENCIA DE PAGOS (sistema NUEVO contra MULTAS_SIGI_CRUCE, sistema VIEJO contra SIGEMI)
[ACTUALIZAR PAGOS · AUTO] ================================================================================
[ACTUALIZAR PAGOS · AUTO]   ⚠ 5585 pago(s) descartados: su acta ya no figura como vencida en MULTAS_SIGI_CRUCE (SEMyT ya los actualizó).
[ACTUALIZAR PAGOS · AUTO]   ⚠ 15 pago(s) descartados: su acta ya no figura como vencida en el Excel de SIGEMI (SEMyT ya los actualizó).
[ACTUALIZAR PAGOS · AUTO]   • Pagos descartados en total por ya estar actualizados/pagados: 5600
[ACTUALIZAR PAGOS · AUTO] ⏱ PASO 2 (filtrar): 0.9s
[ACTUALIZAR PAGOS · AUTO] 📂 Cargando maestro de causas SIGEMI...
[ACTUALIZAR PAGOS · AUTO]   ✓ Causas totales (maestro): 134069 registros
[ACTUALIZAR PAGOS · AUTO] ================================================================================
[ACTUALIZAR PAGOS · AUTO] PASO 2.5: ARMANDO causas.txt SIMPLIFICADO (cruce contra total_causas_sigemi.txt)
[ACTUALIZAR PAGOS · AUTO] ================================================================================
[ACTUALIZAR PAGOS · AUTO]   • Actas vencidas viejas (multas): 100998
[ACTUALIZAR PAGOS · AUTO]   • Causas totales en el maestro SIGEMI: 134069
[ACTUALIZAR PAGOS · AUTO]   • Causas que coinciden (simplificado): 100687
[ACTUALIZAR PAGOS · AUTO]   ✅ Archivo escrito: datos/descargas/causas/causas.txt
[ACTUALIZAR PAGOS · AUTO] ⏱ PASO 2.5 (causas simplificado): 0.8s
[ACTUALIZAR PAGOS · AUTO] ⚠️  NO HAY PAGOS CON ACTA_NUMERO PARA PROCESAR
[ACTUALIZAR PAGOS · AUTO] Creando archivo vacío...
[ACTUALIZAR PAGOS · AUTO] ✅ TXT de pagos (ya cruzado con actas y causas) generado en: datos/descargas/pagos/2026-08-15/PAGOS 20260815 002301.txt
[ACTUALIZAR PAGOS · AUTO] 🧹 TXT de pagos crudo eliminado (ya usado en el cruce): datos/descargas/pagos/2026-08-15/ALL PAGOS DESCARGADOS.txt
[ACTUALIZAR PAGOS · AUTO] 🧹 Excel MULTAS_SIGEMI_CRUCE eliminado (ya usado en el cruce): datos/descargas/cache_actas_cruce/MULTAS_SIGEMI_CRUCE.xlsx
[ACTUALIZAR PAGOS · AUTO] 🧹 Excel MULTAS_SIGI_CRUCE eliminado (ya usado en el cruce): datos/descargas/cache_actas_cruce/MULTAS_SIGI_CRUCE.xlsx
[ACTUALIZAR PAGOS · AUTO] ✅ CompararActasPaso finalizado. (⏱ 18.5s)
[ACTUALIZAR PAGOS · AUTO] ==================================================
[ACTUALIZAR PAGOS · AUTO] 🚀 PASO: CargarPagosPaso
[ACTUALIZAR PAGOS · AUTO] ==================================================
[ACTUALIZAR PAGOS · AUTO] ℹ No se encontraron pagos para actualizar (el TXT final no tiene registros).
[ACTUALIZAR PAGOS · AUTO] 🧹 TXT de pagos sin registros eliminado (nada para subir): datos/descargas/pagos/2026-08-15/PAGOS 20260815 002301.txt
[ACTUALIZAR PAGOS · AUTO] ⏭ Se omite la carga al SEMyT.
[ACTUALIZAR PAGOS · AUTO] ✅ CargarPagosPaso finalizado. (⏱ 0.0s)
[ACTUALIZAR PAGOS · AUTO] === Ejecución finalizada con éxito ===
[ACTUALIZAR PAGOS · AUTO] ℹ No se subió ningún archivo a ningún sistema externo en esta corrida: por política, el log detallado no se conserva en disco.
🤖 [Automático] Es hora de actualizar pagos. Arrancando...
[ACTUALIZAR PAGOS · AUTO] === Inicio de ejecución: pagos ===
[ACTUALIZAR PAGOS · AUTO] ==================================================
[ACTUALIZAR PAGOS · AUTO] 🚀 PASO: LoginSEMyTPaso
[ACTUALIZAR PAGOS · AUTO] ==================================================
[ACTUALIZAR PAGOS · AUTO] Abriendo SEMyT...
[ACTUALIZAR PAGOS · AUTO] ✅ [SEMyT] Sesión existente detectada. Login omitido.
[ACTUALIZAR PAGOS · AUTO] ✅ LoginSEMyTPaso finalizado. (⏱ 3.0s)
[ACTUALIZAR PAGOS · AUTO] ==================================================
[ACTUALIZAR PAGOS · AUTO] 🚀 PASO: LoginSIGIPaso
[ACTUALIZAR PAGOS · AUTO] ==================================================
[ACTUALIZAR PAGOS · AUTO] Abriendo sitio municipalidad (CiDi)...
[ACTUALIZAR PAGOS · AUTO] ✅ [SIGI] Sesión existente detectada. Login omitido.
[ACTUALIZAR PAGOS · AUTO] ✅ LoginSIGIPaso finalizado. (⏱ 0.8s)
[ACTUALIZAR PAGOS · AUTO] ==================================================
[ACTUALIZAR PAGOS · AUTO] 🚀 PASO: DescargasParalelasPaso
[ACTUALIZAR PAGOS · AUTO] ==================================================
[ACTUALIZAR PAGOS · AUTO] 📤 Arrancando las 3 descargas en paralelo (mismo browser, páginas separadas)...
[ACTUALIZAR PAGOS · AUTO] Fecha Desde: 27/06/2024
[ACTUALIZAR PAGOS · AUTO] Fecha Hasta: 24/11/2025
[ACTUALIZAR PAGOS · AUTO] Fecha Desde: 25/11/2025
[ACTUALIZAR PAGOS · AUTO] Fecha Hasta: 15/08/2026
[ACTUALIZAR PAGOS · AUTO] Descargando Excel...
[ACTUALIZAR PAGOS · AUTO] Descargando Excel...
⏳ [Automático] Tocaba disparar 'pagos' pero ya hay una ejecución en curso (Actualizar pagos); esperando a que termine; se reintenta en breve sin perder el turno.
[ACTUALIZAR PAGOS · AUTO] Archivo descargado en: datos/descargas/cache_actas_cruce/MULTAS_SIGI_CRUCE.xlsx
[ACTUALIZAR PAGOS · AUTO] ⏱ [actas_sigi] completado en 17.4s
[ACTUALIZAR PAGOS · AUTO] Archivo descargado en: datos/descargas/cache_actas_cruce/MULTAS_SIGEMI_CRUCE.xlsx
[ACTUALIZAR PAGOS · AUTO] ⏱ [actas_sigemi] completado en 24.1s
[ACTUALIZAR PAGOS · AUTO] ✅ TXT de pagos descargado en: datos/descargas/pagos/2026-08-15/ALL PAGOS DESCARGADOS.txt
[ACTUALIZAR PAGOS · AUTO] ⏱ [pagos_txt] completado en 38.5s
[ACTUALIZAR PAGOS · AUTO] ⏱ TOTAL descargas en paralelo: 38.5s
[ACTUALIZAR PAGOS · AUTO] ✅ DescargasParalelasPaso finalizado. (⏱ 39.1s)
[ACTUALIZAR PAGOS · AUTO] ==================================================
[ACTUALIZAR PAGOS · AUTO] 🚀 PASO: CompararActasPaso
[ACTUALIZAR PAGOS · AUTO] ==================================================
[ACTUALIZAR PAGOS · AUTO] 🔍 Comparando actas del SEMyT contra pagos del SIGI...
[ACTUALIZAR PAGOS · AUTO] ================================================================================
[ACTUALIZAR PAGOS · AUTO] INICIANDO PROCESO DE GENERACIÓN DE PAGOS DESACTUALIZADOS
[ACTUALIZAR PAGOS · AUTO] ================================================================================
[ACTUALIZAR PAGOS · AUTO] 📂 Cargando archivos...
[ACTUALIZAR PAGOS · AUTO]   ✓ Pagos: 21366 registros
[ACTUALIZAR PAGOS · AUTO]   ✓ Excel SIGEMI (multas vencidas viejas): 100998 registros
[ACTUALIZAR PAGOS · AUTO]   ✓ Excel SIGI (multas vencidas nuevas): 42766 registros
[ACTUALIZAR PAGOS · AUTO] ================================================================================
[ACTUALIZAR PAGOS · AUTO] PASO 1: LLENANDO ACTA_NUMERO (búsqueda por patente + fecha, con desempate por hora)
[ACTUALIZAR PAGOS · AUTO] ================================================================================
[ACTUALIZAR PAGOS · AUTO] 📊 ESTADÍSTICAS DE LLENADO DE ACTAS:
[ACTUALIZAR PAGOS · AUTO]   • Pagos con acta ORIGINAL: 5600
[ACTUALIZAR PAGOS · AUTO]   • Pagos SIN acta (buscados): 15766
[ACTUALIZAR PAGOS · AUTO]   • Pagos LLENADOS exitosamente: 0
[ACTUALIZAR PAGOS · AUTO]   • Pagos NO encontrados en multas: 15766
[ACTUALIZAR PAGOS · AUTO]   • Pagos SIN RESOLVER por desbalance de cantidades: 0
[ACTUALIZAR PAGOS · AUTO] ================================================================================
[ACTUALIZAR PAGOS · AUTO] PASO 1: LLENANDO ACTA_NUMERO (búsqueda por patente + fecha, con desempate por hora)
[ACTUALIZAR PAGOS · AUTO] ================================================================================
[ACTUALIZAR PAGOS · AUTO] 📊 ESTADÍSTICAS DE LLENADO DE ACTAS:
[ACTUALIZAR PAGOS · AUTO]   • Pagos con acta ORIGINAL: 5600
[ACTUALIZAR PAGOS · AUTO]   • Pagos SIN acta (buscados): 15766
[ACTUALIZAR PAGOS · AUTO]   • Pagos LLENADOS exitosamente: 0
[ACTUALIZAR PAGOS · AUTO]   • Pagos NO encontrados en multas: 15766
[ACTUALIZAR PAGOS · AUTO]   • Pagos SIN RESOLVER por desbalance de cantidades: 0
[ACTUALIZAR PAGOS · AUTO] ⏱ PASO 1 (llenar actas): 7.6s
[ACTUALIZAR PAGOS · AUTO] ================================================================================
[ACTUALIZAR PAGOS · AUTO] PASO 2: FILTRANDO PAGOS CON ACTA_NUMERO COMPLETO
[ACTUALIZAR PAGOS · AUTO] ================================================================================
[ACTUALIZAR PAGOS · AUTO] 📊 ESTADÍSTICAS DE FILTRADO:
[ACTUALIZAR PAGOS · AUTO]   • Pagos TOTALES al inicio: 21366
[ACTUALIZAR PAGOS · AUTO]   • Pagos CON acta (MANTIENEN): 5600
[ACTUALIZAR PAGOS · AUTO]   • Pagos RECHAZADOS (sin coincidencias): 15766
[ACTUALIZAR PAGOS · AUTO] ⚠️  Se eliminaron 15766 registros sin número de acta
[ACTUALIZAR PAGOS · AUTO]      (recordá: esto incluye tanto pagos ya actualizados/pagados
[ACTUALIZAR PAGOS · AUTO]       como pagos que quedaron sin resolver por desbalance en el Paso 1)
[ACTUALIZAR PAGOS · AUTO] ================================================================================
[ACTUALIZAR PAGOS · AUTO] PASO 2-bis: CONFIRMANDO VIGENCIA DE PAGOS (sistema NUEVO contra MULTAS_SIGI_CRUCE, sistema VIEJO contra SIGEMI)
[ACTUALIZAR PAGOS · AUTO] ================================================================================
[ACTUALIZAR PAGOS · AUTO]   ⚠ 5585 pago(s) descartados: su acta ya no figura como vencida en MULTAS_SIGI_CRUCE (SEMyT ya los actualizó).
[ACTUALIZAR PAGOS · AUTO]   ⚠ 15 pago(s) descartados: su acta ya no figura como vencida en el Excel de SIGEMI (SEMyT ya los actualizó).
[ACTUALIZAR PAGOS · AUTO]   • Pagos descartados en total por ya estar actualizados/pagados: 5600
[ACTUALIZAR PAGOS · AUTO] ⏱ PASO 2 (filtrar): 0.9s
[ACTUALIZAR PAGOS · AUTO] 📂 Cargando maestro de causas SIGEMI...
[ACTUALIZAR PAGOS · AUTO]   ✓ Causas totales (maestro): 134069 registros
[ACTUALIZAR PAGOS · AUTO] ================================================================================
[ACTUALIZAR PAGOS · AUTO] PASO 2.5: ARMANDO causas.txt SIMPLIFICADO (cruce contra total_causas_sigemi.txt)
[ACTUALIZAR PAGOS · AUTO] ================================================================================
[ACTUALIZAR PAGOS · AUTO]   • Actas vencidas viejas (multas): 100998
[ACTUALIZAR PAGOS · AUTO]   • Causas totales en el maestro SIGEMI: 134069
[ACTUALIZAR PAGOS · AUTO]   • Causas que coinciden (simplificado): 100687
[ACTUALIZAR PAGOS · AUTO]   ✅ Archivo escrito: datos/descargas/causas/causas.txt
[ACTUALIZAR PAGOS · AUTO] ⏱ PASO 2.5 (causas simplificado): 0.8s
[ACTUALIZAR PAGOS · AUTO] ⚠️  NO HAY PAGOS CON ACTA_NUMERO PARA PROCESAR
[ACTUALIZAR PAGOS · AUTO] Creando archivo vacío...
[ACTUALIZAR PAGOS · AUTO] ✅ TXT de pagos (ya cruzado con actas y causas) generado en: datos/descargas/pagos/2026-08-15/PAGOS 20260815 002606.txt
[ACTUALIZAR PAGOS · AUTO] 🧹 TXT de pagos crudo eliminado (ya usado en el cruce): datos/descargas/pagos/2026-08-15/ALL PAGOS DESCARGADOS.txt
[ACTUALIZAR PAGOS · AUTO] 🧹 Excel MULTAS_SIGEMI_CRUCE eliminado (ya usado en el cruce): datos/descargas/cache_actas_cruce/MULTAS_SIGEMI_CRUCE.xlsx
[ACTUALIZAR PAGOS · AUTO] 🧹 Excel MULTAS_SIGI_CRUCE eliminado (ya usado en el cruce): datos/descargas/cache_actas_cruce/MULTAS_SIGI_CRUCE.xlsx
[ACTUALIZAR PAGOS · AUTO] ✅ CompararActasPaso finalizado. (⏱ 18.3s)
[ACTUALIZAR PAGOS · AUTO] ==================================================
[ACTUALIZAR PAGOS · AUTO] 🚀 PASO: CargarPagosPaso
[ACTUALIZAR PAGOS · AUTO] ==================================================
[ACTUALIZAR PAGOS · AUTO] ℹ No se encontraron pagos para actualizar (el TXT final no tiene registros).
[ACTUALIZAR PAGOS · AUTO] 🧹 TXT de pagos sin registros eliminado (nada para subir): datos/descargas/pagos/2026-08-15/PAGOS 20260815 002606.txt
[ACTUALIZAR PAGOS · AUTO] ⏭ Se omite la carga al SEMyT.
[ACTUALIZAR PAGOS · AUTO] ✅ CargarPagosPaso finalizado. (⏱ 0.0s)
[ACTUALIZAR PAGOS · AUTO] === Ejecución finalizada con éxito ===
[ACTUALIZAR PAGOS · AUTO] ℹ No se subió ningún archivo a ningún sistema externo en esta corrida: por política, el log detallado no se conserva en disco.
🤖 [Automático] Es hora de actualizar pagos. Arrancando...
[ACTUALIZAR PAGOS · AUTO] === Inicio de ejecución: pagos ===
[ACTUALIZAR PAGOS · AUTO] ==================================================
[ACTUALIZAR PAGOS · AUTO] 🚀 PASO: LoginSEMyTPaso
[ACTUALIZAR PAGOS · AUTO] ==================================================
[ACTUALIZAR PAGOS · AUTO] Abriendo SEMyT...
[ACTUALIZAR PAGOS · AUTO] ✅ [SEMyT] Sesión existente detectada. Login omitido.
[ACTUALIZAR PAGOS · AUTO] ✅ LoginSEMyTPaso finalizado. (⏱ 3.0s)
[ACTUALIZAR PAGOS · AUTO] ==================================================
[ACTUALIZAR PAGOS · AUTO] 🚀 PASO: LoginSIGIPaso
[ACTUALIZAR PAGOS · AUTO] ==================================================
[ACTUALIZAR PAGOS · AUTO] Abriendo sitio municipalidad (CiDi)...
[ACTUALIZAR PAGOS · AUTO] ✅ [SIGI] Sesión existente detectada. Login omitido.
[ACTUALIZAR PAGOS · AUTO] ✅ LoginSIGIPaso finalizado. (⏱ 0.9s)
[ACTUALIZAR PAGOS · AUTO] ==================================================
[ACTUALIZAR PAGOS · AUTO] 🚀 PASO: DescargasParalelasPaso
[ACTUALIZAR PAGOS · AUTO] ==================================================
[ACTUALIZAR PAGOS · AUTO] 📤 Arrancando las 3 descargas en paralelo (mismo browser, páginas separadas)...
[ACTUALIZAR PAGOS · AUTO] Fecha Desde: 27/06/2024
[ACTUALIZAR PAGOS · AUTO] Fecha Hasta: 24/11/2025
[ACTUALIZAR PAGOS · AUTO] Fecha Desde: 25/11/2025
[ACTUALIZAR PAGOS · AUTO] Fecha Hasta: 15/08/2026
[ACTUALIZAR PAGOS · AUTO] Descargando Excel...
[ACTUALIZAR PAGOS · AUTO] Descargando Excel...
[ACTUALIZAR PAGOS · AUTO] Archivo descargado en: datos/descargas/cache_actas_cruce/MULTAS_SIGI_CRUCE.xlsx
⏳ [Automático] Tocaba disparar 'pagos' pero ya hay una ejecución en curso (Actualizar pagos); esperando a que termine; se reintenta en breve sin perder el turno.
[ACTUALIZAR PAGOS · AUTO] ⏱ [actas_sigi] completado en 12.4s
[ACTUALIZAR PAGOS · AUTO] Archivo descargado en: datos/descargas/cache_actas_cruce/MULTAS_SIGEMI_CRUCE.xlsx
[ACTUALIZAR PAGOS · AUTO] ⏱ [actas_sigemi] completado en 23.6s
[ACTUALIZAR PAGOS · AUTO] ✅ TXT de pagos descargado en: datos/descargas/pagos/2026-08-15/ALL PAGOS DESCARGADOS.txt
[ACTUALIZAR PAGOS · AUTO] ⏱ [pagos_txt] completado en 31.2s
[ACTUALIZAR PAGOS · AUTO] ⏱ TOTAL descargas en paralelo: 31.2s
[ACTUALIZAR PAGOS · AUTO] ✅ DescargasParalelasPaso finalizado. (⏱ 31.8s)
[ACTUALIZAR PAGOS · AUTO] ==================================================
[ACTUALIZAR PAGOS · AUTO] 🚀 PASO: CompararActasPaso
[ACTUALIZAR PAGOS · AUTO] ==================================================
[ACTUALIZAR PAGOS · AUTO] 🔍 Comparando actas del SEMyT contra pagos del SIGI...
[ACTUALIZAR PAGOS · AUTO] ================================================================================
[ACTUALIZAR PAGOS · AUTO] INICIANDO PROCESO DE GENERACIÓN DE PAGOS DESACTUALIZADOS
[ACTUALIZAR PAGOS · AUTO] ================================================================================
[ACTUALIZAR PAGOS · AUTO] 📂 Cargando archivos...
[ACTUALIZAR PAGOS · AUTO]   ✓ Pagos: 21366 registros
[ACTUALIZAR PAGOS · AUTO]   ✓ Excel SIGEMI (multas vencidas viejas): 100998 registros
[ACTUALIZAR PAGOS · AUTO]   ✓ Excel SIGI (multas vencidas nuevas): 42766 registros
[ACTUALIZAR PAGOS · AUTO] ================================================================================
[ACTUALIZAR PAGOS · AUTO] PASO 1: LLENANDO ACTA_NUMERO (búsqueda por patente + fecha, con desempate por hora)
[ACTUALIZAR PAGOS · AUTO] ================================================================================
[ACTUALIZAR PAGOS · AUTO] 📊 ESTADÍSTICAS DE LLENADO DE ACTAS:
[ACTUALIZAR PAGOS · AUTO]   • Pagos con acta ORIGINAL: 5600
[ACTUALIZAR PAGOS · AUTO]   • Pagos SIN acta (buscados): 15766
[ACTUALIZAR PAGOS · AUTO]   • Pagos LLENADOS exitosamente: 0
[ACTUALIZAR PAGOS · AUTO]   • Pagos NO encontrados en multas: 15766
[ACTUALIZAR PAGOS · AUTO]   • Pagos SIN RESOLVER por desbalance de cantidades: 0
[ACTUALIZAR PAGOS · AUTO] ================================================================================
[ACTUALIZAR PAGOS · AUTO] PASO 1: LLENANDO ACTA_NUMERO (búsqueda por patente + fecha, con desempate por hora)
[ACTUALIZAR PAGOS · AUTO] ================================================================================
[ACTUALIZAR PAGOS · AUTO] 📊 ESTADÍSTICAS DE LLENADO DE ACTAS:
[ACTUALIZAR PAGOS · AUTO]   • Pagos con acta ORIGINAL: 5600
[ACTUALIZAR PAGOS · AUTO]   • Pagos SIN acta (buscados): 15766
[ACTUALIZAR PAGOS · AUTO]   • Pagos LLENADOS exitosamente: 0
[ACTUALIZAR PAGOS · AUTO]   • Pagos NO encontrados en multas: 15766
[ACTUALIZAR PAGOS · AUTO]   • Pagos SIN RESOLVER por desbalance de cantidades: 0
[ACTUALIZAR PAGOS · AUTO] ⏱ PASO 1 (llenar actas): 7.6s
[ACTUALIZAR PAGOS · AUTO] ================================================================================
[ACTUALIZAR PAGOS · AUTO] PASO 2: FILTRANDO PAGOS CON ACTA_NUMERO COMPLETO
[ACTUALIZAR PAGOS · AUTO] ================================================================================
[ACTUALIZAR PAGOS · AUTO] 📊 ESTADÍSTICAS DE FILTRADO:
[ACTUALIZAR PAGOS · AUTO]   • Pagos TOTALES al inicio: 21366
[ACTUALIZAR PAGOS · AUTO]   • Pagos CON acta (MANTIENEN): 5600
[ACTUALIZAR PAGOS · AUTO]   • Pagos RECHAZADOS (sin coincidencias): 15766
[ACTUALIZAR PAGOS · AUTO] ⚠️  Se eliminaron 15766 registros sin número de acta
[ACTUALIZAR PAGOS · AUTO]      (recordá: esto incluye tanto pagos ya actualizados/pagados
[ACTUALIZAR PAGOS · AUTO]       como pagos que quedaron sin resolver por desbalance en el Paso 1)
[ACTUALIZAR PAGOS · AUTO] ================================================================================
[ACTUALIZAR PAGOS · AUTO] PASO 2-bis: CONFIRMANDO VIGENCIA DE PAGOS (sistema NUEVO contra MULTAS_SIGI_CRUCE, sistema VIEJO contra SIGEMI)
[ACTUALIZAR PAGOS · AUTO] ================================================================================
[ACTUALIZAR PAGOS · AUTO]   ⚠ 5585 pago(s) descartados: su acta ya no figura como vencida en MULTAS_SIGI_CRUCE (SEMyT ya los actualizó).
[ACTUALIZAR PAGOS · AUTO]   ⚠ 15 pago(s) descartados: su acta ya no figura como vencida en el Excel de SIGEMI (SEMyT ya los actualizó).
[ACTUALIZAR PAGOS · AUTO]   • Pagos descartados en total por ya estar actualizados/pagados: 5600
[ACTUALIZAR PAGOS · AUTO] ⏱ PASO 2 (filtrar): 0.9s
[ACTUALIZAR PAGOS · AUTO] 📂 Cargando maestro de causas SIGEMI...
[ACTUALIZAR PAGOS · AUTO]   ✓ Causas totales (maestro): 134069 registros
[ACTUALIZAR PAGOS · AUTO] ================================================================================
[ACTUALIZAR PAGOS · AUTO] PASO 2.5: ARMANDO causas.txt SIMPLIFICADO (cruce contra total_causas_sigemi.txt)
[ACTUALIZAR PAGOS · AUTO] ================================================================================
[ACTUALIZAR PAGOS · AUTO]   • Actas vencidas viejas (multas): 100998
[ACTUALIZAR PAGOS · AUTO]   • Causas totales en el maestro SIGEMI: 134069
[ACTUALIZAR PAGOS · AUTO]   • Causas que coinciden (simplificado): 100687
[ACTUALIZAR PAGOS · AUTO]   ✅ Archivo escrito: datos/descargas/causas/causas.txt
[ACTUALIZAR PAGOS · AUTO] ⏱ PASO 2.5 (causas simplificado): 0.8s
[ACTUALIZAR PAGOS · AUTO] ⚠️  NO HAY PAGOS CON ACTA_NUMERO PARA PROCESAR
[ACTUALIZAR PAGOS · AUTO] Creando archivo vacío...
[ACTUALIZAR PAGOS · AUTO] ✅ TXT de pagos (ya cruzado con actas y causas) generado en: datos/descargas/pagos/2026-08-15/PAGOS 20260815 002914.txt
[ACTUALIZAR PAGOS · AUTO] 🧹 TXT de pagos crudo eliminado (ya usado en el cruce): datos/descargas/pagos/2026-08-15/ALL PAGOS DESCARGADOS.txt
[ACTUALIZAR PAGOS · AUTO] 🧹 Excel MULTAS_SIGEMI_CRUCE eliminado (ya usado en el cruce): datos/descargas/cache_actas_cruce/MULTAS_SIGEMI_CRUCE.xlsx
[ACTUALIZAR PAGOS · AUTO] 🧹 Excel MULTAS_SIGI_CRUCE eliminado (ya usado en el cruce): datos/descargas/cache_actas_cruce/MULTAS_SIGI_CRUCE.xlsx
[ACTUALIZAR PAGOS · AUTO] ✅ CompararActasPaso finalizado. (⏱ 18.4s)
[ACTUALIZAR PAGOS · AUTO] ==================================================
[ACTUALIZAR PAGOS · AUTO] 🚀 PASO: CargarPagosPaso
[ACTUALIZAR PAGOS · AUTO] ==================================================
[ACTUALIZAR PAGOS · AUTO] ℹ No se encontraron pagos para actualizar (el TXT final no tiene registros).
[ACTUALIZAR PAGOS · AUTO] 🧹 TXT de pagos sin registros eliminado (nada para subir): datos/descargas/pagos/2026-08-15/PAGOS 20260815 002914.txt
[ACTUALIZAR PAGOS · AUTO] ⏭ Se omite la carga al SEMyT.
[ACTUALIZAR PAGOS · AUTO] ✅ CargarPagosPaso finalizado. (⏱ 0.0s)
[ACTUALIZAR PAGOS · AUTO] === Ejecución finalizada con éxito ===
[ACTUALIZAR PAGOS · AUTO] ℹ No se subió ningún archivo a ningún sistema externo en esta corrida: por política, el log detallado no se conserva en disco.
🤖 [Automático] Es hora de actualizar pagos. Arrancando...
[ACTUALIZAR PAGOS · AUTO] === Inicio de ejecución: pagos ===
[ACTUALIZAR PAGOS · AUTO] ==================================================
[ACTUALIZAR PAGOS · AUTO] 🚀 PASO: LoginSEMyTPaso
[ACTUALIZAR PAGOS · AUTO] ==================================================
[ACTUALIZAR PAGOS · AUTO] Abriendo SEMyT...
[ACTUALIZAR PAGOS · AUTO] ✅ [SEMyT] Sesión existente detectada. Login omitido.
[ACTUALIZAR PAGOS · AUTO] ✅ LoginSEMyTPaso finalizado. (⏱ 3.3s)
[ACTUALIZAR PAGOS · AUTO] ==================================================
[ACTUALIZAR PAGOS · AUTO] 🚀 PASO: LoginSIGIPaso
[ACTUALIZAR PAGOS · AUTO] ==================================================
[ACTUALIZAR PAGOS · AUTO] Abriendo sitio municipalidad (CiDi)...
[ACTUALIZAR PAGOS · AUTO] ✅ [SIGI] Sesión existente detectada. Login omitido.
[ACTUALIZAR PAGOS · AUTO] ✅ LoginSIGIPaso finalizado. (⏱ 0.8s)
[ACTUALIZAR PAGOS · AUTO] ==================================================
[ACTUALIZAR PAGOS · AUTO] 🚀 PASO: DescargasParalelasPaso
[ACTUALIZAR PAGOS · AUTO] ==================================================
[ACTUALIZAR PAGOS · AUTO] 📤 Arrancando las 3 descargas en paralelo (mismo browser, páginas separadas)...
[ACTUALIZAR PAGOS · AUTO] Fecha Desde: 27/06/2024
[ACTUALIZAR PAGOS · AUTO] Fecha Hasta: 24/11/2025
[ACTUALIZAR PAGOS · AUTO] Fecha Desde: 25/11/2025
[ACTUALIZAR PAGOS · AUTO] Fecha Hasta: 15/08/2026
[ACTUALIZAR PAGOS · AUTO] Descargando Excel...
[ACTUALIZAR PAGOS · AUTO] Descargando Excel...
⏳ [Automático] Tocaba disparar 'pagos' pero ya hay una ejecución en curso (Actualizar pagos); esperando a que termine; se reintenta en breve sin perder el turno.
[ACTUALIZAR PAGOS · AUTO] Archivo descargado en: datos/descargas/cache_actas_cruce/MULTAS_SIGI_CRUCE.xlsx
[ACTUALIZAR PAGOS · AUTO] ⏱ [actas_sigi] completado en 17.1s
[ACTUALIZAR PAGOS · AUTO] Archivo descargado en: datos/descargas/cache_actas_cruce/MULTAS_SIGEMI_CRUCE.xlsx
[ACTUALIZAR PAGOS · AUTO] ⏱ [actas_sigemi] completado en 23.8s
[ACTUALIZAR PAGOS · AUTO] ✅ TXT de pagos descargado en: datos/descargas/pagos/2026-08-15/ALL PAGOS DESCARGADOS.txt
[ACTUALIZAR PAGOS · AUTO] ⏱ [pagos_txt] completado en 28.7s
[ACTUALIZAR PAGOS · AUTO] ⏱ TOTAL descargas en paralelo: 28.7s
[ACTUALIZAR PAGOS · AUTO] ✅ DescargasParalelasPaso finalizado. (⏱ 29.2s)
[ACTUALIZAR PAGOS · AUTO] ==================================================
[ACTUALIZAR PAGOS · AUTO] 🚀 PASO: CompararActasPaso
[ACTUALIZAR PAGOS · AUTO] ==================================================
[ACTUALIZAR PAGOS · AUTO] 🔍 Comparando actas del SEMyT contra pagos del SIGI...
[ACTUALIZAR PAGOS · AUTO] ================================================================================
[ACTUALIZAR PAGOS · AUTO] INICIANDO PROCESO DE GENERACIÓN DE PAGOS DESACTUALIZADOS
[ACTUALIZAR PAGOS · AUTO] ================================================================================
[ACTUALIZAR PAGOS · AUTO] 📂 Cargando archivos...
[ACTUALIZAR PAGOS · AUTO]   ✓ Pagos: 21366 registros
[ACTUALIZAR PAGOS · AUTO]   ✓ Excel SIGEMI (multas vencidas viejas): 100998 registros
[ACTUALIZAR PAGOS · AUTO]   ✓ Excel SIGI (multas vencidas nuevas): 42766 registros
[ACTUALIZAR PAGOS · AUTO] ================================================================================
[ACTUALIZAR PAGOS · AUTO] PASO 1: LLENANDO ACTA_NUMERO (búsqueda por patente + fecha, con desempate por hora)
[ACTUALIZAR PAGOS · AUTO] ================================================================================
[ACTUALIZAR PAGOS · AUTO] 📊 ESTADÍSTICAS DE LLENADO DE ACTAS:
[ACTUALIZAR PAGOS · AUTO]   • Pagos con acta ORIGINAL: 5600
[ACTUALIZAR PAGOS · AUTO]   • Pagos SIN acta (buscados): 15766
[ACTUALIZAR PAGOS · AUTO]   • Pagos LLENADOS exitosamente: 0
[ACTUALIZAR PAGOS · AUTO]   • Pagos NO encontrados en multas: 15766
[ACTUALIZAR PAGOS · AUTO]   • Pagos SIN RESOLVER por desbalance de cantidades: 0
[ACTUALIZAR PAGOS · AUTO] ================================================================================
[ACTUALIZAR PAGOS · AUTO] PASO 1: LLENANDO ACTA_NUMERO (búsqueda por patente + fecha, con desempate por hora)
[ACTUALIZAR PAGOS · AUTO] ================================================================================
[ACTUALIZAR PAGOS · AUTO] 📊 ESTADÍSTICAS DE LLENADO DE ACTAS:
[ACTUALIZAR PAGOS · AUTO]   • Pagos con acta ORIGINAL: 5600
[ACTUALIZAR PAGOS · AUTO]   • Pagos SIN acta (buscados): 15766
[ACTUALIZAR PAGOS · AUTO]   • Pagos LLENADOS exitosamente: 0
[ACTUALIZAR PAGOS · AUTO]   • Pagos NO encontrados en multas: 15766
[ACTUALIZAR PAGOS · AUTO]   • Pagos SIN RESOLVER por desbalance de cantidades: 0
[ACTUALIZAR PAGOS · AUTO] ⏱ PASO 1 (llenar actas): 7.6s
[ACTUALIZAR PAGOS · AUTO] ================================================================================
[ACTUALIZAR PAGOS · AUTO] PASO 2: FILTRANDO PAGOS CON ACTA_NUMERO COMPLETO
[ACTUALIZAR PAGOS · AUTO] ================================================================================
[ACTUALIZAR PAGOS · AUTO] 📊 ESTADÍSTICAS DE FILTRADO:
[ACTUALIZAR PAGOS · AUTO]   • Pagos TOTALES al inicio: 21366
[ACTUALIZAR PAGOS · AUTO]   • Pagos CON acta (MANTIENEN): 5600
[ACTUALIZAR PAGOS · AUTO]   • Pagos RECHAZADOS (sin coincidencias): 15766
[ACTUALIZAR PAGOS · AUTO] ⚠️  Se eliminaron 15766 registros sin número de acta
[ACTUALIZAR PAGOS · AUTO]      (recordá: esto incluye tanto pagos ya actualizados/pagados
[ACTUALIZAR PAGOS · AUTO]       como pagos que quedaron sin resolver por desbalance en el Paso 1)
[ACTUALIZAR PAGOS · AUTO] ================================================================================
[ACTUALIZAR PAGOS · AUTO] PASO 2-bis: CONFIRMANDO VIGENCIA DE PAGOS (sistema NUEVO contra MULTAS_SIGI_CRUCE, sistema VIEJO contra SIGEMI)
[ACTUALIZAR PAGOS · AUTO] ================================================================================
[ACTUALIZAR PAGOS · AUTO]   ⚠ 5585 pago(s) descartados: su acta ya no figura como vencida en MULTAS_SIGI_CRUCE (SEMyT ya los actualizó).
[ACTUALIZAR PAGOS · AUTO]   ⚠ 15 pago(s) descartados: su acta ya no figura como vencida en el Excel de SIGEMI (SEMyT ya los actualizó).
[ACTUALIZAR PAGOS · AUTO]   • Pagos descartados en total por ya estar actualizados/pagados: 5600
[ACTUALIZAR PAGOS · AUTO] ⏱ PASO 2 (filtrar): 0.9s
[ACTUALIZAR PAGOS · AUTO] 📂 Cargando maestro de causas SIGEMI...
[ACTUALIZAR PAGOS · AUTO]   ✓ Causas totales (maestro): 134069 registros
[ACTUALIZAR PAGOS · AUTO] ================================================================================
[ACTUALIZAR PAGOS · AUTO] PASO 2.5: ARMANDO causas.txt SIMPLIFICADO (cruce contra total_causas_sigemi.txt)
[ACTUALIZAR PAGOS · AUTO] ================================================================================
[ACTUALIZAR PAGOS · AUTO]   • Actas vencidas viejas (multas): 100998
[ACTUALIZAR PAGOS · AUTO]   • Causas totales en el maestro SIGEMI: 134069
[ACTUALIZAR PAGOS · AUTO]   • Causas que coinciden (simplificado): 100687
[ACTUALIZAR PAGOS · AUTO]   ✅ Archivo escrito: datos/descargas/causas/causas.txt
[ACTUALIZAR PAGOS · AUTO] ⏱ PASO 2.5 (causas simplificado): 0.8s
[ACTUALIZAR PAGOS · AUTO] ⚠️  NO HAY PAGOS CON ACTA_NUMERO PARA PROCESAR
[ACTUALIZAR PAGOS · AUTO] Creando archivo vacío...
[ACTUALIZAR PAGOS · AUTO] ✅ TXT de pagos (ya cruzado con actas y causas) generado en: datos/descargas/pagos/2026-08-15/PAGOS 20260815 003212.txt
[ACTUALIZAR PAGOS · AUTO] 🧹 TXT de pagos crudo eliminado (ya usado en el cruce): datos/descargas/pagos/2026-08-15/ALL PAGOS DESCARGADOS.txt
[ACTUALIZAR PAGOS · AUTO] 🧹 Excel MULTAS_SIGEMI_CRUCE eliminado (ya usado en el cruce): datos/descargas/cache_actas_cruce/MULTAS_SIGEMI_CRUCE.xlsx
[ACTUALIZAR PAGOS · AUTO] 🧹 Excel MULTAS_SIGI_CRUCE eliminado (ya usado en el cruce): datos/descargas/cache_actas_cruce/MULTAS_SIGI_CRUCE.xlsx
[ACTUALIZAR PAGOS · AUTO] ✅ CompararActasPaso finalizado. (⏱ 18.4s)
[ACTUALIZAR PAGOS · AUTO] ==================================================
[ACTUALIZAR PAGOS · AUTO] 🚀 PASO: CargarPagosPaso
[ACTUALIZAR PAGOS · AUTO] ==================================================
[ACTUALIZAR PAGOS · AUTO] ℹ No se encontraron pagos para actualizar (el TXT final no tiene registros).
[ACTUALIZAR PAGOS · AUTO] 🧹 TXT de pagos sin registros eliminado (nada para subir): datos/descargas/pagos/2026-08-15/PAGOS 20260815 003212.txt
[ACTUALIZAR PAGOS · AUTO] ⏭ Se omite la carga al SEMyT.
[ACTUALIZAR PAGOS · AUTO] ✅ CargarPagosPaso finalizado. (⏱ 0.0s)
[ACTUALIZAR PAGOS · AUTO] === Ejecución finalizada con éxito ===
[ACTUALIZAR PAGOS · AUTO] ℹ No se subió ningún archivo a ningún sistema externo en esta corrida: por política, el log detallado no se conserva en disco.
🤖 [Automático] Es hora de actualizar pagos. Arrancando...
[ACTUALIZAR PAGOS · AUTO] === Inicio de ejecución: pagos ===
[ACTUALIZAR PAGOS · AUTO] ==================================================
[ACTUALIZAR PAGOS · AUTO] 🚀 PASO: LoginSEMyTPaso
[ACTUALIZAR PAGOS · AUTO] ==================================================
[ACTUALIZAR PAGOS · AUTO] Abriendo SEMyT...
[ACTUALIZAR PAGOS · AUTO] ✅ [SEMyT] Sesión existente detectada. Login omitido.
[ACTUALIZAR PAGOS · AUTO] ✅ LoginSEMyTPaso finalizado. (⏱ 3.2s)
[ACTUALIZAR PAGOS · AUTO] ==================================================
[ACTUALIZAR PAGOS · AUTO] 🚀 PASO: LoginSIGIPaso
[ACTUALIZAR PAGOS · AUTO] ==================================================
[ACTUALIZAR PAGOS · AUTO] Abriendo sitio municipalidad (CiDi)...
[ACTUALIZAR PAGOS · AUTO] ✅ [SIGI] Sesión existente detectada. Login omitido.
[ACTUALIZAR PAGOS · AUTO] ✅ LoginSIGIPaso finalizado. (⏱ 1.3s)
[ACTUALIZAR PAGOS · AUTO] ==================================================
[ACTUALIZAR PAGOS · AUTO] 🚀 PASO: DescargasParalelasPaso
[ACTUALIZAR PAGOS · AUTO] ==================================================
[ACTUALIZAR PAGOS · AUTO] 📤 Arrancando las 3 descargas en paralelo (mismo browser, páginas separadas)...
[ACTUALIZAR PAGOS · AUTO] Fecha Desde: 27/06/2024
[ACTUALIZAR PAGOS · AUTO] Fecha Hasta: 24/11/2025
[ACTUALIZAR PAGOS · AUTO] Fecha Desde: 25/11/2025
[ACTUALIZAR PAGOS · AUTO] Fecha Hasta: 15/08/2026
[ACTUALIZAR PAGOS · AUTO] Descargando Excel...
[ACTUALIZAR PAGOS · AUTO] Descargando Excel...
⏳ [Automático] Tocaba disparar 'pagos' pero ya hay una ejecución en curso (Actualizar pagos); esperando a que termine; se reintenta en breve sin perder el turno.
[ACTUALIZAR PAGOS · AUTO] Archivo descargado en: datos/descargas/cache_actas_cruce/MULTAS_SIGI_CRUCE.xlsx
[ACTUALIZAR PAGOS · AUTO] ⏱ [actas_sigi] completado en 17.7s
[ACTUALIZAR PAGOS · AUTO] Archivo descargado en: datos/descargas/cache_actas_cruce/MULTAS_SIGEMI_CRUCE.xlsx
[ACTUALIZAR PAGOS · AUTO] ⏱ [actas_sigemi] completado en 24.3s
[ACTUALIZAR PAGOS · AUTO] ✅ TXT de pagos descargado en: datos/descargas/pagos/2026-08-15/ALL PAGOS DESCARGADOS.txt
[ACTUALIZAR PAGOS · AUTO] ⏱ [pagos_txt] completado en 32.3s
[ACTUALIZAR PAGOS · AUTO] ⏱ TOTAL descargas en paralelo: 32.3s
[ACTUALIZAR PAGOS · AUTO] ✅ DescargasParalelasPaso finalizado. (⏱ 32.8s)
[ACTUALIZAR PAGOS · AUTO] ==================================================
[ACTUALIZAR PAGOS · AUTO] 🚀 PASO: CompararActasPaso
[ACTUALIZAR PAGOS · AUTO] ==================================================
[ACTUALIZAR PAGOS · AUTO] 🔍 Comparando actas del SEMyT contra pagos del SIGI...
[ACTUALIZAR PAGOS · AUTO] ================================================================================
[ACTUALIZAR PAGOS · AUTO] INICIANDO PROCESO DE GENERACIÓN DE PAGOS DESACTUALIZADOS
[ACTUALIZAR PAGOS · AUTO] ================================================================================
[ACTUALIZAR PAGOS · AUTO] 📂 Cargando archivos...
[ACTUALIZAR PAGOS · AUTO]   ✓ Pagos: 21366 registros
[ACTUALIZAR PAGOS · AUTO]   ✓ Excel SIGEMI (multas vencidas viejas): 100998 registros
[ACTUALIZAR PAGOS · AUTO]   ✓ Excel SIGI (multas vencidas nuevas): 42766 registros
[ACTUALIZAR PAGOS · AUTO] ================================================================================
[ACTUALIZAR PAGOS · AUTO] PASO 1: LLENANDO ACTA_NUMERO (búsqueda por patente + fecha, con desempate por hora)
[ACTUALIZAR PAGOS · AUTO] ================================================================================
[ACTUALIZAR PAGOS · AUTO] 📊 ESTADÍSTICAS DE LLENADO DE ACTAS:
[ACTUALIZAR PAGOS · AUTO]   • Pagos con acta ORIGINAL: 5600
[ACTUALIZAR PAGOS · AUTO]   • Pagos SIN acta (buscados): 15766
[ACTUALIZAR PAGOS · AUTO]   • Pagos LLENADOS exitosamente: 0
[ACTUALIZAR PAGOS · AUTO]   • Pagos NO encontrados en multas: 15766
[ACTUALIZAR PAGOS · AUTO]   • Pagos SIN RESOLVER por desbalance de cantidades: 0
[ACTUALIZAR PAGOS · AUTO] ================================================================================
[ACTUALIZAR PAGOS · AUTO] PASO 1: LLENANDO ACTA_NUMERO (búsqueda por patente + fecha, con desempate por hora)
[ACTUALIZAR PAGOS · AUTO] ================================================================================
[ACTUALIZAR PAGOS · AUTO] 📊 ESTADÍSTICAS DE LLENADO DE ACTAS:
[ACTUALIZAR PAGOS · AUTO]   • Pagos con acta ORIGINAL: 5600
[ACTUALIZAR PAGOS · AUTO]   • Pagos SIN acta (buscados): 15766
[ACTUALIZAR PAGOS · AUTO]   • Pagos LLENADOS exitosamente: 0
[ACTUALIZAR PAGOS · AUTO]   • Pagos NO encontrados en multas: 15766
[ACTUALIZAR PAGOS · AUTO]   • Pagos SIN RESOLVER por desbalance de cantidades: 0
[ACTUALIZAR PAGOS · AUTO] ⏱ PASO 1 (llenar actas): 7.6s
[ACTUALIZAR PAGOS · AUTO] ================================================================================
[ACTUALIZAR PAGOS · AUTO] PASO 2: FILTRANDO PAGOS CON ACTA_NUMERO COMPLETO
[ACTUALIZAR PAGOS · AUTO] ================================================================================
[ACTUALIZAR PAGOS · AUTO] 📊 ESTADÍSTICAS DE FILTRADO:
[ACTUALIZAR PAGOS · AUTO]   • Pagos TOTALES al inicio: 21366
[ACTUALIZAR PAGOS · AUTO]   • Pagos CON acta (MANTIENEN): 5600
[ACTUALIZAR PAGOS · AUTO]   • Pagos RECHAZADOS (sin coincidencias): 15766
[ACTUALIZAR PAGOS · AUTO] ⚠️  Se eliminaron 15766 registros sin número de acta
[ACTUALIZAR PAGOS · AUTO]      (recordá: esto incluye tanto pagos ya actualizados/pagados
[ACTUALIZAR PAGOS · AUTO]       como pagos que quedaron sin resolver por desbalance en el Paso 1)
[ACTUALIZAR PAGOS · AUTO] ================================================================================
[ACTUALIZAR PAGOS · AUTO] PASO 2-bis: CONFIRMANDO VIGENCIA DE PAGOS (sistema NUEVO contra MULTAS_SIGI_CRUCE, sistema VIEJO contra SIGEMI)
[ACTUALIZAR PAGOS · AUTO] ================================================================================
[ACTUALIZAR PAGOS · AUTO]   ⚠ 5585 pago(s) descartados: su acta ya no figura como vencida en MULTAS_SIGI_CRUCE (SEMyT ya los actualizó).
[ACTUALIZAR PAGOS · AUTO]   ⚠ 15 pago(s) descartados: su acta ya no figura como vencida en el Excel de SIGEMI (SEMyT ya los actualizó).
[ACTUALIZAR PAGOS · AUTO]   • Pagos descartados en total por ya estar actualizados/pagados: 5600
[ACTUALIZAR PAGOS · AUTO] ⏱ PASO 2 (filtrar): 0.9s
[ACTUALIZAR PAGOS · AUTO] 📂 Cargando maestro de causas SIGEMI...
[ACTUALIZAR PAGOS · AUTO]   ✓ Causas totales (maestro): 134069 registros
[ACTUALIZAR PAGOS · AUTO] ================================================================================
[ACTUALIZAR PAGOS · AUTO] PASO 2.5: ARMANDO causas.txt SIMPLIFICADO (cruce contra total_causas_sigemi.txt)
[ACTUALIZAR PAGOS · AUTO] ================================================================================
[ACTUALIZAR PAGOS · AUTO]   • Actas vencidas viejas (multas): 100998
[ACTUALIZAR PAGOS · AUTO]   • Causas totales en el maestro SIGEMI: 134069
[ACTUALIZAR PAGOS · AUTO]   • Causas que coinciden (simplificado): 100687
[ACTUALIZAR PAGOS · AUTO]   ✅ Archivo escrito: datos/descargas/causas/causas.txt
[ACTUALIZAR PAGOS · AUTO] ⏱ PASO 2.5 (causas simplificado): 0.9s
[ACTUALIZAR PAGOS · AUTO] ⚠️  NO HAY PAGOS CON ACTA_NUMERO PARA PROCESAR
[ACTUALIZAR PAGOS · AUTO] Creando archivo vacío...
[ACTUALIZAR PAGOS · AUTO] ✅ TXT de pagos (ya cruzado con actas y causas) generado en: datos/descargas/pagos/2026-08-15/PAGOS 20260815 003516.txt
[ACTUALIZAR PAGOS · AUTO] 🧹 TXT de pagos crudo eliminado (ya usado en el cruce): datos/descargas/pagos/2026-08-15/ALL PAGOS DESCARGADOS.txt
[ACTUALIZAR PAGOS · AUTO] 🧹 Excel MULTAS_SIGEMI_CRUCE eliminado (ya usado en el cruce): datos/descargas/cache_actas_cruce/MULTAS_SIGEMI_CRUCE.xlsx
[ACTUALIZAR PAGOS · AUTO] 🧹 Excel MULTAS_SIGI_CRUCE eliminado (ya usado en el cruce): datos/descargas/cache_actas_cruce/MULTAS_SIGI_CRUCE.xlsx
[ACTUALIZAR PAGOS · AUTO] ✅ CompararActasPaso finalizado. (⏱ 18.5s)
[ACTUALIZAR PAGOS · AUTO] ==================================================
[ACTUALIZAR PAGOS · AUTO] 🚀 PASO: CargarPagosPaso
[ACTUALIZAR PAGOS · AUTO] ==================================================
[ACTUALIZAR PAGOS · AUTO] ℹ No se encontraron pagos para actualizar (el TXT final no tiene registros).
[ACTUALIZAR PAGOS · AUTO] 🧹 TXT de pagos sin registros eliminado (nada para subir): datos/descargas/pagos/2026-08-15/PAGOS 20260815 003516.txt
[ACTUALIZAR PAGOS · AUTO] ⏭ Se omite la carga al SEMyT.
[ACTUALIZAR PAGOS · AUTO] ✅ CargarPagosPaso finalizado. (⏱ 0.0s)
[ACTUALIZAR PAGOS · AUTO] === Ejecución finalizada con éxito ===
[ACTUALIZAR PAGOS · AUTO] ℹ No se subió ningún archivo a ningún sistema externo en esta corrida: por política, el log detallado no se conserva en disco.
🤖 [Automático] Es hora de actualizar pagos. Arrancando...
[ACTUALIZAR PAGOS · AUTO] === Inicio de ejecución: pagos ===
[ACTUALIZAR PAGOS · AUTO] ==================================================
[ACTUALIZAR PAGOS · AUTO] 🚀 PASO: LoginSEMyTPaso
[ACTUALIZAR PAGOS · AUTO] ==================================================
[ACTUALIZAR PAGOS · AUTO] Abriendo SEMyT...
[ACTUALIZAR PAGOS · AUTO] ✅ [SEMyT] Sesión existente detectada. Login omitido.
[ACTUALIZAR PAGOS · AUTO] ✅ LoginSEMyTPaso finalizado. (⏱ 3.4s)
[ACTUALIZAR PAGOS · AUTO] ==================================================
[ACTUALIZAR PAGOS · AUTO] 🚀 PASO: LoginSIGIPaso
[ACTUALIZAR PAGOS · AUTO] ==================================================
[ACTUALIZAR PAGOS · AUTO] Abriendo sitio municipalidad (CiDi)...
[ACTUALIZAR PAGOS · AUTO] ✅ [SIGI] Sesión existente detectada. Login omitido.
[ACTUALIZAR PAGOS · AUTO] ✅ LoginSIGIPaso finalizado. (⏱ 1.0s)
[ACTUALIZAR PAGOS · AUTO] ==================================================
[ACTUALIZAR PAGOS · AUTO] 🚀 PASO: DescargasParalelasPaso
[ACTUALIZAR PAGOS · AUTO] ==================================================
[ACTUALIZAR PAGOS · AUTO] 📤 Arrancando las 3 descargas en paralelo (mismo browser, páginas separadas)...
[ACTUALIZAR PAGOS · AUTO] Fecha Desde: 27/06/2024
[ACTUALIZAR PAGOS · AUTO] Fecha Hasta: 24/11/2025
[ACTUALIZAR PAGOS · AUTO] Fecha Desde: 25/11/2025
[ACTUALIZAR PAGOS · AUTO] Fecha Hasta: 15/08/2026
[ACTUALIZAR PAGOS · AUTO] Descargando Excel...
[ACTUALIZAR PAGOS · AUTO] Descargando Excel...
⏳ [Automático] Tocaba disparar 'pagos' pero ya hay una ejecución en curso (Actualizar pagos); esperando a que termine; se reintenta en breve sin perder el turno.
[ACTUALIZAR PAGOS · AUTO] Archivo descargado en: datos/descargas/cache_actas_cruce/MULTAS_SIGI_CRUCE.xlsx
[ACTUALIZAR PAGOS · AUTO] ⏱ [actas_sigi] completado en 16.6s
[ACTUALIZAR PAGOS · AUTO] Archivo descargado en: datos/descargas/cache_actas_cruce/MULTAS_SIGEMI_CRUCE.xlsx
[ACTUALIZAR PAGOS · AUTO] ⏱ [actas_sigemi] completado en 23.9s
[ACTUALIZAR PAGOS · AUTO] ✅ TXT de pagos descargado en: datos/descargas/pagos/2026-08-15/ALL PAGOS DESCARGADOS.txt
[ACTUALIZAR PAGOS · AUTO] ⏱ [pagos_txt] completado en 32.2s
[ACTUALIZAR PAGOS · AUTO] ⏱ TOTAL descargas en paralelo: 32.2s
[ACTUALIZAR PAGOS · AUTO] ✅ DescargasParalelasPaso finalizado. (⏱ 32.8s)
[ACTUALIZAR PAGOS · AUTO] ==================================================
[ACTUALIZAR PAGOS · AUTO] 🚀 PASO: CompararActasPaso
[ACTUALIZAR PAGOS · AUTO] ==================================================
[ACTUALIZAR PAGOS · AUTO] 🔍 Comparando actas del SEMyT contra pagos del SIGI...
[ACTUALIZAR PAGOS · AUTO] ================================================================================
[ACTUALIZAR PAGOS · AUTO] INICIANDO PROCESO DE GENERACIÓN DE PAGOS DESACTUALIZADOS
[ACTUALIZAR PAGOS · AUTO] ================================================================================
[ACTUALIZAR PAGOS · AUTO] 📂 Cargando archivos...
[ACTUALIZAR PAGOS · AUTO]   ✓ Pagos: 21366 registros
[ACTUALIZAR PAGOS · AUTO]   ✓ Excel SIGEMI (multas vencidas viejas): 100998 registros
[ACTUALIZAR PAGOS · AUTO]   ✓ Excel SIGI (multas vencidas nuevas): 42766 registros
[ACTUALIZAR PAGOS · AUTO] ================================================================================
[ACTUALIZAR PAGOS · AUTO] PASO 1: LLENANDO ACTA_NUMERO (búsqueda por patente + fecha, con desempate por hora)
[ACTUALIZAR PAGOS · AUTO] ================================================================================
[ACTUALIZAR PAGOS · AUTO] 📊 ESTADÍSTICAS DE LLENADO DE ACTAS:
[ACTUALIZAR PAGOS · AUTO]   • Pagos con acta ORIGINAL: 5600
[ACTUALIZAR PAGOS · AUTO]   • Pagos SIN acta (buscados): 15766
[ACTUALIZAR PAGOS · AUTO]   • Pagos LLENADOS exitosamente: 0
[ACTUALIZAR PAGOS · AUTO]   • Pagos NO encontrados en multas: 15766
[ACTUALIZAR PAGOS · AUTO]   • Pagos SIN RESOLVER por desbalance de cantidades: 0
[ACTUALIZAR PAGOS · AUTO] ================================================================================
[ACTUALIZAR PAGOS · AUTO] PASO 1: LLENANDO ACTA_NUMERO (búsqueda por patente + fecha, con desempate por hora)
[ACTUALIZAR PAGOS · AUTO] ================================================================================
[ACTUALIZAR PAGOS · AUTO] 📊 ESTADÍSTICAS DE LLENADO DE ACTAS:
[ACTUALIZAR PAGOS · AUTO]   • Pagos con acta ORIGINAL: 5600
[ACTUALIZAR PAGOS · AUTO]   • Pagos SIN acta (buscados): 15766
[ACTUALIZAR PAGOS · AUTO]   • Pagos LLENADOS exitosamente: 0
[ACTUALIZAR PAGOS · AUTO]   • Pagos NO encontrados en multas: 15766
[ACTUALIZAR PAGOS · AUTO]   • Pagos SIN RESOLVER por desbalance de cantidades: 0
[ACTUALIZAR PAGOS · AUTO] ⏱ PASO 1 (llenar actas): 7.7s
[ACTUALIZAR PAGOS · AUTO] ================================================================================
[ACTUALIZAR PAGOS · AUTO] PASO 2: FILTRANDO PAGOS CON ACTA_NUMERO COMPLETO
[ACTUALIZAR PAGOS · AUTO] ================================================================================
[ACTUALIZAR PAGOS · AUTO] 📊 ESTADÍSTICAS DE FILTRADO:
[ACTUALIZAR PAGOS · AUTO]   • Pagos TOTALES al inicio: 21366
[ACTUALIZAR PAGOS · AUTO]   • Pagos CON acta (MANTIENEN): 5600
[ACTUALIZAR PAGOS · AUTO]   • Pagos RECHAZADOS (sin coincidencias): 15766
[ACTUALIZAR PAGOS · AUTO] ⚠️  Se eliminaron 15766 registros sin número de acta
[ACTUALIZAR PAGOS · AUTO]      (recordá: esto incluye tanto pagos ya actualizados/pagados
[ACTUALIZAR PAGOS · AUTO]       como pagos que quedaron sin resolver por desbalance en el Paso 1)
[ACTUALIZAR PAGOS · AUTO] ================================================================================
[ACTUALIZAR PAGOS · AUTO] PASO 2-bis: CONFIRMANDO VIGENCIA DE PAGOS (sistema NUEVO contra MULTAS_SIGI_CRUCE, sistema VIEJO contra SIGEMI)
[ACTUALIZAR PAGOS · AUTO] ================================================================================
[ACTUALIZAR PAGOS · AUTO]   ⚠ 5585 pago(s) descartados: su acta ya no figura como vencida en MULTAS_SIGI_CRUCE (SEMyT ya los actualizó).
[ACTUALIZAR PAGOS · AUTO]   ⚠ 15 pago(s) descartados: su acta ya no figura como vencida en el Excel de SIGEMI (SEMyT ya los actualizó).
[ACTUALIZAR PAGOS · AUTO]   • Pagos descartados en total por ya estar actualizados/pagados: 5600
[ACTUALIZAR PAGOS · AUTO] ⏱ PASO 2 (filtrar): 0.9s
[ACTUALIZAR PAGOS · AUTO] 📂 Cargando maestro de causas SIGEMI...
[ACTUALIZAR PAGOS · AUTO]   ✓ Causas totales (maestro): 134069 registros
[ACTUALIZAR PAGOS · AUTO] ================================================================================
[ACTUALIZAR PAGOS · AUTO] PASO 2.5: ARMANDO causas.txt SIMPLIFICADO (cruce contra total_causas_sigemi.txt)
[ACTUALIZAR PAGOS · AUTO] ================================================================================
[ACTUALIZAR PAGOS · AUTO]   • Actas vencidas viejas (multas): 100998
[ACTUALIZAR PAGOS · AUTO]   • Causas totales en el maestro SIGEMI: 134069
[ACTUALIZAR PAGOS · AUTO]   • Causas que coinciden (simplificado): 100687
[ACTUALIZAR PAGOS · AUTO]   ✅ Archivo escrito: datos/descargas/causas/causas.txt
[ACTUALIZAR PAGOS · AUTO] ⏱ PASO 2.5 (causas simplificado): 0.8s
[ACTUALIZAR PAGOS · AUTO] ⚠️  NO HAY PAGOS CON ACTA_NUMERO PARA PROCESAR
[ACTUALIZAR PAGOS · AUTO] Creando archivo vacío...
[ACTUALIZAR PAGOS · AUTO] ✅ TXT de pagos (ya cruzado con actas y causas) generado en: datos/descargas/pagos/2026-08-15/PAGOS 20260815 003816.txt
[ACTUALIZAR PAGOS · AUTO] 🧹 TXT de pagos crudo eliminado (ya usado en el cruce): datos/descargas/pagos/2026-08-15/ALL PAGOS DESCARGADOS.txt
[ACTUALIZAR PAGOS · AUTO] 🧹 Excel MULTAS_SIGEMI_CRUCE eliminado (ya usado en el cruce): datos/descargas/cache_actas_cruce/MULTAS_SIGEMI_CRUCE.xlsx
[ACTUALIZAR PAGOS · AUTO] 🧹 Excel MULTAS_SIGI_CRUCE eliminado (ya usado en el cruce): datos/descargas/cache_actas_cruce/MULTAS_SIGI_CRUCE.xlsx
[ACTUALIZAR PAGOS · AUTO] ✅ CompararActasPaso finalizado. (⏱ 18.4s)
[ACTUALIZAR PAGOS · AUTO] ==================================================
[ACTUALIZAR PAGOS · AUTO] 🚀 PASO: CargarPagosPaso
[ACTUALIZAR PAGOS · AUTO] ==================================================
[ACTUALIZAR PAGOS · AUTO] ℹ No se encontraron pagos para actualizar (el TXT final no tiene registros).
[ACTUALIZAR PAGOS · AUTO] 🧹 TXT de pagos sin registros eliminado (nada para subir): datos/descargas/pagos/2026-08-15/PAGOS 20260815 003816.txt
[ACTUALIZAR PAGOS · AUTO] ⏭ Se omite la carga al SEMyT.
[ACTUALIZAR PAGOS · AUTO] ✅ CargarPagosPaso finalizado. (⏱ 0.0s)
[ACTUALIZAR PAGOS · AUTO] === Ejecución finalizada con éxito ===
[ACTUALIZAR PAGOS · AUTO] ℹ No se subió ningún archivo a ningún sistema externo en esta corrida: por política, el log detallado no se conserva en disco.
🤖 [Automático] Es hora de actualizar pagos. Arrancando...
[ACTUALIZAR PAGOS · AUTO] === Inicio de ejecución: pagos ===
[ACTUALIZAR PAGOS · AUTO] ==================================================
[ACTUALIZAR PAGOS · AUTO] 🚀 PASO: LoginSEMyTPaso
[ACTUALIZAR PAGOS · AUTO] ==================================================
[ACTUALIZAR PAGOS · AUTO] Abriendo SEMyT...
[ACTUALIZAR PAGOS · AUTO] ✅ [SEMyT] Sesión existente detectada. Login omitido.
[ACTUALIZAR PAGOS · AUTO] ✅ LoginSEMyTPaso finalizado. (⏱ 3.1s)
[ACTUALIZAR PAGOS · AUTO] ==================================================
[ACTUALIZAR PAGOS · AUTO] 🚀 PASO: LoginSIGIPaso
[ACTUALIZAR PAGOS · AUTO] ==================================================
[ACTUALIZAR PAGOS · AUTO] Abriendo sitio municipalidad (CiDi)...
[ACTUALIZAR PAGOS · AUTO] ✅ [SIGI] Sesión existente detectada. Login omitido.
[ACTUALIZAR PAGOS · AUTO] ✅ LoginSIGIPaso finalizado. (⏱ 1.2s)
[ACTUALIZAR PAGOS · AUTO] ==================================================
[ACTUALIZAR PAGOS · AUTO] 🚀 PASO: DescargasParalelasPaso
[ACTUALIZAR PAGOS · AUTO] ==================================================
[ACTUALIZAR PAGOS · AUTO] 📤 Arrancando las 3 descargas en paralelo (mismo browser, páginas separadas)...
[ACTUALIZAR PAGOS · AUTO] Fecha Desde: 27/06/2024
[ACTUALIZAR PAGOS · AUTO] Fecha Hasta: 24/11/2025
[ACTUALIZAR PAGOS · AUTO] Fecha Desde: 25/11/2025
[ACTUALIZAR PAGOS · AUTO] Fecha Hasta: 15/08/2026
[ACTUALIZAR PAGOS · AUTO] Descargando Excel...
[ACTUALIZAR PAGOS · AUTO] Descargando Excel...
⏳ [Automático] Tocaba disparar 'pagos' pero ya hay una ejecución en curso (Actualizar pagos); esperando a que termine; se reintenta en breve sin perder el turno.
[ACTUALIZAR PAGOS · AUTO] Archivo descargado en: datos/descargas/cache_actas_cruce/MULTAS_SIGI_CRUCE.xlsx
[ACTUALIZAR PAGOS · AUTO] ⏱ [actas_sigi] completado en 13.4s
[ACTUALIZAR PAGOS · AUTO] Archivo descargado en: datos/descargas/cache_actas_cruce/MULTAS_SIGEMI_CRUCE.xlsx
[ACTUALIZAR PAGOS · AUTO] ⏱ [actas_sigemi] completado en 24.4s
[ACTUALIZAR PAGOS · AUTO] ✅ TXT de pagos descargado en: datos/descargas/pagos/2026-08-15/ALL PAGOS DESCARGADOS.txt
[ACTUALIZAR PAGOS · AUTO] ⏱ [pagos_txt] completado en 36.6s
[ACTUALIZAR PAGOS · AUTO] ⏱ TOTAL descargas en paralelo: 36.6s
[ACTUALIZAR PAGOS · AUTO] ✅ DescargasParalelasPaso finalizado. (⏱ 37.1s)
[ACTUALIZAR PAGOS · AUTO] ==================================================
[ACTUALIZAR PAGOS · AUTO] 🚀 PASO: CompararActasPaso
[ACTUALIZAR PAGOS · AUTO] ==================================================
[ACTUALIZAR PAGOS · AUTO] 🔍 Comparando actas del SEMyT contra pagos del SIGI...
[ACTUALIZAR PAGOS · AUTO] ================================================================================
[ACTUALIZAR PAGOS · AUTO] INICIANDO PROCESO DE GENERACIÓN DE PAGOS DESACTUALIZADOS
[ACTUALIZAR PAGOS · AUTO] ================================================================================
[ACTUALIZAR PAGOS · AUTO] 📂 Cargando archivos...
[ACTUALIZAR PAGOS · AUTO]   ✓ Pagos: 21366 registros
[ACTUALIZAR PAGOS · AUTO]   ✓ Excel SIGEMI (multas vencidas viejas): 100998 registros
[ACTUALIZAR PAGOS · AUTO]   ✓ Excel SIGI (multas vencidas nuevas): 42766 registros
[ACTUALIZAR PAGOS · AUTO] ================================================================================
[ACTUALIZAR PAGOS · AUTO] PASO 1: LLENANDO ACTA_NUMERO (búsqueda por patente + fecha, con desempate por hora)
[ACTUALIZAR PAGOS · AUTO] ================================================================================
[ACTUALIZAR PAGOS · AUTO] 📊 ESTADÍSTICAS DE LLENADO DE ACTAS:
[ACTUALIZAR PAGOS · AUTO]   • Pagos con acta ORIGINAL: 5600
[ACTUALIZAR PAGOS · AUTO]   • Pagos SIN acta (buscados): 15766
[ACTUALIZAR PAGOS · AUTO]   • Pagos LLENADOS exitosamente: 0
[ACTUALIZAR PAGOS · AUTO]   • Pagos NO encontrados en multas: 15766
[ACTUALIZAR PAGOS · AUTO]   • Pagos SIN RESOLVER por desbalance de cantidades: 0
[ACTUALIZAR PAGOS · AUTO] ================================================================================
[ACTUALIZAR PAGOS · AUTO] PASO 1: LLENANDO ACTA_NUMERO (búsqueda por patente + fecha, con desempate por hora)
[ACTUALIZAR PAGOS · AUTO] ================================================================================
[ACTUALIZAR PAGOS · AUTO] 📊 ESTADÍSTICAS DE LLENADO DE ACTAS:
[ACTUALIZAR PAGOS · AUTO]   • Pagos con acta ORIGINAL: 5600
[ACTUALIZAR PAGOS · AUTO]   • Pagos SIN acta (buscados): 15766
[ACTUALIZAR PAGOS · AUTO]   • Pagos LLENADOS exitosamente: 0
[ACTUALIZAR PAGOS · AUTO]   • Pagos NO encontrados en multas: 15766
[ACTUALIZAR PAGOS · AUTO]   • Pagos SIN RESOLVER por desbalance de cantidades: 0
[ACTUALIZAR PAGOS · AUTO] ⏱ PASO 1 (llenar actas): 7.7s
[ACTUALIZAR PAGOS · AUTO] ================================================================================
[ACTUALIZAR PAGOS · AUTO] PASO 2: FILTRANDO PAGOS CON ACTA_NUMERO COMPLETO
[ACTUALIZAR PAGOS · AUTO] ================================================================================
[ACTUALIZAR PAGOS · AUTO] 📊 ESTADÍSTICAS DE FILTRADO:
[ACTUALIZAR PAGOS · AUTO]   • Pagos TOTALES al inicio: 21366
[ACTUALIZAR PAGOS · AUTO]   • Pagos CON acta (MANTIENEN): 5600
[ACTUALIZAR PAGOS · AUTO]   • Pagos RECHAZADOS (sin coincidencias): 15766
[ACTUALIZAR PAGOS · AUTO] ⚠️  Se eliminaron 15766 registros sin número de acta
[ACTUALIZAR PAGOS · AUTO]      (recordá: esto incluye tanto pagos ya actualizados/pagados
[ACTUALIZAR PAGOS · AUTO]       como pagos que quedaron sin resolver por desbalance en el Paso 1)
[ACTUALIZAR PAGOS · AUTO] ================================================================================
[ACTUALIZAR PAGOS · AUTO] PASO 2-bis: CONFIRMANDO VIGENCIA DE PAGOS (sistema NUEVO contra MULTAS_SIGI_CRUCE, sistema VIEJO contra SIGEMI)
[ACTUALIZAR PAGOS · AUTO] ================================================================================
[ACTUALIZAR PAGOS · AUTO]   ⚠ 5585 pago(s) descartados: su acta ya no figura como vencida en MULTAS_SIGI_CRUCE (SEMyT ya los actualizó).
[ACTUALIZAR PAGOS · AUTO]   ⚠ 15 pago(s) descartados: su acta ya no figura como vencida en el Excel de SIGEMI (SEMyT ya los actualizó).
[ACTUALIZAR PAGOS · AUTO]   • Pagos descartados en total por ya estar actualizados/pagados: 5600
[ACTUALIZAR PAGOS · AUTO] ⏱ PASO 2 (filtrar): 0.9s
[ACTUALIZAR PAGOS · AUTO] 📂 Cargando maestro de causas SIGEMI...
[ACTUALIZAR PAGOS · AUTO]   ✓ Causas totales (maestro): 134069 registros
[ACTUALIZAR PAGOS · AUTO] ================================================================================
[ACTUALIZAR PAGOS · AUTO] PASO 2.5: ARMANDO causas.txt SIMPLIFICADO (cruce contra total_causas_sigemi.txt)
[ACTUALIZAR PAGOS · AUTO] ================================================================================
[ACTUALIZAR PAGOS · AUTO]   • Actas vencidas viejas (multas): 100998
[ACTUALIZAR PAGOS · AUTO]   • Causas totales en el maestro SIGEMI: 134069
[ACTUALIZAR PAGOS · AUTO]   • Causas que coinciden (simplificado): 100687
[ACTUALIZAR PAGOS · AUTO]   ✅ Archivo escrito: datos/descargas/causas/causas.txt
[ACTUALIZAR PAGOS · AUTO] ⏱ PASO 2.5 (causas simplificado): 0.8s
[ACTUALIZAR PAGOS · AUTO] ⚠️  NO HAY PAGOS CON ACTA_NUMERO PARA PROCESAR
[ACTUALIZAR PAGOS · AUTO] Creando archivo vacío...
[ACTUALIZAR PAGOS · AUTO] ✅ TXT de pagos (ya cruzado con actas y causas) generado en: datos/descargas/pagos/2026-08-15/PAGOS 20260815 004120.txt
[ACTUALIZAR PAGOS · AUTO] 🧹 TXT de pagos crudo eliminado (ya usado en el cruce): datos/descargas/pagos/2026-08-15/ALL PAGOS DESCARGADOS.txt
[ACTUALIZAR PAGOS · AUTO] 🧹 Excel MULTAS_SIGEMI_CRUCE eliminado (ya usado en el cruce): datos/descargas/cache_actas_cruce/MULTAS_SIGEMI_CRUCE.xlsx
[ACTUALIZAR PAGOS · AUTO] 🧹 Excel MULTAS_SIGI_CRUCE eliminado (ya usado en el cruce): datos/descargas/cache_actas_cruce/MULTAS_SIGI_CRUCE.xlsx
[ACTUALIZAR PAGOS · AUTO] ✅ CompararActasPaso finalizado. (⏱ 18.4s)
[ACTUALIZAR PAGOS · AUTO] ==================================================
[ACTUALIZAR PAGOS · AUTO] 🚀 PASO: CargarPagosPaso
[ACTUALIZAR PAGOS · AUTO] ==================================================
[ACTUALIZAR PAGOS · AUTO] ℹ No se encontraron pagos para actualizar (el TXT final no tiene registros).
[ACTUALIZAR PAGOS · AUTO] 🧹 TXT de pagos sin registros eliminado (nada para subir): datos/descargas/pagos/2026-08-15/PAGOS 20260815 004120.txt
[ACTUALIZAR PAGOS · AUTO] ⏭ Se omite la carga al SEMyT.
[ACTUALIZAR PAGOS · AUTO] ✅ CargarPagosPaso finalizado. (⏱ 0.0s)
[ACTUALIZAR PAGOS · AUTO] === Ejecución finalizada con éxito ===
[ACTUALIZAR PAGOS · AUTO] ℹ No se subió ningún archivo a ningún sistema externo en esta corrida: por política, el log detallado no se conserva en disco.
🤖 [Automático] Es hora de actualizar pagos. Arrancando...
[ACTUALIZAR PAGOS · AUTO] === Inicio de ejecución: pagos ===
[ACTUALIZAR PAGOS · AUTO] ==================================================
[ACTUALIZAR PAGOS · AUTO] 🚀 PASO: LoginSEMyTPaso
[ACTUALIZAR PAGOS · AUTO] ==================================================
[ACTUALIZAR PAGOS · AUTO] Abriendo SEMyT...
[ACTUALIZAR PAGOS · AUTO] ✅ [SEMyT] Sesión existente detectada. Login omitido.
[ACTUALIZAR PAGOS · AUTO] ✅ LoginSEMyTPaso finalizado. (⏱ 3.3s)
[ACTUALIZAR PAGOS · AUTO] ==================================================
[ACTUALIZAR PAGOS · AUTO] 🚀 PASO: LoginSIGIPaso
[ACTUALIZAR PAGOS · AUTO] ==================================================
[ACTUALIZAR PAGOS · AUTO] Abriendo sitio municipalidad (CiDi)...
[ACTUALIZAR PAGOS · AUTO] ✅ [SIGI] Sesión existente detectada. Login omitido.
[ACTUALIZAR PAGOS · AUTO] ✅ LoginSIGIPaso finalizado. (⏱ 0.8s)
[ACTUALIZAR PAGOS · AUTO] ==================================================
[ACTUALIZAR PAGOS · AUTO] 🚀 PASO: DescargasParalelasPaso
[ACTUALIZAR PAGOS · AUTO] ==================================================
[ACTUALIZAR PAGOS · AUTO] 📤 Arrancando las 3 descargas en paralelo (mismo browser, páginas separadas)...
[ACTUALIZAR PAGOS · AUTO] Fecha Desde: 27/06/2024
[ACTUALIZAR PAGOS · AUTO] Fecha Hasta: 24/11/2025
[ACTUALIZAR PAGOS · AUTO] Fecha Desde: 25/11/2025
[ACTUALIZAR PAGOS · AUTO] Fecha Hasta: 15/08/2026
[ACTUALIZAR PAGOS · AUTO] Descargando Excel...
[ACTUALIZAR PAGOS · AUTO] Descargando Excel...
⏳ [Automático] Tocaba disparar 'pagos' pero ya hay una ejecución en curso (Actualizar pagos); esperando a que termine; se reintenta en breve sin perder el turno.
[ACTUALIZAR PAGOS · AUTO] Archivo descargado en: datos/descargas/cache_actas_cruce/MULTAS_SIGI_CRUCE.xlsx
[ACTUALIZAR PAGOS · AUTO] ⏱ [actas_sigi] completado en 12.9s
[ACTUALIZAR PAGOS · AUTO] Archivo descargado en: datos/descargas/cache_actas_cruce/MULTAS_SIGEMI_CRUCE.xlsx
[ACTUALIZAR PAGOS · AUTO] ⏱ [actas_sigemi] completado en 23.6s
[ACTUALIZAR PAGOS · AUTO] ✅ TXT de pagos descargado en: datos/descargas/pagos/2026-08-15/ALL PAGOS DESCARGADOS.txt
[ACTUALIZAR PAGOS · AUTO] ⏱ [pagos_txt] completado en 32.8s
[ACTUALIZAR PAGOS · AUTO] ⏱ TOTAL descargas en paralelo: 32.8s
[ACTUALIZAR PAGOS · AUTO] ✅ DescargasParalelasPaso finalizado. (⏱ 33.3s)
[ACTUALIZAR PAGOS · AUTO] ==================================================
[ACTUALIZAR PAGOS · AUTO] 🚀 PASO: CompararActasPaso
[ACTUALIZAR PAGOS · AUTO] ==================================================
[ACTUALIZAR PAGOS · AUTO] 🔍 Comparando actas del SEMyT contra pagos del SIGI...
[ACTUALIZAR PAGOS · AUTO] ================================================================================
[ACTUALIZAR PAGOS · AUTO] INICIANDO PROCESO DE GENERACIÓN DE PAGOS DESACTUALIZADOS
[ACTUALIZAR PAGOS · AUTO] ================================================================================
[ACTUALIZAR PAGOS · AUTO] 📂 Cargando archivos...
[ACTUALIZAR PAGOS · AUTO]   ✓ Pagos: 21366 registros
[ACTUALIZAR PAGOS · AUTO]   ✓ Excel SIGEMI (multas vencidas viejas): 100998 registros
[ACTUALIZAR PAGOS · AUTO]   ✓ Excel SIGI (multas vencidas nuevas): 42766 registros
[ACTUALIZAR PAGOS · AUTO] ================================================================================
[ACTUALIZAR PAGOS · AUTO] PASO 1: LLENANDO ACTA_NUMERO (búsqueda por patente + fecha, con desempate por hora)
[ACTUALIZAR PAGOS · AUTO] ================================================================================
[ACTUALIZAR PAGOS · AUTO] 📊 ESTADÍSTICAS DE LLENADO DE ACTAS:
[ACTUALIZAR PAGOS · AUTO]   • Pagos con acta ORIGINAL: 5600
[ACTUALIZAR PAGOS · AUTO]   • Pagos SIN acta (buscados): 15766
[ACTUALIZAR PAGOS · AUTO]   • Pagos LLENADOS exitosamente: 0
[ACTUALIZAR PAGOS · AUTO]   • Pagos NO encontrados en multas: 15766
[ACTUALIZAR PAGOS · AUTO]   • Pagos SIN RESOLVER por desbalance de cantidades: 0
[ACTUALIZAR PAGOS · AUTO] ================================================================================
[ACTUALIZAR PAGOS · AUTO] PASO 1: LLENANDO ACTA_NUMERO (búsqueda por patente + fecha, con desempate por hora)
[ACTUALIZAR PAGOS · AUTO] ================================================================================
[ACTUALIZAR PAGOS · AUTO] 📊 ESTADÍSTICAS DE LLENADO DE ACTAS:
[ACTUALIZAR PAGOS · AUTO]   • Pagos con acta ORIGINAL: 5600
[ACTUALIZAR PAGOS · AUTO]   • Pagos SIN acta (buscados): 15766
[ACTUALIZAR PAGOS · AUTO]   • Pagos LLENADOS exitosamente: 0
[ACTUALIZAR PAGOS · AUTO]   • Pagos NO encontrados en multas: 15766
[ACTUALIZAR PAGOS · AUTO]   • Pagos SIN RESOLVER por desbalance de cantidades: 0
[ACTUALIZAR PAGOS · AUTO] ⏱ PASO 1 (llenar actas): 7.8s
[ACTUALIZAR PAGOS · AUTO] ================================================================================
[ACTUALIZAR PAGOS · AUTO] PASO 2: FILTRANDO PAGOS CON ACTA_NUMERO COMPLETO
[ACTUALIZAR PAGOS · AUTO] ================================================================================
[ACTUALIZAR PAGOS · AUTO] 📊 ESTADÍSTICAS DE FILTRADO:
[ACTUALIZAR PAGOS · AUTO]   • Pagos TOTALES al inicio: 21366
[ACTUALIZAR PAGOS · AUTO]   • Pagos CON acta (MANTIENEN): 5600
[ACTUALIZAR PAGOS · AUTO]   • Pagos RECHAZADOS (sin coincidencias): 15766
[ACTUALIZAR PAGOS · AUTO] ⚠️  Se eliminaron 15766 registros sin número de acta
[ACTUALIZAR PAGOS · AUTO]      (recordá: esto incluye tanto pagos ya actualizados/pagados
[ACTUALIZAR PAGOS · AUTO]       como pagos que quedaron sin resolver por desbalance en el Paso 1)
[ACTUALIZAR PAGOS · AUTO] ================================================================================
[ACTUALIZAR PAGOS · AUTO] PASO 2-bis: CONFIRMANDO VIGENCIA DE PAGOS (sistema NUEVO contra MULTAS_SIGI_CRUCE, sistema VIEJO contra SIGEMI)
[ACTUALIZAR PAGOS · AUTO] ================================================================================
[ACTUALIZAR PAGOS · AUTO]   ⚠ 5585 pago(s) descartados: su acta ya no figura como vencida en MULTAS_SIGI_CRUCE (SEMyT ya los actualizó).
[ACTUALIZAR PAGOS · AUTO]   ⚠ 15 pago(s) descartados: su acta ya no figura como vencida en el Excel de SIGEMI (SEMyT ya los actualizó).
[ACTUALIZAR PAGOS · AUTO]   • Pagos descartados en total por ya estar actualizados/pagados: 5600
[ACTUALIZAR PAGOS · AUTO] ⏱ PASO 2 (filtrar): 0.9s
[ACTUALIZAR PAGOS · AUTO] 📂 Cargando maestro de causas SIGEMI...
[ACTUALIZAR PAGOS · AUTO]   ✓ Causas totales (maestro): 134069 registros
[ACTUALIZAR PAGOS · AUTO] ================================================================================
[ACTUALIZAR PAGOS · AUTO] PASO 2.5: ARMANDO causas.txt SIMPLIFICADO (cruce contra total_causas_sigemi.txt)
[ACTUALIZAR PAGOS · AUTO] ================================================================================
[ACTUALIZAR PAGOS · AUTO]   • Actas vencidas viejas (multas): 100998
[ACTUALIZAR PAGOS · AUTO]   • Causas totales en el maestro SIGEMI: 134069
[ACTUALIZAR PAGOS · AUTO]   • Causas que coinciden (simplificado): 100687
[ACTUALIZAR PAGOS · AUTO]   ✅ Archivo escrito: datos/descargas/causas/causas.txt
[ACTUALIZAR PAGOS · AUTO] ⏱ PASO 2.5 (causas simplificado): 0.8s
[ACTUALIZAR PAGOS · AUTO] ⚠️  NO HAY PAGOS CON ACTA_NUMERO PARA PROCESAR
[ACTUALIZAR PAGOS · AUTO] Creando archivo vacío...
[ACTUALIZAR PAGOS · AUTO] ✅ TXT de pagos (ya cruzado con actas y causas) generado en: datos/descargas/pagos/2026-08-15/PAGOS 20260815 004431.txt
[ACTUALIZAR PAGOS · AUTO] 🧹 TXT de pagos crudo eliminado (ya usado en el cruce): datos/descargas/pagos/2026-08-15/ALL PAGOS DESCARGADOS.txt
[ACTUALIZAR PAGOS · AUTO] 🧹 Excel MULTAS_SIGEMI_CRUCE eliminado (ya usado en el cruce): datos/descargas/cache_actas_cruce/MULTAS_SIGEMI_CRUCE.xlsx
[ACTUALIZAR PAGOS · AUTO] 🧹 Excel MULTAS_SIGI_CRUCE eliminado (ya usado en el cruce): datos/descargas/cache_actas_cruce/MULTAS_SIGI_CRUCE.xlsx
[ACTUALIZAR PAGOS · AUTO] ✅ CompararActasPaso finalizado. (⏱ 18.5s)
[ACTUALIZAR PAGOS · AUTO] ==================================================
[ACTUALIZAR PAGOS · AUTO] 🚀 PASO: CargarPagosPaso
[ACTUALIZAR PAGOS · AUTO] ==================================================
[ACTUALIZAR PAGOS · AUTO] ℹ No se encontraron pagos para actualizar (el TXT final no tiene registros).
[ACTUALIZAR PAGOS · AUTO] 🧹 TXT de pagos sin registros eliminado (nada para subir): datos/descargas/pagos/2026-08-15/PAGOS 20260815 004431.txt
[ACTUALIZAR PAGOS · AUTO] ⏭ Se omite la carga al SEMyT.
[ACTUALIZAR PAGOS · AUTO] ✅ CargarPagosPaso finalizado. (⏱ 0.0s)
[ACTUALIZAR PAGOS · AUTO] === Ejecución finalizada con éxito ===
[ACTUALIZAR PAGOS · AUTO] ℹ No se subió ningún archivo a ningún sistema externo en esta corrida: por política, el log detallado no se conserva en disco.
🤖 [Automático] Es hora de actualizar pagos. Arrancando...
[ACTUALIZAR PAGOS · AUTO] === Inicio de ejecución: pagos ===
[ACTUALIZAR PAGOS · AUTO] ==================================================
[ACTUALIZAR PAGOS · AUTO] 🚀 PASO: LoginSEMyTPaso
[ACTUALIZAR PAGOS · AUTO] ==================================================
[ACTUALIZAR PAGOS · AUTO] Abriendo SEMyT...
[ACTUALIZAR PAGOS · AUTO] ✅ [SEMyT] Sesión existente detectada. Login omitido.
[ACTUALIZAR PAGOS · AUTO] ✅ LoginSEMyTPaso finalizado. (⏱ 3.0s)
[ACTUALIZAR PAGOS · AUTO] ==================================================
[ACTUALIZAR PAGOS · AUTO] 🚀 PASO: LoginSIGIPaso
[ACTUALIZAR PAGOS · AUTO] ==================================================
[ACTUALIZAR PAGOS · AUTO] Abriendo sitio municipalidad (CiDi)...
[ACTUALIZAR PAGOS · AUTO] ✅ [SIGI] Sesión existente detectada. Login omitido.
[ACTUALIZAR PAGOS · AUTO] ✅ LoginSIGIPaso finalizado. (⏱ 1.1s)
[ACTUALIZAR PAGOS · AUTO] ==================================================
[ACTUALIZAR PAGOS · AUTO] 🚀 PASO: DescargasParalelasPaso
[ACTUALIZAR PAGOS · AUTO] ==================================================
[ACTUALIZAR PAGOS · AUTO] 📤 Arrancando las 3 descargas en paralelo (mismo browser, páginas separadas)...
[ACTUALIZAR PAGOS · AUTO] Fecha Desde: 27/06/2024
[ACTUALIZAR PAGOS · AUTO] Fecha Hasta: 24/11/2025
[ACTUALIZAR PAGOS · AUTO] Fecha Desde: 25/11/2025
[ACTUALIZAR PAGOS · AUTO] Fecha Hasta: 15/08/2026
[ACTUALIZAR PAGOS · AUTO] Descargando Excel...
[ACTUALIZAR PAGOS · AUTO] Descargando Excel...
⏳ [Automático] Tocaba disparar 'pagos' pero ya hay una ejecución en curso (Actualizar pagos); esperando a que termine; se reintenta en breve sin perder el turno.
[ACTUALIZAR PAGOS · AUTO] Archivo descargado en: datos/descargas/cache_actas_cruce/MULTAS_SIGI_CRUCE.xlsx
[ACTUALIZAR PAGOS · AUTO] ⏱ [actas_sigi] completado en 12.6s
[ACTUALIZAR PAGOS · AUTO] Archivo descargado en: datos/descargas/cache_actas_cruce/MULTAS_SIGEMI_CRUCE.xlsx
[ACTUALIZAR PAGOS · AUTO] ⏱ [actas_sigemi] completado en 24.5s
[ACTUALIZAR PAGOS · AUTO] ✅ TXT de pagos descargado en: datos/descargas/pagos/2026-08-15/ALL PAGOS DESCARGADOS.txt
[ACTUALIZAR PAGOS · AUTO] ⏱ [pagos_txt] completado en 34.2s
[ACTUALIZAR PAGOS · AUTO] ⏱ TOTAL descargas en paralelo: 34.2s
[ACTUALIZAR PAGOS · AUTO] ✅ DescargasParalelasPaso finalizado. (⏱ 34.7s)
[ACTUALIZAR PAGOS · AUTO] ==================================================
[ACTUALIZAR PAGOS · AUTO] 🚀 PASO: CompararActasPaso
[ACTUALIZAR PAGOS · AUTO] ==================================================
[ACTUALIZAR PAGOS · AUTO] 🔍 Comparando actas del SEMyT contra pagos del SIGI...
[ACTUALIZAR PAGOS · AUTO] ================================================================================
[ACTUALIZAR PAGOS · AUTO] INICIANDO PROCESO DE GENERACIÓN DE PAGOS DESACTUALIZADOS
[ACTUALIZAR PAGOS · AUTO] ================================================================================
[ACTUALIZAR PAGOS · AUTO] 📂 Cargando archivos...
[ACTUALIZAR PAGOS · AUTO]   ✓ Pagos: 21366 registros
[ACTUALIZAR PAGOS · AUTO]   ✓ Excel SIGEMI (multas vencidas viejas): 100998 registros
[ACTUALIZAR PAGOS · AUTO]   ✓ Excel SIGI (multas vencidas nuevas): 42766 registros
[ACTUALIZAR PAGOS · AUTO] ================================================================================
[ACTUALIZAR PAGOS · AUTO] PASO 1: LLENANDO ACTA_NUMERO (búsqueda por patente + fecha, con desempate por hora)
[ACTUALIZAR PAGOS · AUTO] ================================================================================
[ACTUALIZAR PAGOS · AUTO] 📊 ESTADÍSTICAS DE LLENADO DE ACTAS:
[ACTUALIZAR PAGOS · AUTO]   • Pagos con acta ORIGINAL: 5600
[ACTUALIZAR PAGOS · AUTO]   • Pagos SIN acta (buscados): 15766
[ACTUALIZAR PAGOS · AUTO]   • Pagos LLENADOS exitosamente: 0
[ACTUALIZAR PAGOS · AUTO]   • Pagos NO encontrados en multas: 15766
[ACTUALIZAR PAGOS · AUTO]   • Pagos SIN RESOLVER por desbalance de cantidades: 0
[ACTUALIZAR PAGOS · AUTO] ================================================================================
[ACTUALIZAR PAGOS · AUTO] PASO 1: LLENANDO ACTA_NUMERO (búsqueda por patente + fecha, con desempate por hora)
[ACTUALIZAR PAGOS · AUTO] ================================================================================
[ACTUALIZAR PAGOS · AUTO] 📊 ESTADÍSTICAS DE LLENADO DE ACTAS:
[ACTUALIZAR PAGOS · AUTO]   • Pagos con acta ORIGINAL: 5600
[ACTUALIZAR PAGOS · AUTO]   • Pagos SIN acta (buscados): 15766
[ACTUALIZAR PAGOS · AUTO]   • Pagos LLENADOS exitosamente: 0
[ACTUALIZAR PAGOS · AUTO]   • Pagos NO encontrados en multas: 15766
[ACTUALIZAR PAGOS · AUTO]   • Pagos SIN RESOLVER por desbalance de cantidades: 0
[ACTUALIZAR PAGOS · AUTO] ⏱ PASO 1 (llenar actas): 7.7s
[ACTUALIZAR PAGOS · AUTO] ================================================================================
[ACTUALIZAR PAGOS · AUTO] PASO 2: FILTRANDO PAGOS CON ACTA_NUMERO COMPLETO
[ACTUALIZAR PAGOS · AUTO] ================================================================================
[ACTUALIZAR PAGOS · AUTO] 📊 ESTADÍSTICAS DE FILTRADO:
[ACTUALIZAR PAGOS · AUTO]   • Pagos TOTALES al inicio: 21366
[ACTUALIZAR PAGOS · AUTO]   • Pagos CON acta (MANTIENEN): 5600
[ACTUALIZAR PAGOS · AUTO]   • Pagos RECHAZADOS (sin coincidencias): 15766
[ACTUALIZAR PAGOS · AUTO] ⚠️  Se eliminaron 15766 registros sin número de acta
[ACTUALIZAR PAGOS · AUTO]      (recordá: esto incluye tanto pagos ya actualizados/pagados
[ACTUALIZAR PAGOS · AUTO]       como pagos que quedaron sin resolver por desbalance en el Paso 1)
[ACTUALIZAR PAGOS · AUTO] ================================================================================
[ACTUALIZAR PAGOS · AUTO] PASO 2-bis: CONFIRMANDO VIGENCIA DE PAGOS (sistema NUEVO contra MULTAS_SIGI_CRUCE, sistema VIEJO contra SIGEMI)
[ACTUALIZAR PAGOS · AUTO] ================================================================================
[ACTUALIZAR PAGOS · AUTO]   ⚠ 5585 pago(s) descartados: su acta ya no figura como vencida en MULTAS_SIGI_CRUCE (SEMyT ya los actualizó).
[ACTUALIZAR PAGOS · AUTO]   ⚠ 15 pago(s) descartados: su acta ya no figura como vencida en el Excel de SIGEMI (SEMyT ya los actualizó).
[ACTUALIZAR PAGOS · AUTO]   • Pagos descartados en total por ya estar actualizados/pagados: 5600
[ACTUALIZAR PAGOS · AUTO] ⏱ PASO 2 (filtrar): 0.9s
[ACTUALIZAR PAGOS · AUTO] 📂 Cargando maestro de causas SIGEMI...
[ACTUALIZAR PAGOS · AUTO]   ✓ Causas totales (maestro): 134069 registros
[ACTUALIZAR PAGOS · AUTO] ================================================================================
[ACTUALIZAR PAGOS · AUTO] PASO 2.5: ARMANDO causas.txt SIMPLIFICADO (cruce contra total_causas_sigemi.txt)
[ACTUALIZAR PAGOS · AUTO] ================================================================================
[ACTUALIZAR PAGOS · AUTO]   • Actas vencidas viejas (multas): 100998
[ACTUALIZAR PAGOS · AUTO]   • Causas totales en el maestro SIGEMI: 134069
[ACTUALIZAR PAGOS · AUTO]   • Causas que coinciden (simplificado): 100687
[ACTUALIZAR PAGOS · AUTO]   ✅ Archivo escrito: datos/descargas/causas/causas.txt
[ACTUALIZAR PAGOS · AUTO] ⏱ PASO 2.5 (causas simplificado): 0.8s
[ACTUALIZAR PAGOS · AUTO] ⚠️  NO HAY PAGOS CON ACTA_NUMERO PARA PROCESAR
[ACTUALIZAR PAGOS · AUTO] Creando archivo vacío...
[ACTUALIZAR PAGOS · AUTO] ✅ TXT de pagos (ya cruzado con actas y causas) generado en: datos/descargas/pagos/2026-08-15/PAGOS 20260815 004733.txt
[ACTUALIZAR PAGOS · AUTO] 🧹 TXT de pagos crudo eliminado (ya usado en el cruce): datos/descargas/pagos/2026-08-15/ALL PAGOS DESCARGADOS.txt
[ACTUALIZAR PAGOS · AUTO] 🧹 Excel MULTAS_SIGEMI_CRUCE eliminado (ya usado en el cruce): datos/descargas/cache_actas_cruce/MULTAS_SIGEMI_CRUCE.xlsx
[ACTUALIZAR PAGOS · AUTO] 🧹 Excel MULTAS_SIGI_CRUCE eliminado (ya usado en el cruce): datos/descargas/cache_actas_cruce/MULTAS_SIGI_CRUCE.xlsx
[ACTUALIZAR PAGOS · AUTO] ✅ CompararActasPaso finalizado. (⏱ 18.6s)
[ACTUALIZAR PAGOS · AUTO] ==================================================
[ACTUALIZAR PAGOS · AUTO] 🚀 PASO: CargarPagosPaso
[ACTUALIZAR PAGOS · AUTO] ==================================================
[ACTUALIZAR PAGOS · AUTO] ℹ No se encontraron pagos para actualizar (el TXT final no tiene registros).
[ACTUALIZAR PAGOS · AUTO] 🧹 TXT de pagos sin registros eliminado (nada para subir): datos/descargas/pagos/2026-08-15/PAGOS 20260815 004733.txt
[ACTUALIZAR PAGOS · AUTO] ⏭ Se omite la carga al SEMyT.
[ACTUALIZAR PAGOS · AUTO] ✅ CargarPagosPaso finalizado. (⏱ 0.0s)
[ACTUALIZAR PAGOS · AUTO] === Ejecución finalizada con éxito ===
[ACTUALIZAR PAGOS · AUTO] ℹ No se subió ningún archivo a ningún sistema externo en esta corrida: por política, el log detallado no se conserva en disco.
🤖 [Automático] Es hora de actualizar pagos. Arrancando...
[ACTUALIZAR PAGOS · AUTO] === Inicio de ejecución: pagos ===
[ACTUALIZAR PAGOS · AUTO] ==================================================
[ACTUALIZAR PAGOS · AUTO] 🚀 PASO: LoginSEMyTPaso
[ACTUALIZAR PAGOS · AUTO] ==================================================
[ACTUALIZAR PAGOS · AUTO] Abriendo SEMyT...
[ACTUALIZAR PAGOS · AUTO] ✅ [SEMyT] Sesión existente detectada. Login omitido.
[ACTUALIZAR PAGOS · AUTO] ✅ LoginSEMyTPaso finalizado. (⏱ 3.0s)
[ACTUALIZAR PAGOS · AUTO] ==================================================
[ACTUALIZAR PAGOS · AUTO] 🚀 PASO: LoginSIGIPaso
[ACTUALIZAR PAGOS · AUTO] ==================================================
[ACTUALIZAR PAGOS · AUTO] Abriendo sitio municipalidad (CiDi)...
[ACTUALIZAR PAGOS · AUTO] ✅ [SIGI] Sesión existente detectada. Login omitido.
[ACTUALIZAR PAGOS · AUTO] ✅ LoginSIGIPaso finalizado. (⏱ 0.9s)
[ACTUALIZAR PAGOS · AUTO] ==================================================
[ACTUALIZAR PAGOS · AUTO] 🚀 PASO: DescargasParalelasPaso
[ACTUALIZAR PAGOS · AUTO] ==================================================
[ACTUALIZAR PAGOS · AUTO] 📤 Arrancando las 3 descargas en paralelo (mismo browser, páginas separadas)...
[ACTUALIZAR PAGOS · AUTO] Fecha Desde: 27/06/2024
[ACTUALIZAR PAGOS · AUTO] Fecha Hasta: 24/11/2025
[ACTUALIZAR PAGOS · AUTO] Fecha Desde: 25/11/2025
[ACTUALIZAR PAGOS · AUTO] Fecha Hasta: 15/08/2026
[ACTUALIZAR PAGOS · AUTO] Descargando Excel...
[ACTUALIZAR PAGOS · AUTO] Descargando Excel...
⏳ [Automático] Tocaba disparar 'pagos' pero ya hay una ejecución en curso (Actualizar pagos); esperando a que termine; se reintenta en breve sin perder el turno.
[ACTUALIZAR PAGOS · AUTO] Archivo descargado en: datos/descargas/cache_actas_cruce/MULTAS_SIGI_CRUCE.xlsx
[ACTUALIZAR PAGOS · AUTO] ⏱ [actas_sigi] completado en 12.6s
[ACTUALIZAR PAGOS · AUTO] Archivo descargado en: datos/descargas/cache_actas_cruce/MULTAS_SIGEMI_CRUCE.xlsx
[ACTUALIZAR PAGOS · AUTO] ⏱ [actas_sigemi] completado en 23.6s
[ACTUALIZAR PAGOS · AUTO] ✅ TXT de pagos descargado en: datos/descargas/pagos/2026-08-15/ALL PAGOS DESCARGADOS.txt
[ACTUALIZAR PAGOS · AUTO] ⏱ [pagos_txt] completado en 31.6s
[ACTUALIZAR PAGOS · AUTO] ⏱ TOTAL descargas en paralelo: 31.6s
[ACTUALIZAR PAGOS · AUTO] ✅ DescargasParalelasPaso finalizado. (⏱ 32.1s)
[ACTUALIZAR PAGOS · AUTO] ==================================================
[ACTUALIZAR PAGOS · AUTO] 🚀 PASO: CompararActasPaso
[ACTUALIZAR PAGOS · AUTO] ==================================================
[ACTUALIZAR PAGOS · AUTO] 🔍 Comparando actas del SEMyT contra pagos del SIGI...
[ACTUALIZAR PAGOS · AUTO] ================================================================================
[ACTUALIZAR PAGOS · AUTO] INICIANDO PROCESO DE GENERACIÓN DE PAGOS DESACTUALIZADOS
[ACTUALIZAR PAGOS · AUTO] ================================================================================
[ACTUALIZAR PAGOS · AUTO] 📂 Cargando archivos...
[ACTUALIZAR PAGOS · AUTO]   ✓ Pagos: 21366 registros
[ACTUALIZAR PAGOS · AUTO]   ✓ Excel SIGEMI (multas vencidas viejas): 100998 registros
[ACTUALIZAR PAGOS · AUTO]   ✓ Excel SIGI (multas vencidas nuevas): 42766 registros
[ACTUALIZAR PAGOS · AUTO] ================================================================================
[ACTUALIZAR PAGOS · AUTO] PASO 1: LLENANDO ACTA_NUMERO (búsqueda por patente + fecha, con desempate por hora)
[ACTUALIZAR PAGOS · AUTO] ================================================================================
[ACTUALIZAR PAGOS · AUTO] 📊 ESTADÍSTICAS DE LLENADO DE ACTAS:
[ACTUALIZAR PAGOS · AUTO]   • Pagos con acta ORIGINAL: 5600
[ACTUALIZAR PAGOS · AUTO]   • Pagos SIN acta (buscados): 15766
[ACTUALIZAR PAGOS · AUTO]   • Pagos LLENADOS exitosamente: 0
[ACTUALIZAR PAGOS · AUTO]   • Pagos NO encontrados en multas: 15766
[ACTUALIZAR PAGOS · AUTO]   • Pagos SIN RESOLVER por desbalance de cantidades: 0
[ACTUALIZAR PAGOS · AUTO] ================================================================================
[ACTUALIZAR PAGOS · AUTO] PASO 1: LLENANDO ACTA_NUMERO (búsqueda por patente + fecha, con desempate por hora)
[ACTUALIZAR PAGOS · AUTO] ================================================================================
[ACTUALIZAR PAGOS · AUTO] 📊 ESTADÍSTICAS DE LLENADO DE ACTAS:
[ACTUALIZAR PAGOS · AUTO]   • Pagos con acta ORIGINAL: 5600
[ACTUALIZAR PAGOS · AUTO]   • Pagos SIN acta (buscados): 15766
[ACTUALIZAR PAGOS · AUTO]   • Pagos LLENADOS exitosamente: 0
[ACTUALIZAR PAGOS · AUTO]   • Pagos NO encontrados en multas: 15766
[ACTUALIZAR PAGOS · AUTO]   • Pagos SIN RESOLVER por desbalance de cantidades: 0
[ACTUALIZAR PAGOS · AUTO] ⏱ PASO 1 (llenar actas): 7.6s
[ACTUALIZAR PAGOS · AUTO] ================================================================================
[ACTUALIZAR PAGOS · AUTO] PASO 2: FILTRANDO PAGOS CON ACTA_NUMERO COMPLETO
[ACTUALIZAR PAGOS · AUTO] ================================================================================
[ACTUALIZAR PAGOS · AUTO] 📊 ESTADÍSTICAS DE FILTRADO:
[ACTUALIZAR PAGOS · AUTO]   • Pagos TOTALES al inicio: 21366
[ACTUALIZAR PAGOS · AUTO]   • Pagos CON acta (MANTIENEN): 5600
[ACTUALIZAR PAGOS · AUTO]   • Pagos RECHAZADOS (sin coincidencias): 15766
[ACTUALIZAR PAGOS · AUTO] ⚠️  Se eliminaron 15766 registros sin número de acta
[ACTUALIZAR PAGOS · AUTO]      (recordá: esto incluye tanto pagos ya actualizados/pagados
[ACTUALIZAR PAGOS · AUTO]       como pagos que quedaron sin resolver por desbalance en el Paso 1)
[ACTUALIZAR PAGOS · AUTO] ================================================================================
[ACTUALIZAR PAGOS · AUTO] PASO 2-bis: CONFIRMANDO VIGENCIA DE PAGOS (sistema NUEVO contra MULTAS_SIGI_CRUCE, sistema VIEJO contra SIGEMI)
[ACTUALIZAR PAGOS · AUTO] ================================================================================
[ACTUALIZAR PAGOS · AUTO]   ⚠ 5585 pago(s) descartados: su acta ya no figura como vencida en MULTAS_SIGI_CRUCE (SEMyT ya los actualizó).
[ACTUALIZAR PAGOS · AUTO]   ⚠ 15 pago(s) descartados: su acta ya no figura como vencida en el Excel de SIGEMI (SEMyT ya los actualizó).
[ACTUALIZAR PAGOS · AUTO]   • Pagos descartados en total por ya estar actualizados/pagados: 5600
[ACTUALIZAR PAGOS · AUTO] ⏱ PASO 2 (filtrar): 0.9s
[ACTUALIZAR PAGOS · AUTO] 📂 Cargando maestro de causas SIGEMI...
[ACTUALIZAR PAGOS · AUTO]   ✓ Causas totales (maestro): 134069 registros
[ACTUALIZAR PAGOS · AUTO] ================================================================================
[ACTUALIZAR PAGOS · AUTO] PASO 2.5: ARMANDO causas.txt SIMPLIFICADO (cruce contra total_causas_sigemi.txt)
[ACTUALIZAR PAGOS · AUTO] ================================================================================
[ACTUALIZAR PAGOS · AUTO]   • Actas vencidas viejas (multas): 100998
[ACTUALIZAR PAGOS · AUTO]   • Causas totales en el maestro SIGEMI: 134069
[ACTUALIZAR PAGOS · AUTO]   • Causas que coinciden (simplificado): 100687
[ACTUALIZAR PAGOS · AUTO]   ✅ Archivo escrito: datos/descargas/causas/causas.txt
[ACTUALIZAR PAGOS · AUTO] ⏱ PASO 2.5 (causas simplificado): 0.9s
[ACTUALIZAR PAGOS · AUTO] ⚠️  NO HAY PAGOS CON ACTA_NUMERO PARA PROCESAR
[ACTUALIZAR PAGOS · AUTO] Creando archivo vacío...
[ACTUALIZAR PAGOS · AUTO] ✅ TXT de pagos (ya cruzado con actas y causas) generado en: datos/descargas/pagos/2026-08-15/PAGOS 20260815 005030.txt
[ACTUALIZAR PAGOS · AUTO] 🧹 TXT de pagos crudo eliminado (ya usado en el cruce): datos/descargas/pagos/2026-08-15/ALL PAGOS DESCARGADOS.txt
[ACTUALIZAR PAGOS · AUTO] 🧹 Excel MULTAS_SIGEMI_CRUCE eliminado (ya usado en el cruce): datos/descargas/cache_actas_cruce/MULTAS_SIGEMI_CRUCE.xlsx
[ACTUALIZAR PAGOS · AUTO] 🧹 Excel MULTAS_SIGI_CRUCE eliminado (ya usado en el cruce): datos/descargas/cache_actas_cruce/MULTAS_SIGI_CRUCE.xlsx
[ACTUALIZAR PAGOS · AUTO] ✅ CompararActasPaso finalizado. (⏱ 18.4s)
[ACTUALIZAR PAGOS · AUTO] ==================================================
[ACTUALIZAR PAGOS · AUTO] 🚀 PASO: CargarPagosPaso
[ACTUALIZAR PAGOS · AUTO] ==================================================
[ACTUALIZAR PAGOS · AUTO] ℹ No se encontraron pagos para actualizar (el TXT final no tiene registros).
[ACTUALIZAR PAGOS · AUTO] 🧹 TXT de pagos sin registros eliminado (nada para subir): datos/descargas/pagos/2026-08-15/PAGOS 20260815 005030.txt
[ACTUALIZAR PAGOS · AUTO] ⏭ Se omite la carga al SEMyT.
[ACTUALIZAR PAGOS · AUTO] ✅ CargarPagosPaso finalizado. (⏱ 0.0s)
[ACTUALIZAR PAGOS · AUTO] === Ejecución finalizada con éxito ===
[ACTUALIZAR PAGOS · AUTO] ℹ No se subió ningún archivo a ningún sistema externo en esta corrida: por política, el log detallado no se conserva en disco.
🤖 [Automático] Es hora de actualizar pagos. Arrancando...
[ACTUALIZAR PAGOS · AUTO] === Inicio de ejecución: pagos ===
[ACTUALIZAR PAGOS · AUTO] ==================================================
[ACTUALIZAR PAGOS · AUTO] 🚀 PASO: LoginSEMyTPaso
[ACTUALIZAR PAGOS · AUTO] ==================================================
[ACTUALIZAR PAGOS · AUTO] Abriendo SEMyT...
[ACTUALIZAR PAGOS · AUTO] ✅ [SEMyT] Sesión existente detectada. Login omitido.
[ACTUALIZAR PAGOS · AUTO] ✅ LoginSEMyTPaso finalizado. (⏱ 2.9s)
[ACTUALIZAR PAGOS · AUTO] ==================================================
[ACTUALIZAR PAGOS · AUTO] 🚀 PASO: LoginSIGIPaso
[ACTUALIZAR PAGOS · AUTO] ==================================================
[ACTUALIZAR PAGOS · AUTO] Abriendo sitio municipalidad (CiDi)...
[ACTUALIZAR PAGOS · AUTO] ✅ [SIGI] Sesión existente detectada. Login omitido.
[ACTUALIZAR PAGOS · AUTO] ✅ LoginSIGIPaso finalizado. (⏱ 1.1s)
[ACTUALIZAR PAGOS · AUTO] ==================================================
[ACTUALIZAR PAGOS · AUTO] 🚀 PASO: DescargasParalelasPaso
[ACTUALIZAR PAGOS · AUTO] ==================================================
[ACTUALIZAR PAGOS · AUTO] 📤 Arrancando las 3 descargas en paralelo (mismo browser, páginas separadas)...
[ACTUALIZAR PAGOS · AUTO] Fecha Desde: 27/06/2024
[ACTUALIZAR PAGOS · AUTO] Fecha Hasta: 24/11/2025
[ACTUALIZAR PAGOS · AUTO] Fecha Desde: 25/11/2025
[ACTUALIZAR PAGOS · AUTO] Fecha Hasta: 15/08/2026
[ACTUALIZAR PAGOS · AUTO] Descargando Excel...
[ACTUALIZAR PAGOS · AUTO] Descargando Excel...
⏳ [Automático] Tocaba disparar 'pagos' pero ya hay una ejecución en curso (Actualizar pagos); esperando a que termine; se reintenta en breve sin perder el turno.
[ACTUALIZAR PAGOS · AUTO] Archivo descargado en: datos/descargas/cache_actas_cruce/MULTAS_SIGI_CRUCE.xlsx
[ACTUALIZAR PAGOS · AUTO] ⏱ [actas_sigi] completado en 12.9s
[ACTUALIZAR PAGOS · AUTO] Archivo descargado en: datos/descargas/cache_actas_cruce/MULTAS_SIGEMI_CRUCE.xlsx
[ACTUALIZAR PAGOS · AUTO] ⏱ [actas_sigemi] completado en 23.7s
[ACTUALIZAR PAGOS · AUTO] ✅ TXT de pagos descargado en: datos/descargas/pagos/2026-08-15/ALL PAGOS DESCARGADOS.txt
[ACTUALIZAR PAGOS · AUTO] ⏱ [pagos_txt] completado en 28.3s
[ACTUALIZAR PAGOS · AUTO] ⏱ TOTAL descargas en paralelo: 28.3s
[ACTUALIZAR PAGOS · AUTO] ✅ DescargasParalelasPaso finalizado. (⏱ 28.9s)
[ACTUALIZAR PAGOS · AUTO] ==================================================
[ACTUALIZAR PAGOS · AUTO] 🚀 PASO: CompararActasPaso
[ACTUALIZAR PAGOS · AUTO] ==================================================
[ACTUALIZAR PAGOS · AUTO] 🔍 Comparando actas del SEMyT contra pagos del SIGI...
[ACTUALIZAR PAGOS · AUTO] ================================================================================
[ACTUALIZAR PAGOS · AUTO] INICIANDO PROCESO DE GENERACIÓN DE PAGOS DESACTUALIZADOS
[ACTUALIZAR PAGOS · AUTO] ================================================================================
[ACTUALIZAR PAGOS · AUTO] 📂 Cargando archivos...
[ACTUALIZAR PAGOS · AUTO]   ✓ Pagos: 21366 registros
[ACTUALIZAR PAGOS · AUTO]   ✓ Excel SIGEMI (multas vencidas viejas): 100998 registros
[ACTUALIZAR PAGOS · AUTO]   ✓ Excel SIGI (multas vencidas nuevas): 42766 registros
[ACTUALIZAR PAGOS · AUTO] ================================================================================
[ACTUALIZAR PAGOS · AUTO] PASO 1: LLENANDO ACTA_NUMERO (búsqueda por patente + fecha, con desempate por hora)
[ACTUALIZAR PAGOS · AUTO] ================================================================================
[ACTUALIZAR PAGOS · AUTO] 📊 ESTADÍSTICAS DE LLENADO DE ACTAS:
[ACTUALIZAR PAGOS · AUTO]   • Pagos con acta ORIGINAL: 5600
[ACTUALIZAR PAGOS · AUTO]   • Pagos SIN acta (buscados): 15766
[ACTUALIZAR PAGOS · AUTO]   • Pagos LLENADOS exitosamente: 0
[ACTUALIZAR PAGOS · AUTO]   • Pagos NO encontrados en multas: 15766
[ACTUALIZAR PAGOS · AUTO]   • Pagos SIN RESOLVER por desbalance de cantidades: 0
[ACTUALIZAR PAGOS · AUTO] ================================================================================
[ACTUALIZAR PAGOS · AUTO] PASO 1: LLENANDO ACTA_NUMERO (búsqueda por patente + fecha, con desempate por hora)
[ACTUALIZAR PAGOS · AUTO] ================================================================================
[ACTUALIZAR PAGOS · AUTO] 📊 ESTADÍSTICAS DE LLENADO DE ACTAS:
[ACTUALIZAR PAGOS · AUTO]   • Pagos con acta ORIGINAL: 5600
[ACTUALIZAR PAGOS · AUTO]   • Pagos SIN acta (buscados): 15766
[ACTUALIZAR PAGOS · AUTO]   • Pagos LLENADOS exitosamente: 0
[ACTUALIZAR PAGOS · AUTO]   • Pagos NO encontrados en multas: 15766
[ACTUALIZAR PAGOS · AUTO]   • Pagos SIN RESOLVER por desbalance de cantidades: 0
[ACTUALIZAR PAGOS · AUTO] ⏱ PASO 1 (llenar actas): 7.6s
[ACTUALIZAR PAGOS · AUTO] ================================================================================
[ACTUALIZAR PAGOS · AUTO] PASO 2: FILTRANDO PAGOS CON ACTA_NUMERO COMPLETO
[ACTUALIZAR PAGOS · AUTO] ================================================================================
[ACTUALIZAR PAGOS · AUTO] 📊 ESTADÍSTICAS DE FILTRADO:
[ACTUALIZAR PAGOS · AUTO]   • Pagos TOTALES al inicio: 21366
[ACTUALIZAR PAGOS · AUTO]   • Pagos CON acta (MANTIENEN): 5600
[ACTUALIZAR PAGOS · AUTO]   • Pagos RECHAZADOS (sin coincidencias): 15766
[ACTUALIZAR PAGOS · AUTO] ⚠️  Se eliminaron 15766 registros sin número de acta
[ACTUALIZAR PAGOS · AUTO]      (recordá: esto incluye tanto pagos ya actualizados/pagados
[ACTUALIZAR PAGOS · AUTO]       como pagos que quedaron sin resolver por desbalance en el Paso 1)
[ACTUALIZAR PAGOS · AUTO] ================================================================================
[ACTUALIZAR PAGOS · AUTO] PASO 2-bis: CONFIRMANDO VIGENCIA DE PAGOS (sistema NUEVO contra MULTAS_SIGI_CRUCE, sistema VIEJO contra SIGEMI)
[ACTUALIZAR PAGOS · AUTO] ================================================================================
[ACTUALIZAR PAGOS · AUTO]   ⚠ 5585 pago(s) descartados: su acta ya no figura como vencida en MULTAS_SIGI_CRUCE (SEMyT ya los actualizó).
[ACTUALIZAR PAGOS · AUTO]   ⚠ 15 pago(s) descartados: su acta ya no figura como vencida en el Excel de SIGEMI (SEMyT ya los actualizó).
[ACTUALIZAR PAGOS · AUTO]   • Pagos descartados en total por ya estar actualizados/pagados: 5600
[ACTUALIZAR PAGOS · AUTO] ⏱ PASO 2 (filtrar): 0.9s
[ACTUALIZAR PAGOS · AUTO] 📂 Cargando maestro de causas SIGEMI...
[ACTUALIZAR PAGOS · AUTO]   ✓ Causas totales (maestro): 134069 registros
[ACTUALIZAR PAGOS · AUTO] ================================================================================
[ACTUALIZAR PAGOS · AUTO] PASO 2.5: ARMANDO causas.txt SIMPLIFICADO (cruce contra total_causas_sigemi.txt)
[ACTUALIZAR PAGOS · AUTO] ================================================================================
[ACTUALIZAR PAGOS · AUTO]   • Actas vencidas viejas (multas): 100998
[ACTUALIZAR PAGOS · AUTO]   • Causas totales en el maestro SIGEMI: 134069
[ACTUALIZAR PAGOS · AUTO]   • Causas que coinciden (simplificado): 100687
[ACTUALIZAR PAGOS · AUTO]   ✅ Archivo escrito: datos/descargas/causas/causas.txt
[ACTUALIZAR PAGOS · AUTO] ⏱ PASO 2.5 (causas simplificado): 0.8s
[ACTUALIZAR PAGOS · AUTO] ⚠️  NO HAY PAGOS CON ACTA_NUMERO PARA PROCESAR
[ACTUALIZAR PAGOS · AUTO] Creando archivo vacío...
[ACTUALIZAR PAGOS · AUTO] ✅ TXT de pagos (ya cruzado con actas y causas) generado en: datos/descargas/pagos/2026-08-15/PAGOS 20260815 005327.txt
[ACTUALIZAR PAGOS · AUTO] 🧹 TXT de pagos crudo eliminado (ya usado en el cruce): datos/descargas/pagos/2026-08-15/ALL PAGOS DESCARGADOS.txt
[ACTUALIZAR PAGOS · AUTO] 🧹 Excel MULTAS_SIGEMI_CRUCE eliminado (ya usado en el cruce): datos/descargas/cache_actas_cruce/MULTAS_SIGEMI_CRUCE.xlsx
[ACTUALIZAR PAGOS · AUTO] 🧹 Excel MULTAS_SIGI_CRUCE eliminado (ya usado en el cruce): datos/descargas/cache_actas_cruce/MULTAS_SIGI_CRUCE.xlsx
[ACTUALIZAR PAGOS · AUTO] ✅ CompararActasPaso finalizado. (⏱ 18.4s)
[ACTUALIZAR PAGOS · AUTO] ==================================================
[ACTUALIZAR PAGOS · AUTO] 🚀 PASO: CargarPagosPaso
[ACTUALIZAR PAGOS · AUTO] ==================================================
[ACTUALIZAR PAGOS · AUTO] ℹ No se encontraron pagos para actualizar (el TXT final no tiene registros).
[ACTUALIZAR PAGOS · AUTO] 🧹 TXT de pagos sin registros eliminado (nada para subir): datos/descargas/pagos/2026-08-15/PAGOS 20260815 005327.txt
[ACTUALIZAR PAGOS · AUTO] ⏭ Se omite la carga al SEMyT.
[ACTUALIZAR PAGOS · AUTO] ✅ CargarPagosPaso finalizado. (⏱ 0.0s)
[ACTUALIZAR PAGOS · AUTO] === Ejecución finalizada con éxito ===
[ACTUALIZAR PAGOS · AUTO] ℹ No se subió ningún archivo a ningún sistema externo en esta corrida: por política, el log detallado no se conserva en disco.
🤖 [Automático] Es hora de actualizar pagos. Arrancando...
[ACTUALIZAR PAGOS · AUTO] === Inicio de ejecución: pagos ===
[ACTUALIZAR PAGOS · AUTO] ==================================================
[ACTUALIZAR PAGOS · AUTO] 🚀 PASO: LoginSEMyTPaso
[ACTUALIZAR PAGOS · AUTO] ==================================================
[ACTUALIZAR PAGOS · AUTO] Abriendo SEMyT...
[ACTUALIZAR PAGOS · AUTO] ✅ [SEMyT] Sesión existente detectada. Login omitido.
[ACTUALIZAR PAGOS · AUTO] ✅ LoginSEMyTPaso finalizado. (⏱ 2.8s)
[ACTUALIZAR PAGOS · AUTO] ==================================================
[ACTUALIZAR PAGOS · AUTO] 🚀 PASO: LoginSIGIPaso
[ACTUALIZAR PAGOS · AUTO] ==================================================
[ACTUALIZAR PAGOS · AUTO] Abriendo sitio municipalidad (CiDi)...
[ACTUALIZAR PAGOS · AUTO] ✅ [SIGI] Sesión existente detectada. Login omitido.
[ACTUALIZAR PAGOS · AUTO] ✅ LoginSIGIPaso finalizado. (⏱ 1.1s)
[ACTUALIZAR PAGOS · AUTO] ==================================================
[ACTUALIZAR PAGOS · AUTO] 🚀 PASO: DescargasParalelasPaso
[ACTUALIZAR PAGOS · AUTO] ==================================================
[ACTUALIZAR PAGOS · AUTO] 📤 Arrancando las 3 descargas en paralelo (mismo browser, páginas separadas)...
[ACTUALIZAR PAGOS · AUTO] Fecha Desde: 27/06/2024
[ACTUALIZAR PAGOS · AUTO] Fecha Hasta: 24/11/2025
[ACTUALIZAR PAGOS · AUTO] Fecha Desde: 25/11/2025
[ACTUALIZAR PAGOS · AUTO] Fecha Hasta: 15/08/2026
[ACTUALIZAR PAGOS · AUTO] Descargando Excel...
[ACTUALIZAR PAGOS · AUTO] Descargando Excel...
⏳ [Automático] Tocaba disparar 'pagos' pero ya hay una ejecución en curso (Actualizar pagos); esperando a que termine; se reintenta en breve sin perder el turno.
[ACTUALIZAR PAGOS · AUTO] Archivo descargado en: datos/descargas/cache_actas_cruce/MULTAS_SIGI_CRUCE.xlsx
[ACTUALIZAR PAGOS · AUTO] ⏱ [actas_sigi] completado en 12.8s
[ACTUALIZAR PAGOS · AUTO] Archivo descargado en: datos/descargas/cache_actas_cruce/MULTAS_SIGEMI_CRUCE.xlsx
[ACTUALIZAR PAGOS · AUTO] ⏱ [actas_sigemi] completado en 23.8s
[ACTUALIZAR PAGOS · AUTO] ✅ TXT de pagos descargado en: datos/descargas/pagos/2026-08-15/ALL PAGOS DESCARGADOS.txt
[ACTUALIZAR PAGOS · AUTO] ⏱ [pagos_txt] completado en 28.9s
[ACTUALIZAR PAGOS · AUTO] ⏱ TOTAL descargas en paralelo: 28.9s
[ACTUALIZAR PAGOS · AUTO] ✅ DescargasParalelasPaso finalizado. (⏱ 29.4s)
[ACTUALIZAR PAGOS · AUTO] ==================================================
[ACTUALIZAR PAGOS · AUTO] 🚀 PASO: CompararActasPaso
[ACTUALIZAR PAGOS · AUTO] ==================================================
[ACTUALIZAR PAGOS · AUTO] 🔍 Comparando actas del SEMyT contra pagos del SIGI...
[ACTUALIZAR PAGOS · AUTO] ================================================================================
[ACTUALIZAR PAGOS · AUTO] INICIANDO PROCESO DE GENERACIÓN DE PAGOS DESACTUALIZADOS
[ACTUALIZAR PAGOS · AUTO] ================================================================================
[ACTUALIZAR PAGOS · AUTO] 📂 Cargando archivos...
[ACTUALIZAR PAGOS · AUTO]   ✓ Pagos: 21366 registros
[ACTUALIZAR PAGOS · AUTO]   ✓ Excel SIGEMI (multas vencidas viejas): 100998 registros
[ACTUALIZAR PAGOS · AUTO]   ✓ Excel SIGI (multas vencidas nuevas): 42766 registros
[ACTUALIZAR PAGOS · AUTO] ================================================================================
[ACTUALIZAR PAGOS · AUTO] PASO 1: LLENANDO ACTA_NUMERO (búsqueda por patente + fecha, con desempate por hora)
[ACTUALIZAR PAGOS · AUTO] ================================================================================
[ACTUALIZAR PAGOS · AUTO] 📊 ESTADÍSTICAS DE LLENADO DE ACTAS:
[ACTUALIZAR PAGOS · AUTO]   • Pagos con acta ORIGINAL: 5600
[ACTUALIZAR PAGOS · AUTO]   • Pagos SIN acta (buscados): 15766
[ACTUALIZAR PAGOS · AUTO]   • Pagos LLENADOS exitosamente: 0
[ACTUALIZAR PAGOS · AUTO]   • Pagos NO encontrados en multas: 15766
[ACTUALIZAR PAGOS · AUTO]   • Pagos SIN RESOLVER por desbalance de cantidades: 0
[ACTUALIZAR PAGOS · AUTO] ================================================================================
[ACTUALIZAR PAGOS · AUTO] PASO 1: LLENANDO ACTA_NUMERO (búsqueda por patente + fecha, con desempate por hora)
[ACTUALIZAR PAGOS · AUTO] ================================================================================
[ACTUALIZAR PAGOS · AUTO] 📊 ESTADÍSTICAS DE LLENADO DE ACTAS:
[ACTUALIZAR PAGOS · AUTO]   • Pagos con acta ORIGINAL: 5600
[ACTUALIZAR PAGOS · AUTO]   • Pagos SIN acta (buscados): 15766
[ACTUALIZAR PAGOS · AUTO]   • Pagos LLENADOS exitosamente: 0
[ACTUALIZAR PAGOS · AUTO]   • Pagos NO encontrados en multas: 15766
[ACTUALIZAR PAGOS · AUTO]   • Pagos SIN RESOLVER por desbalance de cantidades: 0
[ACTUALIZAR PAGOS · AUTO] ⏱ PASO 1 (llenar actas): 7.7s
[ACTUALIZAR PAGOS · AUTO] ================================================================================
[ACTUALIZAR PAGOS · AUTO] PASO 2: FILTRANDO PAGOS CON ACTA_NUMERO COMPLETO
[ACTUALIZAR PAGOS · AUTO] ================================================================================
[ACTUALIZAR PAGOS · AUTO] 📊 ESTADÍSTICAS DE FILTRADO:
[ACTUALIZAR PAGOS · AUTO]   • Pagos TOTALES al inicio: 21366
[ACTUALIZAR PAGOS · AUTO]   • Pagos CON acta (MANTIENEN): 5600
[ACTUALIZAR PAGOS · AUTO]   • Pagos RECHAZADOS (sin coincidencias): 15766
[ACTUALIZAR PAGOS · AUTO] ⚠️  Se eliminaron 15766 registros sin número de acta
[ACTUALIZAR PAGOS · AUTO]      (recordá: esto incluye tanto pagos ya actualizados/pagados
[ACTUALIZAR PAGOS · AUTO]       como pagos que quedaron sin resolver por desbalance en el Paso 1)
[ACTUALIZAR PAGOS · AUTO] ================================================================================
[ACTUALIZAR PAGOS · AUTO] PASO 2-bis: CONFIRMANDO VIGENCIA DE PAGOS (sistema NUEVO contra MULTAS_SIGI_CRUCE, sistema VIEJO contra SIGEMI)
[ACTUALIZAR PAGOS · AUTO] ================================================================================
[ACTUALIZAR PAGOS · AUTO]   ⚠ 5585 pago(s) descartados: su acta ya no figura como vencida en MULTAS_SIGI_CRUCE (SEMyT ya los actualizó).
[ACTUALIZAR PAGOS · AUTO]   ⚠ 15 pago(s) descartados: su acta ya no figura como vencida en el Excel de SIGEMI (SEMyT ya los actualizó).
[ACTUALIZAR PAGOS · AUTO]   • Pagos descartados en total por ya estar actualizados/pagados: 5600
[ACTUALIZAR PAGOS · AUTO] ⏱ PASO 2 (filtrar): 0.9s
[ACTUALIZAR PAGOS · AUTO] 📂 Cargando maestro de causas SIGEMI...
[ACTUALIZAR PAGOS · AUTO]   ✓ Causas totales (maestro): 134069 registros
[ACTUALIZAR PAGOS · AUTO] ================================================================================
[ACTUALIZAR PAGOS · AUTO] PASO 2.5: ARMANDO causas.txt SIMPLIFICADO (cruce contra total_causas_sigemi.txt)
[ACTUALIZAR PAGOS · AUTO] ================================================================================
[ACTUALIZAR PAGOS · AUTO]   • Actas vencidas viejas (multas): 100998
[ACTUALIZAR PAGOS · AUTO]   • Causas totales en el maestro SIGEMI: 134069
[ACTUALIZAR PAGOS · AUTO]   • Causas que coinciden (simplificado): 100687
[ACTUALIZAR PAGOS · AUTO]   ✅ Archivo escrito: datos/descargas/causas/causas.txt
[ACTUALIZAR PAGOS · AUTO] ⏱ PASO 2.5 (causas simplificado): 0.8s
[ACTUALIZAR PAGOS · AUTO] ⚠️  NO HAY PAGOS CON ACTA_NUMERO PARA PROCESAR
[ACTUALIZAR PAGOS · AUTO] Creando archivo vacío...
[ACTUALIZAR PAGOS · AUTO] ✅ TXT de pagos (ya cruzado con actas y causas) generado en: datos/descargas/pagos/2026-08-15/PAGOS 20260815 005627.txt
[ACTUALIZAR PAGOS · AUTO] 🧹 TXT de pagos crudo eliminado (ya usado en el cruce): datos/descargas/pagos/2026-08-15/ALL PAGOS DESCARGADOS.txt
[ACTUALIZAR PAGOS · AUTO] 🧹 Excel MULTAS_SIGEMI_CRUCE eliminado (ya usado en el cruce): datos/descargas/cache_actas_cruce/MULTAS_SIGEMI_CRUCE.xlsx
[ACTUALIZAR PAGOS · AUTO] 🧹 Excel MULTAS_SIGI_CRUCE eliminado (ya usado en el cruce): datos/descargas/cache_actas_cruce/MULTAS_SIGI_CRUCE.xlsx
[ACTUALIZAR PAGOS · AUTO] ✅ CompararActasPaso finalizado. (⏱ 18.5s)
[ACTUALIZAR PAGOS · AUTO] ==================================================
[ACTUALIZAR PAGOS · AUTO] 🚀 PASO: CargarPagosPaso
[ACTUALIZAR PAGOS · AUTO] ==================================================
[ACTUALIZAR PAGOS · AUTO] ℹ No se encontraron pagos para actualizar (el TXT final no tiene registros).
[ACTUALIZAR PAGOS · AUTO] 🧹 TXT de pagos sin registros eliminado (nada para subir): datos/descargas/pagos/2026-08-15/PAGOS 20260815 005627.txt
[ACTUALIZAR PAGOS · AUTO] ⏭ Se omite la carga al SEMyT.
[ACTUALIZAR PAGOS · AUTO] ✅ CargarPagosPaso finalizado. (⏱ 0.0s)
[ACTUALIZAR PAGOS · AUTO] === Ejecución finalizada con éxito ===
[ACTUALIZAR PAGOS · AUTO] ℹ No se subió ningún archivo a ningún sistema externo en esta corrida: por política, el log detallado no se conserva en disco.
🤖 [Automático] Es hora de actualizar pagos. Arrancando...
[ACTUALIZAR PAGOS · AUTO] === Inicio de ejecución: pagos ===
[ACTUALIZAR PAGOS · AUTO] ==================================================
[ACTUALIZAR PAGOS · AUTO] 🚀 PASO: LoginSEMyTPaso
[ACTUALIZAR PAGOS · AUTO] ==================================================
[ACTUALIZAR PAGOS · AUTO] Abriendo SEMyT...
[ACTUALIZAR PAGOS · AUTO] ✅ [SEMyT] Sesión existente detectada. Login omitido.
[ACTUALIZAR PAGOS · AUTO] ✅ LoginSEMyTPaso finalizado. (⏱ 2.9s)
[ACTUALIZAR PAGOS · AUTO] ==================================================
[ACTUALIZAR PAGOS · AUTO] 🚀 PASO: LoginSIGIPaso
[ACTUALIZAR PAGOS · AUTO] ==================================================
[ACTUALIZAR PAGOS · AUTO] Abriendo sitio municipalidad (CiDi)...
[ACTUALIZAR PAGOS · AUTO] ✅ [SIGI] Sesión existente detectada. Login omitido.
[ACTUALIZAR PAGOS · AUTO] ✅ LoginSIGIPaso finalizado. (⏱ 0.9s)
[ACTUALIZAR PAGOS · AUTO] ==================================================
[ACTUALIZAR PAGOS · AUTO] 🚀 PASO: DescargasParalelasPaso
[ACTUALIZAR PAGOS · AUTO] ==================================================
[ACTUALIZAR PAGOS · AUTO] 📤 Arrancando las 3 descargas en paralelo (mismo browser, páginas separadas)...
[ACTUALIZAR PAGOS · AUTO] Fecha Desde: 27/06/2024
[ACTUALIZAR PAGOS · AUTO] Fecha Hasta: 24/11/2025
[ACTUALIZAR PAGOS · AUTO] Fecha Desde: 25/11/2025
[ACTUALIZAR PAGOS · AUTO] Fecha Hasta: 15/08/2026
[ACTUALIZAR PAGOS · AUTO] Descargando Excel...
[ACTUALIZAR PAGOS · AUTO] Descargando Excel...
⏳ [Automático] Tocaba disparar 'pagos' pero ya hay una ejecución en curso (Actualizar pagos); esperando a que termine; se reintenta en breve sin perder el turno.
[ACTUALIZAR PAGOS · AUTO] Archivo descargado en: datos/descargas/cache_actas_cruce/MULTAS_SIGI_CRUCE.xlsx
[ACTUALIZAR PAGOS · AUTO] ⏱ [actas_sigi] completado en 15.8s
[ACTUALIZAR PAGOS · AUTO] Archivo descargado en: datos/descargas/cache_actas_cruce/MULTAS_SIGEMI_CRUCE.xlsx
[ACTUALIZAR PAGOS · AUTO] ⏱ [actas_sigemi] completado en 23.6s
[ACTUALIZAR PAGOS · AUTO] ✅ TXT de pagos descargado en: datos/descargas/pagos/2026-08-15/ALL PAGOS DESCARGADOS.txt
[ACTUALIZAR PAGOS · AUTO] ⏱ [pagos_txt] completado en 37.3s
[ACTUALIZAR PAGOS · AUTO] ⏱ TOTAL descargas en paralelo: 37.4s
[ACTUALIZAR PAGOS · AUTO] ✅ DescargasParalelasPaso finalizado. (⏱ 37.9s)
[ACTUALIZAR PAGOS · AUTO] ==================================================
[ACTUALIZAR PAGOS · AUTO] 🚀 PASO: CompararActasPaso
[ACTUALIZAR PAGOS · AUTO] ==================================================
[ACTUALIZAR PAGOS · AUTO] 🔍 Comparando actas del SEMyT contra pagos del SIGI...
[ACTUALIZAR PAGOS · AUTO] ================================================================================
[ACTUALIZAR PAGOS · AUTO] INICIANDO PROCESO DE GENERACIÓN DE PAGOS DESACTUALIZADOS
[ACTUALIZAR PAGOS · AUTO] ================================================================================
[ACTUALIZAR PAGOS · AUTO] 📂 Cargando archivos...
[ACTUALIZAR PAGOS · AUTO]   ✓ Pagos: 21366 registros
[ACTUALIZAR PAGOS · AUTO]   ✓ Excel SIGEMI (multas vencidas viejas): 100998 registros
[ACTUALIZAR PAGOS · AUTO]   ✓ Excel SIGI (multas vencidas nuevas): 42766 registros
[ACTUALIZAR PAGOS · AUTO] ================================================================================
[ACTUALIZAR PAGOS · AUTO] PASO 1: LLENANDO ACTA_NUMERO (búsqueda por patente + fecha, con desempate por hora)
[ACTUALIZAR PAGOS · AUTO] ================================================================================
[ACTUALIZAR PAGOS · AUTO] 📊 ESTADÍSTICAS DE LLENADO DE ACTAS:
[ACTUALIZAR PAGOS · AUTO]   • Pagos con acta ORIGINAL: 5600
[ACTUALIZAR PAGOS · AUTO]   • Pagos SIN acta (buscados): 15766
[ACTUALIZAR PAGOS · AUTO]   • Pagos LLENADOS exitosamente: 0
[ACTUALIZAR PAGOS · AUTO]   • Pagos NO encontrados en multas: 15766
[ACTUALIZAR PAGOS · AUTO]   • Pagos SIN RESOLVER por desbalance de cantidades: 0
[ACTUALIZAR PAGOS · AUTO] ================================================================================
[ACTUALIZAR PAGOS · AUTO] PASO 1: LLENANDO ACTA_NUMERO (búsqueda por patente + fecha, con desempate por hora)
[ACTUALIZAR PAGOS · AUTO] ================================================================================
[ACTUALIZAR PAGOS · AUTO] 📊 ESTADÍSTICAS DE LLENADO DE ACTAS:
[ACTUALIZAR PAGOS · AUTO]   • Pagos con acta ORIGINAL: 5600
[ACTUALIZAR PAGOS · AUTO]   • Pagos SIN acta (buscados): 15766
[ACTUALIZAR PAGOS · AUTO]   • Pagos LLENADOS exitosamente: 0
[ACTUALIZAR PAGOS · AUTO]   • Pagos NO encontrados en multas: 15766
[ACTUALIZAR PAGOS · AUTO]   • Pagos SIN RESOLVER por desbalance de cantidades: 0
[ACTUALIZAR PAGOS · AUTO] ⏱ PASO 1 (llenar actas): 7.7s
[ACTUALIZAR PAGOS · AUTO] ================================================================================
[ACTUALIZAR PAGOS · AUTO] PASO 2: FILTRANDO PAGOS CON ACTA_NUMERO COMPLETO
[ACTUALIZAR PAGOS · AUTO] ================================================================================
[ACTUALIZAR PAGOS · AUTO] 📊 ESTADÍSTICAS DE FILTRADO:
[ACTUALIZAR PAGOS · AUTO]   • Pagos TOTALES al inicio: 21366
[ACTUALIZAR PAGOS · AUTO]   • Pagos CON acta (MANTIENEN): 5600
[ACTUALIZAR PAGOS · AUTO]   • Pagos RECHAZADOS (sin coincidencias): 15766
[ACTUALIZAR PAGOS · AUTO] ⚠️  Se eliminaron 15766 registros sin número de acta
[ACTUALIZAR PAGOS · AUTO]      (recordá: esto incluye tanto pagos ya actualizados/pagados
[ACTUALIZAR PAGOS · AUTO]       como pagos que quedaron sin resolver por desbalance en el Paso 1)
[ACTUALIZAR PAGOS · AUTO] ================================================================================
[ACTUALIZAR PAGOS · AUTO] PASO 2-bis: CONFIRMANDO VIGENCIA DE PAGOS (sistema NUEVO contra MULTAS_SIGI_CRUCE, sistema VIEJO contra SIGEMI)
[ACTUALIZAR PAGOS · AUTO] ================================================================================
[ACTUALIZAR PAGOS · AUTO]   ⚠ 5585 pago(s) descartados: su acta ya no figura como vencida en MULTAS_SIGI_CRUCE (SEMyT ya los actualizó).
[ACTUALIZAR PAGOS · AUTO]   ⚠ 15 pago(s) descartados: su acta ya no figura como vencida en el Excel de SIGEMI (SEMyT ya los actualizó).
[ACTUALIZAR PAGOS · AUTO]   • Pagos descartados en total por ya estar actualizados/pagados: 5600
[ACTUALIZAR PAGOS · AUTO] ⏱ PASO 2 (filtrar): 0.9s
[ACTUALIZAR PAGOS · AUTO] 📂 Cargando maestro de causas SIGEMI...
[ACTUALIZAR PAGOS · AUTO]   ✓ Causas totales (maestro): 134069 registros
[ACTUALIZAR PAGOS · AUTO] ================================================================================
[ACTUALIZAR PAGOS · AUTO] PASO 2.5: ARMANDO causas.txt SIMPLIFICADO (cruce contra total_causas_sigemi.txt)
[ACTUALIZAR PAGOS · AUTO] ================================================================================
[ACTUALIZAR PAGOS · AUTO]   • Actas vencidas viejas (multas): 100998
[ACTUALIZAR PAGOS · AUTO]   • Causas totales en el maestro SIGEMI: 134069
[ACTUALIZAR PAGOS · AUTO]   • Causas que coinciden (simplificado): 100687
[ACTUALIZAR PAGOS · AUTO]   ✅ Archivo escrito: datos/descargas/causas/causas.txt
[ACTUALIZAR PAGOS · AUTO] ⏱ PASO 2.5 (causas simplificado): 0.9s
[ACTUALIZAR PAGOS · AUTO] ⚠️  NO HAY PAGOS CON ACTA_NUMERO PARA PROCESAR
[ACTUALIZAR PAGOS · AUTO] Creando archivo vacío...
[ACTUALIZAR PAGOS · AUTO] ✅ TXT de pagos (ya cruzado con actas y causas) generado en: datos/descargas/pagos/2026-08-15/PAGOS 20260815 005936.txt
[ACTUALIZAR PAGOS · AUTO] 🧹 TXT de pagos crudo eliminado (ya usado en el cruce): datos/descargas/pagos/2026-08-15/ALL PAGOS DESCARGADOS.txt
[ACTUALIZAR PAGOS · AUTO] 🧹 Excel MULTAS_SIGEMI_CRUCE eliminado (ya usado en el cruce): datos/descargas/cache_actas_cruce/MULTAS_SIGEMI_CRUCE.xlsx
[ACTUALIZAR PAGOS · AUTO] 🧹 Excel MULTAS_SIGI_CRUCE eliminado (ya usado en el cruce): datos/descargas/cache_actas_cruce/MULTAS_SIGI_CRUCE.xlsx
[ACTUALIZAR PAGOS · AUTO] ✅ CompararActasPaso finalizado. (⏱ 18.5s)
[ACTUALIZAR PAGOS · AUTO] ==================================================
[ACTUALIZAR PAGOS · AUTO] 🚀 PASO: CargarPagosPaso
[ACTUALIZAR PAGOS · AUTO] ==================================================
[ACTUALIZAR PAGOS · AUTO] ℹ No se encontraron pagos para actualizar (el TXT final no tiene registros).
[ACTUALIZAR PAGOS · AUTO] 🧹 TXT de pagos sin registros eliminado (nada para subir): datos/descargas/pagos/2026-08-15/PAGOS 20260815 005936.txt
[ACTUALIZAR PAGOS · AUTO] ⏭ Se omite la carga al SEMyT.
[ACTUALIZAR PAGOS · AUTO] ✅ CargarPagosPaso finalizado. (⏱ 0.0s)
[ACTUALIZAR PAGOS · AUTO] === Ejecución finalizada con éxito ===
[ACTUALIZAR PAGOS · AUTO] ℹ No se subió ningún archivo a ningún sistema externo en esta corrida: por política, el log detallado no se conserva en disco.
🤖 [Automático] Es hora de actualizar pagos. Arrancando...
[ACTUALIZAR PAGOS · AUTO] === Inicio de ejecución: pagos ===
[ACTUALIZAR PAGOS · AUTO] ==================================================
[ACTUALIZAR PAGOS · AUTO] 🚀 PASO: LoginSEMyTPaso
[ACTUALIZAR PAGOS · AUTO] ==================================================
[ACTUALIZAR PAGOS · AUTO] Abriendo SEMyT...
[ACTUALIZAR PAGOS · AUTO] ✅ [SEMyT] Sesión existente detectada. Login omitido.
[ACTUALIZAR PAGOS · AUTO] ✅ LoginSEMyTPaso finalizado. (⏱ 2.9s)
[ACTUALIZAR PAGOS · AUTO] ==================================================
[ACTUALIZAR PAGOS · AUTO] 🚀 PASO: LoginSIGIPaso
[ACTUALIZAR PAGOS · AUTO] ==================================================
[ACTUALIZAR PAGOS · AUTO] Abriendo sitio municipalidad (CiDi)...
[ACTUALIZAR PAGOS · AUTO] ✅ [SIGI] Sesión existente detectada. Login omitido.
[ACTUALIZAR PAGOS · AUTO] ✅ LoginSIGIPaso finalizado. (⏱ 1.0s)
[ACTUALIZAR PAGOS · AUTO] ==================================================
[ACTUALIZAR PAGOS · AUTO] 🚀 PASO: DescargasParalelasPaso
[ACTUALIZAR PAGOS · AUTO] ==================================================
[ACTUALIZAR PAGOS · AUTO] 📤 Arrancando las 3 descargas en paralelo (mismo browser, páginas separadas)...
[ACTUALIZAR PAGOS · AUTO] Fecha Desde: 27/06/2024
[ACTUALIZAR PAGOS · AUTO] Fecha Hasta: 24/11/2025
[ACTUALIZAR PAGOS · AUTO] Fecha Desde: 25/11/2025
[ACTUALIZAR PAGOS · AUTO] Fecha Hasta: 15/08/2026
[ACTUALIZAR PAGOS · AUTO] Descargando Excel...
[ACTUALIZAR PAGOS · AUTO] Descargando Excel...
⏳ [Automático] Tocaba disparar 'pagos' pero ya hay una ejecución en curso (Actualizar pagos); esperando a que termine; se reintenta en breve sin perder el turno.
[ACTUALIZAR PAGOS · AUTO] Archivo descargado en: datos/descargas/cache_actas_cruce/MULTAS_SIGI_CRUCE.xlsx
[ACTUALIZAR PAGOS · AUTO] ⏱ [actas_sigi] completado en 12.7s
[ACTUALIZAR PAGOS · AUTO] Archivo descargado en: datos/descargas/cache_actas_cruce/MULTAS_SIGEMI_CRUCE.xlsx
[ACTUALIZAR PAGOS · AUTO] ⏱ [actas_sigemi] completado en 23.4s
[ACTUALIZAR PAGOS · AUTO] ✅ TXT de pagos descargado en: datos/descargas/pagos/2026-08-15/ALL PAGOS DESCARGADOS.txt
[ACTUALIZAR PAGOS · AUTO] ⏱ [pagos_txt] completado en 35.3s
[ACTUALIZAR PAGOS · AUTO] ⏱ TOTAL descargas en paralelo: 35.3s
[ACTUALIZAR PAGOS · AUTO] ✅ DescargasParalelasPaso finalizado. (⏱ 35.9s)
[ACTUALIZAR PAGOS · AUTO] ==================================================
[ACTUALIZAR PAGOS · AUTO] 🚀 PASO: CompararActasPaso
[ACTUALIZAR PAGOS · AUTO] ==================================================
[ACTUALIZAR PAGOS · AUTO] 🔍 Comparando actas del SEMyT contra pagos del SIGI...
[ACTUALIZAR PAGOS · AUTO] ================================================================================
[ACTUALIZAR PAGOS · AUTO] INICIANDO PROCESO DE GENERACIÓN DE PAGOS DESACTUALIZADOS
[ACTUALIZAR PAGOS · AUTO] ================================================================================
[ACTUALIZAR PAGOS · AUTO] 📂 Cargando archivos...
[ACTUALIZAR PAGOS · AUTO]   ✓ Pagos: 21366 registros
[ACTUALIZAR PAGOS · AUTO]   ✓ Excel SIGEMI (multas vencidas viejas): 100998 registros
[ACTUALIZAR PAGOS · AUTO]   ✓ Excel SIGI (multas vencidas nuevas): 42766 registros
[ACTUALIZAR PAGOS · AUTO] ================================================================================
[ACTUALIZAR PAGOS · AUTO] PASO 1: LLENANDO ACTA_NUMERO (búsqueda por patente + fecha, con desempate por hora)
[ACTUALIZAR PAGOS · AUTO] ================================================================================
[ACTUALIZAR PAGOS · AUTO] 📊 ESTADÍSTICAS DE LLENADO DE ACTAS:
[ACTUALIZAR PAGOS · AUTO]   • Pagos con acta ORIGINAL: 5600
[ACTUALIZAR PAGOS · AUTO]   • Pagos SIN acta (buscados): 15766
[ACTUALIZAR PAGOS · AUTO]   • Pagos LLENADOS exitosamente: 0
[ACTUALIZAR PAGOS · AUTO]   • Pagos NO encontrados en multas: 15766
[ACTUALIZAR PAGOS · AUTO]   • Pagos SIN RESOLVER por desbalance de cantidades: 0
[ACTUALIZAR PAGOS · AUTO] ================================================================================
[ACTUALIZAR PAGOS · AUTO] PASO 1: LLENANDO ACTA_NUMERO (búsqueda por patente + fecha, con desempate por hora)
[ACTUALIZAR PAGOS · AUTO] ================================================================================
[ACTUALIZAR PAGOS · AUTO] 📊 ESTADÍSTICAS DE LLENADO DE ACTAS:
[ACTUALIZAR PAGOS · AUTO]   • Pagos con acta ORIGINAL: 5600
[ACTUALIZAR PAGOS · AUTO]   • Pagos SIN acta (buscados): 15766
[ACTUALIZAR PAGOS · AUTO]   • Pagos LLENADOS exitosamente: 0
[ACTUALIZAR PAGOS · AUTO]   • Pagos NO encontrados en multas: 15766
[ACTUALIZAR PAGOS · AUTO]   • Pagos SIN RESOLVER por desbalance de cantidades: 0
[ACTUALIZAR PAGOS · AUTO] ⏱ PASO 1 (llenar actas): 7.6s
[ACTUALIZAR PAGOS · AUTO] ================================================================================
[ACTUALIZAR PAGOS · AUTO] PASO 2: FILTRANDO PAGOS CON ACTA_NUMERO COMPLETO
[ACTUALIZAR PAGOS · AUTO] ================================================================================
[ACTUALIZAR PAGOS · AUTO] 📊 ESTADÍSTICAS DE FILTRADO:
[ACTUALIZAR PAGOS · AUTO]   • Pagos TOTALES al inicio: 21366
[ACTUALIZAR PAGOS · AUTO]   • Pagos CON acta (MANTIENEN): 5600
[ACTUALIZAR PAGOS · AUTO]   • Pagos RECHAZADOS (sin coincidencias): 15766
[ACTUALIZAR PAGOS · AUTO] ⚠️  Se eliminaron 15766 registros sin número de acta
[ACTUALIZAR PAGOS · AUTO]      (recordá: esto incluye tanto pagos ya actualizados/pagados
[ACTUALIZAR PAGOS · AUTO]       como pagos que quedaron sin resolver por desbalance en el Paso 1)
[ACTUALIZAR PAGOS · AUTO] ================================================================================
[ACTUALIZAR PAGOS · AUTO] PASO 2-bis: CONFIRMANDO VIGENCIA DE PAGOS (sistema NUEVO contra MULTAS_SIGI_CRUCE, sistema VIEJO contra SIGEMI)
[ACTUALIZAR PAGOS · AUTO] ================================================================================
[ACTUALIZAR PAGOS · AUTO]   ⚠ 5585 pago(s) descartados: su acta ya no figura como vencida en MULTAS_SIGI_CRUCE (SEMyT ya los actualizó).
[ACTUALIZAR PAGOS · AUTO]   ⚠ 15 pago(s) descartados: su acta ya no figura como vencida en el Excel de SIGEMI (SEMyT ya los actualizó).
[ACTUALIZAR PAGOS · AUTO]   • Pagos descartados en total por ya estar actualizados/pagados: 5600
[ACTUALIZAR PAGOS · AUTO] ⏱ PASO 2 (filtrar): 0.9s
[ACTUALIZAR PAGOS · AUTO] 📂 Cargando maestro de causas SIGEMI...
[ACTUALIZAR PAGOS · AUTO]   ✓ Causas totales (maestro): 134069 registros
[ACTUALIZAR PAGOS · AUTO] ================================================================================
[ACTUALIZAR PAGOS · AUTO] PASO 2.5: ARMANDO causas.txt SIMPLIFICADO (cruce contra total_causas_sigemi.txt)
[ACTUALIZAR PAGOS · AUTO] ================================================================================
[ACTUALIZAR PAGOS · AUTO]   • Actas vencidas viejas (multas): 100998
[ACTUALIZAR PAGOS · AUTO]   • Causas totales en el maestro SIGEMI: 134069
[ACTUALIZAR PAGOS · AUTO]   • Causas que coinciden (simplificado): 100687
[ACTUALIZAR PAGOS · AUTO]   ✅ Archivo escrito: datos/descargas/causas/causas.txt
[ACTUALIZAR PAGOS · AUTO] ⏱ PASO 2.5 (causas simplificado): 0.9s
[ACTUALIZAR PAGOS · AUTO] ⚠️  NO HAY PAGOS CON ACTA_NUMERO PARA PROCESAR
[ACTUALIZAR PAGOS · AUTO] Creando archivo vacío...
[ACTUALIZAR PAGOS · AUTO] ✅ TXT de pagos (ya cruzado con actas y causas) generado en: datos/descargas/pagos/2026-08-15/PAGOS 20260815 010249.txt
[ACTUALIZAR PAGOS · AUTO] 🧹 TXT de pagos crudo eliminado (ya usado en el cruce): datos/descargas/pagos/2026-08-15/ALL PAGOS DESCARGADOS.txt
[ACTUALIZAR PAGOS · AUTO] 🧹 Excel MULTAS_SIGEMI_CRUCE eliminado (ya usado en el cruce): datos/descargas/cache_actas_cruce/MULTAS_SIGEMI_CRUCE.xlsx
[ACTUALIZAR PAGOS · AUTO] 🧹 Excel MULTAS_SIGI_CRUCE eliminado (ya usado en el cruce): datos/descargas/cache_actas_cruce/MULTAS_SIGI_CRUCE.xlsx
[ACTUALIZAR PAGOS · AUTO] ✅ CompararActasPaso finalizado. (⏱ 18.4s)
[ACTUALIZAR PAGOS · AUTO] ==================================================
[ACTUALIZAR PAGOS · AUTO] 🚀 PASO: CargarPagosPaso
[ACTUALIZAR PAGOS · AUTO] ==================================================
[ACTUALIZAR PAGOS · AUTO] ℹ No se encontraron pagos para actualizar (el TXT final no tiene registros).
[ACTUALIZAR PAGOS · AUTO] 🧹 TXT de pagos sin registros eliminado (nada para subir): datos/descargas/pagos/2026-08-15/PAGOS 20260815 010249.txt
[ACTUALIZAR PAGOS · AUTO] ⏭ Se omite la carga al SEMyT.
[ACTUALIZAR PAGOS · AUTO] ✅ CargarPagosPaso finalizado. (⏱ 0.0s)
[ACTUALIZAR PAGOS · AUTO] === Ejecución finalizada con éxito ===
[ACTUALIZAR PAGOS · AUTO] ℹ No se subió ningún archivo a ningún sistema externo en esta corrida: por política, el log detallado no se conserva en disco.
🤖 [Automático] Es hora de actualizar pagos. Arrancando...
[ACTUALIZAR PAGOS · AUTO] === Inicio de ejecución: pagos ===
[ACTUALIZAR PAGOS · AUTO] ==================================================
[ACTUALIZAR PAGOS · AUTO] 🚀 PASO: LoginSEMyTPaso
[ACTUALIZAR PAGOS · AUTO] ==================================================
[ACTUALIZAR PAGOS · AUTO] Abriendo SEMyT...
[ACTUALIZAR PAGOS · AUTO] ✅ [SEMyT] Sesión existente detectada. Login omitido.
[ACTUALIZAR PAGOS · AUTO] ✅ LoginSEMyTPaso finalizado. (⏱ 2.8s)
[ACTUALIZAR PAGOS · AUTO] ==================================================
[ACTUALIZAR PAGOS · AUTO] 🚀 PASO: LoginSIGIPaso
[ACTUALIZAR PAGOS · AUTO] ==================================================
[ACTUALIZAR PAGOS · AUTO] Abriendo sitio municipalidad (CiDi)...
[ACTUALIZAR PAGOS · AUTO] ✅ [SIGI] Sesión existente detectada. Login omitido.
[ACTUALIZAR PAGOS · AUTO] ✅ LoginSIGIPaso finalizado. (⏱ 1.3s)
[ACTUALIZAR PAGOS · AUTO] ==================================================
[ACTUALIZAR PAGOS · AUTO] 🚀 PASO: DescargasParalelasPaso
[ACTUALIZAR PAGOS · AUTO] ==================================================
[ACTUALIZAR PAGOS · AUTO] 📤 Arrancando las 3 descargas en paralelo (mismo browser, páginas separadas)...
[ACTUALIZAR PAGOS · AUTO] Fecha Desde: 27/06/2024
[ACTUALIZAR PAGOS · AUTO] Fecha Hasta: 24/11/2025
[ACTUALIZAR PAGOS · AUTO] Fecha Desde: 25/11/2025
[ACTUALIZAR PAGOS · AUTO] Fecha Hasta: 15/08/2026
[ACTUALIZAR PAGOS · AUTO] Descargando Excel...
[ACTUALIZAR PAGOS · AUTO] Descargando Excel...
⏳ [Automático] Tocaba disparar 'pagos' pero ya hay una ejecución en curso (Actualizar pagos); esperando a que termine; se reintenta en breve sin perder el turno.
[ACTUALIZAR PAGOS · AUTO] Archivo descargado en: datos/descargas/cache_actas_cruce/MULTAS_SIGI_CRUCE.xlsx
[ACTUALIZAR PAGOS · AUTO] ⏱ [actas_sigi] completado en 15.6s
[ACTUALIZAR PAGOS · AUTO] Archivo descargado en: datos/descargas/cache_actas_cruce/MULTAS_SIGEMI_CRUCE.xlsx
[ACTUALIZAR PAGOS · AUTO] ⏱ [actas_sigemi] completado en 23.0s
[ACTUALIZAR PAGOS · AUTO] ✅ TXT de pagos descargado en: datos/descargas/pagos/2026-08-15/ALL PAGOS DESCARGADOS.txt
[ACTUALIZAR PAGOS · AUTO] ⏱ [pagos_txt] completado en 33.3s
[ACTUALIZAR PAGOS · AUTO] ⏱ TOTAL descargas en paralelo: 33.3s
[ACTUALIZAR PAGOS · AUTO] ✅ DescargasParalelasPaso finalizado. (⏱ 33.8s)
[ACTUALIZAR PAGOS · AUTO] ==================================================
[ACTUALIZAR PAGOS · AUTO] 🚀 PASO: CompararActasPaso
[ACTUALIZAR PAGOS · AUTO] ==================================================
[ACTUALIZAR PAGOS · AUTO] 🔍 Comparando actas del SEMyT contra pagos del SIGI...
[ACTUALIZAR PAGOS · AUTO] ================================================================================
[ACTUALIZAR PAGOS · AUTO] INICIANDO PROCESO DE GENERACIÓN DE PAGOS DESACTUALIZADOS
[ACTUALIZAR PAGOS · AUTO] ================================================================================
[ACTUALIZAR PAGOS · AUTO] 📂 Cargando archivos...
[ACTUALIZAR PAGOS · AUTO]   ✓ Pagos: 21366 registros
[ACTUALIZAR PAGOS · AUTO]   ✓ Excel SIGEMI (multas vencidas viejas): 100998 registros
[ACTUALIZAR PAGOS · AUTO]   ✓ Excel SIGI (multas vencidas nuevas): 42766 registros
[ACTUALIZAR PAGOS · AUTO] ================================================================================
[ACTUALIZAR PAGOS · AUTO] PASO 1: LLENANDO ACTA_NUMERO (búsqueda por patente + fecha, con desempate por hora)
[ACTUALIZAR PAGOS · AUTO] ================================================================================
[ACTUALIZAR PAGOS · AUTO] 📊 ESTADÍSTICAS DE LLENADO DE ACTAS:
[ACTUALIZAR PAGOS · AUTO]   • Pagos con acta ORIGINAL: 5600
[ACTUALIZAR PAGOS · AUTO]   • Pagos SIN acta (buscados): 15766
[ACTUALIZAR PAGOS · AUTO]   • Pagos LLENADOS exitosamente: 0
[ACTUALIZAR PAGOS · AUTO]   • Pagos NO encontrados en multas: 15766
[ACTUALIZAR PAGOS · AUTO]   • Pagos SIN RESOLVER por desbalance de cantidades: 0
[ACTUALIZAR PAGOS · AUTO] ================================================================================
[ACTUALIZAR PAGOS · AUTO] PASO 1: LLENANDO ACTA_NUMERO (búsqueda por patente + fecha, con desempate por hora)
[ACTUALIZAR PAGOS · AUTO] ================================================================================
[ACTUALIZAR PAGOS · AUTO] 📊 ESTADÍSTICAS DE LLENADO DE ACTAS:
[ACTUALIZAR PAGOS · AUTO]   • Pagos con acta ORIGINAL: 5600
[ACTUALIZAR PAGOS · AUTO]   • Pagos SIN acta (buscados): 15766
[ACTUALIZAR PAGOS · AUTO]   • Pagos LLENADOS exitosamente: 0
[ACTUALIZAR PAGOS · AUTO]   • Pagos NO encontrados en multas: 15766
[ACTUALIZAR PAGOS · AUTO]   • Pagos SIN RESOLVER por desbalance de cantidades: 0
[ACTUALIZAR PAGOS · AUTO] ⏱ PASO 1 (llenar actas): 7.6s
[ACTUALIZAR PAGOS · AUTO] ================================================================================
[ACTUALIZAR PAGOS · AUTO] PASO 2: FILTRANDO PAGOS CON ACTA_NUMERO COMPLETO
[ACTUALIZAR PAGOS · AUTO] ================================================================================
[ACTUALIZAR PAGOS · AUTO] 📊 ESTADÍSTICAS DE FILTRADO:
[ACTUALIZAR PAGOS · AUTO]   • Pagos TOTALES al inicio: 21366
[ACTUALIZAR PAGOS · AUTO]   • Pagos CON acta (MANTIENEN): 5600
[ACTUALIZAR PAGOS · AUTO]   • Pagos RECHAZADOS (sin coincidencias): 15766
[ACTUALIZAR PAGOS · AUTO] ⚠️  Se eliminaron 15766 registros sin número de acta
[ACTUALIZAR PAGOS · AUTO]      (recordá: esto incluye tanto pagos ya actualizados/pagados
[ACTUALIZAR PAGOS · AUTO]       como pagos que quedaron sin resolver por desbalance en el Paso 1)
[ACTUALIZAR PAGOS · AUTO] ================================================================================
[ACTUALIZAR PAGOS · AUTO] PASO 2-bis: CONFIRMANDO VIGENCIA DE PAGOS (sistema NUEVO contra MULTAS_SIGI_CRUCE, sistema VIEJO contra SIGEMI)
[ACTUALIZAR PAGOS · AUTO] ================================================================================
[ACTUALIZAR PAGOS · AUTO]   ⚠ 5585 pago(s) descartados: su acta ya no figura como vencida en MULTAS_SIGI_CRUCE (SEMyT ya los actualizó).
[ACTUALIZAR PAGOS · AUTO]   ⚠ 15 pago(s) descartados: su acta ya no figura como vencida en el Excel de SIGEMI (SEMyT ya los actualizó).
[ACTUALIZAR PAGOS · AUTO]   • Pagos descartados en total por ya estar actualizados/pagados: 5600
[ACTUALIZAR PAGOS · AUTO] ⏱ PASO 2 (filtrar): 0.9s
[ACTUALIZAR PAGOS · AUTO] 📂 Cargando maestro de causas SIGEMI...
[ACTUALIZAR PAGOS · AUTO]   ✓ Causas totales (maestro): 134069 registros
[ACTUALIZAR PAGOS · AUTO] ================================================================================
[ACTUALIZAR PAGOS · AUTO] PASO 2.5: ARMANDO causas.txt SIMPLIFICADO (cruce contra total_causas_sigemi.txt)
[ACTUALIZAR PAGOS · AUTO] ================================================================================
[ACTUALIZAR PAGOS · AUTO]   • Actas vencidas viejas (multas): 100998
[ACTUALIZAR PAGOS · AUTO]   • Causas totales en el maestro SIGEMI: 134069
[ACTUALIZAR PAGOS · AUTO]   • Causas que coinciden (simplificado): 100687
[ACTUALIZAR PAGOS · AUTO]   ✅ Archivo escrito: datos/descargas/causas/causas.txt
[ACTUALIZAR PAGOS · AUTO] ⏱ PASO 2.5 (causas simplificado): 0.8s
[ACTUALIZAR PAGOS · AUTO] ⚠️  NO HAY PAGOS CON ACTA_NUMERO PARA PROCESAR
[ACTUALIZAR PAGOS · AUTO] Creando archivo vacío...
[ACTUALIZAR PAGOS · AUTO] ✅ TXT de pagos (ya cruzado con actas y causas) generado en: datos/descargas/pagos/2026-08-15/PAGOS 20260815 010547.txt
[ACTUALIZAR PAGOS · AUTO] 🧹 TXT de pagos crudo eliminado (ya usado en el cruce): datos/descargas/pagos/2026-08-15/ALL PAGOS DESCARGADOS.txt
[ACTUALIZAR PAGOS · AUTO] 🧹 Excel MULTAS_SIGEMI_CRUCE eliminado (ya usado en el cruce): datos/descargas/cache_actas_cruce/MULTAS_SIGEMI_CRUCE.xlsx
[ACTUALIZAR PAGOS · AUTO] 🧹 Excel MULTAS_SIGI_CRUCE eliminado (ya usado en el cruce): datos/descargas/cache_actas_cruce/MULTAS_SIGI_CRUCE.xlsx
[ACTUALIZAR PAGOS · AUTO] ✅ CompararActasPaso finalizado. (⏱ 18.4s)
[ACTUALIZAR PAGOS · AUTO] ==================================================
[ACTUALIZAR PAGOS · AUTO] 🚀 PASO: CargarPagosPaso
[ACTUALIZAR PAGOS · AUTO] ==================================================
[ACTUALIZAR PAGOS · AUTO] ℹ No se encontraron pagos para actualizar (el TXT final no tiene registros).
[ACTUALIZAR PAGOS · AUTO] 🧹 TXT de pagos sin registros eliminado (nada para subir): datos/descargas/pagos/2026-08-15/PAGOS 20260815 010547.txt
[ACTUALIZAR PAGOS · AUTO] ⏭ Se omite la carga al SEMyT.
[ACTUALIZAR PAGOS · AUTO] ✅ CargarPagosPaso finalizado. (⏱ 0.0s)
[ACTUALIZAR PAGOS · AUTO] === Ejecución finalizada con éxito ===
[ACTUALIZAR PAGOS · AUTO] ℹ No se subió ningún archivo a ningún sistema externo en esta corrida: por política, el log detallado no se conserva en disco.
🤖 [Automático] Es hora de actualizar pagos. Arrancando...
[ACTUALIZAR PAGOS · AUTO] === Inicio de ejecución: pagos ===
[ACTUALIZAR PAGOS · AUTO] ==================================================
[ACTUALIZAR PAGOS · AUTO] 🚀 PASO: LoginSEMyTPaso
[ACTUALIZAR PAGOS · AUTO] ==================================================
[ACTUALIZAR PAGOS · AUTO] Abriendo SEMyT...
[ACTUALIZAR PAGOS · AUTO] ✅ [SEMyT] Sesión existente detectada. Login omitido.
[ACTUALIZAR PAGOS · AUTO] ✅ LoginSEMyTPaso finalizado. (⏱ 2.9s)
[ACTUALIZAR PAGOS · AUTO] ==================================================
[ACTUALIZAR PAGOS · AUTO] 🚀 PASO: LoginSIGIPaso
[ACTUALIZAR PAGOS · AUTO] ==================================================
[ACTUALIZAR PAGOS · AUTO] Abriendo sitio municipalidad (CiDi)...
[ACTUALIZAR PAGOS · AUTO] ✅ [SIGI] Sesión existente detectada. Login omitido.
[ACTUALIZAR PAGOS · AUTO] ✅ LoginSIGIPaso finalizado. (⏱ 0.8s)
[ACTUALIZAR PAGOS · AUTO] ==================================================
[ACTUALIZAR PAGOS · AUTO] 🚀 PASO: DescargasParalelasPaso
[ACTUALIZAR PAGOS · AUTO] ==================================================
[ACTUALIZAR PAGOS · AUTO] 📤 Arrancando las 3 descargas en paralelo (mismo browser, páginas separadas)...
[ACTUALIZAR PAGOS · AUTO] Fecha Desde: 27/06/2024
[ACTUALIZAR PAGOS · AUTO] Fecha Hasta: 24/11/2025
[ACTUALIZAR PAGOS · AUTO] Fecha Desde: 25/11/2025
[ACTUALIZAR PAGOS · AUTO] Fecha Hasta: 15/08/2026
[ACTUALIZAR PAGOS · AUTO] Descargando Excel...
[ACTUALIZAR PAGOS · AUTO] Descargando Excel...
[ACTUALIZAR PAGOS · AUTO] Archivo descargado en: datos/descargas/cache_actas_cruce/MULTAS_SIGI_CRUCE.xlsx
⏳ [Automático] Tocaba disparar 'pagos' pero ya hay una ejecución en curso (Actualizar pagos); esperando a que termine; se reintenta en breve sin perder el turno.
[ACTUALIZAR PAGOS · AUTO] ⏱ [actas_sigi] completado en 12.6s
[ACTUALIZAR PAGOS · AUTO] Archivo descargado en: datos/descargas/cache_actas_cruce/MULTAS_SIGEMI_CRUCE.xlsx
[ACTUALIZAR PAGOS · AUTO] ⏱ [actas_sigemi] completado en 23.9s
[ACTUALIZAR PAGOS · AUTO] ✅ TXT de pagos descargado en: datos/descargas/pagos/2026-08-15/ALL PAGOS DESCARGADOS.txt
[ACTUALIZAR PAGOS · AUTO] ⏱ [pagos_txt] completado en 34.2s
[ACTUALIZAR PAGOS · AUTO] ⏱ TOTAL descargas en paralelo: 34.2s
[ACTUALIZAR PAGOS · AUTO] ✅ DescargasParalelasPaso finalizado. (⏱ 34.7s)
[ACTUALIZAR PAGOS · AUTO] ==================================================
[ACTUALIZAR PAGOS · AUTO] 🚀 PASO: CompararActasPaso
[ACTUALIZAR PAGOS · AUTO] ==================================================
[ACTUALIZAR PAGOS · AUTO] 🔍 Comparando actas del SEMyT contra pagos del SIGI...
[ACTUALIZAR PAGOS · AUTO] ================================================================================
[ACTUALIZAR PAGOS · AUTO] INICIANDO PROCESO DE GENERACIÓN DE PAGOS DESACTUALIZADOS
[ACTUALIZAR PAGOS · AUTO] ================================================================================
[ACTUALIZAR PAGOS · AUTO] 📂 Cargando archivos...
[ACTUALIZAR PAGOS · AUTO]   ✓ Pagos: 21366 registros
[ACTUALIZAR PAGOS · AUTO]   ✓ Excel SIGEMI (multas vencidas viejas): 100998 registros
[ACTUALIZAR PAGOS · AUTO]   ✓ Excel SIGI (multas vencidas nuevas): 42766 registros
[ACTUALIZAR PAGOS · AUTO] ================================================================================
[ACTUALIZAR PAGOS · AUTO] PASO 1: LLENANDO ACTA_NUMERO (búsqueda por patente + fecha, con desempate por hora)
[ACTUALIZAR PAGOS · AUTO] ================================================================================
[ACTUALIZAR PAGOS · AUTO] 📊 ESTADÍSTICAS DE LLENADO DE ACTAS:
[ACTUALIZAR PAGOS · AUTO]   • Pagos con acta ORIGINAL: 5600
[ACTUALIZAR PAGOS · AUTO]   • Pagos SIN acta (buscados): 15766
[ACTUALIZAR PAGOS · AUTO]   • Pagos LLENADOS exitosamente: 0
[ACTUALIZAR PAGOS · AUTO]   • Pagos NO encontrados en multas: 15766
[ACTUALIZAR PAGOS · AUTO]   • Pagos SIN RESOLVER por desbalance de cantidades: 0
[ACTUALIZAR PAGOS · AUTO] ================================================================================
[ACTUALIZAR PAGOS · AUTO] PASO 1: LLENANDO ACTA_NUMERO (búsqueda por patente + fecha, con desempate por hora)
[ACTUALIZAR PAGOS · AUTO] ================================================================================
[ACTUALIZAR PAGOS · AUTO] 📊 ESTADÍSTICAS DE LLENADO DE ACTAS:
[ACTUALIZAR PAGOS · AUTO]   • Pagos con acta ORIGINAL: 5600
[ACTUALIZAR PAGOS · AUTO]   • Pagos SIN acta (buscados): 15766
[ACTUALIZAR PAGOS · AUTO]   • Pagos LLENADOS exitosamente: 0
[ACTUALIZAR PAGOS · AUTO]   • Pagos NO encontrados en multas: 15766
[ACTUALIZAR PAGOS · AUTO]   • Pagos SIN RESOLVER por desbalance de cantidades: 0
[ACTUALIZAR PAGOS · AUTO] ⏱ PASO 1 (llenar actas): 8.0s
[ACTUALIZAR PAGOS · AUTO] ================================================================================
[ACTUALIZAR PAGOS · AUTO] PASO 2: FILTRANDO PAGOS CON ACTA_NUMERO COMPLETO
[ACTUALIZAR PAGOS · AUTO] ================================================================================
[ACTUALIZAR PAGOS · AUTO] 📊 ESTADÍSTICAS DE FILTRADO:
[ACTUALIZAR PAGOS · AUTO]   • Pagos TOTALES al inicio: 21366
[ACTUALIZAR PAGOS · AUTO]   • Pagos CON acta (MANTIENEN): 5600
[ACTUALIZAR PAGOS · AUTO]   • Pagos RECHAZADOS (sin coincidencias): 15766
[ACTUALIZAR PAGOS · AUTO] ⚠️  Se eliminaron 15766 registros sin número de acta
[ACTUALIZAR PAGOS · AUTO]      (recordá: esto incluye tanto pagos ya actualizados/pagados
[ACTUALIZAR PAGOS · AUTO]       como pagos que quedaron sin resolver por desbalance en el Paso 1)
[ACTUALIZAR PAGOS · AUTO] ================================================================================
[ACTUALIZAR PAGOS · AUTO] PASO 2-bis: CONFIRMANDO VIGENCIA DE PAGOS (sistema NUEVO contra MULTAS_SIGI_CRUCE, sistema VIEJO contra SIGEMI)
[ACTUALIZAR PAGOS · AUTO] ================================================================================
[ACTUALIZAR PAGOS · AUTO]   ⚠ 5585 pago(s) descartados: su acta ya no figura como vencida en MULTAS_SIGI_CRUCE (SEMyT ya los actualizó).
[ACTUALIZAR PAGOS · AUTO]   ⚠ 15 pago(s) descartados: su acta ya no figura como vencida en el Excel de SIGEMI (SEMyT ya los actualizó).
[ACTUALIZAR PAGOS · AUTO]   • Pagos descartados en total por ya estar actualizados/pagados: 5600
[ACTUALIZAR PAGOS · AUTO] ⏱ PASO 2 (filtrar): 1.1s
[ACTUALIZAR PAGOS · AUTO] 📂 Cargando maestro de causas SIGEMI...
[ACTUALIZAR PAGOS · AUTO]   ✓ Causas totales (maestro): 134069 registros
[ACTUALIZAR PAGOS · AUTO] ================================================================================
[ACTUALIZAR PAGOS · AUTO] PASO 2.5: ARMANDO causas.txt SIMPLIFICADO (cruce contra total_causas_sigemi.txt)
[ACTUALIZAR PAGOS · AUTO] ================================================================================
[ACTUALIZAR PAGOS · AUTO]   • Actas vencidas viejas (multas): 100998
[ACTUALIZAR PAGOS · AUTO]   • Causas totales en el maestro SIGEMI: 134069
[ACTUALIZAR PAGOS · AUTO]   • Causas que coinciden (simplificado): 100687
[ACTUALIZAR PAGOS · AUTO]   ✅ Archivo escrito: datos/descargas/causas/causas.txt
[ACTUALIZAR PAGOS · AUTO] ⏱ PASO 2.5 (causas simplificado): 0.8s
[ACTUALIZAR PAGOS · AUTO] ⚠️  NO HAY PAGOS CON ACTA_NUMERO PARA PROCESAR
[ACTUALIZAR PAGOS · AUTO] Creando archivo vacío...
[ACTUALIZAR PAGOS · AUTO] ✅ TXT de pagos (ya cruzado con actas y causas) generado en: datos/descargas/pagos/2026-08-15/PAGOS 20260815 010848.txt
[ACTUALIZAR PAGOS · AUTO] 🧹 TXT de pagos crudo eliminado (ya usado en el cruce): datos/descargas/pagos/2026-08-15/ALL PAGOS DESCARGADOS.txt
[ACTUALIZAR PAGOS · AUTO] 🧹 Excel MULTAS_SIGEMI_CRUCE eliminado (ya usado en el cruce): datos/descargas/cache_actas_cruce/MULTAS_SIGEMI_CRUCE.xlsx
[ACTUALIZAR PAGOS · AUTO] 🧹 Excel MULTAS_SIGI_CRUCE eliminado (ya usado en el cruce): datos/descargas/cache_actas_cruce/MULTAS_SIGI_CRUCE.xlsx
[ACTUALIZAR PAGOS · AUTO] ✅ CompararActasPaso finalizado. (⏱ 19.2s)
[ACTUALIZAR PAGOS · AUTO] ==================================================
[ACTUALIZAR PAGOS · AUTO] 🚀 PASO: CargarPagosPaso
[ACTUALIZAR PAGOS · AUTO] ==================================================
[ACTUALIZAR PAGOS · AUTO] ℹ No se encontraron pagos para actualizar (el TXT final no tiene registros).
[ACTUALIZAR PAGOS · AUTO] 🧹 TXT de pagos sin registros eliminado (nada para subir): datos/descargas/pagos/2026-08-15/PAGOS 20260815 010848.txt
[ACTUALIZAR PAGOS · AUTO] ⏭ Se omite la carga al SEMyT.
[ACTUALIZAR PAGOS · AUTO] ✅ CargarPagosPaso finalizado. (⏱ 0.0s)
[ACTUALIZAR PAGOS · AUTO] === Ejecución finalizada con éxito ===
[ACTUALIZAR PAGOS · AUTO] ℹ No se subió ningún archivo a ningún sistema externo en esta corrida: por política, el log detallado no se conserva en disco.
🤖 [Automático] Es hora de actualizar pagos. Arrancando...
[ACTUALIZAR PAGOS · AUTO] === Inicio de ejecución: pagos ===
[ACTUALIZAR PAGOS · AUTO] ==================================================
[ACTUALIZAR PAGOS · AUTO] 🚀 PASO: LoginSEMyTPaso
[ACTUALIZAR PAGOS · AUTO] ==================================================
[ACTUALIZAR PAGOS · AUTO] Abriendo SEMyT...
[ACTUALIZAR PAGOS · AUTO] ✅ [SEMyT] Sesión existente detectada. Login omitido.
[ACTUALIZAR PAGOS · AUTO] ✅ LoginSEMyTPaso finalizado. (⏱ 3.1s)
[ACTUALIZAR PAGOS · AUTO] ==================================================
[ACTUALIZAR PAGOS · AUTO] 🚀 PASO: LoginSIGIPaso
[ACTUALIZAR PAGOS · AUTO] ==================================================
[ACTUALIZAR PAGOS · AUTO] Abriendo sitio municipalidad (CiDi)...
[ACTUALIZAR PAGOS · AUTO] ✅ [SIGI] Sesión existente detectada. Login omitido.
[ACTUALIZAR PAGOS · AUTO] ✅ LoginSIGIPaso finalizado. (⏱ 1.0s)
[ACTUALIZAR PAGOS · AUTO] ==================================================
[ACTUALIZAR PAGOS · AUTO] 🚀 PASO: DescargasParalelasPaso
[ACTUALIZAR PAGOS · AUTO] ==================================================
[ACTUALIZAR PAGOS · AUTO] 📤 Arrancando las 3 descargas en paralelo (mismo browser, páginas separadas)...
[ACTUALIZAR PAGOS · AUTO] Fecha Desde: 27/06/2024
[ACTUALIZAR PAGOS · AUTO] Fecha Hasta: 24/11/2025
[ACTUALIZAR PAGOS · AUTO] Fecha Desde: 25/11/2025
[ACTUALIZAR PAGOS · AUTO] Fecha Hasta: 15/08/2026
[ACTUALIZAR PAGOS · AUTO] Descargando Excel...
[ACTUALIZAR PAGOS · AUTO] Descargando Excel...
⏳ [Automático] Tocaba disparar 'pagos' pero ya hay una ejecución en curso (Actualizar pagos); esperando a que termine; se reintenta en breve sin perder el turno.
[ACTUALIZAR PAGOS · AUTO] Archivo descargado en: datos/descargas/cache_actas_cruce/MULTAS_SIGI_CRUCE.xlsx
[ACTUALIZAR PAGOS · AUTO] ⏱ [actas_sigi] completado en 12.6s
[ACTUALIZAR PAGOS · AUTO] Archivo descargado en: datos/descargas/cache_actas_cruce/MULTAS_SIGEMI_CRUCE.xlsx
[ACTUALIZAR PAGOS · AUTO] ⏱ [actas_sigemi] completado en 23.0s
[ACTUALIZAR PAGOS · AUTO] ✅ TXT de pagos descargado en: datos/descargas/pagos/2026-08-15/ALL PAGOS DESCARGADOS.txt
[ACTUALIZAR PAGOS · AUTO] ⏱ [pagos_txt] completado en 35.4s
[ACTUALIZAR PAGOS · AUTO] ⏱ TOTAL descargas en paralelo: 35.4s
[ACTUALIZAR PAGOS · AUTO] ✅ DescargasParalelasPaso finalizado. (⏱ 35.9s)
[ACTUALIZAR PAGOS · AUTO] ==================================================
[ACTUALIZAR PAGOS · AUTO] 🚀 PASO: CompararActasPaso
[ACTUALIZAR PAGOS · AUTO] ==================================================
[ACTUALIZAR PAGOS · AUTO] 🔍 Comparando actas del SEMyT contra pagos del SIGI...
[ACTUALIZAR PAGOS · AUTO] ================================================================================
[ACTUALIZAR PAGOS · AUTO] INICIANDO PROCESO DE GENERACIÓN DE PAGOS DESACTUALIZADOS
[ACTUALIZAR PAGOS · AUTO] ================================================================================
[ACTUALIZAR PAGOS · AUTO] 📂 Cargando archivos...
[ACTUALIZAR PAGOS · AUTO]   ✓ Pagos: 21366 registros
[ACTUALIZAR PAGOS · AUTO]   ✓ Excel SIGEMI (multas vencidas viejas): 100998 registros
[ACTUALIZAR PAGOS · AUTO]   ✓ Excel SIGI (multas vencidas nuevas): 42766 registros
[ACTUALIZAR PAGOS · AUTO] ================================================================================
[ACTUALIZAR PAGOS · AUTO] PASO 1: LLENANDO ACTA_NUMERO (búsqueda por patente + fecha, con desempate por hora)
[ACTUALIZAR PAGOS · AUTO] ================================================================================
[ACTUALIZAR PAGOS · AUTO] 📊 ESTADÍSTICAS DE LLENADO DE ACTAS:
[ACTUALIZAR PAGOS · AUTO]   • Pagos con acta ORIGINAL: 5600
[ACTUALIZAR PAGOS · AUTO]   • Pagos SIN acta (buscados): 15766
[ACTUALIZAR PAGOS · AUTO]   • Pagos LLENADOS exitosamente: 0
[ACTUALIZAR PAGOS · AUTO]   • Pagos NO encontrados en multas: 15766
[ACTUALIZAR PAGOS · AUTO]   • Pagos SIN RESOLVER por desbalance de cantidades: 0
[ACTUALIZAR PAGOS · AUTO] ================================================================================
[ACTUALIZAR PAGOS · AUTO] PASO 1: LLENANDO ACTA_NUMERO (búsqueda por patente + fecha, con desempate por hora)
[ACTUALIZAR PAGOS · AUTO] ================================================================================
[ACTUALIZAR PAGOS · AUTO] 📊 ESTADÍSTICAS DE LLENADO DE ACTAS:
[ACTUALIZAR PAGOS · AUTO]   • Pagos con acta ORIGINAL: 5600
[ACTUALIZAR PAGOS · AUTO]   • Pagos SIN acta (buscados): 15766
[ACTUALIZAR PAGOS · AUTO]   • Pagos LLENADOS exitosamente: 0
[ACTUALIZAR PAGOS · AUTO]   • Pagos NO encontrados en multas: 15766
[ACTUALIZAR PAGOS · AUTO]   • Pagos SIN RESOLVER por desbalance de cantidades: 0
[ACTUALIZAR PAGOS · AUTO] ⏱ PASO 1 (llenar actas): 7.7s
[ACTUALIZAR PAGOS · AUTO] ================================================================================
[ACTUALIZAR PAGOS · AUTO] PASO 2: FILTRANDO PAGOS CON ACTA_NUMERO COMPLETO
[ACTUALIZAR PAGOS · AUTO] ================================================================================
[ACTUALIZAR PAGOS · AUTO] 📊 ESTADÍSTICAS DE FILTRADO:
[ACTUALIZAR PAGOS · AUTO]   • Pagos TOTALES al inicio: 21366
[ACTUALIZAR PAGOS · AUTO]   • Pagos CON acta (MANTIENEN): 5600
[ACTUALIZAR PAGOS · AUTO]   • Pagos RECHAZADOS (sin coincidencias): 15766
[ACTUALIZAR PAGOS · AUTO] ⚠️  Se eliminaron 15766 registros sin número de acta
[ACTUALIZAR PAGOS · AUTO]      (recordá: esto incluye tanto pagos ya actualizados/pagados
[ACTUALIZAR PAGOS · AUTO]       como pagos que quedaron sin resolver por desbalance en el Paso 1)
[ACTUALIZAR PAGOS · AUTO] ================================================================================
[ACTUALIZAR PAGOS · AUTO] PASO 2-bis: CONFIRMANDO VIGENCIA DE PAGOS (sistema NUEVO contra MULTAS_SIGI_CRUCE, sistema VIEJO contra SIGEMI)
[ACTUALIZAR PAGOS · AUTO] ================================================================================
[ACTUALIZAR PAGOS · AUTO]   ⚠ 5585 pago(s) descartados: su acta ya no figura como vencida en MULTAS_SIGI_CRUCE (SEMyT ya los actualizó).
[ACTUALIZAR PAGOS · AUTO]   ⚠ 15 pago(s) descartados: su acta ya no figura como vencida en el Excel de SIGEMI (SEMyT ya los actualizó).
[ACTUALIZAR PAGOS · AUTO]   • Pagos descartados en total por ya estar actualizados/pagados: 5600
[ACTUALIZAR PAGOS · AUTO] ⏱ PASO 2 (filtrar): 0.9s
[ACTUALIZAR PAGOS · AUTO] 📂 Cargando maestro de causas SIGEMI...
[ACTUALIZAR PAGOS · AUTO]   ✓ Causas totales (maestro): 134069 registros
[ACTUALIZAR PAGOS · AUTO] ================================================================================
[ACTUALIZAR PAGOS · AUTO] PASO 2.5: ARMANDO causas.txt SIMPLIFICADO (cruce contra total_causas_sigemi.txt)
[ACTUALIZAR PAGOS · AUTO] ================================================================================
[ACTUALIZAR PAGOS · AUTO]   • Actas vencidas viejas (multas): 100998
[ACTUALIZAR PAGOS · AUTO]   • Causas totales en el maestro SIGEMI: 134069
[ACTUALIZAR PAGOS · AUTO]   • Causas que coinciden (simplificado): 100687
[ACTUALIZAR PAGOS · AUTO]   ✅ Archivo escrito: datos/descargas/causas/causas.txt
[ACTUALIZAR PAGOS · AUTO] ⏱ PASO 2.5 (causas simplificado): 0.8s
[ACTUALIZAR PAGOS · AUTO] ⚠️  NO HAY PAGOS CON ACTA_NUMERO PARA PROCESAR
[ACTUALIZAR PAGOS · AUTO] Creando archivo vacío...
[ACTUALIZAR PAGOS · AUTO] ✅ TXT de pagos (ya cruzado con actas y causas) generado en: datos/descargas/pagos/2026-08-15/PAGOS 20260815 011150.txt
[ACTUALIZAR PAGOS · AUTO] 🧹 TXT de pagos crudo eliminado (ya usado en el cruce): datos/descargas/pagos/2026-08-15/ALL PAGOS DESCARGADOS.txt
[ACTUALIZAR PAGOS · AUTO] 🧹 Excel MULTAS_SIGEMI_CRUCE eliminado (ya usado en el cruce): datos/descargas/cache_actas_cruce/MULTAS_SIGEMI_CRUCE.xlsx
[ACTUALIZAR PAGOS · AUTO] 🧹 Excel MULTAS_SIGI_CRUCE eliminado (ya usado en el cruce): datos/descargas/cache_actas_cruce/MULTAS_SIGI_CRUCE.xlsx
[ACTUALIZAR PAGOS · AUTO] ✅ CompararActasPaso finalizado. (⏱ 18.5s)
[ACTUALIZAR PAGOS · AUTO] ==================================================
[ACTUALIZAR PAGOS · AUTO] 🚀 PASO: CargarPagosPaso
[ACTUALIZAR PAGOS · AUTO] ==================================================
[ACTUALIZAR PAGOS · AUTO] ℹ No se encontraron pagos para actualizar (el TXT final no tiene registros).
[ACTUALIZAR PAGOS · AUTO] 🧹 TXT de pagos sin registros eliminado (nada para subir): datos/descargas/pagos/2026-08-15/PAGOS 20260815 011150.txt
[ACTUALIZAR PAGOS · AUTO] ⏭ Se omite la carga al SEMyT.
[ACTUALIZAR PAGOS · AUTO] ✅ CargarPagosPaso finalizado. (⏱ 0.0s)
[ACTUALIZAR PAGOS · AUTO] === Ejecución finalizada con éxito ===
[ACTUALIZAR PAGOS · AUTO] ℹ No se subió ningún archivo a ningún sistema externo en esta corrida: por política, el log detallado no se conserva en disco.
🤖 [Automático] Es hora de actualizar pagos. Arrancando...
[ACTUALIZAR PAGOS · AUTO] === Inicio de ejecución: pagos ===
[ACTUALIZAR PAGOS · AUTO] ==================================================
[ACTUALIZAR PAGOS · AUTO] 🚀 PASO: LoginSEMyTPaso
[ACTUALIZAR PAGOS · AUTO] ==================================================
[ACTUALIZAR PAGOS · AUTO] Abriendo SEMyT...
[ACTUALIZAR PAGOS · AUTO] ✅ [SEMyT] Sesión existente detectada. Login omitido.
[ACTUALIZAR PAGOS · AUTO] ✅ LoginSEMyTPaso finalizado. (⏱ 2.9s)
[ACTUALIZAR PAGOS · AUTO] ==================================================
[ACTUALIZAR PAGOS · AUTO] 🚀 PASO: LoginSIGIPaso
[ACTUALIZAR PAGOS · AUTO] ==================================================
[ACTUALIZAR PAGOS · AUTO] Abriendo sitio municipalidad (CiDi)...
[ACTUALIZAR PAGOS · AUTO] ✅ [SIGI] Sesión existente detectada. Login omitido.
[ACTUALIZAR PAGOS · AUTO] ✅ LoginSIGIPaso finalizado. (⏱ 1.0s)
[ACTUALIZAR PAGOS · AUTO] ==================================================
[ACTUALIZAR PAGOS · AUTO] 🚀 PASO: DescargasParalelasPaso
[ACTUALIZAR PAGOS · AUTO] ==================================================
[ACTUALIZAR PAGOS · AUTO] 📤 Arrancando las 3 descargas en paralelo (mismo browser, páginas separadas)...
[ACTUALIZAR PAGOS · AUTO] Fecha Desde: 27/06/2024
[ACTUALIZAR PAGOS · AUTO] Fecha Hasta: 24/11/2025
[ACTUALIZAR PAGOS · AUTO] Fecha Desde: 25/11/2025
[ACTUALIZAR PAGOS · AUTO] Fecha Hasta: 15/08/2026
[ACTUALIZAR PAGOS · AUTO] Descargando Excel...
[ACTUALIZAR PAGOS · AUTO] Descargando Excel...
[ACTUALIZAR PAGOS · AUTO] Archivo descargado en: datos/descargas/cache_actas_cruce/MULTAS_SIGI_CRUCE.xlsx
⏳ [Automático] Tocaba disparar 'pagos' pero ya hay una ejecución en curso (Actualizar pagos); esperando a que termine; se reintenta en breve sin perder el turno.
[ACTUALIZAR PAGOS · AUTO] ⏱ [actas_sigi] completado en 12.5s
[ACTUALIZAR PAGOS · AUTO] Archivo descargado en: datos/descargas/cache_actas_cruce/MULTAS_SIGEMI_CRUCE.xlsx
[ACTUALIZAR PAGOS · AUTO] ⏱ [actas_sigemi] completado en 24.1s
[ACTUALIZAR PAGOS · AUTO] ✅ TXT de pagos descargado en: datos/descargas/pagos/2026-08-15/ALL PAGOS DESCARGADOS.txt
[ACTUALIZAR PAGOS · AUTO] ⏱ [pagos_txt] completado en 33.7s
[ACTUALIZAR PAGOS · AUTO] ⏱ TOTAL descargas en paralelo: 33.7s
[ACTUALIZAR PAGOS · AUTO] ✅ DescargasParalelasPaso finalizado. (⏱ 34.2s)
[ACTUALIZAR PAGOS · AUTO] ==================================================
[ACTUALIZAR PAGOS · AUTO] 🚀 PASO: CompararActasPaso
[ACTUALIZAR PAGOS · AUTO] ==================================================
[ACTUALIZAR PAGOS · AUTO] 🔍 Comparando actas del SEMyT contra pagos del SIGI...
[ACTUALIZAR PAGOS · AUTO] ================================================================================
[ACTUALIZAR PAGOS · AUTO] INICIANDO PROCESO DE GENERACIÓN DE PAGOS DESACTUALIZADOS
[ACTUALIZAR PAGOS · AUTO] ================================================================================
[ACTUALIZAR PAGOS · AUTO] 📂 Cargando archivos...
[ACTUALIZAR PAGOS · AUTO]   ✓ Pagos: 21366 registros
[ACTUALIZAR PAGOS · AUTO]   ✓ Excel SIGEMI (multas vencidas viejas): 100998 registros
[ACTUALIZAR PAGOS · AUTO]   ✓ Excel SIGI (multas vencidas nuevas): 42766 registros
[ACTUALIZAR PAGOS · AUTO] ================================================================================
[ACTUALIZAR PAGOS · AUTO] PASO 1: LLENANDO ACTA_NUMERO (búsqueda por patente + fecha, con desempate por hora)
[ACTUALIZAR PAGOS · AUTO] ================================================================================
[ACTUALIZAR PAGOS · AUTO] 📊 ESTADÍSTICAS DE LLENADO DE ACTAS:
[ACTUALIZAR PAGOS · AUTO]   • Pagos con acta ORIGINAL: 5600
[ACTUALIZAR PAGOS · AUTO]   • Pagos SIN acta (buscados): 15766
[ACTUALIZAR PAGOS · AUTO]   • Pagos LLENADOS exitosamente: 0
[ACTUALIZAR PAGOS · AUTO]   • Pagos NO encontrados en multas: 15766
[ACTUALIZAR PAGOS · AUTO]   • Pagos SIN RESOLVER por desbalance de cantidades: 0
[ACTUALIZAR PAGOS · AUTO] ================================================================================
[ACTUALIZAR PAGOS · AUTO] PASO 1: LLENANDO ACTA_NUMERO (búsqueda por patente + fecha, con desempate por hora)
[ACTUALIZAR PAGOS · AUTO] ================================================================================
[ACTUALIZAR PAGOS · AUTO] 📊 ESTADÍSTICAS DE LLENADO DE ACTAS:
[ACTUALIZAR PAGOS · AUTO]   • Pagos con acta ORIGINAL: 5600
[ACTUALIZAR PAGOS · AUTO]   • Pagos SIN acta (buscados): 15766
[ACTUALIZAR PAGOS · AUTO]   • Pagos LLENADOS exitosamente: 0
[ACTUALIZAR PAGOS · AUTO]   • Pagos NO encontrados en multas: 15766
[ACTUALIZAR PAGOS · AUTO]   • Pagos SIN RESOLVER por desbalance de cantidades: 0
[ACTUALIZAR PAGOS · AUTO] ⏱ PASO 1 (llenar actas): 7.6s
[ACTUALIZAR PAGOS · AUTO] ================================================================================
[ACTUALIZAR PAGOS · AUTO] PASO 2: FILTRANDO PAGOS CON ACTA_NUMERO COMPLETO
[ACTUALIZAR PAGOS · AUTO] ================================================================================
[ACTUALIZAR PAGOS · AUTO] 📊 ESTADÍSTICAS DE FILTRADO:
[ACTUALIZAR PAGOS · AUTO]   • Pagos TOTALES al inicio: 21366
[ACTUALIZAR PAGOS · AUTO]   • Pagos CON acta (MANTIENEN): 5600
[ACTUALIZAR PAGOS · AUTO]   • Pagos RECHAZADOS (sin coincidencias): 15766
[ACTUALIZAR PAGOS · AUTO] ⚠️  Se eliminaron 15766 registros sin número de acta
[ACTUALIZAR PAGOS · AUTO]      (recordá: esto incluye tanto pagos ya actualizados/pagados
[ACTUALIZAR PAGOS · AUTO]       como pagos que quedaron sin resolver por desbalance en el Paso 1)
[ACTUALIZAR PAGOS · AUTO] ================================================================================
[ACTUALIZAR PAGOS · AUTO] PASO 2-bis: CONFIRMANDO VIGENCIA DE PAGOS (sistema NUEVO contra MULTAS_SIGI_CRUCE, sistema VIEJO contra SIGEMI)
[ACTUALIZAR PAGOS · AUTO] ================================================================================
[ACTUALIZAR PAGOS · AUTO]   ⚠ 5585 pago(s) descartados: su acta ya no figura como vencida en MULTAS_SIGI_CRUCE (SEMyT ya los actualizó).
[ACTUALIZAR PAGOS · AUTO]   ⚠ 15 pago(s) descartados: su acta ya no figura como vencida en el Excel de SIGEMI (SEMyT ya los actualizó).
[ACTUALIZAR PAGOS · AUTO]   • Pagos descartados en total por ya estar actualizados/pagados: 5600
[ACTUALIZAR PAGOS · AUTO] ⏱ PASO 2 (filtrar): 0.9s
[ACTUALIZAR PAGOS · AUTO] 📂 Cargando maestro de causas SIGEMI...
[ACTUALIZAR PAGOS · AUTO]   ✓ Causas totales (maestro): 134069 registros
[ACTUALIZAR PAGOS · AUTO] ================================================================================
[ACTUALIZAR PAGOS · AUTO] PASO 2.5: ARMANDO causas.txt SIMPLIFICADO (cruce contra total_causas_sigemi.txt)
[ACTUALIZAR PAGOS · AUTO] ================================================================================
[ACTUALIZAR PAGOS · AUTO]   • Actas vencidas viejas (multas): 100998
[ACTUALIZAR PAGOS · AUTO]   • Causas totales en el maestro SIGEMI: 134069
[ACTUALIZAR PAGOS · AUTO]   • Causas que coinciden (simplificado): 100687
[ACTUALIZAR PAGOS · AUTO]   ✅ Archivo escrito: datos/descargas/causas/causas.txt
[ACTUALIZAR PAGOS · AUTO] ⏱ PASO 2.5 (causas simplificado): 0.8s
[ACTUALIZAR PAGOS · AUTO] ⚠️  NO HAY PAGOS CON ACTA_NUMERO PARA PROCESAR
[ACTUALIZAR PAGOS · AUTO] Creando archivo vacío...
[ACTUALIZAR PAGOS · AUTO] ✅ TXT de pagos (ya cruzado con actas y causas) generado en: datos/descargas/pagos/2026-08-15/PAGOS 20260815 011448.txt
[ACTUALIZAR PAGOS · AUTO] 🧹 TXT de pagos crudo eliminado (ya usado en el cruce): datos/descargas/pagos/2026-08-15/ALL PAGOS DESCARGADOS.txt
[ACTUALIZAR PAGOS · AUTO] 🧹 Excel MULTAS_SIGEMI_CRUCE eliminado (ya usado en el cruce): datos/descargas/cache_actas_cruce/MULTAS_SIGEMI_CRUCE.xlsx
[ACTUALIZAR PAGOS · AUTO] 🧹 Excel MULTAS_SIGI_CRUCE eliminado (ya usado en el cruce): datos/descargas/cache_actas_cruce/MULTAS_SIGI_CRUCE.xlsx
[ACTUALIZAR PAGOS · AUTO] ✅ CompararActasPaso finalizado. (⏱ 18.3s)
[ACTUALIZAR PAGOS · AUTO] ==================================================
[ACTUALIZAR PAGOS · AUTO] 🚀 PASO: CargarPagosPaso
[ACTUALIZAR PAGOS · AUTO] ==================================================
[ACTUALIZAR PAGOS · AUTO] ℹ No se encontraron pagos para actualizar (el TXT final no tiene registros).
[ACTUALIZAR PAGOS · AUTO] 🧹 TXT de pagos sin registros eliminado (nada para subir): datos/descargas/pagos/2026-08-15/PAGOS 20260815 011448.txt
[ACTUALIZAR PAGOS · AUTO] ⏭ Se omite la carga al SEMyT.
[ACTUALIZAR PAGOS · AUTO] ✅ CargarPagosPaso finalizado. (⏱ 0.0s)
[ACTUALIZAR PAGOS · AUTO] === Ejecución finalizada con éxito ===
[ACTUALIZAR PAGOS · AUTO] ℹ No se subió ningún archivo a ningún sistema externo en esta corrida: por política, el log detallado no se conserva en disco.
🤖 [Automático] Es hora de actualizar pagos. Arrancando...
[ACTUALIZAR PAGOS · AUTO] === Inicio de ejecución: pagos ===
[ACTUALIZAR PAGOS · AUTO] ==================================================
[ACTUALIZAR PAGOS · AUTO] 🚀 PASO: LoginSEMyTPaso
[ACTUALIZAR PAGOS · AUTO] ==================================================
[ACTUALIZAR PAGOS · AUTO] Abriendo SEMyT...
[ACTUALIZAR PAGOS · AUTO] ✅ [SEMyT] Sesión existente detectada. Login omitido.
[ACTUALIZAR PAGOS · AUTO] ✅ LoginSEMyTPaso finalizado. (⏱ 3.0s)
[ACTUALIZAR PAGOS · AUTO] ==================================================
[ACTUALIZAR PAGOS · AUTO] 🚀 PASO: LoginSIGIPaso
[ACTUALIZAR PAGOS · AUTO] ==================================================
[ACTUALIZAR PAGOS · AUTO] Abriendo sitio municipalidad (CiDi)...
[ACTUALIZAR PAGOS · AUTO] ✅ [SIGI] Sesión existente detectada. Login omitido.
[ACTUALIZAR PAGOS · AUTO] ✅ LoginSIGIPaso finalizado. (⏱ 1.1s)
[ACTUALIZAR PAGOS · AUTO] ==================================================
[ACTUALIZAR PAGOS · AUTO] 🚀 PASO: DescargasParalelasPaso
[ACTUALIZAR PAGOS · AUTO] ==================================================
[ACTUALIZAR PAGOS · AUTO] 📤 Arrancando las 3 descargas en paralelo (mismo browser, páginas separadas)...
[ACTUALIZAR PAGOS · AUTO] Fecha Desde: 27/06/2024
[ACTUALIZAR PAGOS · AUTO] Fecha Hasta: 24/11/2025
[ACTUALIZAR PAGOS · AUTO] Fecha Desde: 25/11/2025
[ACTUALIZAR PAGOS · AUTO] Fecha Hasta: 15/08/2026
[ACTUALIZAR PAGOS · AUTO] Descargando Excel...
[ACTUALIZAR PAGOS · AUTO] Descargando Excel...
⏳ [Automático] Tocaba disparar 'pagos' pero ya hay una ejecución en curso (Actualizar pagos); esperando a que termine; se reintenta en breve sin perder el turno.
[ACTUALIZAR PAGOS · AUTO] Archivo descargado en: datos/descargas/cache_actas_cruce/MULTAS_SIGI_CRUCE.xlsx
[ACTUALIZAR PAGOS · AUTO] ⏱ [actas_sigi] completado en 12.5s
[ACTUALIZAR PAGOS · AUTO] Archivo descargado en: datos/descargas/cache_actas_cruce/MULTAS_SIGEMI_CRUCE.xlsx
[ACTUALIZAR PAGOS · AUTO] ⏱ [actas_sigemi] completado en 24.5s
[ACTUALIZAR PAGOS · AUTO] ✅ TXT de pagos descargado en: datos/descargas/pagos/2026-08-15/ALL PAGOS DESCARGADOS.txt
[ACTUALIZAR PAGOS · AUTO] ⏱ [pagos_txt] completado en 32.4s
[ACTUALIZAR PAGOS · AUTO] ⏱ TOTAL descargas en paralelo: 32.4s
[ACTUALIZAR PAGOS · AUTO] ✅ DescargasParalelasPaso finalizado. (⏱ 32.9s)
[ACTUALIZAR PAGOS · AUTO] ==================================================
[ACTUALIZAR PAGOS · AUTO] 🚀 PASO: CompararActasPaso
[ACTUALIZAR PAGOS · AUTO] ==================================================
[ACTUALIZAR PAGOS · AUTO] 🔍 Comparando actas del SEMyT contra pagos del SIGI...
[ACTUALIZAR PAGOS · AUTO] ================================================================================
[ACTUALIZAR PAGOS · AUTO] INICIANDO PROCESO DE GENERACIÓN DE PAGOS DESACTUALIZADOS
[ACTUALIZAR PAGOS · AUTO] ================================================================================
[ACTUALIZAR PAGOS · AUTO] 📂 Cargando archivos...
[ACTUALIZAR PAGOS · AUTO]   ✓ Pagos: 21366 registros
[ACTUALIZAR PAGOS · AUTO]   ✓ Excel SIGEMI (multas vencidas viejas): 100998 registros
[ACTUALIZAR PAGOS · AUTO]   ✓ Excel SIGI (multas vencidas nuevas): 42766 registros
[ACTUALIZAR PAGOS · AUTO] ================================================================================
[ACTUALIZAR PAGOS · AUTO] PASO 1: LLENANDO ACTA_NUMERO (búsqueda por patente + fecha, con desempate por hora)
[ACTUALIZAR PAGOS · AUTO] ================================================================================
[ACTUALIZAR PAGOS · AUTO] 📊 ESTADÍSTICAS DE LLENADO DE ACTAS:
[ACTUALIZAR PAGOS · AUTO]   • Pagos con acta ORIGINAL: 5600
[ACTUALIZAR PAGOS · AUTO]   • Pagos SIN acta (buscados): 15766
[ACTUALIZAR PAGOS · AUTO]   • Pagos LLENADOS exitosamente: 0
[ACTUALIZAR PAGOS · AUTO]   • Pagos NO encontrados en multas: 15766
[ACTUALIZAR PAGOS · AUTO]   • Pagos SIN RESOLVER por desbalance de cantidades: 0
[ACTUALIZAR PAGOS · AUTO] ================================================================================
[ACTUALIZAR PAGOS · AUTO] PASO 1: LLENANDO ACTA_NUMERO (búsqueda por patente + fecha, con desempate por hora)
[ACTUALIZAR PAGOS · AUTO] ================================================================================
[ACTUALIZAR PAGOS · AUTO] 📊 ESTADÍSTICAS DE LLENADO DE ACTAS:
[ACTUALIZAR PAGOS · AUTO]   • Pagos con acta ORIGINAL: 5600
[ACTUALIZAR PAGOS · AUTO]   • Pagos SIN acta (buscados): 15766
[ACTUALIZAR PAGOS · AUTO]   • Pagos LLENADOS exitosamente: 0
[ACTUALIZAR PAGOS · AUTO]   • Pagos NO encontrados en multas: 15766
[ACTUALIZAR PAGOS · AUTO]   • Pagos SIN RESOLVER por desbalance de cantidades: 0
[ACTUALIZAR PAGOS · AUTO] ⏱ PASO 1 (llenar actas): 7.7s
[ACTUALIZAR PAGOS · AUTO] ================================================================================
[ACTUALIZAR PAGOS · AUTO] PASO 2: FILTRANDO PAGOS CON ACTA_NUMERO COMPLETO
[ACTUALIZAR PAGOS · AUTO] ================================================================================
[ACTUALIZAR PAGOS · AUTO] 📊 ESTADÍSTICAS DE FILTRADO:
[ACTUALIZAR PAGOS · AUTO]   • Pagos TOTALES al inicio: 21366
[ACTUALIZAR PAGOS · AUTO]   • Pagos CON acta (MANTIENEN): 5600
[ACTUALIZAR PAGOS · AUTO]   • Pagos RECHAZADOS (sin coincidencias): 15766
[ACTUALIZAR PAGOS · AUTO] ⚠️  Se eliminaron 15766 registros sin número de acta
[ACTUALIZAR PAGOS · AUTO]      (recordá: esto incluye tanto pagos ya actualizados/pagados
[ACTUALIZAR PAGOS · AUTO]       como pagos que quedaron sin resolver por desbalance en el Paso 1)
[ACTUALIZAR PAGOS · AUTO] ================================================================================
[ACTUALIZAR PAGOS · AUTO] PASO 2-bis: CONFIRMANDO VIGENCIA DE PAGOS (sistema NUEVO contra MULTAS_SIGI_CRUCE, sistema VIEJO contra SIGEMI)
[ACTUALIZAR PAGOS · AUTO] ================================================================================
[ACTUALIZAR PAGOS · AUTO]   ⚠ 5585 pago(s) descartados: su acta ya no figura como vencida en MULTAS_SIGI_CRUCE (SEMyT ya los actualizó).
[ACTUALIZAR PAGOS · AUTO]   ⚠ 15 pago(s) descartados: su acta ya no figura como vencida en el Excel de SIGEMI (SEMyT ya los actualizó).
[ACTUALIZAR PAGOS · AUTO]   • Pagos descartados en total por ya estar actualizados/pagados: 5600
[ACTUALIZAR PAGOS · AUTO] ⏱ PASO 2 (filtrar): 0.9s
[ACTUALIZAR PAGOS · AUTO] 📂 Cargando maestro de causas SIGEMI...
[ACTUALIZAR PAGOS · AUTO]   ✓ Causas totales (maestro): 134069 registros
[ACTUALIZAR PAGOS · AUTO] ================================================================================
[ACTUALIZAR PAGOS · AUTO] PASO 2.5: ARMANDO causas.txt SIMPLIFICADO (cruce contra total_causas_sigemi.txt)
[ACTUALIZAR PAGOS · AUTO] ================================================================================
[ACTUALIZAR PAGOS · AUTO]   • Actas vencidas viejas (multas): 100998
[ACTUALIZAR PAGOS · AUTO]   • Causas totales en el maestro SIGEMI: 134069
[ACTUALIZAR PAGOS · AUTO]   • Causas que coinciden (simplificado): 100687
[ACTUALIZAR PAGOS · AUTO]   ✅ Archivo escrito: datos/descargas/causas/causas.txt
[ACTUALIZAR PAGOS · AUTO] ⏱ PASO 2.5 (causas simplificado): 0.8s
[ACTUALIZAR PAGOS · AUTO] ⚠️  NO HAY PAGOS CON ACTA_NUMERO PARA PROCESAR
[ACTUALIZAR PAGOS · AUTO] Creando archivo vacío...
[ACTUALIZAR PAGOS · AUTO] ✅ TXT de pagos (ya cruzado con actas y causas) generado en: datos/descargas/pagos/2026-08-15/PAGOS 20260815 011747.txt
[ACTUALIZAR PAGOS · AUTO] 🧹 TXT de pagos crudo eliminado (ya usado en el cruce): datos/descargas/pagos/2026-08-15/ALL PAGOS DESCARGADOS.txt
[ACTUALIZAR PAGOS · AUTO] 🧹 Excel MULTAS_SIGEMI_CRUCE eliminado (ya usado en el cruce): datos/descargas/cache_actas_cruce/MULTAS_SIGEMI_CRUCE.xlsx
[ACTUALIZAR PAGOS · AUTO] 🧹 Excel MULTAS_SIGI_CRUCE eliminado (ya usado en el cruce): datos/descargas/cache_actas_cruce/MULTAS_SIGI_CRUCE.xlsx
[ACTUALIZAR PAGOS · AUTO] ✅ CompararActasPaso finalizado. (⏱ 18.5s)
[ACTUALIZAR PAGOS · AUTO] ==================================================
[ACTUALIZAR PAGOS · AUTO] 🚀 PASO: CargarPagosPaso
[ACTUALIZAR PAGOS · AUTO] ==================================================
[ACTUALIZAR PAGOS · AUTO] ℹ No se encontraron pagos para actualizar (el TXT final no tiene registros).
[ACTUALIZAR PAGOS · AUTO] 🧹 TXT de pagos sin registros eliminado (nada para subir): datos/descargas/pagos/2026-08-15/PAGOS 20260815 011747.txt
[ACTUALIZAR PAGOS · AUTO] ⏭ Se omite la carga al SEMyT.
[ACTUALIZAR PAGOS · AUTO] ✅ CargarPagosPaso finalizado. (⏱ 0.0s)
[ACTUALIZAR PAGOS · AUTO] === Ejecución finalizada con éxito ===
[ACTUALIZAR PAGOS · AUTO] ℹ No se subió ningún archivo a ningún sistema externo en esta corrida: por política, el log detallado no se conserva en disco.
🤖 [Automático] Es hora de actualizar pagos. Arrancando...
[ACTUALIZAR PAGOS · AUTO] === Inicio de ejecución: pagos ===
[ACTUALIZAR PAGOS · AUTO] ==================================================
[ACTUALIZAR PAGOS · AUTO] 🚀 PASO: LoginSEMyTPaso
[ACTUALIZAR PAGOS · AUTO] ==================================================
[ACTUALIZAR PAGOS · AUTO] Abriendo SEMyT...
[ACTUALIZAR PAGOS · AUTO] ✅ [SEMyT] Sesión existente detectada. Login omitido.
[ACTUALIZAR PAGOS · AUTO] ✅ LoginSEMyTPaso finalizado. (⏱ 3.1s)
[ACTUALIZAR PAGOS · AUTO] ==================================================
[ACTUALIZAR PAGOS · AUTO] 🚀 PASO: LoginSIGIPaso
[ACTUALIZAR PAGOS · AUTO] ==================================================
[ACTUALIZAR PAGOS · AUTO] Abriendo sitio municipalidad (CiDi)...
[ACTUALIZAR PAGOS · AUTO] ✅ [SIGI] Sesión existente detectada. Login omitido.
[ACTUALIZAR PAGOS · AUTO] ✅ LoginSIGIPaso finalizado. (⏱ 1.0s)
[ACTUALIZAR PAGOS · AUTO] ==================================================
[ACTUALIZAR PAGOS · AUTO] 🚀 PASO: DescargasParalelasPaso
[ACTUALIZAR PAGOS · AUTO] ==================================================
[ACTUALIZAR PAGOS · AUTO] 📤 Arrancando las 3 descargas en paralelo (mismo browser, páginas separadas)...
[ACTUALIZAR PAGOS · AUTO] Fecha Desde: 27/06/2024
[ACTUALIZAR PAGOS · AUTO] Fecha Hasta: 24/11/2025
[ACTUALIZAR PAGOS · AUTO] Fecha Desde: 25/11/2025
[ACTUALIZAR PAGOS · AUTO] Fecha Hasta: 15/08/2026
[ACTUALIZAR PAGOS · AUTO] Descargando Excel...
[ACTUALIZAR PAGOS · AUTO] Descargando Excel...
[ACTUALIZAR PAGOS · AUTO] Archivo descargado en: datos/descargas/cache_actas_cruce/MULTAS_SIGI_CRUCE.xlsx
⏳ [Automático] Tocaba disparar 'pagos' pero ya hay una ejecución en curso (Actualizar pagos); esperando a que termine; se reintenta en breve sin perder el turno.
[ACTUALIZAR PAGOS · AUTO] ⏱ [actas_sigi] completado en 12.2s
[ACTUALIZAR PAGOS · AUTO] Archivo descargado en: datos/descargas/cache_actas_cruce/MULTAS_SIGEMI_CRUCE.xlsx
[ACTUALIZAR PAGOS · AUTO] ⏱ [actas_sigemi] completado en 23.3s
[ACTUALIZAR PAGOS · AUTO] ✅ TXT de pagos descargado en: datos/descargas/pagos/2026-08-15/ALL PAGOS DESCARGADOS.txt
[ACTUALIZAR PAGOS · AUTO] ⏱ [pagos_txt] completado en 28.9s
[ACTUALIZAR PAGOS · AUTO] ⏱ TOTAL descargas en paralelo: 28.9s
[ACTUALIZAR PAGOS · AUTO] ✅ DescargasParalelasPaso finalizado. (⏱ 29.3s)
[ACTUALIZAR PAGOS · AUTO] ==================================================
[ACTUALIZAR PAGOS · AUTO] 🚀 PASO: CompararActasPaso
[ACTUALIZAR PAGOS · AUTO] ==================================================
[ACTUALIZAR PAGOS · AUTO] 🔍 Comparando actas del SEMyT contra pagos del SIGI...
[ACTUALIZAR PAGOS · AUTO] ================================================================================
[ACTUALIZAR PAGOS · AUTO] INICIANDO PROCESO DE GENERACIÓN DE PAGOS DESACTUALIZADOS
[ACTUALIZAR PAGOS · AUTO] ================================================================================
[ACTUALIZAR PAGOS · AUTO] 📂 Cargando archivos...
[ACTUALIZAR PAGOS · AUTO]   ✓ Pagos: 21366 registros
[ACTUALIZAR PAGOS · AUTO]   ✓ Excel SIGEMI (multas vencidas viejas): 100998 registros
[ACTUALIZAR PAGOS · AUTO]   ✓ Excel SIGI (multas vencidas nuevas): 42766 registros
[ACTUALIZAR PAGOS · AUTO] ================================================================================
[ACTUALIZAR PAGOS · AUTO] PASO 1: LLENANDO ACTA_NUMERO (búsqueda por patente + fecha, con desempate por hora)
[ACTUALIZAR PAGOS · AUTO] ================================================================================
[ACTUALIZAR PAGOS · AUTO] 📊 ESTADÍSTICAS DE LLENADO DE ACTAS:
[ACTUALIZAR PAGOS · AUTO]   • Pagos con acta ORIGINAL: 5600
[ACTUALIZAR PAGOS · AUTO]   • Pagos SIN acta (buscados): 15766
[ACTUALIZAR PAGOS · AUTO]   • Pagos LLENADOS exitosamente: 0
[ACTUALIZAR PAGOS · AUTO]   • Pagos NO encontrados en multas: 15766
[ACTUALIZAR PAGOS · AUTO]   • Pagos SIN RESOLVER por desbalance de cantidades: 0
[ACTUALIZAR PAGOS · AUTO] ================================================================================
[ACTUALIZAR PAGOS · AUTO] PASO 1: LLENANDO ACTA_NUMERO (búsqueda por patente + fecha, con desempate por hora)
[ACTUALIZAR PAGOS · AUTO] ================================================================================
[ACTUALIZAR PAGOS · AUTO] 📊 ESTADÍSTICAS DE LLENADO DE ACTAS:
[ACTUALIZAR PAGOS · AUTO]   • Pagos con acta ORIGINAL: 5600
[ACTUALIZAR PAGOS · AUTO]   • Pagos SIN acta (buscados): 15766
[ACTUALIZAR PAGOS · AUTO]   • Pagos LLENADOS exitosamente: 0
[ACTUALIZAR PAGOS · AUTO]   • Pagos NO encontrados en multas: 15766
[ACTUALIZAR PAGOS · AUTO]   • Pagos SIN RESOLVER por desbalance de cantidades: 0
[ACTUALIZAR PAGOS · AUTO] ⏱ PASO 1 (llenar actas): 7.6s
[ACTUALIZAR PAGOS · AUTO] ================================================================================
[ACTUALIZAR PAGOS · AUTO] PASO 2: FILTRANDO PAGOS CON ACTA_NUMERO COMPLETO
[ACTUALIZAR PAGOS · AUTO] ================================================================================
[ACTUALIZAR PAGOS · AUTO] 📊 ESTADÍSTICAS DE FILTRADO:
[ACTUALIZAR PAGOS · AUTO]   • Pagos TOTALES al inicio: 21366
[ACTUALIZAR PAGOS · AUTO]   • Pagos CON acta (MANTIENEN): 5600
[ACTUALIZAR PAGOS · AUTO]   • Pagos RECHAZADOS (sin coincidencias): 15766
[ACTUALIZAR PAGOS · AUTO] ⚠️  Se eliminaron 15766 registros sin número de acta
[ACTUALIZAR PAGOS · AUTO]      (recordá: esto incluye tanto pagos ya actualizados/pagados
[ACTUALIZAR PAGOS · AUTO]       como pagos que quedaron sin resolver por desbalance en el Paso 1)
[ACTUALIZAR PAGOS · AUTO] ================================================================================
[ACTUALIZAR PAGOS · AUTO] PASO 2-bis: CONFIRMANDO VIGENCIA DE PAGOS (sistema NUEVO contra MULTAS_SIGI_CRUCE, sistema VIEJO contra SIGEMI)
[ACTUALIZAR PAGOS · AUTO] ================================================================================
[ACTUALIZAR PAGOS · AUTO]   ⚠ 5585 pago(s) descartados: su acta ya no figura como vencida en MULTAS_SIGI_CRUCE (SEMyT ya los actualizó).
[ACTUALIZAR PAGOS · AUTO]   ⚠ 15 pago(s) descartados: su acta ya no figura como vencida en el Excel de SIGEMI (SEMyT ya los actualizó).
[ACTUALIZAR PAGOS · AUTO]   • Pagos descartados en total por ya estar actualizados/pagados: 5600
[ACTUALIZAR PAGOS · AUTO] ⏱ PASO 2 (filtrar): 0.9s
[ACTUALIZAR PAGOS · AUTO] 📂 Cargando maestro de causas SIGEMI...
[ACTUALIZAR PAGOS · AUTO]   ✓ Causas totales (maestro): 134069 registros
[ACTUALIZAR PAGOS · AUTO] ================================================================================
[ACTUALIZAR PAGOS · AUTO] PASO 2.5: ARMANDO causas.txt SIMPLIFICADO (cruce contra total_causas_sigemi.txt)
[ACTUALIZAR PAGOS · AUTO] ================================================================================
[ACTUALIZAR PAGOS · AUTO]   • Actas vencidas viejas (multas): 100998
[ACTUALIZAR PAGOS · AUTO]   • Causas totales en el maestro SIGEMI: 134069
[ACTUALIZAR PAGOS · AUTO]   • Causas que coinciden (simplificado): 100687
[ACTUALIZAR PAGOS · AUTO]   ✅ Archivo escrito: datos/descargas/causas/causas.txt
[ACTUALIZAR PAGOS · AUTO] ⏱ PASO 2.5 (causas simplificado): 0.9s
[ACTUALIZAR PAGOS · AUTO] ⚠️  NO HAY PAGOS CON ACTA_NUMERO PARA PROCESAR
[ACTUALIZAR PAGOS · AUTO] Creando archivo vacío...
[ACTUALIZAR PAGOS · AUTO] ✅ TXT de pagos (ya cruzado con actas y causas) generado en: datos/descargas/pagos/2026-08-15/PAGOS 20260815 012043.txt
[ACTUALIZAR PAGOS · AUTO] 🧹 TXT de pagos crudo eliminado (ya usado en el cruce): datos/descargas/pagos/2026-08-15/ALL PAGOS DESCARGADOS.txt
[ACTUALIZAR PAGOS · AUTO] 🧹 Excel MULTAS_SIGEMI_CRUCE eliminado (ya usado en el cruce): datos/descargas/cache_actas_cruce/MULTAS_SIGEMI_CRUCE.xlsx
[ACTUALIZAR PAGOS · AUTO] 🧹 Excel MULTAS_SIGI_CRUCE eliminado (ya usado en el cruce): datos/descargas/cache_actas_cruce/MULTAS_SIGI_CRUCE.xlsx
[ACTUALIZAR PAGOS · AUTO] ✅ CompararActasPaso finalizado. (⏱ 18.5s)
[ACTUALIZAR PAGOS · AUTO] ==================================================
[ACTUALIZAR PAGOS · AUTO] 🚀 PASO: CargarPagosPaso
[ACTUALIZAR PAGOS · AUTO] ==================================================
[ACTUALIZAR PAGOS · AUTO] ℹ No se encontraron pagos para actualizar (el TXT final no tiene registros).
[ACTUALIZAR PAGOS · AUTO] 🧹 TXT de pagos sin registros eliminado (nada para subir): datos/descargas/pagos/2026-08-15/PAGOS 20260815 012043.txt
[ACTUALIZAR PAGOS · AUTO] ⏭ Se omite la carga al SEMyT.
[ACTUALIZAR PAGOS · AUTO] ✅ CargarPagosPaso finalizado. (⏱ 0.0s)
[ACTUALIZAR PAGOS · AUTO] === Ejecución finalizada con éxito ===
[ACTUALIZAR PAGOS · AUTO] ℹ No se subió ningún archivo a ningún sistema externo en esta corrida: por política, el log detallado no se conserva en disco.
🤖 [Automático] Es hora de actualizar pagos. Arrancando...
[ACTUALIZAR PAGOS · AUTO] === Inicio de ejecución: pagos ===
[ACTUALIZAR PAGOS · AUTO] ==================================================
[ACTUALIZAR PAGOS · AUTO] 🚀 PASO: LoginSEMyTPaso
[ACTUALIZAR PAGOS · AUTO] ==================================================
[ACTUALIZAR PAGOS · AUTO] Abriendo SEMyT...
[ACTUALIZAR PAGOS · AUTO] ✅ [SEMyT] Sesión existente detectada. Login omitido.
[ACTUALIZAR PAGOS · AUTO] ✅ LoginSEMyTPaso finalizado. (⏱ 2.9s)
[ACTUALIZAR PAGOS · AUTO] ==================================================
[ACTUALIZAR PAGOS · AUTO] 🚀 PASO: LoginSIGIPaso
[ACTUALIZAR PAGOS · AUTO] ==================================================
[ACTUALIZAR PAGOS · AUTO] Abriendo sitio municipalidad (CiDi)...
[ACTUALIZAR PAGOS · AUTO] ✅ [SIGI] Sesión existente detectada. Login omitido.
[ACTUALIZAR PAGOS · AUTO] ✅ LoginSIGIPaso finalizado. (⏱ 0.9s)
[ACTUALIZAR PAGOS · AUTO] ==================================================
[ACTUALIZAR PAGOS · AUTO] 🚀 PASO: DescargasParalelasPaso
[ACTUALIZAR PAGOS · AUTO] ==================================================
[ACTUALIZAR PAGOS · AUTO] 📤 Arrancando las 3 descargas en paralelo (mismo browser, páginas separadas)...
[ACTUALIZAR PAGOS · AUTO] Fecha Desde: 27/06/2024
[ACTUALIZAR PAGOS · AUTO] Fecha Hasta: 24/11/2025
[ACTUALIZAR PAGOS · AUTO] Fecha Desde: 25/11/2025
[ACTUALIZAR PAGOS · AUTO] Fecha Hasta: 15/08/2026
[ACTUALIZAR PAGOS · AUTO] Descargando Excel...
[ACTUALIZAR PAGOS · AUTO] Descargando Excel...
⏳ [Automático] Tocaba disparar 'pagos' pero ya hay una ejecución en curso (Actualizar pagos); esperando a que termine; se reintenta en breve sin perder el turno.
[ACTUALIZAR PAGOS · AUTO] Archivo descargado en: datos/descargas/cache_actas_cruce/MULTAS_SIGI_CRUCE.xlsx
[ACTUALIZAR PAGOS · AUTO] ⏱ [actas_sigi] completado en 13.0s
[ACTUALIZAR PAGOS · AUTO] Archivo descargado en: datos/descargas/cache_actas_cruce/MULTAS_SIGEMI_CRUCE.xlsx
[ACTUALIZAR PAGOS · AUTO] ⏱ [actas_sigemi] completado en 23.4s
[ACTUALIZAR PAGOS · AUTO] ✅ TXT de pagos descargado en: datos/descargas/pagos/2026-08-15/ALL PAGOS DESCARGADOS.txt
[ACTUALIZAR PAGOS · AUTO] ⏱ [pagos_txt] completado en 52.8s
[ACTUALIZAR PAGOS · AUTO] ⏱ TOTAL descargas en paralelo: 52.8s
[ACTUALIZAR PAGOS · AUTO] ✅ DescargasParalelasPaso finalizado. (⏱ 53.3s)
[ACTUALIZAR PAGOS · AUTO] ==================================================
[ACTUALIZAR PAGOS · AUTO] 🚀 PASO: CompararActasPaso
[ACTUALIZAR PAGOS · AUTO] ==================================================
[ACTUALIZAR PAGOS · AUTO] 🔍 Comparando actas del SEMyT contra pagos del SIGI...
[ACTUALIZAR PAGOS · AUTO] ================================================================================
[ACTUALIZAR PAGOS · AUTO] INICIANDO PROCESO DE GENERACIÓN DE PAGOS DESACTUALIZADOS
[ACTUALIZAR PAGOS · AUTO] ================================================================================
[ACTUALIZAR PAGOS · AUTO] 📂 Cargando archivos...
[ACTUALIZAR PAGOS · AUTO]   ✓ Pagos: 21366 registros
[ACTUALIZAR PAGOS · AUTO]   ✓ Excel SIGEMI (multas vencidas viejas): 100998 registros
[ACTUALIZAR PAGOS · AUTO]   ✓ Excel SIGI (multas vencidas nuevas): 42766 registros
[ACTUALIZAR PAGOS · AUTO] ================================================================================
[ACTUALIZAR PAGOS · AUTO] PASO 1: LLENANDO ACTA_NUMERO (búsqueda por patente + fecha, con desempate por hora)
[ACTUALIZAR PAGOS · AUTO] ================================================================================
[ACTUALIZAR PAGOS · AUTO] 📊 ESTADÍSTICAS DE LLENADO DE ACTAS:
[ACTUALIZAR PAGOS · AUTO]   • Pagos con acta ORIGINAL: 5600
[ACTUALIZAR PAGOS · AUTO]   • Pagos SIN acta (buscados): 15766
[ACTUALIZAR PAGOS · AUTO]   • Pagos LLENADOS exitosamente: 0
[ACTUALIZAR PAGOS · AUTO]   • Pagos NO encontrados en multas: 15766
[ACTUALIZAR PAGOS · AUTO]   • Pagos SIN RESOLVER por desbalance de cantidades: 0
[ACTUALIZAR PAGOS · AUTO] ================================================================================
[ACTUALIZAR PAGOS · AUTO] PASO 1: LLENANDO ACTA_NUMERO (búsqueda por patente + fecha, con desempate por hora)
[ACTUALIZAR PAGOS · AUTO] ================================================================================
[ACTUALIZAR PAGOS · AUTO] 📊 ESTADÍSTICAS DE LLENADO DE ACTAS:
[ACTUALIZAR PAGOS · AUTO]   • Pagos con acta ORIGINAL: 5600
[ACTUALIZAR PAGOS · AUTO]   • Pagos SIN acta (buscados): 15766
[ACTUALIZAR PAGOS · AUTO]   • Pagos LLENADOS exitosamente: 0
[ACTUALIZAR PAGOS · AUTO]   • Pagos NO encontrados en multas: 15766
[ACTUALIZAR PAGOS · AUTO]   • Pagos SIN RESOLVER por desbalance de cantidades: 0
[ACTUALIZAR PAGOS · AUTO] ⏱ PASO 1 (llenar actas): 7.8s
[ACTUALIZAR PAGOS · AUTO] ================================================================================
[ACTUALIZAR PAGOS · AUTO] PASO 2: FILTRANDO PAGOS CON ACTA_NUMERO COMPLETO
[ACTUALIZAR PAGOS · AUTO] ================================================================================
[ACTUALIZAR PAGOS · AUTO] 📊 ESTADÍSTICAS DE FILTRADO:
[ACTUALIZAR PAGOS · AUTO]   • Pagos TOTALES al inicio: 21366
[ACTUALIZAR PAGOS · AUTO]   • Pagos CON acta (MANTIENEN): 5600
[ACTUALIZAR PAGOS · AUTO]   • Pagos RECHAZADOS (sin coincidencias): 15766
[ACTUALIZAR PAGOS · AUTO] ⚠️  Se eliminaron 15766 registros sin número de acta
[ACTUALIZAR PAGOS · AUTO]      (recordá: esto incluye tanto pagos ya actualizados/pagados
[ACTUALIZAR PAGOS · AUTO]       como pagos que quedaron sin resolver por desbalance en el Paso 1)
[ACTUALIZAR PAGOS · AUTO] ================================================================================
[ACTUALIZAR PAGOS · AUTO] PASO 2-bis: CONFIRMANDO VIGENCIA DE PAGOS (sistema NUEVO contra MULTAS_SIGI_CRUCE, sistema VIEJO contra SIGEMI)
[ACTUALIZAR PAGOS · AUTO] ================================================================================
[ACTUALIZAR PAGOS · AUTO]   ⚠ 5585 pago(s) descartados: su acta ya no figura como vencida en MULTAS_SIGI_CRUCE (SEMyT ya los actualizó).
[ACTUALIZAR PAGOS · AUTO]   ⚠ 15 pago(s) descartados: su acta ya no figura como vencida en el Excel de SIGEMI (SEMyT ya los actualizó).
[ACTUALIZAR PAGOS · AUTO]   • Pagos descartados en total por ya estar actualizados/pagados: 5600
[ACTUALIZAR PAGOS · AUTO] ⏱ PASO 2 (filtrar): 0.9s
[ACTUALIZAR PAGOS · AUTO] 📂 Cargando maestro de causas SIGEMI...
[ACTUALIZAR PAGOS · AUTO]   ✓ Causas totales (maestro): 134069 registros
[ACTUALIZAR PAGOS · AUTO] ================================================================================
[ACTUALIZAR PAGOS · AUTO] PASO 2.5: ARMANDO causas.txt SIMPLIFICADO (cruce contra total_causas_sigemi.txt)
[ACTUALIZAR PAGOS · AUTO] ================================================================================
[ACTUALIZAR PAGOS · AUTO]   • Actas vencidas viejas (multas): 100998
[ACTUALIZAR PAGOS · AUTO]   • Causas totales en el maestro SIGEMI: 134069
[ACTUALIZAR PAGOS · AUTO]   • Causas que coinciden (simplificado): 100687
[ACTUALIZAR PAGOS · AUTO]   ✅ Archivo escrito: datos/descargas/causas/causas.txt
[ACTUALIZAR PAGOS · AUTO] ⏱ PASO 2.5 (causas simplificado): 0.8s
[ACTUALIZAR PAGOS · AUTO] ⚠️  NO HAY PAGOS CON ACTA_NUMERO PARA PROCESAR
[ACTUALIZAR PAGOS · AUTO] Creando archivo vacío...
[ACTUALIZAR PAGOS · AUTO] ✅ TXT de pagos (ya cruzado con actas y causas) generado en: datos/descargas/pagos/2026-08-15/PAGOS 20260815 012407.txt
[ACTUALIZAR PAGOS · AUTO] 🧹 TXT de pagos crudo eliminado (ya usado en el cruce): datos/descargas/pagos/2026-08-15/ALL PAGOS DESCARGADOS.txt
[ACTUALIZAR PAGOS · AUTO] 🧹 Excel MULTAS_SIGEMI_CRUCE eliminado (ya usado en el cruce): datos/descargas/cache_actas_cruce/MULTAS_SIGEMI_CRUCE.xlsx
[ACTUALIZAR PAGOS · AUTO] 🧹 Excel MULTAS_SIGI_CRUCE eliminado (ya usado en el cruce): datos/descargas/cache_actas_cruce/MULTAS_SIGI_CRUCE.xlsx
[ACTUALIZAR PAGOS · AUTO] ✅ CompararActasPaso finalizado. (⏱ 18.7s)
[ACTUALIZAR PAGOS · AUTO] ==================================================
[ACTUALIZAR PAGOS · AUTO] 🚀 PASO: CargarPagosPaso
[ACTUALIZAR PAGOS · AUTO] ==================================================
[ACTUALIZAR PAGOS · AUTO] ℹ No se encontraron pagos para actualizar (el TXT final no tiene registros).
[ACTUALIZAR PAGOS · AUTO] 🧹 TXT de pagos sin registros eliminado (nada para subir): datos/descargas/pagos/2026-08-15/PAGOS 20260815 012407.txt
[ACTUALIZAR PAGOS · AUTO] ⏭ Se omite la carga al SEMyT.
[ACTUALIZAR PAGOS · AUTO] ✅ CargarPagosPaso finalizado. (⏱ 0.0s)
[ACTUALIZAR PAGOS · AUTO] === Ejecución finalizada con éxito ===
[ACTUALIZAR PAGOS · AUTO] ℹ No se subió ningún archivo a ningún sistema externo en esta corrida: por política, el log detallado no se conserva en disco.
🤖 [Automático] Es hora de actualizar pagos. Arrancando...
[ACTUALIZAR PAGOS · AUTO] === Inicio de ejecución: pagos ===
[ACTUALIZAR PAGOS · AUTO] ==================================================
[ACTUALIZAR PAGOS · AUTO] 🚀 PASO: LoginSEMyTPaso
[ACTUALIZAR PAGOS · AUTO] ==================================================
[ACTUALIZAR PAGOS · AUTO] Abriendo SEMyT...
[ACTUALIZAR PAGOS · AUTO] ✅ [SEMyT] Sesión existente detectada. Login omitido.
[ACTUALIZAR PAGOS · AUTO] ✅ LoginSEMyTPaso finalizado. (⏱ 3.1s)
[ACTUALIZAR PAGOS · AUTO] ==================================================
[ACTUALIZAR PAGOS · AUTO] 🚀 PASO: LoginSIGIPaso
[ACTUALIZAR PAGOS · AUTO] ==================================================
[ACTUALIZAR PAGOS · AUTO] Abriendo sitio municipalidad (CiDi)...
[ACTUALIZAR PAGOS · AUTO] ✅ [SIGI] Sesión existente detectada. Login omitido.
[ACTUALIZAR PAGOS · AUTO] ✅ LoginSIGIPaso finalizado. (⏱ 0.8s)
[ACTUALIZAR PAGOS · AUTO] ==================================================
[ACTUALIZAR PAGOS · AUTO] 🚀 PASO: DescargasParalelasPaso
[ACTUALIZAR PAGOS · AUTO] ==================================================
[ACTUALIZAR PAGOS · AUTO] 📤 Arrancando las 3 descargas en paralelo (mismo browser, páginas separadas)...
[ACTUALIZAR PAGOS · AUTO] Fecha Desde: 27/06/2024
[ACTUALIZAR PAGOS · AUTO] Fecha Hasta: 24/11/2025
[ACTUALIZAR PAGOS · AUTO] Fecha Desde: 25/11/2025
[ACTUALIZAR PAGOS · AUTO] Fecha Hasta: 15/08/2026
[ACTUALIZAR PAGOS · AUTO] Descargando Excel...
[ACTUALIZAR PAGOS · AUTO] Descargando Excel...
⏳ [Automático] Tocaba disparar 'pagos' pero ya hay una ejecución en curso (Actualizar pagos); esperando a que termine; se reintenta en breve sin perder el turno.
[ACTUALIZAR PAGOS · AUTO] Archivo descargado en: datos/descargas/cache_actas_cruce/MULTAS_SIGI_CRUCE.xlsx
[ACTUALIZAR PAGOS · AUTO] ⏱ [actas_sigi] completado en 17.3s
[ACTUALIZAR PAGOS · AUTO] Archivo descargado en: datos/descargas/cache_actas_cruce/MULTAS_SIGEMI_CRUCE.xlsx
[ACTUALIZAR PAGOS · AUTO] ⏱ [actas_sigemi] completado en 24.2s
[ACTUALIZAR PAGOS · AUTO] ✅ TXT de pagos descargado en: datos/descargas/pagos/2026-08-15/ALL PAGOS DESCARGADOS.txt
[ACTUALIZAR PAGOS · AUTO] ⏱ [pagos_txt] completado en 28.5s
[ACTUALIZAR PAGOS · AUTO] ⏱ TOTAL descargas en paralelo: 28.5s
[ACTUALIZAR PAGOS · AUTO] ✅ DescargasParalelasPaso finalizado. (⏱ 29.0s)
[ACTUALIZAR PAGOS · AUTO] ==================================================
[ACTUALIZAR PAGOS · AUTO] 🚀 PASO: CompararActasPaso
[ACTUALIZAR PAGOS · AUTO] ==================================================
[ACTUALIZAR PAGOS · AUTO] 🔍 Comparando actas del SEMyT contra pagos del SIGI...
[ACTUALIZAR PAGOS · AUTO] ================================================================================
[ACTUALIZAR PAGOS · AUTO] INICIANDO PROCESO DE GENERACIÓN DE PAGOS DESACTUALIZADOS
[ACTUALIZAR PAGOS · AUTO] ================================================================================
[ACTUALIZAR PAGOS · AUTO] 📂 Cargando archivos...
[ACTUALIZAR PAGOS · AUTO]   ✓ Pagos: 21366 registros
[ACTUALIZAR PAGOS · AUTO]   ✓ Excel SIGEMI (multas vencidas viejas): 100998 registros
[ACTUALIZAR PAGOS · AUTO]   ✓ Excel SIGI (multas vencidas nuevas): 42766 registros
[ACTUALIZAR PAGOS · AUTO] ================================================================================
[ACTUALIZAR PAGOS · AUTO] PASO 1: LLENANDO ACTA_NUMERO (búsqueda por patente + fecha, con desempate por hora)
[ACTUALIZAR PAGOS · AUTO] ================================================================================
[ACTUALIZAR PAGOS · AUTO] 📊 ESTADÍSTICAS DE LLENADO DE ACTAS:
[ACTUALIZAR PAGOS · AUTO]   • Pagos con acta ORIGINAL: 5600
[ACTUALIZAR PAGOS · AUTO]   • Pagos SIN acta (buscados): 15766
[ACTUALIZAR PAGOS · AUTO]   • Pagos LLENADOS exitosamente: 0
[ACTUALIZAR PAGOS · AUTO]   • Pagos NO encontrados en multas: 15766
[ACTUALIZAR PAGOS · AUTO]   • Pagos SIN RESOLVER por desbalance de cantidades: 0
[ACTUALIZAR PAGOS · AUTO] ================================================================================
[ACTUALIZAR PAGOS · AUTO] PASO 1: LLENANDO ACTA_NUMERO (búsqueda por patente + fecha, con desempate por hora)
[ACTUALIZAR PAGOS · AUTO] ================================================================================
[ACTUALIZAR PAGOS · AUTO] 📊 ESTADÍSTICAS DE LLENADO DE ACTAS:
[ACTUALIZAR PAGOS · AUTO]   • Pagos con acta ORIGINAL: 5600
[ACTUALIZAR PAGOS · AUTO]   • Pagos SIN acta (buscados): 15766
[ACTUALIZAR PAGOS · AUTO]   • Pagos LLENADOS exitosamente: 0
[ACTUALIZAR PAGOS · AUTO]   • Pagos NO encontrados en multas: 15766
[ACTUALIZAR PAGOS · AUTO]   • Pagos SIN RESOLVER por desbalance de cantidades: 0
[ACTUALIZAR PAGOS · AUTO] ⏱ PASO 1 (llenar actas): 7.7s
[ACTUALIZAR PAGOS · AUTO] ================================================================================
[ACTUALIZAR PAGOS · AUTO] PASO 2: FILTRANDO PAGOS CON ACTA_NUMERO COMPLETO
[ACTUALIZAR PAGOS · AUTO] ================================================================================
[ACTUALIZAR PAGOS · AUTO] 📊 ESTADÍSTICAS DE FILTRADO:
[ACTUALIZAR PAGOS · AUTO]   • Pagos TOTALES al inicio: 21366
[ACTUALIZAR PAGOS · AUTO]   • Pagos CON acta (MANTIENEN): 5600
[ACTUALIZAR PAGOS · AUTO]   • Pagos RECHAZADOS (sin coincidencias): 15766
[ACTUALIZAR PAGOS · AUTO] ⚠️  Se eliminaron 15766 registros sin número de acta
[ACTUALIZAR PAGOS · AUTO]      (recordá: esto incluye tanto pagos ya actualizados/pagados
[ACTUALIZAR PAGOS · AUTO]       como pagos que quedaron sin resolver por desbalance en el Paso 1)
[ACTUALIZAR PAGOS · AUTO] ================================================================================
[ACTUALIZAR PAGOS · AUTO] PASO 2-bis: CONFIRMANDO VIGENCIA DE PAGOS (sistema NUEVO contra MULTAS_SIGI_CRUCE, sistema VIEJO contra SIGEMI)
[ACTUALIZAR PAGOS · AUTO] ================================================================================
[ACTUALIZAR PAGOS · AUTO]   ⚠ 5585 pago(s) descartados: su acta ya no figura como vencida en MULTAS_SIGI_CRUCE (SEMyT ya los actualizó).
[ACTUALIZAR PAGOS · AUTO]   ⚠ 15 pago(s) descartados: su acta ya no figura como vencida en el Excel de SIGEMI (SEMyT ya los actualizó).
[ACTUALIZAR PAGOS · AUTO]   • Pagos descartados en total por ya estar actualizados/pagados: 5600
[ACTUALIZAR PAGOS · AUTO] ⏱ PASO 2 (filtrar): 0.9s
[ACTUALIZAR PAGOS · AUTO] 📂 Cargando maestro de causas SIGEMI...
[ACTUALIZAR PAGOS · AUTO]   ✓ Causas totales (maestro): 134069 registros
[ACTUALIZAR PAGOS · AUTO] ================================================================================
[ACTUALIZAR PAGOS · AUTO] PASO 2.5: ARMANDO causas.txt SIMPLIFICADO (cruce contra total_causas_sigemi.txt)
[ACTUALIZAR PAGOS · AUTO] ================================================================================
[ACTUALIZAR PAGOS · AUTO]   • Actas vencidas viejas (multas): 100998
[ACTUALIZAR PAGOS · AUTO]   • Causas totales en el maestro SIGEMI: 134069
[ACTUALIZAR PAGOS · AUTO]   • Causas que coinciden (simplificado): 100687
[ACTUALIZAR PAGOS · AUTO]   ✅ Archivo escrito: datos/descargas/causas/causas.txt
[ACTUALIZAR PAGOS · AUTO] ⏱ PASO 2.5 (causas simplificado): 0.8s
[ACTUALIZAR PAGOS · AUTO] ⚠️  NO HAY PAGOS CON ACTA_NUMERO PARA PROCESAR
[ACTUALIZAR PAGOS · AUTO] Creando archivo vacío...
[ACTUALIZAR PAGOS · AUTO] ✅ TXT de pagos (ya cruzado con actas y causas) generado en: datos/descargas/pagos/2026-08-15/PAGOS 20260815 012713.txt
[ACTUALIZAR PAGOS · AUTO] 🧹 TXT de pagos crudo eliminado (ya usado en el cruce): datos/descargas/pagos/2026-08-15/ALL PAGOS DESCARGADOS.txt
[ACTUALIZAR PAGOS · AUTO] 🧹 Excel MULTAS_SIGEMI_CRUCE eliminado (ya usado en el cruce): datos/descargas/cache_actas_cruce/MULTAS_SIGEMI_CRUCE.xlsx
[ACTUALIZAR PAGOS · AUTO] 🧹 Excel MULTAS_SIGI_CRUCE eliminado (ya usado en el cruce): datos/descargas/cache_actas_cruce/MULTAS_SIGI_CRUCE.xlsx
[ACTUALIZAR PAGOS · AUTO] ✅ CompararActasPaso finalizado. (⏱ 18.6s)
[ACTUALIZAR PAGOS · AUTO] ==================================================
[ACTUALIZAR PAGOS · AUTO] 🚀 PASO: CargarPagosPaso
[ACTUALIZAR PAGOS · AUTO] ==================================================
[ACTUALIZAR PAGOS · AUTO] ℹ No se encontraron pagos para actualizar (el TXT final no tiene registros).
[ACTUALIZAR PAGOS · AUTO] 🧹 TXT de pagos sin registros eliminado (nada para subir): datos/descargas/pagos/2026-08-15/PAGOS 20260815 012713.txt
[ACTUALIZAR PAGOS · AUTO] ⏭ Se omite la carga al SEMyT.
[ACTUALIZAR PAGOS · AUTO] ✅ CargarPagosPaso finalizado. (⏱ 0.0s)
[ACTUALIZAR PAGOS · AUTO] === Ejecución finalizada con éxito ===
[ACTUALIZAR PAGOS · AUTO] ℹ No se subió ningún archivo a ningún sistema externo en esta corrida: por política, el log detallado no se conserva en disco.
🤖 [Automático] Es hora de actualizar pagos. Arrancando...
[ACTUALIZAR PAGOS · AUTO] === Inicio de ejecución: pagos ===
[ACTUALIZAR PAGOS · AUTO] ==================================================
[ACTUALIZAR PAGOS · AUTO] 🚀 PASO: LoginSEMyTPaso
[ACTUALIZAR PAGOS · AUTO] ==================================================
[ACTUALIZAR PAGOS · AUTO] Abriendo SEMyT...
[ACTUALIZAR PAGOS · AUTO] ✅ [SEMyT] Sesión existente detectada. Login omitido.
[ACTUALIZAR PAGOS · AUTO] ✅ LoginSEMyTPaso finalizado. (⏱ 3.0s)
[ACTUALIZAR PAGOS · AUTO] ==================================================
[ACTUALIZAR PAGOS · AUTO] 🚀 PASO: LoginSIGIPaso
[ACTUALIZAR PAGOS · AUTO] ==================================================
[ACTUALIZAR PAGOS · AUTO] Abriendo sitio municipalidad (CiDi)...
[ACTUALIZAR PAGOS · AUTO] ✅ [SIGI] Sesión existente detectada. Login omitido.
[ACTUALIZAR PAGOS · AUTO] ✅ LoginSIGIPaso finalizado. (⏱ 1.2s)
[ACTUALIZAR PAGOS · AUTO] ==================================================
[ACTUALIZAR PAGOS · AUTO] 🚀 PASO: DescargasParalelasPaso
[ACTUALIZAR PAGOS · AUTO] ==================================================
[ACTUALIZAR PAGOS · AUTO] 📤 Arrancando las 3 descargas en paralelo (mismo browser, páginas separadas)...
[ACTUALIZAR PAGOS · AUTO] Fecha Desde: 27/06/2024
[ACTUALIZAR PAGOS · AUTO] Fecha Hasta: 24/11/2025
[ACTUALIZAR PAGOS · AUTO] Fecha Desde: 25/11/2025
[ACTUALIZAR PAGOS · AUTO] Fecha Hasta: 15/08/2026
[ACTUALIZAR PAGOS · AUTO] Descargando Excel...
[ACTUALIZAR PAGOS · AUTO] Descargando Excel...
⏳ [Automático] Tocaba disparar 'pagos' pero ya hay una ejecución en curso (Actualizar pagos); esperando a que termine; se reintenta en breve sin perder el turno.
[ACTUALIZAR PAGOS · AUTO] Archivo descargado en: datos/descargas/cache_actas_cruce/MULTAS_SIGI_CRUCE.xlsx
[ACTUALIZAR PAGOS · AUTO] ⏱ [actas_sigi] completado en 14.1s
[ACTUALIZAR PAGOS · AUTO] Archivo descargado en: datos/descargas/cache_actas_cruce/MULTAS_SIGEMI_CRUCE.xlsx
[ACTUALIZAR PAGOS · AUTO] ⏱ [actas_sigemi] completado en 25.0s
[ACTUALIZAR PAGOS · AUTO] ✅ TXT de pagos descargado en: datos/descargas/pagos/2026-08-15/ALL PAGOS DESCARGADOS.txt
[ACTUALIZAR PAGOS · AUTO] ⏱ [pagos_txt] completado en 42.9s
[ACTUALIZAR PAGOS · AUTO] ⏱ TOTAL descargas en paralelo: 42.9s
[ACTUALIZAR PAGOS · AUTO] ✅ DescargasParalelasPaso finalizado. (⏱ 43.4s)
[ACTUALIZAR PAGOS · AUTO] ==================================================
[ACTUALIZAR PAGOS · AUTO] 🚀 PASO: CompararActasPaso
[ACTUALIZAR PAGOS · AUTO] ==================================================
[ACTUALIZAR PAGOS · AUTO] 🔍 Comparando actas del SEMyT contra pagos del SIGI...
[ACTUALIZAR PAGOS · AUTO] ================================================================================
[ACTUALIZAR PAGOS · AUTO] INICIANDO PROCESO DE GENERACIÓN DE PAGOS DESACTUALIZADOS
[ACTUALIZAR PAGOS · AUTO] ================================================================================
[ACTUALIZAR PAGOS · AUTO] 📂 Cargando archivos...
[ACTUALIZAR PAGOS · AUTO]   ✓ Pagos: 21366 registros
[ACTUALIZAR PAGOS · AUTO]   ✓ Excel SIGEMI (multas vencidas viejas): 100998 registros
[ACTUALIZAR PAGOS · AUTO]   ✓ Excel SIGI (multas vencidas nuevas): 42766 registros
[ACTUALIZAR PAGOS · AUTO] ================================================================================
[ACTUALIZAR PAGOS · AUTO] PASO 1: LLENANDO ACTA_NUMERO (búsqueda por patente + fecha, con desempate por hora)
[ACTUALIZAR PAGOS · AUTO] ================================================================================
[ACTUALIZAR PAGOS · AUTO] 📊 ESTADÍSTICAS DE LLENADO DE ACTAS:
[ACTUALIZAR PAGOS · AUTO]   • Pagos con acta ORIGINAL: 5600
[ACTUALIZAR PAGOS · AUTO]   • Pagos SIN acta (buscados): 15766
[ACTUALIZAR PAGOS · AUTO]   • Pagos LLENADOS exitosamente: 0
[ACTUALIZAR PAGOS · AUTO]   • Pagos NO encontrados en multas: 15766
[ACTUALIZAR PAGOS · AUTO]   • Pagos SIN RESOLVER por desbalance de cantidades: 0
[ACTUALIZAR PAGOS · AUTO] ================================================================================
[ACTUALIZAR PAGOS · AUTO] PASO 1: LLENANDO ACTA_NUMERO (búsqueda por patente + fecha, con desempate por hora)
[ACTUALIZAR PAGOS · AUTO] ================================================================================
[ACTUALIZAR PAGOS · AUTO] 📊 ESTADÍSTICAS DE LLENADO DE ACTAS:
[ACTUALIZAR PAGOS · AUTO]   • Pagos con acta ORIGINAL: 5600
[ACTUALIZAR PAGOS · AUTO]   • Pagos SIN acta (buscados): 15766
[ACTUALIZAR PAGOS · AUTO]   • Pagos LLENADOS exitosamente: 0
[ACTUALIZAR PAGOS · AUTO]   • Pagos NO encontrados en multas: 15766
[ACTUALIZAR PAGOS · AUTO]   • Pagos SIN RESOLVER por desbalance de cantidades: 0
[ACTUALIZAR PAGOS · AUTO] ⏱ PASO 1 (llenar actas): 7.7s
[ACTUALIZAR PAGOS · AUTO] ================================================================================
[ACTUALIZAR PAGOS · AUTO] PASO 2: FILTRANDO PAGOS CON ACTA_NUMERO COMPLETO
[ACTUALIZAR PAGOS · AUTO] ================================================================================
[ACTUALIZAR PAGOS · AUTO] 📊 ESTADÍSTICAS DE FILTRADO:
[ACTUALIZAR PAGOS · AUTO]   • Pagos TOTALES al inicio: 21366
[ACTUALIZAR PAGOS · AUTO]   • Pagos CON acta (MANTIENEN): 5600
[ACTUALIZAR PAGOS · AUTO]   • Pagos RECHAZADOS (sin coincidencias): 15766
[ACTUALIZAR PAGOS · AUTO] ⚠️  Se eliminaron 15766 registros sin número de acta
[ACTUALIZAR PAGOS · AUTO]      (recordá: esto incluye tanto pagos ya actualizados/pagados
[ACTUALIZAR PAGOS · AUTO]       como pagos que quedaron sin resolver por desbalance en el Paso 1)
[ACTUALIZAR PAGOS · AUTO] ================================================================================
[ACTUALIZAR PAGOS · AUTO] PASO 2-bis: CONFIRMANDO VIGENCIA DE PAGOS (sistema NUEVO contra MULTAS_SIGI_CRUCE, sistema VIEJO contra SIGEMI)
[ACTUALIZAR PAGOS · AUTO] ================================================================================
[ACTUALIZAR PAGOS · AUTO]   ⚠ 5585 pago(s) descartados: su acta ya no figura como vencida en MULTAS_SIGI_CRUCE (SEMyT ya los actualizó).
[ACTUALIZAR PAGOS · AUTO]   ⚠ 15 pago(s) descartados: su acta ya no figura como vencida en el Excel de SIGEMI (SEMyT ya los actualizó).
[ACTUALIZAR PAGOS · AUTO]   • Pagos descartados en total por ya estar actualizados/pagados: 5600
[ACTUALIZAR PAGOS · AUTO] ⏱ PASO 2 (filtrar): 0.9s
[ACTUALIZAR PAGOS · AUTO] 📂 Cargando maestro de causas SIGEMI...
[ACTUALIZAR PAGOS · AUTO]   ✓ Causas totales (maestro): 134069 registros
[ACTUALIZAR PAGOS · AUTO] ================================================================================
[ACTUALIZAR PAGOS · AUTO] PASO 2.5: ARMANDO causas.txt SIMPLIFICADO (cruce contra total_causas_sigemi.txt)
[ACTUALIZAR PAGOS · AUTO] ================================================================================
[ACTUALIZAR PAGOS · AUTO]   • Actas vencidas viejas (multas): 100998
[ACTUALIZAR PAGOS · AUTO]   • Causas totales en el maestro SIGEMI: 134069
[ACTUALIZAR PAGOS · AUTO]   • Causas que coinciden (simplificado): 100687
[ACTUALIZAR PAGOS · AUTO]   ✅ Archivo escrito: datos/descargas/causas/causas.txt
[ACTUALIZAR PAGOS · AUTO] ⏱ PASO 2.5 (causas simplificado): 0.9s
[ACTUALIZAR PAGOS · AUTO] ⚠️  NO HAY PAGOS CON ACTA_NUMERO PARA PROCESAR
[ACTUALIZAR PAGOS · AUTO] Creando archivo vacío...
[ACTUALIZAR PAGOS · AUTO] ✅ TXT de pagos (ya cruzado con actas y causas) generado en: datos/descargas/pagos/2026-08-15/PAGOS 20260815 013027.txt
[ACTUALIZAR PAGOS · AUTO] 🧹 TXT de pagos crudo eliminado (ya usado en el cruce): datos/descargas/pagos/2026-08-15/ALL PAGOS DESCARGADOS.txt
[ACTUALIZAR PAGOS · AUTO] 🧹 Excel MULTAS_SIGEMI_CRUCE eliminado (ya usado en el cruce): datos/descargas/cache_actas_cruce/MULTAS_SIGEMI_CRUCE.xlsx
[ACTUALIZAR PAGOS · AUTO] 🧹 Excel MULTAS_SIGI_CRUCE eliminado (ya usado en el cruce): datos/descargas/cache_actas_cruce/MULTAS_SIGI_CRUCE.xlsx
[ACTUALIZAR PAGOS · AUTO] ✅ CompararActasPaso finalizado. (⏱ 18.4s)
[ACTUALIZAR PAGOS · AUTO] ==================================================
[ACTUALIZAR PAGOS · AUTO] 🚀 PASO: CargarPagosPaso
[ACTUALIZAR PAGOS · AUTO] ==================================================
[ACTUALIZAR PAGOS · AUTO] ℹ No se encontraron pagos para actualizar (el TXT final no tiene registros).
[ACTUALIZAR PAGOS · AUTO] 🧹 TXT de pagos sin registros eliminado (nada para subir): datos/descargas/pagos/2026-08-15/PAGOS 20260815 013027.txt
[ACTUALIZAR PAGOS · AUTO] ⏭ Se omite la carga al SEMyT.
[ACTUALIZAR PAGOS · AUTO] ✅ CargarPagosPaso finalizado. (⏱ 0.0s)
[ACTUALIZAR PAGOS · AUTO] === Ejecución finalizada con éxito ===
[ACTUALIZAR PAGOS · AUTO] ℹ No se subió ningún archivo a ningún sistema externo en esta corrida: por política, el log detallado no se conserva en disco.
🤖 [Automático] Es hora de actualizar pagos. Arrancando...
[ACTUALIZAR PAGOS · AUTO] === Inicio de ejecución: pagos ===
[ACTUALIZAR PAGOS · AUTO] ==================================================
[ACTUALIZAR PAGOS · AUTO] 🚀 PASO: LoginSEMyTPaso
[ACTUALIZAR PAGOS · AUTO] ==================================================
[ACTUALIZAR PAGOS · AUTO] Abriendo SEMyT...
[ACTUALIZAR PAGOS · AUTO] ✅ [SEMyT] Sesión existente detectada. Login omitido.
[ACTUALIZAR PAGOS · AUTO] ✅ LoginSEMyTPaso finalizado. (⏱ 2.8s)
[ACTUALIZAR PAGOS · AUTO] ==================================================
[ACTUALIZAR PAGOS · AUTO] 🚀 PASO: LoginSIGIPaso
[ACTUALIZAR PAGOS · AUTO] ==================================================
[ACTUALIZAR PAGOS · AUTO] Abriendo sitio municipalidad (CiDi)...
[ACTUALIZAR PAGOS · AUTO] ✅ [SIGI] Sesión existente detectada. Login omitido.
[ACTUALIZAR PAGOS · AUTO] ✅ LoginSIGIPaso finalizado. (⏱ 1.0s)
[ACTUALIZAR PAGOS · AUTO] ==================================================
[ACTUALIZAR PAGOS · AUTO] 🚀 PASO: DescargasParalelasPaso
[ACTUALIZAR PAGOS · AUTO] ==================================================
[ACTUALIZAR PAGOS · AUTO] 📤 Arrancando las 3 descargas en paralelo (mismo browser, páginas separadas)...
[ACTUALIZAR PAGOS · AUTO] Fecha Desde: 27/06/2024
[ACTUALIZAR PAGOS · AUTO] Fecha Hasta: 24/11/2025
[ACTUALIZAR PAGOS · AUTO] Fecha Desde: 25/11/2025
[ACTUALIZAR PAGOS · AUTO] Fecha Hasta: 15/08/2026
[ACTUALIZAR PAGOS · AUTO] Descargando Excel...
[ACTUALIZAR PAGOS · AUTO] Descargando Excel...
⏳ [Automático] Tocaba disparar 'pagos' pero ya hay una ejecución en curso (Actualizar pagos); esperando a que termine; se reintenta en breve sin perder el turno.
[ACTUALIZAR PAGOS · AUTO] Archivo descargado en: datos/descargas/cache_actas_cruce/MULTAS_SIGI_CRUCE.xlsx
[ACTUALIZAR PAGOS · AUTO] ⏱ [actas_sigi] completado en 16.5s
[ACTUALIZAR PAGOS · AUTO] Archivo descargado en: datos/descargas/cache_actas_cruce/MULTAS_SIGEMI_CRUCE.xlsx
[ACTUALIZAR PAGOS · AUTO] ⏱ [actas_sigemi] completado en 23.5s
[ACTUALIZAR PAGOS · AUTO] ✅ TXT de pagos descargado en: datos/descargas/pagos/2026-08-15/ALL PAGOS DESCARGADOS.txt
[ACTUALIZAR PAGOS · AUTO] ⏱ [pagos_txt] completado en 31.7s
[ACTUALIZAR PAGOS · AUTO] ⏱ TOTAL descargas en paralelo: 31.7s
[ACTUALIZAR PAGOS · AUTO] ✅ DescargasParalelasPaso finalizado. (⏱ 32.3s)
[ACTUALIZAR PAGOS · AUTO] ==================================================
[ACTUALIZAR PAGOS · AUTO] 🚀 PASO: CompararActasPaso
[ACTUALIZAR PAGOS · AUTO] ==================================================
[ACTUALIZAR PAGOS · AUTO] 🔍 Comparando actas del SEMyT contra pagos del SIGI...
[ACTUALIZAR PAGOS · AUTO] ================================================================================
[ACTUALIZAR PAGOS · AUTO] INICIANDO PROCESO DE GENERACIÓN DE PAGOS DESACTUALIZADOS
[ACTUALIZAR PAGOS · AUTO] ================================================================================
[ACTUALIZAR PAGOS · AUTO] 📂 Cargando archivos...
[ACTUALIZAR PAGOS · AUTO]   ✓ Pagos: 21366 registros
[ACTUALIZAR PAGOS · AUTO]   ✓ Excel SIGEMI (multas vencidas viejas): 100998 registros
[ACTUALIZAR PAGOS · AUTO]   ✓ Excel SIGI (multas vencidas nuevas): 42766 registros
[ACTUALIZAR PAGOS · AUTO] ================================================================================
[ACTUALIZAR PAGOS · AUTO] PASO 1: LLENANDO ACTA_NUMERO (búsqueda por patente + fecha, con desempate por hora)
[ACTUALIZAR PAGOS · AUTO] ================================================================================
[ACTUALIZAR PAGOS · AUTO] 📊 ESTADÍSTICAS DE LLENADO DE ACTAS:
[ACTUALIZAR PAGOS · AUTO]   • Pagos con acta ORIGINAL: 5600
[ACTUALIZAR PAGOS · AUTO]   • Pagos SIN acta (buscados): 15766
[ACTUALIZAR PAGOS · AUTO]   • Pagos LLENADOS exitosamente: 0
[ACTUALIZAR PAGOS · AUTO]   • Pagos NO encontrados en multas: 15766
[ACTUALIZAR PAGOS · AUTO]   • Pagos SIN RESOLVER por desbalance de cantidades: 0
[ACTUALIZAR PAGOS · AUTO] ================================================================================
[ACTUALIZAR PAGOS · AUTO] PASO 1: LLENANDO ACTA_NUMERO (búsqueda por patente + fecha, con desempate por hora)
[ACTUALIZAR PAGOS · AUTO] ================================================================================
[ACTUALIZAR PAGOS · AUTO] 📊 ESTADÍSTICAS DE LLENADO DE ACTAS:
[ACTUALIZAR PAGOS · AUTO]   • Pagos con acta ORIGINAL: 5600
[ACTUALIZAR PAGOS · AUTO]   • Pagos SIN acta (buscados): 15766
[ACTUALIZAR PAGOS · AUTO]   • Pagos LLENADOS exitosamente: 0
[ACTUALIZAR PAGOS · AUTO]   • Pagos NO encontrados en multas: 15766
[ACTUALIZAR PAGOS · AUTO]   • Pagos SIN RESOLVER por desbalance de cantidades: 0
[ACTUALIZAR PAGOS · AUTO] ⏱ PASO 1 (llenar actas): 7.7s
[ACTUALIZAR PAGOS · AUTO] ================================================================================
[ACTUALIZAR PAGOS · AUTO] PASO 2: FILTRANDO PAGOS CON ACTA_NUMERO COMPLETO
[ACTUALIZAR PAGOS · AUTO] ================================================================================
[ACTUALIZAR PAGOS · AUTO] 📊 ESTADÍSTICAS DE FILTRADO:
[ACTUALIZAR PAGOS · AUTO]   • Pagos TOTALES al inicio: 21366
[ACTUALIZAR PAGOS · AUTO]   • Pagos CON acta (MANTIENEN): 5600
[ACTUALIZAR PAGOS · AUTO]   • Pagos RECHAZADOS (sin coincidencias): 15766
[ACTUALIZAR PAGOS · AUTO] ⚠️  Se eliminaron 15766 registros sin número de acta
[ACTUALIZAR PAGOS · AUTO]      (recordá: esto incluye tanto pagos ya actualizados/pagados
[ACTUALIZAR PAGOS · AUTO]       como pagos que quedaron sin resolver por desbalance en el Paso 1)
[ACTUALIZAR PAGOS · AUTO] ================================================================================
[ACTUALIZAR PAGOS · AUTO] PASO 2-bis: CONFIRMANDO VIGENCIA DE PAGOS (sistema NUEVO contra MULTAS_SIGI_CRUCE, sistema VIEJO contra SIGEMI)
[ACTUALIZAR PAGOS · AUTO] ================================================================================
[ACTUALIZAR PAGOS · AUTO]   ⚠ 5585 pago(s) descartados: su acta ya no figura como vencida en MULTAS_SIGI_CRUCE (SEMyT ya los actualizó).
[ACTUALIZAR PAGOS · AUTO]   ⚠ 15 pago(s) descartados: su acta ya no figura como vencida en el Excel de SIGEMI (SEMyT ya los actualizó).
[ACTUALIZAR PAGOS · AUTO]   • Pagos descartados en total por ya estar actualizados/pagados: 5600
[ACTUALIZAR PAGOS · AUTO] ⏱ PASO 2 (filtrar): 1.0s
[ACTUALIZAR PAGOS · AUTO] 📂 Cargando maestro de causas SIGEMI...
[ACTUALIZAR PAGOS · AUTO]   ✓ Causas totales (maestro): 134069 registros
[ACTUALIZAR PAGOS · AUTO] ================================================================================
[ACTUALIZAR PAGOS · AUTO] PASO 2.5: ARMANDO causas.txt SIMPLIFICADO (cruce contra total_causas_sigemi.txt)
[ACTUALIZAR PAGOS · AUTO] ================================================================================
[ACTUALIZAR PAGOS · AUTO]   • Actas vencidas viejas (multas): 100998
[ACTUALIZAR PAGOS · AUTO]   • Causas totales en el maestro SIGEMI: 134069
[ACTUALIZAR PAGOS · AUTO]   • Causas que coinciden (simplificado): 100687
[ACTUALIZAR PAGOS · AUTO]   ✅ Archivo escrito: datos/descargas/causas/causas.txt
[ACTUALIZAR PAGOS · AUTO] ⏱ PASO 2.5 (causas simplificado): 0.8s
[ACTUALIZAR PAGOS · AUTO] ⚠️  NO HAY PAGOS CON ACTA_NUMERO PARA PROCESAR
[ACTUALIZAR PAGOS · AUTO] Creando archivo vacío...
[ACTUALIZAR PAGOS · AUTO] ✅ TXT de pagos (ya cruzado con actas y causas) generado en: datos/descargas/pagos/2026-08-15/PAGOS 20260815 013331.txt
[ACTUALIZAR PAGOS · AUTO] 🧹 TXT de pagos crudo eliminado (ya usado en el cruce): datos/descargas/pagos/2026-08-15/ALL PAGOS DESCARGADOS.txt
[ACTUALIZAR PAGOS · AUTO] 🧹 Excel MULTAS_SIGEMI_CRUCE eliminado (ya usado en el cruce): datos/descargas/cache_actas_cruce/MULTAS_SIGEMI_CRUCE.xlsx
[ACTUALIZAR PAGOS · AUTO] 🧹 Excel MULTAS_SIGI_CRUCE eliminado (ya usado en el cruce): datos/descargas/cache_actas_cruce/MULTAS_SIGI_CRUCE.xlsx
[ACTUALIZAR PAGOS · AUTO] ✅ CompararActasPaso finalizado. (⏱ 18.7s)
[ACTUALIZAR PAGOS · AUTO] ==================================================
[ACTUALIZAR PAGOS · AUTO] 🚀 PASO: CargarPagosPaso
[ACTUALIZAR PAGOS · AUTO] ==================================================
[ACTUALIZAR PAGOS · AUTO] ℹ No se encontraron pagos para actualizar (el TXT final no tiene registros).
[ACTUALIZAR PAGOS · AUTO] 🧹 TXT de pagos sin registros eliminado (nada para subir): datos/descargas/pagos/2026-08-15/PAGOS 20260815 013331.txt
[ACTUALIZAR PAGOS · AUTO] ⏭ Se omite la carga al SEMyT.
[ACTUALIZAR PAGOS · AUTO] ✅ CargarPagosPaso finalizado. (⏱ 0.0s)
[ACTUALIZAR PAGOS · AUTO] === Ejecución finalizada con éxito ===
[ACTUALIZAR PAGOS · AUTO] ℹ No se subió ningún archivo a ningún sistema externo en esta corrida: por política, el log detallado no se conserva en disco.
🤖 [Automático] Es hora de actualizar pagos. Arrancando...
[ACTUALIZAR PAGOS · AUTO] === Inicio de ejecución: pagos ===
[ACTUALIZAR PAGOS · AUTO] ==================================================
[ACTUALIZAR PAGOS · AUTO] 🚀 PASO: LoginSEMyTPaso
[ACTUALIZAR PAGOS · AUTO] ==================================================
[ACTUALIZAR PAGOS · AUTO] Abriendo SEMyT...
[ACTUALIZAR PAGOS · AUTO] ❌ === ERROR: TimeoutError: Page.goto: Timeout 60000ms exceeded.
[ACTUALIZAR PAGOS · AUTO] Call log:
[ACTUALIZAR PAGOS · AUTO]   - navigating to "https://ciudad.villamaria.gob.ar/#/inicio", waiting until "domcontentloaded"
[ACTUALIZAR PAGOS · AUTO]  ===
[ACTUALIZAR PAGOS · AUTO] Traceback (most recent call last):
[ACTUALIZAR PAGOS · AUTO]   File "/Users/nicolascesolari/Proyectos/estacionamiento_medido/API-REST Payment/backend/orquestador/trabajador.py", line 119, in ejecutar_worker
[ACTUALIZAR PAGOS · AUTO]     contexto_resultado = asyncio.run(
[ACTUALIZAR PAGOS · AUTO]         asyncio.wait_for(
[ACTUALIZAR PAGOS · AUTO]     ...<2 lines>...
[ACTUALIZAR PAGOS · AUTO]         )
[ACTUALIZAR PAGOS · AUTO]     )
[ACTUALIZAR PAGOS · AUTO]   File "/Library/Frameworks/Python.framework/Versions/3.14/lib/python3.14/asyncio/runners.py", line 205, in run
[ACTUALIZAR PAGOS · AUTO]     return runner.run(main)
[ACTUALIZAR PAGOS · AUTO]            ~~~~~~~~~~^^^^^^
[ACTUALIZAR PAGOS · AUTO]   File "/Library/Frameworks/Python.framework/Versions/3.14/lib/python3.14/asyncio/runners.py", line 128, in run
[ACTUALIZAR PAGOS · AUTO]     return self._loop.run_until_complete(task)
[ACTUALIZAR PAGOS · AUTO]            ~~~~~~~~~~~~~~~~~~~~~~~~~~~~~^^^^^^
[ACTUALIZAR PAGOS · AUTO]   File "/Library/Frameworks/Python.framework/Versions/3.14/lib/python3.14/asyncio/base_events.py", line 719, in run_until_complete
[ACTUALIZAR PAGOS · AUTO]     return future.result()
[ACTUALIZAR PAGOS · AUTO]            ~~~~~~~~~~~~~^^
[ACTUALIZAR PAGOS · AUTO]   File "/Library/Frameworks/Python.framework/Versions/3.14/lib/python3.14/asyncio/tasks.py", line 488, in wait_for
[ACTUALIZAR PAGOS · AUTO]     return await fut
[ACTUALIZAR PAGOS · AUTO]            ^^^^^^^^^
[ACTUALIZAR PAGOS · AUTO]   File "/Users/nicolascesolari/Proyectos/estacionamiento_medido/API-REST Payment/backend/orquestador/trabajador.py", line 189, in _correr_tipo
[ACTUALIZAR PAGOS · AUTO]     return await PagosWorkflow(navegador).ejecutar(archivo_fn=archivo_creado, cerrar_navegador_al_final=False)
[ACTUALIZAR PAGOS · AUTO]            ^^^^^^^^^^^^^^^^^^^^^^^^^^^^^^^^^^^^^^^^^^^^^^^^^^^^^^^^^^^^^^^^^^^^^^^^^^^^^^^^^^^^^^^^^^^^^^^^^^^
[ACTUALIZAR PAGOS · AUTO]   File "/Users/nicolascesolari/Proyectos/estacionamiento_medido/API-REST Payment/backend/workflows/workflow_base.py", line 38, in ejecutar
[ACTUALIZAR PAGOS · AUTO]     await paso.ejecutar(contexto)
[ACTUALIZAR PAGOS · AUTO]   File "/Users/nicolascesolari/Proyectos/estacionamiento_medido/API-REST Payment/backend/pasos/login_semyt_paso.py", line 26, in ejecutar
[ACTUALIZAR PAGOS · AUTO]     await login_page.abrir_semyt_con_sesion()
[ACTUALIZAR PAGOS · AUTO]   File "/Users/nicolascesolari/Proyectos/estacionamiento_medido/API-REST Payment/backend/pages/login_page.py", line 27, in abrir_semyt_con_sesion
[ACTUALIZAR PAGOS · AUTO]     await self.page.goto(self.url_inicio_semyt(), wait_until="domcontentloaded", timeout=60000)
[ACTUALIZAR PAGOS · AUTO]   File "/Library/Frameworks/Python.framework/Versions/3.14/lib/python3.14/site-packages/playwright/async_api/_generated.py", line 9611, in goto
[ACTUALIZAR PAGOS · AUTO]     await self._impl_obj.goto(
[ACTUALIZAR PAGOS · AUTO]     ...<4 lines>...
[ACTUALIZAR PAGOS · AUTO]     )
[ACTUALIZAR PAGOS · AUTO]   File "/Library/Frameworks/Python.framework/Versions/3.14/lib/python3.14/site-packages/playwright/_impl/_page.py", line 557, in goto
[ACTUALIZAR PAGOS · AUTO]     return await self._main_frame.goto(**locals_to_params(locals()))
[ACTUALIZAR PAGOS · AUTO]            ^^^^^^^^^^^^^^^^^^^^^^^^^^^^^^^^^^^^^^^^^^^^^^^^^^^^^^^^^
[ACTUALIZAR PAGOS · AUTO]   File "/Library/Frameworks/Python.framework/Versions/3.14/lib/python3.14/site-packages/playwright/_impl/_frame.py", line 156, in goto
[ACTUALIZAR PAGOS · AUTO]     await self._channel.send(
[ACTUALIZAR PAGOS · AUTO]         "goto", self._navigation_timeout, locals_to_params(locals())
[ACTUALIZAR PAGOS · AUTO]     )
[ACTUALIZAR PAGOS · AUTO]   File "/Library/Frameworks/Python.framework/Versions/3.14/lib/python3.14/site-packages/playwright/_impl/_connection.py", line 69, in send
[ACTUALIZAR PAGOS · AUTO]     return await self._connection.wrap_api_call(
[ACTUALIZAR PAGOS · AUTO]            ^^^^^^^^^^^^^^^^^^^^^^^^^^^^^^^^^^^^^
[ACTUALIZAR PAGOS · AUTO]     ...<3 lines>...
[ACTUALIZAR PAGOS · AUTO]     )
[ACTUALIZAR PAGOS · AUTO]     ^
[ACTUALIZAR PAGOS · AUTO]   File "/Library/Frameworks/Python.framework/Versions/3.14/lib/python3.14/site-packages/playwright/_impl/_connection.py", line 559, in wrap_api_call
[ACTUALIZAR PAGOS · AUTO]     raise rewrite_error(error, f"{parsed_st['apiName']}: {error}") from None
[ACTUALIZAR PAGOS · AUTO] playwright._impl._errors.TimeoutError: Page.goto: Timeout 60000ms exceeded.
[ACTUALIZAR PAGOS · AUTO] Call log:
[ACTUALIZAR PAGOS · AUTO]   - navigating to "https://ciudad.villamaria.gob.ar/#/inicio", waiting until "domcontentloaded"
[ACTUALIZAR PAGOS · AUTO] 🧹 Sesión guardada eliminada (auto-recuperación tras error: TimeoutError): datos/sesiones/sesion_general.json
[ACTUALIZAR PAGOS · AUTO] 🧹 Sesión guardada eliminada (auto-recuperación tras error: TimeoutError): datos/sesiones/sesion_semyt.json
[ACTUALIZAR PAGOS · AUTO] 🧹 Sesión guardada eliminada (auto-recuperación tras error: TimeoutError): datos/sesiones/sesion_sigi.json
ℹ El log detallado de esta corrida no se conservó en disco (no se llegó a subir ningún archivo).
❌ [Automático] 'pagos' falló (intento 1 de 4). Se reintenta a las 01:47.
🤖 [Automático] Es hora de actualizar pagos (reintento 1 de 3). Arrancando...
[ACTUALIZAR PAGOS · AUTO] === Inicio de ejecución: pagos ===
[ACTUALIZAR PAGOS · AUTO] ==================================================
[ACTUALIZAR PAGOS · AUTO] 🚀 PASO: LoginSEMyTPaso
[ACTUALIZAR PAGOS · AUTO] ==================================================
[ACTUALIZAR PAGOS · AUTO] Abriendo SEMyT...
[ACTUALIZAR PAGOS · AUTO] ❌ [SEMyT] No hay sesión activa. Iniciando login...
[ACTUALIZAR PAGOS · AUTO] ✅ [SEMyT] Login completado.
[ACTUALIZAR PAGOS · AUTO] ✅ LoginSEMyTPaso finalizado. (⏱ 2.7s)
[ACTUALIZAR PAGOS · AUTO] ==================================================
[ACTUALIZAR PAGOS · AUTO] 🚀 PASO: LoginSIGIPaso
[ACTUALIZAR PAGOS · AUTO] ==================================================
[ACTUALIZAR PAGOS · AUTO] Abriendo sitio municipalidad (CiDi)...
[ACTUALIZAR PAGOS · AUTO] ❌ [SIGI] No hay sesión activa. Iniciando login CiDi...
[ACTUALIZAR PAGOS · AUTO] ✅ [SIGI] Login completado.
[ACTUALIZAR PAGOS · AUTO] ✅ LoginSIGIPaso finalizado. (⏱ 8.5s)
[ACTUALIZAR PAGOS · AUTO] ==================================================
[ACTUALIZAR PAGOS · AUTO] 🚀 PASO: DescargasParalelasPaso
[ACTUALIZAR PAGOS · AUTO] ==================================================
[ACTUALIZAR PAGOS · AUTO] ❌ === ERROR: TimeoutError: Page.goto: Timeout 60000ms exceeded.
[ACTUALIZAR PAGOS · AUTO] Call log:
[ACTUALIZAR PAGOS · AUTO]   - navigating to "https://ciudad.villamaria.gob.ar/#/inicio", waiting until "domcontentloaded"
[ACTUALIZAR PAGOS · AUTO]  ===
[ACTUALIZAR PAGOS · AUTO] Traceback (most recent call last):
[ACTUALIZAR PAGOS · AUTO]   File "/Users/nicolascesolari/Proyectos/estacionamiento_medido/API-REST Payment/backend/orquestador/trabajador.py", line 119, in ejecutar_worker
[ACTUALIZAR PAGOS · AUTO]     contexto_resultado = asyncio.run(
[ACTUALIZAR PAGOS · AUTO]         asyncio.wait_for(
[ACTUALIZAR PAGOS · AUTO]     ...<2 lines>...
[ACTUALIZAR PAGOS · AUTO]         )
[ACTUALIZAR PAGOS · AUTO]     )
[ACTUALIZAR PAGOS · AUTO]   File "/Library/Frameworks/Python.framework/Versions/3.14/lib/python3.14/asyncio/runners.py", line 205, in run
[ACTUALIZAR PAGOS · AUTO]     return runner.run(main)
[ACTUALIZAR PAGOS · AUTO]            ~~~~~~~~~~^^^^^^
[ACTUALIZAR PAGOS · AUTO]   File "/Library/Frameworks/Python.framework/Versions/3.14/lib/python3.14/asyncio/runners.py", line 128, in run
[ACTUALIZAR PAGOS · AUTO]     return self._loop.run_until_complete(task)
[ACTUALIZAR PAGOS · AUTO]            ~~~~~~~~~~~~~~~~~~~~~~~~~~~~~^^^^^^
[ACTUALIZAR PAGOS · AUTO]   File "/Library/Frameworks/Python.framework/Versions/3.14/lib/python3.14/asyncio/base_events.py", line 719, in run_until_complete
[ACTUALIZAR PAGOS · AUTO]     return future.result()
[ACTUALIZAR PAGOS · AUTO]            ~~~~~~~~~~~~~^^
[ACTUALIZAR PAGOS · AUTO]   File "/Library/Frameworks/Python.framework/Versions/3.14/lib/python3.14/asyncio/tasks.py", line 488, in wait_for
[ACTUALIZAR PAGOS · AUTO]     return await fut
[ACTUALIZAR PAGOS · AUTO]            ^^^^^^^^^
[ACTUALIZAR PAGOS · AUTO]   File "/Users/nicolascesolari/Proyectos/estacionamiento_medido/API-REST Payment/backend/orquestador/trabajador.py", line 189, in _correr_tipo
[ACTUALIZAR PAGOS · AUTO]     return await PagosWorkflow(navegador).ejecutar(archivo_fn=archivo_creado, cerrar_navegador_al_final=False)
[ACTUALIZAR PAGOS · AUTO]            ^^^^^^^^^^^^^^^^^^^^^^^^^^^^^^^^^^^^^^^^^^^^^^^^^^^^^^^^^^^^^^^^^^^^^^^^^^^^^^^^^^^^^^^^^^^^^^^^^^^
[ACTUALIZAR PAGOS · AUTO]   File "/Users/nicolascesolari/Proyectos/estacionamiento_medido/API-REST Payment/backend/workflows/workflow_base.py", line 38, in ejecutar
[ACTUALIZAR PAGOS · AUTO]     await paso.ejecutar(contexto)
[ACTUALIZAR PAGOS · AUTO]   File "/Users/nicolascesolari/Proyectos/estacionamiento_medido/API-REST Payment/backend/pasos/descargas_paralelas_paso.py", line 46, in ejecutar
[ACTUALIZAR PAGOS · AUTO]     await pagina_semyt_nuevas.goto(url_inicio_semyt, wait_until="domcontentloaded", timeout=60000)
[ACTUALIZAR PAGOS · AUTO]   File "/Library/Frameworks/Python.framework/Versions/3.14/lib/python3.14/site-packages/playwright/async_api/_generated.py", line 9611, in goto
[ACTUALIZAR PAGOS · AUTO]     await self._impl_obj.goto(
[ACTUALIZAR PAGOS · AUTO]     ...<4 lines>...
[ACTUALIZAR PAGOS · AUTO]     )
[ACTUALIZAR PAGOS · AUTO]   File "/Library/Frameworks/Python.framework/Versions/3.14/lib/python3.14/site-packages/playwright/_impl/_page.py", line 557, in goto
[ACTUALIZAR PAGOS · AUTO]     return await self._main_frame.goto(**locals_to_params(locals()))
[ACTUALIZAR PAGOS · AUTO]            ^^^^^^^^^^^^^^^^^^^^^^^^^^^^^^^^^^^^^^^^^^^^^^^^^^^^^^^^^
[ACTUALIZAR PAGOS · AUTO]   File "/Library/Frameworks/Python.framework/Versions/3.14/lib/python3.14/site-packages/playwright/_impl/_frame.py", line 156, in goto
[ACTUALIZAR PAGOS · AUTO]     await self._channel.send(
[ACTUALIZAR PAGOS · AUTO]         "goto", self._navigation_timeout, locals_to_params(locals())
[ACTUALIZAR PAGOS · AUTO]     )
[ACTUALIZAR PAGOS · AUTO]   File "/Library/Frameworks/Python.framework/Versions/3.14/lib/python3.14/site-packages/playwright/_impl/_connection.py", line 69, in send
[ACTUALIZAR PAGOS · AUTO]     return await self._connection.wrap_api_call(
[ACTUALIZAR PAGOS · AUTO]            ^^^^^^^^^^^^^^^^^^^^^^^^^^^^^^^^^^^^^
[ACTUALIZAR PAGOS · AUTO]     ...<3 lines>...
[ACTUALIZAR PAGOS · AUTO]     )
[ACTUALIZAR PAGOS · AUTO]     ^
[ACTUALIZAR PAGOS · AUTO]   File "/Library/Frameworks/Python.framework/Versions/3.14/lib/python3.14/site-packages/playwright/_impl/_connection.py", line 559, in wrap_api_call
[ACTUALIZAR PAGOS · AUTO]     raise rewrite_error(error, f"{parsed_st['apiName']}: {error}") from None
[ACTUALIZAR PAGOS · AUTO] playwright._impl._errors.TimeoutError: Page.goto: Timeout 60000ms exceeded.
[ACTUALIZAR PAGOS · AUTO] Call log:
[ACTUALIZAR PAGOS · AUTO]   - navigating to "https://ciudad.villamaria.gob.ar/#/inicio", waiting until "domcontentloaded"
[ACTUALIZAR PAGOS · AUTO] 🧹 Sesión guardada eliminada (auto-recuperación tras error: TimeoutError): datos/sesiones/sesion_general.json
[ACTUALIZAR PAGOS · AUTO] 🧹 Sesión guardada eliminada (auto-recuperación tras error: TimeoutError): datos/sesiones/sesion_semyt.json
[ACTUALIZAR PAGOS · AUTO] 🧹 Sesión guardada eliminada (auto-recuperación tras error: TimeoutError): datos/sesiones/sesion_sigi.json
ℹ El log detallado de esta corrida no se conservó en disco (no se llegó a subir ningún archivo).
❌ [Automático] 'pagos' falló (intento 2 de 4). Se reintenta a las 02:04.
🤖 [Automático] Es hora de actualizar pagos (reintento 2 de 3). Arrancando...
[ACTUALIZAR PAGOS · AUTO] === Inicio de ejecución: pagos ===
[ACTUALIZAR PAGOS · AUTO] ==================================================
[ACTUALIZAR PAGOS · AUTO] 🚀 PASO: LoginSEMyTPaso
[ACTUALIZAR PAGOS · AUTO] ==================================================
[ACTUALIZAR PAGOS · AUTO] Abriendo SEMyT...
[ACTUALIZAR PAGOS · AUTO] ❌ [SEMyT] No hay sesión activa. Iniciando login...
[ACTUALIZAR PAGOS · AUTO] ✅ [SEMyT] Login completado.
[ACTUALIZAR PAGOS · AUTO] ✅ LoginSEMyTPaso finalizado. (⏱ 3.2s)
[ACTUALIZAR PAGOS · AUTO] ==================================================
[ACTUALIZAR PAGOS · AUTO] 🚀 PASO: LoginSIGIPaso
[ACTUALIZAR PAGOS · AUTO] ==================================================
[ACTUALIZAR PAGOS · AUTO] Abriendo sitio municipalidad (CiDi)...
[ACTUALIZAR PAGOS · AUTO] ❌ [SIGI] No hay sesión activa. Iniciando login CiDi...
[ACTUALIZAR PAGOS · AUTO] ✅ [SIGI] Login completado.
[ACTUALIZAR PAGOS · AUTO] ✅ LoginSIGIPaso finalizado. (⏱ 8.5s)
[ACTUALIZAR PAGOS · AUTO] ==================================================
[ACTUALIZAR PAGOS · AUTO] 🚀 PASO: DescargasParalelasPaso
[ACTUALIZAR PAGOS · AUTO] ==================================================
[ACTUALIZAR PAGOS · AUTO] 📤 Arrancando las 3 descargas en paralelo (mismo browser, páginas separadas)...
[ACTUALIZAR PAGOS · AUTO] Fecha Desde: 27/06/2024
[ACTUALIZAR PAGOS · AUTO] Fecha Hasta: 24/11/2025
[ACTUALIZAR PAGOS · AUTO] Fecha Desde: 25/11/2025
[ACTUALIZAR PAGOS · AUTO] Fecha Hasta: 15/08/2026
[ACTUALIZAR PAGOS · AUTO] Descargando Excel...
[ACTUALIZAR PAGOS · AUTO] Descargando Excel...
[ACTUALIZAR PAGOS · AUTO] ⏱ [pagos_txt] falló a los 1.9s -> TimeoutError: Page.wait_for_selector: Timeout 45000ms exceeded.
[ACTUALIZAR PAGOS · AUTO] Call log:
[ACTUALIZAR PAGOS · AUTO]   - waiting for locator("text=Exportaciones") to be visible
⏳ [Automático] Tocaba disparar 'pagos' pero ya hay una ejecución en curso (Actualizar pagos); esperando a que termine; se reintenta en breve sin perder el turno.
[ACTUALIZAR PAGOS · AUTO] Archivo descargado en: datos/descargas/cache_actas_cruce/MULTAS_SIGI_CRUCE.xlsx
[ACTUALIZAR PAGOS · AUTO] ⏱ [actas_sigi] completado en 17.2s
[ACTUALIZAR PAGOS · AUTO] ⏱ [actas_sigemi] falló a los 100.3s -> TimeoutError: Timeout esperando la descarga (sin cartel de error reconocido) tras 100s.
[ACTUALIZAR PAGOS · AUTO] ⏱ TOTAL descargas en paralelo: 100.3s
[ACTUALIZAR PAGOS · AUTO] ❌ === ERROR: TimeoutError: Page.wait_for_selector: Timeout 45000ms exceeded.
[ACTUALIZAR PAGOS · AUTO] Call log:
[ACTUALIZAR PAGOS · AUTO]   - waiting for locator("text=Exportaciones") to be visible
[ACTUALIZAR PAGOS · AUTO]  ===
[ACTUALIZAR PAGOS · AUTO] Traceback (most recent call last):
[ACTUALIZAR PAGOS · AUTO]   File "/Users/nicolascesolari/Proyectos/estacionamiento_medido/API-REST Payment/backend/orquestador/trabajador.py", line 119, in ejecutar_worker
[ACTUALIZAR PAGOS · AUTO]     contexto_resultado = asyncio.run(
[ACTUALIZAR PAGOS · AUTO]         asyncio.wait_for(
[ACTUALIZAR PAGOS · AUTO]     ...<2 lines>...
[ACTUALIZAR PAGOS · AUTO]         )
[ACTUALIZAR PAGOS · AUTO]     )
[ACTUALIZAR PAGOS · AUTO]   File "/Library/Frameworks/Python.framework/Versions/3.14/lib/python3.14/asyncio/runners.py", line 205, in run
[ACTUALIZAR PAGOS · AUTO]     return runner.run(main)
[ACTUALIZAR PAGOS · AUTO]            ~~~~~~~~~~^^^^^^
[ACTUALIZAR PAGOS · AUTO]   File "/Library/Frameworks/Python.framework/Versions/3.14/lib/python3.14/asyncio/runners.py", line 128, in run
[ACTUALIZAR PAGOS · AUTO]     return self._loop.run_until_complete(task)
[ACTUALIZAR PAGOS · AUTO]            ~~~~~~~~~~~~~~~~~~~~~~~~~~~~~^^^^^^
[ACTUALIZAR PAGOS · AUTO]   File "/Library/Frameworks/Python.framework/Versions/3.14/lib/python3.14/asyncio/base_events.py", line 719, in run_until_complete
[ACTUALIZAR PAGOS · AUTO]     return future.result()
[ACTUALIZAR PAGOS · AUTO]            ~~~~~~~~~~~~~^^
[ACTUALIZAR PAGOS · AUTO]   File "/Library/Frameworks/Python.framework/Versions/3.14/lib/python3.14/asyncio/tasks.py", line 488, in wait_for
[ACTUALIZAR PAGOS · AUTO]     return await fut
[ACTUALIZAR PAGOS · AUTO]            ^^^^^^^^^
[ACTUALIZAR PAGOS · AUTO]   File "/Users/nicolascesolari/Proyectos/estacionamiento_medido/API-REST Payment/backend/orquestador/trabajador.py", line 189, in _correr_tipo
[ACTUALIZAR PAGOS · AUTO]     return await PagosWorkflow(navegador).ejecutar(archivo_fn=archivo_creado, cerrar_navegador_al_final=False)
[ACTUALIZAR PAGOS · AUTO]            ^^^^^^^^^^^^^^^^^^^^^^^^^^^^^^^^^^^^^^^^^^^^^^^^^^^^^^^^^^^^^^^^^^^^^^^^^^^^^^^^^^^^^^^^^^^^^^^^^^^
[ACTUALIZAR PAGOS · AUTO]   File "/Users/nicolascesolari/Proyectos/estacionamiento_medido/API-REST Payment/backend/workflows/workflow_base.py", line 38, in ejecutar
[ACTUALIZAR PAGOS · AUTO]     await paso.ejecutar(contexto)
[ACTUALIZAR PAGOS · AUTO]   File "/Users/nicolascesolari/Proyectos/estacionamiento_medido/API-REST Payment/backend/pasos/descargas_paralelas_paso.py", line 69, in ejecutar
[ACTUALIZAR PAGOS · AUTO]     ruta_txt, ruta_sigemi, ruta_sigi = self._procesar_resultados(resultados)
[ACTUALIZAR PAGOS · AUTO]                                        ~~~~~~~~~~~~~~~~~~~~~~~~~^^^^^^^^^^^^
[ACTUALIZAR PAGOS · AUTO]   File "/Users/nicolascesolari/Proyectos/estacionamiento_medido/API-REST Payment/backend/pasos/descargas_paralelas_paso.py", line 147, in _procesar_resultados
[ACTUALIZAR PAGOS · AUTO]     raise error_txt
[ACTUALIZAR PAGOS · AUTO]   File "/Users/nicolascesolari/Proyectos/estacionamiento_medido/API-REST Payment/backend/pasos/descargas_paralelas_paso.py", line 122, in _con_tiempo
[ACTUALIZAR PAGOS · AUTO]     resultado = await corutina
[ACTUALIZAR PAGOS · AUTO]                 ^^^^^^^^^^^^^^
[ACTUALIZAR PAGOS · AUTO]   File "/Users/nicolascesolari/Proyectos/estacionamiento_medido/API-REST Payment/backend/pasos/descargas_paralelas_paso.py", line 95, in _descargar_pagos
[ACTUALIZAR PAGOS · AUTO]     return await service.descargar_txt_pagos(pagina)
[ACTUALIZAR PAGOS · AUTO]            ^^^^^^^^^^^^^^^^^^^^^^^^^^^^^^^^^^^^^^^^^
[ACTUALIZAR PAGOS · AUTO]   File "/Users/nicolascesolari/Proyectos/estacionamiento_medido/API-REST Payment/backend/services/pagos_service.py", line 21, in descargar_txt_pagos
[ACTUALIZAR PAGOS · AUTO]     await page.abrir()
[ACTUALIZAR PAGOS · AUTO]   File "/Users/nicolascesolari/Proyectos/estacionamiento_medido/API-REST Payment/backend/pages/descargar_pagos_page.py", line 17, in abrir
[ACTUALIZAR PAGOS · AUTO]     await self.page.wait_for_selector("text=Exportaciones", timeout=45000)
[ACTUALIZAR PAGOS · AUTO]   File "/Library/Frameworks/Python.framework/Versions/3.14/lib/python3.14/site-packages/playwright/async_api/_generated.py", line 8795, in wait_for_selector
[ACTUALIZAR PAGOS · AUTO]     await self._impl_obj.wait_for_selector(
[ACTUALIZAR PAGOS · AUTO]     ...<4 lines>...
[ACTUALIZAR PAGOS · AUTO]     )
[ACTUALIZAR PAGOS · AUTO]   File "/Library/Frameworks/Python.framework/Versions/3.14/lib/python3.14/site-packages/playwright/_impl/_page.py", line 424, in wait_for_selector
[ACTUALIZAR PAGOS · AUTO]     return await self._main_frame.wait_for_selector(**locals_to_params(locals()))
[ACTUALIZAR PAGOS · AUTO]            ^^^^^^^^^^^^^^^^^^^^^^^^^^^^^^^^^^^^^^^^^^^^^^^^^^^^^^^^^^^^^^^^^^^^^^
[ACTUALIZAR PAGOS · AUTO]   File "/Library/Frameworks/Python.framework/Versions/3.14/lib/python3.14/site-packages/playwright/_impl/_frame.py", line 372, in wait_for_selector
[ACTUALIZAR PAGOS · AUTO]     await self._channel.send(
[ACTUALIZAR PAGOS · AUTO]         "waitForSelector", self._timeout, locals_to_params(locals())
[ACTUALIZAR PAGOS · AUTO]     )
[ACTUALIZAR PAGOS · AUTO]   File "/Library/Frameworks/Python.framework/Versions/3.14/lib/python3.14/site-packages/playwright/_impl/_connection.py", line 69, in send
[ACTUALIZAR PAGOS · AUTO]     return await self._connection.wrap_api_call(
[ACTUALIZAR PAGOS · AUTO]            ^^^^^^^^^^^^^^^^^^^^^^^^^^^^^^^^^^^^^
[ACTUALIZAR PAGOS · AUTO]     ...<3 lines>...
[ACTUALIZAR PAGOS · AUTO]     )
[ACTUALIZAR PAGOS · AUTO]     ^
[ACTUALIZAR PAGOS · AUTO]   File "/Library/Frameworks/Python.framework/Versions/3.14/lib/python3.14/site-packages/playwright/_impl/_connection.py", line 559, in wrap_api_call
[ACTUALIZAR PAGOS · AUTO]     raise rewrite_error(error, f"{parsed_st['apiName']}: {error}") from None
[ACTUALIZAR PAGOS · AUTO] playwright._impl._errors.TimeoutError: Page.wait_for_selector: Timeout 45000ms exceeded.
[ACTUALIZAR PAGOS · AUTO] Call log:
[ACTUALIZAR PAGOS · AUTO]   - waiting for locator("text=Exportaciones") to be visible
[ACTUALIZAR PAGOS · AUTO] 🧹 Sesión guardada eliminada (auto-recuperación tras error: TimeoutError): datos/sesiones/sesion_general.json
[ACTUALIZAR PAGOS · AUTO] 🧹 Sesión guardada eliminada (auto-recuperación tras error: TimeoutError): datos/sesiones/sesion_semyt.json
[ACTUALIZAR PAGOS · AUTO] 🧹 Sesión guardada eliminada (auto-recuperación tras error: TimeoutError): datos/sesiones/sesion_sigi.json
ℹ El log detallado de esta corrida no se conservó en disco (no se llegó a subir ningún archivo).
❌ [Automático] 'pagos' falló (intento 3 de 4). Se reintenta a las 03:05.
🤖 [Automático] Es hora de actualizar pagos (reintento 3 de 3). Arrancando...
[ACTUALIZAR PAGOS · AUTO] === Inicio de ejecución: pagos ===
[ACTUALIZAR PAGOS · AUTO] ==================================================
[ACTUALIZAR PAGOS · AUTO] 🚀 PASO: LoginSEMyTPaso
[ACTUALIZAR PAGOS · AUTO] ==================================================
[ACTUALIZAR PAGOS · AUTO] Abriendo SEMyT...
[ACTUALIZAR PAGOS · AUTO] ❌ [SEMyT] No hay sesión activa. Iniciando login...
[ACTUALIZAR PAGOS · AUTO] ✅ [SEMyT] Login completado.
[ACTUALIZAR PAGOS · AUTO] ✅ LoginSEMyTPaso finalizado. (⏱ 2.8s)
[ACTUALIZAR PAGOS · AUTO] ==================================================
[ACTUALIZAR PAGOS · AUTO] 🚀 PASO: LoginSIGIPaso
[ACTUALIZAR PAGOS · AUTO] ==================================================
[ACTUALIZAR PAGOS · AUTO] Abriendo sitio municipalidad (CiDi)...
[ACTUALIZAR PAGOS · AUTO] ❌ [SIGI] No hay sesión activa. Iniciando login CiDi...
[ACTUALIZAR PAGOS · AUTO] ✅ [SIGI] Login completado.
[ACTUALIZAR PAGOS · AUTO] ✅ LoginSIGIPaso finalizado. (⏱ 9.8s)
[ACTUALIZAR PAGOS · AUTO] ==================================================
[ACTUALIZAR PAGOS · AUTO] 🚀 PASO: DescargasParalelasPaso
[ACTUALIZAR PAGOS · AUTO] ==================================================
[ACTUALIZAR PAGOS · AUTO] 📤 Arrancando las 3 descargas en paralelo (mismo browser, páginas separadas)...
[ACTUALIZAR PAGOS · AUTO] Fecha Desde: 27/06/2024
[ACTUALIZAR PAGOS · AUTO] Fecha Hasta: 24/11/2025
[ACTUALIZAR PAGOS · AUTO] Fecha Desde: 25/11/2025
[ACTUALIZAR PAGOS · AUTO] Fecha Hasta: 15/08/2026
[ACTUALIZAR PAGOS · AUTO] Descargando Excel...
[ACTUALIZAR PAGOS · AUTO] Descargando Excel...
⏳ [Automático] Tocaba disparar 'pagos' pero ya hay una ejecución en curso (Actualizar pagos); esperando a que termine; se reintenta en breve sin perder el turno.
[ACTUALIZAR PAGOS · AUTO] Archivo descargado en: datos/descargas/cache_actas_cruce/MULTAS_SIGI_CRUCE.xlsx
[ACTUALIZAR PAGOS · AUTO] ⏱ [actas_sigi] completado en 13.0s
[ACTUALIZAR PAGOS · AUTO] Archivo descargado en: datos/descargas/cache_actas_cruce/MULTAS_SIGEMI_CRUCE.xlsx
[ACTUALIZAR PAGOS · AUTO] ⏱ [actas_sigemi] completado en 19.6s
[ACTUALIZAR PAGOS · AUTO] ⏱ [pagos_txt] falló a los 101.1s -> TimeoutError: Timeout 100000ms exceeded while waiting for event "download"
[ACTUALIZAR PAGOS · AUTO] =========================== logs ===========================
[ACTUALIZAR PAGOS · AUTO] waiting for event "download"
[ACTUALIZAR PAGOS · AUTO] ============================================================
[ACTUALIZAR PAGOS · AUTO] ⏱ TOTAL descargas en paralelo: 101.1s
[ACTUALIZAR PAGOS · AUTO] ❌ === ERROR: TimeoutError: Timeout 100000ms exceeded while waiting for event "download"
[ACTUALIZAR PAGOS · AUTO] =========================== logs ===========================
[ACTUALIZAR PAGOS · AUTO] waiting for event "download"
[ACTUALIZAR PAGOS · AUTO] ============================================================ ===
[ACTUALIZAR PAGOS · AUTO] Traceback (most recent call last):
[ACTUALIZAR PAGOS · AUTO]   File "/Users/nicolascesolari/Proyectos/estacionamiento_medido/API-REST Payment/backend/orquestador/trabajador.py", line 119, in ejecutar_worker
[ACTUALIZAR PAGOS · AUTO]     contexto_resultado = asyncio.run(
[ACTUALIZAR PAGOS · AUTO]         asyncio.wait_for(
[ACTUALIZAR PAGOS · AUTO]     ...<2 lines>...
[ACTUALIZAR PAGOS · AUTO]         )
[ACTUALIZAR PAGOS · AUTO]     )
[ACTUALIZAR PAGOS · AUTO]   File "/Library/Frameworks/Python.framework/Versions/3.14/lib/python3.14/asyncio/runners.py", line 205, in run
[ACTUALIZAR PAGOS · AUTO]     return runner.run(main)
[ACTUALIZAR PAGOS · AUTO]            ~~~~~~~~~~^^^^^^
[ACTUALIZAR PAGOS · AUTO]   File "/Library/Frameworks/Python.framework/Versions/3.14/lib/python3.14/asyncio/runners.py", line 128, in run
[ACTUALIZAR PAGOS · AUTO]     return self._loop.run_until_complete(task)
[ACTUALIZAR PAGOS · AUTO]            ~~~~~~~~~~~~~~~~~~~~~~~~~~~~~^^^^^^
[ACTUALIZAR PAGOS · AUTO]   File "/Library/Frameworks/Python.framework/Versions/3.14/lib/python3.14/asyncio/base_events.py", line 719, in run_until_complete
[ACTUALIZAR PAGOS · AUTO]     return future.result()
[ACTUALIZAR PAGOS · AUTO]            ~~~~~~~~~~~~~^^
[ACTUALIZAR PAGOS · AUTO]   File "/Library/Frameworks/Python.framework/Versions/3.14/lib/python3.14/asyncio/tasks.py", line 488, in wait_for
[ACTUALIZAR PAGOS · AUTO]     return await fut
[ACTUALIZAR PAGOS · AUTO]            ^^^^^^^^^
[ACTUALIZAR PAGOS · AUTO]   File "/Users/nicolascesolari/Proyectos/estacionamiento_medido/API-REST Payment/backend/orquestador/trabajador.py", line 189, in _correr_tipo
[ACTUALIZAR PAGOS · AUTO]     return await PagosWorkflow(navegador).ejecutar(archivo_fn=archivo_creado, cerrar_navegador_al_final=False)
[ACTUALIZAR PAGOS · AUTO]            ^^^^^^^^^^^^^^^^^^^^^^^^^^^^^^^^^^^^^^^^^^^^^^^^^^^^^^^^^^^^^^^^^^^^^^^^^^^^^^^^^^^^^^^^^^^^^^^^^^^
[ACTUALIZAR PAGOS · AUTO]   File "/Users/nicolascesolari/Proyectos/estacionamiento_medido/API-REST Payment/backend/workflows/workflow_base.py", line 38, in ejecutar
[ACTUALIZAR PAGOS · AUTO]     await paso.ejecutar(contexto)
[ACTUALIZAR PAGOS · AUTO]   File "/Users/nicolascesolari/Proyectos/estacionamiento_medido/API-REST Payment/backend/pasos/descargas_paralelas_paso.py", line 69, in ejecutar
[ACTUALIZAR PAGOS · AUTO]     ruta_txt, ruta_sigemi, ruta_sigi = self._procesar_resultados(resultados)
[ACTUALIZAR PAGOS · AUTO]                                        ~~~~~~~~~~~~~~~~~~~~~~~~~^^^^^^^^^^^^
[ACTUALIZAR PAGOS · AUTO]   File "/Users/nicolascesolari/Proyectos/estacionamiento_medido/API-REST Payment/backend/pasos/descargas_paralelas_paso.py", line 147, in _procesar_resultados
[ACTUALIZAR PAGOS · AUTO]     raise error_txt
[ACTUALIZAR PAGOS · AUTO]   File "/Users/nicolascesolari/Proyectos/estacionamiento_medido/API-REST Payment/backend/pasos/descargas_paralelas_paso.py", line 122, in _con_tiempo
[ACTUALIZAR PAGOS · AUTO]     resultado = await corutina
[ACTUALIZAR PAGOS · AUTO]                 ^^^^^^^^^^^^^^
[ACTUALIZAR PAGOS · AUTO]   File "/Users/nicolascesolari/Proyectos/estacionamiento_medido/API-REST Payment/backend/pasos/descargas_paralelas_paso.py", line 95, in _descargar_pagos
[ACTUALIZAR PAGOS · AUTO]     return await service.descargar_txt_pagos(pagina)
[ACTUALIZAR PAGOS · AUTO]            ^^^^^^^^^^^^^^^^^^^^^^^^^^^^^^^^^^^^^^^^^
[ACTUALIZAR PAGOS · AUTO]   File "/Users/nicolascesolari/Proyectos/estacionamiento_medido/API-REST Payment/backend/services/pagos_service.py", line 22, in descargar_txt_pagos
[ACTUALIZAR PAGOS · AUTO]     descarga = await page.descargar_txt_pagos()
[ACTUALIZAR PAGOS · AUTO]                ^^^^^^^^^^^^^^^^^^^^^^^^^^^^^^^^
[ACTUALIZAR PAGOS · AUTO]   File "/Users/nicolascesolari/Proyectos/estacionamiento_medido/API-REST Payment/backend/pages/descargar_pagos_page.py", line 20, in descargar_txt_pagos
[ACTUALIZAR PAGOS · AUTO]     async with self.page.expect_download(timeout=100000) as descarga_info:
[ACTUALIZAR PAGOS · AUTO]                ~~~~~~~~~~~~~~~~~~~~~~~~~^^^^^^^^^^^^^^^^
[ACTUALIZAR PAGOS · AUTO]   File "/Library/Frameworks/Python.framework/Versions/3.14/lib/python3.14/site-packages/playwright/_impl/_async_base.py", line 60, in __aexit__
[ACTUALIZAR PAGOS · AUTO]     await self._event.value
[ACTUALIZAR PAGOS · AUTO]   File "/Library/Frameworks/Python.framework/Versions/3.14/lib/python3.14/site-packages/playwright/_impl/_async_base.py", line 35, in value
[ACTUALIZAR PAGOS · AUTO]     return mapping.from_maybe_impl(await self._future)
[ACTUALIZAR PAGOS · AUTO]                                    ^^^^^^^^^^^^^^^^^^
[ACTUALIZAR PAGOS · AUTO] playwright._impl._errors.TimeoutError: Timeout 100000ms exceeded while waiting for event "download"
[ACTUALIZAR PAGOS · AUTO] =========================== logs ===========================
[ACTUALIZAR PAGOS · AUTO] waiting for event "download"
[ACTUALIZAR PAGOS · AUTO] ============================================================
[ACTUALIZAR PAGOS · AUTO] 🧹 Sesión guardada eliminada (auto-recuperación tras error: TimeoutError): datos/sesiones/sesion_general.json
[ACTUALIZAR PAGOS · AUTO] 🧹 Sesión guardada eliminada (auto-recuperación tras error: TimeoutError): datos/sesiones/sesion_semyt.json
[ACTUALIZAR PAGOS · AUTO] 🧹 Sesión guardada eliminada (auto-recuperación tras error: TimeoutError): datos/sesiones/sesion_sigi.json
ℹ El log detallado de esta corrida no se conservó en disco (no se llegó a subir ningún archivo).
❌ [Automático] 'pagos' falló 4 veces seguidas (actualizar pagos). Se dejan de reintentar por ahora; revisá el log de esa ejecución para ver el detalle del error. Se retoma en el horario normal.
🤖 [Automático] Es hora de actualizar pagos. Arrancando...
[ACTUALIZAR PAGOS · AUTO] === Inicio de ejecución: pagos ===
[ACTUALIZAR PAGOS · AUTO] ==================================================
[ACTUALIZAR PAGOS · AUTO] 🚀 PASO: LoginSEMyTPaso
[ACTUALIZAR PAGOS · AUTO] ==================================================
[ACTUALIZAR PAGOS · AUTO] Abriendo SEMyT...
[ACTUALIZAR PAGOS · AUTO] ❌ === ERROR: TimeoutError: Page.goto: Timeout 60000ms exceeded.
[ACTUALIZAR PAGOS · AUTO] Call log:
[ACTUALIZAR PAGOS · AUTO]   - navigating to "https://ciudad.villamaria.gob.ar/#/inicio", waiting until "domcontentloaded"
[ACTUALIZAR PAGOS · AUTO]  ===
[ACTUALIZAR PAGOS · AUTO] Traceback (most recent call last):
[ACTUALIZAR PAGOS · AUTO]   File "/Users/nicolascesolari/Proyectos/estacionamiento_medido/API-REST Payment/backend/orquestador/trabajador.py", line 119, in ejecutar_worker
[ACTUALIZAR PAGOS · AUTO]     contexto_resultado = asyncio.run(
[ACTUALIZAR PAGOS · AUTO]         asyncio.wait_for(
[ACTUALIZAR PAGOS · AUTO]     ...<2 lines>...
[ACTUALIZAR PAGOS · AUTO]         )
[ACTUALIZAR PAGOS · AUTO]     )
[ACTUALIZAR PAGOS · AUTO]   File "/Library/Frameworks/Python.framework/Versions/3.14/lib/python3.14/asyncio/runners.py", line 205, in run
[ACTUALIZAR PAGOS · AUTO]     return runner.run(main)
[ACTUALIZAR PAGOS · AUTO]            ~~~~~~~~~~^^^^^^
[ACTUALIZAR PAGOS · AUTO]   File "/Library/Frameworks/Python.framework/Versions/3.14/lib/python3.14/asyncio/runners.py", line 128, in run
[ACTUALIZAR PAGOS · AUTO]     return self._loop.run_until_complete(task)
[ACTUALIZAR PAGOS · AUTO]            ~~~~~~~~~~~~~~~~~~~~~~~~~~~~~^^^^^^
[ACTUALIZAR PAGOS · AUTO]   File "/Library/Frameworks/Python.framework/Versions/3.14/lib/python3.14/asyncio/base_events.py", line 719, in run_until_complete
[ACTUALIZAR PAGOS · AUTO]     return future.result()
[ACTUALIZAR PAGOS · AUTO]            ~~~~~~~~~~~~~^^
[ACTUALIZAR PAGOS · AUTO]   File "/Library/Frameworks/Python.framework/Versions/3.14/lib/python3.14/asyncio/tasks.py", line 488, in wait_for
[ACTUALIZAR PAGOS · AUTO]     return await fut
[ACTUALIZAR PAGOS · AUTO]            ^^^^^^^^^
[ACTUALIZAR PAGOS · AUTO]   File "/Users/nicolascesolari/Proyectos/estacionamiento_medido/API-REST Payment/backend/orquestador/trabajador.py", line 189, in _correr_tipo
[ACTUALIZAR PAGOS · AUTO]     return await PagosWorkflow(navegador).ejecutar(archivo_fn=archivo_creado, cerrar_navegador_al_final=False)
[ACTUALIZAR PAGOS · AUTO]            ^^^^^^^^^^^^^^^^^^^^^^^^^^^^^^^^^^^^^^^^^^^^^^^^^^^^^^^^^^^^^^^^^^^^^^^^^^^^^^^^^^^^^^^^^^^^^^^^^^^
[ACTUALIZAR PAGOS · AUTO]   File "/Users/nicolascesolari/Proyectos/estacionamiento_medido/API-REST Payment/backend/workflows/workflow_base.py", line 38, in ejecutar
[ACTUALIZAR PAGOS · AUTO]     await paso.ejecutar(contexto)
[ACTUALIZAR PAGOS · AUTO]   File "/Users/nicolascesolari/Proyectos/estacionamiento_medido/API-REST Payment/backend/pasos/login_semyt_paso.py", line 26, in ejecutar
[ACTUALIZAR PAGOS · AUTO]     await login_page.abrir_semyt_con_sesion()
[ACTUALIZAR PAGOS · AUTO]   File "/Users/nicolascesolari/Proyectos/estacionamiento_medido/API-REST Payment/backend/pages/login_page.py", line 27, in abrir_semyt_con_sesion
[ACTUALIZAR PAGOS · AUTO]     await self.page.goto(self.url_inicio_semyt(), wait_until="domcontentloaded", timeout=60000)
[ACTUALIZAR PAGOS · AUTO]   File "/Library/Frameworks/Python.framework/Versions/3.14/lib/python3.14/site-packages/playwright/async_api/_generated.py", line 9611, in goto
[ACTUALIZAR PAGOS · AUTO]     await self._impl_obj.goto(
[ACTUALIZAR PAGOS · AUTO]     ...<4 lines>...
[ACTUALIZAR PAGOS · AUTO]     )
[ACTUALIZAR PAGOS · AUTO]   File "/Library/Frameworks/Python.framework/Versions/3.14/lib/python3.14/site-packages/playwright/_impl/_page.py", line 557, in goto
[ACTUALIZAR PAGOS · AUTO]     return await self._main_frame.goto(**locals_to_params(locals()))
[ACTUALIZAR PAGOS · AUTO]            ^^^^^^^^^^^^^^^^^^^^^^^^^^^^^^^^^^^^^^^^^^^^^^^^^^^^^^^^^
[ACTUALIZAR PAGOS · AUTO]   File "/Library/Frameworks/Python.framework/Versions/3.14/lib/python3.14/site-packages/playwright/_impl/_frame.py", line 156, in goto
[ACTUALIZAR PAGOS · AUTO]     await self._channel.send(
[ACTUALIZAR PAGOS · AUTO]         "goto", self._navigation_timeout, locals_to_params(locals())
[ACTUALIZAR PAGOS · AUTO]     )
[ACTUALIZAR PAGOS · AUTO]   File "/Library/Frameworks/Python.framework/Versions/3.14/lib/python3.14/site-packages/playwright/_impl/_connection.py", line 69, in send
[ACTUALIZAR PAGOS · AUTO]     return await self._connection.wrap_api_call(
[ACTUALIZAR PAGOS · AUTO]            ^^^^^^^^^^^^^^^^^^^^^^^^^^^^^^^^^^^^^
[ACTUALIZAR PAGOS · AUTO]     ...<3 lines>...
[ACTUALIZAR PAGOS · AUTO]     )
[ACTUALIZAR PAGOS · AUTO]     ^
[ACTUALIZAR PAGOS · AUTO]   File "/Library/Frameworks/Python.framework/Versions/3.14/lib/python3.14/site-packages/playwright/_impl/_connection.py", line 559, in wrap_api_call
[ACTUALIZAR PAGOS · AUTO]     raise rewrite_error(error, f"{parsed_st['apiName']}: {error}") from None
[ACTUALIZAR PAGOS · AUTO] playwright._impl._errors.TimeoutError: Page.goto: Timeout 60000ms exceeded.
[ACTUALIZAR PAGOS · AUTO] Call log:
[ACTUALIZAR PAGOS · AUTO]   - navigating to "https://ciudad.villamaria.gob.ar/#/inicio", waiting until "domcontentloaded"
ℹ El log detallado de esta corrida no se conservó en disco (no se llegó a subir ningún archivo).
❌ [Automático] 'pagos' falló (intento 1 de 4). Se reintenta a las 03:42.
🤖 [Automático] Es hora de actualizar pagos (reintento 1 de 3). Arrancando...
[ACTUALIZAR PAGOS · AUTO] === Inicio de ejecución: pagos ===
[ACTUALIZAR PAGOS · AUTO] ==================================================
[ACTUALIZAR PAGOS · AUTO] 🚀 PASO: LoginSEMyTPaso
[ACTUALIZAR PAGOS · AUTO] ==================================================
[ACTUALIZAR PAGOS · AUTO] Abriendo SEMyT...
[ACTUALIZAR PAGOS · AUTO] ❌ [SEMyT] No hay sesión activa. Iniciando login...
[ACTUALIZAR PAGOS · AUTO] ✅ [SEMyT] Login completado.
[ACTUALIZAR PAGOS · AUTO] ✅ LoginSEMyTPaso finalizado. (⏱ 3.0s)
[ACTUALIZAR PAGOS · AUTO] ==================================================
[ACTUALIZAR PAGOS · AUTO] 🚀 PASO: LoginSIGIPaso
[ACTUALIZAR PAGOS · AUTO] ==================================================
[ACTUALIZAR PAGOS · AUTO] Abriendo sitio municipalidad (CiDi)...
[ACTUALIZAR PAGOS · AUTO] ❌ [SIGI] No hay sesión activa. Iniciando login CiDi...
[ACTUALIZAR PAGOS · AUTO] ✅ [SIGI] Login completado.
[ACTUALIZAR PAGOS · AUTO] ✅ LoginSIGIPaso finalizado. (⏱ 8.2s)
[ACTUALIZAR PAGOS · AUTO] ==================================================
[ACTUALIZAR PAGOS · AUTO] 🚀 PASO: DescargasParalelasPaso
[ACTUALIZAR PAGOS · AUTO] ==================================================
[ACTUALIZAR PAGOS · AUTO] 📤 Arrancando las 3 descargas en paralelo (mismo browser, páginas separadas)...
[ACTUALIZAR PAGOS · AUTO] Fecha Desde: 27/06/2024
[ACTUALIZAR PAGOS · AUTO] Fecha Hasta: 24/11/2025
[ACTUALIZAR PAGOS · AUTO] Fecha Desde: 25/11/2025
[ACTUALIZAR PAGOS · AUTO] Fecha Hasta: 15/08/2026
[ACTUALIZAR PAGOS · AUTO] ⏱ [actas_sigemi] falló a los 0.9s -> TimeoutError: Page.click: Timeout 30000ms exceeded.
[ACTUALIZAR PAGOS · AUTO] Call log:
[ACTUALIZAR PAGOS · AUTO]   - waiting for locator("text=Exportar actas")
[ACTUALIZAR PAGOS · AUTO] ⏱ [actas_sigi] falló a los 0.9s -> TimeoutError: Page.click: Timeout 30000ms exceeded.
[ACTUALIZAR PAGOS · AUTO] Call log:
[ACTUALIZAR PAGOS · AUTO]   - waiting for locator("text=Exportar actas")
[ACTUALIZAR PAGOS · AUTO] ⏱ [pagos_txt] falló a los 0.9s -> TimeoutError: Page.wait_for_selector: Timeout 45000ms exceeded.
[ACTUALIZAR PAGOS · AUTO] Call log:
[ACTUALIZAR PAGOS · AUTO]   - waiting for locator("text=Exportaciones") to be visible
[ACTUALIZAR PAGOS · AUTO] ⏱ TOTAL descargas en paralelo: 0.9s
[ACTUALIZAR PAGOS · AUTO] ❌ === ERROR: TimeoutError: Page.wait_for_selector: Timeout 45000ms exceeded.
[ACTUALIZAR PAGOS · AUTO] Call log:
[ACTUALIZAR PAGOS · AUTO]   - waiting for locator("text=Exportaciones") to be visible
[ACTUALIZAR PAGOS · AUTO]  ===
[ACTUALIZAR PAGOS · AUTO] Traceback (most recent call last):
[ACTUALIZAR PAGOS · AUTO]   File "/Users/nicolascesolari/Proyectos/estacionamiento_medido/API-REST Payment/backend/orquestador/trabajador.py", line 119, in ejecutar_worker
[ACTUALIZAR PAGOS · AUTO]     contexto_resultado = asyncio.run(
[ACTUALIZAR PAGOS · AUTO]         asyncio.wait_for(
[ACTUALIZAR PAGOS · AUTO]     ...<2 lines>...
[ACTUALIZAR PAGOS · AUTO]         )
[ACTUALIZAR PAGOS · AUTO]     )
[ACTUALIZAR PAGOS · AUTO]   File "/Library/Frameworks/Python.framework/Versions/3.14/lib/python3.14/asyncio/runners.py", line 205, in run
[ACTUALIZAR PAGOS · AUTO]     return runner.run(main)
[ACTUALIZAR PAGOS · AUTO]            ~~~~~~~~~~^^^^^^
[ACTUALIZAR PAGOS · AUTO]   File "/Library/Frameworks/Python.framework/Versions/3.14/lib/python3.14/asyncio/runners.py", line 128, in run
[ACTUALIZAR PAGOS · AUTO]     return self._loop.run_until_complete(task)
[ACTUALIZAR PAGOS · AUTO]            ~~~~~~~~~~~~~~~~~~~~~~~~~~~~~^^^^^^
[ACTUALIZAR PAGOS · AUTO]   File "/Library/Frameworks/Python.framework/Versions/3.14/lib/python3.14/asyncio/base_events.py", line 719, in run_until_complete
[ACTUALIZAR PAGOS · AUTO]     return future.result()
[ACTUALIZAR PAGOS · AUTO]            ~~~~~~~~~~~~~^^
[ACTUALIZAR PAGOS · AUTO]   File "/Library/Frameworks/Python.framework/Versions/3.14/lib/python3.14/asyncio/tasks.py", line 488, in wait_for
[ACTUALIZAR PAGOS · AUTO]     return await fut
[ACTUALIZAR PAGOS · AUTO]            ^^^^^^^^^
[ACTUALIZAR PAGOS · AUTO]   File "/Users/nicolascesolari/Proyectos/estacionamiento_medido/API-REST Payment/backend/orquestador/trabajador.py", line 189, in _correr_tipo
[ACTUALIZAR PAGOS · AUTO]     return await PagosWorkflow(navegador).ejecutar(archivo_fn=archivo_creado, cerrar_navegador_al_final=False)
[ACTUALIZAR PAGOS · AUTO]            ^^^^^^^^^^^^^^^^^^^^^^^^^^^^^^^^^^^^^^^^^^^^^^^^^^^^^^^^^^^^^^^^^^^^^^^^^^^^^^^^^^^^^^^^^^^^^^^^^^^
[ACTUALIZAR PAGOS · AUTO]   File "/Users/nicolascesolari/Proyectos/estacionamiento_medido/API-REST Payment/backend/workflows/workflow_base.py", line 38, in ejecutar
[ACTUALIZAR PAGOS · AUTO]     await paso.ejecutar(contexto)
[ACTUALIZAR PAGOS · AUTO]   File "/Users/nicolascesolari/Proyectos/estacionamiento_medido/API-REST Payment/backend/pasos/descargas_paralelas_paso.py", line 69, in ejecutar
[ACTUALIZAR PAGOS · AUTO]     ruta_txt, ruta_sigemi, ruta_sigi = self._procesar_resultados(resultados)
[ACTUALIZAR PAGOS · AUTO]                                        ~~~~~~~~~~~~~~~~~~~~~~~~~^^^^^^^^^^^^
[ACTUALIZAR PAGOS · AUTO]   File "/Users/nicolascesolari/Proyectos/estacionamiento_medido/API-REST Payment/backend/pasos/descargas_paralelas_paso.py", line 147, in _procesar_resultados
[ACTUALIZAR PAGOS · AUTO]     raise error_txt
[ACTUALIZAR PAGOS · AUTO]   File "/Users/nicolascesolari/Proyectos/estacionamiento_medido/API-REST Payment/backend/pasos/descargas_paralelas_paso.py", line 122, in _con_tiempo
[ACTUALIZAR PAGOS · AUTO]     resultado = await corutina
[ACTUALIZAR PAGOS · AUTO]                 ^^^^^^^^^^^^^^
[ACTUALIZAR PAGOS · AUTO]   File "/Users/nicolascesolari/Proyectos/estacionamiento_medido/API-REST Payment/backend/pasos/descargas_paralelas_paso.py", line 95, in _descargar_pagos
[ACTUALIZAR PAGOS · AUTO]     return await service.descargar_txt_pagos(pagina)
[ACTUALIZAR PAGOS · AUTO]            ^^^^^^^^^^^^^^^^^^^^^^^^^^^^^^^^^^^^^^^^^
[ACTUALIZAR PAGOS · AUTO]   File "/Users/nicolascesolari/Proyectos/estacionamiento_medido/API-REST Payment/backend/services/pagos_service.py", line 21, in descargar_txt_pagos
[ACTUALIZAR PAGOS · AUTO]     await page.abrir()
[ACTUALIZAR PAGOS · AUTO]   File "/Users/nicolascesolari/Proyectos/estacionamiento_medido/API-REST Payment/backend/pages/descargar_pagos_page.py", line 17, in abrir
[ACTUALIZAR PAGOS · AUTO]     await self.page.wait_for_selector("text=Exportaciones", timeout=45000)
[ACTUALIZAR PAGOS · AUTO]   File "/Library/Frameworks/Python.framework/Versions/3.14/lib/python3.14/site-packages/playwright/async_api/_generated.py", line 8795, in wait_for_selector
[ACTUALIZAR PAGOS · AUTO]     await self._impl_obj.wait_for_selector(
[ACTUALIZAR PAGOS · AUTO]     ...<4 lines>...
[ACTUALIZAR PAGOS · AUTO]     )
[ACTUALIZAR PAGOS · AUTO]   File "/Library/Frameworks/Python.framework/Versions/3.14/lib/python3.14/site-packages/playwright/_impl/_page.py", line 424, in wait_for_selector
[ACTUALIZAR PAGOS · AUTO]     return await self._main_frame.wait_for_selector(**locals_to_params(locals()))
[ACTUALIZAR PAGOS · AUTO]            ^^^^^^^^^^^^^^^^^^^^^^^^^^^^^^^^^^^^^^^^^^^^^^^^^^^^^^^^^^^^^^^^^^^^^^
[ACTUALIZAR PAGOS · AUTO]   File "/Library/Frameworks/Python.framework/Versions/3.14/lib/python3.14/site-packages/playwright/_impl/_frame.py", line 372, in wait_for_selector
[ACTUALIZAR PAGOS · AUTO]     await self._channel.send(
[ACTUALIZAR PAGOS · AUTO]         "waitForSelector", self._timeout, locals_to_params(locals())
[ACTUALIZAR PAGOS · AUTO]     )
[ACTUALIZAR PAGOS · AUTO]   File "/Library/Frameworks/Python.framework/Versions/3.14/lib/python3.14/site-packages/playwright/_impl/_connection.py", line 69, in send
[ACTUALIZAR PAGOS · AUTO]     return await self._connection.wrap_api_call(
[ACTUALIZAR PAGOS · AUTO]            ^^^^^^^^^^^^^^^^^^^^^^^^^^^^^^^^^^^^^
[ACTUALIZAR PAGOS · AUTO]     ...<3 lines>...
[ACTUALIZAR PAGOS · AUTO]     )
[ACTUALIZAR PAGOS · AUTO]     ^
[ACTUALIZAR PAGOS · AUTO]   File "/Library/Frameworks/Python.framework/Versions/3.14/lib/python3.14/site-packages/playwright/_impl/_connection.py", line 559, in wrap_api_call
[ACTUALIZAR PAGOS · AUTO]     raise rewrite_error(error, f"{parsed_st['apiName']}: {error}") from None
[ACTUALIZAR PAGOS · AUTO] playwright._impl._errors.TimeoutError: Page.wait_for_selector: Timeout 45000ms exceeded.
[ACTUALIZAR PAGOS · AUTO] Call log:
[ACTUALIZAR PAGOS · AUTO]   - waiting for locator("text=Exportaciones") to be visible
[ACTUALIZAR PAGOS · AUTO] 🧹 Sesión guardada eliminada (auto-recuperación tras error: TimeoutError): datos/sesiones/sesion_general.json
[ACTUALIZAR PAGOS · AUTO] 🧹 Sesión guardada eliminada (auto-recuperación tras error: TimeoutError): datos/sesiones/sesion_semyt.json
[ACTUALIZAR PAGOS · AUTO] 🧹 Sesión guardada eliminada (auto-recuperación tras error: TimeoutError): datos/sesiones/sesion_sigi.json
ℹ El log detallado de esta corrida no se conservó en disco (no se llegó a subir ningún archivo).
❌ [Automático] 'pagos' falló (intento 2 de 4). Se reintenta a las 04:03.
🤖 [Automático] Es hora de actualizar pagos (reintento 2 de 3). Arrancando...
[ACTUALIZAR PAGOS · AUTO] === Inicio de ejecución: pagos ===
[ACTUALIZAR PAGOS · AUTO] ==================================================
[ACTUALIZAR PAGOS · AUTO] 🚀 PASO: LoginSEMyTPaso
[ACTUALIZAR PAGOS · AUTO] ==================================================
[ACTUALIZAR PAGOS · AUTO] Abriendo SEMyT...
[ACTUALIZAR PAGOS · AUTO] ❌ [SEMyT] No hay sesión activa. Iniciando login...
[ACTUALIZAR PAGOS · AUTO] ✅ [SEMyT] Login completado.
[ACTUALIZAR PAGOS · AUTO] ✅ LoginSEMyTPaso finalizado. (⏱ 2.8s)
[ACTUALIZAR PAGOS · AUTO] ==================================================
[ACTUALIZAR PAGOS · AUTO] 🚀 PASO: LoginSIGIPaso
[ACTUALIZAR PAGOS · AUTO] ==================================================
[ACTUALIZAR PAGOS · AUTO] Abriendo sitio municipalidad (CiDi)...
[ACTUALIZAR PAGOS · AUTO] ❌ [SIGI] No hay sesión activa. Iniciando login CiDi...
[ACTUALIZAR PAGOS · AUTO] ❌ === ERROR: TimeoutError: Locator.click: Timeout 30000ms exceeded.
[ACTUALIZAR PAGOS · AUTO] Call log:
[ACTUALIZAR PAGOS · AUTO]   - waiting for get_by_role("button", name="Ingresar con CiDi").first
[ACTUALIZAR PAGOS · AUTO]     - locator resolved to <button type="button" class="rounded-full bg-white/10 px-5 py-2 text-sm font-semibold text-white shadow-sm transition hover:bg-white/20">Ingresar con CiDi</button>
[ACTUALIZAR PAGOS · AUTO]   - attempting click action
[ACTUALIZAR PAGOS · AUTO]     - waiting for element to be visible, enabled and stable
[ACTUALIZAR PAGOS · AUTO]     - element is visible, enabled and stable
[ACTUALIZAR PAGOS · AUTO]     - scrolling into view if needed
[ACTUALIZAR PAGOS · AUTO]     - done scrolling
[ACTUALIZAR PAGOS · AUTO]     - performing click action
[ACTUALIZAR PAGOS · AUTO]     - click action done
[ACTUALIZAR PAGOS · AUTO]     - waiting for scheduled navigations to finish
[ACTUALIZAR PAGOS · AUTO]  ===
[ACTUALIZAR PAGOS · AUTO] Traceback (most recent call last):
[ACTUALIZAR PAGOS · AUTO]   File "/Users/nicolascesolari/Proyectos/estacionamiento_medido/API-REST Payment/backend/orquestador/trabajador.py", line 119, in ejecutar_worker
[ACTUALIZAR PAGOS · AUTO]     contexto_resultado = asyncio.run(
[ACTUALIZAR PAGOS · AUTO]         asyncio.wait_for(
[ACTUALIZAR PAGOS · AUTO]     ...<2 lines>...
[ACTUALIZAR PAGOS · AUTO]         )
[ACTUALIZAR PAGOS · AUTO]     )
[ACTUALIZAR PAGOS · AUTO]   File "/Library/Frameworks/Python.framework/Versions/3.14/lib/python3.14/asyncio/runners.py", line 205, in run
[ACTUALIZAR PAGOS · AUTO]     return runner.run(main)
[ACTUALIZAR PAGOS · AUTO]            ~~~~~~~~~~^^^^^^
[ACTUALIZAR PAGOS · AUTO]   File "/Library/Frameworks/Python.framework/Versions/3.14/lib/python3.14/asyncio/runners.py", line 128, in run
[ACTUALIZAR PAGOS · AUTO]     return self._loop.run_until_complete(task)
[ACTUALIZAR PAGOS · AUTO]            ~~~~~~~~~~~~~~~~~~~~~~~~~~~~~^^^^^^
[ACTUALIZAR PAGOS · AUTO]   File "/Library/Frameworks/Python.framework/Versions/3.14/lib/python3.14/asyncio/base_events.py", line 719, in run_until_complete
[ACTUALIZAR PAGOS · AUTO]     return future.result()
[ACTUALIZAR PAGOS · AUTO]            ~~~~~~~~~~~~~^^
[ACTUALIZAR PAGOS · AUTO]   File "/Library/Frameworks/Python.framework/Versions/3.14/lib/python3.14/asyncio/tasks.py", line 488, in wait_for
[ACTUALIZAR PAGOS · AUTO]     return await fut
[ACTUALIZAR PAGOS · AUTO]            ^^^^^^^^^
[ACTUALIZAR PAGOS · AUTO]   File "/Users/nicolascesolari/Proyectos/estacionamiento_medido/API-REST Payment/backend/orquestador/trabajador.py", line 189, in _correr_tipo
[ACTUALIZAR PAGOS · AUTO]     return await PagosWorkflow(navegador).ejecutar(archivo_fn=archivo_creado, cerrar_navegador_al_final=False)
[ACTUALIZAR PAGOS · AUTO]            ^^^^^^^^^^^^^^^^^^^^^^^^^^^^^^^^^^^^^^^^^^^^^^^^^^^^^^^^^^^^^^^^^^^^^^^^^^^^^^^^^^^^^^^^^^^^^^^^^^^
[ACTUALIZAR PAGOS · AUTO]   File "/Users/nicolascesolari/Proyectos/estacionamiento_medido/API-REST Payment/backend/workflows/workflow_base.py", line 38, in ejecutar
[ACTUALIZAR PAGOS · AUTO]     await paso.ejecutar(contexto)
[ACTUALIZAR PAGOS · AUTO]   File "/Users/nicolascesolari/Proyectos/estacionamiento_medido/API-REST Payment/backend/pasos/login_sigi_paso.py", line 27, in ejecutar
[ACTUALIZAR PAGOS · AUTO]     await autenticacion.asegurar_sesion_sigi(credenciales, config.ROL_A_SELECCIONAR)
[ACTUALIZAR PAGOS · AUTO]   File "/Users/nicolascesolari/Proyectos/estacionamiento_medido/API-REST Payment/backend/services/autenticacion_service.py", line 33, in asegurar_sesion_sigi
[ACTUALIZAR PAGOS · AUTO]     await self.login_page.iniciar_sesion_sigi_cidi(credenciales, rol)
[ACTUALIZAR PAGOS · AUTO]   File "/Users/nicolascesolari/Proyectos/estacionamiento_medido/API-REST Payment/backend/pages/login_page.py", line 115, in iniciar_sesion_sigi_cidi
[ACTUALIZAR PAGOS · AUTO]     await boton_cidi.first.click()
[ACTUALIZAR PAGOS · AUTO]   File "/Library/Frameworks/Python.framework/Versions/3.14/lib/python3.14/site-packages/playwright/async_api/_generated.py", line 17449, in click
[ACTUALIZAR PAGOS · AUTO]     await self._impl_obj.click(
[ACTUALIZAR PAGOS · AUTO]     ...<10 lines>...
[ACTUALIZAR PAGOS · AUTO]     )
[ACTUALIZAR PAGOS · AUTO]   File "/Library/Frameworks/Python.framework/Versions/3.14/lib/python3.14/site-packages/playwright/_impl/_locator.py", line 163, in click
[ACTUALIZAR PAGOS · AUTO]     return await self._frame._click(self._selector, strict=True, **params)
[ACTUALIZAR PAGOS · AUTO]            ^^^^^^^^^^^^^^^^^^^^^^^^^^^^^^^^^^^^^^^^^^^^^^^^^^^^^^^^^^^^^^^
[ACTUALIZAR PAGOS · AUTO]   File "/Library/Frameworks/Python.framework/Versions/3.14/lib/python3.14/site-packages/playwright/_impl/_frame.py", line 569, in _click
[ACTUALIZAR PAGOS · AUTO]     await self._channel.send("click", self._timeout, locals_to_params(locals()))
[ACTUALIZAR PAGOS · AUTO]   File "/Library/Frameworks/Python.framework/Versions/3.14/lib/python3.14/site-packages/playwright/_impl/_connection.py", line 69, in send
[ACTUALIZAR PAGOS · AUTO]     return await self._connection.wrap_api_call(
[ACTUALIZAR PAGOS · AUTO]            ^^^^^^^^^^^^^^^^^^^^^^^^^^^^^^^^^^^^^
[ACTUALIZAR PAGOS · AUTO]     ...<3 lines>...
[ACTUALIZAR PAGOS · AUTO]     )
[ACTUALIZAR PAGOS · AUTO]     ^
[ACTUALIZAR PAGOS · AUTO]   File "/Library/Frameworks/Python.framework/Versions/3.14/lib/python3.14/site-packages/playwright/_impl/_connection.py", line 559, in wrap_api_call
[ACTUALIZAR PAGOS · AUTO]     raise rewrite_error(error, f"{parsed_st['apiName']}: {error}") from None
[ACTUALIZAR PAGOS · AUTO] playwright._impl._errors.TimeoutError: Locator.click: Timeout 30000ms exceeded.
[ACTUALIZAR PAGOS · AUTO] Call log:
[ACTUALIZAR PAGOS · AUTO]   - waiting for get_by_role("button", name="Ingresar con CiDi").first
[ACTUALIZAR PAGOS · AUTO]     - locator resolved to <button type="button" class="rounded-full bg-white/10 px-5 py-2 text-sm font-semibold text-white shadow-sm transition hover:bg-white/20">Ingresar con CiDi</button>
[ACTUALIZAR PAGOS · AUTO]   - attempting click action
[ACTUALIZAR PAGOS · AUTO]     - waiting for element to be visible, enabled and stable
[ACTUALIZAR PAGOS · AUTO]     - element is visible, enabled and stable
[ACTUALIZAR PAGOS · AUTO]     - scrolling into view if needed
[ACTUALIZAR PAGOS · AUTO]     - done scrolling
[ACTUALIZAR PAGOS · AUTO]     - performing click action
[ACTUALIZAR PAGOS · AUTO]     - click action done
[ACTUALIZAR PAGOS · AUTO]     - waiting for scheduled navigations to finish
[ACTUALIZAR PAGOS · AUTO] 🧹 Sesión guardada eliminada (auto-recuperación tras error: TimeoutError): datos/sesiones/sesion_general.json
[ACTUALIZAR PAGOS · AUTO] 🧹 Sesión guardada eliminada (auto-recuperación tras error: TimeoutError): datos/sesiones/sesion_semyt.json
ℹ El log detallado de esta corrida no se conservó en disco (no se llegó a subir ningún archivo).
❌ [Automático] 'pagos' falló (intento 3 de 4). Se reintenta a las 04:38.
🤖 [Automático] Es hora de actualizar pagos (reintento 3 de 3). Arrancando...
[ACTUALIZAR PAGOS · AUTO] === Inicio de ejecución: pagos ===
[ACTUALIZAR PAGOS · AUTO] ==================================================
[ACTUALIZAR PAGOS · AUTO] 🚀 PASO: LoginSEMyTPaso
[ACTUALIZAR PAGOS · AUTO] ==================================================
[ACTUALIZAR PAGOS · AUTO] Abriendo SEMyT...
[ACTUALIZAR PAGOS · AUTO] ❌ [SEMyT] No hay sesión activa. Iniciando login...
[ACTUALIZAR PAGOS · AUTO] ✅ [SEMyT] Login completado.
[ACTUALIZAR PAGOS · AUTO] ✅ LoginSEMyTPaso finalizado. (⏱ 2.8s)
[ACTUALIZAR PAGOS · AUTO] ==================================================
[ACTUALIZAR PAGOS · AUTO] 🚀 PASO: LoginSIGIPaso
[ACTUALIZAR PAGOS · AUTO] ==================================================
[ACTUALIZAR PAGOS · AUTO] Abriendo sitio municipalidad (CiDi)...
[ACTUALIZAR PAGOS · AUTO] ❌ [SIGI] No hay sesión activa. Iniciando login CiDi...
[ACTUALIZAR PAGOS · AUTO] ✅ [SIGI] Login completado.
[ACTUALIZAR PAGOS · AUTO] ✅ LoginSIGIPaso finalizado. (⏱ 8.4s)
[ACTUALIZAR PAGOS · AUTO] ==================================================
[ACTUALIZAR PAGOS · AUTO] 🚀 PASO: DescargasParalelasPaso
[ACTUALIZAR PAGOS · AUTO] ==================================================
[ACTUALIZAR PAGOS · AUTO] ❌ === ERROR: TimeoutError: Page.goto: Timeout 60000ms exceeded.
[ACTUALIZAR PAGOS · AUTO] Call log:
[ACTUALIZAR PAGOS · AUTO]   - navigating to "https://ciudad.villamaria.gob.ar/#/inicio", waiting until "domcontentloaded"
[ACTUALIZAR PAGOS · AUTO]  ===
[ACTUALIZAR PAGOS · AUTO] Traceback (most recent call last):
[ACTUALIZAR PAGOS · AUTO]   File "/Users/nicolascesolari/Proyectos/estacionamiento_medido/API-REST Payment/backend/orquestador/trabajador.py", line 119, in ejecutar_worker
[ACTUALIZAR PAGOS · AUTO]     contexto_resultado = asyncio.run(
[ACTUALIZAR PAGOS · AUTO]         asyncio.wait_for(
[ACTUALIZAR PAGOS · AUTO]     ...<2 lines>...
[ACTUALIZAR PAGOS · AUTO]         )
[ACTUALIZAR PAGOS · AUTO]     )
[ACTUALIZAR PAGOS · AUTO]   File "/Library/Frameworks/Python.framework/Versions/3.14/lib/python3.14/asyncio/runners.py", line 205, in run
[ACTUALIZAR PAGOS · AUTO]     return runner.run(main)
[ACTUALIZAR PAGOS · AUTO]            ~~~~~~~~~~^^^^^^
[ACTUALIZAR PAGOS · AUTO]   File "/Library/Frameworks/Python.framework/Versions/3.14/lib/python3.14/asyncio/runners.py", line 128, in run
[ACTUALIZAR PAGOS · AUTO]     return self._loop.run_until_complete(task)
[ACTUALIZAR PAGOS · AUTO]            ~~~~~~~~~~~~~~~~~~~~~~~~~~~~~^^^^^^
[ACTUALIZAR PAGOS · AUTO]   File "/Library/Frameworks/Python.framework/Versions/3.14/lib/python3.14/asyncio/base_events.py", line 719, in run_until_complete
[ACTUALIZAR PAGOS · AUTO]     return future.result()
[ACTUALIZAR PAGOS · AUTO]            ~~~~~~~~~~~~~^^
[ACTUALIZAR PAGOS · AUTO]   File "/Library/Frameworks/Python.framework/Versions/3.14/lib/python3.14/asyncio/tasks.py", line 488, in wait_for
[ACTUALIZAR PAGOS · AUTO]     return await fut
[ACTUALIZAR PAGOS · AUTO]            ^^^^^^^^^
[ACTUALIZAR PAGOS · AUTO]   File "/Users/nicolascesolari/Proyectos/estacionamiento_medido/API-REST Payment/backend/orquestador/trabajador.py", line 189, in _correr_tipo
[ACTUALIZAR PAGOS · AUTO]     return await PagosWorkflow(navegador).ejecutar(archivo_fn=archivo_creado, cerrar_navegador_al_final=False)
[ACTUALIZAR PAGOS · AUTO]            ^^^^^^^^^^^^^^^^^^^^^^^^^^^^^^^^^^^^^^^^^^^^^^^^^^^^^^^^^^^^^^^^^^^^^^^^^^^^^^^^^^^^^^^^^^^^^^^^^^^
[ACTUALIZAR PAGOS · AUTO]   File "/Users/nicolascesolari/Proyectos/estacionamiento_medido/API-REST Payment/backend/workflows/workflow_base.py", line 38, in ejecutar
[ACTUALIZAR PAGOS · AUTO]     await paso.ejecutar(contexto)
[ACTUALIZAR PAGOS · AUTO]   File "/Users/nicolascesolari/Proyectos/estacionamiento_medido/API-REST Payment/backend/pasos/descargas_paralelas_paso.py", line 45, in ejecutar
[ACTUALIZAR PAGOS · AUTO]     await pagina_semyt_viejas.goto(url_inicio_semyt, wait_until="domcontentloaded", timeout=60000)
[ACTUALIZAR PAGOS · AUTO]   File "/Library/Frameworks/Python.framework/Versions/3.14/lib/python3.14/site-packages/playwright/async_api/_generated.py", line 9611, in goto
[ACTUALIZAR PAGOS · AUTO]     await self._impl_obj.goto(
[ACTUALIZAR PAGOS · AUTO]     ...<4 lines>...
[ACTUALIZAR PAGOS · AUTO]     )
[ACTUALIZAR PAGOS · AUTO]   File "/Library/Frameworks/Python.framework/Versions/3.14/lib/python3.14/site-packages/playwright/_impl/_page.py", line 557, in goto
[ACTUALIZAR PAGOS · AUTO]     return await self._main_frame.goto(**locals_to_params(locals()))
[ACTUALIZAR PAGOS · AUTO]            ^^^^^^^^^^^^^^^^^^^^^^^^^^^^^^^^^^^^^^^^^^^^^^^^^^^^^^^^^
[ACTUALIZAR PAGOS · AUTO]   File "/Library/Frameworks/Python.framework/Versions/3.14/lib/python3.14/site-packages/playwright/_impl/_frame.py", line 156, in goto
[ACTUALIZAR PAGOS · AUTO]     await self._channel.send(
[ACTUALIZAR PAGOS · AUTO]         "goto", self._navigation_timeout, locals_to_params(locals())
[ACTUALIZAR PAGOS · AUTO]     )
[ACTUALIZAR PAGOS · AUTO]   File "/Library/Frameworks/Python.framework/Versions/3.14/lib/python3.14/site-packages/playwright/_impl/_connection.py", line 69, in send
[ACTUALIZAR PAGOS · AUTO]     return await self._connection.wrap_api_call(
[ACTUALIZAR PAGOS · AUTO]            ^^^^^^^^^^^^^^^^^^^^^^^^^^^^^^^^^^^^^
[ACTUALIZAR PAGOS · AUTO]     ...<3 lines>...
[ACTUALIZAR PAGOS · AUTO]     )
[ACTUALIZAR PAGOS · AUTO]     ^
[ACTUALIZAR PAGOS · AUTO]   File "/Library/Frameworks/Python.framework/Versions/3.14/lib/python3.14/site-packages/playwright/_impl/_connection.py", line 559, in wrap_api_call
[ACTUALIZAR PAGOS · AUTO]     raise rewrite_error(error, f"{parsed_st['apiName']}: {error}") from None
[ACTUALIZAR PAGOS · AUTO] playwright._impl._errors.TimeoutError: Page.goto: Timeout 60000ms exceeded.
[ACTUALIZAR PAGOS · AUTO] Call log:
[ACTUALIZAR PAGOS · AUTO]   - navigating to "https://ciudad.villamaria.gob.ar/#/inicio", waiting until "domcontentloaded"
[ACTUALIZAR PAGOS · AUTO] 🧹 Sesión guardada eliminada (auto-recuperación tras error: TimeoutError): datos/sesiones/sesion_general.json
[ACTUALIZAR PAGOS · AUTO] 🧹 Sesión guardada eliminada (auto-recuperación tras error: TimeoutError): datos/sesiones/sesion_semyt.json
[ACTUALIZAR PAGOS · AUTO] 🧹 Sesión guardada eliminada (auto-recuperación tras error: TimeoutError): datos/sesiones/sesion_sigi.json
ℹ El log detallado de esta corrida no se conservó en disco (no se llegó a subir ningún archivo).
❌ [Automático] 'pagos' falló 4 veces seguidas (actualizar pagos). Se dejan de reintentar por ahora; revisá el log de esa ejecución para ver el detalle del error. Se retoma en el horario normal.
🤖 [Automático] Es hora de actualizar pagos. Arrancando...
[ACTUALIZAR PAGOS · AUTO] === Inicio de ejecución: pagos ===
[ACTUALIZAR PAGOS · AUTO] ==================================================
[ACTUALIZAR PAGOS · AUTO] 🚀 PASO: LoginSEMyTPaso
[ACTUALIZAR PAGOS · AUTO] ==================================================
[ACTUALIZAR PAGOS · AUTO] Abriendo SEMyT...
[ACTUALIZAR PAGOS · AUTO] ❌ [SEMyT] No hay sesión activa. Iniciando login...
[ACTUALIZAR PAGOS · AUTO] ✅ [SEMyT] Login completado.
[ACTUALIZAR PAGOS · AUTO] ✅ LoginSEMyTPaso finalizado. (⏱ 3.0s)
[ACTUALIZAR PAGOS · AUTO] ==================================================
[ACTUALIZAR PAGOS · AUTO] 🚀 PASO: LoginSIGIPaso
[ACTUALIZAR PAGOS · AUTO] ==================================================
[ACTUALIZAR PAGOS · AUTO] Abriendo sitio municipalidad (CiDi)...
[ACTUALIZAR PAGOS · AUTO] ❌ [SIGI] No hay sesión activa. Iniciando login CiDi...
[ACTUALIZAR PAGOS · AUTO] ❌ === ERROR: TimeoutError: Locator.click: Timeout 30000ms exceeded.
[ACTUALIZAR PAGOS · AUTO] Call log:
[ACTUALIZAR PAGOS · AUTO]   - waiting for get_by_role("button", name="Ingresar con CiDi").first
[ACTUALIZAR PAGOS · AUTO]     - locator resolved to <button type="button" class="rounded-full bg-white/10 px-5 py-2 text-sm font-semibold text-white shadow-sm transition hover:bg-white/20">Ingresar con CiDi</button>
[ACTUALIZAR PAGOS · AUTO]   - attempting click action
[ACTUALIZAR PAGOS · AUTO]     - waiting for element to be visible, enabled and stable
[ACTUALIZAR PAGOS · AUTO]     - element is visible, enabled and stable
[ACTUALIZAR PAGOS · AUTO]     - scrolling into view if needed
[ACTUALIZAR PAGOS · AUTO]     - done scrolling
[ACTUALIZAR PAGOS · AUTO]     - performing click action
[ACTUALIZAR PAGOS · AUTO]     - click action done
[ACTUALIZAR PAGOS · AUTO]     - waiting for scheduled navigations to finish
[ACTUALIZAR PAGOS · AUTO]  ===
[ACTUALIZAR PAGOS · AUTO] Traceback (most recent call last):
[ACTUALIZAR PAGOS · AUTO]   File "/Users/nicolascesolari/Proyectos/estacionamiento_medido/API-REST Payment/backend/orquestador/trabajador.py", line 119, in ejecutar_worker
[ACTUALIZAR PAGOS · AUTO]     contexto_resultado = asyncio.run(
[ACTUALIZAR PAGOS · AUTO]         asyncio.wait_for(
[ACTUALIZAR PAGOS · AUTO]     ...<2 lines>...
[ACTUALIZAR PAGOS · AUTO]         )
[ACTUALIZAR PAGOS · AUTO]     )
[ACTUALIZAR PAGOS · AUTO]   File "/Library/Frameworks/Python.framework/Versions/3.14/lib/python3.14/asyncio/runners.py", line 205, in run
[ACTUALIZAR PAGOS · AUTO]     return runner.run(main)
[ACTUALIZAR PAGOS · AUTO]            ~~~~~~~~~~^^^^^^
[ACTUALIZAR PAGOS · AUTO]   File "/Library/Frameworks/Python.framework/Versions/3.14/lib/python3.14/asyncio/runners.py", line 128, in run
[ACTUALIZAR PAGOS · AUTO]     return self._loop.run_until_complete(task)
[ACTUALIZAR PAGOS · AUTO]            ~~~~~~~~~~~~~~~~~~~~~~~~~~~~~^^^^^^
[ACTUALIZAR PAGOS · AUTO]   File "/Library/Frameworks/Python.framework/Versions/3.14/lib/python3.14/asyncio/base_events.py", line 719, in run_until_complete
[ACTUALIZAR PAGOS · AUTO]     return future.result()
[ACTUALIZAR PAGOS · AUTO]            ~~~~~~~~~~~~~^^
[ACTUALIZAR PAGOS · AUTO]   File "/Library/Frameworks/Python.framework/Versions/3.14/lib/python3.14/asyncio/tasks.py", line 488, in wait_for
[ACTUALIZAR PAGOS · AUTO]     return await fut
[ACTUALIZAR PAGOS · AUTO]            ^^^^^^^^^
[ACTUALIZAR PAGOS · AUTO]   File "/Users/nicolascesolari/Proyectos/estacionamiento_medido/API-REST Payment/backend/orquestador/trabajador.py", line 189, in _correr_tipo
[ACTUALIZAR PAGOS · AUTO]     return await PagosWorkflow(navegador).ejecutar(archivo_fn=archivo_creado, cerrar_navegador_al_final=False)
[ACTUALIZAR PAGOS · AUTO]            ^^^^^^^^^^^^^^^^^^^^^^^^^^^^^^^^^^^^^^^^^^^^^^^^^^^^^^^^^^^^^^^^^^^^^^^^^^^^^^^^^^^^^^^^^^^^^^^^^^^
[ACTUALIZAR PAGOS · AUTO]   File "/Users/nicolascesolari/Proyectos/estacionamiento_medido/API-REST Payment/backend/workflows/workflow_base.py", line 38, in ejecutar
[ACTUALIZAR PAGOS · AUTO]     await paso.ejecutar(contexto)
[ACTUALIZAR PAGOS · AUTO]   File "/Users/nicolascesolari/Proyectos/estacionamiento_medido/API-REST Payment/backend/pasos/login_sigi_paso.py", line 27, in ejecutar
[ACTUALIZAR PAGOS · AUTO]     await autenticacion.asegurar_sesion_sigi(credenciales, config.ROL_A_SELECCIONAR)
[ACTUALIZAR PAGOS · AUTO]   File "/Users/nicolascesolari/Proyectos/estacionamiento_medido/API-REST Payment/backend/services/autenticacion_service.py", line 33, in asegurar_sesion_sigi
[ACTUALIZAR PAGOS · AUTO]     await self.login_page.iniciar_sesion_sigi_cidi(credenciales, rol)
[ACTUALIZAR PAGOS · AUTO]   File "/Users/nicolascesolari/Proyectos/estacionamiento_medido/API-REST Payment/backend/pages/login_page.py", line 115, in iniciar_sesion_sigi_cidi
[ACTUALIZAR PAGOS · AUTO]     await boton_cidi.first.click()
[ACTUALIZAR PAGOS · AUTO]   File "/Library/Frameworks/Python.framework/Versions/3.14/lib/python3.14/site-packages/playwright/async_api/_generated.py", line 17449, in click
[ACTUALIZAR PAGOS · AUTO]     await self._impl_obj.click(
[ACTUALIZAR PAGOS · AUTO]     ...<10 lines>...
[ACTUALIZAR PAGOS · AUTO]     )
[ACTUALIZAR PAGOS · AUTO]   File "/Library/Frameworks/Python.framework/Versions/3.14/lib/python3.14/site-packages/playwright/_impl/_locator.py", line 163, in click
[ACTUALIZAR PAGOS · AUTO]     return await self._frame._click(self._selector, strict=True, **params)
[ACTUALIZAR PAGOS · AUTO]            ^^^^^^^^^^^^^^^^^^^^^^^^^^^^^^^^^^^^^^^^^^^^^^^^^^^^^^^^^^^^^^^
[ACTUALIZAR PAGOS · AUTO]   File "/Library/Frameworks/Python.framework/Versions/3.14/lib/python3.14/site-packages/playwright/_impl/_frame.py", line 569, in _click
[ACTUALIZAR PAGOS · AUTO]     await self._channel.send("click", self._timeout, locals_to_params(locals()))
[ACTUALIZAR PAGOS · AUTO]   File "/Library/Frameworks/Python.framework/Versions/3.14/lib/python3.14/site-packages/playwright/_impl/_connection.py", line 69, in send
[ACTUALIZAR PAGOS · AUTO]     return await self._connection.wrap_api_call(
[ACTUALIZAR PAGOS · AUTO]            ^^^^^^^^^^^^^^^^^^^^^^^^^^^^^^^^^^^^^
[ACTUALIZAR PAGOS · AUTO]     ...<3 lines>...
[ACTUALIZAR PAGOS · AUTO]     )
[ACTUALIZAR PAGOS · AUTO]     ^
[ACTUALIZAR PAGOS · AUTO]   File "/Library/Frameworks/Python.framework/Versions/3.14/lib/python3.14/site-packages/playwright/_impl/_connection.py", line 559, in wrap_api_call
[ACTUALIZAR PAGOS · AUTO]     raise rewrite_error(error, f"{parsed_st['apiName']}: {error}") from None
[ACTUALIZAR PAGOS · AUTO] playwright._impl._errors.TimeoutError: Locator.click: Timeout 30000ms exceeded.
[ACTUALIZAR PAGOS · AUTO] Call log:
[ACTUALIZAR PAGOS · AUTO]   - waiting for get_by_role("button", name="Ingresar con CiDi").first
[ACTUALIZAR PAGOS · AUTO]     - locator resolved to <button type="button" class="rounded-full bg-white/10 px-5 py-2 text-sm font-semibold text-white shadow-sm transition hover:bg-white/20">Ingresar con CiDi</button>
[ACTUALIZAR PAGOS · AUTO]   - attempting click action
[ACTUALIZAR PAGOS · AUTO]     - waiting for element to be visible, enabled and stable
[ACTUALIZAR PAGOS · AUTO]     - element is visible, enabled and stable
[ACTUALIZAR PAGOS · AUTO]     - scrolling into view if needed
[ACTUALIZAR PAGOS · AUTO]     - done scrolling
[ACTUALIZAR PAGOS · AUTO]     - performing click action
[ACTUALIZAR PAGOS · AUTO]     - click action done
[ACTUALIZAR PAGOS · AUTO]     - waiting for scheduled navigations to finish
[ACTUALIZAR PAGOS · AUTO] 🧹 Sesión guardada eliminada (auto-recuperación tras error: TimeoutError): datos/sesiones/sesion_general.json
[ACTUALIZAR PAGOS · AUTO] 🧹 Sesión guardada eliminada (auto-recuperación tras error: TimeoutError): datos/sesiones/sesion_semyt.json
ℹ El log detallado de esta corrida no se conservó en disco (no se llegó a subir ningún archivo).
❌ [Automático] 'pagos' falló (intento 1 de 4). Se reintenta a las 04:53.
🤖 [Automático] Es hora de actualizar pagos (reintento 1 de 3). Arrancando...
[ACTUALIZAR PAGOS · AUTO] === Inicio de ejecución: pagos ===
[ACTUALIZAR PAGOS · AUTO] ==================================================
[ACTUALIZAR PAGOS · AUTO] 🚀 PASO: LoginSEMyTPaso
[ACTUALIZAR PAGOS · AUTO] ==================================================
[ACTUALIZAR PAGOS · AUTO] Abriendo SEMyT...
[ACTUALIZAR PAGOS · AUTO] ❌ [SEMyT] No hay sesión activa. Iniciando login...
[ACTUALIZAR PAGOS · AUTO] ✅ [SEMyT] Login completado.
[ACTUALIZAR PAGOS · AUTO] ✅ LoginSEMyTPaso finalizado. (⏱ 2.7s)
[ACTUALIZAR PAGOS · AUTO] ==================================================
[ACTUALIZAR PAGOS · AUTO] 🚀 PASO: LoginSIGIPaso
[ACTUALIZAR PAGOS · AUTO] ==================================================
[ACTUALIZAR PAGOS · AUTO] Abriendo sitio municipalidad (CiDi)...
[ACTUALIZAR PAGOS · AUTO] ❌ === ERROR: TimeoutError: Page.goto: Timeout 60000ms exceeded.
[ACTUALIZAR PAGOS · AUTO] Call log:
[ACTUALIZAR PAGOS · AUTO]   - navigating to "https://juzgado.villamaria.gob.ar/", waiting until "domcontentloaded"
[ACTUALIZAR PAGOS · AUTO]  ===
[ACTUALIZAR PAGOS · AUTO] Traceback (most recent call last):
[ACTUALIZAR PAGOS · AUTO]   File "/Users/nicolascesolari/Proyectos/estacionamiento_medido/API-REST Payment/backend/orquestador/trabajador.py", line 119, in ejecutar_worker
[ACTUALIZAR PAGOS · AUTO]     contexto_resultado = asyncio.run(
[ACTUALIZAR PAGOS · AUTO]         asyncio.wait_for(
[ACTUALIZAR PAGOS · AUTO]     ...<2 lines>...
[ACTUALIZAR PAGOS · AUTO]         )
[ACTUALIZAR PAGOS · AUTO]     )
[ACTUALIZAR PAGOS · AUTO]   File "/Library/Frameworks/Python.framework/Versions/3.14/lib/python3.14/asyncio/runners.py", line 205, in run
[ACTUALIZAR PAGOS · AUTO]     return runner.run(main)
[ACTUALIZAR PAGOS · AUTO]            ~~~~~~~~~~^^^^^^
[ACTUALIZAR PAGOS · AUTO]   File "/Library/Frameworks/Python.framework/Versions/3.14/lib/python3.14/asyncio/runners.py", line 128, in run
[ACTUALIZAR PAGOS · AUTO]     return self._loop.run_until_complete(task)
[ACTUALIZAR PAGOS · AUTO]            ~~~~~~~~~~~~~~~~~~~~~~~~~~~~~^^^^^^
[ACTUALIZAR PAGOS · AUTO]   File "/Library/Frameworks/Python.framework/Versions/3.14/lib/python3.14/asyncio/base_events.py", line 719, in run_until_complete
[ACTUALIZAR PAGOS · AUTO]     return future.result()
[ACTUALIZAR PAGOS · AUTO]            ~~~~~~~~~~~~~^^
[ACTUALIZAR PAGOS · AUTO]   File "/Library/Frameworks/Python.framework/Versions/3.14/lib/python3.14/asyncio/tasks.py", line 488, in wait_for
[ACTUALIZAR PAGOS · AUTO]     return await fut
[ACTUALIZAR PAGOS · AUTO]            ^^^^^^^^^
[ACTUALIZAR PAGOS · AUTO]   File "/Users/nicolascesolari/Proyectos/estacionamiento_medido/API-REST Payment/backend/orquestador/trabajador.py", line 189, in _correr_tipo
[ACTUALIZAR PAGOS · AUTO]     return await PagosWorkflow(navegador).ejecutar(archivo_fn=archivo_creado, cerrar_navegador_al_final=False)
[ACTUALIZAR PAGOS · AUTO]            ^^^^^^^^^^^^^^^^^^^^^^^^^^^^^^^^^^^^^^^^^^^^^^^^^^^^^^^^^^^^^^^^^^^^^^^^^^^^^^^^^^^^^^^^^^^^^^^^^^^
[ACTUALIZAR PAGOS · AUTO]   File "/Users/nicolascesolari/Proyectos/estacionamiento_medido/API-REST Payment/backend/workflows/workflow_base.py", line 38, in ejecutar
[ACTUALIZAR PAGOS · AUTO]     await paso.ejecutar(contexto)
[ACTUALIZAR PAGOS · AUTO]   File "/Users/nicolascesolari/Proyectos/estacionamiento_medido/API-REST Payment/backend/pasos/login_sigi_paso.py", line 27, in ejecutar
[ACTUALIZAR PAGOS · AUTO]     await autenticacion.asegurar_sesion_sigi(credenciales, config.ROL_A_SELECCIONAR)
[ACTUALIZAR PAGOS · AUTO]   File "/Users/nicolascesolari/Proyectos/estacionamiento_medido/API-REST Payment/backend/services/autenticacion_service.py", line 28, in asegurar_sesion_sigi
[ACTUALIZAR PAGOS · AUTO]     await self.login_page.abrir_sigi_login()
[ACTUALIZAR PAGOS · AUTO]   File "/Users/nicolascesolari/Proyectos/estacionamiento_medido/API-REST Payment/backend/pages/login_page.py", line 90, in abrir_sigi_login
[ACTUALIZAR PAGOS · AUTO]     await self.page.goto(rutas.SIGI_LOGIN, wait_until="domcontentloaded", timeout=60000)
[ACTUALIZAR PAGOS · AUTO]   File "/Library/Frameworks/Python.framework/Versions/3.14/lib/python3.14/site-packages/playwright/async_api/_generated.py", line 9611, in goto
[ACTUALIZAR PAGOS · AUTO]     await self._impl_obj.goto(
[ACTUALIZAR PAGOS · AUTO]     ...<4 lines>...
[ACTUALIZAR PAGOS · AUTO]     )
[ACTUALIZAR PAGOS · AUTO]   File "/Library/Frameworks/Python.framework/Versions/3.14/lib/python3.14/site-packages/playwright/_impl/_page.py", line 557, in goto
[ACTUALIZAR PAGOS · AUTO]     return await self._main_frame.goto(**locals_to_params(locals()))
[ACTUALIZAR PAGOS · AUTO]            ^^^^^^^^^^^^^^^^^^^^^^^^^^^^^^^^^^^^^^^^^^^^^^^^^^^^^^^^^
[ACTUALIZAR PAGOS · AUTO]   File "/Library/Frameworks/Python.framework/Versions/3.14/lib/python3.14/site-packages/playwright/_impl/_frame.py", line 156, in goto
[ACTUALIZAR PAGOS · AUTO]     await self._channel.send(
[ACTUALIZAR PAGOS · AUTO]         "goto", self._navigation_timeout, locals_to_params(locals())
[ACTUALIZAR PAGOS · AUTO]     )
[ACTUALIZAR PAGOS · AUTO]   File "/Library/Frameworks/Python.framework/Versions/3.14/lib/python3.14/site-packages/playwright/_impl/_connection.py", line 69, in send
[ACTUALIZAR PAGOS · AUTO]     return await self._connection.wrap_api_call(
[ACTUALIZAR PAGOS · AUTO]            ^^^^^^^^^^^^^^^^^^^^^^^^^^^^^^^^^^^^^
[ACTUALIZAR PAGOS · AUTO]     ...<3 lines>...
[ACTUALIZAR PAGOS · AUTO]     )
[ACTUALIZAR PAGOS · AUTO]     ^
[ACTUALIZAR PAGOS · AUTO]   File "/Library/Frameworks/Python.framework/Versions/3.14/lib/python3.14/site-packages/playwright/_impl/_connection.py", line 559, in wrap_api_call
[ACTUALIZAR PAGOS · AUTO]     raise rewrite_error(error, f"{parsed_st['apiName']}: {error}") from None
[ACTUALIZAR PAGOS · AUTO] playwright._impl._errors.TimeoutError: Page.goto: Timeout 60000ms exceeded.
[ACTUALIZAR PAGOS · AUTO] Call log:
[ACTUALIZAR PAGOS · AUTO]   - navigating to "https://juzgado.villamaria.gob.ar/", waiting until "domcontentloaded"
[ACTUALIZAR PAGOS · AUTO] 🧹 Sesión guardada eliminada (auto-recuperación tras error: TimeoutError): datos/sesiones/sesion_general.json
[ACTUALIZAR PAGOS · AUTO] 🧹 Sesión guardada eliminada (auto-recuperación tras error: TimeoutError): datos/sesiones/sesion_semyt.json
ℹ El log detallado de esta corrida no se conservó en disco (no se llegó a subir ningún archivo).
❌ [Automático] 'pagos' falló (intento 2 de 4). Se reintenta a las 05:10.
🤖 [Automático] Es hora de actualizar pagos (reintento 2 de 3). Arrancando...
[ACTUALIZAR PAGOS · AUTO] === Inicio de ejecución: pagos ===
[ACTUALIZAR PAGOS · AUTO] ==================================================
[ACTUALIZAR PAGOS · AUTO] 🚀 PASO: LoginSEMyTPaso
[ACTUALIZAR PAGOS · AUTO] ==================================================
[ACTUALIZAR PAGOS · AUTO] Abriendo SEMyT...
[ACTUALIZAR PAGOS · AUTO] ❌ === ERROR: TimeoutError: Page.goto: Timeout 60000ms exceeded.
[ACTUALIZAR PAGOS · AUTO] Call log:
[ACTUALIZAR PAGOS · AUTO]   - navigating to "https://ciudad.villamaria.gob.ar/#/inicio", waiting until "domcontentloaded"
[ACTUALIZAR PAGOS · AUTO]  ===
[ACTUALIZAR PAGOS · AUTO] Traceback (most recent call last):
[ACTUALIZAR PAGOS · AUTO]   File "/Users/nicolascesolari/Proyectos/estacionamiento_medido/API-REST Payment/backend/orquestador/trabajador.py", line 119, in ejecutar_worker
[ACTUALIZAR PAGOS · AUTO]     contexto_resultado = asyncio.run(
[ACTUALIZAR PAGOS · AUTO]         asyncio.wait_for(
[ACTUALIZAR PAGOS · AUTO]     ...<2 lines>...
[ACTUALIZAR PAGOS · AUTO]         )
[ACTUALIZAR PAGOS · AUTO]     )
[ACTUALIZAR PAGOS · AUTO]   File "/Library/Frameworks/Python.framework/Versions/3.14/lib/python3.14/asyncio/runners.py", line 205, in run
[ACTUALIZAR PAGOS · AUTO]     return runner.run(main)
[ACTUALIZAR PAGOS · AUTO]            ~~~~~~~~~~^^^^^^
[ACTUALIZAR PAGOS · AUTO]   File "/Library/Frameworks/Python.framework/Versions/3.14/lib/python3.14/asyncio/runners.py", line 128, in run
[ACTUALIZAR PAGOS · AUTO]     return self._loop.run_until_complete(task)
[ACTUALIZAR PAGOS · AUTO]            ~~~~~~~~~~~~~~~~~~~~~~~~~~~~~^^^^^^
[ACTUALIZAR PAGOS · AUTO]   File "/Library/Frameworks/Python.framework/Versions/3.14/lib/python3.14/asyncio/base_events.py", line 719, in run_until_complete
[ACTUALIZAR PAGOS · AUTO]     return future.result()
[ACTUALIZAR PAGOS · AUTO]            ~~~~~~~~~~~~~^^
[ACTUALIZAR PAGOS · AUTO]   File "/Library/Frameworks/Python.framework/Versions/3.14/lib/python3.14/asyncio/tasks.py", line 488, in wait_for
[ACTUALIZAR PAGOS · AUTO]     return await fut
[ACTUALIZAR PAGOS · AUTO]            ^^^^^^^^^
[ACTUALIZAR PAGOS · AUTO]   File "/Users/nicolascesolari/Proyectos/estacionamiento_medido/API-REST Payment/backend/orquestador/trabajador.py", line 189, in _correr_tipo
[ACTUALIZAR PAGOS · AUTO]     return await PagosWorkflow(navegador).ejecutar(archivo_fn=archivo_creado, cerrar_navegador_al_final=False)
[ACTUALIZAR PAGOS · AUTO]            ^^^^^^^^^^^^^^^^^^^^^^^^^^^^^^^^^^^^^^^^^^^^^^^^^^^^^^^^^^^^^^^^^^^^^^^^^^^^^^^^^^^^^^^^^^^^^^^^^^^
[ACTUALIZAR PAGOS · AUTO]   File "/Users/nicolascesolari/Proyectos/estacionamiento_medido/API-REST Payment/backend/workflows/workflow_base.py", line 38, in ejecutar
[ACTUALIZAR PAGOS · AUTO]     await paso.ejecutar(contexto)
[ACTUALIZAR PAGOS · AUTO]   File "/Users/nicolascesolari/Proyectos/estacionamiento_medido/API-REST Payment/backend/pasos/login_semyt_paso.py", line 26, in ejecutar
[ACTUALIZAR PAGOS · AUTO]     await login_page.abrir_semyt_con_sesion()
[ACTUALIZAR PAGOS · AUTO]   File "/Users/nicolascesolari/Proyectos/estacionamiento_medido/API-REST Payment/backend/pages/login_page.py", line 27, in abrir_semyt_con_sesion
[ACTUALIZAR PAGOS · AUTO]     await self.page.goto(self.url_inicio_semyt(), wait_until="domcontentloaded", timeout=60000)
[ACTUALIZAR PAGOS · AUTO]   File "/Library/Frameworks/Python.framework/Versions/3.14/lib/python3.14/site-packages/playwright/async_api/_generated.py", line 9611, in goto
[ACTUALIZAR PAGOS · AUTO]     await self._impl_obj.goto(
[ACTUALIZAR PAGOS · AUTO]     ...<4 lines>...
[ACTUALIZAR PAGOS · AUTO]     )
[ACTUALIZAR PAGOS · AUTO]   File "/Library/Frameworks/Python.framework/Versions/3.14/lib/python3.14/site-packages/playwright/_impl/_page.py", line 557, in goto
[ACTUALIZAR PAGOS · AUTO]     return await self._main_frame.goto(**locals_to_params(locals()))
[ACTUALIZAR PAGOS · AUTO]            ^^^^^^^^^^^^^^^^^^^^^^^^^^^^^^^^^^^^^^^^^^^^^^^^^^^^^^^^^
[ACTUALIZAR PAGOS · AUTO]   File "/Library/Frameworks/Python.framework/Versions/3.14/lib/python3.14/site-packages/playwright/_impl/_frame.py", line 156, in goto
[ACTUALIZAR PAGOS · AUTO]     await self._channel.send(
[ACTUALIZAR PAGOS · AUTO]         "goto", self._navigation_timeout, locals_to_params(locals())
[ACTUALIZAR PAGOS · AUTO]     )
[ACTUALIZAR PAGOS · AUTO]   File "/Library/Frameworks/Python.framework/Versions/3.14/lib/python3.14/site-packages/playwright/_impl/_connection.py", line 69, in send
[ACTUALIZAR PAGOS · AUTO]     return await self._connection.wrap_api_call(
[ACTUALIZAR PAGOS · AUTO]            ^^^^^^^^^^^^^^^^^^^^^^^^^^^^^^^^^^^^^
[ACTUALIZAR PAGOS · AUTO]     ...<3 lines>...
[ACTUALIZAR PAGOS · AUTO]     )
[ACTUALIZAR PAGOS · AUTO]     ^
[ACTUALIZAR PAGOS · AUTO]   File "/Library/Frameworks/Python.framework/Versions/3.14/lib/python3.14/site-packages/playwright/_impl/_connection.py", line 559, in wrap_api_call
[ACTUALIZAR PAGOS · AUTO]     raise rewrite_error(error, f"{parsed_st['apiName']}: {error}") from None
[ACTUALIZAR PAGOS · AUTO] playwright._impl._errors.TimeoutError: Page.goto: Timeout 60000ms exceeded.
[ACTUALIZAR PAGOS · AUTO] Call log:
[ACTUALIZAR PAGOS · AUTO]   - navigating to "https://ciudad.villamaria.gob.ar/#/inicio", waiting until "domcontentloaded"
ℹ El log detallado de esta corrida no se conservó en disco (no se llegó a subir ningún archivo).
❌ [Automático] 'pagos' falló (intento 3 de 4). Se reintenta a las 05:43.
🤖 [Automático] Es hora de actualizar pagos (reintento 3 de 3). Arrancando...
[ACTUALIZAR PAGOS · AUTO] === Inicio de ejecución: pagos ===
[ACTUALIZAR PAGOS · AUTO] ==================================================
[ACTUALIZAR PAGOS · AUTO] 🚀 PASO: LoginSEMyTPaso
[ACTUALIZAR PAGOS · AUTO] ==================================================
[ACTUALIZAR PAGOS · AUTO] Abriendo SEMyT...
[ACTUALIZAR PAGOS · AUTO] ❌ [SEMyT] No hay sesión activa. Iniciando login...
[ACTUALIZAR PAGOS · AUTO] ✅ [SEMyT] Login completado.
[ACTUALIZAR PAGOS · AUTO] ✅ LoginSEMyTPaso finalizado. (⏱ 2.7s)
[ACTUALIZAR PAGOS · AUTO] ==================================================
[ACTUALIZAR PAGOS · AUTO] 🚀 PASO: LoginSIGIPaso
[ACTUALIZAR PAGOS · AUTO] ==================================================
[ACTUALIZAR PAGOS · AUTO] Abriendo sitio municipalidad (CiDi)...
[ACTUALIZAR PAGOS · AUTO] ❌ [SIGI] No hay sesión activa. Iniciando login CiDi...
[ACTUALIZAR PAGOS · AUTO] ❌ === ERROR: TimeoutError: Locator.click: Timeout 30000ms exceeded.
[ACTUALIZAR PAGOS · AUTO] Call log:
[ACTUALIZAR PAGOS · AUTO]   - waiting for get_by_role("button", name="Ingresar con CiDi").first
[ACTUALIZAR PAGOS · AUTO]     - locator resolved to <button type="button" class="rounded-full bg-white/10 px-5 py-2 text-sm font-semibold text-white shadow-sm transition hover:bg-white/20">Ingresar con CiDi</button>
[ACTUALIZAR PAGOS · AUTO]   - attempting click action
[ACTUALIZAR PAGOS · AUTO]     - waiting for element to be visible, enabled and stable
[ACTUALIZAR PAGOS · AUTO]     - element is visible, enabled and stable
[ACTUALIZAR PAGOS · AUTO]     - scrolling into view if needed
[ACTUALIZAR PAGOS · AUTO]     - done scrolling
[ACTUALIZAR PAGOS · AUTO]     - performing click action
[ACTUALIZAR PAGOS · AUTO]     - click action done
[ACTUALIZAR PAGOS · AUTO]     - waiting for scheduled navigations to finish
[ACTUALIZAR PAGOS · AUTO]  ===
[ACTUALIZAR PAGOS · AUTO] Traceback (most recent call last):
[ACTUALIZAR PAGOS · AUTO]   File "/Users/nicolascesolari/Proyectos/estacionamiento_medido/API-REST Payment/backend/orquestador/trabajador.py", line 119, in ejecutar_worker
[ACTUALIZAR PAGOS · AUTO]     contexto_resultado = asyncio.run(
[ACTUALIZAR PAGOS · AUTO]         asyncio.wait_for(
[ACTUALIZAR PAGOS · AUTO]     ...<2 lines>...
[ACTUALIZAR PAGOS · AUTO]         )
[ACTUALIZAR PAGOS · AUTO]     )
[ACTUALIZAR PAGOS · AUTO]   File "/Library/Frameworks/Python.framework/Versions/3.14/lib/python3.14/asyncio/runners.py", line 205, in run
[ACTUALIZAR PAGOS · AUTO]     return runner.run(main)
[ACTUALIZAR PAGOS · AUTO]            ~~~~~~~~~~^^^^^^
[ACTUALIZAR PAGOS · AUTO]   File "/Library/Frameworks/Python.framework/Versions/3.14/lib/python3.14/asyncio/runners.py", line 128, in run
[ACTUALIZAR PAGOS · AUTO]     return self._loop.run_until_complete(task)
[ACTUALIZAR PAGOS · AUTO]            ~~~~~~~~~~~~~~~~~~~~~~~~~~~~~^^^^^^
[ACTUALIZAR PAGOS · AUTO]   File "/Library/Frameworks/Python.framework/Versions/3.14/lib/python3.14/asyncio/base_events.py", line 719, in run_until_complete
[ACTUALIZAR PAGOS · AUTO]     return future.result()
[ACTUALIZAR PAGOS · AUTO]            ~~~~~~~~~~~~~^^
[ACTUALIZAR PAGOS · AUTO]   File "/Library/Frameworks/Python.framework/Versions/3.14/lib/python3.14/asyncio/tasks.py", line 488, in wait_for
[ACTUALIZAR PAGOS · AUTO]     return await fut
[ACTUALIZAR PAGOS · AUTO]            ^^^^^^^^^
[ACTUALIZAR PAGOS · AUTO]   File "/Users/nicolascesolari/Proyectos/estacionamiento_medido/API-REST Payment/backend/orquestador/trabajador.py", line 189, in _correr_tipo
[ACTUALIZAR PAGOS · AUTO]     return await PagosWorkflow(navegador).ejecutar(archivo_fn=archivo_creado, cerrar_navegador_al_final=False)
[ACTUALIZAR PAGOS · AUTO]            ^^^^^^^^^^^^^^^^^^^^^^^^^^^^^^^^^^^^^^^^^^^^^^^^^^^^^^^^^^^^^^^^^^^^^^^^^^^^^^^^^^^^^^^^^^^^^^^^^^^
[ACTUALIZAR PAGOS · AUTO]   File "/Users/nicolascesolari/Proyectos/estacionamiento_medido/API-REST Payment/backend/workflows/workflow_base.py", line 38, in ejecutar
[ACTUALIZAR PAGOS · AUTO]     await paso.ejecutar(contexto)
[ACTUALIZAR PAGOS · AUTO]   File "/Users/nicolascesolari/Proyectos/estacionamiento_medido/API-REST Payment/backend/pasos/login_sigi_paso.py", line 27, in ejecutar
[ACTUALIZAR PAGOS · AUTO]     await autenticacion.asegurar_sesion_sigi(credenciales, config.ROL_A_SELECCIONAR)
[ACTUALIZAR PAGOS · AUTO]   File "/Users/nicolascesolari/Proyectos/estacionamiento_medido/API-REST Payment/backend/services/autenticacion_service.py", line 33, in asegurar_sesion_sigi
[ACTUALIZAR PAGOS · AUTO]     await self.login_page.iniciar_sesion_sigi_cidi(credenciales, rol)
[ACTUALIZAR PAGOS · AUTO]   File "/Users/nicolascesolari/Proyectos/estacionamiento_medido/API-REST Payment/backend/pages/login_page.py", line 115, in iniciar_sesion_sigi_cidi
[ACTUALIZAR PAGOS · AUTO]     await boton_cidi.first.click()
[ACTUALIZAR PAGOS · AUTO]   File "/Library/Frameworks/Python.framework/Versions/3.14/lib/python3.14/site-packages/playwright/async_api/_generated.py", line 17449, in click
[ACTUALIZAR PAGOS · AUTO]     await self._impl_obj.click(
[ACTUALIZAR PAGOS · AUTO]     ...<10 lines>...
[ACTUALIZAR PAGOS · AUTO]     )
[ACTUALIZAR PAGOS · AUTO]   File "/Library/Frameworks/Python.framework/Versions/3.14/lib/python3.14/site-packages/playwright/_impl/_locator.py", line 163, in click
[ACTUALIZAR PAGOS · AUTO]     return await self._frame._click(self._selector, strict=True, **params)
[ACTUALIZAR PAGOS · AUTO]            ^^^^^^^^^^^^^^^^^^^^^^^^^^^^^^^^^^^^^^^^^^^^^^^^^^^^^^^^^^^^^^^
[ACTUALIZAR PAGOS · AUTO]   File "/Library/Frameworks/Python.framework/Versions/3.14/lib/python3.14/site-packages/playwright/_impl/_frame.py", line 569, in _click
[ACTUALIZAR PAGOS · AUTO]     await self._channel.send("click", self._timeout, locals_to_params(locals()))
[ACTUALIZAR PAGOS · AUTO]   File "/Library/Frameworks/Python.framework/Versions/3.14/lib/python3.14/site-packages/playwright/_impl/_connection.py", line 69, in send
[ACTUALIZAR PAGOS · AUTO]     return await self._connection.wrap_api_call(
[ACTUALIZAR PAGOS · AUTO]            ^^^^^^^^^^^^^^^^^^^^^^^^^^^^^^^^^^^^^
[ACTUALIZAR PAGOS · AUTO]     ...<3 lines>...
[ACTUALIZAR PAGOS · AUTO]     )
[ACTUALIZAR PAGOS · AUTO]     ^
[ACTUALIZAR PAGOS · AUTO]   File "/Library/Frameworks/Python.framework/Versions/3.14/lib/python3.14/site-packages/playwright/_impl/_connection.py", line 559, in wrap_api_call
[ACTUALIZAR PAGOS · AUTO]     raise rewrite_error(error, f"{parsed_st['apiName']}: {error}") from None
[ACTUALIZAR PAGOS · AUTO] playwright._impl._errors.TimeoutError: Locator.click: Timeout 30000ms exceeded.
[ACTUALIZAR PAGOS · AUTO] Call log:
[ACTUALIZAR PAGOS · AUTO]   - waiting for get_by_role("button", name="Ingresar con CiDi").first
[ACTUALIZAR PAGOS · AUTO]     - locator resolved to <button type="button" class="rounded-full bg-white/10 px-5 py-2 text-sm font-semibold text-white shadow-sm transition hover:bg-white/20">Ingresar con CiDi</button>
[ACTUALIZAR PAGOS · AUTO]   - attempting click action
[ACTUALIZAR PAGOS · AUTO]     - waiting for element to be visible, enabled and stable
[ACTUALIZAR PAGOS · AUTO]     - element is visible, enabled and stable
[ACTUALIZAR PAGOS · AUTO]     - scrolling into view if needed
[ACTUALIZAR PAGOS · AUTO]     - done scrolling
[ACTUALIZAR PAGOS · AUTO]     - performing click action
[ACTUALIZAR PAGOS · AUTO]     - click action done
[ACTUALIZAR PAGOS · AUTO]     - waiting for scheduled navigations to finish
[ACTUALIZAR PAGOS · AUTO] 🧹 Sesión guardada eliminada (auto-recuperación tras error: TimeoutError): datos/sesiones/sesion_general.json
[ACTUALIZAR PAGOS · AUTO] 🧹 Sesión guardada eliminada (auto-recuperación tras error: TimeoutError): datos/sesiones/sesion_semyt.json
ℹ El log detallado de esta corrida no se conservó en disco (no se llegó a subir ningún archivo).
❌ [Automático] 'pagos' falló 4 veces seguidas (actualizar pagos). Se dejan de reintentar por ahora; revisá el log de esa ejecución para ver el detalle del error. Se retoma en el horario normal.
🤖 [Automático] Es hora de actualizar pagos. Arrancando...
[ACTUALIZAR PAGOS · AUTO] === Inicio de ejecución: pagos ===
[ACTUALIZAR PAGOS · AUTO] ==================================================
[ACTUALIZAR PAGOS · AUTO] 🚀 PASO: LoginSEMyTPaso
[ACTUALIZAR PAGOS · AUTO] ==================================================
[ACTUALIZAR PAGOS · AUTO] Abriendo SEMyT...
[ACTUALIZAR PAGOS · AUTO] ❌ [SEMyT] No hay sesión activa. Iniciando login...
[ACTUALIZAR PAGOS · AUTO] ✅ [SEMyT] Login completado.
[ACTUALIZAR PAGOS · AUTO] ✅ LoginSEMyTPaso finalizado. (⏱ 2.8s)
[ACTUALIZAR PAGOS · AUTO] ==================================================
[ACTUALIZAR PAGOS · AUTO] 🚀 PASO: LoginSIGIPaso
[ACTUALIZAR PAGOS · AUTO] ==================================================
[ACTUALIZAR PAGOS · AUTO] Abriendo sitio municipalidad (CiDi)...
[ACTUALIZAR PAGOS · AUTO] ❌ [SIGI] No hay sesión activa. Iniciando login CiDi...
[ACTUALIZAR PAGOS · AUTO] ✅ [SIGI] Login completado.
[ACTUALIZAR PAGOS · AUTO] ✅ LoginSIGIPaso finalizado. (⏱ 7.4s)
[ACTUALIZAR PAGOS · AUTO] ==================================================
[ACTUALIZAR PAGOS · AUTO] 🚀 PASO: DescargasParalelasPaso
[ACTUALIZAR PAGOS · AUTO] ==================================================
[ACTUALIZAR PAGOS · AUTO] 📤 Arrancando las 3 descargas en paralelo (mismo browser, páginas separadas)...
[ACTUALIZAR PAGOS · AUTO] Fecha Desde: 27/06/2024
[ACTUALIZAR PAGOS · AUTO] Fecha Hasta: 24/11/2025
[ACTUALIZAR PAGOS · AUTO] Fecha Desde: 25/11/2025
[ACTUALIZAR PAGOS · AUTO] Fecha Hasta: 15/08/2026
[ACTUALIZAR PAGOS · AUTO] Descargando Excel...
[ACTUALIZAR PAGOS · AUTO] Descargando Excel...
[ACTUALIZAR PAGOS · AUTO] ⏱ [pagos_txt] falló a los 0.8s -> TimeoutError: Page.wait_for_selector: Timeout 45000ms exceeded.
[ACTUALIZAR PAGOS · AUTO] Call log:
[ACTUALIZAR PAGOS · AUTO]   - waiting for locator("text=Exportaciones") to be visible
⏳ [Automático] Tocaba disparar 'pagos' pero ya hay una ejecución en curso (Actualizar pagos); esperando a que termine; se reintenta en breve sin perder el turno.
[ACTUALIZAR PAGOS · AUTO] Archivo descargado en: datos/descargas/cache_actas_cruce/MULTAS_SIGI_CRUCE.xlsx
[ACTUALIZAR PAGOS · AUTO] ⏱ [actas_sigi] completado en 29.0s
[ACTUALIZAR PAGOS · AUTO] Archivo descargado en: datos/descargas/cache_actas_cruce/MULTAS_SIGEMI_CRUCE.xlsx
[ACTUALIZAR PAGOS · AUTO] ⏱ [actas_sigemi] completado en 35.4s
[ACTUALIZAR PAGOS · AUTO] ⏱ TOTAL descargas en paralelo: 35.4s
[ACTUALIZAR PAGOS · AUTO] ❌ === ERROR: TimeoutError: Page.wait_for_selector: Timeout 45000ms exceeded.
[ACTUALIZAR PAGOS · AUTO] Call log:
[ACTUALIZAR PAGOS · AUTO]   - waiting for locator("text=Exportaciones") to be visible
[ACTUALIZAR PAGOS · AUTO]  ===
[ACTUALIZAR PAGOS · AUTO] Traceback (most recent call last):
[ACTUALIZAR PAGOS · AUTO]   File "/Users/nicolascesolari/Proyectos/estacionamiento_medido/API-REST Payment/backend/orquestador/trabajador.py", line 119, in ejecutar_worker
[ACTUALIZAR PAGOS · AUTO]     contexto_resultado = asyncio.run(
[ACTUALIZAR PAGOS · AUTO]         asyncio.wait_for(
[ACTUALIZAR PAGOS · AUTO]     ...<2 lines>...
[ACTUALIZAR PAGOS · AUTO]         )
[ACTUALIZAR PAGOS · AUTO]     )
[ACTUALIZAR PAGOS · AUTO]   File "/Library/Frameworks/Python.framework/Versions/3.14/lib/python3.14/asyncio/runners.py", line 205, in run
[ACTUALIZAR PAGOS · AUTO]     return runner.run(main)
[ACTUALIZAR PAGOS · AUTO]            ~~~~~~~~~~^^^^^^
[ACTUALIZAR PAGOS · AUTO]   File "/Library/Frameworks/Python.framework/Versions/3.14/lib/python3.14/asyncio/runners.py", line 128, in run
[ACTUALIZAR PAGOS · AUTO]     return self._loop.run_until_complete(task)
[ACTUALIZAR PAGOS · AUTO]            ~~~~~~~~~~~~~~~~~~~~~~~~~~~~~^^^^^^
[ACTUALIZAR PAGOS · AUTO]   File "/Library/Frameworks/Python.framework/Versions/3.14/lib/python3.14/asyncio/base_events.py", line 719, in run_until_complete
[ACTUALIZAR PAGOS · AUTO]     return future.result()
[ACTUALIZAR PAGOS · AUTO]            ~~~~~~~~~~~~~^^
[ACTUALIZAR PAGOS · AUTO]   File "/Library/Frameworks/Python.framework/Versions/3.14/lib/python3.14/asyncio/tasks.py", line 488, in wait_for
[ACTUALIZAR PAGOS · AUTO]     return await fut
[ACTUALIZAR PAGOS · AUTO]            ^^^^^^^^^
[ACTUALIZAR PAGOS · AUTO]   File "/Users/nicolascesolari/Proyectos/estacionamiento_medido/API-REST Payment/backend/orquestador/trabajador.py", line 189, in _correr_tipo
[ACTUALIZAR PAGOS · AUTO]     return await PagosWorkflow(navegador).ejecutar(archivo_fn=archivo_creado, cerrar_navegador_al_final=False)
[ACTUALIZAR PAGOS · AUTO]            ^^^^^^^^^^^^^^^^^^^^^^^^^^^^^^^^^^^^^^^^^^^^^^^^^^^^^^^^^^^^^^^^^^^^^^^^^^^^^^^^^^^^^^^^^^^^^^^^^^^
[ACTUALIZAR PAGOS · AUTO]   File "/Users/nicolascesolari/Proyectos/estacionamiento_medido/API-REST Payment/backend/workflows/workflow_base.py", line 38, in ejecutar
[ACTUALIZAR PAGOS · AUTO]     await paso.ejecutar(contexto)
[ACTUALIZAR PAGOS · AUTO]   File "/Users/nicolascesolari/Proyectos/estacionamiento_medido/API-REST Payment/backend/pasos/descargas_paralelas_paso.py", line 69, in ejecutar
[ACTUALIZAR PAGOS · AUTO]     ruta_txt, ruta_sigemi, ruta_sigi = self._procesar_resultados(resultados)
[ACTUALIZAR PAGOS · AUTO]                                        ~~~~~~~~~~~~~~~~~~~~~~~~~^^^^^^^^^^^^
[ACTUALIZAR PAGOS · AUTO]   File "/Users/nicolascesolari/Proyectos/estacionamiento_medido/API-REST Payment/backend/pasos/descargas_paralelas_paso.py", line 147, in _procesar_resultados
[ACTUALIZAR PAGOS · AUTO]     raise error_txt
[ACTUALIZAR PAGOS · AUTO]   File "/Users/nicolascesolari/Proyectos/estacionamiento_medido/API-REST Payment/backend/pasos/descargas_paralelas_paso.py", line 122, in _con_tiempo
[ACTUALIZAR PAGOS · AUTO]     resultado = await corutina
[ACTUALIZAR PAGOS · AUTO]                 ^^^^^^^^^^^^^^
[ACTUALIZAR PAGOS · AUTO]   File "/Users/nicolascesolari/Proyectos/estacionamiento_medido/API-REST Payment/backend/pasos/descargas_paralelas_paso.py", line 95, in _descargar_pagos
[ACTUALIZAR PAGOS · AUTO]     return await service.descargar_txt_pagos(pagina)
[ACTUALIZAR PAGOS · AUTO]            ^^^^^^^^^^^^^^^^^^^^^^^^^^^^^^^^^^^^^^^^^
[ACTUALIZAR PAGOS · AUTO]   File "/Users/nicolascesolari/Proyectos/estacionamiento_medido/API-REST Payment/backend/services/pagos_service.py", line 21, in descargar_txt_pagos
[ACTUALIZAR PAGOS · AUTO]     await page.abrir()
[ACTUALIZAR PAGOS · AUTO]   File "/Users/nicolascesolari/Proyectos/estacionamiento_medido/API-REST Payment/backend/pages/descargar_pagos_page.py", line 17, in abrir
[ACTUALIZAR PAGOS · AUTO]     await self.page.wait_for_selector("text=Exportaciones", timeout=45000)
[ACTUALIZAR PAGOS · AUTO]   File "/Library/Frameworks/Python.framework/Versions/3.14/lib/python3.14/site-packages/playwright/async_api/_generated.py", line 8795, in wait_for_selector
[ACTUALIZAR PAGOS · AUTO]     await self._impl_obj.wait_for_selector(
[ACTUALIZAR PAGOS · AUTO]     ...<4 lines>...
[ACTUALIZAR PAGOS · AUTO]     )
[ACTUALIZAR PAGOS · AUTO]   File "/Library/Frameworks/Python.framework/Versions/3.14/lib/python3.14/site-packages/playwright/_impl/_page.py", line 424, in wait_for_selector
[ACTUALIZAR PAGOS · AUTO]     return await self._main_frame.wait_for_selector(**locals_to_params(locals()))
[ACTUALIZAR PAGOS · AUTO]            ^^^^^^^^^^^^^^^^^^^^^^^^^^^^^^^^^^^^^^^^^^^^^^^^^^^^^^^^^^^^^^^^^^^^^^
[ACTUALIZAR PAGOS · AUTO]   File "/Library/Frameworks/Python.framework/Versions/3.14/lib/python3.14/site-packages/playwright/_impl/_frame.py", line 372, in wait_for_selector
[ACTUALIZAR PAGOS · AUTO]     await self._channel.send(
[ACTUALIZAR PAGOS · AUTO]         "waitForSelector", self._timeout, locals_to_params(locals())
[ACTUALIZAR PAGOS · AUTO]     )
[ACTUALIZAR PAGOS · AUTO]   File "/Library/Frameworks/Python.framework/Versions/3.14/lib/python3.14/site-packages/playwright/_impl/_connection.py", line 69, in send
[ACTUALIZAR PAGOS · AUTO]     return await self._connection.wrap_api_call(
[ACTUALIZAR PAGOS · AUTO]            ^^^^^^^^^^^^^^^^^^^^^^^^^^^^^^^^^^^^^
[ACTUALIZAR PAGOS · AUTO]     ...<3 lines>...
[ACTUALIZAR PAGOS · AUTO]     )
[ACTUALIZAR PAGOS · AUTO]     ^
[ACTUALIZAR PAGOS · AUTO]   File "/Library/Frameworks/Python.framework/Versions/3.14/lib/python3.14/site-packages/playwright/_impl/_connection.py", line 559, in wrap_api_call
[ACTUALIZAR PAGOS · AUTO]     raise rewrite_error(error, f"{parsed_st['apiName']}: {error}") from None
[ACTUALIZAR PAGOS · AUTO] playwright._impl._errors.TimeoutError: Page.wait_for_selector: Timeout 45000ms exceeded.
[ACTUALIZAR PAGOS · AUTO] Call log:
[ACTUALIZAR PAGOS · AUTO]   - waiting for locator("text=Exportaciones") to be visible
[ACTUALIZAR PAGOS · AUTO] 🧹 Sesión guardada eliminada (auto-recuperación tras error: TimeoutError): datos/sesiones/sesion_general.json
[ACTUALIZAR PAGOS · AUTO] 🧹 Sesión guardada eliminada (auto-recuperación tras error: TimeoutError): datos/sesiones/sesion_semyt.json
[ACTUALIZAR PAGOS · AUTO] 🧹 Sesión guardada eliminada (auto-recuperación tras error: TimeoutError): datos/sesiones/sesion_sigi.json
ℹ El log detallado de esta corrida no se conservó en disco (no se llegó a subir ningún archivo).
❌ [Automático] 'pagos' falló (intento 1 de 4). Se reintenta a las 06:05.
🤖 [Automático] Es hora de actualizar pagos (reintento 1 de 3). Arrancando...
[ACTUALIZAR PAGOS · AUTO] === Inicio de ejecución: pagos ===
[ACTUALIZAR PAGOS · AUTO] ==================================================
[ACTUALIZAR PAGOS · AUTO] 🚀 PASO: LoginSEMyTPaso
[ACTUALIZAR PAGOS · AUTO] ==================================================
[ACTUALIZAR PAGOS · AUTO] Abriendo SEMyT...
[ACTUALIZAR PAGOS · AUTO] ❌ === ERROR: TimeoutError: Page.goto: Timeout 60000ms exceeded.
[ACTUALIZAR PAGOS · AUTO] Call log:
[ACTUALIZAR PAGOS · AUTO]   - navigating to "https://ciudad.villamaria.gob.ar/#/inicio", waiting until "domcontentloaded"
[ACTUALIZAR PAGOS · AUTO]  ===
[ACTUALIZAR PAGOS · AUTO] Traceback (most recent call last):
[ACTUALIZAR PAGOS · AUTO]   File "/Users/nicolascesolari/Proyectos/estacionamiento_medido/API-REST Payment/backend/orquestador/trabajador.py", line 119, in ejecutar_worker
[ACTUALIZAR PAGOS · AUTO]     contexto_resultado = asyncio.run(
[ACTUALIZAR PAGOS · AUTO]         asyncio.wait_for(
[ACTUALIZAR PAGOS · AUTO]     ...<2 lines>...
[ACTUALIZAR PAGOS · AUTO]         )
[ACTUALIZAR PAGOS · AUTO]     )
[ACTUALIZAR PAGOS · AUTO]   File "/Library/Frameworks/Python.framework/Versions/3.14/lib/python3.14/asyncio/runners.py", line 205, in run
[ACTUALIZAR PAGOS · AUTO]     return runner.run(main)
[ACTUALIZAR PAGOS · AUTO]            ~~~~~~~~~~^^^^^^
[ACTUALIZAR PAGOS · AUTO]   File "/Library/Frameworks/Python.framework/Versions/3.14/lib/python3.14/asyncio/runners.py", line 128, in run
[ACTUALIZAR PAGOS · AUTO]     return self._loop.run_until_complete(task)
[ACTUALIZAR PAGOS · AUTO]            ~~~~~~~~~~~~~~~~~~~~~~~~~~~~~^^^^^^
[ACTUALIZAR PAGOS · AUTO]   File "/Library/Frameworks/Python.framework/Versions/3.14/lib/python3.14/asyncio/base_events.py", line 719, in run_until_complete
[ACTUALIZAR PAGOS · AUTO]     return future.result()
[ACTUALIZAR PAGOS · AUTO]            ~~~~~~~~~~~~~^^
[ACTUALIZAR PAGOS · AUTO]   File "/Library/Frameworks/Python.framework/Versions/3.14/lib/python3.14/asyncio/tasks.py", line 488, in wait_for
[ACTUALIZAR PAGOS · AUTO]     return await fut
[ACTUALIZAR PAGOS · AUTO]            ^^^^^^^^^
[ACTUALIZAR PAGOS · AUTO]   File "/Users/nicolascesolari/Proyectos/estacionamiento_medido/API-REST Payment/backend/orquestador/trabajador.py", line 189, in _correr_tipo
[ACTUALIZAR PAGOS · AUTO]     return await PagosWorkflow(navegador).ejecutar(archivo_fn=archivo_creado, cerrar_navegador_al_final=False)
[ACTUALIZAR PAGOS · AUTO]            ^^^^^^^^^^^^^^^^^^^^^^^^^^^^^^^^^^^^^^^^^^^^^^^^^^^^^^^^^^^^^^^^^^^^^^^^^^^^^^^^^^^^^^^^^^^^^^^^^^^
[ACTUALIZAR PAGOS · AUTO]   File "/Users/nicolascesolari/Proyectos/estacionamiento_medido/API-REST Payment/backend/workflows/workflow_base.py", line 38, in ejecutar
[ACTUALIZAR PAGOS · AUTO]     await paso.ejecutar(contexto)
[ACTUALIZAR PAGOS · AUTO]   File "/Users/nicolascesolari/Proyectos/estacionamiento_medido/API-REST Payment/backend/pasos/login_semyt_paso.py", line 26, in ejecutar
[ACTUALIZAR PAGOS · AUTO]     await login_page.abrir_semyt_con_sesion()
[ACTUALIZAR PAGOS · AUTO]   File "/Users/nicolascesolari/Proyectos/estacionamiento_medido/API-REST Payment/backend/pages/login_page.py", line 27, in abrir_semyt_con_sesion
[ACTUALIZAR PAGOS · AUTO]     await self.page.goto(self.url_inicio_semyt(), wait_until="domcontentloaded", timeout=60000)
[ACTUALIZAR PAGOS · AUTO]   File "/Library/Frameworks/Python.framework/Versions/3.14/lib/python3.14/site-packages/playwright/async_api/_generated.py", line 9611, in goto
[ACTUALIZAR PAGOS · AUTO]     await self._impl_obj.goto(
[ACTUALIZAR PAGOS · AUTO]     ...<4 lines>...
[ACTUALIZAR PAGOS · AUTO]     )
[ACTUALIZAR PAGOS · AUTO]   File "/Library/Frameworks/Python.framework/Versions/3.14/lib/python3.14/site-packages/playwright/_impl/_page.py", line 557, in goto
[ACTUALIZAR PAGOS · AUTO]     return await self._main_frame.goto(**locals_to_params(locals()))
[ACTUALIZAR PAGOS · AUTO]            ^^^^^^^^^^^^^^^^^^^^^^^^^^^^^^^^^^^^^^^^^^^^^^^^^^^^^^^^^
[ACTUALIZAR PAGOS · AUTO]   File "/Library/Frameworks/Python.framework/Versions/3.14/lib/python3.14/site-packages/playwright/_impl/_frame.py", line 156, in goto
[ACTUALIZAR PAGOS · AUTO]     await self._channel.send(
[ACTUALIZAR PAGOS · AUTO]         "goto", self._navigation_timeout, locals_to_params(locals())
[ACTUALIZAR PAGOS · AUTO]     )
[ACTUALIZAR PAGOS · AUTO]   File "/Library/Frameworks/Python.framework/Versions/3.14/lib/python3.14/site-packages/playwright/_impl/_connection.py", line 69, in send
[ACTUALIZAR PAGOS · AUTO]     return await self._connection.wrap_api_call(
[ACTUALIZAR PAGOS · AUTO]            ^^^^^^^^^^^^^^^^^^^^^^^^^^^^^^^^^^^^^
[ACTUALIZAR PAGOS · AUTO]     ...<3 lines>...
[ACTUALIZAR PAGOS · AUTO]     )
[ACTUALIZAR PAGOS · AUTO]     ^
[ACTUALIZAR PAGOS · AUTO]   File "/Library/Frameworks/Python.framework/Versions/3.14/lib/python3.14/site-packages/playwright/_impl/_connection.py", line 559, in wrap_api_call
[ACTUALIZAR PAGOS · AUTO]     raise rewrite_error(error, f"{parsed_st['apiName']}: {error}") from None
[ACTUALIZAR PAGOS · AUTO] playwright._impl._errors.TimeoutError: Page.goto: Timeout 60000ms exceeded.
[ACTUALIZAR PAGOS · AUTO] Call log:
[ACTUALIZAR PAGOS · AUTO]   - navigating to "https://ciudad.villamaria.gob.ar/#/inicio", waiting until "domcontentloaded"
ℹ El log detallado de esta corrida no se conservó en disco (no se llegó a subir ningún archivo).
❌ [Automático] 'pagos' falló (intento 2 de 4). Se reintenta a las 06:22.
🤖 [Automático] Es hora de actualizar pagos (reintento 2 de 3). Arrancando...
[ACTUALIZAR PAGOS · AUTO] === Inicio de ejecución: pagos ===
[ACTUALIZAR PAGOS · AUTO] ==================================================
[ACTUALIZAR PAGOS · AUTO] 🚀 PASO: LoginSEMyTPaso
[ACTUALIZAR PAGOS · AUTO] ==================================================
[ACTUALIZAR PAGOS · AUTO] Abriendo SEMyT...
[ACTUALIZAR PAGOS · AUTO] ❌ [SEMyT] No hay sesión activa. Iniciando login...
[ACTUALIZAR PAGOS · AUTO] ✅ [SEMyT] Login completado.
[ACTUALIZAR PAGOS · AUTO] ✅ LoginSEMyTPaso finalizado. (⏱ 2.8s)
[ACTUALIZAR PAGOS · AUTO] ==================================================
[ACTUALIZAR PAGOS · AUTO] 🚀 PASO: LoginSIGIPaso
[ACTUALIZAR PAGOS · AUTO] ==================================================
[ACTUALIZAR PAGOS · AUTO] Abriendo sitio municipalidad (CiDi)...
[ACTUALIZAR PAGOS · AUTO] ❌ === ERROR: TimeoutError: Page.goto: Timeout 60000ms exceeded.
[ACTUALIZAR PAGOS · AUTO] Call log:
[ACTUALIZAR PAGOS · AUTO]   - navigating to "https://juzgado.villamaria.gob.ar/", waiting until "domcontentloaded"
[ACTUALIZAR PAGOS · AUTO]  ===
[ACTUALIZAR PAGOS · AUTO] Traceback (most recent call last):
[ACTUALIZAR PAGOS · AUTO]   File "/Users/nicolascesolari/Proyectos/estacionamiento_medido/API-REST Payment/backend/orquestador/trabajador.py", line 119, in ejecutar_worker
[ACTUALIZAR PAGOS · AUTO]     contexto_resultado = asyncio.run(
[ACTUALIZAR PAGOS · AUTO]         asyncio.wait_for(
[ACTUALIZAR PAGOS · AUTO]     ...<2 lines>...
[ACTUALIZAR PAGOS · AUTO]         )
[ACTUALIZAR PAGOS · AUTO]     )
[ACTUALIZAR PAGOS · AUTO]   File "/Library/Frameworks/Python.framework/Versions/3.14/lib/python3.14/asyncio/runners.py", line 205, in run
[ACTUALIZAR PAGOS · AUTO]     return runner.run(main)
[ACTUALIZAR PAGOS · AUTO]            ~~~~~~~~~~^^^^^^
[ACTUALIZAR PAGOS · AUTO]   File "/Library/Frameworks/Python.framework/Versions/3.14/lib/python3.14/asyncio/runners.py", line 128, in run
[ACTUALIZAR PAGOS · AUTO]     return self._loop.run_until_complete(task)
[ACTUALIZAR PAGOS · AUTO]            ~~~~~~~~~~~~~~~~~~~~~~~~~~~~~^^^^^^
[ACTUALIZAR PAGOS · AUTO]   File "/Library/Frameworks/Python.framework/Versions/3.14/lib/python3.14/asyncio/base_events.py", line 719, in run_until_complete
[ACTUALIZAR PAGOS · AUTO]     return future.result()
[ACTUALIZAR PAGOS · AUTO]            ~~~~~~~~~~~~~^^
[ACTUALIZAR PAGOS · AUTO]   File "/Library/Frameworks/Python.framework/Versions/3.14/lib/python3.14/asyncio/tasks.py", line 488, in wait_for
[ACTUALIZAR PAGOS · AUTO]     return await fut
[ACTUALIZAR PAGOS · AUTO]            ^^^^^^^^^
[ACTUALIZAR PAGOS · AUTO]   File "/Users/nicolascesolari/Proyectos/estacionamiento_medido/API-REST Payment/backend/orquestador/trabajador.py", line 189, in _correr_tipo
[ACTUALIZAR PAGOS · AUTO]     return await PagosWorkflow(navegador).ejecutar(archivo_fn=archivo_creado, cerrar_navegador_al_final=False)
[ACTUALIZAR PAGOS · AUTO]            ^^^^^^^^^^^^^^^^^^^^^^^^^^^^^^^^^^^^^^^^^^^^^^^^^^^^^^^^^^^^^^^^^^^^^^^^^^^^^^^^^^^^^^^^^^^^^^^^^^^
[ACTUALIZAR PAGOS · AUTO]   File "/Users/nicolascesolari/Proyectos/estacionamiento_medido/API-REST Payment/backend/workflows/workflow_base.py", line 38, in ejecutar
[ACTUALIZAR PAGOS · AUTO]     await paso.ejecutar(contexto)
[ACTUALIZAR PAGOS · AUTO]   File "/Users/nicolascesolari/Proyectos/estacionamiento_medido/API-REST Payment/backend/pasos/login_sigi_paso.py", line 27, in ejecutar
[ACTUALIZAR PAGOS · AUTO]     await autenticacion.asegurar_sesion_sigi(credenciales, config.ROL_A_SELECCIONAR)
[ACTUALIZAR PAGOS · AUTO]   File "/Users/nicolascesolari/Proyectos/estacionamiento_medido/API-REST Payment/backend/services/autenticacion_service.py", line 28, in asegurar_sesion_sigi
[ACTUALIZAR PAGOS · AUTO]     await self.login_page.abrir_sigi_login()
[ACTUALIZAR PAGOS · AUTO]   File "/Users/nicolascesolari/Proyectos/estacionamiento_medido/API-REST Payment/backend/pages/login_page.py", line 90, in abrir_sigi_login
[ACTUALIZAR PAGOS · AUTO]     await self.page.goto(rutas.SIGI_LOGIN, wait_until="domcontentloaded", timeout=60000)
[ACTUALIZAR PAGOS · AUTO]   File "/Library/Frameworks/Python.framework/Versions/3.14/lib/python3.14/site-packages/playwright/async_api/_generated.py", line 9611, in goto
[ACTUALIZAR PAGOS · AUTO]     await self._impl_obj.goto(
[ACTUALIZAR PAGOS · AUTO]     ...<4 lines>...
[ACTUALIZAR PAGOS · AUTO]     )
[ACTUALIZAR PAGOS · AUTO]   File "/Library/Frameworks/Python.framework/Versions/3.14/lib/python3.14/site-packages/playwright/_impl/_page.py", line 557, in goto
[ACTUALIZAR PAGOS · AUTO]     return await self._main_frame.goto(**locals_to_params(locals()))
[ACTUALIZAR PAGOS · AUTO]            ^^^^^^^^^^^^^^^^^^^^^^^^^^^^^^^^^^^^^^^^^^^^^^^^^^^^^^^^^
[ACTUALIZAR PAGOS · AUTO]   File "/Library/Frameworks/Python.framework/Versions/3.14/lib/python3.14/site-packages/playwright/_impl/_frame.py", line 156, in goto
[ACTUALIZAR PAGOS · AUTO]     await self._channel.send(
[ACTUALIZAR PAGOS · AUTO]         "goto", self._navigation_timeout, locals_to_params(locals())
[ACTUALIZAR PAGOS · AUTO]     )
[ACTUALIZAR PAGOS · AUTO]   File "/Library/Frameworks/Python.framework/Versions/3.14/lib/python3.14/site-packages/playwright/_impl/_connection.py", line 69, in send
[ACTUALIZAR PAGOS · AUTO]     return await self._connection.wrap_api_call(
[ACTUALIZAR PAGOS · AUTO]            ^^^^^^^^^^^^^^^^^^^^^^^^^^^^^^^^^^^^^
[ACTUALIZAR PAGOS · AUTO]     ...<3 lines>...
[ACTUALIZAR PAGOS · AUTO]     )
[ACTUALIZAR PAGOS · AUTO]     ^
[ACTUALIZAR PAGOS · AUTO]   File "/Library/Frameworks/Python.framework/Versions/3.14/lib/python3.14/site-packages/playwright/_impl/_connection.py", line 559, in wrap_api_call
[ACTUALIZAR PAGOS · AUTO]     raise rewrite_error(error, f"{parsed_st['apiName']}: {error}") from None
[ACTUALIZAR PAGOS · AUTO] playwright._impl._errors.TimeoutError: Page.goto: Timeout 60000ms exceeded.
[ACTUALIZAR PAGOS · AUTO] Call log:
[ACTUALIZAR PAGOS · AUTO]   - navigating to "https://juzgado.villamaria.gob.ar/", waiting until "domcontentloaded"
[ACTUALIZAR PAGOS · AUTO] 🧹 Sesión guardada eliminada (auto-recuperación tras error: TimeoutError): datos/sesiones/sesion_general.json
[ACTUALIZAR PAGOS · AUTO] 🧹 Sesión guardada eliminada (auto-recuperación tras error: TimeoutError): datos/sesiones/sesion_semyt.json
ℹ El log detallado de esta corrida no se conservó en disco (no se llegó a subir ningún archivo).
❌ [Automático] 'pagos' falló (intento 3 de 4). Se reintenta a las 06:55.
🤖 [Automático] Es hora de actualizar pagos (reintento 3 de 3). Arrancando...
[ACTUALIZAR PAGOS · AUTO] === Inicio de ejecución: pagos ===
[ACTUALIZAR PAGOS · AUTO] ==================================================
[ACTUALIZAR PAGOS · AUTO] 🚀 PASO: LoginSEMyTPaso
[ACTUALIZAR PAGOS · AUTO] ==================================================
[ACTUALIZAR PAGOS · AUTO] Abriendo SEMyT...
[ACTUALIZAR PAGOS · AUTO] ❌ [SEMyT] No hay sesión activa. Iniciando login...
[ACTUALIZAR PAGOS · AUTO] ✅ [SEMyT] Login completado.
[ACTUALIZAR PAGOS · AUTO] ✅ LoginSEMyTPaso finalizado. (⏱ 2.6s)
[ACTUALIZAR PAGOS · AUTO] ==================================================
[ACTUALIZAR PAGOS · AUTO] 🚀 PASO: LoginSIGIPaso
[ACTUALIZAR PAGOS · AUTO] ==================================================
[ACTUALIZAR PAGOS · AUTO] Abriendo sitio municipalidad (CiDi)...
[ACTUALIZAR PAGOS · AUTO] ❌ === ERROR: TimeoutError: Page.goto: Timeout 60000ms exceeded.
[ACTUALIZAR PAGOS · AUTO] Call log:
[ACTUALIZAR PAGOS · AUTO]   - navigating to "https://juzgado.villamaria.gob.ar/", waiting until "domcontentloaded"
[ACTUALIZAR PAGOS · AUTO]  ===
[ACTUALIZAR PAGOS · AUTO] Traceback (most recent call last):
[ACTUALIZAR PAGOS · AUTO]   File "/Users/nicolascesolari/Proyectos/estacionamiento_medido/API-REST Payment/backend/orquestador/trabajador.py", line 119, in ejecutar_worker
[ACTUALIZAR PAGOS · AUTO]     contexto_resultado = asyncio.run(
[ACTUALIZAR PAGOS · AUTO]         asyncio.wait_for(
[ACTUALIZAR PAGOS · AUTO]     ...<2 lines>...
[ACTUALIZAR PAGOS · AUTO]         )
[ACTUALIZAR PAGOS · AUTO]     )
[ACTUALIZAR PAGOS · AUTO]   File "/Library/Frameworks/Python.framework/Versions/3.14/lib/python3.14/asyncio/runners.py", line 205, in run
[ACTUALIZAR PAGOS · AUTO]     return runner.run(main)
[ACTUALIZAR PAGOS · AUTO]            ~~~~~~~~~~^^^^^^
[ACTUALIZAR PAGOS · AUTO]   File "/Library/Frameworks/Python.framework/Versions/3.14/lib/python3.14/asyncio/runners.py", line 128, in run
[ACTUALIZAR PAGOS · AUTO]     return self._loop.run_until_complete(task)
[ACTUALIZAR PAGOS · AUTO]            ~~~~~~~~~~~~~~~~~~~~~~~~~~~~~^^^^^^
[ACTUALIZAR PAGOS · AUTO]   File "/Library/Frameworks/Python.framework/Versions/3.14/lib/python3.14/asyncio/base_events.py", line 719, in run_until_complete
[ACTUALIZAR PAGOS · AUTO]     return future.result()
[ACTUALIZAR PAGOS · AUTO]            ~~~~~~~~~~~~~^^
[ACTUALIZAR PAGOS · AUTO]   File "/Library/Frameworks/Python.framework/Versions/3.14/lib/python3.14/asyncio/tasks.py", line 488, in wait_for
[ACTUALIZAR PAGOS · AUTO]     return await fut
[ACTUALIZAR PAGOS · AUTO]            ^^^^^^^^^
[ACTUALIZAR PAGOS · AUTO]   File "/Users/nicolascesolari/Proyectos/estacionamiento_medido/API-REST Payment/backend/orquestador/trabajador.py", line 189, in _correr_tipo
[ACTUALIZAR PAGOS · AUTO]     return await PagosWorkflow(navegador).ejecutar(archivo_fn=archivo_creado, cerrar_navegador_al_final=False)
[ACTUALIZAR PAGOS · AUTO]            ^^^^^^^^^^^^^^^^^^^^^^^^^^^^^^^^^^^^^^^^^^^^^^^^^^^^^^^^^^^^^^^^^^^^^^^^^^^^^^^^^^^^^^^^^^^^^^^^^^^
[ACTUALIZAR PAGOS · AUTO]   File "/Users/nicolascesolari/Proyectos/estacionamiento_medido/API-REST Payment/backend/workflows/workflow_base.py", line 38, in ejecutar
[ACTUALIZAR PAGOS · AUTO]     await paso.ejecutar(contexto)
[ACTUALIZAR PAGOS · AUTO]   File "/Users/nicolascesolari/Proyectos/estacionamiento_medido/API-REST Payment/backend/pasos/login_sigi_paso.py", line 27, in ejecutar
[ACTUALIZAR PAGOS · AUTO]     await autenticacion.asegurar_sesion_sigi(credenciales, config.ROL_A_SELECCIONAR)
[ACTUALIZAR PAGOS · AUTO]   File "/Users/nicolascesolari/Proyectos/estacionamiento_medido/API-REST Payment/backend/services/autenticacion_service.py", line 28, in asegurar_sesion_sigi
[ACTUALIZAR PAGOS · AUTO]     await self.login_page.abrir_sigi_login()
[ACTUALIZAR PAGOS · AUTO]   File "/Users/nicolascesolari/Proyectos/estacionamiento_medido/API-REST Payment/backend/pages/login_page.py", line 90, in abrir_sigi_login
[ACTUALIZAR PAGOS · AUTO]     await self.page.goto(rutas.SIGI_LOGIN, wait_until="domcontentloaded", timeout=60000)
[ACTUALIZAR PAGOS · AUTO]   File "/Library/Frameworks/Python.framework/Versions/3.14/lib/python3.14/site-packages/playwright/async_api/_generated.py", line 9611, in goto
[ACTUALIZAR PAGOS · AUTO]     await self._impl_obj.goto(
[ACTUALIZAR PAGOS · AUTO]     ...<4 lines>...
[ACTUALIZAR PAGOS · AUTO]     )
[ACTUALIZAR PAGOS · AUTO]   File "/Library/Frameworks/Python.framework/Versions/3.14/lib/python3.14/site-packages/playwright/_impl/_page.py", line 557, in goto
[ACTUALIZAR PAGOS · AUTO]     return await self._main_frame.goto(**locals_to_params(locals()))
[ACTUALIZAR PAGOS · AUTO]            ^^^^^^^^^^^^^^^^^^^^^^^^^^^^^^^^^^^^^^^^^^^^^^^^^^^^^^^^^
[ACTUALIZAR PAGOS · AUTO]   File "/Library/Frameworks/Python.framework/Versions/3.14/lib/python3.14/site-packages/playwright/_impl/_frame.py", line 156, in goto
[ACTUALIZAR PAGOS · AUTO]     await self._channel.send(
[ACTUALIZAR PAGOS · AUTO]         "goto", self._navigation_timeout, locals_to_params(locals())
[ACTUALIZAR PAGOS · AUTO]     )
[ACTUALIZAR PAGOS · AUTO]   File "/Library/Frameworks/Python.framework/Versions/3.14/lib/python3.14/site-packages/playwright/_impl/_connection.py", line 69, in send
[ACTUALIZAR PAGOS · AUTO]     return await self._connection.wrap_api_call(
[ACTUALIZAR PAGOS · AUTO]            ^^^^^^^^^^^^^^^^^^^^^^^^^^^^^^^^^^^^^
[ACTUALIZAR PAGOS · AUTO]     ...<3 lines>...
[ACTUALIZAR PAGOS · AUTO]     )
[ACTUALIZAR PAGOS · AUTO]     ^
[ACTUALIZAR PAGOS · AUTO]   File "/Library/Frameworks/Python.framework/Versions/3.14/lib/python3.14/site-packages/playwright/_impl/_connection.py", line 559, in wrap_api_call
[ACTUALIZAR PAGOS · AUTO]     raise rewrite_error(error, f"{parsed_st['apiName']}: {error}") from None
[ACTUALIZAR PAGOS · AUTO] playwright._impl._errors.TimeoutError: Page.goto: Timeout 60000ms exceeded.
[ACTUALIZAR PAGOS · AUTO] Call log:
[ACTUALIZAR PAGOS · AUTO]   - navigating to "https://juzgado.villamaria.gob.ar/", waiting until "domcontentloaded"
[ACTUALIZAR PAGOS · AUTO] 🧹 Sesión guardada eliminada (auto-recuperación tras error: TimeoutError): datos/sesiones/sesion_general.json
[ACTUALIZAR PAGOS · AUTO] 🧹 Sesión guardada eliminada (auto-recuperación tras error: TimeoutError): datos/sesiones/sesion_semyt.json
ℹ El log detallado de esta corrida no se conservó en disco (no se llegó a subir ningún archivo).
❌ [Automático] 'pagos' falló 4 veces seguidas (actualizar pagos). Se dejan de reintentar por ahora; revisá el log de esa ejecución para ver el detalle del error. Se retoma en el horario normal.
🤖 [Automático] Es hora de actualizar pagos. Arrancando...
[ACTUALIZAR PAGOS · AUTO] === Inicio de ejecución: pagos ===
[ACTUALIZAR PAGOS · AUTO] ==================================================
[ACTUALIZAR PAGOS · AUTO] 🚀 PASO: LoginSEMyTPaso
[ACTUALIZAR PAGOS · AUTO] ==================================================
[ACTUALIZAR PAGOS · AUTO] Abriendo SEMyT...
[ACTUALIZAR PAGOS · AUTO] ❌ [SEMyT] No hay sesión activa. Iniciando login...
[ACTUALIZAR PAGOS · AUTO] ✅ [SEMyT] Login completado.
[ACTUALIZAR PAGOS · AUTO] ✅ LoginSEMyTPaso finalizado. (⏱ 3.3s)
[ACTUALIZAR PAGOS · AUTO] ==================================================
[ACTUALIZAR PAGOS · AUTO] 🚀 PASO: LoginSIGIPaso
[ACTUALIZAR PAGOS · AUTO] ==================================================
[ACTUALIZAR PAGOS · AUTO] Abriendo sitio municipalidad (CiDi)...
[ACTUALIZAR PAGOS · AUTO] ❌ [SIGI] No hay sesión activa. Iniciando login CiDi...
⏳ [Automático] Tocaba disparar 'pagos' pero ya hay una ejecución en curso (Actualizar pagos); esperando a que termine; se reintenta en breve sin perder el turno.
[ACTUALIZAR PAGOS · AUTO] ✅ [SIGI] Login completado.
[ACTUALIZAR PAGOS · AUTO] ✅ LoginSIGIPaso finalizado. (⏱ 12.5s)
[ACTUALIZAR PAGOS · AUTO] ==================================================
[ACTUALIZAR PAGOS · AUTO] 🚀 PASO: DescargasParalelasPaso
[ACTUALIZAR PAGOS · AUTO] ==================================================
[ACTUALIZAR PAGOS · AUTO] 📤 Arrancando las 3 descargas en paralelo (mismo browser, páginas separadas)...
[ACTUALIZAR PAGOS · AUTO] Fecha Desde: 27/06/2024
[ACTUALIZAR PAGOS · AUTO] Fecha Hasta: 24/11/2025
[ACTUALIZAR PAGOS · AUTO] Fecha Desde: 25/11/2025
[ACTUALIZAR PAGOS · AUTO] Fecha Hasta: 15/08/2026
[ACTUALIZAR PAGOS · AUTO] Descargando Excel...
[ACTUALIZAR PAGOS · AUTO] Descargando Excel...
[ACTUALIZAR PAGOS · AUTO] ⏱ [actas_sigi] falló a los 0.2s -> TimeoutError: Locator.click: Timeout 30000ms exceeded.
[ACTUALIZAR PAGOS · AUTO] Call log:
[ACTUALIZAR PAGOS · AUTO]   - waiting for locator("text=Descargar")
[ACTUALIZAR PAGOS · AUTO]     - locator resolved to <button _ngcontent-c8="" class="descargar-button"> Descargar </button>
[ACTUALIZAR PAGOS · AUTO]   - attempting click action
[ACTUALIZAR PAGOS · AUTO]     - waiting for element to be visible, enabled and stable
[ACTUALIZAR PAGOS · AUTO]     - element is visible, enabled and stable
[ACTUALIZAR PAGOS · AUTO]     - scrolling into view if needed
[ACTUALIZAR PAGOS · AUTO] ⏱ [actas_sigemi] falló a los 0.2s -> TimeoutError: Locator.click: Timeout 30000ms exceeded.
[ACTUALIZAR PAGOS · AUTO] Call log:
[ACTUALIZAR PAGOS · AUTO]   - waiting for locator("text=Descargar")
[ACTUALIZAR PAGOS · AUTO]     - locator resolved to <button _ngcontent-c8="" class="descargar-button"> Descargar </button>
[ACTUALIZAR PAGOS · AUTO]   - attempting click action
[ACTUALIZAR PAGOS · AUTO]     - waiting for element to be visible, enabled and stable
[ACTUALIZAR PAGOS · AUTO]     - element is visible, enabled and stable
[ACTUALIZAR PAGOS · AUTO]     - scrolling into view if needed
[ACTUALIZAR PAGOS · AUTO] ⏱ [pagos_txt] falló a los 0.2s -> TimeoutError: Page.goto: Timeout 60000ms exceeded.
[ACTUALIZAR PAGOS · AUTO] Call log:
[ACTUALIZAR PAGOS · AUTO]   - navigating to "https://juzgado.villamaria.gob.ar/auxiliar/importar-actas-excel", waiting until "domcontentloaded"
[ACTUALIZAR PAGOS · AUTO] ⏱ TOTAL descargas en paralelo: 0.2s
[ACTUALIZAR PAGOS · AUTO] ❌ === ERROR: TimeoutError: Page.goto: Timeout 60000ms exceeded.
[ACTUALIZAR PAGOS · AUTO] Call log:
[ACTUALIZAR PAGOS · AUTO]   - navigating to "https://juzgado.villamaria.gob.ar/auxiliar/importar-actas-excel", waiting until "domcontentloaded"
[ACTUALIZAR PAGOS · AUTO]  ===
[ACTUALIZAR PAGOS · AUTO] Traceback (most recent call last):
[ACTUALIZAR PAGOS · AUTO]   File "/Users/nicolascesolari/Proyectos/estacionamiento_medido/API-REST Payment/backend/orquestador/trabajador.py", line 119, in ejecutar_worker
[ACTUALIZAR PAGOS · AUTO]     contexto_resultado = asyncio.run(
[ACTUALIZAR PAGOS · AUTO]         asyncio.wait_for(
[ACTUALIZAR PAGOS · AUTO]     ...<2 lines>...
[ACTUALIZAR PAGOS · AUTO]         )
[ACTUALIZAR PAGOS · AUTO]     )
[ACTUALIZAR PAGOS · AUTO]   File "/Library/Frameworks/Python.framework/Versions/3.14/lib/python3.14/asyncio/runners.py", line 205, in run
[ACTUALIZAR PAGOS · AUTO]     return runner.run(main)
[ACTUALIZAR PAGOS · AUTO]            ~~~~~~~~~~^^^^^^
[ACTUALIZAR PAGOS · AUTO]   File "/Library/Frameworks/Python.framework/Versions/3.14/lib/python3.14/asyncio/runners.py", line 128, in run
[ACTUALIZAR PAGOS · AUTO]     return self._loop.run_until_complete(task)
[ACTUALIZAR PAGOS · AUTO]            ~~~~~~~~~~~~~~~~~~~~~~~~~~~~~^^^^^^
[ACTUALIZAR PAGOS · AUTO]   File "/Library/Frameworks/Python.framework/Versions/3.14/lib/python3.14/asyncio/base_events.py", line 719, in run_until_complete
[ACTUALIZAR PAGOS · AUTO]     return future.result()
[ACTUALIZAR PAGOS · AUTO]            ~~~~~~~~~~~~~^^
[ACTUALIZAR PAGOS · AUTO]   File "/Library/Frameworks/Python.framework/Versions/3.14/lib/python3.14/asyncio/tasks.py", line 488, in wait_for
[ACTUALIZAR PAGOS · AUTO]     return await fut
[ACTUALIZAR PAGOS · AUTO]            ^^^^^^^^^
[ACTUALIZAR PAGOS · AUTO]   File "/Users/nicolascesolari/Proyectos/estacionamiento_medido/API-REST Payment/backend/orquestador/trabajador.py", line 189, in _correr_tipo
[ACTUALIZAR PAGOS · AUTO]     return await PagosWorkflow(navegador).ejecutar(archivo_fn=archivo_creado, cerrar_navegador_al_final=False)
[ACTUALIZAR PAGOS · AUTO]            ^^^^^^^^^^^^^^^^^^^^^^^^^^^^^^^^^^^^^^^^^^^^^^^^^^^^^^^^^^^^^^^^^^^^^^^^^^^^^^^^^^^^^^^^^^^^^^^^^^^
[ACTUALIZAR PAGOS · AUTO]   File "/Users/nicolascesolari/Proyectos/estacionamiento_medido/API-REST Payment/backend/workflows/workflow_base.py", line 38, in ejecutar
[ACTUALIZAR PAGOS · AUTO]     await paso.ejecutar(contexto)
[ACTUALIZAR PAGOS · AUTO]   File "/Users/nicolascesolari/Proyectos/estacionamiento_medido/API-REST Payment/backend/pasos/descargas_paralelas_paso.py", line 69, in ejecutar
[ACTUALIZAR PAGOS · AUTO]     ruta_txt, ruta_sigemi, ruta_sigi = self._procesar_resultados(resultados)
[ACTUALIZAR PAGOS · AUTO]                                        ~~~~~~~~~~~~~~~~~~~~~~~~~^^^^^^^^^^^^
[ACTUALIZAR PAGOS · AUTO]   File "/Users/nicolascesolari/Proyectos/estacionamiento_medido/API-REST Payment/backend/pasos/descargas_paralelas_paso.py", line 147, in _procesar_resultados
[ACTUALIZAR PAGOS · AUTO]     raise error_txt
[ACTUALIZAR PAGOS · AUTO]   File "/Users/nicolascesolari/Proyectos/estacionamiento_medido/API-REST Payment/backend/pasos/descargas_paralelas_paso.py", line 122, in _con_tiempo
[ACTUALIZAR PAGOS · AUTO]     resultado = await corutina
[ACTUALIZAR PAGOS · AUTO]                 ^^^^^^^^^^^^^^
[ACTUALIZAR PAGOS · AUTO]   File "/Users/nicolascesolari/Proyectos/estacionamiento_medido/API-REST Payment/backend/pasos/descargas_paralelas_paso.py", line 95, in _descargar_pagos
[ACTUALIZAR PAGOS · AUTO]     return await service.descargar_txt_pagos(pagina)
[ACTUALIZAR PAGOS · AUTO]            ^^^^^^^^^^^^^^^^^^^^^^^^^^^^^^^^^^^^^^^^^
[ACTUALIZAR PAGOS · AUTO]   File "/Users/nicolascesolari/Proyectos/estacionamiento_medido/API-REST Payment/backend/services/pagos_service.py", line 21, in descargar_txt_pagos
[ACTUALIZAR PAGOS · AUTO]     await page.abrir()
[ACTUALIZAR PAGOS · AUTO]   File "/Users/nicolascesolari/Proyectos/estacionamiento_medido/API-REST Payment/backend/pages/descargar_pagos_page.py", line 16, in abrir
[ACTUALIZAR PAGOS · AUTO]     await self.page.goto(self.URL, wait_until="domcontentloaded", timeout=60000)
[ACTUALIZAR PAGOS · AUTO]   File "/Library/Frameworks/Python.framework/Versions/3.14/lib/python3.14/site-packages/playwright/async_api/_generated.py", line 9611, in goto
[ACTUALIZAR PAGOS · AUTO]     await self._impl_obj.goto(
[ACTUALIZAR PAGOS · AUTO]     ...<4 lines>...
[ACTUALIZAR PAGOS · AUTO]     )
[ACTUALIZAR PAGOS · AUTO]   File "/Library/Frameworks/Python.framework/Versions/3.14/lib/python3.14/site-packages/playwright/_impl/_page.py", line 557, in goto
[ACTUALIZAR PAGOS · AUTO]     return await self._main_frame.goto(**locals_to_params(locals()))
[ACTUALIZAR PAGOS · AUTO]            ^^^^^^^^^^^^^^^^^^^^^^^^^^^^^^^^^^^^^^^^^^^^^^^^^^^^^^^^^
[ACTUALIZAR PAGOS · AUTO]   File "/Library/Frameworks/Python.framework/Versions/3.14/lib/python3.14/site-packages/playwright/_impl/_frame.py", line 156, in goto
[ACTUALIZAR PAGOS · AUTO]     await self._channel.send(
[ACTUALIZAR PAGOS · AUTO]         "goto", self._navigation_timeout, locals_to_params(locals())
[ACTUALIZAR PAGOS · AUTO]     )
[ACTUALIZAR PAGOS · AUTO]   File "/Library/Frameworks/Python.framework/Versions/3.14/lib/python3.14/site-packages/playwright/_impl/_connection.py", line 69, in send
[ACTUALIZAR PAGOS · AUTO]     return await self._connection.wrap_api_call(
[ACTUALIZAR PAGOS · AUTO]            ^^^^^^^^^^^^^^^^^^^^^^^^^^^^^^^^^^^^^
[ACTUALIZAR PAGOS · AUTO]     ...<3 lines>...
[ACTUALIZAR PAGOS · AUTO]     )
[ACTUALIZAR PAGOS · AUTO]     ^
[ACTUALIZAR PAGOS · AUTO]   File "/Library/Frameworks/Python.framework/Versions/3.14/lib/python3.14/site-packages/playwright/_impl/_connection.py", line 559, in wrap_api_call
[ACTUALIZAR PAGOS · AUTO]     raise rewrite_error(error, f"{parsed_st['apiName']}: {error}") from None
[ACTUALIZAR PAGOS · AUTO] playwright._impl._errors.TimeoutError: Page.goto: Timeout 60000ms exceeded.
[ACTUALIZAR PAGOS · AUTO] Call log:
[ACTUALIZAR PAGOS · AUTO]   - navigating to "https://juzgado.villamaria.gob.ar/auxiliar/importar-actas-excel", waiting until "domcontentloaded"
[ACTUALIZAR PAGOS · AUTO] 🧹 Sesión guardada eliminada (auto-recuperación tras error: TimeoutError): datos/sesiones/sesion_general.json
[ACTUALIZAR PAGOS · AUTO] 🧹 Sesión guardada eliminada (auto-recuperación tras error: TimeoutError): datos/sesiones/sesion_semyt.json
[ACTUALIZAR PAGOS · AUTO] 🧹 Sesión guardada eliminada (auto-recuperación tras error: TimeoutError): datos/sesiones/sesion_sigi.json
ℹ El log detallado de esta corrida no se conservó en disco (no se llegó a subir ningún archivo).
❌ [Automático] 'pagos' falló (intento 1 de 4). Se reintenta a las 07:12.
🤖 [Automático] Es hora de actualizar pagos (reintento 1 de 3). Arrancando...
[ACTUALIZAR PAGOS · AUTO] === Inicio de ejecución: pagos ===
[ACTUALIZAR PAGOS · AUTO] ==================================================
[ACTUALIZAR PAGOS · AUTO] 🚀 PASO: LoginSEMyTPaso
[ACTUALIZAR PAGOS · AUTO] ==================================================
[ACTUALIZAR PAGOS · AUTO] Abriendo SEMyT...
⏳ [Automático] Tocaba disparar 'pagos' pero ya hay una ejecución en curso (Actualizar pagos); esperando a que termine; se reintenta en breve sin perder el turno.
[ACTUALIZAR PAGOS · AUTO] ❌ === ERROR: TimeoutError: Page.goto: Timeout 60000ms exceeded.
[ACTUALIZAR PAGOS · AUTO] Call log:
[ACTUALIZAR PAGOS · AUTO]   - navigating to "https://ciudad.villamaria.gob.ar/#/inicio", waiting until "domcontentloaded"
[ACTUALIZAR PAGOS · AUTO]  ===
[ACTUALIZAR PAGOS · AUTO] Traceback (most recent call last):
[ACTUALIZAR PAGOS · AUTO]   File "/Users/nicolascesolari/Proyectos/estacionamiento_medido/API-REST Payment/backend/orquestador/trabajador.py", line 119, in ejecutar_worker
[ACTUALIZAR PAGOS · AUTO]     contexto_resultado = asyncio.run(
[ACTUALIZAR PAGOS · AUTO]         asyncio.wait_for(
[ACTUALIZAR PAGOS · AUTO]     ...<2 lines>...
[ACTUALIZAR PAGOS · AUTO]         )
[ACTUALIZAR PAGOS · AUTO]     )
[ACTUALIZAR PAGOS · AUTO]   File "/Library/Frameworks/Python.framework/Versions/3.14/lib/python3.14/asyncio/runners.py", line 205, in run
[ACTUALIZAR PAGOS · AUTO]     return runner.run(main)
[ACTUALIZAR PAGOS · AUTO]            ~~~~~~~~~~^^^^^^
[ACTUALIZAR PAGOS · AUTO]   File "/Library/Frameworks/Python.framework/Versions/3.14/lib/python3.14/asyncio/runners.py", line 128, in run
[ACTUALIZAR PAGOS · AUTO]     return self._loop.run_until_complete(task)
[ACTUALIZAR PAGOS · AUTO]            ~~~~~~~~~~~~~~~~~~~~~~~~~~~~~^^^^^^
[ACTUALIZAR PAGOS · AUTO]   File "/Library/Frameworks/Python.framework/Versions/3.14/lib/python3.14/asyncio/base_events.py", line 719, in run_until_complete
[ACTUALIZAR PAGOS · AUTO]     return future.result()
[ACTUALIZAR PAGOS · AUTO]            ~~~~~~~~~~~~~^^
[ACTUALIZAR PAGOS · AUTO]   File "/Library/Frameworks/Python.framework/Versions/3.14/lib/python3.14/asyncio/tasks.py", line 488, in wait_for
[ACTUALIZAR PAGOS · AUTO]     return await fut
[ACTUALIZAR PAGOS · AUTO]            ^^^^^^^^^
[ACTUALIZAR PAGOS · AUTO]   File "/Users/nicolascesolari/Proyectos/estacionamiento_medido/API-REST Payment/backend/orquestador/trabajador.py", line 189, in _correr_tipo
[ACTUALIZAR PAGOS · AUTO]     return await PagosWorkflow(navegador).ejecutar(archivo_fn=archivo_creado, cerrar_navegador_al_final=False)
[ACTUALIZAR PAGOS · AUTO]            ^^^^^^^^^^^^^^^^^^^^^^^^^^^^^^^^^^^^^^^^^^^^^^^^^^^^^^^^^^^^^^^^^^^^^^^^^^^^^^^^^^^^^^^^^^^^^^^^^^^
[ACTUALIZAR PAGOS · AUTO]   File "/Users/nicolascesolari/Proyectos/estacionamiento_medido/API-REST Payment/backend/workflows/workflow_base.py", line 38, in ejecutar
[ACTUALIZAR PAGOS · AUTO]     await paso.ejecutar(contexto)
[ACTUALIZAR PAGOS · AUTO]   File "/Users/nicolascesolari/Proyectos/estacionamiento_medido/API-REST Payment/backend/pasos/login_semyt_paso.py", line 26, in ejecutar
[ACTUALIZAR PAGOS · AUTO]     await login_page.abrir_semyt_con_sesion()
[ACTUALIZAR PAGOS · AUTO]   File "/Users/nicolascesolari/Proyectos/estacionamiento_medido/API-REST Payment/backend/pages/login_page.py", line 27, in abrir_semyt_con_sesion
[ACTUALIZAR PAGOS · AUTO]     await self.page.goto(self.url_inicio_semyt(), wait_until="domcontentloaded", timeout=60000)
[ACTUALIZAR PAGOS · AUTO]   File "/Library/Frameworks/Python.framework/Versions/3.14/lib/python3.14/site-packages/playwright/async_api/_generated.py", line 9611, in goto
[ACTUALIZAR PAGOS · AUTO]     await self._impl_obj.goto(
[ACTUALIZAR PAGOS · AUTO]     ...<4 lines>...
[ACTUALIZAR PAGOS · AUTO]     )
[ACTUALIZAR PAGOS · AUTO]   File "/Library/Frameworks/Python.framework/Versions/3.14/lib/python3.14/site-packages/playwright/_impl/_page.py", line 557, in goto
[ACTUALIZAR PAGOS · AUTO]     return await self._main_frame.goto(**locals_to_params(locals()))
[ACTUALIZAR PAGOS · AUTO]            ^^^^^^^^^^^^^^^^^^^^^^^^^^^^^^^^^^^^^^^^^^^^^^^^^^^^^^^^^
[ACTUALIZAR PAGOS · AUTO]   File "/Library/Frameworks/Python.framework/Versions/3.14/lib/python3.14/site-packages/playwright/_impl/_frame.py", line 156, in goto
[ACTUALIZAR PAGOS · AUTO]     await self._channel.send(
[ACTUALIZAR PAGOS · AUTO]         "goto", self._navigation_timeout, locals_to_params(locals())
[ACTUALIZAR PAGOS · AUTO]     )
[ACTUALIZAR PAGOS · AUTO]   File "/Library/Frameworks/Python.framework/Versions/3.14/lib/python3.14/site-packages/playwright/_impl/_connection.py", line 69, in send
[ACTUALIZAR PAGOS · AUTO]     return await self._connection.wrap_api_call(
[ACTUALIZAR PAGOS · AUTO]            ^^^^^^^^^^^^^^^^^^^^^^^^^^^^^^^^^^^^^
[ACTUALIZAR PAGOS · AUTO]     ...<3 lines>...
[ACTUALIZAR PAGOS · AUTO]     )
[ACTUALIZAR PAGOS · AUTO]     ^
[ACTUALIZAR PAGOS · AUTO]   File "/Library/Frameworks/Python.framework/Versions/3.14/lib/python3.14/site-packages/playwright/_impl/_connection.py", line 559, in wrap_api_call
[ACTUALIZAR PAGOS · AUTO]     raise rewrite_error(error, f"{parsed_st['apiName']}: {error}") from None
[ACTUALIZAR PAGOS · AUTO] playwright._impl._errors.TimeoutError: Page.goto: Timeout 60000ms exceeded.
[ACTUALIZAR PAGOS · AUTO] Call log:
[ACTUALIZAR PAGOS · AUTO]   - navigating to "https://ciudad.villamaria.gob.ar/#/inicio", waiting until "domcontentloaded"
ℹ El log detallado de esta corrida no se conservó en disco (no se llegó a subir ningún archivo).
❌ [Automático] 'pagos' falló (intento 2 de 4). Se reintenta a las 07:29.
🤖 [Automático] Es hora de actualizar pagos (reintento 2 de 3). Arrancando...
[ACTUALIZAR PAGOS · AUTO] === Inicio de ejecución: pagos ===
[ACTUALIZAR PAGOS · AUTO] ==================================================
[ACTUALIZAR PAGOS · AUTO] 🚀 PASO: LoginSEMyTPaso
[ACTUALIZAR PAGOS · AUTO] ==================================================
[ACTUALIZAR PAGOS · AUTO] Abriendo SEMyT...
[ACTUALIZAR PAGOS · AUTO] ❌ [SEMyT] No hay sesión activa. Iniciando login...
[ACTUALIZAR PAGOS · AUTO] ✅ [SEMyT] Login completado.
[ACTUALIZAR PAGOS · AUTO] ✅ LoginSEMyTPaso finalizado. (⏱ 2.7s)
[ACTUALIZAR PAGOS · AUTO] ==================================================
[ACTUALIZAR PAGOS · AUTO] 🚀 PASO: LoginSIGIPaso
[ACTUALIZAR PAGOS · AUTO] ==================================================
[ACTUALIZAR PAGOS · AUTO] Abriendo sitio municipalidad (CiDi)...
[ACTUALIZAR PAGOS · AUTO] ❌ [SIGI] No hay sesión activa. Iniciando login CiDi...
[ACTUALIZAR PAGOS · AUTO] ✅ [SIGI] Login completado.
[ACTUALIZAR PAGOS · AUTO] ✅ LoginSIGIPaso finalizado. (⏱ 7.7s)
[ACTUALIZAR PAGOS · AUTO] ==================================================
[ACTUALIZAR PAGOS · AUTO] 🚀 PASO: DescargasParalelasPaso
[ACTUALIZAR PAGOS · AUTO] ==================================================
[ACTUALIZAR PAGOS · AUTO] 📤 Arrancando las 3 descargas en paralelo (mismo browser, páginas separadas)...
[ACTUALIZAR PAGOS · AUTO] Fecha Desde: 27/06/2024
[ACTUALIZAR PAGOS · AUTO] Fecha Hasta: 24/11/2025
[ACTUALIZAR PAGOS · AUTO] Fecha Desde: 25/11/2025
[ACTUALIZAR PAGOS · AUTO] Fecha Hasta: 15/08/2026
[ACTUALIZAR PAGOS · AUTO] Descargando Excel...
[ACTUALIZAR PAGOS · AUTO] Descargando Excel...
[ACTUALIZAR PAGOS · AUTO] ⏱ [pagos_txt] falló a los 0.5s -> TimeoutError: Page.wait_for_selector: Timeout 45000ms exceeded.
[ACTUALIZAR PAGOS · AUTO] Call log:
[ACTUALIZAR PAGOS · AUTO]   - waiting for locator("text=Exportaciones") to be visible
⏳ [Automático] Tocaba disparar 'pagos' pero ya hay una ejecución en curso (Actualizar pagos); esperando a que termine; se reintenta en breve sin perder el turno.
[ACTUALIZAR PAGOS · AUTO] Archivo descargado en: datos/descargas/cache_actas_cruce/MULTAS_SIGI_CRUCE.xlsx
[ACTUALIZAR PAGOS · AUTO] ⏱ [actas_sigi] completado en 15.4s
[ACTUALIZAR PAGOS · AUTO] Archivo descargado en: datos/descargas/cache_actas_cruce/MULTAS_SIGEMI_CRUCE.xlsx
[ACTUALIZAR PAGOS · AUTO] ⏱ [actas_sigemi] completado en 22.1s
[ACTUALIZAR PAGOS · AUTO] ⏱ TOTAL descargas en paralelo: 22.1s
[ACTUALIZAR PAGOS · AUTO] ❌ === ERROR: TimeoutError: Page.wait_for_selector: Timeout 45000ms exceeded.
[ACTUALIZAR PAGOS · AUTO] Call log:
[ACTUALIZAR PAGOS · AUTO]   - waiting for locator("text=Exportaciones") to be visible
[ACTUALIZAR PAGOS · AUTO]  ===
[ACTUALIZAR PAGOS · AUTO] Traceback (most recent call last):
[ACTUALIZAR PAGOS · AUTO]   File "/Users/nicolascesolari/Proyectos/estacionamiento_medido/API-REST Payment/backend/orquestador/trabajador.py", line 119, in ejecutar_worker
[ACTUALIZAR PAGOS · AUTO]     contexto_resultado = asyncio.run(
[ACTUALIZAR PAGOS · AUTO]         asyncio.wait_for(
[ACTUALIZAR PAGOS · AUTO]     ...<2 lines>...
[ACTUALIZAR PAGOS · AUTO]         )
[ACTUALIZAR PAGOS · AUTO]     )
[ACTUALIZAR PAGOS · AUTO]   File "/Library/Frameworks/Python.framework/Versions/3.14/lib/python3.14/asyncio/runners.py", line 205, in run
[ACTUALIZAR PAGOS · AUTO]     return runner.run(main)
[ACTUALIZAR PAGOS · AUTO]            ~~~~~~~~~~^^^^^^
[ACTUALIZAR PAGOS · AUTO]   File "/Library/Frameworks/Python.framework/Versions/3.14/lib/python3.14/asyncio/runners.py", line 128, in run
[ACTUALIZAR PAGOS · AUTO]     return self._loop.run_until_complete(task)
[ACTUALIZAR PAGOS · AUTO]            ~~~~~~~~~~~~~~~~~~~~~~~~~~~~~^^^^^^
[ACTUALIZAR PAGOS · AUTO]   File "/Library/Frameworks/Python.framework/Versions/3.14/lib/python3.14/asyncio/base_events.py", line 719, in run_until_complete
[ACTUALIZAR PAGOS · AUTO]     return future.result()
[ACTUALIZAR PAGOS · AUTO]            ~~~~~~~~~~~~~^^
[ACTUALIZAR PAGOS · AUTO]   File "/Library/Frameworks/Python.framework/Versions/3.14/lib/python3.14/asyncio/tasks.py", line 488, in wait_for
[ACTUALIZAR PAGOS · AUTO]     return await fut
[ACTUALIZAR PAGOS · AUTO]            ^^^^^^^^^
[ACTUALIZAR PAGOS · AUTO]   File "/Users/nicolascesolari/Proyectos/estacionamiento_medido/API-REST Payment/backend/orquestador/trabajador.py", line 189, in _correr_tipo
[ACTUALIZAR PAGOS · AUTO]     return await PagosWorkflow(navegador).ejecutar(archivo_fn=archivo_creado, cerrar_navegador_al_final=False)
[ACTUALIZAR PAGOS · AUTO]            ^^^^^^^^^^^^^^^^^^^^^^^^^^^^^^^^^^^^^^^^^^^^^^^^^^^^^^^^^^^^^^^^^^^^^^^^^^^^^^^^^^^^^^^^^^^^^^^^^^^
[ACTUALIZAR PAGOS · AUTO]   File "/Users/nicolascesolari/Proyectos/estacionamiento_medido/API-REST Payment/backend/workflows/workflow_base.py", line 38, in ejecutar
[ACTUALIZAR PAGOS · AUTO]     await paso.ejecutar(contexto)
[ACTUALIZAR PAGOS · AUTO]   File "/Users/nicolascesolari/Proyectos/estacionamiento_medido/API-REST Payment/backend/pasos/descargas_paralelas_paso.py", line 69, in ejecutar
[ACTUALIZAR PAGOS · AUTO]     ruta_txt, ruta_sigemi, ruta_sigi = self._procesar_resultados(resultados)
[ACTUALIZAR PAGOS · AUTO]                                        ~~~~~~~~~~~~~~~~~~~~~~~~~^^^^^^^^^^^^
[ACTUALIZAR PAGOS · AUTO]   File "/Users/nicolascesolari/Proyectos/estacionamiento_medido/API-REST Payment/backend/pasos/descargas_paralelas_paso.py", line 147, in _procesar_resultados
[ACTUALIZAR PAGOS · AUTO]     raise error_txt
[ACTUALIZAR PAGOS · AUTO]   File "/Users/nicolascesolari/Proyectos/estacionamiento_medido/API-REST Payment/backend/pasos/descargas_paralelas_paso.py", line 122, in _con_tiempo
[ACTUALIZAR PAGOS · AUTO]     resultado = await corutina
[ACTUALIZAR PAGOS · AUTO]                 ^^^^^^^^^^^^^^
[ACTUALIZAR PAGOS · AUTO]   File "/Users/nicolascesolari/Proyectos/estacionamiento_medido/API-REST Payment/backend/pasos/descargas_paralelas_paso.py", line 95, in _descargar_pagos
[ACTUALIZAR PAGOS · AUTO]     return await service.descargar_txt_pagos(pagina)
[ACTUALIZAR PAGOS · AUTO]            ^^^^^^^^^^^^^^^^^^^^^^^^^^^^^^^^^^^^^^^^^
[ACTUALIZAR PAGOS · AUTO]   File "/Users/nicolascesolari/Proyectos/estacionamiento_medido/API-REST Payment/backend/services/pagos_service.py", line 21, in descargar_txt_pagos
[ACTUALIZAR PAGOS · AUTO]     await page.abrir()
[ACTUALIZAR PAGOS · AUTO]   File "/Users/nicolascesolari/Proyectos/estacionamiento_medido/API-REST Payment/backend/pages/descargar_pagos_page.py", line 17, in abrir
[ACTUALIZAR PAGOS · AUTO]     await self.page.wait_for_selector("text=Exportaciones", timeout=45000)
[ACTUALIZAR PAGOS · AUTO]   File "/Library/Frameworks/Python.framework/Versions/3.14/lib/python3.14/site-packages/playwright/async_api/_generated.py", line 8795, in wait_for_selector
[ACTUALIZAR PAGOS · AUTO]     await self._impl_obj.wait_for_selector(
[ACTUALIZAR PAGOS · AUTO]     ...<4 lines>...
[ACTUALIZAR PAGOS · AUTO]     )
[ACTUALIZAR PAGOS · AUTO]   File "/Library/Frameworks/Python.framework/Versions/3.14/lib/python3.14/site-packages/playwright/_impl/_page.py", line 424, in wait_for_selector
[ACTUALIZAR PAGOS · AUTO]     return await self._main_frame.wait_for_selector(**locals_to_params(locals()))
[ACTUALIZAR PAGOS · AUTO]            ^^^^^^^^^^^^^^^^^^^^^^^^^^^^^^^^^^^^^^^^^^^^^^^^^^^^^^^^^^^^^^^^^^^^^^
[ACTUALIZAR PAGOS · AUTO]   File "/Library/Frameworks/Python.framework/Versions/3.14/lib/python3.14/site-packages/playwright/_impl/_frame.py", line 372, in wait_for_selector
[ACTUALIZAR PAGOS · AUTO]     await self._channel.send(
[ACTUALIZAR PAGOS · AUTO]         "waitForSelector", self._timeout, locals_to_params(locals())
[ACTUALIZAR PAGOS · AUTO]     )
[ACTUALIZAR PAGOS · AUTO]   File "/Library/Frameworks/Python.framework/Versions/3.14/lib/python3.14/site-packages/playwright/_impl/_connection.py", line 69, in send
[ACTUALIZAR PAGOS · AUTO]     return await self._connection.wrap_api_call(
[ACTUALIZAR PAGOS · AUTO]            ^^^^^^^^^^^^^^^^^^^^^^^^^^^^^^^^^^^^^
[ACTUALIZAR PAGOS · AUTO]     ...<3 lines>...
[ACTUALIZAR PAGOS · AUTO]     )
[ACTUALIZAR PAGOS · AUTO]     ^
[ACTUALIZAR PAGOS · AUTO]   File "/Library/Frameworks/Python.framework/Versions/3.14/lib/python3.14/site-packages/playwright/_impl/_connection.py", line 559, in wrap_api_call
[ACTUALIZAR PAGOS · AUTO]     raise rewrite_error(error, f"{parsed_st['apiName']}: {error}") from None
[ACTUALIZAR PAGOS · AUTO] playwright._impl._errors.TimeoutError: Page.wait_for_selector: Timeout 45000ms exceeded.
[ACTUALIZAR PAGOS · AUTO] Call log:
[ACTUALIZAR PAGOS · AUTO]   - waiting for locator("text=Exportaciones") to be visible
[ACTUALIZAR PAGOS · AUTO] 🧹 Sesión guardada eliminada (auto-recuperación tras error: TimeoutError): datos/sesiones/sesion_general.json
[ACTUALIZAR PAGOS · AUTO] 🧹 Sesión guardada eliminada (auto-recuperación tras error: TimeoutError): datos/sesiones/sesion_semyt.json
[ACTUALIZAR PAGOS · AUTO] 🧹 Sesión guardada eliminada (auto-recuperación tras error: TimeoutError): datos/sesiones/sesion_sigi.json
ℹ El log detallado de esta corrida no se conservó en disco (no se llegó a subir ningún archivo).
❌ [Automático] 'pagos' falló (intento 3 de 4). Se reintenta a las 08:10.
🤖 [Automático] Es hora de actualizar pagos (reintento 3 de 3). Arrancando...
[ACTUALIZAR PAGOS · AUTO] === Inicio de ejecución: pagos ===
[ACTUALIZAR PAGOS · AUTO] ==================================================
[ACTUALIZAR PAGOS · AUTO] 🚀 PASO: LoginSEMyTPaso
[ACTUALIZAR PAGOS · AUTO] ==================================================
[ACTUALIZAR PAGOS · AUTO] Abriendo SEMyT...
[ACTUALIZAR PAGOS · AUTO] ❌ === ERROR: TimeoutError: Page.goto: Timeout 60000ms exceeded.
[ACTUALIZAR PAGOS · AUTO] Call log:
[ACTUALIZAR PAGOS · AUTO]   - navigating to "https://ciudad.villamaria.gob.ar/#/inicio", waiting until "domcontentloaded"
[ACTUALIZAR PAGOS · AUTO]  ===
[ACTUALIZAR PAGOS · AUTO] Traceback (most recent call last):
[ACTUALIZAR PAGOS · AUTO]   File "/Users/nicolascesolari/Proyectos/estacionamiento_medido/API-REST Payment/backend/orquestador/trabajador.py", line 119, in ejecutar_worker
[ACTUALIZAR PAGOS · AUTO]     contexto_resultado = asyncio.run(
[ACTUALIZAR PAGOS · AUTO]         asyncio.wait_for(
[ACTUALIZAR PAGOS · AUTO]     ...<2 lines>...
[ACTUALIZAR PAGOS · AUTO]         )
[ACTUALIZAR PAGOS · AUTO]     )
[ACTUALIZAR PAGOS · AUTO]   File "/Library/Frameworks/Python.framework/Versions/3.14/lib/python3.14/asyncio/runners.py", line 205, in run
[ACTUALIZAR PAGOS · AUTO]     return runner.run(main)
[ACTUALIZAR PAGOS · AUTO]            ~~~~~~~~~~^^^^^^
[ACTUALIZAR PAGOS · AUTO]   File "/Library/Frameworks/Python.framework/Versions/3.14/lib/python3.14/asyncio/runners.py", line 128, in run
[ACTUALIZAR PAGOS · AUTO]     return self._loop.run_until_complete(task)
[ACTUALIZAR PAGOS · AUTO]            ~~~~~~~~~~~~~~~~~~~~~~~~~~~~~^^^^^^
[ACTUALIZAR PAGOS · AUTO]   File "/Library/Frameworks/Python.framework/Versions/3.14/lib/python3.14/asyncio/base_events.py", line 719, in run_until_complete
[ACTUALIZAR PAGOS · AUTO]     return future.result()
[ACTUALIZAR PAGOS · AUTO]            ~~~~~~~~~~~~~^^
[ACTUALIZAR PAGOS · AUTO]   File "/Library/Frameworks/Python.framework/Versions/3.14/lib/python3.14/asyncio/tasks.py", line 488, in wait_for
[ACTUALIZAR PAGOS · AUTO]     return await fut
[ACTUALIZAR PAGOS · AUTO]            ^^^^^^^^^
[ACTUALIZAR PAGOS · AUTO]   File "/Users/nicolascesolari/Proyectos/estacionamiento_medido/API-REST Payment/backend/orquestador/trabajador.py", line 189, in _correr_tipo
[ACTUALIZAR PAGOS · AUTO]     return await PagosWorkflow(navegador).ejecutar(archivo_fn=archivo_creado, cerrar_navegador_al_final=False)
[ACTUALIZAR PAGOS · AUTO]            ^^^^^^^^^^^^^^^^^^^^^^^^^^^^^^^^^^^^^^^^^^^^^^^^^^^^^^^^^^^^^^^^^^^^^^^^^^^^^^^^^^^^^^^^^^^^^^^^^^^
[ACTUALIZAR PAGOS · AUTO]   File "/Users/nicolascesolari/Proyectos/estacionamiento_medido/API-REST Payment/backend/workflows/workflow_base.py", line 38, in ejecutar
[ACTUALIZAR PAGOS · AUTO]     await paso.ejecutar(contexto)
[ACTUALIZAR PAGOS · AUTO]   File "/Users/nicolascesolari/Proyectos/estacionamiento_medido/API-REST Payment/backend/pasos/login_semyt_paso.py", line 26, in ejecutar
[ACTUALIZAR PAGOS · AUTO]     await login_page.abrir_semyt_con_sesion()
[ACTUALIZAR PAGOS · AUTO]   File "/Users/nicolascesolari/Proyectos/estacionamiento_medido/API-REST Payment/backend/pages/login_page.py", line 27, in abrir_semyt_con_sesion
[ACTUALIZAR PAGOS · AUTO]     await self.page.goto(self.url_inicio_semyt(), wait_until="domcontentloaded", timeout=60000)
[ACTUALIZAR PAGOS · AUTO]   File "/Library/Frameworks/Python.framework/Versions/3.14/lib/python3.14/site-packages/playwright/async_api/_generated.py", line 9611, in goto
[ACTUALIZAR PAGOS · AUTO]     await self._impl_obj.goto(
[ACTUALIZAR PAGOS · AUTO]     ...<4 lines>...
[ACTUALIZAR PAGOS · AUTO]     )
[ACTUALIZAR PAGOS · AUTO]   File "/Library/Frameworks/Python.framework/Versions/3.14/lib/python3.14/site-packages/playwright/_impl/_page.py", line 557, in goto
[ACTUALIZAR PAGOS · AUTO]     return await self._main_frame.goto(**locals_to_params(locals()))
[ACTUALIZAR PAGOS · AUTO]            ^^^^^^^^^^^^^^^^^^^^^^^^^^^^^^^^^^^^^^^^^^^^^^^^^^^^^^^^^
[ACTUALIZAR PAGOS · AUTO]   File "/Library/Frameworks/Python.framework/Versions/3.14/lib/python3.14/site-packages/playwright/_impl/_frame.py", line 156, in goto
[ACTUALIZAR PAGOS · AUTO]     await self._channel.send(
[ACTUALIZAR PAGOS · AUTO]         "goto", self._navigation_timeout, locals_to_params(locals())
[ACTUALIZAR PAGOS · AUTO]     )
[ACTUALIZAR PAGOS · AUTO]   File "/Library/Frameworks/Python.framework/Versions/3.14/lib/python3.14/site-packages/playwright/_impl/_connection.py", line 69, in send
[ACTUALIZAR PAGOS · AUTO]     return await self._connection.wrap_api_call(
[ACTUALIZAR PAGOS · AUTO]            ^^^^^^^^^^^^^^^^^^^^^^^^^^^^^^^^^^^^^
[ACTUALIZAR PAGOS · AUTO]     ...<3 lines>...
[ACTUALIZAR PAGOS · AUTO]     )
[ACTUALIZAR PAGOS · AUTO]     ^
[ACTUALIZAR PAGOS · AUTO]   File "/Library/Frameworks/Python.framework/Versions/3.14/lib/python3.14/site-packages/playwright/_impl/_connection.py", line 559, in wrap_api_call
[ACTUALIZAR PAGOS · AUTO]     raise rewrite_error(error, f"{parsed_st['apiName']}: {error}") from None
[ACTUALIZAR PAGOS · AUTO] playwright._impl._errors.TimeoutError: Page.goto: Timeout 60000ms exceeded.
[ACTUALIZAR PAGOS · AUTO] Call log:
[ACTUALIZAR PAGOS · AUTO]   - navigating to "https://ciudad.villamaria.gob.ar/#/inicio", waiting until "domcontentloaded"
ℹ El log detallado de esta corrida no se conservó en disco (no se llegó a subir ningún archivo).
❌ [Automático] 'pagos' falló 4 veces seguidas (actualizar pagos). Se dejan de reintentar por ahora; revisá el log de esa ejecución para ver el detalle del error. Se retoma en el horario normal.
🤖 [Automático] Es hora de actualizar pagos. Arrancando...
[ACTUALIZAR PAGOS · AUTO] === Inicio de ejecución: pagos ===
[ACTUALIZAR PAGOS · AUTO] ==================================================
[ACTUALIZAR PAGOS · AUTO] 🚀 PASO: LoginSEMyTPaso
[ACTUALIZAR PAGOS · AUTO] ==================================================
[ACTUALIZAR PAGOS · AUTO] Abriendo SEMyT...
[ACTUALIZAR PAGOS · AUTO] ❌ === ERROR: TimeoutError: Page.goto: Timeout 60000ms exceeded.
[ACTUALIZAR PAGOS · AUTO] Call log:
[ACTUALIZAR PAGOS · AUTO]   - navigating to "https://ciudad.villamaria.gob.ar/#/inicio", waiting until "domcontentloaded"
[ACTUALIZAR PAGOS · AUTO]  ===
[ACTUALIZAR PAGOS · AUTO] Traceback (most recent call last):
[ACTUALIZAR PAGOS · AUTO]   File "/Users/nicolascesolari/Proyectos/estacionamiento_medido/API-REST Payment/backend/orquestador/trabajador.py", line 119, in ejecutar_worker
[ACTUALIZAR PAGOS · AUTO]     contexto_resultado = asyncio.run(
[ACTUALIZAR PAGOS · AUTO]         asyncio.wait_for(
[ACTUALIZAR PAGOS · AUTO]     ...<2 lines>...
[ACTUALIZAR PAGOS · AUTO]         )
[ACTUALIZAR PAGOS · AUTO]     )
[ACTUALIZAR PAGOS · AUTO]   File "/Library/Frameworks/Python.framework/Versions/3.14/lib/python3.14/asyncio/runners.py", line 205, in run
[ACTUALIZAR PAGOS · AUTO]     return runner.run(main)
[ACTUALIZAR PAGOS · AUTO]            ~~~~~~~~~~^^^^^^
[ACTUALIZAR PAGOS · AUTO]   File "/Library/Frameworks/Python.framework/Versions/3.14/lib/python3.14/asyncio/runners.py", line 128, in run
[ACTUALIZAR PAGOS · AUTO]     return self._loop.run_until_complete(task)
[ACTUALIZAR PAGOS · AUTO]            ~~~~~~~~~~~~~~~~~~~~~~~~~~~~~^^^^^^
[ACTUALIZAR PAGOS · AUTO]   File "/Library/Frameworks/Python.framework/Versions/3.14/lib/python3.14/asyncio/base_events.py", line 719, in run_until_complete
[ACTUALIZAR PAGOS · AUTO]     return future.result()
[ACTUALIZAR PAGOS · AUTO]            ~~~~~~~~~~~~~^^
[ACTUALIZAR PAGOS · AUTO]   File "/Library/Frameworks/Python.framework/Versions/3.14/lib/python3.14/asyncio/tasks.py", line 488, in wait_for
[ACTUALIZAR PAGOS · AUTO]     return await fut
[ACTUALIZAR PAGOS · AUTO]            ^^^^^^^^^
[ACTUALIZAR PAGOS · AUTO]   File "/Users/nicolascesolari/Proyectos/estacionamiento_medido/API-REST Payment/backend/orquestador/trabajador.py", line 189, in _correr_tipo
[ACTUALIZAR PAGOS · AUTO]     return await PagosWorkflow(navegador).ejecutar(archivo_fn=archivo_creado, cerrar_navegador_al_final=False)
[ACTUALIZAR PAGOS · AUTO]            ^^^^^^^^^^^^^^^^^^^^^^^^^^^^^^^^^^^^^^^^^^^^^^^^^^^^^^^^^^^^^^^^^^^^^^^^^^^^^^^^^^^^^^^^^^^^^^^^^^^
[ACTUALIZAR PAGOS · AUTO]   File "/Users/nicolascesolari/Proyectos/estacionamiento_medido/API-REST Payment/backend/workflows/workflow_base.py", line 38, in ejecutar
[ACTUALIZAR PAGOS · AUTO]     await paso.ejecutar(contexto)
[ACTUALIZAR PAGOS · AUTO]   File "/Users/nicolascesolari/Proyectos/estacionamiento_medido/API-REST Payment/backend/pasos/login_semyt_paso.py", line 26, in ejecutar
[ACTUALIZAR PAGOS · AUTO]     await login_page.abrir_semyt_con_sesion()
[ACTUALIZAR PAGOS · AUTO]   File "/Users/nicolascesolari/Proyectos/estacionamiento_medido/API-REST Payment/backend/pages/login_page.py", line 27, in abrir_semyt_con_sesion
[ACTUALIZAR PAGOS · AUTO]     await self.page.goto(self.url_inicio_semyt(), wait_until="domcontentloaded", timeout=60000)
[ACTUALIZAR PAGOS · AUTO]   File "/Library/Frameworks/Python.framework/Versions/3.14/lib/python3.14/site-packages/playwright/async_api/_generated.py", line 9611, in goto
[ACTUALIZAR PAGOS · AUTO]     await self._impl_obj.goto(
[ACTUALIZAR PAGOS · AUTO]     ...<4 lines>...
[ACTUALIZAR PAGOS · AUTO]     )
[ACTUALIZAR PAGOS · AUTO]   File "/Library/Frameworks/Python.framework/Versions/3.14/lib/python3.14/site-packages/playwright/_impl/_page.py", line 557, in goto
[ACTUALIZAR PAGOS · AUTO]     return await self._main_frame.goto(**locals_to_params(locals()))
[ACTUALIZAR PAGOS · AUTO]            ^^^^^^^^^^^^^^^^^^^^^^^^^^^^^^^^^^^^^^^^^^^^^^^^^^^^^^^^^
[ACTUALIZAR PAGOS · AUTO]   File "/Library/Frameworks/Python.framework/Versions/3.14/lib/python3.14/site-packages/playwright/_impl/_frame.py", line 156, in goto
[ACTUALIZAR PAGOS · AUTO]     await self._channel.send(
[ACTUALIZAR PAGOS · AUTO]         "goto", self._navigation_timeout, locals_to_params(locals())
[ACTUALIZAR PAGOS · AUTO]     )
[ACTUALIZAR PAGOS · AUTO]   File "/Library/Frameworks/Python.framework/Versions/3.14/lib/python3.14/site-packages/playwright/_impl/_connection.py", line 69, in send
[ACTUALIZAR PAGOS · AUTO]     return await self._connection.wrap_api_call(
[ACTUALIZAR PAGOS · AUTO]            ^^^^^^^^^^^^^^^^^^^^^^^^^^^^^^^^^^^^^
[ACTUALIZAR PAGOS · AUTO]     ...<3 lines>...
[ACTUALIZAR PAGOS · AUTO]     )
[ACTUALIZAR PAGOS · AUTO]     ^
[ACTUALIZAR PAGOS · AUTO]   File "/Library/Frameworks/Python.framework/Versions/3.14/lib/python3.14/site-packages/playwright/_impl/_connection.py", line 559, in wrap_api_call
[ACTUALIZAR PAGOS · AUTO]     raise rewrite_error(error, f"{parsed_st['apiName']}: {error}") from None
[ACTUALIZAR PAGOS · AUTO] playwright._impl._errors.TimeoutError: Page.goto: Timeout 60000ms exceeded.
[ACTUALIZAR PAGOS · AUTO] Call log:
[ACTUALIZAR PAGOS · AUTO]   - navigating to "https://ciudad.villamaria.gob.ar/#/inicio", waiting until "domcontentloaded"
ℹ El log detallado de esta corrida no se conservó en disco (no se llegó a subir ningún archivo).
❌ [Automático] 'pagos' falló (intento 1 de 4). Se reintenta a las 08:27.
🤖 [Automático] Es hora de actualizar pagos (reintento 1 de 3). Arrancando...
[ACTUALIZAR PAGOS · AUTO] === Inicio de ejecución: pagos ===
[ACTUALIZAR PAGOS · AUTO] ==================================================
[ACTUALIZAR PAGOS · AUTO] 🚀 PASO: LoginSEMyTPaso
[ACTUALIZAR PAGOS · AUTO] ==================================================
[ACTUALIZAR PAGOS · AUTO] Abriendo SEMyT...
[ACTUALIZAR PAGOS · AUTO] ❌ [SEMyT] No hay sesión activa. Iniciando login...
[ACTUALIZAR PAGOS · AUTO] ❌ === ERROR: TimeoutError: Locator.click: Timeout 30000ms exceeded.
[ACTUALIZAR PAGOS · AUTO] Call log:
[ACTUALIZAR PAGOS · AUTO]   - waiting for get_by_role("button", name="Ingresar")
[ACTUALIZAR PAGOS · AUTO]     - locator resolved to <button _ngcontent-c1="" mat-raised-button="" class="col-12 fondo-azul texto-blanco mat-raised-button">…</button>
[ACTUALIZAR PAGOS · AUTO]   - attempting click action
[ACTUALIZAR PAGOS · AUTO]     - waiting for element to be visible, enabled and stable
[ACTUALIZAR PAGOS · AUTO]  ===
[ACTUALIZAR PAGOS · AUTO] Traceback (most recent call last):
[ACTUALIZAR PAGOS · AUTO]   File "/Users/nicolascesolari/Proyectos/estacionamiento_medido/API-REST Payment/backend/orquestador/trabajador.py", line 119, in ejecutar_worker
[ACTUALIZAR PAGOS · AUTO]     contexto_resultado = asyncio.run(
[ACTUALIZAR PAGOS · AUTO]         asyncio.wait_for(
[ACTUALIZAR PAGOS · AUTO]     ...<2 lines>...
[ACTUALIZAR PAGOS · AUTO]         )
[ACTUALIZAR PAGOS · AUTO]     )
[ACTUALIZAR PAGOS · AUTO]   File "/Library/Frameworks/Python.framework/Versions/3.14/lib/python3.14/asyncio/runners.py", line 205, in run
[ACTUALIZAR PAGOS · AUTO]     return runner.run(main)
[ACTUALIZAR PAGOS · AUTO]            ~~~~~~~~~~^^^^^^
[ACTUALIZAR PAGOS · AUTO]   File "/Library/Frameworks/Python.framework/Versions/3.14/lib/python3.14/asyncio/runners.py", line 128, in run
[ACTUALIZAR PAGOS · AUTO]     return self._loop.run_until_complete(task)
[ACTUALIZAR PAGOS · AUTO]            ~~~~~~~~~~~~~~~~~~~~~~~~~~~~~^^^^^^
[ACTUALIZAR PAGOS · AUTO]   File "/Library/Frameworks/Python.framework/Versions/3.14/lib/python3.14/asyncio/base_events.py", line 719, in run_until_complete
[ACTUALIZAR PAGOS · AUTO]     return future.result()
[ACTUALIZAR PAGOS · AUTO]            ~~~~~~~~~~~~~^^
[ACTUALIZAR PAGOS · AUTO]   File "/Library/Frameworks/Python.framework/Versions/3.14/lib/python3.14/asyncio/tasks.py", line 488, in wait_for
[ACTUALIZAR PAGOS · AUTO]     return await fut
[ACTUALIZAR PAGOS · AUTO]            ^^^^^^^^^
[ACTUALIZAR PAGOS · AUTO]   File "/Users/nicolascesolari/Proyectos/estacionamiento_medido/API-REST Payment/backend/orquestador/trabajador.py", line 189, in _correr_tipo
[ACTUALIZAR PAGOS · AUTO]     return await PagosWorkflow(navegador).ejecutar(archivo_fn=archivo_creado, cerrar_navegador_al_final=False)
[ACTUALIZAR PAGOS · AUTO]            ^^^^^^^^^^^^^^^^^^^^^^^^^^^^^^^^^^^^^^^^^^^^^^^^^^^^^^^^^^^^^^^^^^^^^^^^^^^^^^^^^^^^^^^^^^^^^^^^^^^
[ACTUALIZAR PAGOS · AUTO]   File "/Users/nicolascesolari/Proyectos/estacionamiento_medido/API-REST Payment/backend/workflows/workflow_base.py", line 38, in ejecutar
[ACTUALIZAR PAGOS · AUTO]     await paso.ejecutar(contexto)
[ACTUALIZAR PAGOS · AUTO]   File "/Users/nicolascesolari/Proyectos/estacionamiento_medido/API-REST Payment/backend/pasos/login_semyt_paso.py", line 32, in ejecutar
[ACTUALIZAR PAGOS · AUTO]     await autenticacion.asegurar_sesion_semyt(credenciales)
[ACTUALIZAR PAGOS · AUTO]   File "/Users/nicolascesolari/Proyectos/estacionamiento_medido/API-REST Payment/backend/services/autenticacion_service.py", line 24, in asegurar_sesion_semyt
[ACTUALIZAR PAGOS · AUTO]     await self.login_page.iniciar_sesion_semyt(credenciales)
[ACTUALIZAR PAGOS · AUTO]   File "/Users/nicolascesolari/Proyectos/estacionamiento_medido/API-REST Payment/backend/pages/login_page.py", line 70, in iniciar_sesion_semyt
[ACTUALIZAR PAGOS · AUTO]     await self.page.get_by_role("button", name="Ingresar").click()
[ACTUALIZAR PAGOS · AUTO]   File "/Library/Frameworks/Python.framework/Versions/3.14/lib/python3.14/site-packages/playwright/async_api/_generated.py", line 17449, in click
[ACTUALIZAR PAGOS · AUTO]     await self._impl_obj.click(
[ACTUALIZAR PAGOS · AUTO]     ...<10 lines>...
[ACTUALIZAR PAGOS · AUTO]     )
[ACTUALIZAR PAGOS · AUTO]   File "/Library/Frameworks/Python.framework/Versions/3.14/lib/python3.14/site-packages/playwright/_impl/_locator.py", line 163, in click
[ACTUALIZAR PAGOS · AUTO]     return await self._frame._click(self._selector, strict=True, **params)
[ACTUALIZAR PAGOS · AUTO]            ^^^^^^^^^^^^^^^^^^^^^^^^^^^^^^^^^^^^^^^^^^^^^^^^^^^^^^^^^^^^^^^
[ACTUALIZAR PAGOS · AUTO]   File "/Library/Frameworks/Python.framework/Versions/3.14/lib/python3.14/site-packages/playwright/_impl/_frame.py", line 569, in _click
[ACTUALIZAR PAGOS · AUTO]     await self._channel.send("click", self._timeout, locals_to_params(locals()))
[ACTUALIZAR PAGOS · AUTO]   File "/Library/Frameworks/Python.framework/Versions/3.14/lib/python3.14/site-packages/playwright/_impl/_connection.py", line 69, in send
[ACTUALIZAR PAGOS · AUTO]     return await self._connection.wrap_api_call(
[ACTUALIZAR PAGOS · AUTO]            ^^^^^^^^^^^^^^^^^^^^^^^^^^^^^^^^^^^^^
[ACTUALIZAR PAGOS · AUTO]     ...<3 lines>...
[ACTUALIZAR PAGOS · AUTO]     )
[ACTUALIZAR PAGOS · AUTO]     ^
[ACTUALIZAR PAGOS · AUTO]   File "/Library/Frameworks/Python.framework/Versions/3.14/lib/python3.14/site-packages/playwright/_impl/_connection.py", line 559, in wrap_api_call
[ACTUALIZAR PAGOS · AUTO]     raise rewrite_error(error, f"{parsed_st['apiName']}: {error}") from None
[ACTUALIZAR PAGOS · AUTO] playwright._impl._errors.TimeoutError: Locator.click: Timeout 30000ms exceeded.
[ACTUALIZAR PAGOS · AUTO] Call log:
[ACTUALIZAR PAGOS · AUTO]   - waiting for get_by_role("button", name="Ingresar")
[ACTUALIZAR PAGOS · AUTO]     - locator resolved to <button _ngcontent-c1="" mat-raised-button="" class="col-12 fondo-azul texto-blanco mat-raised-button">…</button>
[ACTUALIZAR PAGOS · AUTO]   - attempting click action
[ACTUALIZAR PAGOS · AUTO]     - waiting for element to be visible, enabled and stable
ℹ El log detallado de esta corrida no se conservó en disco (no se llegó a subir ningún archivo).
❌ [Automático] 'pagos' falló (intento 2 de 4). Se reintenta a las 08:44.
🤖 [Automático] Es hora de actualizar pagos (reintento 2 de 3). Arrancando...
[ACTUALIZAR PAGOS · AUTO] === Inicio de ejecución: pagos ===
[ACTUALIZAR PAGOS · AUTO] ==================================================
[ACTUALIZAR PAGOS · AUTO] 🚀 PASO: LoginSEMyTPaso
[ACTUALIZAR PAGOS · AUTO] ==================================================
[ACTUALIZAR PAGOS · AUTO] Abriendo SEMyT...
[ACTUALIZAR PAGOS · AUTO] ❌ [SEMyT] No hay sesión activa. Iniciando login...
[ACTUALIZAR PAGOS · AUTO] ✅ [SEMyT] Login completado.
[ACTUALIZAR PAGOS · AUTO] ✅ LoginSEMyTPaso finalizado. (⏱ 3.3s)
[ACTUALIZAR PAGOS · AUTO] ==================================================
[ACTUALIZAR PAGOS · AUTO] 🚀 PASO: LoginSIGIPaso
[ACTUALIZAR PAGOS · AUTO] ==================================================
[ACTUALIZAR PAGOS · AUTO] Abriendo sitio municipalidad (CiDi)...
[ACTUALIZAR PAGOS · AUTO] ❌ [SIGI] No hay sesión activa. Iniciando login CiDi...
[ACTUALIZAR PAGOS · AUTO] ✅ [SIGI] Login completado.
[ACTUALIZAR PAGOS · AUTO] ✅ LoginSIGIPaso finalizado. (⏱ 10.2s)
[ACTUALIZAR PAGOS · AUTO] ==================================================
[ACTUALIZAR PAGOS · AUTO] 🚀 PASO: DescargasParalelasPaso
[ACTUALIZAR PAGOS · AUTO] ==================================================
[ACTUALIZAR PAGOS · AUTO] 📤 Arrancando las 3 descargas en paralelo (mismo browser, páginas separadas)...
[ACTUALIZAR PAGOS · AUTO] Fecha Desde: 27/06/2024
[ACTUALIZAR PAGOS · AUTO] Fecha Hasta: 24/11/2025
[ACTUALIZAR PAGOS · AUTO] Fecha Desde: 25/11/2025
[ACTUALIZAR PAGOS · AUTO] Fecha Hasta: 15/08/2026
[ACTUALIZAR PAGOS · AUTO] Descargando Excel...
[ACTUALIZAR PAGOS · AUTO] Descargando Excel...
⏳ [Automático] Tocaba disparar 'pagos' pero ya hay una ejecución en curso (Actualizar pagos); esperando a que termine; se reintenta en breve sin perder el turno.
[ACTUALIZAR PAGOS · AUTO] ✅ TXT de pagos descargado en: datos/descargas/pagos/2026-08-15/ALL PAGOS DESCARGADOS.txt
[ACTUALIZAR PAGOS · AUTO] ⏱ [pagos_txt] completado en 8.7s
[ACTUALIZAR PAGOS · AUTO] Archivo descargado en: datos/descargas/cache_actas_cruce/MULTAS_SIGI_CRUCE.xlsx
[ACTUALIZAR PAGOS · AUTO] ⏱ [actas_sigi] completado en 19.8s
[ACTUALIZAR PAGOS · AUTO] Archivo descargado en: datos/descargas/cache_actas_cruce/MULTAS_SIGEMI_CRUCE.xlsx
[ACTUALIZAR PAGOS · AUTO] ⏱ [actas_sigemi] completado en 30.0s
[ACTUALIZAR PAGOS · AUTO] ⏱ TOTAL descargas en paralelo: 30.0s
[ACTUALIZAR PAGOS · AUTO] ✅ DescargasParalelasPaso finalizado. (⏱ 30.5s)
[ACTUALIZAR PAGOS · AUTO] ==================================================
[ACTUALIZAR PAGOS · AUTO] 🚀 PASO: CompararActasPaso
[ACTUALIZAR PAGOS · AUTO] ==================================================
[ACTUALIZAR PAGOS · AUTO] 🔍 Comparando actas del SEMyT contra pagos del SIGI...
[ACTUALIZAR PAGOS · AUTO] ================================================================================
[ACTUALIZAR PAGOS · AUTO] INICIANDO PROCESO DE GENERACIÓN DE PAGOS DESACTUALIZADOS
[ACTUALIZAR PAGOS · AUTO] ================================================================================
[ACTUALIZAR PAGOS · AUTO] 📂 Cargando archivos...
[ACTUALIZAR PAGOS · AUTO]   ✓ Pagos: 21366 registros
[ACTUALIZAR PAGOS · AUTO]   ✓ Excel SIGEMI (multas vencidas viejas): 100998 registros
[ACTUALIZAR PAGOS · AUTO]   ✓ Excel SIGI (multas vencidas nuevas): 42766 registros
[ACTUALIZAR PAGOS · AUTO] ================================================================================
[ACTUALIZAR PAGOS · AUTO] PASO 1: LLENANDO ACTA_NUMERO (búsqueda por patente + fecha, con desempate por hora)
[ACTUALIZAR PAGOS · AUTO] ================================================================================
[ACTUALIZAR PAGOS · AUTO] 📊 ESTADÍSTICAS DE LLENADO DE ACTAS:
[ACTUALIZAR PAGOS · AUTO]   • Pagos con acta ORIGINAL: 5600
[ACTUALIZAR PAGOS · AUTO]   • Pagos SIN acta (buscados): 15766
[ACTUALIZAR PAGOS · AUTO]   • Pagos LLENADOS exitosamente: 0
[ACTUALIZAR PAGOS · AUTO]   • Pagos NO encontrados en multas: 15766
[ACTUALIZAR PAGOS · AUTO]   • Pagos SIN RESOLVER por desbalance de cantidades: 0
[ACTUALIZAR PAGOS · AUTO] ================================================================================
[ACTUALIZAR PAGOS · AUTO] PASO 1: LLENANDO ACTA_NUMERO (búsqueda por patente + fecha, con desempate por hora)
[ACTUALIZAR PAGOS · AUTO] ================================================================================
[ACTUALIZAR PAGOS · AUTO] 📊 ESTADÍSTICAS DE LLENADO DE ACTAS:
[ACTUALIZAR PAGOS · AUTO]   • Pagos con acta ORIGINAL: 5600
[ACTUALIZAR PAGOS · AUTO]   • Pagos SIN acta (buscados): 15766
[ACTUALIZAR PAGOS · AUTO]   • Pagos LLENADOS exitosamente: 0
[ACTUALIZAR PAGOS · AUTO]   • Pagos NO encontrados en multas: 15766
[ACTUALIZAR PAGOS · AUTO]   • Pagos SIN RESOLVER por desbalance de cantidades: 0
[ACTUALIZAR PAGOS · AUTO] ⏱ PASO 1 (llenar actas): 7.7s
[ACTUALIZAR PAGOS · AUTO] ================================================================================
[ACTUALIZAR PAGOS · AUTO] PASO 2: FILTRANDO PAGOS CON ACTA_NUMERO COMPLETO
[ACTUALIZAR PAGOS · AUTO] ================================================================================
[ACTUALIZAR PAGOS · AUTO] 📊 ESTADÍSTICAS DE FILTRADO:
[ACTUALIZAR PAGOS · AUTO]   • Pagos TOTALES al inicio: 21366
[ACTUALIZAR PAGOS · AUTO]   • Pagos CON acta (MANTIENEN): 5600
[ACTUALIZAR PAGOS · AUTO]   • Pagos RECHAZADOS (sin coincidencias): 15766
[ACTUALIZAR PAGOS · AUTO] ⚠️  Se eliminaron 15766 registros sin número de acta
[ACTUALIZAR PAGOS · AUTO]      (recordá: esto incluye tanto pagos ya actualizados/pagados
[ACTUALIZAR PAGOS · AUTO]       como pagos que quedaron sin resolver por desbalance en el Paso 1)
[ACTUALIZAR PAGOS · AUTO] ================================================================================
[ACTUALIZAR PAGOS · AUTO] PASO 2-bis: CONFIRMANDO VIGENCIA DE PAGOS (sistema NUEVO contra MULTAS_SIGI_CRUCE, sistema VIEJO contra SIGEMI)
[ACTUALIZAR PAGOS · AUTO] ================================================================================
[ACTUALIZAR PAGOS · AUTO]   ⚠ 5585 pago(s) descartados: su acta ya no figura como vencida en MULTAS_SIGI_CRUCE (SEMyT ya los actualizó).
[ACTUALIZAR PAGOS · AUTO]   ⚠ 15 pago(s) descartados: su acta ya no figura como vencida en el Excel de SIGEMI (SEMyT ya los actualizó).
[ACTUALIZAR PAGOS · AUTO]   • Pagos descartados en total por ya estar actualizados/pagados: 5600
[ACTUALIZAR PAGOS · AUTO] ⏱ PASO 2 (filtrar): 0.9s
[ACTUALIZAR PAGOS · AUTO] 📂 Cargando maestro de causas SIGEMI...
[ACTUALIZAR PAGOS · AUTO]   ✓ Causas totales (maestro): 134069 registros
[ACTUALIZAR PAGOS · AUTO] ================================================================================
[ACTUALIZAR PAGOS · AUTO] PASO 2.5: ARMANDO causas.txt SIMPLIFICADO (cruce contra total_causas_sigemi.txt)
[ACTUALIZAR PAGOS · AUTO] ================================================================================
[ACTUALIZAR PAGOS · AUTO]   • Actas vencidas viejas (multas): 100998
[ACTUALIZAR PAGOS · AUTO]   • Causas totales en el maestro SIGEMI: 134069
[ACTUALIZAR PAGOS · AUTO]   • Causas que coinciden (simplificado): 100687
[ACTUALIZAR PAGOS · AUTO]   ✅ Archivo escrito: datos/descargas/causas/causas.txt
[ACTUALIZAR PAGOS · AUTO] ⏱ PASO 2.5 (causas simplificado): 0.8s
[ACTUALIZAR PAGOS · AUTO] ⚠️  NO HAY PAGOS CON ACTA_NUMERO PARA PROCESAR
[ACTUALIZAR PAGOS · AUTO] Creando archivo vacío...
[ACTUALIZAR PAGOS · AUTO] ✅ TXT de pagos (ya cruzado con actas y causas) generado en: datos/descargas/pagos/2026-08-15/PAGOS 20260815 085629.txt
[ACTUALIZAR PAGOS · AUTO] 🧹 TXT de pagos crudo eliminado (ya usado en el cruce): datos/descargas/pagos/2026-08-15/ALL PAGOS DESCARGADOS.txt
[ACTUALIZAR PAGOS · AUTO] 🧹 Excel MULTAS_SIGEMI_CRUCE eliminado (ya usado en el cruce): datos/descargas/cache_actas_cruce/MULTAS_SIGEMI_CRUCE.xlsx
[ACTUALIZAR PAGOS · AUTO] 🧹 Excel MULTAS_SIGI_CRUCE eliminado (ya usado en el cruce): datos/descargas/cache_actas_cruce/MULTAS_SIGI_CRUCE.xlsx
[ACTUALIZAR PAGOS · AUTO] ✅ CompararActasPaso finalizado. (⏱ 18.6s)
[ACTUALIZAR PAGOS · AUTO] ==================================================
[ACTUALIZAR PAGOS · AUTO] 🚀 PASO: CargarPagosPaso
[ACTUALIZAR PAGOS · AUTO] ==================================================
[ACTUALIZAR PAGOS · AUTO] ℹ No se encontraron pagos para actualizar (el TXT final no tiene registros).
[ACTUALIZAR PAGOS · AUTO] 🧹 TXT de pagos sin registros eliminado (nada para subir): datos/descargas/pagos/2026-08-15/PAGOS 20260815 085629.txt
[ACTUALIZAR PAGOS · AUTO] ⏭ Se omite la carga al SEMyT.
[ACTUALIZAR PAGOS · AUTO] ✅ CargarPagosPaso finalizado. (⏱ 0.0s)
[ACTUALIZAR PAGOS · AUTO] === Ejecución finalizada con éxito ===
[ACTUALIZAR PAGOS · AUTO] ℹ No se subió ningún archivo a ningún sistema externo en esta corrida: por política, el log detallado no se conserva en disco.
✅ [Automático] 'pagos' terminó bien en el reintento 2.
🤖 [Automático] Es hora de actualizar pagos. Arrancando...
[ACTUALIZAR PAGOS · AUTO] === Inicio de ejecución: pagos ===
[ACTUALIZAR PAGOS · AUTO] ==================================================
[ACTUALIZAR PAGOS · AUTO] 🚀 PASO: LoginSEMyTPaso
[ACTUALIZAR PAGOS · AUTO] ==================================================
[ACTUALIZAR PAGOS · AUTO] Abriendo SEMyT...
[ACTUALIZAR PAGOS · AUTO] ✅ [SEMyT] Sesión existente detectada. Login omitido.
[ACTUALIZAR PAGOS · AUTO] ✅ LoginSEMyTPaso finalizado. (⏱ 3.0s)
[ACTUALIZAR PAGOS · AUTO] ==================================================
[ACTUALIZAR PAGOS · AUTO] 🚀 PASO: LoginSIGIPaso
[ACTUALIZAR PAGOS · AUTO] ==================================================
[ACTUALIZAR PAGOS · AUTO] Abriendo sitio municipalidad (CiDi)...
[ACTUALIZAR PAGOS · AUTO] ✅ [SIGI] Sesión existente detectada. Login omitido.
[ACTUALIZAR PAGOS · AUTO] ✅ LoginSIGIPaso finalizado. (⏱ 0.8s)
[ACTUALIZAR PAGOS · AUTO] ==================================================
[ACTUALIZAR PAGOS · AUTO] 🚀 PASO: DescargasParalelasPaso
[ACTUALIZAR PAGOS · AUTO] ==================================================
[ACTUALIZAR PAGOS · AUTO] ❌ === ERROR: TimeoutError: Page.goto: Timeout 60000ms exceeded.
[ACTUALIZAR PAGOS · AUTO] Call log:
[ACTUALIZAR PAGOS · AUTO]   - navigating to "https://ciudad.villamaria.gob.ar/#/inicio", waiting until "domcontentloaded"
[ACTUALIZAR PAGOS · AUTO]  ===
[ACTUALIZAR PAGOS · AUTO] Traceback (most recent call last):
[ACTUALIZAR PAGOS · AUTO]   File "/Users/nicolascesolari/Proyectos/estacionamiento_medido/API-REST Payment/backend/orquestador/trabajador.py", line 119, in ejecutar_worker
[ACTUALIZAR PAGOS · AUTO]     contexto_resultado = asyncio.run(
[ACTUALIZAR PAGOS · AUTO]         asyncio.wait_for(
[ACTUALIZAR PAGOS · AUTO]     ...<2 lines>...
[ACTUALIZAR PAGOS · AUTO]         )
[ACTUALIZAR PAGOS · AUTO]     )
[ACTUALIZAR PAGOS · AUTO]   File "/Library/Frameworks/Python.framework/Versions/3.14/lib/python3.14/asyncio/runners.py", line 205, in run
[ACTUALIZAR PAGOS · AUTO]     return runner.run(main)
[ACTUALIZAR PAGOS · AUTO]            ~~~~~~~~~~^^^^^^
[ACTUALIZAR PAGOS · AUTO]   File "/Library/Frameworks/Python.framework/Versions/3.14/lib/python3.14/asyncio/runners.py", line 128, in run
[ACTUALIZAR PAGOS · AUTO]     return self._loop.run_until_complete(task)
[ACTUALIZAR PAGOS · AUTO]            ~~~~~~~~~~~~~~~~~~~~~~~~~~~~~^^^^^^
[ACTUALIZAR PAGOS · AUTO]   File "/Library/Frameworks/Python.framework/Versions/3.14/lib/python3.14/asyncio/base_events.py", line 719, in run_until_complete
[ACTUALIZAR PAGOS · AUTO]     return future.result()
[ACTUALIZAR PAGOS · AUTO]            ~~~~~~~~~~~~~^^
[ACTUALIZAR PAGOS · AUTO]   File "/Library/Frameworks/Python.framework/Versions/3.14/lib/python3.14/asyncio/tasks.py", line 488, in wait_for
[ACTUALIZAR PAGOS · AUTO]     return await fut
[ACTUALIZAR PAGOS · AUTO]            ^^^^^^^^^
[ACTUALIZAR PAGOS · AUTO]   File "/Users/nicolascesolari/Proyectos/estacionamiento_medido/API-REST Payment/backend/orquestador/trabajador.py", line 189, in _correr_tipo
[ACTUALIZAR PAGOS · AUTO]     return await PagosWorkflow(navegador).ejecutar(archivo_fn=archivo_creado, cerrar_navegador_al_final=False)
[ACTUALIZAR PAGOS · AUTO]            ^^^^^^^^^^^^^^^^^^^^^^^^^^^^^^^^^^^^^^^^^^^^^^^^^^^^^^^^^^^^^^^^^^^^^^^^^^^^^^^^^^^^^^^^^^^^^^^^^^^
[ACTUALIZAR PAGOS · AUTO]   File "/Users/nicolascesolari/Proyectos/estacionamiento_medido/API-REST Payment/backend/workflows/workflow_base.py", line 38, in ejecutar
[ACTUALIZAR PAGOS · AUTO]     await paso.ejecutar(contexto)
[ACTUALIZAR PAGOS · AUTO]   File "/Users/nicolascesolari/Proyectos/estacionamiento_medido/API-REST Payment/backend/pasos/descargas_paralelas_paso.py", line 45, in ejecutar
[ACTUALIZAR PAGOS · AUTO]     await pagina_semyt_viejas.goto(url_inicio_semyt, wait_until="domcontentloaded", timeout=60000)
[ACTUALIZAR PAGOS · AUTO]   File "/Library/Frameworks/Python.framework/Versions/3.14/lib/python3.14/site-packages/playwright/async_api/_generated.py", line 9611, in goto
[ACTUALIZAR PAGOS · AUTO]     await self._impl_obj.goto(
[ACTUALIZAR PAGOS · AUTO]     ...<4 lines>...
[ACTUALIZAR PAGOS · AUTO]     )
[ACTUALIZAR PAGOS · AUTO]   File "/Library/Frameworks/Python.framework/Versions/3.14/lib/python3.14/site-packages/playwright/_impl/_page.py", line 557, in goto
[ACTUALIZAR PAGOS · AUTO]     return await self._main_frame.goto(**locals_to_params(locals()))
[ACTUALIZAR PAGOS · AUTO]            ^^^^^^^^^^^^^^^^^^^^^^^^^^^^^^^^^^^^^^^^^^^^^^^^^^^^^^^^^
[ACTUALIZAR PAGOS · AUTO]   File "/Library/Frameworks/Python.framework/Versions/3.14/lib/python3.14/site-packages/playwright/_impl/_frame.py", line 156, in goto
[ACTUALIZAR PAGOS · AUTO]     await self._channel.send(
[ACTUALIZAR PAGOS · AUTO]         "goto", self._navigation_timeout, locals_to_params(locals())
[ACTUALIZAR PAGOS · AUTO]     )
[ACTUALIZAR PAGOS · AUTO]   File "/Library/Frameworks/Python.framework/Versions/3.14/lib/python3.14/site-packages/playwright/_impl/_connection.py", line 69, in send
[ACTUALIZAR PAGOS · AUTO]     return await self._connection.wrap_api_call(
[ACTUALIZAR PAGOS · AUTO]            ^^^^^^^^^^^^^^^^^^^^^^^^^^^^^^^^^^^^^
[ACTUALIZAR PAGOS · AUTO]     ...<3 lines>...
[ACTUALIZAR PAGOS · AUTO]     )
[ACTUALIZAR PAGOS · AUTO]     ^
[ACTUALIZAR PAGOS · AUTO]   File "/Library/Frameworks/Python.framework/Versions/3.14/lib/python3.14/site-packages/playwright/_impl/_connection.py", line 559, in wrap_api_call
[ACTUALIZAR PAGOS · AUTO]     raise rewrite_error(error, f"{parsed_st['apiName']}: {error}") from None
[ACTUALIZAR PAGOS · AUTO] playwright._impl._errors.TimeoutError: Page.goto: Timeout 60000ms exceeded.
[ACTUALIZAR PAGOS · AUTO] Call log:
[ACTUALIZAR PAGOS · AUTO]   - navigating to "https://ciudad.villamaria.gob.ar/#/inicio", waiting until "domcontentloaded"
[ACTUALIZAR PAGOS · AUTO] 🧹 Sesión guardada eliminada (auto-recuperación tras error: TimeoutError): datos/sesiones/sesion_general.json
[ACTUALIZAR PAGOS · AUTO] 🧹 Sesión guardada eliminada (auto-recuperación tras error: TimeoutError): datos/sesiones/sesion_semyt.json
[ACTUALIZAR PAGOS · AUTO] 🧹 Sesión guardada eliminada (auto-recuperación tras error: TimeoutError): datos/sesiones/sesion_sigi.json
ℹ El log detallado de esta corrida no se conservó en disco (no se llegó a subir ningún archivo).
❌ [Automático] 'pagos' falló (intento 1 de 4). Se reintenta a las 09:10.
🤖 [Automático] Es hora de actualizar pagos (reintento 1 de 3). Arrancando...
[ACTUALIZAR PAGOS · AUTO] === Inicio de ejecución: pagos ===
[ACTUALIZAR PAGOS · AUTO] ==================================================
[ACTUALIZAR PAGOS · AUTO] 🚀 PASO: LoginSEMyTPaso
[ACTUALIZAR PAGOS · AUTO] ==================================================
[ACTUALIZAR PAGOS · AUTO] Abriendo SEMyT...
[ACTUALIZAR PAGOS · AUTO] ❌ [SEMyT] No hay sesión activa. Iniciando login...
[ACTUALIZAR PAGOS · AUTO] ✅ [SEMyT] Login completado.
[ACTUALIZAR PAGOS · AUTO] ✅ LoginSEMyTPaso finalizado. (⏱ 2.9s)
[ACTUALIZAR PAGOS · AUTO] ==================================================
[ACTUALIZAR PAGOS · AUTO] 🚀 PASO: LoginSIGIPaso
[ACTUALIZAR PAGOS · AUTO] ==================================================
[ACTUALIZAR PAGOS · AUTO] Abriendo sitio municipalidad (CiDi)...
[ACTUALIZAR PAGOS · AUTO] ❌ [SIGI] No hay sesión activa. Iniciando login CiDi...
[ACTUALIZAR PAGOS · AUTO] ❌ === ERROR: TimeoutError: Locator.click: Timeout 30000ms exceeded.
[ACTUALIZAR PAGOS · AUTO] Call log:
[ACTUALIZAR PAGOS · AUTO]   - waiting for get_by_role("button", name="Ingresar con CiDi").first
[ACTUALIZAR PAGOS · AUTO]     - locator resolved to <button type="button" class="rounded-full bg-white/10 px-5 py-2 text-sm font-semibold text-white shadow-sm transition hover:bg-white/20">Ingresar con CiDi</button>
[ACTUALIZAR PAGOS · AUTO]   - attempting click action
[ACTUALIZAR PAGOS · AUTO]     - waiting for element to be visible, enabled and stable
[ACTUALIZAR PAGOS · AUTO]     - element is visible, enabled and stable
[ACTUALIZAR PAGOS · AUTO]     - scrolling into view if needed
[ACTUALIZAR PAGOS · AUTO]     - done scrolling
[ACTUALIZAR PAGOS · AUTO]     - performing click action
[ACTUALIZAR PAGOS · AUTO]     - click action done
[ACTUALIZAR PAGOS · AUTO]     - waiting for scheduled navigations to finish
[ACTUALIZAR PAGOS · AUTO]  ===
[ACTUALIZAR PAGOS · AUTO] Traceback (most recent call last):
[ACTUALIZAR PAGOS · AUTO]   File "/Users/nicolascesolari/Proyectos/estacionamiento_medido/API-REST Payment/backend/orquestador/trabajador.py", line 119, in ejecutar_worker
[ACTUALIZAR PAGOS · AUTO]     contexto_resultado = asyncio.run(
[ACTUALIZAR PAGOS · AUTO]         asyncio.wait_for(
[ACTUALIZAR PAGOS · AUTO]     ...<2 lines>...
[ACTUALIZAR PAGOS · AUTO]         )
[ACTUALIZAR PAGOS · AUTO]     )
[ACTUALIZAR PAGOS · AUTO]   File "/Library/Frameworks/Python.framework/Versions/3.14/lib/python3.14/asyncio/runners.py", line 205, in run
[ACTUALIZAR PAGOS · AUTO]     return runner.run(main)
[ACTUALIZAR PAGOS · AUTO]            ~~~~~~~~~~^^^^^^
[ACTUALIZAR PAGOS · AUTO]   File "/Library/Frameworks/Python.framework/Versions/3.14/lib/python3.14/asyncio/runners.py", line 128, in run
[ACTUALIZAR PAGOS · AUTO]     return self._loop.run_until_complete(task)
[ACTUALIZAR PAGOS · AUTO]            ~~~~~~~~~~~~~~~~~~~~~~~~~~~~~^^^^^^
[ACTUALIZAR PAGOS · AUTO]   File "/Library/Frameworks/Python.framework/Versions/3.14/lib/python3.14/asyncio/base_events.py", line 719, in run_until_complete
[ACTUALIZAR PAGOS · AUTO]     return future.result()
[ACTUALIZAR PAGOS · AUTO]            ~~~~~~~~~~~~~^^
[ACTUALIZAR PAGOS · AUTO]   File "/Library/Frameworks/Python.framework/Versions/3.14/lib/python3.14/asyncio/tasks.py", line 488, in wait_for
[ACTUALIZAR PAGOS · AUTO]     return await fut
[ACTUALIZAR PAGOS · AUTO]            ^^^^^^^^^
[ACTUALIZAR PAGOS · AUTO]   File "/Users/nicolascesolari/Proyectos/estacionamiento_medido/API-REST Payment/backend/orquestador/trabajador.py", line 189, in _correr_tipo
[ACTUALIZAR PAGOS · AUTO]     return await PagosWorkflow(navegador).ejecutar(archivo_fn=archivo_creado, cerrar_navegador_al_final=False)
[ACTUALIZAR PAGOS · AUTO]            ^^^^^^^^^^^^^^^^^^^^^^^^^^^^^^^^^^^^^^^^^^^^^^^^^^^^^^^^^^^^^^^^^^^^^^^^^^^^^^^^^^^^^^^^^^^^^^^^^^^
[ACTUALIZAR PAGOS · AUTO]   File "/Users/nicolascesolari/Proyectos/estacionamiento_medido/API-REST Payment/backend/workflows/workflow_base.py", line 38, in ejecutar
[ACTUALIZAR PAGOS · AUTO]     await paso.ejecutar(contexto)
[ACTUALIZAR PAGOS · AUTO]   File "/Users/nicolascesolari/Proyectos/estacionamiento_medido/API-REST Payment/backend/pasos/login_sigi_paso.py", line 27, in ejecutar
[ACTUALIZAR PAGOS · AUTO]     await autenticacion.asegurar_sesion_sigi(credenciales, config.ROL_A_SELECCIONAR)
[ACTUALIZAR PAGOS · AUTO]   File "/Users/nicolascesolari/Proyectos/estacionamiento_medido/API-REST Payment/backend/services/autenticacion_service.py", line 33, in asegurar_sesion_sigi
[ACTUALIZAR PAGOS · AUTO]     await self.login_page.iniciar_sesion_sigi_cidi(credenciales, rol)
[ACTUALIZAR PAGOS · AUTO]   File "/Users/nicolascesolari/Proyectos/estacionamiento_medido/API-REST Payment/backend/pages/login_page.py", line 115, in iniciar_sesion_sigi_cidi
[ACTUALIZAR PAGOS · AUTO]     await boton_cidi.first.click()
[ACTUALIZAR PAGOS · AUTO]   File "/Library/Frameworks/Python.framework/Versions/3.14/lib/python3.14/site-packages/playwright/async_api/_generated.py", line 17449, in click
[ACTUALIZAR PAGOS · AUTO]     await self._impl_obj.click(
[ACTUALIZAR PAGOS · AUTO]     ...<10 lines>...
[ACTUALIZAR PAGOS · AUTO]     )
[ACTUALIZAR PAGOS · AUTO]   File "/Library/Frameworks/Python.framework/Versions/3.14/lib/python3.14/site-packages/playwright/_impl/_locator.py", line 163, in click
[ACTUALIZAR PAGOS · AUTO]     return await self._frame._click(self._selector, strict=True, **params)
[ACTUALIZAR PAGOS · AUTO]            ^^^^^^^^^^^^^^^^^^^^^^^^^^^^^^^^^^^^^^^^^^^^^^^^^^^^^^^^^^^^^^^
[ACTUALIZAR PAGOS · AUTO]   File "/Library/Frameworks/Python.framework/Versions/3.14/lib/python3.14/site-packages/playwright/_impl/_frame.py", line 569, in _click
[ACTUALIZAR PAGOS · AUTO]     await self._channel.send("click", self._timeout, locals_to_params(locals()))
[ACTUALIZAR PAGOS · AUTO]   File "/Library/Frameworks/Python.framework/Versions/3.14/lib/python3.14/site-packages/playwright/_impl/_connection.py", line 69, in send
[ACTUALIZAR PAGOS · AUTO]     return await self._connection.wrap_api_call(
[ACTUALIZAR PAGOS · AUTO]            ^^^^^^^^^^^^^^^^^^^^^^^^^^^^^^^^^^^^^
[ACTUALIZAR PAGOS · AUTO]     ...<3 lines>...
[ACTUALIZAR PAGOS · AUTO]     )
[ACTUALIZAR PAGOS · AUTO]     ^
[ACTUALIZAR PAGOS · AUTO]   File "/Library/Frameworks/Python.framework/Versions/3.14/lib/python3.14/site-packages/playwright/_impl/_connection.py", line 559, in wrap_api_call
[ACTUALIZAR PAGOS · AUTO]     raise rewrite_error(error, f"{parsed_st['apiName']}: {error}") from None
[ACTUALIZAR PAGOS · AUTO] playwright._impl._errors.TimeoutError: Locator.click: Timeout 30000ms exceeded.
[ACTUALIZAR PAGOS · AUTO] Call log:
[ACTUALIZAR PAGOS · AUTO]   - waiting for get_by_role("button", name="Ingresar con CiDi").first
[ACTUALIZAR PAGOS · AUTO]     - locator resolved to <button type="button" class="rounded-full bg-white/10 px-5 py-2 text-sm font-semibold text-white shadow-sm transition hover:bg-white/20">Ingresar con CiDi</button>
[ACTUALIZAR PAGOS · AUTO]   - attempting click action
[ACTUALIZAR PAGOS · AUTO]     - waiting for element to be visible, enabled and stable
[ACTUALIZAR PAGOS · AUTO]     - element is visible, enabled and stable
[ACTUALIZAR PAGOS · AUTO]     - scrolling into view if needed
[ACTUALIZAR PAGOS · AUTO]     - done scrolling
[ACTUALIZAR PAGOS · AUTO]     - performing click action
[ACTUALIZAR PAGOS · AUTO]     - click action done
[ACTUALIZAR PAGOS · AUTO]     - waiting for scheduled navigations to finish
[ACTUALIZAR PAGOS · AUTO] 🧹 Sesión guardada eliminada (auto-recuperación tras error: TimeoutError): datos/sesiones/sesion_general.json
[ACTUALIZAR PAGOS · AUTO] 🧹 Sesión guardada eliminada (auto-recuperación tras error: TimeoutError): datos/sesiones/sesion_semyt.json
ℹ El log detallado de esta corrida no se conservó en disco (no se llegó a subir ningún archivo).
❌ [Automático] 'pagos' falló (intento 2 de 4). Se reintenta a las 09:27.
🤖 [Automático] Es hora de actualizar pagos (reintento 2 de 3). Arrancando...
[ACTUALIZAR PAGOS · AUTO] === Inicio de ejecución: pagos ===
[ACTUALIZAR PAGOS · AUTO] ==================================================
[ACTUALIZAR PAGOS · AUTO] 🚀 PASO: LoginSEMyTPaso
[ACTUALIZAR PAGOS · AUTO] ==================================================
[ACTUALIZAR PAGOS · AUTO] Abriendo SEMyT...
[ACTUALIZAR PAGOS · AUTO] ❌ [SEMyT] No hay sesión activa. Iniciando login...
[ACTUALIZAR PAGOS · AUTO] ✅ [SEMyT] Login completado.
[ACTUALIZAR PAGOS · AUTO] ✅ LoginSEMyTPaso finalizado. (⏱ 3.2s)
[ACTUALIZAR PAGOS · AUTO] ==================================================
[ACTUALIZAR PAGOS · AUTO] 🚀 PASO: LoginSIGIPaso
[ACTUALIZAR PAGOS · AUTO] ==================================================
[ACTUALIZAR PAGOS · AUTO] Abriendo sitio municipalidad (CiDi)...
[ACTUALIZAR PAGOS · AUTO] ❌ [SIGI] No hay sesión activa. Iniciando login CiDi...
[ACTUALIZAR PAGOS · AUTO] ✅ [SIGI] Login completado.
[ACTUALIZAR PAGOS · AUTO] ✅ LoginSIGIPaso finalizado. (⏱ 7.3s)
[ACTUALIZAR PAGOS · AUTO] ==================================================
[ACTUALIZAR PAGOS · AUTO] 🚀 PASO: DescargasParalelasPaso
[ACTUALIZAR PAGOS · AUTO] ==================================================
[ACTUALIZAR PAGOS · AUTO] 📤 Arrancando las 3 descargas en paralelo (mismo browser, páginas separadas)...
[ACTUALIZAR PAGOS · AUTO] Fecha Desde: 27/06/2024
[ACTUALIZAR PAGOS · AUTO] Fecha Hasta: 24/11/2025
[ACTUALIZAR PAGOS · AUTO] Fecha Desde: 25/11/2025
[ACTUALIZAR PAGOS · AUTO] Fecha Hasta: 15/08/2026
[ACTUALIZAR PAGOS · AUTO] ⏱ [actas_sigemi] falló a los 1.3s -> TimeoutError: Page.click: Timeout 30000ms exceeded.
[ACTUALIZAR PAGOS · AUTO] Call log:
[ACTUALIZAR PAGOS · AUTO]   - waiting for locator("text=Exportar actas")
[ACTUALIZAR PAGOS · AUTO] ⏱ [actas_sigi] falló a los 1.3s -> TimeoutError: Page.click: Timeout 30000ms exceeded.
[ACTUALIZAR PAGOS · AUTO] Call log:
[ACTUALIZAR PAGOS · AUTO]   - waiting for locator("text=Exportar actas")
[ACTUALIZAR PAGOS · AUTO] ✅ TXT de pagos descargado en: datos/descargas/pagos/2026-08-15/ALL PAGOS DESCARGADOS.txt
[ACTUALIZAR PAGOS · AUTO] ⏱ [pagos_txt] completado en 2.3s
[ACTUALIZAR PAGOS · AUTO] ⏱ TOTAL descargas en paralelo: 2.3s
[ACTUALIZAR PAGOS · AUTO] ❌ === ERROR: TimeoutError: Page.click: Timeout 30000ms exceeded.
[ACTUALIZAR PAGOS · AUTO] Call log:
[ACTUALIZAR PAGOS · AUTO]   - waiting for locator("text=Exportar actas")
[ACTUALIZAR PAGOS · AUTO]  ===
[ACTUALIZAR PAGOS · AUTO] Traceback (most recent call last):
[ACTUALIZAR PAGOS · AUTO]   File "/Users/nicolascesolari/Proyectos/estacionamiento_medido/API-REST Payment/backend/orquestador/trabajador.py", line 119, in ejecutar_worker
[ACTUALIZAR PAGOS · AUTO]     contexto_resultado = asyncio.run(
[ACTUALIZAR PAGOS · AUTO]         asyncio.wait_for(
[ACTUALIZAR PAGOS · AUTO]     ...<2 lines>...
[ACTUALIZAR PAGOS · AUTO]         )
[ACTUALIZAR PAGOS · AUTO]     )
[ACTUALIZAR PAGOS · AUTO]   File "/Library/Frameworks/Python.framework/Versions/3.14/lib/python3.14/asyncio/runners.py", line 205, in run
[ACTUALIZAR PAGOS · AUTO]     return runner.run(main)
[ACTUALIZAR PAGOS · AUTO]            ~~~~~~~~~~^^^^^^
[ACTUALIZAR PAGOS · AUTO]   File "/Library/Frameworks/Python.framework/Versions/3.14/lib/python3.14/asyncio/runners.py", line 128, in run
[ACTUALIZAR PAGOS · AUTO]     return self._loop.run_until_complete(task)
[ACTUALIZAR PAGOS · AUTO]            ~~~~~~~~~~~~~~~~~~~~~~~~~~~~~^^^^^^
[ACTUALIZAR PAGOS · AUTO]   File "/Library/Frameworks/Python.framework/Versions/3.14/lib/python3.14/asyncio/base_events.py", line 719, in run_until_complete
[ACTUALIZAR PAGOS · AUTO]     return future.result()
[ACTUALIZAR PAGOS · AUTO]            ~~~~~~~~~~~~~^^
[ACTUALIZAR PAGOS · AUTO]   File "/Library/Frameworks/Python.framework/Versions/3.14/lib/python3.14/asyncio/tasks.py", line 488, in wait_for
[ACTUALIZAR PAGOS · AUTO]     return await fut
[ACTUALIZAR PAGOS · AUTO]            ^^^^^^^^^
[ACTUALIZAR PAGOS · AUTO]   File "/Users/nicolascesolari/Proyectos/estacionamiento_medido/API-REST Payment/backend/orquestador/trabajador.py", line 189, in _correr_tipo
[ACTUALIZAR PAGOS · AUTO]     return await PagosWorkflow(navegador).ejecutar(archivo_fn=archivo_creado, cerrar_navegador_al_final=False)
[ACTUALIZAR PAGOS · AUTO]            ^^^^^^^^^^^^^^^^^^^^^^^^^^^^^^^^^^^^^^^^^^^^^^^^^^^^^^^^^^^^^^^^^^^^^^^^^^^^^^^^^^^^^^^^^^^^^^^^^^^
[ACTUALIZAR PAGOS · AUTO]   File "/Users/nicolascesolari/Proyectos/estacionamiento_medido/API-REST Payment/backend/workflows/workflow_base.py", line 38, in ejecutar
[ACTUALIZAR PAGOS · AUTO]     await paso.ejecutar(contexto)
[ACTUALIZAR PAGOS · AUTO]   File "/Users/nicolascesolari/Proyectos/estacionamiento_medido/API-REST Payment/backend/pasos/descargas_paralelas_paso.py", line 69, in ejecutar
[ACTUALIZAR PAGOS · AUTO]     ruta_txt, ruta_sigemi, ruta_sigi = self._procesar_resultados(resultados)
[ACTUALIZAR PAGOS · AUTO]                                        ~~~~~~~~~~~~~~~~~~~~~~~~~^^^^^^^^^^^^
[ACTUALIZAR PAGOS · AUTO]   File "/Users/nicolascesolari/Proyectos/estacionamiento_medido/API-REST Payment/backend/pasos/descargas_paralelas_paso.py", line 149, in _procesar_resultados
[ACTUALIZAR PAGOS · AUTO]     raise error_sigemi
[ACTUALIZAR PAGOS · AUTO]   File "/Users/nicolascesolari/Proyectos/estacionamiento_medido/API-REST Payment/backend/pasos/descargas_paralelas_paso.py", line 122, in _con_tiempo
[ACTUALIZAR PAGOS · AUTO]     resultado = await corutina
[ACTUALIZAR PAGOS · AUTO]                 ^^^^^^^^^^^^^^
[ACTUALIZAR PAGOS · AUTO]   File "/Users/nicolascesolari/Proyectos/estacionamiento_medido/API-REST Payment/backend/pasos/descargas_paralelas_paso.py", line 111, in _descargar_excel
[ACTUALIZAR PAGOS · AUTO]     return await actas_service.descargar_actas_pendientes(renombrar_por_rango=False, nombre_archivo=nombre_archivo)
[ACTUALIZAR PAGOS · AUTO]            ^^^^^^^^^^^^^^^^^^^^^^^^^^^^^^^^^^^^^^^^^^^^^^^^^^^^^^^^^^^^^^^^^^^^^^^^^^^^^^^^^^^^^^^^^^^^^^^^^^^^^^^^
[ACTUALIZAR PAGOS · AUTO]   File "/Users/nicolascesolari/Proyectos/estacionamiento_medido/API-REST Payment/backend/services/actas_service.py", line 53, in descargar_actas_pendientes
[ACTUALIZAR PAGOS · AUTO]     await self.exportar_actas_page.abrir()
[ACTUALIZAR PAGOS · AUTO]   File "/Users/nicolascesolari/Proyectos/estacionamiento_medido/API-REST Payment/backend/pages/exportar_actas_page.py", line 33, in abrir
[ACTUALIZAR PAGOS · AUTO]     await self.page.click("text=Exportar actas")
[ACTUALIZAR PAGOS · AUTO]   File "/Library/Frameworks/Python.framework/Versions/3.14/lib/python3.14/site-packages/playwright/async_api/_generated.py", line 10749, in click
[ACTUALIZAR PAGOS · AUTO]     await self._impl_obj.click(
[ACTUALIZAR PAGOS · AUTO]     ...<11 lines>...
[ACTUALIZAR PAGOS · AUTO]     )
[ACTUALIZAR PAGOS · AUTO]   File "/Library/Frameworks/Python.framework/Versions/3.14/lib/python3.14/site-packages/playwright/_impl/_page.py", line 878, in click
[ACTUALIZAR PAGOS · AUTO]     return await self._main_frame._click(**locals_to_params(locals()))
[ACTUALIZAR PAGOS · AUTO]            ^^^^^^^^^^^^^^^^^^^^^^^^^^^^^^^^^^^^^^^^^^^^^^^^^^^^^^^^^^^
[ACTUALIZAR PAGOS · AUTO]   File "/Library/Frameworks/Python.framework/Versions/3.14/lib/python3.14/site-packages/playwright/_impl/_frame.py", line 569, in _click
[ACTUALIZAR PAGOS · AUTO]     await self._channel.send("click", self._timeout, locals_to_params(locals()))
[ACTUALIZAR PAGOS · AUTO]   File "/Library/Frameworks/Python.framework/Versions/3.14/lib/python3.14/site-packages/playwright/_impl/_connection.py", line 69, in send
[ACTUALIZAR PAGOS · AUTO]     return await self._connection.wrap_api_call(
[ACTUALIZAR PAGOS · AUTO]            ^^^^^^^^^^^^^^^^^^^^^^^^^^^^^^^^^^^^^
[ACTUALIZAR PAGOS · AUTO]     ...<3 lines>...
[ACTUALIZAR PAGOS · AUTO]     )
[ACTUALIZAR PAGOS · AUTO]     ^
[ACTUALIZAR PAGOS · AUTO]   File "/Library/Frameworks/Python.framework/Versions/3.14/lib/python3.14/site-packages/playwright/_impl/_connection.py", line 559, in wrap_api_call
[ACTUALIZAR PAGOS · AUTO]     raise rewrite_error(error, f"{parsed_st['apiName']}: {error}") from None
[ACTUALIZAR PAGOS · AUTO] playwright._impl._errors.TimeoutError: Page.click: Timeout 30000ms exceeded.
[ACTUALIZAR PAGOS · AUTO] Call log:
[ACTUALIZAR PAGOS · AUTO]   - waiting for locator("text=Exportar actas")
[ACTUALIZAR PAGOS · AUTO] 🧹 Sesión guardada eliminada (auto-recuperación tras error: TimeoutError): datos/sesiones/sesion_general.json
[ACTUALIZAR PAGOS · AUTO] 🧹 Sesión guardada eliminada (auto-recuperación tras error: TimeoutError): datos/sesiones/sesion_semyt.json
[ACTUALIZAR PAGOS · AUTO] 🧹 Sesión guardada eliminada (auto-recuperación tras error: TimeoutError): datos/sesiones/sesion_sigi.json
ℹ El log detallado de esta corrida no se conservó en disco (no se llegó a subir ningún archivo).
❌ [Automático] 'pagos' falló (intento 3 de 4). Se reintenta a las 10:02.
🤖 [Automático] Es hora de actualizar pagos (reintento 3 de 3). Arrancando...
[ACTUALIZAR PAGOS · AUTO] === Inicio de ejecución: pagos ===
[ACTUALIZAR PAGOS · AUTO] ==================================================
[ACTUALIZAR PAGOS · AUTO] 🚀 PASO: LoginSEMyTPaso
[ACTUALIZAR PAGOS · AUTO] ==================================================
[ACTUALIZAR PAGOS · AUTO] Abriendo SEMyT...
[ACTUALIZAR PAGOS · AUTO] ❌ [SEMyT] No hay sesión activa. Iniciando login...
[ACTUALIZAR PAGOS · AUTO] ✅ [SEMyT] Login completado.
[ACTUALIZAR PAGOS · AUTO] ✅ LoginSEMyTPaso finalizado. (⏱ 2.9s)
[ACTUALIZAR PAGOS · AUTO] ==================================================
[ACTUALIZAR PAGOS · AUTO] 🚀 PASO: LoginSIGIPaso
[ACTUALIZAR PAGOS · AUTO] ==================================================
[ACTUALIZAR PAGOS · AUTO] Abriendo sitio municipalidad (CiDi)...
[ACTUALIZAR PAGOS · AUTO] ❌ === ERROR: TimeoutError: Page.goto: Timeout 60000ms exceeded.
[ACTUALIZAR PAGOS · AUTO] Call log:
[ACTUALIZAR PAGOS · AUTO]   - navigating to "https://juzgado.villamaria.gob.ar/", waiting until "domcontentloaded"
[ACTUALIZAR PAGOS · AUTO]  ===
[ACTUALIZAR PAGOS · AUTO] Traceback (most recent call last):
[ACTUALIZAR PAGOS · AUTO]   File "/Users/nicolascesolari/Proyectos/estacionamiento_medido/API-REST Payment/backend/orquestador/trabajador.py", line 119, in ejecutar_worker
[ACTUALIZAR PAGOS · AUTO]     contexto_resultado = asyncio.run(
[ACTUALIZAR PAGOS · AUTO]         asyncio.wait_for(
[ACTUALIZAR PAGOS · AUTO]     ...<2 lines>...
[ACTUALIZAR PAGOS · AUTO]         )
[ACTUALIZAR PAGOS · AUTO]     )
[ACTUALIZAR PAGOS · AUTO]   File "/Library/Frameworks/Python.framework/Versions/3.14/lib/python3.14/asyncio/runners.py", line 205, in run
[ACTUALIZAR PAGOS · AUTO]     return runner.run(main)
[ACTUALIZAR PAGOS · AUTO]            ~~~~~~~~~~^^^^^^
[ACTUALIZAR PAGOS · AUTO]   File "/Library/Frameworks/Python.framework/Versions/3.14/lib/python3.14/asyncio/runners.py", line 128, in run
[ACTUALIZAR PAGOS · AUTO]     return self._loop.run_until_complete(task)
[ACTUALIZAR PAGOS · AUTO]            ~~~~~~~~~~~~~~~~~~~~~~~~~~~~~^^^^^^
[ACTUALIZAR PAGOS · AUTO]   File "/Library/Frameworks/Python.framework/Versions/3.14/lib/python3.14/asyncio/base_events.py", line 719, in run_until_complete
[ACTUALIZAR PAGOS · AUTO]     return future.result()
[ACTUALIZAR PAGOS · AUTO]            ~~~~~~~~~~~~~^^
[ACTUALIZAR PAGOS · AUTO]   File "/Library/Frameworks/Python.framework/Versions/3.14/lib/python3.14/asyncio/tasks.py", line 488, in wait_for
[ACTUALIZAR PAGOS · AUTO]     return await fut
[ACTUALIZAR PAGOS · AUTO]            ^^^^^^^^^
[ACTUALIZAR PAGOS · AUTO]   File "/Users/nicolascesolari/Proyectos/estacionamiento_medido/API-REST Payment/backend/orquestador/trabajador.py", line 189, in _correr_tipo
[ACTUALIZAR PAGOS · AUTO]     return await PagosWorkflow(navegador).ejecutar(archivo_fn=archivo_creado, cerrar_navegador_al_final=False)
[ACTUALIZAR PAGOS · AUTO]            ^^^^^^^^^^^^^^^^^^^^^^^^^^^^^^^^^^^^^^^^^^^^^^^^^^^^^^^^^^^^^^^^^^^^^^^^^^^^^^^^^^^^^^^^^^^^^^^^^^^
[ACTUALIZAR PAGOS · AUTO]   File "/Users/nicolascesolari/Proyectos/estacionamiento_medido/API-REST Payment/backend/workflows/workflow_base.py", line 38, in ejecutar
[ACTUALIZAR PAGOS · AUTO]     await paso.ejecutar(contexto)
[ACTUALIZAR PAGOS · AUTO]   File "/Users/nicolascesolari/Proyectos/estacionamiento_medido/API-REST Payment/backend/pasos/login_sigi_paso.py", line 27, in ejecutar
[ACTUALIZAR PAGOS · AUTO]     await autenticacion.asegurar_sesion_sigi(credenciales, config.ROL_A_SELECCIONAR)
[ACTUALIZAR PAGOS · AUTO]   File "/Users/nicolascesolari/Proyectos/estacionamiento_medido/API-REST Payment/backend/services/autenticacion_service.py", line 28, in asegurar_sesion_sigi
[ACTUALIZAR PAGOS · AUTO]     await self.login_page.abrir_sigi_login()
[ACTUALIZAR PAGOS · AUTO]   File "/Users/nicolascesolari/Proyectos/estacionamiento_medido/API-REST Payment/backend/pages/login_page.py", line 90, in abrir_sigi_login
[ACTUALIZAR PAGOS · AUTO]     await self.page.goto(rutas.SIGI_LOGIN, wait_until="domcontentloaded", timeout=60000)
[ACTUALIZAR PAGOS · AUTO]   File "/Library/Frameworks/Python.framework/Versions/3.14/lib/python3.14/site-packages/playwright/async_api/_generated.py", line 9611, in goto
[ACTUALIZAR PAGOS · AUTO]     await self._impl_obj.goto(
[ACTUALIZAR PAGOS · AUTO]     ...<4 lines>...
[ACTUALIZAR PAGOS · AUTO]     )
[ACTUALIZAR PAGOS · AUTO]   File "/Library/Frameworks/Python.framework/Versions/3.14/lib/python3.14/site-packages/playwright/_impl/_page.py", line 557, in goto
[ACTUALIZAR PAGOS · AUTO]     return await self._main_frame.goto(**locals_to_params(locals()))
[ACTUALIZAR PAGOS · AUTO]            ^^^^^^^^^^^^^^^^^^^^^^^^^^^^^^^^^^^^^^^^^^^^^^^^^^^^^^^^^
[ACTUALIZAR PAGOS · AUTO]   File "/Library/Frameworks/Python.framework/Versions/3.14/lib/python3.14/site-packages/playwright/_impl/_frame.py", line 156, in goto
[ACTUALIZAR PAGOS · AUTO]     await self._channel.send(
[ACTUALIZAR PAGOS · AUTO]         "goto", self._navigation_timeout, locals_to_params(locals())
[ACTUALIZAR PAGOS · AUTO]     )
[ACTUALIZAR PAGOS · AUTO]   File "/Library/Frameworks/Python.framework/Versions/3.14/lib/python3.14/site-packages/playwright/_impl/_connection.py", line 69, in send
[ACTUALIZAR PAGOS · AUTO]     return await self._connection.wrap_api_call(
[ACTUALIZAR PAGOS · AUTO]            ^^^^^^^^^^^^^^^^^^^^^^^^^^^^^^^^^^^^^
[ACTUALIZAR PAGOS · AUTO]     ...<3 lines>...
[ACTUALIZAR PAGOS · AUTO]     )
[ACTUALIZAR PAGOS · AUTO]     ^
[ACTUALIZAR PAGOS · AUTO]   File "/Library/Frameworks/Python.framework/Versions/3.14/lib/python3.14/site-packages/playwright/_impl/_connection.py", line 559, in wrap_api_call
[ACTUALIZAR PAGOS · AUTO]     raise rewrite_error(error, f"{parsed_st['apiName']}: {error}") from None
[ACTUALIZAR PAGOS · AUTO] playwright._impl._errors.TimeoutError: Page.goto: Timeout 60000ms exceeded.
[ACTUALIZAR PAGOS · AUTO] Call log:
[ACTUALIZAR PAGOS · AUTO]   - navigating to "https://juzgado.villamaria.gob.ar/", waiting until "domcontentloaded"
[ACTUALIZAR PAGOS · AUTO] 🧹 Sesión guardada eliminada (auto-recuperación tras error: TimeoutError): datos/sesiones/sesion_general.json
[ACTUALIZAR PAGOS · AUTO] 🧹 Sesión guardada eliminada (auto-recuperación tras error: TimeoutError): datos/sesiones/sesion_semyt.json
ℹ El log detallado de esta corrida no se conservó en disco (no se llegó a subir ningún archivo).
❌ [Automático] 'pagos' falló 4 veces seguidas (actualizar pagos). Se dejan de reintentar por ahora; revisá el log de esa ejecución para ver el detalle del error. Se retoma en el horario normal.
🤖 [Automático] Es hora de actualizar pagos. Arrancando...
[ACTUALIZAR PAGOS · AUTO] === Inicio de ejecución: pagos ===
[ACTUALIZAR PAGOS · AUTO] ==================================================
[ACTUALIZAR PAGOS · AUTO] 🚀 PASO: LoginSEMyTPaso
[ACTUALIZAR PAGOS · AUTO] ==================================================
[ACTUALIZAR PAGOS · AUTO] Abriendo SEMyT...
[ACTUALIZAR PAGOS · AUTO] ❌ [SEMyT] No hay sesión activa. Iniciando login...
[ACTUALIZAR PAGOS · AUTO] ✅ [SEMyT] Login completado.
[ACTUALIZAR PAGOS · AUTO] ✅ LoginSEMyTPaso finalizado. (⏱ 2.7s)
[ACTUALIZAR PAGOS · AUTO] ==================================================
[ACTUALIZAR PAGOS · AUTO] 🚀 PASO: LoginSIGIPaso
[ACTUALIZAR PAGOS · AUTO] ==================================================
[ACTUALIZAR PAGOS · AUTO] Abriendo sitio municipalidad (CiDi)...
[ACTUALIZAR PAGOS · AUTO] ❌ === ERROR: TimeoutError: Page.goto: Timeout 60000ms exceeded.
[ACTUALIZAR PAGOS · AUTO] Call log:
[ACTUALIZAR PAGOS · AUTO]   - navigating to "https://juzgado.villamaria.gob.ar/", waiting until "domcontentloaded"
[ACTUALIZAR PAGOS · AUTO]  ===
[ACTUALIZAR PAGOS · AUTO] Traceback (most recent call last):
[ACTUALIZAR PAGOS · AUTO]   File "/Users/nicolascesolari/Proyectos/estacionamiento_medido/API-REST Payment/backend/orquestador/trabajador.py", line 119, in ejecutar_worker
[ACTUALIZAR PAGOS · AUTO]     contexto_resultado = asyncio.run(
[ACTUALIZAR PAGOS · AUTO]         asyncio.wait_for(
[ACTUALIZAR PAGOS · AUTO]     ...<2 lines>...
[ACTUALIZAR PAGOS · AUTO]         )
[ACTUALIZAR PAGOS · AUTO]     )
[ACTUALIZAR PAGOS · AUTO]   File "/Library/Frameworks/Python.framework/Versions/3.14/lib/python3.14/asyncio/runners.py", line 205, in run
[ACTUALIZAR PAGOS · AUTO]     return runner.run(main)
[ACTUALIZAR PAGOS · AUTO]            ~~~~~~~~~~^^^^^^
[ACTUALIZAR PAGOS · AUTO]   File "/Library/Frameworks/Python.framework/Versions/3.14/lib/python3.14/asyncio/runners.py", line 128, in run
[ACTUALIZAR PAGOS · AUTO]     return self._loop.run_until_complete(task)
[ACTUALIZAR PAGOS · AUTO]            ~~~~~~~~~~~~~~~~~~~~~~~~~~~~~^^^^^^
[ACTUALIZAR PAGOS · AUTO]   File "/Library/Frameworks/Python.framework/Versions/3.14/lib/python3.14/asyncio/base_events.py", line 719, in run_until_complete
[ACTUALIZAR PAGOS · AUTO]     return future.result()
[ACTUALIZAR PAGOS · AUTO]            ~~~~~~~~~~~~~^^
[ACTUALIZAR PAGOS · AUTO]   File "/Library/Frameworks/Python.framework/Versions/3.14/lib/python3.14/asyncio/tasks.py", line 488, in wait_for
[ACTUALIZAR PAGOS · AUTO]     return await fut
[ACTUALIZAR PAGOS · AUTO]            ^^^^^^^^^
[ACTUALIZAR PAGOS · AUTO]   File "/Users/nicolascesolari/Proyectos/estacionamiento_medido/API-REST Payment/backend/orquestador/trabajador.py", line 189, in _correr_tipo
[ACTUALIZAR PAGOS · AUTO]     return await PagosWorkflow(navegador).ejecutar(archivo_fn=archivo_creado, cerrar_navegador_al_final=False)
[ACTUALIZAR PAGOS · AUTO]            ^^^^^^^^^^^^^^^^^^^^^^^^^^^^^^^^^^^^^^^^^^^^^^^^^^^^^^^^^^^^^^^^^^^^^^^^^^^^^^^^^^^^^^^^^^^^^^^^^^^
[ACTUALIZAR PAGOS · AUTO]   File "/Users/nicolascesolari/Proyectos/estacionamiento_medido/API-REST Payment/backend/workflows/workflow_base.py", line 38, in ejecutar
[ACTUALIZAR PAGOS · AUTO]     await paso.ejecutar(contexto)
[ACTUALIZAR PAGOS · AUTO]   File "/Users/nicolascesolari/Proyectos/estacionamiento_medido/API-REST Payment/backend/pasos/login_sigi_paso.py", line 27, in ejecutar
[ACTUALIZAR PAGOS · AUTO]     await autenticacion.asegurar_sesion_sigi(credenciales, config.ROL_A_SELECCIONAR)
[ACTUALIZAR PAGOS · AUTO]   File "/Users/nicolascesolari/Proyectos/estacionamiento_medido/API-REST Payment/backend/services/autenticacion_service.py", line 28, in asegurar_sesion_sigi
[ACTUALIZAR PAGOS · AUTO]     await self.login_page.abrir_sigi_login()
[ACTUALIZAR PAGOS · AUTO]   File "/Users/nicolascesolari/Proyectos/estacionamiento_medido/API-REST Payment/backend/pages/login_page.py", line 90, in abrir_sigi_login
[ACTUALIZAR PAGOS · AUTO]     await self.page.goto(rutas.SIGI_LOGIN, wait_until="domcontentloaded", timeout=60000)
[ACTUALIZAR PAGOS · AUTO]   File "/Library/Frameworks/Python.framework/Versions/3.14/lib/python3.14/site-packages/playwright/async_api/_generated.py", line 9611, in goto
[ACTUALIZAR PAGOS · AUTO]     await self._impl_obj.goto(
[ACTUALIZAR PAGOS · AUTO]     ...<4 lines>...
[ACTUALIZAR PAGOS · AUTO]     )
[ACTUALIZAR PAGOS · AUTO]   File "/Library/Frameworks/Python.framework/Versions/3.14/lib/python3.14/site-packages/playwright/_impl/_page.py", line 557, in goto
[ACTUALIZAR PAGOS · AUTO]     return await self._main_frame.goto(**locals_to_params(locals()))
[ACTUALIZAR PAGOS · AUTO]            ^^^^^^^^^^^^^^^^^^^^^^^^^^^^^^^^^^^^^^^^^^^^^^^^^^^^^^^^^
[ACTUALIZAR PAGOS · AUTO]   File "/Library/Frameworks/Python.framework/Versions/3.14/lib/python3.14/site-packages/playwright/_impl/_frame.py", line 156, in goto
[ACTUALIZAR PAGOS · AUTO]     await self._channel.send(
[ACTUALIZAR PAGOS · AUTO]         "goto", self._navigation_timeout, locals_to_params(locals())
[ACTUALIZAR PAGOS · AUTO]     )
[ACTUALIZAR PAGOS · AUTO]   File "/Library/Frameworks/Python.framework/Versions/3.14/lib/python3.14/site-packages/playwright/_impl/_connection.py", line 69, in send
[ACTUALIZAR PAGOS · AUTO]     return await self._connection.wrap_api_call(
[ACTUALIZAR PAGOS · AUTO]            ^^^^^^^^^^^^^^^^^^^^^^^^^^^^^^^^^^^^^
[ACTUALIZAR PAGOS · AUTO]     ...<3 lines>...
[ACTUALIZAR PAGOS · AUTO]     )
[ACTUALIZAR PAGOS · AUTO]     ^
[ACTUALIZAR PAGOS · AUTO]   File "/Library/Frameworks/Python.framework/Versions/3.14/lib/python3.14/site-packages/playwright/_impl/_connection.py", line 559, in wrap_api_call
[ACTUALIZAR PAGOS · AUTO]     raise rewrite_error(error, f"{parsed_st['apiName']}: {error}") from None
[ACTUALIZAR PAGOS · AUTO] playwright._impl._errors.TimeoutError: Page.goto: Timeout 60000ms exceeded.
[ACTUALIZAR PAGOS · AUTO] Call log:
[ACTUALIZAR PAGOS · AUTO]   - navigating to "https://juzgado.villamaria.gob.ar/", waiting until "domcontentloaded"
[ACTUALIZAR PAGOS · AUTO] 🧹 Sesión guardada eliminada (auto-recuperación tras error: TimeoutError): datos/sesiones/sesion_general.json
[ACTUALIZAR PAGOS · AUTO] 🧹 Sesión guardada eliminada (auto-recuperación tras error: TimeoutError): datos/sesiones/sesion_semyt.json
ℹ El log detallado de esta corrida no se conservó en disco (no se llegó a subir ningún archivo).
❌ [Automático] 'pagos' falló (intento 1 de 4). Se reintenta a las 10:17.
🤖 [Automático] Es hora de actualizar pagos (reintento 1 de 3). Arrancando...
[ACTUALIZAR PAGOS · AUTO] === Inicio de ejecución: pagos ===
[ACTUALIZAR PAGOS · AUTO] ==================================================
[ACTUALIZAR PAGOS · AUTO] 🚀 PASO: LoginSEMyTPaso
[ACTUALIZAR PAGOS · AUTO] ==================================================
[ACTUALIZAR PAGOS · AUTO] Abriendo SEMyT...
[ACTUALIZAR PAGOS · AUTO] ❌ [SEMyT] No hay sesión activa. Iniciando login...
[ACTUALIZAR PAGOS · AUTO] ✅ [SEMyT] Login completado.
[ACTUALIZAR PAGOS · AUTO] ✅ LoginSEMyTPaso finalizado. (⏱ 2.9s)
[ACTUALIZAR PAGOS · AUTO] ==================================================
[ACTUALIZAR PAGOS · AUTO] 🚀 PASO: LoginSIGIPaso
[ACTUALIZAR PAGOS · AUTO] ==================================================
[ACTUALIZAR PAGOS · AUTO] Abriendo sitio municipalidad (CiDi)...
[ACTUALIZAR PAGOS · AUTO] ❌ [SIGI] No hay sesión activa. Iniciando login CiDi...
[ACTUALIZAR PAGOS · AUTO] ✅ [SIGI] Login completado.
[ACTUALIZAR PAGOS · AUTO] ✅ LoginSIGIPaso finalizado. (⏱ 9.9s)
[ACTUALIZAR PAGOS · AUTO] ==================================================
[ACTUALIZAR PAGOS · AUTO] 🚀 PASO: DescargasParalelasPaso
[ACTUALIZAR PAGOS · AUTO] ==================================================
[ACTUALIZAR PAGOS · AUTO] ❌ === ERROR: TimeoutError: Page.goto: Timeout 60000ms exceeded.
[ACTUALIZAR PAGOS · AUTO] Call log:
[ACTUALIZAR PAGOS · AUTO]   - navigating to "https://ciudad.villamaria.gob.ar/#/inicio", waiting until "domcontentloaded"
[ACTUALIZAR PAGOS · AUTO]  ===
[ACTUALIZAR PAGOS · AUTO] Traceback (most recent call last):
[ACTUALIZAR PAGOS · AUTO]   File "/Users/nicolascesolari/Proyectos/estacionamiento_medido/API-REST Payment/backend/orquestador/trabajador.py", line 119, in ejecutar_worker
[ACTUALIZAR PAGOS · AUTO]     contexto_resultado = asyncio.run(
[ACTUALIZAR PAGOS · AUTO]         asyncio.wait_for(
[ACTUALIZAR PAGOS · AUTO]     ...<2 lines>...
[ACTUALIZAR PAGOS · AUTO]         )
[ACTUALIZAR PAGOS · AUTO]     )
[ACTUALIZAR PAGOS · AUTO]   File "/Library/Frameworks/Python.framework/Versions/3.14/lib/python3.14/asyncio/runners.py", line 205, in run
[ACTUALIZAR PAGOS · AUTO]     return runner.run(main)
[ACTUALIZAR PAGOS · AUTO]            ~~~~~~~~~~^^^^^^
[ACTUALIZAR PAGOS · AUTO]   File "/Library/Frameworks/Python.framework/Versions/3.14/lib/python3.14/asyncio/runners.py", line 128, in run
[ACTUALIZAR PAGOS · AUTO]     return self._loop.run_until_complete(task)
[ACTUALIZAR PAGOS · AUTO]            ~~~~~~~~~~~~~~~~~~~~~~~~~~~~~^^^^^^
[ACTUALIZAR PAGOS · AUTO]   File "/Library/Frameworks/Python.framework/Versions/3.14/lib/python3.14/asyncio/base_events.py", line 719, in run_until_complete
[ACTUALIZAR PAGOS · AUTO]     return future.result()
[ACTUALIZAR PAGOS · AUTO]            ~~~~~~~~~~~~~^^
[ACTUALIZAR PAGOS · AUTO]   File "/Library/Frameworks/Python.framework/Versions/3.14/lib/python3.14/asyncio/tasks.py", line 488, in wait_for
[ACTUALIZAR PAGOS · AUTO]     return await fut
[ACTUALIZAR PAGOS · AUTO]            ^^^^^^^^^
[ACTUALIZAR PAGOS · AUTO]   File "/Users/nicolascesolari/Proyectos/estacionamiento_medido/API-REST Payment/backend/orquestador/trabajador.py", line 189, in _correr_tipo
[ACTUALIZAR PAGOS · AUTO]     return await PagosWorkflow(navegador).ejecutar(archivo_fn=archivo_creado, cerrar_navegador_al_final=False)
[ACTUALIZAR PAGOS · AUTO]            ^^^^^^^^^^^^^^^^^^^^^^^^^^^^^^^^^^^^^^^^^^^^^^^^^^^^^^^^^^^^^^^^^^^^^^^^^^^^^^^^^^^^^^^^^^^^^^^^^^^
[ACTUALIZAR PAGOS · AUTO]   File "/Users/nicolascesolari/Proyectos/estacionamiento_medido/API-REST Payment/backend/workflows/workflow_base.py", line 38, in ejecutar
[ACTUALIZAR PAGOS · AUTO]     await paso.ejecutar(contexto)
[ACTUALIZAR PAGOS · AUTO]   File "/Users/nicolascesolari/Proyectos/estacionamiento_medido/API-REST Payment/backend/pasos/descargas_paralelas_paso.py", line 45, in ejecutar
[ACTUALIZAR PAGOS · AUTO]     await pagina_semyt_viejas.goto(url_inicio_semyt, wait_until="domcontentloaded", timeout=60000)
[ACTUALIZAR PAGOS · AUTO]   File "/Library/Frameworks/Python.framework/Versions/3.14/lib/python3.14/site-packages/playwright/async_api/_generated.py", line 9611, in goto
[ACTUALIZAR PAGOS · AUTO]     await self._impl_obj.goto(
[ACTUALIZAR PAGOS · AUTO]     ...<4 lines>...
[ACTUALIZAR PAGOS · AUTO]     )
[ACTUALIZAR PAGOS · AUTO]   File "/Library/Frameworks/Python.framework/Versions/3.14/lib/python3.14/site-packages/playwright/_impl/_page.py", line 557, in goto
[ACTUALIZAR PAGOS · AUTO]     return await self._main_frame.goto(**locals_to_params(locals()))
[ACTUALIZAR PAGOS · AUTO]            ^^^^^^^^^^^^^^^^^^^^^^^^^^^^^^^^^^^^^^^^^^^^^^^^^^^^^^^^^
[ACTUALIZAR PAGOS · AUTO]   File "/Library/Frameworks/Python.framework/Versions/3.14/lib/python3.14/site-packages/playwright/_impl/_frame.py", line 156, in goto
[ACTUALIZAR PAGOS · AUTO]     await self._channel.send(
[ACTUALIZAR PAGOS · AUTO]         "goto", self._navigation_timeout, locals_to_params(locals())
[ACTUALIZAR PAGOS · AUTO]     )
[ACTUALIZAR PAGOS · AUTO]   File "/Library/Frameworks/Python.framework/Versions/3.14/lib/python3.14/site-packages/playwright/_impl/_connection.py", line 69, in send
[ACTUALIZAR PAGOS · AUTO]     return await self._connection.wrap_api_call(
[ACTUALIZAR PAGOS · AUTO]            ^^^^^^^^^^^^^^^^^^^^^^^^^^^^^^^^^^^^^
[ACTUALIZAR PAGOS · AUTO]     ...<3 lines>...
[ACTUALIZAR PAGOS · AUTO]     )
[ACTUALIZAR PAGOS · AUTO]     ^
[ACTUALIZAR PAGOS · AUTO]   File "/Library/Frameworks/Python.framework/Versions/3.14/lib/python3.14/site-packages/playwright/_impl/_connection.py", line 559, in wrap_api_call
[ACTUALIZAR PAGOS · AUTO]     raise rewrite_error(error, f"{parsed_st['apiName']}: {error}") from None
[ACTUALIZAR PAGOS · AUTO] playwright._impl._errors.TimeoutError: Page.goto: Timeout 60000ms exceeded.
[ACTUALIZAR PAGOS · AUTO] Call log:
[ACTUALIZAR PAGOS · AUTO]   - navigating to "https://ciudad.villamaria.gob.ar/#/inicio", waiting until "domcontentloaded"
[ACTUALIZAR PAGOS · AUTO] 🧹 Sesión guardada eliminada (auto-recuperación tras error: TimeoutError): datos/sesiones/sesion_general.json
[ACTUALIZAR PAGOS · AUTO] 🧹 Sesión guardada eliminada (auto-recuperación tras error: TimeoutError): datos/sesiones/sesion_semyt.json
[ACTUALIZAR PAGOS · AUTO] 🧹 Sesión guardada eliminada (auto-recuperación tras error: TimeoutError): datos/sesiones/sesion_sigi.json
ℹ El log detallado de esta corrida no se conservó en disco (no se llegó a subir ningún archivo).
❌ [Automático] 'pagos' falló (intento 2 de 4). Se reintenta a las 10:37.
🤖 [Automático] Es hora de actualizar pagos (reintento 2 de 3). Arrancando...
