
🔐 Verificando sesiones (SEMyT y Juzgado)...
▶ [LoginSemytPaso] Iniciando...

==================================================
🚀 PASO: LoginSemytPaso
==================================================
Abriendo SEMyT...
✅ [SEMyT] Sesión existente detectada. Login omitido.
✅ LoginSemytPaso finalizado. (⏱ 18.1s)

✓ [LoginSemytPaso] Completado.
▶ [LoginJuzgadoPaso] Iniciando...

==================================================
🚀 PASO: LoginJuzgadoPaso
==================================================
Abriendo sitio municipalidad (CiDi)...
✅ [Juzgado] Sesión existente detectada. Login omitido.
✅ LoginJuzgadoPaso finalizado. (⏱ 0.7s)

✓ [LoginJuzgadoPaso] Completado.
✅ Sesiones listas. Si ya estabas logueado de antes, se reutilizó la sesión guardada y no se volvió a pedir usuario/contraseña.

🤖 [Automático] Es hora de actualizar pagos. Arrancando...
🤖 Modo automático activado.
   Actualización de pagos: arrancando ya mismo.
   Actualización diaria de multas vencidas: DESHABILITADA (AUTOMATICO_MULTAS_HABILITADO=False)
✅ Servicio activo. Esperando la próxima ejecución programada...

🔐 Verificando sesiones (SEMyT y Juzgado)...
▶ [LoginSemytPaso] Iniciando...

==================================================
🚀 PASO: LoginSemytPaso
==================================================
Abriendo SEMyT...
✅ [SEMyT] Sesión existente detectada. Login omitido.
✅ LoginSemytPaso finalizado. (⏱ 12.9s)

✓ [LoginSemytPaso] Completado.
▶ [LoginJuzgadoPaso] Iniciando...

==================================================
🚀 PASO: LoginJuzgadoPaso
==================================================
Abriendo sitio municipalidad (CiDi)...
✅ [Juzgado] Sesión existente detectada. Login omitido.
✅ LoginJuzgadoPaso finalizado. (⏱ 0.6s)

✓ [LoginJuzgadoPaso] Completado.
✅ Sesiones listas. Si ya estabas logueado de antes, se reutilizó la sesión guardada y no se volvió a pedir usuario/contraseña.

🤖 [Automático] Es hora de actualizar pagos. Arrancando...
🤖 Modo automático activado.
   Actualización de pagos: arrancando ya mismo.
   Actualización diaria de multas vencidas: DESHABILITADA (AUTOMATICO_MULTAS_HABILITADO=False)
✅ Servicio activo. Esperando la próxima ejecución programada...
[ACTUALIZAR PAGOS · AUTO] === Inicio de ejecución: pagos ===
[ACTUALIZAR PAGOS · AUTO] ▶ [LoginSemytPaso] Iniciando...
[ACTUALIZAR PAGOS · AUTO] ==================================================
[ACTUALIZAR PAGOS · AUTO] 🚀 PASO: LoginSemytPaso
[ACTUALIZAR PAGOS · AUTO] ==================================================
[ACTUALIZAR PAGOS · AUTO] Abriendo SEMyT...
[ACTUALIZAR PAGOS · AUTO] ✅ [SEMyT] Sesión existente detectada. Login omitido.
[ACTUALIZAR PAGOS · AUTO] ✅ LoginSemytPaso finalizado. (⏱ 4.2s)
[ACTUALIZAR PAGOS · AUTO] ✓ [LoginSemytPaso] Completado.
[ACTUALIZAR PAGOS · AUTO] ▶ [LoginJuzgadoPaso] Iniciando...
[ACTUALIZAR PAGOS · AUTO] ==================================================
[ACTUALIZAR PAGOS · AUTO] 🚀 PASO: LoginJuzgadoPaso
[ACTUALIZAR PAGOS · AUTO] ==================================================
[ACTUALIZAR PAGOS · AUTO] Abriendo sitio municipalidad (CiDi)...
[ACTUALIZAR PAGOS · AUTO] ✅ [Juzgado] Sesión existente detectada. Login omitido.
[ACTUALIZAR PAGOS · AUTO] ✅ LoginJuzgadoPaso finalizado. (⏱ 0.6s)
[ACTUALIZAR PAGOS · AUTO] ✓ [LoginJuzgadoPaso] Completado.
[ACTUALIZAR PAGOS · AUTO] ▶ [DescargasParalelasPaso] Iniciando...
[ACTUALIZAR PAGOS · AUTO] ==================================================
[ACTUALIZAR PAGOS · AUTO] 🚀 PASO: DescargasParalelasPaso
[ACTUALIZAR PAGOS · AUTO] ==================================================
[ACTUALIZAR PAGOS · AUTO] 📤 Arrancando las 3 descargas en paralelo (mismo browser, páginas separadas)...
[ACTUALIZAR PAGOS · AUTO] Fecha Desde: 27/06/2024
[ACTUALIZAR PAGOS · AUTO] Fecha Hasta: 24/11/2025
[ACTUALIZAR PAGOS · AUTO] Fecha Desde: 25/11/2025
[ACTUALIZAR PAGOS · AUTO] Fecha Hasta: 27/07/2026
[ACTUALIZAR PAGOS · AUTO] Descargando Excel...
[ACTUALIZAR PAGOS · AUTO] Descargando Excel...
⏳ [Automático] Tocaba disparar 'pagos' pero ya hay una ejecución en curso (Actualizar pagos); esperando a que termine; se reintenta en breve sin perder el turno.
[ACTUALIZAR PAGOS · AUTO] ✅ TXT de pagos descargado en: backend/descargas/pagos/2026-07-27/PAGOS DESCARGADOS.txt
[ACTUALIZAR PAGOS · AUTO] ⏱ [pagos_txt] completado en 28.8s
[ACTUALIZAR PAGOS · AUTO] Archivo descargado en: backend/descargas/cache_actas_cruce/MULTAS_JUZGADO_CRUCE.xlsx
[ACTUALIZAR PAGOS · AUTO] ⏱ [actas_juzgado] completado en 37.9s
[ACTUALIZAR PAGOS · AUTO] Archivo descargado en: backend/descargas/cache_actas_cruce/MULTAS_SIGEMI_CRUCE.xlsx
[ACTUALIZAR PAGOS · AUTO] ⏱ [actas_sigemi] completado en 56.3s
[ACTUALIZAR PAGOS · AUTO] ⏱ TOTAL descargas en paralelo: 56.3s
[ACTUALIZAR PAGOS · AUTO] ✅ DescargasParalelasPaso finalizado. (⏱ 56.5s)
[ACTUALIZAR PAGOS · AUTO] ✓ [DescargasParalelasPaso] Completado.
[ACTUALIZAR PAGOS · AUTO] ▶ [CompararActasPaso] Iniciando...
[ACTUALIZAR PAGOS · AUTO] ==================================================
[ACTUALIZAR PAGOS · AUTO] 🚀 PASO: CompararActasPaso
[ACTUALIZAR PAGOS · AUTO] ==================================================
[ACTUALIZAR PAGOS · AUTO] 🔍 Comparando actas del SEMyT contra pagos del Juzgado...
[ACTUALIZAR PAGOS · AUTO] ================================================================================
[ACTUALIZAR PAGOS · AUTO] INICIANDO PROCESO DE GENERACIÓN DE PAGOS DESACTUALIZADOS
[ACTUALIZAR PAGOS · AUTO] ================================================================================
[ACTUALIZAR PAGOS · AUTO] 📂 Cargando archivos...
[ACTUALIZAR PAGOS · AUTO]   ✓ Pagos: 17685 registros
[ACTUALIZAR PAGOS · AUTO]   ✓ Excel SIGEMI (multas vencidas viejas): 103297 registros
[ACTUALIZAR PAGOS · AUTO]   ✓ Excel Juzgado (multas vencidas nuevas): 40495 registros
[ACTUALIZAR PAGOS · AUTO] ================================================================================
[ACTUALIZAR PAGOS · AUTO] PASO 1: LLENANDO ACTA_NUMERO (búsqueda por patente + fecha, con desempate por hora)
[ACTUALIZAR PAGOS · AUTO] ================================================================================
[ACTUALIZAR PAGOS · AUTO] 📊 ESTADÍSTICAS DE LLENADO DE ACTAS:
[ACTUALIZAR PAGOS · AUTO]   • Pagos con acta ORIGINAL: 3395
[ACTUALIZAR PAGOS · AUTO]   • Pagos SIN acta (buscados): 14290
[ACTUALIZAR PAGOS · AUTO]   • Pagos LLENADOS exitosamente: 25
[ACTUALIZAR PAGOS · AUTO]   • Pagos NO encontrados en multas: 14265
[ACTUALIZAR PAGOS · AUTO]   • Pagos SIN RESOLVER por desbalance de cantidades: 0
[ACTUALIZAR PAGOS · AUTO] ================================================================================
[ACTUALIZAR PAGOS · AUTO] PASO 1: LLENANDO ACTA_NUMERO (búsqueda por patente + fecha, con desempate por hora)
[ACTUALIZAR PAGOS · AUTO] ================================================================================
[ACTUALIZAR PAGOS · AUTO] 📊 ESTADÍSTICAS DE LLENADO DE ACTAS:
[ACTUALIZAR PAGOS · AUTO]   • Pagos con acta ORIGINAL: 3420
[ACTUALIZAR PAGOS · AUTO]   • Pagos SIN acta (buscados): 14265
[ACTUALIZAR PAGOS · AUTO]   • Pagos LLENADOS exitosamente: 0
[ACTUALIZAR PAGOS · AUTO]   • Pagos NO encontrados en multas: 14265
[ACTUALIZAR PAGOS · AUTO]   • Pagos SIN RESOLVER por desbalance de cantidades: 0
[ACTUALIZAR PAGOS · AUTO] ⏱ PASO 1 (llenar actas): 3.3s
[ACTUALIZAR PAGOS · AUTO] ================================================================================
[ACTUALIZAR PAGOS · AUTO] PASO 2: FILTRANDO PAGOS CON ACTA_NUMERO COMPLETO
[ACTUALIZAR PAGOS · AUTO] ================================================================================
[ACTUALIZAR PAGOS · AUTO] 📊 ESTADÍSTICAS DE FILTRADO:
[ACTUALIZAR PAGOS · AUTO]   • Pagos TOTALES al inicio: 17685
[ACTUALIZAR PAGOS · AUTO]   • Pagos CON acta (MANTIENEN): 3420
[ACTUALIZAR PAGOS · AUTO]   • Pagos RECHAZADOS (sin coincidencias): 14265
[ACTUALIZAR PAGOS · AUTO] ⚠️  Se eliminaron 14265 registros sin número de acta
[ACTUALIZAR PAGOS · AUTO]      (recordá: esto incluye tanto pagos ya actualizados/pagados
[ACTUALIZAR PAGOS · AUTO]       como pagos que quedaron sin resolver por desbalance en el Paso 1)
[ACTUALIZAR PAGOS · AUTO] ================================================================================
[ACTUALIZAR PAGOS · AUTO] PASO 2-bis: CONFIRMANDO VIGENCIA DE PAGOS (sistema NUEVO contra MULTAS_JUZGADO_CRUCE, sistema VIEJO contra SIGEMI)
[ACTUALIZAR PAGOS · AUTO] ================================================================================
[ACTUALIZAR PAGOS · AUTO]   ⚠ 3382 pago(s) descartados: su acta ya no figura como vencida en MULTAS_JUZGADO_CRUCE (SEMyT ya los actualizó).
[ACTUALIZAR PAGOS · AUTO]   ⚠ 2 pago(s) descartados: su acta ya no figura como vencida en el Excel de SIGEMI (SEMyT ya los actualizó).
[ACTUALIZAR PAGOS · AUTO]   • Pagos descartados en total por ya estar actualizados/pagados: 3384
[ACTUALIZAR PAGOS · AUTO] ⏱ PASO 2 (filtrar): 0.3s
[ACTUALIZAR PAGOS · AUTO] 📂 Cargando maestro de causas SIGEMI...
[ACTUALIZAR PAGOS · AUTO]   ✓ Causas totales (maestro): 134069 registros
[ACTUALIZAR PAGOS · AUTO] ⏱ PASO 2.5 (causas simplificado): 0.0s
[ACTUALIZAR PAGOS · AUTO] ================================================================================
[ACTUALIZAR PAGOS · AUTO] PASO 2.5: ARMANDO causas.txt SIMPLIFICADO (cruce contra total_causas_sigemi.txt)
[ACTUALIZAR PAGOS · AUTO] ================================================================================
[ACTUALIZAR PAGOS · AUTO]   • Actas vencidas viejas (multas): 103297
[ACTUALIZAR PAGOS · AUTO]   • Causas totales en el maestro SIGEMI: 134069
[ACTUALIZAR PAGOS · AUTO]   • Causas que coinciden (simplificado): 102970
[ACTUALIZAR PAGOS · AUTO]   ✅ Archivo escrito: backend/descargas/causas/causas.txt
[ACTUALIZAR PAGOS · AUTO] ⏱ PASO 2.5 (causas simplificado): 0.4s
[ACTUALIZAR PAGOS · AUTO] ================================================================================
[ACTUALIZAR PAGOS · AUTO] PASO 3: LLENANDO CAUSA_NUMERO (según fecha de cambio de sistema, cruzando por acta + año)
[ACTUALIZAR PAGOS · AUTO] ================================================================================
[ACTUALIZAR PAGOS · AUTO] 📊 ESTADÍSTICAS DE LLENADO DE CAUSAS:
[ACTUALIZAR PAGOS · AUTO]   • Pagos con causa ORIGINAL: 11
[ACTUALIZAR PAGOS · AUTO]   • Causas encontradas en SIGEMI (actas viejas): 25
[ACTUALIZAR PAGOS · AUTO]   • Causas NO encontradas en SIGEMI: 0
[ACTUALIZAR PAGOS · AUTO]   • Causas asignadas automáticamente (actas nuevas): 0
[ACTUALIZAR PAGOS · AUTO] ⏱ PASO 3 (llenar causas): 0.0s
[ACTUALIZAR PAGOS · AUTO] ================================================================================
[ACTUALIZAR PAGOS · AUTO] PASO 4: ORDENANDO POR FECHA Y ACTA_NUMERO
[ACTUALIZAR PAGOS · AUTO] ================================================================================
[ACTUALIZAR PAGOS · AUTO] ✓ Pagos ordenados correctamente
[ACTUALIZAR PAGOS · AUTO]   • Primera entrada: Acta=10763, Fecha=15/07/2024
[ACTUALIZAR PAGOS · AUTO]   • Última entrada: Acta=316876, Fecha=19/05/2026
[ACTUALIZAR PAGOS · AUTO] 📝 Escribiendo archivo de salida...
[ACTUALIZAR PAGOS · AUTO]   ✅ Archivo escrito: backend/descargas/pagos/2026-07-27/PAGOS 20260727 104953.txt
[ACTUALIZAR PAGOS · AUTO]   ✅ Total registros: 3924
[ACTUALIZAR PAGOS · AUTO] ⏱ PASO 4 (ordenar y escribir): 0.0s
[ACTUALIZAR PAGOS · AUTO] ================================================================================
[ACTUALIZAR PAGOS · AUTO] ✅ PROCESO COMPLETADO EXITOSAMENTE
[ACTUALIZAR PAGOS · AUTO] ================================================================================
[ACTUALIZAR PAGOS · AUTO] 📊 RESUMEN FINAL DEL PROCESAMIENTO:
[ACTUALIZAR PAGOS · AUTO]   ENTRADA:
[ACTUALIZAR PAGOS · AUTO]     • Pagos originales: 17685
[ACTUALIZAR PAGOS · AUTO]     • Multas SIGEMI cargadas: 103297
[ACTUALIZAR PAGOS · AUTO]     • Multas Juzgado cargadas: 40495
[ACTUALIZAR PAGOS · AUTO]     • Causas simplificadas (usadas para el cruce): 102970
[ACTUALIZAR PAGOS · AUTO]   PROCESO:
[ACTUALIZAR PAGOS · AUTO]     • Pagos rechazados sigemi: 14265
[ACTUALIZAR PAGOS · AUTO]     • Pagos rechazados juzgado: 3384
[ACTUALIZAR PAGOS · AUTO]   SALIDA:
[ACTUALIZAR PAGOS · AUTO]     • Pagos desactualizados procesados: 36
[ACTUALIZAR PAGOS · AUTO]     • Archivo final: backend/descargas/pagos/2026-07-27/PAGOS 20260727 104953.txt
[ACTUALIZAR PAGOS · AUTO]     • Ordenados por fecha: SÍ ✓
[ACTUALIZAR PAGOS · AUTO]     • Todos con ACTA_NUMERO: SÍ ✓
[ACTUALIZAR PAGOS · AUTO]     • Todos con CAUSA_NUMERO: SÍ ✓
[ACTUALIZAR PAGOS · AUTO] ✅ TXT de pagos (ya cruzado con actas y causas) generado en: backend/descargas/pagos/2026-07-27/PAGOS 20260727 104953.txt
[ACTUALIZAR PAGOS · AUTO] 🧹 TXT de pagos crudo eliminado (ya usado en el cruce): backend/descargas/pagos/2026-07-27/PAGOS DESCARGADOS.txt
[ACTUALIZAR PAGOS · AUTO] 🧹 Excel MULTAS_SIGEMI_CRUCE eliminado (ya usado en el cruce): backend/descargas/cache_actas_cruce/MULTAS_SIGEMI_CRUCE.xlsx
[ACTUALIZAR PAGOS · AUTO] 🧹 Excel MULTAS_JUZGADO_CRUCE eliminado (ya usado en el cruce): backend/descargas/cache_actas_cruce/MULTAS_JUZGADO_CRUCE.xlsx
[ACTUALIZAR PAGOS · AUTO] ✅ CompararActasPaso finalizado. (⏱ 8.7s)
[ACTUALIZAR PAGOS · AUTO] ✓ [CompararActasPaso] Completado.
[ACTUALIZAR PAGOS · AUTO] ▶ [CargarPagosPaso] Iniciando...
[ACTUALIZAR PAGOS · AUTO] ==================================================
[ACTUALIZAR PAGOS · AUTO] 🚀 PASO: CargarPagosPaso
[ACTUALIZAR PAGOS · AUTO] ==================================================
[ACTUALIZAR PAGOS · AUTO] 📤 Subiendo TXT de pagos al SEMyT...
[ACTUALIZAR PAGOS · AUTO] ✅ Importación de pagos completada con éxito.
[ACTUALIZAR PAGOS · AUTO] ✅ Archivo TXT de pagos cargado en el SEMyT correctamente.
[ACTUALIZAR PAGOS · AUTO] ✅ CargarPagosPaso finalizado. (⏱ 2.2s)
[ACTUALIZAR PAGOS · AUTO] ✓ [CargarPagosPaso] Completado.
[ACTUALIZAR PAGOS · AUTO] === Ejecución finalizada con éxito ===
🤖 [Automático] Es hora de actualizar pagos. Arrancando...
[ACTUALIZAR PAGOS · AUTO] === Inicio de ejecución: pagos ===
[ACTUALIZAR PAGOS · AUTO] ▶ [LoginSemytPaso] Iniciando...
[ACTUALIZAR PAGOS · AUTO] ==================================================
[ACTUALIZAR PAGOS · AUTO] 🚀 PASO: LoginSemytPaso
[ACTUALIZAR PAGOS · AUTO] ==================================================
[ACTUALIZAR PAGOS · AUTO] Abriendo SEMyT...
⏳ [Automático] Tocaba disparar 'pagos' pero ya hay una ejecución en curso (Actualizar pagos); esperando a que termine; se reintenta en breve sin perder el turno.
[ACTUALIZAR PAGOS · AUTO] ✅ [SEMyT] Sesión existente detectada. Login omitido.
[ACTUALIZAR PAGOS · AUTO] ✅ LoginSemytPaso finalizado. (⏱ 38.8s)
[ACTUALIZAR PAGOS · AUTO] ✓ [LoginSemytPaso] Completado.
[ACTUALIZAR PAGOS · AUTO] ▶ [LoginJuzgadoPaso] Iniciando...
[ACTUALIZAR PAGOS · AUTO] ==================================================
[ACTUALIZAR PAGOS · AUTO] 🚀 PASO: LoginJuzgadoPaso
[ACTUALIZAR PAGOS · AUTO] ==================================================
[ACTUALIZAR PAGOS · AUTO] Abriendo sitio municipalidad (CiDi)...
[ACTUALIZAR PAGOS · AUTO] ✅ [Juzgado] Sesión existente detectada. Login omitido.
[ACTUALIZAR PAGOS · AUTO] ✅ LoginJuzgadoPaso finalizado. (⏱ 1.7s)
[ACTUALIZAR PAGOS · AUTO] ✓ [LoginJuzgadoPaso] Completado.
[ACTUALIZAR PAGOS · AUTO] ▶ [DescargasParalelasPaso] Iniciando...
[ACTUALIZAR PAGOS · AUTO] ==================================================
[ACTUALIZAR PAGOS · AUTO] 🚀 PASO: DescargasParalelasPaso
[ACTUALIZAR PAGOS · AUTO] ==================================================
[ACTUALIZAR PAGOS · AUTO] 📤 Arrancando las 3 descargas en paralelo (mismo browser, páginas separadas)...
[ACTUALIZAR PAGOS · AUTO] Fecha Desde: 27/06/2024
[ACTUALIZAR PAGOS · AUTO] Fecha Hasta: 24/11/2025
[ACTUALIZAR PAGOS · AUTO] Fecha Desde: 25/11/2025
[ACTUALIZAR PAGOS · AUTO] Fecha Hasta: 27/07/2026
[ACTUALIZAR PAGOS · AUTO] Descargando Excel...
[ACTUALIZAR PAGOS · AUTO] Descargando Excel...
[ACTUALIZAR PAGOS · AUTO] ✅ TXT de pagos descargado en: backend/descargas/pagos/2026-07-27/PAGOS DESCARGADOS.txt
[ACTUALIZAR PAGOS · AUTO] ⏱ [pagos_txt] completado en 31.5s
[ACTUALIZAR PAGOS · AUTO] Archivo descargado en: backend/descargas/cache_actas_cruce/MULTAS_JUZGADO_CRUCE.xlsx
[ACTUALIZAR PAGOS · AUTO] ⏱ [actas_juzgado] completado en 35.8s
[ACTUALIZAR PAGOS · AUTO] Archivo descargado en: backend/descargas/cache_actas_cruce/MULTAS_SIGEMI_CRUCE.xlsx
[ACTUALIZAR PAGOS · AUTO] ⏱ [actas_sigemi] completado en 69.1s
[ACTUALIZAR PAGOS · AUTO] ⏱ TOTAL descargas en paralelo: 69.1s
[ACTUALIZAR PAGOS · AUTO] ✅ DescargasParalelasPaso finalizado. (⏱ 69.4s)
[ACTUALIZAR PAGOS · AUTO] ✓ [DescargasParalelasPaso] Completado.
[ACTUALIZAR PAGOS · AUTO] ▶ [CompararActasPaso] Iniciando...
[ACTUALIZAR PAGOS · AUTO] ==================================================
[ACTUALIZAR PAGOS · AUTO] 🚀 PASO: CompararActasPaso
[ACTUALIZAR PAGOS · AUTO] ==================================================
[ACTUALIZAR PAGOS · AUTO] 🔍 Comparando actas del SEMyT contra pagos del Juzgado...
[ACTUALIZAR PAGOS · AUTO] ================================================================================
[ACTUALIZAR PAGOS · AUTO] INICIANDO PROCESO DE GENERACIÓN DE PAGOS DESACTUALIZADOS
[ACTUALIZAR PAGOS · AUTO] ================================================================================
[ACTUALIZAR PAGOS · AUTO] 📂 Cargando archivos...
[ACTUALIZAR PAGOS · AUTO]   ✓ Pagos: 17691 registros
[ACTUALIZAR PAGOS · AUTO]   ✓ Excel SIGEMI (multas vencidas viejas): 103272 registros
[ACTUALIZAR PAGOS · AUTO]   ✓ Excel Juzgado (multas vencidas nuevas): 40484 registros
[ACTUALIZAR PAGOS · AUTO] ================================================================================
[ACTUALIZAR PAGOS · AUTO] PASO 1: LLENANDO ACTA_NUMERO (búsqueda por patente + fecha, con desempate por hora)
[ACTUALIZAR PAGOS · AUTO] ================================================================================
[ACTUALIZAR PAGOS · AUTO] 📊 ESTADÍSTICAS DE LLENADO DE ACTAS:
[ACTUALIZAR PAGOS · AUTO]   • Pagos con acta ORIGINAL: 3398
[ACTUALIZAR PAGOS · AUTO]   • Pagos SIN acta (buscados): 14293
[ACTUALIZAR PAGOS · AUTO]   • Pagos LLENADOS exitosamente: 3
[ACTUALIZAR PAGOS · AUTO]   • Pagos NO encontrados en multas: 14290
[ACTUALIZAR PAGOS · AUTO]   • Pagos SIN RESOLVER por desbalance de cantidades: 0
[ACTUALIZAR PAGOS · AUTO] ================================================================================
[ACTUALIZAR PAGOS · AUTO] PASO 1: LLENANDO ACTA_NUMERO (búsqueda por patente + fecha, con desempate por hora)
[ACTUALIZAR PAGOS · AUTO] ================================================================================
[ACTUALIZAR PAGOS · AUTO] 📊 ESTADÍSTICAS DE LLENADO DE ACTAS:
[ACTUALIZAR PAGOS · AUTO]   • Pagos con acta ORIGINAL: 3401
[ACTUALIZAR PAGOS · AUTO]   • Pagos SIN acta (buscados): 14290
[ACTUALIZAR PAGOS · AUTO]   • Pagos LLENADOS exitosamente: 0
[ACTUALIZAR PAGOS · AUTO]   • Pagos NO encontrados en multas: 14290
[ACTUALIZAR PAGOS · AUTO]   • Pagos SIN RESOLVER por desbalance de cantidades: 0
[ACTUALIZAR PAGOS · AUTO] ⏱ PASO 1 (llenar actas): 3.3s
[ACTUALIZAR PAGOS · AUTO] ================================================================================
[ACTUALIZAR PAGOS · AUTO] PASO 2: FILTRANDO PAGOS CON ACTA_NUMERO COMPLETO
[ACTUALIZAR PAGOS · AUTO] ================================================================================
[ACTUALIZAR PAGOS · AUTO] 📊 ESTADÍSTICAS DE FILTRADO:
[ACTUALIZAR PAGOS · AUTO]   • Pagos TOTALES al inicio: 17691
[ACTUALIZAR PAGOS · AUTO]   • Pagos CON acta (MANTIENEN): 3401
[ACTUALIZAR PAGOS · AUTO]   • Pagos RECHAZADOS (sin coincidencias): 14290
[ACTUALIZAR PAGOS · AUTO] ⚠️  Se eliminaron 14290 registros sin número de acta
[ACTUALIZAR PAGOS · AUTO]      (recordá: esto incluye tanto pagos ya actualizados/pagados
[ACTUALIZAR PAGOS · AUTO]       como pagos que quedaron sin resolver por desbalance en el Paso 1)
[ACTUALIZAR PAGOS · AUTO] ================================================================================
[ACTUALIZAR PAGOS · AUTO] PASO 2-bis: CONFIRMANDO VIGENCIA DE PAGOS (sistema NUEVO contra MULTAS_JUZGADO_CRUCE, sistema VIEJO contra SIGEMI)
[ACTUALIZAR PAGOS · AUTO] ================================================================================
[ACTUALIZAR PAGOS · AUTO]   ⚠ 3393 pago(s) descartados: su acta ya no figura como vencida en MULTAS_JUZGADO_CRUCE (SEMyT ya los actualizó).
[ACTUALIZAR PAGOS · AUTO]   ⚠ 2 pago(s) descartados: su acta ya no figura como vencida en el Excel de SIGEMI (SEMyT ya los actualizó).
[ACTUALIZAR PAGOS · AUTO]   • Pagos descartados en total por ya estar actualizados/pagados: 3395
[ACTUALIZAR PAGOS · AUTO] ⏱ PASO 2 (filtrar): 0.3s
[ACTUALIZAR PAGOS · AUTO] 📂 Cargando maestro de causas SIGEMI...
[ACTUALIZAR PAGOS · AUTO]   ✓ Causas totales (maestro): 134069 registros
[ACTUALIZAR PAGOS · AUTO] ⏱ PASO 2.5 (causas simplificado): 0.0s
[ACTUALIZAR PAGOS · AUTO] ================================================================================
[ACTUALIZAR PAGOS · AUTO] PASO 2.5: ARMANDO causas.txt SIMPLIFICADO (cruce contra total_causas_sigemi.txt)
[ACTUALIZAR PAGOS · AUTO] ================================================================================
[ACTUALIZAR PAGOS · AUTO]   • Actas vencidas viejas (multas): 103272
[ACTUALIZAR PAGOS · AUTO]   • Causas totales en el maestro SIGEMI: 134069
[ACTUALIZAR PAGOS · AUTO]   • Causas que coinciden (simplificado): 102945
[ACTUALIZAR PAGOS · AUTO]   ✅ Archivo escrito: backend/descargas/causas/causas.txt
[ACTUALIZAR PAGOS · AUTO] ⏱ PASO 2.5 (causas simplificado): 0.4s
[ACTUALIZAR PAGOS · AUTO] ================================================================================
[ACTUALIZAR PAGOS · AUTO] PASO 3: LLENANDO CAUSA_NUMERO (según fecha de cambio de sistema, cruzando por acta + año)
[ACTUALIZAR PAGOS · AUTO] ================================================================================
[ACTUALIZAR PAGOS · AUTO] 📊 ESTADÍSTICAS DE LLENADO DE CAUSAS:
[ACTUALIZAR PAGOS · AUTO]   • Pagos con causa ORIGINAL: 3
[ACTUALIZAR PAGOS · AUTO]   • Causas encontradas en SIGEMI (actas viejas): 3
[ACTUALIZAR PAGOS · AUTO]   • Causas NO encontradas en SIGEMI: 0
[ACTUALIZAR PAGOS · AUTO]   • Causas asignadas automáticamente (actas nuevas): 0
[ACTUALIZAR PAGOS · AUTO] ⏱ PASO 3 (llenar causas): 0.0s
[ACTUALIZAR PAGOS · AUTO] ================================================================================
[ACTUALIZAR PAGOS · AUTO] PASO 4: ORDENANDO POR FECHA Y ACTA_NUMERO
[ACTUALIZAR PAGOS · AUTO] ================================================================================
[ACTUALIZAR PAGOS · AUTO] ✓ Pagos ordenados correctamente
[ACTUALIZAR PAGOS · AUTO]   • Primera entrada: Acta=19515, Fecha=30/07/2024
[ACTUALIZAR PAGOS · AUTO]   • Última entrada: Acta=298080, Fecha=20/04/2026
[ACTUALIZAR PAGOS · AUTO] 📝 Escribiendo archivo de salida...
[ACTUALIZAR PAGOS · AUTO]   ✅ Archivo escrito: backend/descargas/pagos/2026-07-27/PAGOS 20260727 110157.txt
[ACTUALIZAR PAGOS · AUTO]   ✅ Total registros: 782
[ACTUALIZAR PAGOS · AUTO] ⏱ PASO 4 (ordenar y escribir): 0.0s
[ACTUALIZAR PAGOS · AUTO] ================================================================================
[ACTUALIZAR PAGOS · AUTO] ✅ PROCESO COMPLETADO EXITOSAMENTE
[ACTUALIZAR PAGOS · AUTO] ================================================================================
[ACTUALIZAR PAGOS · AUTO] 📊 RESUMEN FINAL DEL PROCESAMIENTO:
[ACTUALIZAR PAGOS · AUTO]   ENTRADA:
[ACTUALIZAR PAGOS · AUTO]     • Pagos originales: 17691
[ACTUALIZAR PAGOS · AUTO]     • Multas SIGEMI cargadas: 103272
[ACTUALIZAR PAGOS · AUTO]     • Multas Juzgado cargadas: 40484
[ACTUALIZAR PAGOS · AUTO]     • Causas simplificadas (usadas para el cruce): 102945
[ACTUALIZAR PAGOS · AUTO]   PROCESO:
[ACTUALIZAR PAGOS · AUTO]     • Pagos rechazados sigemi: 14290
[ACTUALIZAR PAGOS · AUTO]     • Pagos rechazados juzgado: 3395
[ACTUALIZAR PAGOS · AUTO]   SALIDA:
[ACTUALIZAR PAGOS · AUTO]     • Pagos desactualizados procesados: 6
[ACTUALIZAR PAGOS · AUTO]     • Archivo final: backend/descargas/pagos/2026-07-27/PAGOS 20260727 110157.txt
[ACTUALIZAR PAGOS · AUTO]     • Ordenados por fecha: SÍ ✓
[ACTUALIZAR PAGOS · AUTO]     • Todos con ACTA_NUMERO: SÍ ✓
[ACTUALIZAR PAGOS · AUTO]     • Todos con CAUSA_NUMERO: SÍ ✓
[ACTUALIZAR PAGOS · AUTO] ✅ TXT de pagos (ya cruzado con actas y causas) generado en: backend/descargas/pagos/2026-07-27/PAGOS 20260727 110157.txt
[ACTUALIZAR PAGOS · AUTO] 🧹 TXT de pagos crudo eliminado (ya usado en el cruce): backend/descargas/pagos/2026-07-27/PAGOS DESCARGADOS.txt
[ACTUALIZAR PAGOS · AUTO] 🧹 Excel MULTAS_SIGEMI_CRUCE eliminado (ya usado en el cruce): backend/descargas/cache_actas_cruce/MULTAS_SIGEMI_CRUCE.xlsx
[ACTUALIZAR PAGOS · AUTO] 🧹 Excel MULTAS_JUZGADO_CRUCE eliminado (ya usado en el cruce): backend/descargas/cache_actas_cruce/MULTAS_JUZGADO_CRUCE.xlsx
[ACTUALIZAR PAGOS · AUTO] ✅ CompararActasPaso finalizado. (⏱ 8.6s)
[ACTUALIZAR PAGOS · AUTO] ✓ [CompararActasPaso] Completado.
[ACTUALIZAR PAGOS · AUTO] ▶ [CargarPagosPaso] Iniciando...
[ACTUALIZAR PAGOS · AUTO] ==================================================
[ACTUALIZAR PAGOS · AUTO] 🚀 PASO: CargarPagosPaso
[ACTUALIZAR PAGOS · AUTO] ==================================================
[ACTUALIZAR PAGOS · AUTO] 📤 Subiendo TXT de pagos al SEMyT...
[ACTUALIZAR PAGOS · AUTO] ✅ Importación de pagos completada con éxito.
[ACTUALIZAR PAGOS · AUTO] ✅ Archivo TXT de pagos cargado en el SEMyT correctamente.
[ACTUALIZAR PAGOS · AUTO] ✅ CargarPagosPaso finalizado. (⏱ 2.1s)
[ACTUALIZAR PAGOS · AUTO] ✓ [CargarPagosPaso] Completado.
[ACTUALIZAR PAGOS · AUTO] === Ejecución finalizada con éxito ===
🤖 [Automático] Es hora de actualizar pagos. Arrancando...
[ACTUALIZAR PAGOS · AUTO] === Inicio de ejecución: pagos ===
[ACTUALIZAR PAGOS · AUTO] ▶ [LoginSemytPaso] Iniciando...
[ACTUALIZAR PAGOS · AUTO] ==================================================
[ACTUALIZAR PAGOS · AUTO] 🚀 PASO: LoginSemytPaso
[ACTUALIZAR PAGOS · AUTO] ==================================================
[ACTUALIZAR PAGOS · AUTO] Abriendo SEMyT...
⏳ [Automático] Tocaba disparar 'pagos' pero ya hay una ejecución en curso (Actualizar pagos); esperando a que termine; se reintenta en breve sin perder el turno.
[ACTUALIZAR PAGOS · AUTO] ✅ [SEMyT] Sesión existente detectada. Login omitido.
[ACTUALIZAR PAGOS · AUTO] ✅ LoginSemytPaso finalizado. (⏱ 32.2s)
[ACTUALIZAR PAGOS · AUTO] ✓ [LoginSemytPaso] Completado.
[ACTUALIZAR PAGOS · AUTO] ▶ [LoginJuzgadoPaso] Iniciando...
[ACTUALIZAR PAGOS · AUTO] ==================================================
[ACTUALIZAR PAGOS · AUTO] 🚀 PASO: LoginJuzgadoPaso
[ACTUALIZAR PAGOS · AUTO] ==================================================
[ACTUALIZAR PAGOS · AUTO] Abriendo sitio municipalidad (CiDi)...
[ACTUALIZAR PAGOS · AUTO] ✅ [Juzgado] Sesión existente detectada. Login omitido.
[ACTUALIZAR PAGOS · AUTO] ✅ LoginJuzgadoPaso finalizado. (⏱ 0.6s)
[ACTUALIZAR PAGOS · AUTO] ✓ [LoginJuzgadoPaso] Completado.
[ACTUALIZAR PAGOS · AUTO] ▶ [DescargasParalelasPaso] Iniciando...
[ACTUALIZAR PAGOS · AUTO] ==================================================
[ACTUALIZAR PAGOS · AUTO] 🚀 PASO: DescargasParalelasPaso
[ACTUALIZAR PAGOS · AUTO] ==================================================
[ACTUALIZAR PAGOS · AUTO] 📤 Arrancando las 3 descargas en paralelo (mismo browser, páginas separadas)...
[ACTUALIZAR PAGOS · AUTO] Fecha Desde: 27/06/2024
[ACTUALIZAR PAGOS · AUTO] Fecha Hasta: 24/11/2025
[ACTUALIZAR PAGOS · AUTO] Fecha Desde: 25/11/2025
[ACTUALIZAR PAGOS · AUTO] Fecha Hasta: 27/07/2026
[ACTUALIZAR PAGOS · AUTO] Descargando Excel...
[ACTUALIZAR PAGOS · AUTO] Descargando Excel...
[ACTUALIZAR PAGOS · AUTO] ✅ TXT de pagos descargado en: backend/descargas/pagos/2026-07-27/PAGOS DESCARGADOS.txt
[ACTUALIZAR PAGOS · AUTO] ⏱ [pagos_txt] completado en 28.0s
[ACTUALIZAR PAGOS · AUTO] Archivo descargado en: backend/descargas/cache_actas_cruce/MULTAS_JUZGADO_CRUCE.xlsx
[ACTUALIZAR PAGOS · AUTO] ⏱ [actas_juzgado] completado en 37.4s
[ACTUALIZAR PAGOS · AUTO] Archivo descargado en: backend/descargas/cache_actas_cruce/MULTAS_SIGEMI_CRUCE.xlsx
[ACTUALIZAR PAGOS · AUTO] ⏱ [actas_sigemi] completado en 66.1s
[ACTUALIZAR PAGOS · AUTO] ⏱ TOTAL descargas en paralelo: 66.1s
[ACTUALIZAR PAGOS · AUTO] ✅ DescargasParalelasPaso finalizado. (⏱ 66.3s)
[ACTUALIZAR PAGOS · AUTO] ✓ [DescargasParalelasPaso] Completado.
[ACTUALIZAR PAGOS · AUTO] ▶ [CompararActasPaso] Iniciando...
[ACTUALIZAR PAGOS · AUTO] ==================================================
[ACTUALIZAR PAGOS · AUTO] 🚀 PASO: CompararActasPaso
[ACTUALIZAR PAGOS · AUTO] ==================================================
[ACTUALIZAR PAGOS · AUTO] 🔍 Comparando actas del SEMyT contra pagos del Juzgado...
[ACTUALIZAR PAGOS · AUTO] ================================================================================
[ACTUALIZAR PAGOS · AUTO] INICIANDO PROCESO DE GENERACIÓN DE PAGOS DESACTUALIZADOS
[ACTUALIZAR PAGOS · AUTO] ================================================================================
[ACTUALIZAR PAGOS · AUTO] 📂 Cargando archivos...
[ACTUALIZAR PAGOS · AUTO]   ✓ Pagos: 17694 registros
[ACTUALIZAR PAGOS · AUTO]   ✓ Excel SIGEMI (multas vencidas viejas): 103269 registros
[ACTUALIZAR PAGOS · AUTO]   ✓ Excel Juzgado (multas vencidas nuevas): 40481 registros
[ACTUALIZAR PAGOS · AUTO] ================================================================================
[ACTUALIZAR PAGOS · AUTO] PASO 1: LLENANDO ACTA_NUMERO (búsqueda por patente + fecha, con desempate por hora)
[ACTUALIZAR PAGOS · AUTO] ================================================================================
[ACTUALIZAR PAGOS · AUTO] 📊 ESTADÍSTICAS DE LLENADO DE ACTAS:
[ACTUALIZAR PAGOS · AUTO]   • Pagos con acta ORIGINAL: 3400
[ACTUALIZAR PAGOS · AUTO]   • Pagos SIN acta (buscados): 14294
[ACTUALIZAR PAGOS · AUTO]   • Pagos LLENADOS exitosamente: 1
[ACTUALIZAR PAGOS · AUTO]   • Pagos NO encontrados en multas: 14293
[ACTUALIZAR PAGOS · AUTO]   • Pagos SIN RESOLVER por desbalance de cantidades: 0
[ACTUALIZAR PAGOS · AUTO] ================================================================================
[ACTUALIZAR PAGOS · AUTO] PASO 1: LLENANDO ACTA_NUMERO (búsqueda por patente + fecha, con desempate por hora)
[ACTUALIZAR PAGOS · AUTO] ================================================================================
[ACTUALIZAR PAGOS · AUTO] 📊 ESTADÍSTICAS DE LLENADO DE ACTAS:
[ACTUALIZAR PAGOS · AUTO]   • Pagos con acta ORIGINAL: 3401
[ACTUALIZAR PAGOS · AUTO]   • Pagos SIN acta (buscados): 14293
[ACTUALIZAR PAGOS · AUTO]   • Pagos LLENADOS exitosamente: 0
[ACTUALIZAR PAGOS · AUTO]   • Pagos NO encontrados en multas: 14293
[ACTUALIZAR PAGOS · AUTO]   • Pagos SIN RESOLVER por desbalance de cantidades: 0
[ACTUALIZAR PAGOS · AUTO] ⏱ PASO 1 (llenar actas): 3.3s
[ACTUALIZAR PAGOS · AUTO] ================================================================================
[ACTUALIZAR PAGOS · AUTO] PASO 2: FILTRANDO PAGOS CON ACTA_NUMERO COMPLETO
[ACTUALIZAR PAGOS · AUTO] ================================================================================
[ACTUALIZAR PAGOS · AUTO] 📊 ESTADÍSTICAS DE FILTRADO:
[ACTUALIZAR PAGOS · AUTO]   • Pagos TOTALES al inicio: 17694
[ACTUALIZAR PAGOS · AUTO]   • Pagos CON acta (MANTIENEN): 3401
[ACTUALIZAR PAGOS · AUTO]   • Pagos RECHAZADOS (sin coincidencias): 14293
[ACTUALIZAR PAGOS · AUTO] ⚠️  Se eliminaron 14293 registros sin número de acta
[ACTUALIZAR PAGOS · AUTO]      (recordá: esto incluye tanto pagos ya actualizados/pagados
[ACTUALIZAR PAGOS · AUTO]       como pagos que quedaron sin resolver por desbalance en el Paso 1)
[ACTUALIZAR PAGOS · AUTO] ================================================================================
[ACTUALIZAR PAGOS · AUTO] PASO 2-bis: CONFIRMANDO VIGENCIA DE PAGOS (sistema NUEVO contra MULTAS_JUZGADO_CRUCE, sistema VIEJO contra SIGEMI)
[ACTUALIZAR PAGOS · AUTO] ================================================================================
[ACTUALIZAR PAGOS · AUTO]   ⚠ 3396 pago(s) descartados: su acta ya no figura como vencida en MULTAS_JUZGADO_CRUCE (SEMyT ya los actualizó).
[ACTUALIZAR PAGOS · AUTO]   ⚠ 2 pago(s) descartados: su acta ya no figura como vencida en el Excel de SIGEMI (SEMyT ya los actualizó).
[ACTUALIZAR PAGOS · AUTO]   • Pagos descartados en total por ya estar actualizados/pagados: 3398
[ACTUALIZAR PAGOS · AUTO] ⏱ PASO 2 (filtrar): 0.3s
[ACTUALIZAR PAGOS · AUTO] 📂 Cargando maestro de causas SIGEMI...
[ACTUALIZAR PAGOS · AUTO]   ✓ Causas totales (maestro): 134069 registros
[ACTUALIZAR PAGOS · AUTO] ⏱ PASO 2.5 (causas simplificado): 0.0s
[ACTUALIZAR PAGOS · AUTO] ================================================================================
[ACTUALIZAR PAGOS · AUTO] PASO 2.5: ARMANDO causas.txt SIMPLIFICADO (cruce contra total_causas_sigemi.txt)
[ACTUALIZAR PAGOS · AUTO] ================================================================================
[ACTUALIZAR PAGOS · AUTO]   • Actas vencidas viejas (multas): 103269
[ACTUALIZAR PAGOS · AUTO]   • Causas totales en el maestro SIGEMI: 134069
[ACTUALIZAR PAGOS · AUTO]   • Causas que coinciden (simplificado): 102942
[ACTUALIZAR PAGOS · AUTO]   ✅ Archivo escrito: backend/descargas/causas/causas.txt
[ACTUALIZAR PAGOS · AUTO] ⏱ PASO 2.5 (causas simplificado): 0.4s
[ACTUALIZAR PAGOS · AUTO] ================================================================================
[ACTUALIZAR PAGOS · AUTO] PASO 3: LLENANDO CAUSA_NUMERO (según fecha de cambio de sistema, cruzando por acta + año)
[ACTUALIZAR PAGOS · AUTO] ================================================================================
[ACTUALIZAR PAGOS · AUTO] 📊 ESTADÍSTICAS DE LLENADO DE CAUSAS:
[ACTUALIZAR PAGOS · AUTO]   • Pagos con causa ORIGINAL: 2
[ACTUALIZAR PAGOS · AUTO]   • Causas encontradas en SIGEMI (actas viejas): 1
[ACTUALIZAR PAGOS · AUTO]   • Causas NO encontradas en SIGEMI: 0
[ACTUALIZAR PAGOS · AUTO]   • Causas asignadas automáticamente (actas nuevas): 0
[ACTUALIZAR PAGOS · AUTO] ⏱ PASO 3 (llenar causas): 0.0s
[ACTUALIZAR PAGOS · AUTO] ================================================================================
[ACTUALIZAR PAGOS · AUTO] PASO 4: ORDENANDO POR FECHA Y ACTA_NUMERO
[ACTUALIZAR PAGOS · AUTO] ================================================================================
[ACTUALIZAR PAGOS · AUTO] ✓ Pagos ordenados correctamente
[ACTUALIZAR PAGOS · AUTO]   • Primera entrada: Acta=22524, Fecha=03/08/2024
[ACTUALIZAR PAGOS · AUTO]   • Última entrada: Acta=266756, Fecha=13/02/2026
[ACTUALIZAR PAGOS · AUTO] 📝 Escribiendo archivo de salida...
[ACTUALIZAR PAGOS · AUTO]   ✅ Archivo escrito: backend/descargas/pagos/2026-07-27/PAGOS 20260727 111402.txt
[ACTUALIZAR PAGOS · AUTO]   ✅ Total registros: 474
[ACTUALIZAR PAGOS · AUTO] ⏱ PASO 4 (ordenar y escribir): 0.0s
[ACTUALIZAR PAGOS · AUTO] ================================================================================
[ACTUALIZAR PAGOS · AUTO] ✅ PROCESO COMPLETADO EXITOSAMENTE
[ACTUALIZAR PAGOS · AUTO] ================================================================================
[ACTUALIZAR PAGOS · AUTO] 📊 RESUMEN FINAL DEL PROCESAMIENTO:
[ACTUALIZAR PAGOS · AUTO]   ENTRADA:
[ACTUALIZAR PAGOS · AUTO]     • Pagos originales: 17694
[ACTUALIZAR PAGOS · AUTO]     • Multas SIGEMI cargadas: 103269
[ACTUALIZAR PAGOS · AUTO]     • Multas Juzgado cargadas: 40481
[ACTUALIZAR PAGOS · AUTO]     • Causas simplificadas (usadas para el cruce): 102942
[ACTUALIZAR PAGOS · AUTO]   PROCESO:
[ACTUALIZAR PAGOS · AUTO]     • Pagos rechazados sigemi: 14293
[ACTUALIZAR PAGOS · AUTO]     • Pagos rechazados juzgado: 3398
[ACTUALIZAR PAGOS · AUTO]   SALIDA:
[ACTUALIZAR PAGOS · AUTO]     • Pagos desactualizados procesados: 3
[ACTUALIZAR PAGOS · AUTO]     • Archivo final: backend/descargas/pagos/2026-07-27/PAGOS 20260727 111402.txt
[ACTUALIZAR PAGOS · AUTO]     • Ordenados por fecha: SÍ ✓
[ACTUALIZAR PAGOS · AUTO]     • Todos con ACTA_NUMERO: SÍ ✓
[ACTUALIZAR PAGOS · AUTO]     • Todos con CAUSA_NUMERO: SÍ ✓
[ACTUALIZAR PAGOS · AUTO] ✅ TXT de pagos (ya cruzado con actas y causas) generado en: backend/descargas/pagos/2026-07-27/PAGOS 20260727 111402.txt
[ACTUALIZAR PAGOS · AUTO] 🧹 TXT de pagos crudo eliminado (ya usado en el cruce): backend/descargas/pagos/2026-07-27/PAGOS DESCARGADOS.txt
[ACTUALIZAR PAGOS · AUTO] 🧹 Excel MULTAS_SIGEMI_CRUCE eliminado (ya usado en el cruce): backend/descargas/cache_actas_cruce/MULTAS_SIGEMI_CRUCE.xlsx
[ACTUALIZAR PAGOS · AUTO] 🧹 Excel MULTAS_JUZGADO_CRUCE eliminado (ya usado en el cruce): backend/descargas/cache_actas_cruce/MULTAS_JUZGADO_CRUCE.xlsx
[ACTUALIZAR PAGOS · AUTO] ✅ CompararActasPaso finalizado. (⏱ 8.5s)
[ACTUALIZAR PAGOS · AUTO] ✓ [CompararActasPaso] Completado.
[ACTUALIZAR PAGOS · AUTO] ▶ [CargarPagosPaso] Iniciando...
[ACTUALIZAR PAGOS · AUTO] ==================================================
[ACTUALIZAR PAGOS · AUTO] 🚀 PASO: CargarPagosPaso
[ACTUALIZAR PAGOS · AUTO] ==================================================
[ACTUALIZAR PAGOS · AUTO] 📤 Subiendo TXT de pagos al SEMyT...
[ACTUALIZAR PAGOS · AUTO] ✅ Importación de pagos completada con éxito.
[ACTUALIZAR PAGOS · AUTO] ✅ Archivo TXT de pagos cargado en el SEMyT correctamente.
[ACTUALIZAR PAGOS · AUTO] ✅ CargarPagosPaso finalizado. (⏱ 2.1s)
[ACTUALIZAR PAGOS · AUTO] ✓ [CargarPagosPaso] Completado.
[ACTUALIZAR PAGOS · AUTO] === Ejecución finalizada con éxito ===
🤖 [Automático] Es hora de actualizar pagos. Arrancando...
[ACTUALIZAR PAGOS · AUTO] === Inicio de ejecución: pagos ===
[ACTUALIZAR PAGOS · AUTO] ▶ [LoginSemytPaso] Iniciando...
[ACTUALIZAR PAGOS · AUTO] ==================================================
[ACTUALIZAR PAGOS · AUTO] 🚀 PASO: LoginSemytPaso
[ACTUALIZAR PAGOS · AUTO] ==================================================
[ACTUALIZAR PAGOS · AUTO] Abriendo SEMyT...
⏳ [Automático] Tocaba disparar 'pagos' pero ya hay una ejecución en curso (Actualizar pagos); esperando a que termine; se reintenta en breve sin perder el turno.
[ACTUALIZAR PAGOS · AUTO] ✅ [SEMyT] Sesión existente detectada. Login omitido.
[ACTUALIZAR PAGOS · AUTO] ✅ LoginSemytPaso finalizado. (⏱ 30.7s)
[ACTUALIZAR PAGOS · AUTO] ✓ [LoginSemytPaso] Completado.
[ACTUALIZAR PAGOS · AUTO] ▶ [LoginJuzgadoPaso] Iniciando...
[ACTUALIZAR PAGOS · AUTO] ==================================================
[ACTUALIZAR PAGOS · AUTO] 🚀 PASO: LoginJuzgadoPaso
[ACTUALIZAR PAGOS · AUTO] ==================================================
[ACTUALIZAR PAGOS · AUTO] Abriendo sitio municipalidad (CiDi)...
[ACTUALIZAR PAGOS · AUTO] ✅ [Juzgado] Sesión existente detectada. Login omitido.
[ACTUALIZAR PAGOS · AUTO] ✅ LoginJuzgadoPaso finalizado. (⏱ 1.4s)
[ACTUALIZAR PAGOS · AUTO] ✓ [LoginJuzgadoPaso] Completado.
[ACTUALIZAR PAGOS · AUTO] ▶ [DescargasParalelasPaso] Iniciando...
[ACTUALIZAR PAGOS · AUTO] ==================================================
[ACTUALIZAR PAGOS · AUTO] 🚀 PASO: DescargasParalelasPaso
[ACTUALIZAR PAGOS · AUTO] ==================================================
[ACTUALIZAR PAGOS · AUTO] 📤 Arrancando las 3 descargas en paralelo (mismo browser, páginas separadas)...
[ACTUALIZAR PAGOS · AUTO] Fecha Desde: 27/06/2024
[ACTUALIZAR PAGOS · AUTO] Fecha Hasta: 24/11/2025
[ACTUALIZAR PAGOS · AUTO] Fecha Desde: 25/11/2025
[ACTUALIZAR PAGOS · AUTO] Fecha Hasta: 27/07/2026
[ACTUALIZAR PAGOS · AUTO] Descargando Excel...
[ACTUALIZAR PAGOS · AUTO] Descargando Excel...
[ACTUALIZAR PAGOS · AUTO] Archivo descargado en: backend/descargas/cache_actas_cruce/MULTAS_JUZGADO_CRUCE.xlsx
[ACTUALIZAR PAGOS · AUTO] ⏱ [actas_juzgado] completado en 26.3s
[ACTUALIZAR PAGOS · AUTO] ✅ TXT de pagos descargado en: backend/descargas/pagos/2026-07-27/PAGOS DESCARGADOS.txt
[ACTUALIZAR PAGOS · AUTO] ⏱ [pagos_txt] completado en 26.6s
[ACTUALIZAR PAGOS · AUTO] Archivo descargado en: backend/descargas/cache_actas_cruce/MULTAS_SIGEMI_CRUCE.xlsx
[ACTUALIZAR PAGOS · AUTO] ⏱ [actas_sigemi] completado en 61.5s
[ACTUALIZAR PAGOS · AUTO] ⏱ TOTAL descargas en paralelo: 61.5s
[ACTUALIZAR PAGOS · AUTO] ✅ DescargasParalelasPaso finalizado. (⏱ 61.7s)
[ACTUALIZAR PAGOS · AUTO] ✓ [DescargasParalelasPaso] Completado.
[ACTUALIZAR PAGOS · AUTO] ▶ [CompararActasPaso] Iniciando...
[ACTUALIZAR PAGOS · AUTO] ==================================================
[ACTUALIZAR PAGOS · AUTO] 🚀 PASO: CompararActasPaso
[ACTUALIZAR PAGOS · AUTO] ==================================================
[ACTUALIZAR PAGOS · AUTO] 🔍 Comparando actas del SEMyT contra pagos del Juzgado...
[ACTUALIZAR PAGOS · AUTO] ================================================================================
[ACTUALIZAR PAGOS · AUTO] INICIANDO PROCESO DE GENERACIÓN DE PAGOS DESACTUALIZADOS
[ACTUALIZAR PAGOS · AUTO] ================================================================================
[ACTUALIZAR PAGOS · AUTO] 📂 Cargando archivos...
[ACTUALIZAR PAGOS · AUTO]   ✓ Pagos: 17710 registros
[ACTUALIZAR PAGOS · AUTO]   ✓ Excel SIGEMI (multas vencidas viejas): 103268 registros
[ACTUALIZAR PAGOS · AUTO]   ✓ Excel Juzgado (multas vencidas nuevas): 40479 registros
[ACTUALIZAR PAGOS · AUTO] ================================================================================
[ACTUALIZAR PAGOS · AUTO] PASO 1: LLENANDO ACTA_NUMERO (búsqueda por patente + fecha, con desempate por hora)
[ACTUALIZAR PAGOS · AUTO] ================================================================================
[ACTUALIZAR PAGOS · AUTO] 📊 ESTADÍSTICAS DE LLENADO DE ACTAS:
[ACTUALIZAR PAGOS · AUTO]   • Pagos con acta ORIGINAL: 3412
[ACTUALIZAR PAGOS · AUTO]   • Pagos SIN acta (buscados): 14298
[ACTUALIZAR PAGOS · AUTO]   • Pagos LLENADOS exitosamente: 4
[ACTUALIZAR PAGOS · AUTO]   • Pagos NO encontrados en multas: 14294
[ACTUALIZAR PAGOS · AUTO]   • Pagos SIN RESOLVER por desbalance de cantidades: 0
[ACTUALIZAR PAGOS · AUTO] ================================================================================
[ACTUALIZAR PAGOS · AUTO] PASO 1: LLENANDO ACTA_NUMERO (búsqueda por patente + fecha, con desempate por hora)
[ACTUALIZAR PAGOS · AUTO] ================================================================================
[ACTUALIZAR PAGOS · AUTO] 📊 ESTADÍSTICAS DE LLENADO DE ACTAS:
[ACTUALIZAR PAGOS · AUTO]   • Pagos con acta ORIGINAL: 3416
[ACTUALIZAR PAGOS · AUTO]   • Pagos SIN acta (buscados): 14294
[ACTUALIZAR PAGOS · AUTO]   • Pagos LLENADOS exitosamente: 0
[ACTUALIZAR PAGOS · AUTO]   • Pagos NO encontrados en multas: 14294
[ACTUALIZAR PAGOS · AUTO]   • Pagos SIN RESOLVER por desbalance de cantidades: 0
[ACTUALIZAR PAGOS · AUTO] ⏱ PASO 1 (llenar actas): 3.3s
[ACTUALIZAR PAGOS · AUTO] ================================================================================
[ACTUALIZAR PAGOS · AUTO] PASO 2: FILTRANDO PAGOS CON ACTA_NUMERO COMPLETO
[ACTUALIZAR PAGOS · AUTO] ================================================================================
[ACTUALIZAR PAGOS · AUTO] 📊 ESTADÍSTICAS DE FILTRADO:
[ACTUALIZAR PAGOS · AUTO]   • Pagos TOTALES al inicio: 17710
[ACTUALIZAR PAGOS · AUTO]   • Pagos CON acta (MANTIENEN): 3416
[ACTUALIZAR PAGOS · AUTO]   • Pagos RECHAZADOS (sin coincidencias): 14294
[ACTUALIZAR PAGOS · AUTO] ⚠️  Se eliminaron 14294 registros sin número de acta
[ACTUALIZAR PAGOS · AUTO]      (recordá: esto incluye tanto pagos ya actualizados/pagados
[ACTUALIZAR PAGOS · AUTO]       como pagos que quedaron sin resolver por desbalance en el Paso 1)
[ACTUALIZAR PAGOS · AUTO] ================================================================================
[ACTUALIZAR PAGOS · AUTO] PASO 2-bis: CONFIRMANDO VIGENCIA DE PAGOS (sistema NUEVO contra MULTAS_JUZGADO_CRUCE, sistema VIEJO contra SIGEMI)
[ACTUALIZAR PAGOS · AUTO] ================================================================================
[ACTUALIZAR PAGOS · AUTO]   ⚠ 3398 pago(s) descartados: su acta ya no figura como vencida en MULTAS_JUZGADO_CRUCE (SEMyT ya los actualizó).
[ACTUALIZAR PAGOS · AUTO]   ⚠ 2 pago(s) descartados: su acta ya no figura como vencida en el Excel de SIGEMI (SEMyT ya los actualizó).
[ACTUALIZAR PAGOS · AUTO]   • Pagos descartados en total por ya estar actualizados/pagados: 3400
[ACTUALIZAR PAGOS · AUTO] ⏱ PASO 2 (filtrar): 0.3s
[ACTUALIZAR PAGOS · AUTO] 📂 Cargando maestro de causas SIGEMI...
[ACTUALIZAR PAGOS · AUTO]   ✓ Causas totales (maestro): 134069 registros
[ACTUALIZAR PAGOS · AUTO] ⏱ PASO 2.5 (causas simplificado): 0.0s
[ACTUALIZAR PAGOS · AUTO] ================================================================================
[ACTUALIZAR PAGOS · AUTO] PASO 2.5: ARMANDO causas.txt SIMPLIFICADO (cruce contra total_causas_sigemi.txt)
[ACTUALIZAR PAGOS · AUTO] ================================================================================
[ACTUALIZAR PAGOS · AUTO]   • Actas vencidas viejas (multas): 103268
[ACTUALIZAR PAGOS · AUTO]   • Causas totales en el maestro SIGEMI: 134069
[ACTUALIZAR PAGOS · AUTO]   • Causas que coinciden (simplificado): 102941
[ACTUALIZAR PAGOS · AUTO]   ✅ Archivo escrito: backend/descargas/causas/causas.txt
[ACTUALIZAR PAGOS · AUTO] ⏱ PASO 2.5 (causas simplificado): 0.4s
[ACTUALIZAR PAGOS · AUTO] ================================================================================
[ACTUALIZAR PAGOS · AUTO] PASO 3: LLENANDO CAUSA_NUMERO (según fecha de cambio de sistema, cruzando por acta + año)
[ACTUALIZAR PAGOS · AUTO] ================================================================================
[ACTUALIZAR PAGOS · AUTO] 📊 ESTADÍSTICAS DE LLENADO DE CAUSAS:
[ACTUALIZAR PAGOS · AUTO]   • Pagos con causa ORIGINAL: 12
[ACTUALIZAR PAGOS · AUTO]   • Causas encontradas en SIGEMI (actas viejas): 4
[ACTUALIZAR PAGOS · AUTO]   • Causas NO encontradas en SIGEMI: 0
[ACTUALIZAR PAGOS · AUTO]   • Causas asignadas automáticamente (actas nuevas): 0
[ACTUALIZAR PAGOS · AUTO] ⏱ PASO 3 (llenar causas): 0.0s
[ACTUALIZAR PAGOS · AUTO] ================================================================================
[ACTUALIZAR PAGOS · AUTO] PASO 4: ORDENANDO POR FECHA Y ACTA_NUMERO
[ACTUALIZAR PAGOS · AUTO] ================================================================================
[ACTUALIZAR PAGOS · AUTO] ✓ Pagos ordenados correctamente
[ACTUALIZAR PAGOS · AUTO]   • Primera entrada: Acta=88850, Fecha=11/12/2024
[ACTUALIZAR PAGOS · AUTO]   • Última entrada: Acta=307603, Fecha=05/05/2026
[ACTUALIZAR PAGOS · AUTO] 📝 Escribiendo archivo de salida...
[ACTUALIZAR PAGOS · AUTO]   ✅ Archivo escrito: backend/descargas/pagos/2026-07-27/PAGOS 20260727 112557.txt
[ACTUALIZAR PAGOS · AUTO]   ✅ Total registros: 1861
[ACTUALIZAR PAGOS · AUTO] ⏱ PASO 4 (ordenar y escribir): 0.0s
[ACTUALIZAR PAGOS · AUTO] ================================================================================
[ACTUALIZAR PAGOS · AUTO] ✅ PROCESO COMPLETADO EXITOSAMENTE
[ACTUALIZAR PAGOS · AUTO] ================================================================================
[ACTUALIZAR PAGOS · AUTO] 📊 RESUMEN FINAL DEL PROCESAMIENTO:
[ACTUALIZAR PAGOS · AUTO]   ENTRADA:
[ACTUALIZAR PAGOS · AUTO]     • Pagos originales: 17710
[ACTUALIZAR PAGOS · AUTO]     • Multas SIGEMI cargadas: 103268
[ACTUALIZAR PAGOS · AUTO]     • Multas Juzgado cargadas: 40479
[ACTUALIZAR PAGOS · AUTO]     • Causas simplificadas (usadas para el cruce): 102941
[ACTUALIZAR PAGOS · AUTO]   PROCESO:
[ACTUALIZAR PAGOS · AUTO]     • Pagos rechazados sigemi: 14294
[ACTUALIZAR PAGOS · AUTO]     • Pagos rechazados juzgado: 3400
[ACTUALIZAR PAGOS · AUTO]   SALIDA:
[ACTUALIZAR PAGOS · AUTO]     • Pagos desactualizados procesados: 16
[ACTUALIZAR PAGOS · AUTO]     • Archivo final: backend/descargas/pagos/2026-07-27/PAGOS 20260727 112557.txt
[ACTUALIZAR PAGOS · AUTO]     • Ordenados por fecha: SÍ ✓
[ACTUALIZAR PAGOS · AUTO]     • Todos con ACTA_NUMERO: SÍ ✓
[ACTUALIZAR PAGOS · AUTO]     • Todos con CAUSA_NUMERO: SÍ ✓
[ACTUALIZAR PAGOS · AUTO] ✅ TXT de pagos (ya cruzado con actas y causas) generado en: backend/descargas/pagos/2026-07-27/PAGOS 20260727 112557.txt
[ACTUALIZAR PAGOS · AUTO] 🧹 TXT de pagos crudo eliminado (ya usado en el cruce): backend/descargas/pagos/2026-07-27/PAGOS DESCARGADOS.txt
[ACTUALIZAR PAGOS · AUTO] 🧹 Excel MULTAS_SIGEMI_CRUCE eliminado (ya usado en el cruce): backend/descargas/cache_actas_cruce/MULTAS_SIGEMI_CRUCE.xlsx
[ACTUALIZAR PAGOS · AUTO] 🧹 Excel MULTAS_JUZGADO_CRUCE eliminado (ya usado en el cruce): backend/descargas/cache_actas_cruce/MULTAS_JUZGADO_CRUCE.xlsx
[ACTUALIZAR PAGOS · AUTO] ✅ CompararActasPaso finalizado. (⏱ 8.6s)
[ACTUALIZAR PAGOS · AUTO] ✓ [CompararActasPaso] Completado.
[ACTUALIZAR PAGOS · AUTO] ▶ [CargarPagosPaso] Iniciando...
[ACTUALIZAR PAGOS · AUTO] ==================================================
[ACTUALIZAR PAGOS · AUTO] 🚀 PASO: CargarPagosPaso
[ACTUALIZAR PAGOS · AUTO] ==================================================
[ACTUALIZAR PAGOS · AUTO] 📤 Subiendo TXT de pagos al SEMyT...
[ACTUALIZAR PAGOS · AUTO] ✅ Importación de pagos completada con éxito.
[ACTUALIZAR PAGOS · AUTO] ✅ Archivo TXT de pagos cargado en el SEMyT correctamente.
[ACTUALIZAR PAGOS · AUTO] ✅ CargarPagosPaso finalizado. (⏱ 2.2s)
[ACTUALIZAR PAGOS · AUTO] ✓ [CargarPagosPaso] Completado.
[ACTUALIZAR PAGOS · AUTO] === Ejecución finalizada con éxito ===
🤖 [Automático] Es hora de actualizar pagos. Arrancando...
[ACTUALIZAR PAGOS · AUTO] === Inicio de ejecución: pagos ===
[ACTUALIZAR PAGOS · AUTO] ▶ [LoginSemytPaso] Iniciando...
[ACTUALIZAR PAGOS · AUTO] ==================================================
[ACTUALIZAR PAGOS · AUTO] 🚀 PASO: LoginSemytPaso
[ACTUALIZAR PAGOS · AUTO] ==================================================
[ACTUALIZAR PAGOS · AUTO] Abriendo SEMyT...
⏳ [Automático] Tocaba disparar 'pagos' pero ya hay una ejecución en curso (Actualizar pagos); esperando a que termine; se reintenta en breve sin perder el turno.
[ACTUALIZAR PAGOS · AUTO] ✅ [SEMyT] Sesión existente detectada. Login omitido.
[ACTUALIZAR PAGOS · AUTO] ✅ LoginSemytPaso finalizado. (⏱ 18.1s)
[ACTUALIZAR PAGOS · AUTO] ✓ [LoginSemytPaso] Completado.
[ACTUALIZAR PAGOS · AUTO] ▶ [LoginJuzgadoPaso] Iniciando...
[ACTUALIZAR PAGOS · AUTO] ==================================================
[ACTUALIZAR PAGOS · AUTO] 🚀 PASO: LoginJuzgadoPaso
[ACTUALIZAR PAGOS · AUTO] ==================================================
[ACTUALIZAR PAGOS · AUTO] Abriendo sitio municipalidad (CiDi)...
[ACTUALIZAR PAGOS · AUTO] ✅ [Juzgado] Sesión existente detectada. Login omitido.
[ACTUALIZAR PAGOS · AUTO] ✅ LoginJuzgadoPaso finalizado. (⏱ 0.8s)
[ACTUALIZAR PAGOS · AUTO] ✓ [LoginJuzgadoPaso] Completado.
[ACTUALIZAR PAGOS · AUTO] ▶ [DescargasParalelasPaso] Iniciando...
[ACTUALIZAR PAGOS · AUTO] ==================================================
[ACTUALIZAR PAGOS · AUTO] 🚀 PASO: DescargasParalelasPaso
[ACTUALIZAR PAGOS · AUTO] ==================================================
[ACTUALIZAR PAGOS · AUTO] 📤 Arrancando las 3 descargas en paralelo (mismo browser, páginas separadas)...
[ACTUALIZAR PAGOS · AUTO] Fecha Desde: 27/06/2024
[ACTUALIZAR PAGOS · AUTO] Fecha Hasta: 24/11/2025
[ACTUALIZAR PAGOS · AUTO] Fecha Desde: 25/11/2025
[ACTUALIZAR PAGOS · AUTO] Fecha Hasta: 27/07/2026
[ACTUALIZAR PAGOS · AUTO] Descargando Excel...
[ACTUALIZAR PAGOS · AUTO] Descargando Excel...
[ACTUALIZAR PAGOS · AUTO] Archivo descargado en: backend/descargas/cache_actas_cruce/MULTAS_JUZGADO_CRUCE.xlsx
[ACTUALIZAR PAGOS · AUTO] ⏱ [actas_juzgado] completado en 23.5s
[ACTUALIZAR PAGOS · AUTO] ✅ TXT de pagos descargado en: backend/descargas/pagos/2026-07-27/PAGOS DESCARGADOS.txt
[ACTUALIZAR PAGOS · AUTO] ⏱ [pagos_txt] completado en 26.2s
[ACTUALIZAR PAGOS · AUTO] Archivo descargado en: backend/descargas/cache_actas_cruce/MULTAS_SIGEMI_CRUCE.xlsx
[ACTUALIZAR PAGOS · AUTO] ⏱ [actas_sigemi] completado en 41.2s
[ACTUALIZAR PAGOS · AUTO] ⏱ TOTAL descargas en paralelo: 41.2s
[ACTUALIZAR PAGOS · AUTO] ✅ DescargasParalelasPaso finalizado. (⏱ 41.5s)
[ACTUALIZAR PAGOS · AUTO] ✓ [DescargasParalelasPaso] Completado.
[ACTUALIZAR PAGOS · AUTO] ▶ [CompararActasPaso] Iniciando...
[ACTUALIZAR PAGOS · AUTO] ==================================================
[ACTUALIZAR PAGOS · AUTO] 🚀 PASO: CompararActasPaso
[ACTUALIZAR PAGOS · AUTO] ==================================================
[ACTUALIZAR PAGOS · AUTO] 🔍 Comparando actas del SEMyT contra pagos del Juzgado...
[ACTUALIZAR PAGOS · AUTO] ================================================================================
[ACTUALIZAR PAGOS · AUTO] INICIANDO PROCESO DE GENERACIÓN DE PAGOS DESACTUALIZADOS
[ACTUALIZAR PAGOS · AUTO] ================================================================================
[ACTUALIZAR PAGOS · AUTO] 📂 Cargando archivos...
[ACTUALIZAR PAGOS · AUTO]   ✓ Pagos: 17737 registros
[ACTUALIZAR PAGOS · AUTO]   ✓ Excel SIGEMI (multas vencidas viejas): 103264 registros
[ACTUALIZAR PAGOS · AUTO]   ✓ Excel Juzgado (multas vencidas nuevas): 40467 registros
[ACTUALIZAR PAGOS · AUTO] ================================================================================
[ACTUALIZAR PAGOS · AUTO] PASO 1: LLENANDO ACTA_NUMERO (búsqueda por patente + fecha, con desempate por hora)
[ACTUALIZAR PAGOS · AUTO] ================================================================================
[ACTUALIZAR PAGOS · AUTO] 📊 ESTADÍSTICAS DE LLENADO DE ACTAS:
[ACTUALIZAR PAGOS · AUTO]   • Pagos con acta ORIGINAL: 3431
[ACTUALIZAR PAGOS · AUTO]   • Pagos SIN acta (buscados): 14306
[ACTUALIZAR PAGOS · AUTO]   • Pagos LLENADOS exitosamente: 8
[ACTUALIZAR PAGOS · AUTO]   • Pagos NO encontrados en multas: 14298
[ACTUALIZAR PAGOS · AUTO]   • Pagos SIN RESOLVER por desbalance de cantidades: 0
[ACTUALIZAR PAGOS · AUTO] ================================================================================
[ACTUALIZAR PAGOS · AUTO] PASO 1: LLENANDO ACTA_NUMERO (búsqueda por patente + fecha, con desempate por hora)
[ACTUALIZAR PAGOS · AUTO] ================================================================================
[ACTUALIZAR PAGOS · AUTO] 📊 ESTADÍSTICAS DE LLENADO DE ACTAS:
[ACTUALIZAR PAGOS · AUTO]   • Pagos con acta ORIGINAL: 3439
[ACTUALIZAR PAGOS · AUTO]   • Pagos SIN acta (buscados): 14298
[ACTUALIZAR PAGOS · AUTO]   • Pagos LLENADOS exitosamente: 0
[ACTUALIZAR PAGOS · AUTO]   • Pagos NO encontrados en multas: 14298
[ACTUALIZAR PAGOS · AUTO]   • Pagos SIN RESOLVER por desbalance de cantidades: 0
[ACTUALIZAR PAGOS · AUTO] ⏱ PASO 1 (llenar actas): 3.3s
[ACTUALIZAR PAGOS · AUTO] ================================================================================
[ACTUALIZAR PAGOS · AUTO] PASO 2: FILTRANDO PAGOS CON ACTA_NUMERO COMPLETO
[ACTUALIZAR PAGOS · AUTO] ================================================================================
[ACTUALIZAR PAGOS · AUTO] 📊 ESTADÍSTICAS DE FILTRADO:
[ACTUALIZAR PAGOS · AUTO]   • Pagos TOTALES al inicio: 17737
[ACTUALIZAR PAGOS · AUTO]   • Pagos CON acta (MANTIENEN): 3439
[ACTUALIZAR PAGOS · AUTO]   • Pagos RECHAZADOS (sin coincidencias): 14298
[ACTUALIZAR PAGOS · AUTO] ⚠️  Se eliminaron 14298 registros sin número de acta
[ACTUALIZAR PAGOS · AUTO]      (recordá: esto incluye tanto pagos ya actualizados/pagados
[ACTUALIZAR PAGOS · AUTO]       como pagos que quedaron sin resolver por desbalance en el Paso 1)
[ACTUALIZAR PAGOS · AUTO] ================================================================================
[ACTUALIZAR PAGOS · AUTO] PASO 2-bis: CONFIRMANDO VIGENCIA DE PAGOS (sistema NUEVO contra MULTAS_JUZGADO_CRUCE, sistema VIEJO contra SIGEMI)
[ACTUALIZAR PAGOS · AUTO] ================================================================================
[ACTUALIZAR PAGOS · AUTO]   ⚠ 3410 pago(s) descartados: su acta ya no figura como vencida en MULTAS_JUZGADO_CRUCE (SEMyT ya los actualizó).
[ACTUALIZAR PAGOS · AUTO]   ⚠ 2 pago(s) descartados: su acta ya no figura como vencida en el Excel de SIGEMI (SEMyT ya los actualizó).
[ACTUALIZAR PAGOS · AUTO]   • Pagos descartados en total por ya estar actualizados/pagados: 3412
[ACTUALIZAR PAGOS · AUTO] ⏱ PASO 2 (filtrar): 0.3s
[ACTUALIZAR PAGOS · AUTO] 📂 Cargando maestro de causas SIGEMI...
[ACTUALIZAR PAGOS · AUTO]   ✓ Causas totales (maestro): 134069 registros
[ACTUALIZAR PAGOS · AUTO] ⏱ PASO 2.5 (causas simplificado): 0.0s
[ACTUALIZAR PAGOS · AUTO] ================================================================================
[ACTUALIZAR PAGOS · AUTO] PASO 2.5: ARMANDO causas.txt SIMPLIFICADO (cruce contra total_causas_sigemi.txt)
[ACTUALIZAR PAGOS · AUTO] ================================================================================
[ACTUALIZAR PAGOS · AUTO]   • Actas vencidas viejas (multas): 103264
[ACTUALIZAR PAGOS · AUTO]   • Causas totales en el maestro SIGEMI: 134069
[ACTUALIZAR PAGOS · AUTO]   • Causas que coinciden (simplificado): 102937
[ACTUALIZAR PAGOS · AUTO]   ✅ Archivo escrito: backend/descargas/causas/causas.txt
[ACTUALIZAR PAGOS · AUTO] ⏱ PASO 2.5 (causas simplificado): 0.4s
[ACTUALIZAR PAGOS · AUTO] ================================================================================
[ACTUALIZAR PAGOS · AUTO] PASO 3: LLENANDO CAUSA_NUMERO (según fecha de cambio de sistema, cruzando por acta + año)
[ACTUALIZAR PAGOS · AUTO] ================================================================================
[ACTUALIZAR PAGOS · AUTO] 📊 ESTADÍSTICAS DE LLENADO DE CAUSAS:
[ACTUALIZAR PAGOS · AUTO]   • Pagos con causa ORIGINAL: 19
[ACTUALIZAR PAGOS · AUTO]   • Causas encontradas en SIGEMI (actas viejas): 8
[ACTUALIZAR PAGOS · AUTO]   • Causas NO encontradas en SIGEMI: 0
[ACTUALIZAR PAGOS · AUTO]   • Causas asignadas automáticamente (actas nuevas): 0
[ACTUALIZAR PAGOS · AUTO] ⏱ PASO 3 (llenar causas): 0.0s
[ACTUALIZAR PAGOS · AUTO] ================================================================================
[ACTUALIZAR PAGOS · AUTO] PASO 4: ORDENANDO POR FECHA Y ACTA_NUMERO
[ACTUALIZAR PAGOS · AUTO] ================================================================================
[ACTUALIZAR PAGOS · AUTO] ✓ Pagos ordenados correctamente
[ACTUALIZAR PAGOS · AUTO]   • Primera entrada: Acta=5251, Fecha=04/07/2024
[ACTUALIZAR PAGOS · AUTO]   • Última entrada: Acta=303984, Fecha=28/04/2026
[ACTUALIZAR PAGOS · AUTO] 📝 Escribiendo archivo de salida...
[ACTUALIZAR PAGOS · AUTO]   ✅ Archivo escrito: backend/descargas/pagos/2026-07-27/PAGOS 20260727 113723.txt
[ACTUALIZAR PAGOS · AUTO]   ✅ Total registros: 3142
[ACTUALIZAR PAGOS · AUTO] ⏱ PASO 4 (ordenar y escribir): 0.0s
[ACTUALIZAR PAGOS · AUTO] ================================================================================
[ACTUALIZAR PAGOS · AUTO] ✅ PROCESO COMPLETADO EXITOSAMENTE
[ACTUALIZAR PAGOS · AUTO] ================================================================================
[ACTUALIZAR PAGOS · AUTO] 📊 RESUMEN FINAL DEL PROCESAMIENTO:
[ACTUALIZAR PAGOS · AUTO]   ENTRADA:
[ACTUALIZAR PAGOS · AUTO]     • Pagos originales: 17737
[ACTUALIZAR PAGOS · AUTO]     • Multas SIGEMI cargadas: 103264
[ACTUALIZAR PAGOS · AUTO]     • Multas Juzgado cargadas: 40467
[ACTUALIZAR PAGOS · AUTO]     • Causas simplificadas (usadas para el cruce): 102937
[ACTUALIZAR PAGOS · AUTO]   PROCESO:
[ACTUALIZAR PAGOS · AUTO]     • Pagos rechazados sigemi: 14298
[ACTUALIZAR PAGOS · AUTO]     • Pagos rechazados juzgado: 3412
[ACTUALIZAR PAGOS · AUTO]   SALIDA:
[ACTUALIZAR PAGOS · AUTO]     • Pagos desactualizados procesados: 27
[ACTUALIZAR PAGOS · AUTO]     • Archivo final: backend/descargas/pagos/2026-07-27/PAGOS 20260727 113723.txt
[ACTUALIZAR PAGOS · AUTO]     • Ordenados por fecha: SÍ ✓
[ACTUALIZAR PAGOS · AUTO]     • Todos con ACTA_NUMERO: SÍ ✓
[ACTUALIZAR PAGOS · AUTO]     • Todos con CAUSA_NUMERO: SÍ ✓
[ACTUALIZAR PAGOS · AUTO] ✅ TXT de pagos (ya cruzado con actas y causas) generado en: backend/descargas/pagos/2026-07-27/PAGOS 20260727 113723.txt
[ACTUALIZAR PAGOS · AUTO] 🧹 TXT de pagos crudo eliminado (ya usado en el cruce): backend/descargas/pagos/2026-07-27/PAGOS DESCARGADOS.txt
[ACTUALIZAR PAGOS · AUTO] 🧹 Excel MULTAS_SIGEMI_CRUCE eliminado (ya usado en el cruce): backend/descargas/cache_actas_cruce/MULTAS_SIGEMI_CRUCE.xlsx
[ACTUALIZAR PAGOS · AUTO] 🧹 Excel MULTAS_JUZGADO_CRUCE eliminado (ya usado en el cruce): backend/descargas/cache_actas_cruce/MULTAS_JUZGADO_CRUCE.xlsx
[ACTUALIZAR PAGOS · AUTO] ✅ CompararActasPaso finalizado. (⏱ 8.6s)
[ACTUALIZAR PAGOS · AUTO] ✓ [CompararActasPaso] Completado.
[ACTUALIZAR PAGOS · AUTO] ▶ [CargarPagosPaso] Iniciando...
[ACTUALIZAR PAGOS · AUTO] ==================================================
[ACTUALIZAR PAGOS · AUTO] 🚀 PASO: CargarPagosPaso
[ACTUALIZAR PAGOS · AUTO] ==================================================
[ACTUALIZAR PAGOS · AUTO] 📤 Subiendo TXT de pagos al SEMyT...
[ACTUALIZAR PAGOS · AUTO] ✅ Importación de pagos completada con éxito.
[ACTUALIZAR PAGOS · AUTO] ✅ Archivo TXT de pagos cargado en el SEMyT correctamente.
[ACTUALIZAR PAGOS · AUTO] ✅ CargarPagosPaso finalizado. (⏱ 2.1s)
[ACTUALIZAR PAGOS · AUTO] ✓ [CargarPagosPaso] Completado.
[ACTUALIZAR PAGOS · AUTO] === Ejecución finalizada con éxito ===
🤖 [Automático] Es hora de actualizar pagos. Arrancando...
[ACTUALIZAR PAGOS · AUTO] === Inicio de ejecución: pagos ===
[ACTUALIZAR PAGOS · AUTO] ▶ [LoginSemytPaso] Iniciando...
[ACTUALIZAR PAGOS · AUTO] ==================================================
[ACTUALIZAR PAGOS · AUTO] 🚀 PASO: LoginSemytPaso
[ACTUALIZAR PAGOS · AUTO] ==================================================
[ACTUALIZAR PAGOS · AUTO] Abriendo SEMyT...
⏳ [Automático] Tocaba disparar 'pagos' pero ya hay una ejecución en curso (Actualizar pagos); esperando a que termine; se reintenta en breve sin perder el turno.
[ACTUALIZAR PAGOS · AUTO] ✅ [SEMyT] Sesión existente detectada. Login omitido.
[ACTUALIZAR PAGOS · AUTO] ✅ LoginSemytPaso finalizado. (⏱ 18.1s)
[ACTUALIZAR PAGOS · AUTO] ✓ [LoginSemytPaso] Completado.
[ACTUALIZAR PAGOS · AUTO] ▶ [LoginJuzgadoPaso] Iniciando...
[ACTUALIZAR PAGOS · AUTO] ==================================================
[ACTUALIZAR PAGOS · AUTO] 🚀 PASO: LoginJuzgadoPaso
[ACTUALIZAR PAGOS · AUTO] ==================================================
[ACTUALIZAR PAGOS · AUTO] Abriendo sitio municipalidad (CiDi)...
[ACTUALIZAR PAGOS · AUTO] ✅ [Juzgado] Sesión existente detectada. Login omitido.
[ACTUALIZAR PAGOS · AUTO] ✅ LoginJuzgadoPaso finalizado. (⏱ 0.7s)
[ACTUALIZAR PAGOS · AUTO] ✓ [LoginJuzgadoPaso] Completado.
[ACTUALIZAR PAGOS · AUTO] ▶ [DescargasParalelasPaso] Iniciando...
[ACTUALIZAR PAGOS · AUTO] ==================================================
[ACTUALIZAR PAGOS · AUTO] 🚀 PASO: DescargasParalelasPaso
[ACTUALIZAR PAGOS · AUTO] ==================================================
[ACTUALIZAR PAGOS · AUTO] 📤 Arrancando las 3 descargas en paralelo (mismo browser, páginas separadas)...
[ACTUALIZAR PAGOS · AUTO] Fecha Desde: 27/06/2024
[ACTUALIZAR PAGOS · AUTO] Fecha Hasta: 24/11/2025
[ACTUALIZAR PAGOS · AUTO] Fecha Desde: 25/11/2025
[ACTUALIZAR PAGOS · AUTO] Fecha Hasta: 27/07/2026
[ACTUALIZAR PAGOS · AUTO] Descargando Excel...
[ACTUALIZAR PAGOS · AUTO] Descargando Excel...
[ACTUALIZAR PAGOS · AUTO] Archivo descargado en: backend/descargas/cache_actas_cruce/MULTAS_JUZGADO_CRUCE.xlsx
[ACTUALIZAR PAGOS · AUTO] ⏱ [actas_juzgado] completado en 18.7s
[ACTUALIZAR PAGOS · AUTO] ✅ TXT de pagos descargado en: backend/descargas/pagos/2026-07-27/PAGOS DESCARGADOS.txt
[ACTUALIZAR PAGOS · AUTO] ⏱ [pagos_txt] completado en 35.1s
[ACTUALIZAR PAGOS · AUTO] Archivo descargado en: backend/descargas/cache_actas_cruce/MULTAS_SIGEMI_CRUCE.xlsx
[ACTUALIZAR PAGOS · AUTO] ⏱ [actas_sigemi] completado en 59.7s
[ACTUALIZAR PAGOS · AUTO] ⏱ TOTAL descargas en paralelo: 59.7s
[ACTUALIZAR PAGOS · AUTO] ✅ DescargasParalelasPaso finalizado. (⏱ 60.0s)
[ACTUALIZAR PAGOS · AUTO] ✓ [DescargasParalelasPaso] Completado.
[ACTUALIZAR PAGOS · AUTO] ▶ [CompararActasPaso] Iniciando...
[ACTUALIZAR PAGOS · AUTO] ==================================================
[ACTUALIZAR PAGOS · AUTO] 🚀 PASO: CompararActasPaso
[ACTUALIZAR PAGOS · AUTO] ==================================================
[ACTUALIZAR PAGOS · AUTO] 🔍 Comparando actas del SEMyT contra pagos del Juzgado...
[ACTUALIZAR PAGOS · AUTO] ================================================================================
[ACTUALIZAR PAGOS · AUTO] INICIANDO PROCESO DE GENERACIÓN DE PAGOS DESACTUALIZADOS
[ACTUALIZAR PAGOS · AUTO] ================================================================================
[ACTUALIZAR PAGOS · AUTO] 📂 Cargando archivos...
[ACTUALIZAR PAGOS · AUTO]   ✓ Pagos: 17753 registros
[ACTUALIZAR PAGOS · AUTO]   ✓ Excel SIGEMI (multas vencidas viejas): 103256 registros
[ACTUALIZAR PAGOS · AUTO]   ✓ Excel Juzgado (multas vencidas nuevas): 40448 registros
[ACTUALIZAR PAGOS · AUTO] ================================================================================
[ACTUALIZAR PAGOS · AUTO] PASO 1: LLENANDO ACTA_NUMERO (búsqueda por patente + fecha, con desempate por hora)
[ACTUALIZAR PAGOS · AUTO] ================================================================================
[ACTUALIZAR PAGOS · AUTO] 📊 ESTADÍSTICAS DE LLENADO DE ACTAS:
[ACTUALIZAR PAGOS · AUTO]   • Pagos con acta ORIGINAL: 3443
[ACTUALIZAR PAGOS · AUTO]   • Pagos SIN acta (buscados): 14310
[ACTUALIZAR PAGOS · AUTO]   • Pagos LLENADOS exitosamente: 4
[ACTUALIZAR PAGOS · AUTO]   • Pagos NO encontrados en multas: 14306
[ACTUALIZAR PAGOS · AUTO]   • Pagos SIN RESOLVER por desbalance de cantidades: 0
[ACTUALIZAR PAGOS · AUTO] ================================================================================
[ACTUALIZAR PAGOS · AUTO] PASO 1: LLENANDO ACTA_NUMERO (búsqueda por patente + fecha, con desempate por hora)
[ACTUALIZAR PAGOS · AUTO] ================================================================================
[ACTUALIZAR PAGOS · AUTO] 📊 ESTADÍSTICAS DE LLENADO DE ACTAS:
[ACTUALIZAR PAGOS · AUTO]   • Pagos con acta ORIGINAL: 3447
[ACTUALIZAR PAGOS · AUTO]   • Pagos SIN acta (buscados): 14306
[ACTUALIZAR PAGOS · AUTO]   • Pagos LLENADOS exitosamente: 0
[ACTUALIZAR PAGOS · AUTO]   • Pagos NO encontrados en multas: 14306
[ACTUALIZAR PAGOS · AUTO]   • Pagos SIN RESOLVER por desbalance de cantidades: 0
[ACTUALIZAR PAGOS · AUTO] ⏱ PASO 1 (llenar actas): 3.3s
[ACTUALIZAR PAGOS · AUTO] ================================================================================
[ACTUALIZAR PAGOS · AUTO] PASO 2: FILTRANDO PAGOS CON ACTA_NUMERO COMPLETO
[ACTUALIZAR PAGOS · AUTO] ================================================================================
[ACTUALIZAR PAGOS · AUTO] 📊 ESTADÍSTICAS DE FILTRADO:
[ACTUALIZAR PAGOS · AUTO]   • Pagos TOTALES al inicio: 17753
[ACTUALIZAR PAGOS · AUTO]   • Pagos CON acta (MANTIENEN): 3447
[ACTUALIZAR PAGOS · AUTO]   • Pagos RECHAZADOS (sin coincidencias): 14306
[ACTUALIZAR PAGOS · AUTO] ⚠️  Se eliminaron 14306 registros sin número de acta
[ACTUALIZAR PAGOS · AUTO]      (recordá: esto incluye tanto pagos ya actualizados/pagados
[ACTUALIZAR PAGOS · AUTO]       como pagos que quedaron sin resolver por desbalance en el Paso 1)
[ACTUALIZAR PAGOS · AUTO] ================================================================================
[ACTUALIZAR PAGOS · AUTO] PASO 2-bis: CONFIRMANDO VIGENCIA DE PAGOS (sistema NUEVO contra MULTAS_JUZGADO_CRUCE, sistema VIEJO contra SIGEMI)
[ACTUALIZAR PAGOS · AUTO] ================================================================================
[ACTUALIZAR PAGOS · AUTO]   ⚠ 3429 pago(s) descartados: su acta ya no figura como vencida en MULTAS_JUZGADO_CRUCE (SEMyT ya los actualizó).
[ACTUALIZAR PAGOS · AUTO]   ⚠ 2 pago(s) descartados: su acta ya no figura como vencida en el Excel de SIGEMI (SEMyT ya los actualizó).
[ACTUALIZAR PAGOS · AUTO]   • Pagos descartados en total por ya estar actualizados/pagados: 3431
[ACTUALIZAR PAGOS · AUTO] ⏱ PASO 2 (filtrar): 0.3s
[ACTUALIZAR PAGOS · AUTO] 📂 Cargando maestro de causas SIGEMI...
[ACTUALIZAR PAGOS · AUTO]   ✓ Causas totales (maestro): 134069 registros
[ACTUALIZAR PAGOS · AUTO] ⏱ PASO 2.5 (causas simplificado): 0.0s
[ACTUALIZAR PAGOS · AUTO] ================================================================================
[ACTUALIZAR PAGOS · AUTO] PASO 2.5: ARMANDO causas.txt SIMPLIFICADO (cruce contra total_causas_sigemi.txt)
[ACTUALIZAR PAGOS · AUTO] ================================================================================
[ACTUALIZAR PAGOS · AUTO]   • Actas vencidas viejas (multas): 103256
[ACTUALIZAR PAGOS · AUTO]   • Causas totales en el maestro SIGEMI: 134069
[ACTUALIZAR PAGOS · AUTO]   • Causas que coinciden (simplificado): 102929
[ACTUALIZAR PAGOS · AUTO]   ✅ Archivo escrito: backend/descargas/causas/causas.txt
[ACTUALIZAR PAGOS · AUTO] ⏱ PASO 2.5 (causas simplificado): 0.4s
[ACTUALIZAR PAGOS · AUTO] ================================================================================
[ACTUALIZAR PAGOS · AUTO] PASO 3: LLENANDO CAUSA_NUMERO (según fecha de cambio de sistema, cruzando por acta + año)
[ACTUALIZAR PAGOS · AUTO] ================================================================================
[ACTUALIZAR PAGOS · AUTO] 📊 ESTADÍSTICAS DE LLENADO DE CAUSAS:
[ACTUALIZAR PAGOS · AUTO]   • Pagos con causa ORIGINAL: 12
[ACTUALIZAR PAGOS · AUTO]   • Causas encontradas en SIGEMI (actas viejas): 4
[ACTUALIZAR PAGOS · AUTO]   • Causas NO encontradas en SIGEMI: 0
[ACTUALIZAR PAGOS · AUTO]   • Causas asignadas automáticamente (actas nuevas): 0
[ACTUALIZAR PAGOS · AUTO] ⏱ PASO 3 (llenar causas): 0.0s
[ACTUALIZAR PAGOS · AUTO] ================================================================================
[ACTUALIZAR PAGOS · AUTO] PASO 4: ORDENANDO POR FECHA Y ACTA_NUMERO
[ACTUALIZAR PAGOS · AUTO] ================================================================================
[ACTUALIZAR PAGOS · AUTO] ✓ Pagos ordenados correctamente
[ACTUALIZAR PAGOS · AUTO]   • Primera entrada: Acta=12972, Fecha=18/07/2024
[ACTUALIZAR PAGOS · AUTO]   • Última entrada: Acta=351853, Fecha=13/05/2026
[ACTUALIZAR PAGOS · AUTO] 📝 Escribiendo archivo de salida...
[ACTUALIZAR PAGOS · AUTO]   ✅ Archivo escrito: backend/descargas/pagos/2026-07-27/PAGOS 20260727 114857.txt
[ACTUALIZAR PAGOS · AUTO]   ✅ Total registros: 1925
[ACTUALIZAR PAGOS · AUTO] ⏱ PASO 4 (ordenar y escribir): 0.0s
[ACTUALIZAR PAGOS · AUTO] ================================================================================
[ACTUALIZAR PAGOS · AUTO] ✅ PROCESO COMPLETADO EXITOSAMENTE
[ACTUALIZAR PAGOS · AUTO] ================================================================================
[ACTUALIZAR PAGOS · AUTO] 📊 RESUMEN FINAL DEL PROCESAMIENTO:
[ACTUALIZAR PAGOS · AUTO]   ENTRADA:
[ACTUALIZAR PAGOS · AUTO]     • Pagos originales: 17753
[ACTUALIZAR PAGOS · AUTO]     • Multas SIGEMI cargadas: 103256
[ACTUALIZAR PAGOS · AUTO]     • Multas Juzgado cargadas: 40448
[ACTUALIZAR PAGOS · AUTO]     • Causas simplificadas (usadas para el cruce): 102929
[ACTUALIZAR PAGOS · AUTO]   PROCESO:
[ACTUALIZAR PAGOS · AUTO]     • Pagos rechazados sigemi: 14306
[ACTUALIZAR PAGOS · AUTO]     • Pagos rechazados juzgado: 3431
[ACTUALIZAR PAGOS · AUTO]   SALIDA:
[ACTUALIZAR PAGOS · AUTO]     • Pagos desactualizados procesados: 16
[ACTUALIZAR PAGOS · AUTO]     • Archivo final: backend/descargas/pagos/2026-07-27/PAGOS 20260727 114857.txt
[ACTUALIZAR PAGOS · AUTO]     • Ordenados por fecha: SÍ ✓
[ACTUALIZAR PAGOS · AUTO]     • Todos con ACTA_NUMERO: SÍ ✓
[ACTUALIZAR PAGOS · AUTO]     • Todos con CAUSA_NUMERO: SÍ ✓
[ACTUALIZAR PAGOS · AUTO] ✅ TXT de pagos (ya cruzado con actas y causas) generado en: backend/descargas/pagos/2026-07-27/PAGOS 20260727 114857.txt
[ACTUALIZAR PAGOS · AUTO] 🧹 TXT de pagos crudo eliminado (ya usado en el cruce): backend/descargas/pagos/2026-07-27/PAGOS DESCARGADOS.txt
[ACTUALIZAR PAGOS · AUTO] 🧹 Excel MULTAS_SIGEMI_CRUCE eliminado (ya usado en el cruce): backend/descargas/cache_actas_cruce/MULTAS_SIGEMI_CRUCE.xlsx
[ACTUALIZAR PAGOS · AUTO] 🧹 Excel MULTAS_JUZGADO_CRUCE eliminado (ya usado en el cruce): backend/descargas/cache_actas_cruce/MULTAS_JUZGADO_CRUCE.xlsx
[ACTUALIZAR PAGOS · AUTO] ✅ CompararActasPaso finalizado. (⏱ 8.6s)
[ACTUALIZAR PAGOS · AUTO] ✓ [CompararActasPaso] Completado.
[ACTUALIZAR PAGOS · AUTO] ▶ [CargarPagosPaso] Iniciando...
[ACTUALIZAR PAGOS · AUTO] ==================================================
[ACTUALIZAR PAGOS · AUTO] 🚀 PASO: CargarPagosPaso
[ACTUALIZAR PAGOS · AUTO] ==================================================
[ACTUALIZAR PAGOS · AUTO] 📤 Subiendo TXT de pagos al SEMyT...
[ACTUALIZAR PAGOS · AUTO] ✅ Importación de pagos completada con éxito.
[ACTUALIZAR PAGOS · AUTO] ✅ Archivo TXT de pagos cargado en el SEMyT correctamente.
[ACTUALIZAR PAGOS · AUTO] ✅ CargarPagosPaso finalizado. (⏱ 2.1s)
[ACTUALIZAR PAGOS · AUTO] ✓ [CargarPagosPaso] Completado.
[ACTUALIZAR PAGOS · AUTO] === Ejecución finalizada con éxito ===
🤖 [Automático] Es hora de actualizar pagos. Arrancando...
[ACTUALIZAR PAGOS · AUTO] === Inicio de ejecución: pagos ===
[ACTUALIZAR PAGOS · AUTO] ▶ [LoginSemytPaso] Iniciando...
[ACTUALIZAR PAGOS · AUTO] ==================================================
[ACTUALIZAR PAGOS · AUTO] 🚀 PASO: LoginSemytPaso
[ACTUALIZAR PAGOS · AUTO] ==================================================
[ACTUALIZAR PAGOS · AUTO] Abriendo SEMyT...
⏳ [Automático] Tocaba disparar 'pagos' pero ya hay una ejecución en curso (Actualizar pagos); esperando a que termine; se reintenta en breve sin perder el turno.
[ACTUALIZAR PAGOS · AUTO] ✅ [SEMyT] Sesión existente detectada. Login omitido.
[ACTUALIZAR PAGOS · AUTO] ✅ LoginSemytPaso finalizado. (⏱ 17.5s)
[ACTUALIZAR PAGOS · AUTO] ✓ [LoginSemytPaso] Completado.
[ACTUALIZAR PAGOS · AUTO] ▶ [LoginJuzgadoPaso] Iniciando...
[ACTUALIZAR PAGOS · AUTO] ==================================================
[ACTUALIZAR PAGOS · AUTO] 🚀 PASO: LoginJuzgadoPaso
[ACTUALIZAR PAGOS · AUTO] ==================================================
[ACTUALIZAR PAGOS · AUTO] Abriendo sitio municipalidad (CiDi)...
[ACTUALIZAR PAGOS · AUTO] ✅ [Juzgado] Sesión existente detectada. Login omitido.
[ACTUALIZAR PAGOS · AUTO] ✅ LoginJuzgadoPaso finalizado. (⏱ 0.8s)
[ACTUALIZAR PAGOS · AUTO] ✓ [LoginJuzgadoPaso] Completado.
[ACTUALIZAR PAGOS · AUTO] ▶ [DescargasParalelasPaso] Iniciando...
[ACTUALIZAR PAGOS · AUTO] ==================================================
[ACTUALIZAR PAGOS · AUTO] 🚀 PASO: DescargasParalelasPaso
[ACTUALIZAR PAGOS · AUTO] ==================================================
[ACTUALIZAR PAGOS · AUTO] 📤 Arrancando las 3 descargas en paralelo (mismo browser, páginas separadas)...
[ACTUALIZAR PAGOS · AUTO] Fecha Desde: 27/06/2024
[ACTUALIZAR PAGOS · AUTO] Fecha Hasta: 24/11/2025
[ACTUALIZAR PAGOS · AUTO] Fecha Desde: 25/11/2025
[ACTUALIZAR PAGOS · AUTO] Fecha Hasta: 27/07/2026
[ACTUALIZAR PAGOS · AUTO] Descargando Excel...
[ACTUALIZAR PAGOS · AUTO] Descargando Excel...
[ACTUALIZAR PAGOS · AUTO] Archivo descargado en: backend/descargas/cache_actas_cruce/MULTAS_JUZGADO_CRUCE.xlsx
[ACTUALIZAR PAGOS · AUTO] ⏱ [actas_juzgado] completado en 21.4s
[ACTUALIZAR PAGOS · AUTO] Archivo descargado en: backend/descargas/cache_actas_cruce/MULTAS_SIGEMI_CRUCE.xlsx
[ACTUALIZAR PAGOS · AUTO] ⏱ [actas_sigemi] completado en 53.8s
[ACTUALIZAR PAGOS · AUTO] ✅ TXT de pagos descargado en: backend/descargas/pagos/2026-07-27/PAGOS DESCARGADOS.txt
[ACTUALIZAR PAGOS · AUTO] ⏱ [pagos_txt] completado en 53.8s
[ACTUALIZAR PAGOS · AUTO] ⏱ TOTAL descargas en paralelo: 53.8s
[ACTUALIZAR PAGOS · AUTO] ✅ DescargasParalelasPaso finalizado. (⏱ 54.0s)
[ACTUALIZAR PAGOS · AUTO] ✓ [DescargasParalelasPaso] Completado.
[ACTUALIZAR PAGOS · AUTO] ▶ [CompararActasPaso] Iniciando...
[ACTUALIZAR PAGOS · AUTO] ==================================================
[ACTUALIZAR PAGOS · AUTO] 🚀 PASO: CompararActasPaso
[ACTUALIZAR PAGOS · AUTO] ==================================================
[ACTUALIZAR PAGOS · AUTO] 🔍 Comparando actas del SEMyT contra pagos del Juzgado...
[ACTUALIZAR PAGOS · AUTO] ================================================================================
[ACTUALIZAR PAGOS · AUTO] INICIANDO PROCESO DE GENERACIÓN DE PAGOS DESACTUALIZADOS
[ACTUALIZAR PAGOS · AUTO] ================================================================================
[ACTUALIZAR PAGOS · AUTO] 📂 Cargando archivos...
[ACTUALIZAR PAGOS · AUTO]   ✓ Pagos: 17763 registros
[ACTUALIZAR PAGOS · AUTO]   ✓ Excel SIGEMI (multas vencidas viejas): 103252 registros
[ACTUALIZAR PAGOS · AUTO]   ✓ Excel Juzgado (multas vencidas nuevas): 40436 registros
[ACTUALIZAR PAGOS · AUTO] ================================================================================
[ACTUALIZAR PAGOS · AUTO] PASO 1: LLENANDO ACTA_NUMERO (búsqueda por patente + fecha, con desempate por hora)
[ACTUALIZAR PAGOS · AUTO] ================================================================================
[ACTUALIZAR PAGOS · AUTO] 📊 ESTADÍSTICAS DE LLENADO DE ACTAS:
[ACTUALIZAR PAGOS · AUTO]   • Pagos con acta ORIGINAL: 3451
[ACTUALIZAR PAGOS · AUTO]   • Pagos SIN acta (buscados): 14312
[ACTUALIZAR PAGOS · AUTO]   • Pagos LLENADOS exitosamente: 2
[ACTUALIZAR PAGOS · AUTO]   • Pagos NO encontrados en multas: 14310
[ACTUALIZAR PAGOS · AUTO]   • Pagos SIN RESOLVER por desbalance de cantidades: 0
[ACTUALIZAR PAGOS · AUTO] ================================================================================
[ACTUALIZAR PAGOS · AUTO] PASO 1: LLENANDO ACTA_NUMERO (búsqueda por patente + fecha, con desempate por hora)
[ACTUALIZAR PAGOS · AUTO] ================================================================================
[ACTUALIZAR PAGOS · AUTO] 📊 ESTADÍSTICAS DE LLENADO DE ACTAS:
[ACTUALIZAR PAGOS · AUTO]   • Pagos con acta ORIGINAL: 3453
[ACTUALIZAR PAGOS · AUTO]   • Pagos SIN acta (buscados): 14310
[ACTUALIZAR PAGOS · AUTO]   • Pagos LLENADOS exitosamente: 0
[ACTUALIZAR PAGOS · AUTO]   • Pagos NO encontrados en multas: 14310
[ACTUALIZAR PAGOS · AUTO]   • Pagos SIN RESOLVER por desbalance de cantidades: 0
[ACTUALIZAR PAGOS · AUTO] ⏱ PASO 1 (llenar actas): 3.3s
[ACTUALIZAR PAGOS · AUTO] ================================================================================
[ACTUALIZAR PAGOS · AUTO] PASO 2: FILTRANDO PAGOS CON ACTA_NUMERO COMPLETO
[ACTUALIZAR PAGOS · AUTO] ================================================================================
[ACTUALIZAR PAGOS · AUTO] 📊 ESTADÍSTICAS DE FILTRADO:
[ACTUALIZAR PAGOS · AUTO]   • Pagos TOTALES al inicio: 17763
[ACTUALIZAR PAGOS · AUTO]   • Pagos CON acta (MANTIENEN): 3453
[ACTUALIZAR PAGOS · AUTO]   • Pagos RECHAZADOS (sin coincidencias): 14310
[ACTUALIZAR PAGOS · AUTO] ⚠️  Se eliminaron 14310 registros sin número de acta
[ACTUALIZAR PAGOS · AUTO]      (recordá: esto incluye tanto pagos ya actualizados/pagados
[ACTUALIZAR PAGOS · AUTO]       como pagos que quedaron sin resolver por desbalance en el Paso 1)
[ACTUALIZAR PAGOS · AUTO] ================================================================================
[ACTUALIZAR PAGOS · AUTO] PASO 2-bis: CONFIRMANDO VIGENCIA DE PAGOS (sistema NUEVO contra MULTAS_JUZGADO_CRUCE, sistema VIEJO contra SIGEMI)
[ACTUALIZAR PAGOS · AUTO] ================================================================================
[ACTUALIZAR PAGOS · AUTO]   ⚠ 3441 pago(s) descartados: su acta ya no figura como vencida en MULTAS_JUZGADO_CRUCE (SEMyT ya los actualizó).
[ACTUALIZAR PAGOS · AUTO]   ⚠ 2 pago(s) descartados: su acta ya no figura como vencida en el Excel de SIGEMI (SEMyT ya los actualizó).
[ACTUALIZAR PAGOS · AUTO]   • Pagos descartados en total por ya estar actualizados/pagados: 3443
[ACTUALIZAR PAGOS · AUTO] ⏱ PASO 2 (filtrar): 0.3s
[ACTUALIZAR PAGOS · AUTO] 📂 Cargando maestro de causas SIGEMI...
[ACTUALIZAR PAGOS · AUTO]   ✓ Causas totales (maestro): 134069 registros
[ACTUALIZAR PAGOS · AUTO] ⏱ PASO 2.5 (causas simplificado): 0.0s
[ACTUALIZAR PAGOS · AUTO] ================================================================================
[ACTUALIZAR PAGOS · AUTO] PASO 2.5: ARMANDO causas.txt SIMPLIFICADO (cruce contra total_causas_sigemi.txt)
[ACTUALIZAR PAGOS · AUTO] ================================================================================
[ACTUALIZAR PAGOS · AUTO]   • Actas vencidas viejas (multas): 103252
[ACTUALIZAR PAGOS · AUTO]   • Causas totales en el maestro SIGEMI: 134069
[ACTUALIZAR PAGOS · AUTO]   • Causas que coinciden (simplificado): 102925
[ACTUALIZAR PAGOS · AUTO]   ✅ Archivo escrito: backend/descargas/causas/causas.txt
[ACTUALIZAR PAGOS · AUTO] ⏱ PASO 2.5 (causas simplificado): 0.4s
[ACTUALIZAR PAGOS · AUTO] ================================================================================
[ACTUALIZAR PAGOS · AUTO] PASO 3: LLENANDO CAUSA_NUMERO (según fecha de cambio de sistema, cruzando por acta + año)
[ACTUALIZAR PAGOS · AUTO] ================================================================================
[ACTUALIZAR PAGOS · AUTO] 📊 ESTADÍSTICAS DE LLENADO DE CAUSAS:
[ACTUALIZAR PAGOS · AUTO]   • Pagos con causa ORIGINAL: 8
[ACTUALIZAR PAGOS · AUTO]   • Causas encontradas en SIGEMI (actas viejas): 2
[ACTUALIZAR PAGOS · AUTO]   • Causas NO encontradas en SIGEMI: 0
[ACTUALIZAR PAGOS · AUTO]   • Causas asignadas automáticamente (actas nuevas): 0
[ACTUALIZAR PAGOS · AUTO] ⏱ PASO 3 (llenar causas): 0.0s
[ACTUALIZAR PAGOS · AUTO] ================================================================================
[ACTUALIZAR PAGOS · AUTO] PASO 4: ORDENANDO POR FECHA Y ACTA_NUMERO
[ACTUALIZAR PAGOS · AUTO] ================================================================================
[ACTUALIZAR PAGOS · AUTO] ✓ Pagos ordenados correctamente
[ACTUALIZAR PAGOS · AUTO]   • Primera entrada: Acta=220194, Fecha=15/10/2025
[ACTUALIZAR PAGOS · AUTO]   • Última entrada: Acta=315335, Fecha=18/05/2026
[ACTUALIZAR PAGOS · AUTO] 📝 Escribiendo archivo de salida...
[ACTUALIZAR PAGOS · AUTO]   ✅ Archivo escrito: backend/descargas/pagos/2026-07-27/PAGOS 20260727 120036.txt
[ACTUALIZAR PAGOS · AUTO]   ✅ Total registros: 1232
[ACTUALIZAR PAGOS · AUTO] ⏱ PASO 4 (ordenar y escribir): 0.0s
[ACTUALIZAR PAGOS · AUTO] ================================================================================
[ACTUALIZAR PAGOS · AUTO] ✅ PROCESO COMPLETADO EXITOSAMENTE
[ACTUALIZAR PAGOS · AUTO] ================================================================================
[ACTUALIZAR PAGOS · AUTO] 📊 RESUMEN FINAL DEL PROCESAMIENTO:
[ACTUALIZAR PAGOS · AUTO]   ENTRADA:
[ACTUALIZAR PAGOS · AUTO]     • Pagos originales: 17763
[ACTUALIZAR PAGOS · AUTO]     • Multas SIGEMI cargadas: 103252
[ACTUALIZAR PAGOS · AUTO]     • Multas Juzgado cargadas: 40436
[ACTUALIZAR PAGOS · AUTO]     • Causas simplificadas (usadas para el cruce): 102925
[ACTUALIZAR PAGOS · AUTO]   PROCESO:
[ACTUALIZAR PAGOS · AUTO]     • Pagos rechazados sigemi: 14310
[ACTUALIZAR PAGOS · AUTO]     • Pagos rechazados juzgado: 3443
[ACTUALIZAR PAGOS · AUTO]   SALIDA:
[ACTUALIZAR PAGOS · AUTO]     • Pagos desactualizados procesados: 10
[ACTUALIZAR PAGOS · AUTO]     • Archivo final: backend/descargas/pagos/2026-07-27/PAGOS 20260727 120036.txt
[ACTUALIZAR PAGOS · AUTO]     • Ordenados por fecha: SÍ ✓
[ACTUALIZAR PAGOS · AUTO]     • Todos con ACTA_NUMERO: SÍ ✓
[ACTUALIZAR PAGOS · AUTO]     • Todos con CAUSA_NUMERO: SÍ ✓
[ACTUALIZAR PAGOS · AUTO] ✅ TXT de pagos (ya cruzado con actas y causas) generado en: backend/descargas/pagos/2026-07-27/PAGOS 20260727 120036.txt
[ACTUALIZAR PAGOS · AUTO] 🧹 TXT de pagos crudo eliminado (ya usado en el cruce): backend/descargas/pagos/2026-07-27/PAGOS DESCARGADOS.txt
[ACTUALIZAR PAGOS · AUTO] 🧹 Excel MULTAS_SIGEMI_CRUCE eliminado (ya usado en el cruce): backend/descargas/cache_actas_cruce/MULTAS_SIGEMI_CRUCE.xlsx
[ACTUALIZAR PAGOS · AUTO] 🧹 Excel MULTAS_JUZGADO_CRUCE eliminado (ya usado en el cruce): backend/descargas/cache_actas_cruce/MULTAS_JUZGADO_CRUCE.xlsx
[ACTUALIZAR PAGOS · AUTO] ✅ CompararActasPaso finalizado. (⏱ 8.7s)
[ACTUALIZAR PAGOS · AUTO] ✓ [CompararActasPaso] Completado.
[ACTUALIZAR PAGOS · AUTO] ▶ [CargarPagosPaso] Iniciando...
[ACTUALIZAR PAGOS · AUTO] ==================================================
[ACTUALIZAR PAGOS · AUTO] 🚀 PASO: CargarPagosPaso
[ACTUALIZAR PAGOS · AUTO] ==================================================
[ACTUALIZAR PAGOS · AUTO] 📤 Subiendo TXT de pagos al SEMyT...
[ACTUALIZAR PAGOS · AUTO] ✅ Importación de pagos completada con éxito.
[ACTUALIZAR PAGOS · AUTO] ✅ Archivo TXT de pagos cargado en el SEMyT correctamente.
[ACTUALIZAR PAGOS · AUTO] ✅ CargarPagosPaso finalizado. (⏱ 2.0s)
[ACTUALIZAR PAGOS · AUTO] ✓ [CargarPagosPaso] Completado.
[ACTUALIZAR PAGOS · AUTO] === Ejecución finalizada con éxito ===
🤖 [Automático] Es hora de actualizar pagos. Arrancando...
[ACTUALIZAR PAGOS · AUTO] === Inicio de ejecución: pagos ===
[ACTUALIZAR PAGOS · AUTO] ▶ [LoginSemytPaso] Iniciando...
[ACTUALIZAR PAGOS · AUTO] ==================================================
[ACTUALIZAR PAGOS · AUTO] 🚀 PASO: LoginSemytPaso
[ACTUALIZAR PAGOS · AUTO] ==================================================
[ACTUALIZAR PAGOS · AUTO] Abriendo SEMyT...
⏳ [Automático] Tocaba disparar 'pagos' pero ya hay una ejecución en curso (Actualizar pagos); esperando a que termine; se reintenta en breve sin perder el turno.
[ACTUALIZAR PAGOS · AUTO] ✅ [SEMyT] Sesión existente detectada. Login omitido.
[ACTUALIZAR PAGOS · AUTO] ✅ LoginSemytPaso finalizado. (⏱ 18.2s)
[ACTUALIZAR PAGOS · AUTO] ✓ [LoginSemytPaso] Completado.
[ACTUALIZAR PAGOS · AUTO] ▶ [LoginJuzgadoPaso] Iniciando...
[ACTUALIZAR PAGOS · AUTO] ==================================================
[ACTUALIZAR PAGOS · AUTO] 🚀 PASO: LoginJuzgadoPaso
[ACTUALIZAR PAGOS · AUTO] ==================================================
[ACTUALIZAR PAGOS · AUTO] Abriendo sitio municipalidad (CiDi)...
[ACTUALIZAR PAGOS · AUTO] ✅ [Juzgado] Sesión existente detectada. Login omitido.
[ACTUALIZAR PAGOS · AUTO] ✅ LoginJuzgadoPaso finalizado. (⏱ 0.7s)
[ACTUALIZAR PAGOS · AUTO] ✓ [LoginJuzgadoPaso] Completado.
[ACTUALIZAR PAGOS · AUTO] ▶ [DescargasParalelasPaso] Iniciando...
[ACTUALIZAR PAGOS · AUTO] ==================================================
[ACTUALIZAR PAGOS · AUTO] 🚀 PASO: DescargasParalelasPaso
[ACTUALIZAR PAGOS · AUTO] ==================================================
[ACTUALIZAR PAGOS · AUTO] 📤 Arrancando las 3 descargas en paralelo (mismo browser, páginas separadas)...
[ACTUALIZAR PAGOS · AUTO] Fecha Desde: 27/06/2024
[ACTUALIZAR PAGOS · AUTO] Fecha Hasta: 24/11/2025
[ACTUALIZAR PAGOS · AUTO] Fecha Desde: 25/11/2025
[ACTUALIZAR PAGOS · AUTO] Fecha Hasta: 27/07/2026
[ACTUALIZAR PAGOS · AUTO] Descargando Excel...
[ACTUALIZAR PAGOS · AUTO] Descargando Excel...
[ACTUALIZAR PAGOS · AUTO] Archivo descargado en: backend/descargas/cache_actas_cruce/MULTAS_JUZGADO_CRUCE.xlsx
[ACTUALIZAR PAGOS · AUTO] ⏱ [actas_juzgado] completado en 27.1s
[ACTUALIZAR PAGOS · AUTO] Archivo descargado en: backend/descargas/cache_actas_cruce/MULTAS_SIGEMI_CRUCE.xlsx
[ACTUALIZAR PAGOS · AUTO] ⏱ [actas_sigemi] completado en 53.0s
[ACTUALIZAR PAGOS · AUTO] ✅ TXT de pagos descargado en: backend/descargas/pagos/2026-07-27/PAGOS DESCARGADOS.txt
[ACTUALIZAR PAGOS · AUTO] ⏱ [pagos_txt] completado en 79.8s
[ACTUALIZAR PAGOS · AUTO] ⏱ TOTAL descargas en paralelo: 79.8s
[ACTUALIZAR PAGOS · AUTO] ✅ DescargasParalelasPaso finalizado. (⏱ 80.0s)
[ACTUALIZAR PAGOS · AUTO] ✓ [DescargasParalelasPaso] Completado.
[ACTUALIZAR PAGOS · AUTO] ▶ [CompararActasPaso] Iniciando...
[ACTUALIZAR PAGOS · AUTO] ==================================================
[ACTUALIZAR PAGOS · AUTO] 🚀 PASO: CompararActasPaso
[ACTUALIZAR PAGOS · AUTO] ==================================================
[ACTUALIZAR PAGOS · AUTO] 🔍 Comparando actas del SEMyT contra pagos del Juzgado...
[ACTUALIZAR PAGOS · AUTO] ================================================================================
[ACTUALIZAR PAGOS · AUTO] INICIANDO PROCESO DE GENERACIÓN DE PAGOS DESACTUALIZADOS
[ACTUALIZAR PAGOS · AUTO] ================================================================================
[ACTUALIZAR PAGOS · AUTO] 📂 Cargando archivos...
[ACTUALIZAR PAGOS · AUTO]   ✓ Pagos: 17783 registros
[ACTUALIZAR PAGOS · AUTO]   ✓ Excel SIGEMI (multas vencidas viejas): 103250 registros
[ACTUALIZAR PAGOS · AUTO]   ✓ Excel Juzgado (multas vencidas nuevas): 40428 registros
[ACTUALIZAR PAGOS · AUTO] ================================================================================
[ACTUALIZAR PAGOS · AUTO] PASO 1: LLENANDO ACTA_NUMERO (búsqueda por patente + fecha, con desempate por hora)
[ACTUALIZAR PAGOS · AUTO] ================================================================================
[ACTUALIZAR PAGOS · AUTO] 📊 ESTADÍSTICAS DE LLENADO DE ACTAS:
[ACTUALIZAR PAGOS · AUTO]   • Pagos con acta ORIGINAL: 3466
[ACTUALIZAR PAGOS · AUTO]   • Pagos SIN acta (buscados): 14317
[ACTUALIZAR PAGOS · AUTO]   • Pagos LLENADOS exitosamente: 5
[ACTUALIZAR PAGOS · AUTO]   • Pagos NO encontrados en multas: 14312
[ACTUALIZAR PAGOS · AUTO]   • Pagos SIN RESOLVER por desbalance de cantidades: 0
[ACTUALIZAR PAGOS · AUTO] ================================================================================
[ACTUALIZAR PAGOS · AUTO] PASO 1: LLENANDO ACTA_NUMERO (búsqueda por patente + fecha, con desempate por hora)
[ACTUALIZAR PAGOS · AUTO] ================================================================================
[ACTUALIZAR PAGOS · AUTO] 📊 ESTADÍSTICAS DE LLENADO DE ACTAS:
[ACTUALIZAR PAGOS · AUTO]   • Pagos con acta ORIGINAL: 3471
[ACTUALIZAR PAGOS · AUTO]   • Pagos SIN acta (buscados): 14312
[ACTUALIZAR PAGOS · AUTO]   • Pagos LLENADOS exitosamente: 0
[ACTUALIZAR PAGOS · AUTO]   • Pagos NO encontrados en multas: 14312
[ACTUALIZAR PAGOS · AUTO]   • Pagos SIN RESOLVER por desbalance de cantidades: 0
[ACTUALIZAR PAGOS · AUTO] ⏱ PASO 1 (llenar actas): 3.3s
[ACTUALIZAR PAGOS · AUTO] ================================================================================
[ACTUALIZAR PAGOS · AUTO] PASO 2: FILTRANDO PAGOS CON ACTA_NUMERO COMPLETO
[ACTUALIZAR PAGOS · AUTO] ================================================================================
[ACTUALIZAR PAGOS · AUTO] 📊 ESTADÍSTICAS DE FILTRADO:
[ACTUALIZAR PAGOS · AUTO]   • Pagos TOTALES al inicio: 17783
[ACTUALIZAR PAGOS · AUTO]   • Pagos CON acta (MANTIENEN): 3471
[ACTUALIZAR PAGOS · AUTO]   • Pagos RECHAZADOS (sin coincidencias): 14312
[ACTUALIZAR PAGOS · AUTO] ⚠️  Se eliminaron 14312 registros sin número de acta
[ACTUALIZAR PAGOS · AUTO]      (recordá: esto incluye tanto pagos ya actualizados/pagados
[ACTUALIZAR PAGOS · AUTO]       como pagos que quedaron sin resolver por desbalance en el Paso 1)
[ACTUALIZAR PAGOS · AUTO] ================================================================================
[ACTUALIZAR PAGOS · AUTO] PASO 2-bis: CONFIRMANDO VIGENCIA DE PAGOS (sistema NUEVO contra MULTAS_JUZGADO_CRUCE, sistema VIEJO contra SIGEMI)
[ACTUALIZAR PAGOS · AUTO] ================================================================================
[ACTUALIZAR PAGOS · AUTO]   ⚠ 3449 pago(s) descartados: su acta ya no figura como vencida en MULTAS_JUZGADO_CRUCE (SEMyT ya los actualizó).
[ACTUALIZAR PAGOS · AUTO]   ⚠ 2 pago(s) descartados: su acta ya no figura como vencida en el Excel de SIGEMI (SEMyT ya los actualizó).
[ACTUALIZAR PAGOS · AUTO]   • Pagos descartados en total por ya estar actualizados/pagados: 3451
[ACTUALIZAR PAGOS · AUTO] ⏱ PASO 2 (filtrar): 0.3s
[ACTUALIZAR PAGOS · AUTO] 📂 Cargando maestro de causas SIGEMI...
[ACTUALIZAR PAGOS · AUTO]   ✓ Causas totales (maestro): 134069 registros
[ACTUALIZAR PAGOS · AUTO] ⏱ PASO 2.5 (causas simplificado): 0.0s
[ACTUALIZAR PAGOS · AUTO] ================================================================================
[ACTUALIZAR PAGOS · AUTO] PASO 2.5: ARMANDO causas.txt SIMPLIFICADO (cruce contra total_causas_sigemi.txt)
[ACTUALIZAR PAGOS · AUTO] ================================================================================
[ACTUALIZAR PAGOS · AUTO]   • Actas vencidas viejas (multas): 103250
[ACTUALIZAR PAGOS · AUTO]   • Causas totales en el maestro SIGEMI: 134069
[ACTUALIZAR PAGOS · AUTO]   • Causas que coinciden (simplificado): 102923
[ACTUALIZAR PAGOS · AUTO]   ✅ Archivo escrito: backend/descargas/causas/causas.txt
[ACTUALIZAR PAGOS · AUTO] ⏱ PASO 2.5 (causas simplificado): 0.4s
[ACTUALIZAR PAGOS · AUTO] ================================================================================
[ACTUALIZAR PAGOS · AUTO] PASO 3: LLENANDO CAUSA_NUMERO (según fecha de cambio de sistema, cruzando por acta + año)
[ACTUALIZAR PAGOS · AUTO] ================================================================================
[ACTUALIZAR PAGOS · AUTO] 📊 ESTADÍSTICAS DE LLENADO DE CAUSAS:
[ACTUALIZAR PAGOS · AUTO]   • Pagos con causa ORIGINAL: 15
[ACTUALIZAR PAGOS · AUTO]   • Causas encontradas en SIGEMI (actas viejas): 5
[ACTUALIZAR PAGOS · AUTO]   • Causas NO encontradas en SIGEMI: 0
[ACTUALIZAR PAGOS · AUTO]   • Causas asignadas automáticamente (actas nuevas): 0
[ACTUALIZAR PAGOS · AUTO] ⏱ PASO 3 (llenar causas): 0.0s
[ACTUALIZAR PAGOS · AUTO] ================================================================================
[ACTUALIZAR PAGOS · AUTO] PASO 4: ORDENANDO POR FECHA Y ACTA_NUMERO
[ACTUALIZAR PAGOS · AUTO] ================================================================================
[ACTUALIZAR PAGOS · AUTO] ✓ Pagos ordenados correctamente
[ACTUALIZAR PAGOS · AUTO]   • Primera entrada: Acta=168051, Fecha=24/06/2025
[ACTUALIZAR PAGOS · AUTO]   • Última entrada: Acta=313782, Fecha=14/05/2026
[ACTUALIZAR PAGOS · AUTO] 📝 Escribiendo archivo de salida...
[ACTUALIZAR PAGOS · AUTO]   ✅ Archivo escrito: backend/descargas/pagos/2026-07-27/PAGOS 20260727 121232.txt
[ACTUALIZAR PAGOS · AUTO]   ✅ Total registros: 2341
[ACTUALIZAR PAGOS · AUTO] ⏱ PASO 4 (ordenar y escribir): 0.0s
[ACTUALIZAR PAGOS · AUTO] ================================================================================
[ACTUALIZAR PAGOS · AUTO] ✅ PROCESO COMPLETADO EXITOSAMENTE
[ACTUALIZAR PAGOS · AUTO] ================================================================================
[ACTUALIZAR PAGOS · AUTO] 📊 RESUMEN FINAL DEL PROCESAMIENTO:
[ACTUALIZAR PAGOS · AUTO]   ENTRADA:
[ACTUALIZAR PAGOS · AUTO]     • Pagos originales: 17783
[ACTUALIZAR PAGOS · AUTO]     • Multas SIGEMI cargadas: 103250
[ACTUALIZAR PAGOS · AUTO]     • Multas Juzgado cargadas: 40428
[ACTUALIZAR PAGOS · AUTO]     • Causas simplificadas (usadas para el cruce): 102923
[ACTUALIZAR PAGOS · AUTO]   PROCESO:
[ACTUALIZAR PAGOS · AUTO]     • Pagos rechazados sigemi: 14312
[ACTUALIZAR PAGOS · AUTO]     • Pagos rechazados juzgado: 3451
[ACTUALIZAR PAGOS · AUTO]   SALIDA:
[ACTUALIZAR PAGOS · AUTO]     • Pagos desactualizados procesados: 20
[ACTUALIZAR PAGOS · AUTO]     • Archivo final: backend/descargas/pagos/2026-07-27/PAGOS 20260727 121232.txt
[ACTUALIZAR PAGOS · AUTO]     • Ordenados por fecha: SÍ ✓
[ACTUALIZAR PAGOS · AUTO]     • Todos con ACTA_NUMERO: SÍ ✓
[ACTUALIZAR PAGOS · AUTO]     • Todos con CAUSA_NUMERO: SÍ ✓
[ACTUALIZAR PAGOS · AUTO] ✅ TXT de pagos (ya cruzado con actas y causas) generado en: backend/descargas/pagos/2026-07-27/PAGOS 20260727 121232.txt
[ACTUALIZAR PAGOS · AUTO] 🧹 TXT de pagos crudo eliminado (ya usado en el cruce): backend/descargas/pagos/2026-07-27/PAGOS DESCARGADOS.txt
[ACTUALIZAR PAGOS · AUTO] 🧹 Excel MULTAS_SIGEMI_CRUCE eliminado (ya usado en el cruce): backend/descargas/cache_actas_cruce/MULTAS_SIGEMI_CRUCE.xlsx
[ACTUALIZAR PAGOS · AUTO] 🧹 Excel MULTAS_JUZGADO_CRUCE eliminado (ya usado en el cruce): backend/descargas/cache_actas_cruce/MULTAS_JUZGADO_CRUCE.xlsx
[ACTUALIZAR PAGOS · AUTO] ✅ CompararActasPaso finalizado. (⏱ 8.5s)
[ACTUALIZAR PAGOS · AUTO] ✓ [CompararActasPaso] Completado.
[ACTUALIZAR PAGOS · AUTO] ▶ [CargarPagosPaso] Iniciando...
[ACTUALIZAR PAGOS · AUTO] ==================================================
[ACTUALIZAR PAGOS · AUTO] 🚀 PASO: CargarPagosPaso
[ACTUALIZAR PAGOS · AUTO] ==================================================
[ACTUALIZAR PAGOS · AUTO] 📤 Subiendo TXT de pagos al SEMyT...
[ACTUALIZAR PAGOS · AUTO] ✅ Importación de pagos completada con éxito.
[ACTUALIZAR PAGOS · AUTO] ✅ Archivo TXT de pagos cargado en el SEMyT correctamente.
[ACTUALIZAR PAGOS · AUTO] ✅ CargarPagosPaso finalizado. (⏱ 2.5s)
[ACTUALIZAR PAGOS · AUTO] ✓ [CargarPagosPaso] Completado.
[ACTUALIZAR PAGOS · AUTO] === Ejecución finalizada con éxito ===
🤖 [Automático] Es hora de actualizar pagos. Arrancando...
[ACTUALIZAR PAGOS · AUTO] === Inicio de ejecución: pagos ===
[ACTUALIZAR PAGOS · AUTO] ▶ [LoginSemytPaso] Iniciando...
[ACTUALIZAR PAGOS · AUTO] ==================================================
[ACTUALIZAR PAGOS · AUTO] 🚀 PASO: LoginSemytPaso
[ACTUALIZAR PAGOS · AUTO] ==================================================
[ACTUALIZAR PAGOS · AUTO] Abriendo SEMyT...
[ACTUALIZAR PAGOS · AUTO] ✅ [SEMyT] Sesión existente detectada. Login omitido.
[ACTUALIZAR PAGOS · AUTO] ✅ LoginSemytPaso finalizado. (⏱ 5.5s)
[ACTUALIZAR PAGOS · AUTO] ✓ [LoginSemytPaso] Completado.
[ACTUALIZAR PAGOS · AUTO] ▶ [LoginJuzgadoPaso] Iniciando...
[ACTUALIZAR PAGOS · AUTO] ==================================================
[ACTUALIZAR PAGOS · AUTO] 🚀 PASO: LoginJuzgadoPaso
[ACTUALIZAR PAGOS · AUTO] ==================================================
[ACTUALIZAR PAGOS · AUTO] Abriendo sitio municipalidad (CiDi)...
[ACTUALIZAR PAGOS · AUTO] ✅ [Juzgado] Sesión existente detectada. Login omitido.
[ACTUALIZAR PAGOS · AUTO] ✅ LoginJuzgadoPaso finalizado. (⏱ 0.9s)
[ACTUALIZAR PAGOS · AUTO] ✓ [LoginJuzgadoPaso] Completado.
[ACTUALIZAR PAGOS · AUTO] ▶ [DescargasParalelasPaso] Iniciando...
[ACTUALIZAR PAGOS · AUTO] ==================================================
[ACTUALIZAR PAGOS · AUTO] 🚀 PASO: DescargasParalelasPaso
[ACTUALIZAR PAGOS · AUTO] ==================================================
[ACTUALIZAR PAGOS · AUTO] 📤 Arrancando las 3 descargas en paralelo (mismo browser, páginas separadas)...
[ACTUALIZAR PAGOS · AUTO] Fecha Desde: 27/06/2024
[ACTUALIZAR PAGOS · AUTO] Fecha Hasta: 24/11/2025
[ACTUALIZAR PAGOS · AUTO] Fecha Desde: 25/11/2025
[ACTUALIZAR PAGOS · AUTO] Fecha Hasta: 27/07/2026
[ACTUALIZAR PAGOS · AUTO] Descargando Excel...
[ACTUALIZAR PAGOS · AUTO] Descargando Excel...
⏳ [Automático] Tocaba disparar 'pagos' pero ya hay una ejecución en curso (Actualizar pagos); esperando a que termine; se reintenta en breve sin perder el turno.
[ACTUALIZAR PAGOS · AUTO] Archivo descargado en: backend/descargas/cache_actas_cruce/MULTAS_JUZGADO_CRUCE.xlsx
[ACTUALIZAR PAGOS · AUTO] ⏱ [actas_juzgado] completado en 20.0s
[ACTUALIZAR PAGOS · AUTO] ✅ TXT de pagos descargado en: backend/descargas/pagos/2026-07-27/PAGOS DESCARGADOS.txt
[ACTUALIZAR PAGOS · AUTO] ⏱ [pagos_txt] completado en 27.2s
[ACTUALIZAR PAGOS · AUTO] Archivo descargado en: backend/descargas/cache_actas_cruce/MULTAS_SIGEMI_CRUCE.xlsx
[ACTUALIZAR PAGOS · AUTO] ⏱ [actas_sigemi] completado en 65.6s
[ACTUALIZAR PAGOS · AUTO] ⏱ TOTAL descargas en paralelo: 65.6s
[ACTUALIZAR PAGOS · AUTO] ✅ DescargasParalelasPaso finalizado. (⏱ 65.8s)
[ACTUALIZAR PAGOS · AUTO] ✓ [DescargasParalelasPaso] Completado.
[ACTUALIZAR PAGOS · AUTO] ▶ [CompararActasPaso] Iniciando...
[ACTUALIZAR PAGOS · AUTO] ==================================================
[ACTUALIZAR PAGOS · AUTO] 🚀 PASO: CompararActasPaso
[ACTUALIZAR PAGOS · AUTO] ==================================================
[ACTUALIZAR PAGOS · AUTO] 🔍 Comparando actas del SEMyT contra pagos del Juzgado...
[ACTUALIZAR PAGOS · AUTO] ================================================================================
[ACTUALIZAR PAGOS · AUTO] INICIANDO PROCESO DE GENERACIÓN DE PAGOS DESACTUALIZADOS
[ACTUALIZAR PAGOS · AUTO] ================================================================================
[ACTUALIZAR PAGOS · AUTO] 📂 Cargando archivos...
[ACTUALIZAR PAGOS · AUTO]   ✓ Pagos: 17798 registros
[ACTUALIZAR PAGOS · AUTO]   ✓ Excel SIGEMI (multas vencidas viejas): 103245 registros
[ACTUALIZAR PAGOS · AUTO]   ✓ Excel Juzgado (multas vencidas nuevas): 40413 registros
[ACTUALIZAR PAGOS · AUTO] ================================================================================
[ACTUALIZAR PAGOS · AUTO] PASO 1: LLENANDO ACTA_NUMERO (búsqueda por patente + fecha, con desempate por hora)
[ACTUALIZAR PAGOS · AUTO] ================================================================================
[ACTUALIZAR PAGOS · AUTO] 📊 ESTADÍSTICAS DE LLENADO DE ACTAS:
[ACTUALIZAR PAGOS · AUTO]   • Pagos con acta ORIGINAL: 3477
[ACTUALIZAR PAGOS · AUTO]   • Pagos SIN acta (buscados): 14321
[ACTUALIZAR PAGOS · AUTO]   • Pagos LLENADOS exitosamente: 4
[ACTUALIZAR PAGOS · AUTO]   • Pagos NO encontrados en multas: 14317
[ACTUALIZAR PAGOS · AUTO]   • Pagos SIN RESOLVER por desbalance de cantidades: 0
[ACTUALIZAR PAGOS · AUTO] ================================================================================
[ACTUALIZAR PAGOS · AUTO] PASO 1: LLENANDO ACTA_NUMERO (búsqueda por patente + fecha, con desempate por hora)
[ACTUALIZAR PAGOS · AUTO] ================================================================================
[ACTUALIZAR PAGOS · AUTO] 📊 ESTADÍSTICAS DE LLENADO DE ACTAS:
[ACTUALIZAR PAGOS · AUTO]   • Pagos con acta ORIGINAL: 3481
[ACTUALIZAR PAGOS · AUTO]   • Pagos SIN acta (buscados): 14317
[ACTUALIZAR PAGOS · AUTO]   • Pagos LLENADOS exitosamente: 0
[ACTUALIZAR PAGOS · AUTO]   • Pagos NO encontrados en multas: 14317
[ACTUALIZAR PAGOS · AUTO]   • Pagos SIN RESOLVER por desbalance de cantidades: 0
[ACTUALIZAR PAGOS · AUTO] ⏱ PASO 1 (llenar actas): 3.3s
[ACTUALIZAR PAGOS · AUTO] ================================================================================
[ACTUALIZAR PAGOS · AUTO] PASO 2: FILTRANDO PAGOS CON ACTA_NUMERO COMPLETO
[ACTUALIZAR PAGOS · AUTO] ================================================================================
[ACTUALIZAR PAGOS · AUTO] 📊 ESTADÍSTICAS DE FILTRADO:
[ACTUALIZAR PAGOS · AUTO]   • Pagos TOTALES al inicio: 17798
[ACTUALIZAR PAGOS · AUTO]   • Pagos CON acta (MANTIENEN): 3481
[ACTUALIZAR PAGOS · AUTO]   • Pagos RECHAZADOS (sin coincidencias): 14317
[ACTUALIZAR PAGOS · AUTO] ⚠️  Se eliminaron 14317 registros sin número de acta
[ACTUALIZAR PAGOS · AUTO]      (recordá: esto incluye tanto pagos ya actualizados/pagados
[ACTUALIZAR PAGOS · AUTO]       como pagos que quedaron sin resolver por desbalance en el Paso 1)
[ACTUALIZAR PAGOS · AUTO] ================================================================================
[ACTUALIZAR PAGOS · AUTO] PASO 2-bis: CONFIRMANDO VIGENCIA DE PAGOS (sistema NUEVO contra MULTAS_JUZGADO_CRUCE, sistema VIEJO contra SIGEMI)
[ACTUALIZAR PAGOS · AUTO] ================================================================================
[ACTUALIZAR PAGOS · AUTO]   ⚠ 3464 pago(s) descartados: su acta ya no figura como vencida en MULTAS_JUZGADO_CRUCE (SEMyT ya los actualizó).
[ACTUALIZAR PAGOS · AUTO]   ⚠ 2 pago(s) descartados: su acta ya no figura como vencida en el Excel de SIGEMI (SEMyT ya los actualizó).
[ACTUALIZAR PAGOS · AUTO]   • Pagos descartados en total por ya estar actualizados/pagados: 3466
[ACTUALIZAR PAGOS · AUTO] ⏱ PASO 2 (filtrar): 0.3s
[ACTUALIZAR PAGOS · AUTO] 📂 Cargando maestro de causas SIGEMI...
[ACTUALIZAR PAGOS · AUTO]   ✓ Causas totales (maestro): 134069 registros
[ACTUALIZAR PAGOS · AUTO] ⏱ PASO 2.5 (causas simplificado): 0.0s
[ACTUALIZAR PAGOS · AUTO] ================================================================================
[ACTUALIZAR PAGOS · AUTO] PASO 2.5: ARMANDO causas.txt SIMPLIFICADO (cruce contra total_causas_sigemi.txt)
[ACTUALIZAR PAGOS · AUTO] ================================================================================
[ACTUALIZAR PAGOS · AUTO]   • Actas vencidas viejas (multas): 103245
[ACTUALIZAR PAGOS · AUTO]   • Causas totales en el maestro SIGEMI: 134069
[ACTUALIZAR PAGOS · AUTO]   • Causas que coinciden (simplificado): 102918
[ACTUALIZAR PAGOS · AUTO]   ✅ Archivo escrito: backend/descargas/causas/causas.txt
[ACTUALIZAR PAGOS · AUTO] ⏱ PASO 2.5 (causas simplificado): 0.4s
[ACTUALIZAR PAGOS · AUTO] ================================================================================
[ACTUALIZAR PAGOS · AUTO] PASO 3: LLENANDO CAUSA_NUMERO (según fecha de cambio de sistema, cruzando por acta + año)
[ACTUALIZAR PAGOS · AUTO] ================================================================================
[ACTUALIZAR PAGOS · AUTO] 📊 ESTADÍSTICAS DE LLENADO DE CAUSAS:
[ACTUALIZAR PAGOS · AUTO]   • Pagos con causa ORIGINAL: 11
[ACTUALIZAR PAGOS · AUTO]   • Causas encontradas en SIGEMI (actas viejas): 4
[ACTUALIZAR PAGOS · AUTO]   • Causas NO encontradas en SIGEMI: 0
[ACTUALIZAR PAGOS · AUTO]   • Causas asignadas automáticamente (actas nuevas): 0
[ACTUALIZAR PAGOS · AUTO] ⏱ PASO 3 (llenar causas): 0.0s
[ACTUALIZAR PAGOS · AUTO] ================================================================================
[ACTUALIZAR PAGOS · AUTO] PASO 4: ORDENANDO POR FECHA Y ACTA_NUMERO
[ACTUALIZAR PAGOS · AUTO] ================================================================================
[ACTUALIZAR PAGOS · AUTO] ✓ Pagos ordenados correctamente
[ACTUALIZAR PAGOS · AUTO]   • Primera entrada: Acta=187173, Fecha=08/08/2025
[ACTUALIZAR PAGOS · AUTO]   • Última entrada: Acta=297956, Fecha=20/04/2026
[ACTUALIZAR PAGOS · AUTO] 📝 Escribiendo archivo de salida...
[ACTUALIZAR PAGOS · AUTO]   ✅ Archivo escrito: backend/descargas/pagos/2026-07-27/PAGOS 20260727 122406.txt
[ACTUALIZAR PAGOS · AUTO]   ✅ Total registros: 1770
[ACTUALIZAR PAGOS · AUTO] ⏱ PASO 4 (ordenar y escribir): 0.0s
[ACTUALIZAR PAGOS · AUTO] ================================================================================
[ACTUALIZAR PAGOS · AUTO] ✅ PROCESO COMPLETADO EXITOSAMENTE
[ACTUALIZAR PAGOS · AUTO] ================================================================================
[ACTUALIZAR PAGOS · AUTO] 📊 RESUMEN FINAL DEL PROCESAMIENTO:
[ACTUALIZAR PAGOS · AUTO]   ENTRADA:
[ACTUALIZAR PAGOS · AUTO]     • Pagos originales: 17798
[ACTUALIZAR PAGOS · AUTO]     • Multas SIGEMI cargadas: 103245
[ACTUALIZAR PAGOS · AUTO]     • Multas Juzgado cargadas: 40413
[ACTUALIZAR PAGOS · AUTO]     • Causas simplificadas (usadas para el cruce): 102918
[ACTUALIZAR PAGOS · AUTO]   PROCESO:
[ACTUALIZAR PAGOS · AUTO]     • Pagos rechazados sigemi: 14317
[ACTUALIZAR PAGOS · AUTO]     • Pagos rechazados juzgado: 3466
[ACTUALIZAR PAGOS · AUTO]   SALIDA:
[ACTUALIZAR PAGOS · AUTO]     • Pagos desactualizados procesados: 15
[ACTUALIZAR PAGOS · AUTO]     • Archivo final: backend/descargas/pagos/2026-07-27/PAGOS 20260727 122406.txt
[ACTUALIZAR PAGOS · AUTO]     • Ordenados por fecha: SÍ ✓
[ACTUALIZAR PAGOS · AUTO]     • Todos con ACTA_NUMERO: SÍ ✓
[ACTUALIZAR PAGOS · AUTO]     • Todos con CAUSA_NUMERO: SÍ ✓
[ACTUALIZAR PAGOS · AUTO] ✅ TXT de pagos (ya cruzado con actas y causas) generado en: backend/descargas/pagos/2026-07-27/PAGOS 20260727 122406.txt
[ACTUALIZAR PAGOS · AUTO] 🧹 TXT de pagos crudo eliminado (ya usado en el cruce): backend/descargas/pagos/2026-07-27/PAGOS DESCARGADOS.txt
[ACTUALIZAR PAGOS · AUTO] 🧹 Excel MULTAS_SIGEMI_CRUCE eliminado (ya usado en el cruce): backend/descargas/cache_actas_cruce/MULTAS_SIGEMI_CRUCE.xlsx
[ACTUALIZAR PAGOS · AUTO] 🧹 Excel MULTAS_JUZGADO_CRUCE eliminado (ya usado en el cruce): backend/descargas/cache_actas_cruce/MULTAS_JUZGADO_CRUCE.xlsx
[ACTUALIZAR PAGOS · AUTO] ✅ CompararActasPaso finalizado. (⏱ 8.6s)
[ACTUALIZAR PAGOS · AUTO] ✓ [CompararActasPaso] Completado.
[ACTUALIZAR PAGOS · AUTO] ▶ [CargarPagosPaso] Iniciando...
[ACTUALIZAR PAGOS · AUTO] ==================================================
[ACTUALIZAR PAGOS · AUTO] 🚀 PASO: CargarPagosPaso
[ACTUALIZAR PAGOS · AUTO] ==================================================
[ACTUALIZAR PAGOS · AUTO] 📤 Subiendo TXT de pagos al SEMyT...
[ACTUALIZAR PAGOS · AUTO] ✅ Importación de pagos completada con éxito.
[ACTUALIZAR PAGOS · AUTO] ✅ Archivo TXT de pagos cargado en el SEMyT correctamente.
[ACTUALIZAR PAGOS · AUTO] ✅ CargarPagosPaso finalizado. (⏱ 2.0s)
[ACTUALIZAR PAGOS · AUTO] ✓ [CargarPagosPaso] Completado.
[ACTUALIZAR PAGOS · AUTO] === Ejecución finalizada con éxito ===
🤖 [Automático] Es hora de actualizar pagos. Arrancando...
[ACTUALIZAR PAGOS · AUTO] === Inicio de ejecución: pagos ===
[ACTUALIZAR PAGOS · AUTO] ▶ [LoginSemytPaso] Iniciando...
[ACTUALIZAR PAGOS · AUTO] ==================================================
[ACTUALIZAR PAGOS · AUTO] 🚀 PASO: LoginSemytPaso
[ACTUALIZAR PAGOS · AUTO] ==================================================
[ACTUALIZAR PAGOS · AUTO] Abriendo SEMyT...
⏳ [Automático] Tocaba disparar 'pagos' pero ya hay una ejecución en curso (Actualizar pagos); esperando a que termine; se reintenta en breve sin perder el turno.
[ACTUALIZAR PAGOS · AUTO] ✅ [SEMyT] Sesión existente detectada. Login omitido.
[ACTUALIZAR PAGOS · AUTO] ✅ LoginSemytPaso finalizado. (⏱ 34.5s)
[ACTUALIZAR PAGOS · AUTO] ✓ [LoginSemytPaso] Completado.
[ACTUALIZAR PAGOS · AUTO] ▶ [LoginJuzgadoPaso] Iniciando...
[ACTUALIZAR PAGOS · AUTO] ==================================================
[ACTUALIZAR PAGOS · AUTO] 🚀 PASO: LoginJuzgadoPaso
[ACTUALIZAR PAGOS · AUTO] ==================================================
[ACTUALIZAR PAGOS · AUTO] Abriendo sitio municipalidad (CiDi)...
[ACTUALIZAR PAGOS · AUTO] ✅ [Juzgado] Sesión existente detectada. Login omitido.
[ACTUALIZAR PAGOS · AUTO] ✅ LoginJuzgadoPaso finalizado. (⏱ 0.6s)
[ACTUALIZAR PAGOS · AUTO] ✓ [LoginJuzgadoPaso] Completado.
[ACTUALIZAR PAGOS · AUTO] ▶ [DescargasParalelasPaso] Iniciando...
[ACTUALIZAR PAGOS · AUTO] ==================================================
[ACTUALIZAR PAGOS · AUTO] 🚀 PASO: DescargasParalelasPaso
[ACTUALIZAR PAGOS · AUTO] ==================================================
[ACTUALIZAR PAGOS · AUTO] 📤 Arrancando las 3 descargas en paralelo (mismo browser, páginas separadas)...
[ACTUALIZAR PAGOS · AUTO] Fecha Desde: 27/06/2024
[ACTUALIZAR PAGOS · AUTO] Fecha Hasta: 24/11/2025
[ACTUALIZAR PAGOS · AUTO] Fecha Desde: 25/11/2025
[ACTUALIZAR PAGOS · AUTO] Fecha Hasta: 27/07/2026
[ACTUALIZAR PAGOS · AUTO] Descargando Excel...
[ACTUALIZAR PAGOS · AUTO] Descargando Excel...
[ACTUALIZAR PAGOS · AUTO] Archivo descargado en: backend/descargas/cache_actas_cruce/MULTAS_JUZGADO_CRUCE.xlsx
[ACTUALIZAR PAGOS · AUTO] ⏱ [actas_juzgado] completado en 24.6s
[ACTUALIZAR PAGOS · AUTO] ✅ TXT de pagos descargado en: backend/descargas/pagos/2026-07-27/PAGOS DESCARGADOS.txt
[ACTUALIZAR PAGOS · AUTO] ⏱ [pagos_txt] completado en 30.5s
[ACTUALIZAR PAGOS · AUTO] Archivo descargado en: backend/descargas/cache_actas_cruce/MULTAS_SIGEMI_CRUCE.xlsx
[ACTUALIZAR PAGOS · AUTO] ⏱ [actas_sigemi] completado en 41.8s
[ACTUALIZAR PAGOS · AUTO] ⏱ TOTAL descargas en paralelo: 41.8s
[ACTUALIZAR PAGOS · AUTO] ✅ DescargasParalelasPaso finalizado. (⏱ 42.0s)
[ACTUALIZAR PAGOS · AUTO] ✓ [DescargasParalelasPaso] Completado.
[ACTUALIZAR PAGOS · AUTO] ▶ [CompararActasPaso] Iniciando...
[ACTUALIZAR PAGOS · AUTO] ==================================================
[ACTUALIZAR PAGOS · AUTO] 🚀 PASO: CompararActasPaso
[ACTUALIZAR PAGOS · AUTO] ==================================================
[ACTUALIZAR PAGOS · AUTO] 🔍 Comparando actas del SEMyT contra pagos del Juzgado...
[ACTUALIZAR PAGOS · AUTO] ================================================================================
[ACTUALIZAR PAGOS · AUTO] INICIANDO PROCESO DE GENERACIÓN DE PAGOS DESACTUALIZADOS
[ACTUALIZAR PAGOS · AUTO] ================================================================================
[ACTUALIZAR PAGOS · AUTO] 📂 Cargando archivos...
[ACTUALIZAR PAGOS · AUTO]   ✓ Pagos: 17814 registros
[ACTUALIZAR PAGOS · AUTO]   ✓ Excel SIGEMI (multas vencidas viejas): 103241 registros
[ACTUALIZAR PAGOS · AUTO]   ✓ Excel Juzgado (multas vencidas nuevas): 40402 registros
[ACTUALIZAR PAGOS · AUTO] ================================================================================
[ACTUALIZAR PAGOS · AUTO] PASO 1: LLENANDO ACTA_NUMERO (búsqueda por patente + fecha, con desempate por hora)
[ACTUALIZAR PAGOS · AUTO] ================================================================================
[ACTUALIZAR PAGOS · AUTO] 📊 ESTADÍSTICAS DE LLENADO DE ACTAS:
[ACTUALIZAR PAGOS · AUTO]   • Pagos con acta ORIGINAL: 3487
[ACTUALIZAR PAGOS · AUTO]   • Pagos SIN acta (buscados): 14327
[ACTUALIZAR PAGOS · AUTO]   • Pagos LLENADOS exitosamente: 6
[ACTUALIZAR PAGOS · AUTO]   • Pagos NO encontrados en multas: 14321
[ACTUALIZAR PAGOS · AUTO]   • Pagos SIN RESOLVER por desbalance de cantidades: 0
[ACTUALIZAR PAGOS · AUTO] ================================================================================
[ACTUALIZAR PAGOS · AUTO] PASO 1: LLENANDO ACTA_NUMERO (búsqueda por patente + fecha, con desempate por hora)
[ACTUALIZAR PAGOS · AUTO] ================================================================================
[ACTUALIZAR PAGOS · AUTO] 📊 ESTADÍSTICAS DE LLENADO DE ACTAS:
[ACTUALIZAR PAGOS · AUTO]   • Pagos con acta ORIGINAL: 3493
[ACTUALIZAR PAGOS · AUTO]   • Pagos SIN acta (buscados): 14321
[ACTUALIZAR PAGOS · AUTO]   • Pagos LLENADOS exitosamente: 0
[ACTUALIZAR PAGOS · AUTO]   • Pagos NO encontrados en multas: 14321
[ACTUALIZAR PAGOS · AUTO]   • Pagos SIN RESOLVER por desbalance de cantidades: 0
[ACTUALIZAR PAGOS · AUTO] ⏱ PASO 1 (llenar actas): 3.3s
[ACTUALIZAR PAGOS · AUTO] ================================================================================
[ACTUALIZAR PAGOS · AUTO] PASO 2: FILTRANDO PAGOS CON ACTA_NUMERO COMPLETO
[ACTUALIZAR PAGOS · AUTO] ================================================================================
[ACTUALIZAR PAGOS · AUTO] 📊 ESTADÍSTICAS DE FILTRADO:
[ACTUALIZAR PAGOS · AUTO]   • Pagos TOTALES al inicio: 17814
[ACTUALIZAR PAGOS · AUTO]   • Pagos CON acta (MANTIENEN): 3493
[ACTUALIZAR PAGOS · AUTO]   • Pagos RECHAZADOS (sin coincidencias): 14321
[ACTUALIZAR PAGOS · AUTO] ⚠️  Se eliminaron 14321 registros sin número de acta
[ACTUALIZAR PAGOS · AUTO]      (recordá: esto incluye tanto pagos ya actualizados/pagados
[ACTUALIZAR PAGOS · AUTO]       como pagos que quedaron sin resolver por desbalance en el Paso 1)
[ACTUALIZAR PAGOS · AUTO] ================================================================================
[ACTUALIZAR PAGOS · AUTO] PASO 2-bis: CONFIRMANDO VIGENCIA DE PAGOS (sistema NUEVO contra MULTAS_JUZGADO_CRUCE, sistema VIEJO contra SIGEMI)
[ACTUALIZAR PAGOS · AUTO] ================================================================================
[ACTUALIZAR PAGOS · AUTO]   ⚠ 3475 pago(s) descartados: su acta ya no figura como vencida en MULTAS_JUZGADO_CRUCE (SEMyT ya los actualizó).
[ACTUALIZAR PAGOS · AUTO]   ⚠ 2 pago(s) descartados: su acta ya no figura como vencida en el Excel de SIGEMI (SEMyT ya los actualizó).
[ACTUALIZAR PAGOS · AUTO]   • Pagos descartados en total por ya estar actualizados/pagados: 3477
[ACTUALIZAR PAGOS · AUTO] ⏱ PASO 2 (filtrar): 0.3s
[ACTUALIZAR PAGOS · AUTO] 📂 Cargando maestro de causas SIGEMI...
[ACTUALIZAR PAGOS · AUTO]   ✓ Causas totales (maestro): 134069 registros
[ACTUALIZAR PAGOS · AUTO] ⏱ PASO 2.5 (causas simplificado): 0.0s
[ACTUALIZAR PAGOS · AUTO] ================================================================================
[ACTUALIZAR PAGOS · AUTO] PASO 2.5: ARMANDO causas.txt SIMPLIFICADO (cruce contra total_causas_sigemi.txt)
[ACTUALIZAR PAGOS · AUTO] ================================================================================
[ACTUALIZAR PAGOS · AUTO]   • Actas vencidas viejas (multas): 103241
[ACTUALIZAR PAGOS · AUTO]   • Causas totales en el maestro SIGEMI: 134069
[ACTUALIZAR PAGOS · AUTO]   • Causas que coinciden (simplificado): 102914
[ACTUALIZAR PAGOS · AUTO]   ✅ Archivo escrito: backend/descargas/causas/causas.txt
[ACTUALIZAR PAGOS · AUTO] ⏱ PASO 2.5 (causas simplificado): 0.4s
[ACTUALIZAR PAGOS · AUTO] ================================================================================
[ACTUALIZAR PAGOS · AUTO] PASO 3: LLENANDO CAUSA_NUMERO (según fecha de cambio de sistema, cruzando por acta + año)
[ACTUALIZAR PAGOS · AUTO] ================================================================================
[ACTUALIZAR PAGOS · AUTO] 📊 ESTADÍSTICAS DE LLENADO DE CAUSAS:
[ACTUALIZAR PAGOS · AUTO]   • Pagos con causa ORIGINAL: 10
[ACTUALIZAR PAGOS · AUTO]   • Causas encontradas en SIGEMI (actas viejas): 6
[ACTUALIZAR PAGOS · AUTO]   • Causas NO encontradas en SIGEMI: 0
[ACTUALIZAR PAGOS · AUTO]   • Causas asignadas automáticamente (actas nuevas): 0
[ACTUALIZAR PAGOS · AUTO] ⏱ PASO 3 (llenar causas): 0.0s
[ACTUALIZAR PAGOS · AUTO] ================================================================================
[ACTUALIZAR PAGOS · AUTO] PASO 4: ORDENANDO POR FECHA Y ACTA_NUMERO
[ACTUALIZAR PAGOS · AUTO] ================================================================================
[ACTUALIZAR PAGOS · AUTO] ✓ Pagos ordenados correctamente
[ACTUALIZAR PAGOS · AUTO]   • Primera entrada: Acta=83472, Fecha=02/12/2024
[ACTUALIZAR PAGOS · AUTO]   • Última entrada: Acta=319586, Fecha=22/05/2026
[ACTUALIZAR PAGOS · AUTO] 📝 Escribiendo archivo de salida...
[ACTUALIZAR PAGOS · AUTO]   ✅ Archivo escrito: backend/descargas/pagos/2026-07-27/PAGOS 20260727 123541.txt
[ACTUALIZAR PAGOS · AUTO]   ✅ Total registros: 1921
[ACTUALIZAR PAGOS · AUTO] ⏱ PASO 4 (ordenar y escribir): 0.0s
[ACTUALIZAR PAGOS · AUTO] ================================================================================
[ACTUALIZAR PAGOS · AUTO] ✅ PROCESO COMPLETADO EXITOSAMENTE
[ACTUALIZAR PAGOS · AUTO] ================================================================================
[ACTUALIZAR PAGOS · AUTO] 📊 RESUMEN FINAL DEL PROCESAMIENTO:
[ACTUALIZAR PAGOS · AUTO]   ENTRADA:
[ACTUALIZAR PAGOS · AUTO]     • Pagos originales: 17814
[ACTUALIZAR PAGOS · AUTO]     • Multas SIGEMI cargadas: 103241
[ACTUALIZAR PAGOS · AUTO]     • Multas Juzgado cargadas: 40402
[ACTUALIZAR PAGOS · AUTO]     • Causas simplificadas (usadas para el cruce): 102914
[ACTUALIZAR PAGOS · AUTO]   PROCESO:
[ACTUALIZAR PAGOS · AUTO]     • Pagos rechazados sigemi: 14321
[ACTUALIZAR PAGOS · AUTO]     • Pagos rechazados juzgado: 3477
[ACTUALIZAR PAGOS · AUTO]   SALIDA:
[ACTUALIZAR PAGOS · AUTO]     • Pagos desactualizados procesados: 16
[ACTUALIZAR PAGOS · AUTO]     • Archivo final: backend/descargas/pagos/2026-07-27/PAGOS 20260727 123541.txt
[ACTUALIZAR PAGOS · AUTO]     • Ordenados por fecha: SÍ ✓
[ACTUALIZAR PAGOS · AUTO]     • Todos con ACTA_NUMERO: SÍ ✓
[ACTUALIZAR PAGOS · AUTO]     • Todos con CAUSA_NUMERO: SÍ ✓
[ACTUALIZAR PAGOS · AUTO] ✅ TXT de pagos (ya cruzado con actas y causas) generado en: backend/descargas/pagos/2026-07-27/PAGOS 20260727 123541.txt
[ACTUALIZAR PAGOS · AUTO] 🧹 TXT de pagos crudo eliminado (ya usado en el cruce): backend/descargas/pagos/2026-07-27/PAGOS DESCARGADOS.txt
[ACTUALIZAR PAGOS · AUTO] 🧹 Excel MULTAS_SIGEMI_CRUCE eliminado (ya usado en el cruce): backend/descargas/cache_actas_cruce/MULTAS_SIGEMI_CRUCE.xlsx
[ACTUALIZAR PAGOS · AUTO] 🧹 Excel MULTAS_JUZGADO_CRUCE eliminado (ya usado en el cruce): backend/descargas/cache_actas_cruce/MULTAS_JUZGADO_CRUCE.xlsx
[ACTUALIZAR PAGOS · AUTO] ✅ CompararActasPaso finalizado. (⏱ 8.6s)
[ACTUALIZAR PAGOS · AUTO] ✓ [CompararActasPaso] Completado.
[ACTUALIZAR PAGOS · AUTO] ▶ [CargarPagosPaso] Iniciando...
[ACTUALIZAR PAGOS · AUTO] ==================================================
[ACTUALIZAR PAGOS · AUTO] 🚀 PASO: CargarPagosPaso
[ACTUALIZAR PAGOS · AUTO] ==================================================
[ACTUALIZAR PAGOS · AUTO] 📤 Subiendo TXT de pagos al SEMyT...
[ACTUALIZAR PAGOS · AUTO] ✅ Importación de pagos completada con éxito.
[ACTUALIZAR PAGOS · AUTO] ✅ Archivo TXT de pagos cargado en el SEMyT correctamente.
[ACTUALIZAR PAGOS · AUTO] ✅ CargarPagosPaso finalizado. (⏱ 2.0s)
[ACTUALIZAR PAGOS · AUTO] ✓ [CargarPagosPaso] Completado.
[ACTUALIZAR PAGOS · AUTO] === Ejecución finalizada con éxito ===
🤖 [Automático] Es hora de actualizar pagos. Arrancando...
[ACTUALIZAR PAGOS · AUTO] === Inicio de ejecución: pagos ===
[ACTUALIZAR PAGOS · AUTO] ▶ [LoginSemytPaso] Iniciando...
[ACTUALIZAR PAGOS · AUTO] ==================================================
[ACTUALIZAR PAGOS · AUTO] 🚀 PASO: LoginSemytPaso
[ACTUALIZAR PAGOS · AUTO] ==================================================
[ACTUALIZAR PAGOS · AUTO] Abriendo SEMyT...
⏳ [Automático] Tocaba disparar 'pagos' pero ya hay una ejecución en curso (Actualizar pagos); esperando a que termine; se reintenta en breve sin perder el turno.
[ACTUALIZAR PAGOS · AUTO] ✅ [SEMyT] Sesión existente detectada. Login omitido.
[ACTUALIZAR PAGOS · AUTO] ✅ LoginSemytPaso finalizado. (⏱ 16.6s)
[ACTUALIZAR PAGOS · AUTO] ✓ [LoginSemytPaso] Completado.
[ACTUALIZAR PAGOS · AUTO] ▶ [LoginJuzgadoPaso] Iniciando...
[ACTUALIZAR PAGOS · AUTO] ==================================================
[ACTUALIZAR PAGOS · AUTO] 🚀 PASO: LoginJuzgadoPaso
[ACTUALIZAR PAGOS · AUTO] ==================================================
[ACTUALIZAR PAGOS · AUTO] Abriendo sitio municipalidad (CiDi)...
[ACTUALIZAR PAGOS · AUTO] ✅ [Juzgado] Sesión existente detectada. Login omitido.
[ACTUALIZAR PAGOS · AUTO] ✅ LoginJuzgadoPaso finalizado. (⏱ 0.6s)
[ACTUALIZAR PAGOS · AUTO] ✓ [LoginJuzgadoPaso] Completado.
[ACTUALIZAR PAGOS · AUTO] ▶ [DescargasParalelasPaso] Iniciando...
[ACTUALIZAR PAGOS · AUTO] ==================================================
[ACTUALIZAR PAGOS · AUTO] 🚀 PASO: DescargasParalelasPaso
[ACTUALIZAR PAGOS · AUTO] ==================================================
[ACTUALIZAR PAGOS · AUTO] 📤 Arrancando las 3 descargas en paralelo (mismo browser, páginas separadas)...
[ACTUALIZAR PAGOS · AUTO] Fecha Desde: 27/06/2024
[ACTUALIZAR PAGOS · AUTO] Fecha Hasta: 24/11/2025
[ACTUALIZAR PAGOS · AUTO] Fecha Desde: 25/11/2025
[ACTUALIZAR PAGOS · AUTO] Fecha Hasta: 27/07/2026
[ACTUALIZAR PAGOS · AUTO] Descargando Excel...
[ACTUALIZAR PAGOS · AUTO] Descargando Excel...
[ACTUALIZAR PAGOS · AUTO] Archivo descargado en: backend/descargas/cache_actas_cruce/MULTAS_JUZGADO_CRUCE.xlsx
[ACTUALIZAR PAGOS · AUTO] ⏱ [actas_juzgado] completado en 16.7s
[ACTUALIZAR PAGOS · AUTO] ✅ TXT de pagos descargado en: backend/descargas/pagos/2026-07-27/PAGOS DESCARGADOS.txt
[ACTUALIZAR PAGOS · AUTO] ⏱ [pagos_txt] completado en 26.1s
[ACTUALIZAR PAGOS · AUTO] Archivo descargado en: backend/descargas/cache_actas_cruce/MULTAS_SIGEMI_CRUCE.xlsx
[ACTUALIZAR PAGOS · AUTO] ⏱ [actas_sigemi] completado en 39.3s
[ACTUALIZAR PAGOS · AUTO] ⏱ TOTAL descargas en paralelo: 39.3s
[ACTUALIZAR PAGOS · AUTO] ✅ DescargasParalelasPaso finalizado. (⏱ 39.6s)
[ACTUALIZAR PAGOS · AUTO] ✓ [DescargasParalelasPaso] Completado.
[ACTUALIZAR PAGOS · AUTO] ▶ [CompararActasPaso] Iniciando...
[ACTUALIZAR PAGOS · AUTO] ==================================================
[ACTUALIZAR PAGOS · AUTO] 🚀 PASO: CompararActasPaso
[ACTUALIZAR PAGOS · AUTO] ==================================================
[ACTUALIZAR PAGOS · AUTO] 🔍 Comparando actas del SEMyT contra pagos del Juzgado...
[ACTUALIZAR PAGOS · AUTO] ================================================================================
[ACTUALIZAR PAGOS · AUTO] INICIANDO PROCESO DE GENERACIÓN DE PAGOS DESACTUALIZADOS
[ACTUALIZAR PAGOS · AUTO] ================================================================================
[ACTUALIZAR PAGOS · AUTO] 📂 Cargando archivos...
[ACTUALIZAR PAGOS · AUTO]   ✓ Pagos: 17821 registros
[ACTUALIZAR PAGOS · AUTO]   ✓ Excel SIGEMI (multas vencidas viejas): 103235 registros
[ACTUALIZAR PAGOS · AUTO]   ✓ Excel Juzgado (multas vencidas nuevas): 40392 registros
[ACTUALIZAR PAGOS · AUTO] ================================================================================
[ACTUALIZAR PAGOS · AUTO] PASO 1: LLENANDO ACTA_NUMERO (búsqueda por patente + fecha, con desempate por hora)
[ACTUALIZAR PAGOS · AUTO] ================================================================================
[ACTUALIZAR PAGOS · AUTO] 📊 ESTADÍSTICAS DE LLENADO DE ACTAS:
[ACTUALIZAR PAGOS · AUTO]   • Pagos con acta ORIGINAL: 3490
[ACTUALIZAR PAGOS · AUTO]   • Pagos SIN acta (buscados): 14331
[ACTUALIZAR PAGOS · AUTO]   • Pagos LLENADOS exitosamente: 4
[ACTUALIZAR PAGOS · AUTO]   • Pagos NO encontrados en multas: 14327
[ACTUALIZAR PAGOS · AUTO]   • Pagos SIN RESOLVER por desbalance de cantidades: 0
[ACTUALIZAR PAGOS · AUTO] ================================================================================
[ACTUALIZAR PAGOS · AUTO] PASO 1: LLENANDO ACTA_NUMERO (búsqueda por patente + fecha, con desempate por hora)
[ACTUALIZAR PAGOS · AUTO] ================================================================================
[ACTUALIZAR PAGOS · AUTO] 📊 ESTADÍSTICAS DE LLENADO DE ACTAS:
[ACTUALIZAR PAGOS · AUTO]   • Pagos con acta ORIGINAL: 3494
[ACTUALIZAR PAGOS · AUTO]   • Pagos SIN acta (buscados): 14327
[ACTUALIZAR PAGOS · AUTO]   • Pagos LLENADOS exitosamente: 0
[ACTUALIZAR PAGOS · AUTO]   • Pagos NO encontrados en multas: 14327
[ACTUALIZAR PAGOS · AUTO]   • Pagos SIN RESOLVER por desbalance de cantidades: 0
[ACTUALIZAR PAGOS · AUTO] ⏱ PASO 1 (llenar actas): 3.3s
[ACTUALIZAR PAGOS · AUTO] ================================================================================
[ACTUALIZAR PAGOS · AUTO] PASO 2: FILTRANDO PAGOS CON ACTA_NUMERO COMPLETO
[ACTUALIZAR PAGOS · AUTO] ================================================================================
[ACTUALIZAR PAGOS · AUTO] 📊 ESTADÍSTICAS DE FILTRADO:
[ACTUALIZAR PAGOS · AUTO]   • Pagos TOTALES al inicio: 17821
[ACTUALIZAR PAGOS · AUTO]   • Pagos CON acta (MANTIENEN): 3494
[ACTUALIZAR PAGOS · AUTO]   • Pagos RECHAZADOS (sin coincidencias): 14327
[ACTUALIZAR PAGOS · AUTO] ⚠️  Se eliminaron 14327 registros sin número de acta
[ACTUALIZAR PAGOS · AUTO]      (recordá: esto incluye tanto pagos ya actualizados/pagados
[ACTUALIZAR PAGOS · AUTO]       como pagos que quedaron sin resolver por desbalance en el Paso 1)
[ACTUALIZAR PAGOS · AUTO] ================================================================================
[ACTUALIZAR PAGOS · AUTO] PASO 2-bis: CONFIRMANDO VIGENCIA DE PAGOS (sistema NUEVO contra MULTAS_JUZGADO_CRUCE, sistema VIEJO contra SIGEMI)
[ACTUALIZAR PAGOS · AUTO] ================================================================================
[ACTUALIZAR PAGOS · AUTO]   ⚠ 3485 pago(s) descartados: su acta ya no figura como vencida en MULTAS_JUZGADO_CRUCE (SEMyT ya los actualizó).
[ACTUALIZAR PAGOS · AUTO]   ⚠ 2 pago(s) descartados: su acta ya no figura como vencida en el Excel de SIGEMI (SEMyT ya los actualizó).
[ACTUALIZAR PAGOS · AUTO]   • Pagos descartados en total por ya estar actualizados/pagados: 3487
[ACTUALIZAR PAGOS · AUTO] ⏱ PASO 2 (filtrar): 0.3s
[ACTUALIZAR PAGOS · AUTO] 📂 Cargando maestro de causas SIGEMI...
[ACTUALIZAR PAGOS · AUTO]   ✓ Causas totales (maestro): 134069 registros
[ACTUALIZAR PAGOS · AUTO] ⏱ PASO 2.5 (causas simplificado): 0.0s
[ACTUALIZAR PAGOS · AUTO] ================================================================================
[ACTUALIZAR PAGOS · AUTO] PASO 2.5: ARMANDO causas.txt SIMPLIFICADO (cruce contra total_causas_sigemi.txt)
[ACTUALIZAR PAGOS · AUTO] ================================================================================
[ACTUALIZAR PAGOS · AUTO]   • Actas vencidas viejas (multas): 103235
[ACTUALIZAR PAGOS · AUTO]   • Causas totales en el maestro SIGEMI: 134069
[ACTUALIZAR PAGOS · AUTO]   • Causas que coinciden (simplificado): 102908
[ACTUALIZAR PAGOS · AUTO]   ✅ Archivo escrito: backend/descargas/causas/causas.txt
[ACTUALIZAR PAGOS · AUTO] ⏱ PASO 2.5 (causas simplificado): 0.4s
[ACTUALIZAR PAGOS · AUTO] ================================================================================
[ACTUALIZAR PAGOS · AUTO] PASO 3: LLENANDO CAUSA_NUMERO (según fecha de cambio de sistema, cruzando por acta + año)
[ACTUALIZAR PAGOS · AUTO] ================================================================================
[ACTUALIZAR PAGOS · AUTO] 📊 ESTADÍSTICAS DE LLENADO DE CAUSAS:
[ACTUALIZAR PAGOS · AUTO]   • Pagos con causa ORIGINAL: 3
[ACTUALIZAR PAGOS · AUTO]   • Causas encontradas en SIGEMI (actas viejas): 4
[ACTUALIZAR PAGOS · AUTO]   • Causas NO encontradas en SIGEMI: 0
[ACTUALIZAR PAGOS · AUTO]   • Causas asignadas automáticamente (actas nuevas): 0
[ACTUALIZAR PAGOS · AUTO] ⏱ PASO 3 (llenar causas): 0.0s
[ACTUALIZAR PAGOS · AUTO] ================================================================================
[ACTUALIZAR PAGOS · AUTO] PASO 4: ORDENANDO POR FECHA Y ACTA_NUMERO
[ACTUALIZAR PAGOS · AUTO] ================================================================================
[ACTUALIZAR PAGOS · AUTO] ✓ Pagos ordenados correctamente
[ACTUALIZAR PAGOS · AUTO]   • Primera entrada: Acta=189297, Fecha=13/08/2025
[ACTUALIZAR PAGOS · AUTO]   • Última entrada: Acta=307003, Fecha=04/05/2026
[ACTUALIZAR PAGOS · AUTO] 📝 Escribiendo archivo de salida...
[ACTUALIZAR PAGOS · AUTO]   ✅ Archivo escrito: backend/descargas/pagos/2026-07-27/PAGOS 20260727 124651.txt
[ACTUALIZAR PAGOS · AUTO]   ✅ Total registros: 883
[ACTUALIZAR PAGOS · AUTO] ⏱ PASO 4 (ordenar y escribir): 0.0s
[ACTUALIZAR PAGOS · AUTO] ================================================================================
[ACTUALIZAR PAGOS · AUTO] ✅ PROCESO COMPLETADO EXITOSAMENTE
[ACTUALIZAR PAGOS · AUTO] ================================================================================
[ACTUALIZAR PAGOS · AUTO] 📊 RESUMEN FINAL DEL PROCESAMIENTO:
[ACTUALIZAR PAGOS · AUTO]   ENTRADA:
[ACTUALIZAR PAGOS · AUTO]     • Pagos originales: 17821
[ACTUALIZAR PAGOS · AUTO]     • Multas SIGEMI cargadas: 103235
[ACTUALIZAR PAGOS · AUTO]     • Multas Juzgado cargadas: 40392
[ACTUALIZAR PAGOS · AUTO]     • Causas simplificadas (usadas para el cruce): 102908
[ACTUALIZAR PAGOS · AUTO]   PROCESO:
[ACTUALIZAR PAGOS · AUTO]     • Pagos rechazados sigemi: 14327
[ACTUALIZAR PAGOS · AUTO]     • Pagos rechazados juzgado: 3487
[ACTUALIZAR PAGOS · AUTO]   SALIDA:
[ACTUALIZAR PAGOS · AUTO]     • Pagos desactualizados procesados: 7
[ACTUALIZAR PAGOS · AUTO]     • Archivo final: backend/descargas/pagos/2026-07-27/PAGOS 20260727 124651.txt
[ACTUALIZAR PAGOS · AUTO]     • Ordenados por fecha: SÍ ✓
[ACTUALIZAR PAGOS · AUTO]     • Todos con ACTA_NUMERO: SÍ ✓
[ACTUALIZAR PAGOS · AUTO]     • Todos con CAUSA_NUMERO: SÍ ✓
[ACTUALIZAR PAGOS · AUTO] ✅ TXT de pagos (ya cruzado con actas y causas) generado en: backend/descargas/pagos/2026-07-27/PAGOS 20260727 124651.txt
[ACTUALIZAR PAGOS · AUTO] 🧹 TXT de pagos crudo eliminado (ya usado en el cruce): backend/descargas/pagos/2026-07-27/PAGOS DESCARGADOS.txt
[ACTUALIZAR PAGOS · AUTO] 🧹 Excel MULTAS_SIGEMI_CRUCE eliminado (ya usado en el cruce): backend/descargas/cache_actas_cruce/MULTAS_SIGEMI_CRUCE.xlsx
[ACTUALIZAR PAGOS · AUTO] 🧹 Excel MULTAS_JUZGADO_CRUCE eliminado (ya usado en el cruce): backend/descargas/cache_actas_cruce/MULTAS_JUZGADO_CRUCE.xlsx
[ACTUALIZAR PAGOS · AUTO] ✅ CompararActasPaso finalizado. (⏱ 8.6s)
[ACTUALIZAR PAGOS · AUTO] ✓ [CompararActasPaso] Completado.
[ACTUALIZAR PAGOS · AUTO] ▶ [CargarPagosPaso] Iniciando...
[ACTUALIZAR PAGOS · AUTO] ==================================================
[ACTUALIZAR PAGOS · AUTO] 🚀 PASO: CargarPagosPaso
[ACTUALIZAR PAGOS · AUTO] ==================================================
[ACTUALIZAR PAGOS · AUTO] 📤 Subiendo TXT de pagos al SEMyT...
[ACTUALIZAR PAGOS · AUTO] ✅ Importación de pagos completada con éxito.
[ACTUALIZAR PAGOS · AUTO] ✅ Archivo TXT de pagos cargado en el SEMyT correctamente.
[ACTUALIZAR PAGOS · AUTO] ✅ CargarPagosPaso finalizado. (⏱ 2.1s)
[ACTUALIZAR PAGOS · AUTO] ✓ [CargarPagosPaso] Completado.
[ACTUALIZAR PAGOS · AUTO] === Ejecución finalizada con éxito ===
🤖 [Automático] Es hora de actualizar pagos. Arrancando...
[ACTUALIZAR PAGOS · AUTO] === Inicio de ejecución: pagos ===
[ACTUALIZAR PAGOS · AUTO] ▶ [LoginSemytPaso] Iniciando...
[ACTUALIZAR PAGOS · AUTO] ==================================================
[ACTUALIZAR PAGOS · AUTO] 🚀 PASO: LoginSemytPaso
[ACTUALIZAR PAGOS · AUTO] ==================================================
[ACTUALIZAR PAGOS · AUTO] Abriendo SEMyT...
⏳ [Automático] Tocaba disparar 'pagos' pero ya hay una ejecución en curso (Actualizar pagos); esperando a que termine; se reintenta en breve sin perder el turno.
[ACTUALIZAR PAGOS · AUTO] ✅ [SEMyT] Sesión existente detectada. Login omitido.
[ACTUALIZAR PAGOS · AUTO] ✅ LoginSemytPaso finalizado. (⏱ 15.9s)
[ACTUALIZAR PAGOS · AUTO] ✓ [LoginSemytPaso] Completado.
[ACTUALIZAR PAGOS · AUTO] ▶ [LoginJuzgadoPaso] Iniciando...
[ACTUALIZAR PAGOS · AUTO] ==================================================
[ACTUALIZAR PAGOS · AUTO] 🚀 PASO: LoginJuzgadoPaso
[ACTUALIZAR PAGOS · AUTO] ==================================================
[ACTUALIZAR PAGOS · AUTO] Abriendo sitio municipalidad (CiDi)...
[ACTUALIZAR PAGOS · AUTO] ✅ [Juzgado] Sesión existente detectada. Login omitido.
[ACTUALIZAR PAGOS · AUTO] ✅ LoginJuzgadoPaso finalizado. (⏱ 0.6s)
[ACTUALIZAR PAGOS · AUTO] ✓ [LoginJuzgadoPaso] Completado.
[ACTUALIZAR PAGOS · AUTO] ▶ [DescargasParalelasPaso] Iniciando...
[ACTUALIZAR PAGOS · AUTO] ==================================================
[ACTUALIZAR PAGOS · AUTO] 🚀 PASO: DescargasParalelasPaso
[ACTUALIZAR PAGOS · AUTO] ==================================================
[ACTUALIZAR PAGOS · AUTO] 📤 Arrancando las 3 descargas en paralelo (mismo browser, páginas separadas)...
[ACTUALIZAR PAGOS · AUTO] Fecha Desde: 27/06/2024
[ACTUALIZAR PAGOS · AUTO] Fecha Hasta: 24/11/2025
[ACTUALIZAR PAGOS · AUTO] Fecha Desde: 25/11/2025
[ACTUALIZAR PAGOS · AUTO] Fecha Hasta: 27/07/2026
[ACTUALIZAR PAGOS · AUTO] Descargando Excel...
[ACTUALIZAR PAGOS · AUTO] Descargando Excel...
[ACTUALIZAR PAGOS · AUTO] Archivo descargado en: backend/descargas/cache_actas_cruce/MULTAS_JUZGADO_CRUCE.xlsx
[ACTUALIZAR PAGOS · AUTO] ⏱ [actas_juzgado] completado en 25.0s
[ACTUALIZAR PAGOS · AUTO] ✅ TXT de pagos descargado en: backend/descargas/pagos/2026-07-27/PAGOS DESCARGADOS.txt
[ACTUALIZAR PAGOS · AUTO] ⏱ [pagos_txt] completado en 36.1s
[ACTUALIZAR PAGOS · AUTO] Archivo descargado en: backend/descargas/cache_actas_cruce/MULTAS_SIGEMI_CRUCE.xlsx
[ACTUALIZAR PAGOS · AUTO] ⏱ [actas_sigemi] completado en 59.2s
[ACTUALIZAR PAGOS · AUTO] ⏱ TOTAL descargas en paralelo: 59.2s
[ACTUALIZAR PAGOS · AUTO] ✅ DescargasParalelasPaso finalizado. (⏱ 59.5s)
[ACTUALIZAR PAGOS · AUTO] ✓ [DescargasParalelasPaso] Completado.
[ACTUALIZAR PAGOS · AUTO] ▶ [CompararActasPaso] Iniciando...
[ACTUALIZAR PAGOS · AUTO] ==================================================
[ACTUALIZAR PAGOS · AUTO] 🚀 PASO: CompararActasPaso
[ACTUALIZAR PAGOS · AUTO] ==================================================
[ACTUALIZAR PAGOS · AUTO] 🔍 Comparando actas del SEMyT contra pagos del Juzgado...
[ACTUALIZAR PAGOS · AUTO] ================================================================================
[ACTUALIZAR PAGOS · AUTO] INICIANDO PROCESO DE GENERACIÓN DE PAGOS DESACTUALIZADOS
[ACTUALIZAR PAGOS · AUTO] ================================================================================
[ACTUALIZAR PAGOS · AUTO] 📂 Cargando archivos...
[ACTUALIZAR PAGOS · AUTO]   ✓ Pagos: 17842 registros
[ACTUALIZAR PAGOS · AUTO]   ✓ Excel SIGEMI (multas vencidas viejas): 103231 registros
[ACTUALIZAR PAGOS · AUTO]   ✓ Excel Juzgado (multas vencidas nuevas): 40389 registros
[ACTUALIZAR PAGOS · AUTO] ================================================================================
[ACTUALIZAR PAGOS · AUTO] PASO 1: LLENANDO ACTA_NUMERO (búsqueda por patente + fecha, con desempate por hora)
[ACTUALIZAR PAGOS · AUTO] ================================================================================
[ACTUALIZAR PAGOS · AUTO] 📊 ESTADÍSTICAS DE LLENADO DE ACTAS:
[ACTUALIZAR PAGOS · AUTO]   • Pagos con acta ORIGINAL: 3491
[ACTUALIZAR PAGOS · AUTO]   • Pagos SIN acta (buscados): 14351
[ACTUALIZAR PAGOS · AUTO]   • Pagos LLENADOS exitosamente: 20
[ACTUALIZAR PAGOS · AUTO]   • Pagos NO encontrados en multas: 14331
[ACTUALIZAR PAGOS · AUTO]   • Pagos SIN RESOLVER por desbalance de cantidades: 0
[ACTUALIZAR PAGOS · AUTO] ================================================================================
[ACTUALIZAR PAGOS · AUTO] PASO 1: LLENANDO ACTA_NUMERO (búsqueda por patente + fecha, con desempate por hora)
[ACTUALIZAR PAGOS · AUTO] ================================================================================
[ACTUALIZAR PAGOS · AUTO] 📊 ESTADÍSTICAS DE LLENADO DE ACTAS:
[ACTUALIZAR PAGOS · AUTO]   • Pagos con acta ORIGINAL: 3511
[ACTUALIZAR PAGOS · AUTO]   • Pagos SIN acta (buscados): 14331
[ACTUALIZAR PAGOS · AUTO]   • Pagos LLENADOS exitosamente: 0
[ACTUALIZAR PAGOS · AUTO]   • Pagos NO encontrados en multas: 14331
[ACTUALIZAR PAGOS · AUTO]   • Pagos SIN RESOLVER por desbalance de cantidades: 0
[ACTUALIZAR PAGOS · AUTO] ⏱ PASO 1 (llenar actas): 3.3s
[ACTUALIZAR PAGOS · AUTO] ================================================================================
[ACTUALIZAR PAGOS · AUTO] PASO 2: FILTRANDO PAGOS CON ACTA_NUMERO COMPLETO
[ACTUALIZAR PAGOS · AUTO] ================================================================================
[ACTUALIZAR PAGOS · AUTO] 📊 ESTADÍSTICAS DE FILTRADO:
[ACTUALIZAR PAGOS · AUTO]   • Pagos TOTALES al inicio: 17842
[ACTUALIZAR PAGOS · AUTO]   • Pagos CON acta (MANTIENEN): 3511
[ACTUALIZAR PAGOS · AUTO]   • Pagos RECHAZADOS (sin coincidencias): 14331
[ACTUALIZAR PAGOS · AUTO] ⚠️  Se eliminaron 14331 registros sin número de acta
[ACTUALIZAR PAGOS · AUTO]      (recordá: esto incluye tanto pagos ya actualizados/pagados
[ACTUALIZAR PAGOS · AUTO]       como pagos que quedaron sin resolver por desbalance en el Paso 1)
[ACTUALIZAR PAGOS · AUTO] ================================================================================
[ACTUALIZAR PAGOS · AUTO] PASO 2-bis: CONFIRMANDO VIGENCIA DE PAGOS (sistema NUEVO contra MULTAS_JUZGADO_CRUCE, sistema VIEJO contra SIGEMI)
[ACTUALIZAR PAGOS · AUTO] ================================================================================
[ACTUALIZAR PAGOS · AUTO]   ⚠ 3488 pago(s) descartados: su acta ya no figura como vencida en MULTAS_JUZGADO_CRUCE (SEMyT ya los actualizó).
[ACTUALIZAR PAGOS · AUTO]   ⚠ 2 pago(s) descartados: su acta ya no figura como vencida en el Excel de SIGEMI (SEMyT ya los actualizó).
[ACTUALIZAR PAGOS · AUTO]   • Pagos descartados en total por ya estar actualizados/pagados: 3490
[ACTUALIZAR PAGOS · AUTO] ⏱ PASO 2 (filtrar): 0.4s
[ACTUALIZAR PAGOS · AUTO] 📂 Cargando maestro de causas SIGEMI...
[ACTUALIZAR PAGOS · AUTO]   ✓ Causas totales (maestro): 134069 registros
[ACTUALIZAR PAGOS · AUTO] ⏱ PASO 2.5 (causas simplificado): 0.0s
[ACTUALIZAR PAGOS · AUTO] ================================================================================
[ACTUALIZAR PAGOS · AUTO] PASO 2.5: ARMANDO causas.txt SIMPLIFICADO (cruce contra total_causas_sigemi.txt)
[ACTUALIZAR PAGOS · AUTO] ================================================================================
[ACTUALIZAR PAGOS · AUTO]   • Actas vencidas viejas (multas): 103231
[ACTUALIZAR PAGOS · AUTO]   • Causas totales en el maestro SIGEMI: 134069
[ACTUALIZAR PAGOS · AUTO]   • Causas que coinciden (simplificado): 102904
[ACTUALIZAR PAGOS · AUTO]   ✅ Archivo escrito: backend/descargas/causas/causas.txt
[ACTUALIZAR PAGOS · AUTO] ⏱ PASO 2.5 (causas simplificado): 0.4s
[ACTUALIZAR PAGOS · AUTO] ================================================================================
[ACTUALIZAR PAGOS · AUTO] PASO 3: LLENANDO CAUSA_NUMERO (según fecha de cambio de sistema, cruzando por acta + año)
[ACTUALIZAR PAGOS · AUTO] ================================================================================
[ACTUALIZAR PAGOS · AUTO] 📊 ESTADÍSTICAS DE LLENADO DE CAUSAS:
[ACTUALIZAR PAGOS · AUTO]   • Pagos con causa ORIGINAL: 1
[ACTUALIZAR PAGOS · AUTO]   • Causas encontradas en SIGEMI (actas viejas): 20
[ACTUALIZAR PAGOS · AUTO]   • Causas NO encontradas en SIGEMI: 0
[ACTUALIZAR PAGOS · AUTO]   • Causas asignadas automáticamente (actas nuevas): 0
[ACTUALIZAR PAGOS · AUTO] ⏱ PASO 3 (llenar causas): 0.0s
[ACTUALIZAR PAGOS · AUTO] ================================================================================
[ACTUALIZAR PAGOS · AUTO] PASO 4: ORDENANDO POR FECHA Y ACTA_NUMERO
[ACTUALIZAR PAGOS · AUTO] ================================================================================
[ACTUALIZAR PAGOS · AUTO] ✓ Pagos ordenados correctamente
[ACTUALIZAR PAGOS · AUTO]   • Primera entrada: Acta=994, Fecha=28/06/2024
[ACTUALIZAR PAGOS · AUTO]   • Última entrada: Acta=274854, Fecha=03/03/2026
[ACTUALIZAR PAGOS · AUTO] 📝 Escribiendo archivo de salida...
[ACTUALIZAR PAGOS · AUTO]   ✅ Archivo escrito: backend/descargas/pagos/2026-07-27/PAGOS 20260727 125825.txt
[ACTUALIZAR PAGOS · AUTO]   ✅ Total registros: 2006
[ACTUALIZAR PAGOS · AUTO] ⏱ PASO 4 (ordenar y escribir): 0.0s
[ACTUALIZAR PAGOS · AUTO] ================================================================================
[ACTUALIZAR PAGOS · AUTO] ✅ PROCESO COMPLETADO EXITOSAMENTE
[ACTUALIZAR PAGOS · AUTO] ================================================================================
[ACTUALIZAR PAGOS · AUTO] 📊 RESUMEN FINAL DEL PROCESAMIENTO:
[ACTUALIZAR PAGOS · AUTO]   ENTRADA:
[ACTUALIZAR PAGOS · AUTO]     • Pagos originales: 17842
[ACTUALIZAR PAGOS · AUTO]     • Multas SIGEMI cargadas: 103231
[ACTUALIZAR PAGOS · AUTO]     • Multas Juzgado cargadas: 40389
[ACTUALIZAR PAGOS · AUTO]     • Causas simplificadas (usadas para el cruce): 102904
[ACTUALIZAR PAGOS · AUTO]   PROCESO:
[ACTUALIZAR PAGOS · AUTO]     • Pagos rechazados sigemi: 14331
[ACTUALIZAR PAGOS · AUTO]     • Pagos rechazados juzgado: 3490
[ACTUALIZAR PAGOS · AUTO]   SALIDA:
[ACTUALIZAR PAGOS · AUTO]     • Pagos desactualizados procesados: 21
[ACTUALIZAR PAGOS · AUTO]     • Archivo final: backend/descargas/pagos/2026-07-27/PAGOS 20260727 125825.txt
[ACTUALIZAR PAGOS · AUTO]     • Ordenados por fecha: SÍ ✓
[ACTUALIZAR PAGOS · AUTO]     • Todos con ACTA_NUMERO: SÍ ✓
[ACTUALIZAR PAGOS · AUTO]     • Todos con CAUSA_NUMERO: SÍ ✓
[ACTUALIZAR PAGOS · AUTO] ✅ TXT de pagos (ya cruzado con actas y causas) generado en: backend/descargas/pagos/2026-07-27/PAGOS 20260727 125825.txt
[ACTUALIZAR PAGOS · AUTO] 🧹 TXT de pagos crudo eliminado (ya usado en el cruce): backend/descargas/pagos/2026-07-27/PAGOS DESCARGADOS.txt
[ACTUALIZAR PAGOS · AUTO] 🧹 Excel MULTAS_SIGEMI_CRUCE eliminado (ya usado en el cruce): backend/descargas/cache_actas_cruce/MULTAS_SIGEMI_CRUCE.xlsx
[ACTUALIZAR PAGOS · AUTO] 🧹 Excel MULTAS_JUZGADO_CRUCE eliminado (ya usado en el cruce): backend/descargas/cache_actas_cruce/MULTAS_JUZGADO_CRUCE.xlsx
[ACTUALIZAR PAGOS · AUTO] ✅ CompararActasPaso finalizado. (⏱ 8.6s)
[ACTUALIZAR PAGOS · AUTO] ✓ [CompararActasPaso] Completado.
[ACTUALIZAR PAGOS · AUTO] ▶ [CargarPagosPaso] Iniciando...
[ACTUALIZAR PAGOS · AUTO] ==================================================
[ACTUALIZAR PAGOS · AUTO] 🚀 PASO: CargarPagosPaso
[ACTUALIZAR PAGOS · AUTO] ==================================================
[ACTUALIZAR PAGOS · AUTO] 📤 Subiendo TXT de pagos al SEMyT...
[ACTUALIZAR PAGOS · AUTO] ✅ Importación de pagos completada con éxito.
[ACTUALIZAR PAGOS · AUTO] ✅ Archivo TXT de pagos cargado en el SEMyT correctamente.
[ACTUALIZAR PAGOS · AUTO] ✅ CargarPagosPaso finalizado. (⏱ 2.1s)
[ACTUALIZAR PAGOS · AUTO] ✓ [CargarPagosPaso] Completado.
[ACTUALIZAR PAGOS · AUTO] === Ejecución finalizada con éxito ===
🤖 [Automático] Es hora de actualizar pagos. Arrancando...
[ACTUALIZAR PAGOS · AUTO] === Inicio de ejecución: pagos ===
[ACTUALIZAR PAGOS · AUTO] ▶ [LoginSemytPaso] Iniciando...
[ACTUALIZAR PAGOS · AUTO] ==================================================
[ACTUALIZAR PAGOS · AUTO] 🚀 PASO: LoginSemytPaso
[ACTUALIZAR PAGOS · AUTO] ==================================================
[ACTUALIZAR PAGOS · AUTO] Abriendo SEMyT...
[ACTUALIZAR PAGOS · AUTO] ✅ [SEMyT] Sesión existente detectada. Login omitido.
[ACTUALIZAR PAGOS · AUTO] ✅ LoginSemytPaso finalizado. (⏱ 10.1s)
[ACTUALIZAR PAGOS · AUTO] ✓ [LoginSemytPaso] Completado.
[ACTUALIZAR PAGOS · AUTO] ▶ [LoginJuzgadoPaso] Iniciando...
[ACTUALIZAR PAGOS · AUTO] ==================================================
[ACTUALIZAR PAGOS · AUTO] 🚀 PASO: LoginJuzgadoPaso
[ACTUALIZAR PAGOS · AUTO] ==================================================
[ACTUALIZAR PAGOS · AUTO] Abriendo sitio municipalidad (CiDi)...
[ACTUALIZAR PAGOS · AUTO] ✅ [Juzgado] Sesión existente detectada. Login omitido.
[ACTUALIZAR PAGOS · AUTO] ✅ LoginJuzgadoPaso finalizado. (⏱ 0.6s)
[ACTUALIZAR PAGOS · AUTO] ✓ [LoginJuzgadoPaso] Completado.
[ACTUALIZAR PAGOS · AUTO] ▶ [DescargasParalelasPaso] Iniciando...
[ACTUALIZAR PAGOS · AUTO] ==================================================
[ACTUALIZAR PAGOS · AUTO] 🚀 PASO: DescargasParalelasPaso
[ACTUALIZAR PAGOS · AUTO] ==================================================
[ACTUALIZAR PAGOS · AUTO] 📤 Arrancando las 3 descargas en paralelo (mismo browser, páginas separadas)...
[ACTUALIZAR PAGOS · AUTO] Fecha Desde: 27/06/2024
[ACTUALIZAR PAGOS · AUTO] Fecha Hasta: 24/11/2025
[ACTUALIZAR PAGOS · AUTO] Fecha Desde: 25/11/2025
[ACTUALIZAR PAGOS · AUTO] Fecha Hasta: 27/07/2026
[ACTUALIZAR PAGOS · AUTO] Descargando Excel...
[ACTUALIZAR PAGOS · AUTO] Descargando Excel...
⏳ [Automático] Tocaba disparar 'pagos' pero ya hay una ejecución en curso (Actualizar pagos); esperando a que termine; se reintenta en breve sin perder el turno.
[ACTUALIZAR PAGOS · AUTO] Archivo descargado en: backend/descargas/cache_actas_cruce/MULTAS_JUZGADO_CRUCE.xlsx
[ACTUALIZAR PAGOS · AUTO] ⏱ [actas_juzgado] completado en 16.1s
[ACTUALIZAR PAGOS · AUTO] ✅ TXT de pagos descargado en: backend/descargas/pagos/2026-07-27/PAGOS DESCARGADOS.txt
[ACTUALIZAR PAGOS · AUTO] ⏱ [pagos_txt] completado en 26.8s
[ACTUALIZAR PAGOS · AUTO] Archivo descargado en: backend/descargas/cache_actas_cruce/MULTAS_SIGEMI_CRUCE.xlsx
[ACTUALIZAR PAGOS · AUTO] ⏱ [actas_sigemi] completado en 40.9s
[ACTUALIZAR PAGOS · AUTO] ⏱ TOTAL descargas en paralelo: 40.9s
[ACTUALIZAR PAGOS · AUTO] ✅ DescargasParalelasPaso finalizado. (⏱ 41.2s)
[ACTUALIZAR PAGOS · AUTO] ✓ [DescargasParalelasPaso] Completado.
[ACTUALIZAR PAGOS · AUTO] ▶ [CompararActasPaso] Iniciando...
[ACTUALIZAR PAGOS · AUTO] ==================================================
[ACTUALIZAR PAGOS · AUTO] 🚀 PASO: CompararActasPaso
[ACTUALIZAR PAGOS · AUTO] ==================================================
[ACTUALIZAR PAGOS · AUTO] 🔍 Comparando actas del SEMyT contra pagos del Juzgado...
[ACTUALIZAR PAGOS · AUTO] ================================================================================
[ACTUALIZAR PAGOS · AUTO] INICIANDO PROCESO DE GENERACIÓN DE PAGOS DESACTUALIZADOS
[ACTUALIZAR PAGOS · AUTO] ================================================================================
[ACTUALIZAR PAGOS · AUTO] 📂 Cargando archivos...
[ACTUALIZAR PAGOS · AUTO]   ✓ Pagos: 17844 registros
[ACTUALIZAR PAGOS · AUTO]   ✓ Excel SIGEMI (multas vencidas viejas): 103211 registros
[ACTUALIZAR PAGOS · AUTO]   ✓ Excel Juzgado (multas vencidas nuevas): 40388 registros
[ACTUALIZAR PAGOS · AUTO] ================================================================================
[ACTUALIZAR PAGOS · AUTO] PASO 1: LLENANDO ACTA_NUMERO (búsqueda por patente + fecha, con desempate por hora)
[ACTUALIZAR PAGOS · AUTO] ================================================================================
[ACTUALIZAR PAGOS · AUTO] 📊 ESTADÍSTICAS DE LLENADO DE ACTAS:
[ACTUALIZAR PAGOS · AUTO]   • Pagos con acta ORIGINAL: 3493
[ACTUALIZAR PAGOS · AUTO]   • Pagos SIN acta (buscados): 14351
[ACTUALIZAR PAGOS · AUTO]   • Pagos LLENADOS exitosamente: 0
[ACTUALIZAR PAGOS · AUTO]   • Pagos NO encontrados en multas: 14351
[ACTUALIZAR PAGOS · AUTO]   • Pagos SIN RESOLVER por desbalance de cantidades: 0
[ACTUALIZAR PAGOS · AUTO] ================================================================================
[ACTUALIZAR PAGOS · AUTO] PASO 1: LLENANDO ACTA_NUMERO (búsqueda por patente + fecha, con desempate por hora)
[ACTUALIZAR PAGOS · AUTO] ================================================================================
[ACTUALIZAR PAGOS · AUTO] 📊 ESTADÍSTICAS DE LLENADO DE ACTAS:
[ACTUALIZAR PAGOS · AUTO]   • Pagos con acta ORIGINAL: 3493
[ACTUALIZAR PAGOS · AUTO]   • Pagos SIN acta (buscados): 14351
[ACTUALIZAR PAGOS · AUTO]   • Pagos LLENADOS exitosamente: 0
[ACTUALIZAR PAGOS · AUTO]   • Pagos NO encontrados en multas: 14351
[ACTUALIZAR PAGOS · AUTO]   • Pagos SIN RESOLVER por desbalance de cantidades: 0
[ACTUALIZAR PAGOS · AUTO] ⏱ PASO 1 (llenar actas): 3.3s
[ACTUALIZAR PAGOS · AUTO] ================================================================================
[ACTUALIZAR PAGOS · AUTO] PASO 2: FILTRANDO PAGOS CON ACTA_NUMERO COMPLETO
[ACTUALIZAR PAGOS · AUTO] ================================================================================
[ACTUALIZAR PAGOS · AUTO] 📊 ESTADÍSTICAS DE FILTRADO:
[ACTUALIZAR PAGOS · AUTO]   • Pagos TOTALES al inicio: 17844
[ACTUALIZAR PAGOS · AUTO]   • Pagos CON acta (MANTIENEN): 3493
[ACTUALIZAR PAGOS · AUTO]   • Pagos RECHAZADOS (sin coincidencias): 14351
[ACTUALIZAR PAGOS · AUTO] ⚠️  Se eliminaron 14351 registros sin número de acta
[ACTUALIZAR PAGOS · AUTO]      (recordá: esto incluye tanto pagos ya actualizados/pagados
[ACTUALIZAR PAGOS · AUTO]       como pagos que quedaron sin resolver por desbalance en el Paso 1)
[ACTUALIZAR PAGOS · AUTO] ================================================================================
[ACTUALIZAR PAGOS · AUTO] PASO 2-bis: CONFIRMANDO VIGENCIA DE PAGOS (sistema NUEVO contra MULTAS_JUZGADO_CRUCE, sistema VIEJO contra SIGEMI)
[ACTUALIZAR PAGOS · AUTO] ================================================================================
[ACTUALIZAR PAGOS · AUTO]   ⚠ 3489 pago(s) descartados: su acta ya no figura como vencida en MULTAS_JUZGADO_CRUCE (SEMyT ya los actualizó).
[ACTUALIZAR PAGOS · AUTO]   ⚠ 2 pago(s) descartados: su acta ya no figura como vencida en el Excel de SIGEMI (SEMyT ya los actualizó).
[ACTUALIZAR PAGOS · AUTO]   • Pagos descartados en total por ya estar actualizados/pagados: 3491
[ACTUALIZAR PAGOS · AUTO] ⏱ PASO 2 (filtrar): 0.3s
[ACTUALIZAR PAGOS · AUTO] 📂 Cargando maestro de causas SIGEMI...
[ACTUALIZAR PAGOS · AUTO]   ✓ Causas totales (maestro): 134069 registros
[ACTUALIZAR PAGOS · AUTO] ⏱ PASO 2.5 (causas simplificado): 0.0s
[ACTUALIZAR PAGOS · AUTO] ================================================================================
[ACTUALIZAR PAGOS · AUTO] PASO 2.5: ARMANDO causas.txt SIMPLIFICADO (cruce contra total_causas_sigemi.txt)
[ACTUALIZAR PAGOS · AUTO] ================================================================================
[ACTUALIZAR PAGOS · AUTO]   • Actas vencidas viejas (multas): 103211
[ACTUALIZAR PAGOS · AUTO]   • Causas totales en el maestro SIGEMI: 134069
[ACTUALIZAR PAGOS · AUTO]   • Causas que coinciden (simplificado): 102884
[ACTUALIZAR PAGOS · AUTO]   ✅ Archivo escrito: backend/descargas/causas/causas.txt
[ACTUALIZAR PAGOS · AUTO] ⏱ PASO 2.5 (causas simplificado): 0.4s
[ACTUALIZAR PAGOS · AUTO] ================================================================================
[ACTUALIZAR PAGOS · AUTO] PASO 3: LLENANDO CAUSA_NUMERO (según fecha de cambio de sistema, cruzando por acta + año)
[ACTUALIZAR PAGOS · AUTO] ================================================================================
[ACTUALIZAR PAGOS · AUTO] 📊 ESTADÍSTICAS DE LLENADO DE CAUSAS:
[ACTUALIZAR PAGOS · AUTO]   • Pagos con causa ORIGINAL: 2
[ACTUALIZAR PAGOS · AUTO]   • Causas encontradas en SIGEMI (actas viejas): 0
[ACTUALIZAR PAGOS · AUTO]   • Causas NO encontradas en SIGEMI: 0
[ACTUALIZAR PAGOS · AUTO]   • Causas asignadas automáticamente (actas nuevas): 0
[ACTUALIZAR PAGOS · AUTO] ⏱ PASO 3 (llenar causas): 0.0s
[ACTUALIZAR PAGOS · AUTO] ================================================================================
[ACTUALIZAR PAGOS · AUTO] PASO 4: ORDENANDO POR FECHA Y ACTA_NUMERO
[ACTUALIZAR PAGOS · AUTO] ================================================================================
[ACTUALIZAR PAGOS · AUTO] ✓ Pagos ordenados correctamente
[ACTUALIZAR PAGOS · AUTO]   • Primera entrada: Acta=282678, Fecha=19/03/2026
[ACTUALIZAR PAGOS · AUTO]   • Última entrada: Acta=291108, Fecha=08/04/2026
[ACTUALIZAR PAGOS · AUTO] 📝 Escribiendo archivo de salida...
[ACTUALIZAR PAGOS · AUTO]   ✅ Archivo escrito: backend/descargas/pagos/2026-07-27/PAGOS 20260727 130931.txt
[ACTUALIZAR PAGOS · AUTO]   ✅ Total registros: 366
[ACTUALIZAR PAGOS · AUTO] ⏱ PASO 4 (ordenar y escribir): 0.0s
[ACTUALIZAR PAGOS · AUTO] ================================================================================
[ACTUALIZAR PAGOS · AUTO] ✅ PROCESO COMPLETADO EXITOSAMENTE
[ACTUALIZAR PAGOS · AUTO] ================================================================================
[ACTUALIZAR PAGOS · AUTO] 📊 RESUMEN FINAL DEL PROCESAMIENTO:
[ACTUALIZAR PAGOS · AUTO]   ENTRADA:
[ACTUALIZAR PAGOS · AUTO]     • Pagos originales: 17844
[ACTUALIZAR PAGOS · AUTO]     • Multas SIGEMI cargadas: 103211
[ACTUALIZAR PAGOS · AUTO]     • Multas Juzgado cargadas: 40388
[ACTUALIZAR PAGOS · AUTO]     • Causas simplificadas (usadas para el cruce): 102884
[ACTUALIZAR PAGOS · AUTO]   PROCESO:
[ACTUALIZAR PAGOS · AUTO]     • Pagos rechazados sigemi: 14351
[ACTUALIZAR PAGOS · AUTO]     • Pagos rechazados juzgado: 3491
[ACTUALIZAR PAGOS · AUTO]   SALIDA:
[ACTUALIZAR PAGOS · AUTO]     • Pagos desactualizados procesados: 2
[ACTUALIZAR PAGOS · AUTO]     • Archivo final: backend/descargas/pagos/2026-07-27/PAGOS 20260727 130931.txt
[ACTUALIZAR PAGOS · AUTO]     • Ordenados por fecha: SÍ ✓
[ACTUALIZAR PAGOS · AUTO]     • Todos con ACTA_NUMERO: SÍ ✓
[ACTUALIZAR PAGOS · AUTO]     • Todos con CAUSA_NUMERO: SÍ ✓
[ACTUALIZAR PAGOS · AUTO] ✅ TXT de pagos (ya cruzado con actas y causas) generado en: backend/descargas/pagos/2026-07-27/PAGOS 20260727 130931.txt
[ACTUALIZAR PAGOS · AUTO] 🧹 TXT de pagos crudo eliminado (ya usado en el cruce): backend/descargas/pagos/2026-07-27/PAGOS DESCARGADOS.txt
[ACTUALIZAR PAGOS · AUTO] 🧹 Excel MULTAS_SIGEMI_CRUCE eliminado (ya usado en el cruce): backend/descargas/cache_actas_cruce/MULTAS_SIGEMI_CRUCE.xlsx
[ACTUALIZAR PAGOS · AUTO] 🧹 Excel MULTAS_JUZGADO_CRUCE eliminado (ya usado en el cruce): backend/descargas/cache_actas_cruce/MULTAS_JUZGADO_CRUCE.xlsx
[ACTUALIZAR PAGOS · AUTO] ✅ CompararActasPaso finalizado. (⏱ 8.6s)
[ACTUALIZAR PAGOS · AUTO] ✓ [CompararActasPaso] Completado.
[ACTUALIZAR PAGOS · AUTO] ▶ [CargarPagosPaso] Iniciando...
[ACTUALIZAR PAGOS · AUTO] ==================================================
[ACTUALIZAR PAGOS · AUTO] 🚀 PASO: CargarPagosPaso
[ACTUALIZAR PAGOS · AUTO] ==================================================
[ACTUALIZAR PAGOS · AUTO] 📤 Subiendo TXT de pagos al SEMyT...
[ACTUALIZAR PAGOS · AUTO] ✅ Importación de pagos completada con éxito.
[ACTUALIZAR PAGOS · AUTO] ✅ Archivo TXT de pagos cargado en el SEMyT correctamente.
[ACTUALIZAR PAGOS · AUTO] ✅ CargarPagosPaso finalizado. (⏱ 2.2s)
[ACTUALIZAR PAGOS · AUTO] ✓ [CargarPagosPaso] Completado.
[ACTUALIZAR PAGOS · AUTO] === Ejecución finalizada con éxito ===
🤖 [Automático] Es hora de actualizar pagos. Arrancando...
[ACTUALIZAR PAGOS · AUTO] === Inicio de ejecución: pagos ===
[ACTUALIZAR PAGOS · AUTO] ▶ [LoginSemytPaso] Iniciando...
[ACTUALIZAR PAGOS · AUTO] ==================================================
[ACTUALIZAR PAGOS · AUTO] 🚀 PASO: LoginSemytPaso
[ACTUALIZAR PAGOS · AUTO] ==================================================
[ACTUALIZAR PAGOS · AUTO] Abriendo SEMyT...
⏳ [Automático] Tocaba disparar 'pagos' pero ya hay una ejecución en curso (Actualizar pagos); esperando a que termine; se reintenta en breve sin perder el turno.
[ACTUALIZAR PAGOS · AUTO] ✅ [SEMyT] Sesión existente detectada. Login omitido.
[ACTUALIZAR PAGOS · AUTO] ✅ LoginSemytPaso finalizado. (⏱ 31.6s)
[ACTUALIZAR PAGOS · AUTO] ✓ [LoginSemytPaso] Completado.
[ACTUALIZAR PAGOS · AUTO] ▶ [LoginJuzgadoPaso] Iniciando...
[ACTUALIZAR PAGOS · AUTO] ==================================================
[ACTUALIZAR PAGOS · AUTO] 🚀 PASO: LoginJuzgadoPaso
[ACTUALIZAR PAGOS · AUTO] ==================================================
[ACTUALIZAR PAGOS · AUTO] Abriendo sitio municipalidad (CiDi)...
[ACTUALIZAR PAGOS · AUTO] ✅ [Juzgado] Sesión existente detectada. Login omitido.
[ACTUALIZAR PAGOS · AUTO] ✅ LoginJuzgadoPaso finalizado. (⏱ 0.7s)
[ACTUALIZAR PAGOS · AUTO] ✓ [LoginJuzgadoPaso] Completado.
[ACTUALIZAR PAGOS · AUTO] ▶ [DescargasParalelasPaso] Iniciando...
[ACTUALIZAR PAGOS · AUTO] ==================================================
[ACTUALIZAR PAGOS · AUTO] 🚀 PASO: DescargasParalelasPaso
[ACTUALIZAR PAGOS · AUTO] ==================================================
[ACTUALIZAR PAGOS · AUTO] 📤 Arrancando las 3 descargas en paralelo (mismo browser, páginas separadas)...
[ACTUALIZAR PAGOS · AUTO] Fecha Desde: 27/06/2024
[ACTUALIZAR PAGOS · AUTO] Fecha Hasta: 24/11/2025
[ACTUALIZAR PAGOS · AUTO] Fecha Desde: 25/11/2025
[ACTUALIZAR PAGOS · AUTO] Fecha Hasta: 27/07/2026
[ACTUALIZAR PAGOS · AUTO] Descargando Excel...
[ACTUALIZAR PAGOS · AUTO] Descargando Excel...
[ACTUALIZAR PAGOS · AUTO] ✅ TXT de pagos descargado en: backend/descargas/pagos/2026-07-27/PAGOS DESCARGADOS.txt
[ACTUALIZAR PAGOS · AUTO] ⏱ [pagos_txt] completado en 23.9s
[ACTUALIZAR PAGOS · AUTO] Archivo descargado en: backend/descargas/cache_actas_cruce/MULTAS_JUZGADO_CRUCE.xlsx
[ACTUALIZAR PAGOS · AUTO] ⏱ [actas_juzgado] completado en 27.1s
[ACTUALIZAR PAGOS · AUTO] Archivo descargado en: backend/descargas/cache_actas_cruce/MULTAS_SIGEMI_CRUCE.xlsx
[ACTUALIZAR PAGOS · AUTO] ⏱ [actas_sigemi] completado en 36.5s
[ACTUALIZAR PAGOS · AUTO] ⏱ TOTAL descargas en paralelo: 36.5s
[ACTUALIZAR PAGOS · AUTO] ✅ DescargasParalelasPaso finalizado. (⏱ 36.7s)
[ACTUALIZAR PAGOS · AUTO] ✓ [DescargasParalelasPaso] Completado.
[ACTUALIZAR PAGOS · AUTO] ▶ [CompararActasPaso] Iniciando...
[ACTUALIZAR PAGOS · AUTO] ==================================================
[ACTUALIZAR PAGOS · AUTO] 🚀 PASO: CompararActasPaso
[ACTUALIZAR PAGOS · AUTO] ==================================================
[ACTUALIZAR PAGOS · AUTO] 🔍 Comparando actas del SEMyT contra pagos del Juzgado...
[ACTUALIZAR PAGOS · AUTO] ================================================================================
[ACTUALIZAR PAGOS · AUTO] INICIANDO PROCESO DE GENERACIÓN DE PAGOS DESACTUALIZADOS
[ACTUALIZAR PAGOS · AUTO] ================================================================================
[ACTUALIZAR PAGOS · AUTO] 📂 Cargando archivos...
[ACTUALIZAR PAGOS · AUTO]   ✓ Pagos: 17847 registros
[ACTUALIZAR PAGOS · AUTO]   ✓ Excel SIGEMI (multas vencidas viejas): 103211 registros
[ACTUALIZAR PAGOS · AUTO]   ✓ Excel Juzgado (multas vencidas nuevas): 40386 registros
[ACTUALIZAR PAGOS · AUTO] ================================================================================
[ACTUALIZAR PAGOS · AUTO] PASO 1: LLENANDO ACTA_NUMERO (búsqueda por patente + fecha, con desempate por hora)
[ACTUALIZAR PAGOS · AUTO] ================================================================================
[ACTUALIZAR PAGOS · AUTO] 📊 ESTADÍSTICAS DE LLENADO DE ACTAS:
[ACTUALIZAR PAGOS · AUTO]   • Pagos con acta ORIGINAL: 3495
[ACTUALIZAR PAGOS · AUTO]   • Pagos SIN acta (buscados): 14352
[ACTUALIZAR PAGOS · AUTO]   • Pagos LLENADOS exitosamente: 1
[ACTUALIZAR PAGOS · AUTO]   • Pagos NO encontrados en multas: 14351
[ACTUALIZAR PAGOS · AUTO]   • Pagos SIN RESOLVER por desbalance de cantidades: 0
[ACTUALIZAR PAGOS · AUTO] ================================================================================
[ACTUALIZAR PAGOS · AUTO] PASO 1: LLENANDO ACTA_NUMERO (búsqueda por patente + fecha, con desempate por hora)
[ACTUALIZAR PAGOS · AUTO] ================================================================================
[ACTUALIZAR PAGOS · AUTO] 📊 ESTADÍSTICAS DE LLENADO DE ACTAS:
[ACTUALIZAR PAGOS · AUTO]   • Pagos con acta ORIGINAL: 3496
[ACTUALIZAR PAGOS · AUTO]   • Pagos SIN acta (buscados): 14351
[ACTUALIZAR PAGOS · AUTO]   • Pagos LLENADOS exitosamente: 0
[ACTUALIZAR PAGOS · AUTO]   • Pagos NO encontrados en multas: 14351
[ACTUALIZAR PAGOS · AUTO]   • Pagos SIN RESOLVER por desbalance de cantidades: 0
[ACTUALIZAR PAGOS · AUTO] ⏱ PASO 1 (llenar actas): 3.4s
[ACTUALIZAR PAGOS · AUTO] ================================================================================
[ACTUALIZAR PAGOS · AUTO] PASO 2: FILTRANDO PAGOS CON ACTA_NUMERO COMPLETO
[ACTUALIZAR PAGOS · AUTO] ================================================================================
[ACTUALIZAR PAGOS · AUTO] 📊 ESTADÍSTICAS DE FILTRADO:
[ACTUALIZAR PAGOS · AUTO]   • Pagos TOTALES al inicio: 17847
[ACTUALIZAR PAGOS · AUTO]   • Pagos CON acta (MANTIENEN): 3496
[ACTUALIZAR PAGOS · AUTO]   • Pagos RECHAZADOS (sin coincidencias): 14351
[ACTUALIZAR PAGOS · AUTO] ⚠️  Se eliminaron 14351 registros sin número de acta
[ACTUALIZAR PAGOS · AUTO]      (recordá: esto incluye tanto pagos ya actualizados/pagados
[ACTUALIZAR PAGOS · AUTO]       como pagos que quedaron sin resolver por desbalance en el Paso 1)
[ACTUALIZAR PAGOS · AUTO] ================================================================================
[ACTUALIZAR PAGOS · AUTO] PASO 2-bis: CONFIRMANDO VIGENCIA DE PAGOS (sistema NUEVO contra MULTAS_JUZGADO_CRUCE, sistema VIEJO contra SIGEMI)
[ACTUALIZAR PAGOS · AUTO] ================================================================================
[ACTUALIZAR PAGOS · AUTO]   ⚠ 3491 pago(s) descartados: su acta ya no figura como vencida en MULTAS_JUZGADO_CRUCE (SEMyT ya los actualizó).
[ACTUALIZAR PAGOS · AUTO]   ⚠ 2 pago(s) descartados: su acta ya no figura como vencida en el Excel de SIGEMI (SEMyT ya los actualizó).
[ACTUALIZAR PAGOS · AUTO]   • Pagos descartados en total por ya estar actualizados/pagados: 3493
[ACTUALIZAR PAGOS · AUTO] ⏱ PASO 2 (filtrar): 0.3s
[ACTUALIZAR PAGOS · AUTO] 📂 Cargando maestro de causas SIGEMI...
[ACTUALIZAR PAGOS · AUTO]   ✓ Causas totales (maestro): 134069 registros
[ACTUALIZAR PAGOS · AUTO] ⏱ PASO 2.5 (causas simplificado): 0.0s
[ACTUALIZAR PAGOS · AUTO] ================================================================================
[ACTUALIZAR PAGOS · AUTO] PASO 2.5: ARMANDO causas.txt SIMPLIFICADO (cruce contra total_causas_sigemi.txt)
[ACTUALIZAR PAGOS · AUTO] ================================================================================
[ACTUALIZAR PAGOS · AUTO]   • Actas vencidas viejas (multas): 103211
[ACTUALIZAR PAGOS · AUTO]   • Causas totales en el maestro SIGEMI: 134069
[ACTUALIZAR PAGOS · AUTO]   • Causas que coinciden (simplificado): 102884
[ACTUALIZAR PAGOS · AUTO]   ✅ Archivo escrito: backend/descargas/causas/causas.txt
[ACTUALIZAR PAGOS · AUTO] ⏱ PASO 2.5 (causas simplificado): 0.4s
[ACTUALIZAR PAGOS · AUTO] ================================================================================
[ACTUALIZAR PAGOS · AUTO] PASO 3: LLENANDO CAUSA_NUMERO (según fecha de cambio de sistema, cruzando por acta + año)
[ACTUALIZAR PAGOS · AUTO] ================================================================================
[ACTUALIZAR PAGOS · AUTO] 📊 ESTADÍSTICAS DE LLENADO DE CAUSAS:
[ACTUALIZAR PAGOS · AUTO]   • Pagos con causa ORIGINAL: 2
[ACTUALIZAR PAGOS · AUTO]   • Causas encontradas en SIGEMI (actas viejas): 1
[ACTUALIZAR PAGOS · AUTO]   • Causas NO encontradas en SIGEMI: 0
[ACTUALIZAR PAGOS · AUTO]   • Causas asignadas automáticamente (actas nuevas): 0
[ACTUALIZAR PAGOS · AUTO] ⏱ PASO 3 (llenar causas): 0.0s
[ACTUALIZAR PAGOS · AUTO] ================================================================================
[ACTUALIZAR PAGOS · AUTO] PASO 4: ORDENANDO POR FECHA Y ACTA_NUMERO
[ACTUALIZAR PAGOS · AUTO] ================================================================================
[ACTUALIZAR PAGOS · AUTO] ✓ Pagos ordenados correctamente
[ACTUALIZAR PAGOS · AUTO]   • Primera entrada: Acta=20712, Fecha=01/08/2024
[ACTUALIZAR PAGOS · AUTO]   • Última entrada: Acta=296773, Fecha=17/04/2026
[ACTUALIZAR PAGOS · AUTO] 📝 Escribiendo archivo de salida...
[ACTUALIZAR PAGOS · AUTO]   ✅ Archivo escrito: backend/descargas/pagos/2026-07-27/PAGOS 20260727 132104.txt
[ACTUALIZAR PAGOS · AUTO]   ✅ Total registros: 475
[ACTUALIZAR PAGOS · AUTO] ⏱ PASO 4 (ordenar y escribir): 0.0s
[ACTUALIZAR PAGOS · AUTO] ================================================================================
[ACTUALIZAR PAGOS · AUTO] ✅ PROCESO COMPLETADO EXITOSAMENTE
[ACTUALIZAR PAGOS · AUTO] ================================================================================
[ACTUALIZAR PAGOS · AUTO] 📊 RESUMEN FINAL DEL PROCESAMIENTO:
[ACTUALIZAR PAGOS · AUTO]   ENTRADA:
[ACTUALIZAR PAGOS · AUTO]     • Pagos originales: 17847
[ACTUALIZAR PAGOS · AUTO]     • Multas SIGEMI cargadas: 103211
[ACTUALIZAR PAGOS · AUTO]     • Multas Juzgado cargadas: 40386
[ACTUALIZAR PAGOS · AUTO]     • Causas simplificadas (usadas para el cruce): 102884
[ACTUALIZAR PAGOS · AUTO]   PROCESO:
[ACTUALIZAR PAGOS · AUTO]     • Pagos rechazados sigemi: 14351
[ACTUALIZAR PAGOS · AUTO]     • Pagos rechazados juzgado: 3493
[ACTUALIZAR PAGOS · AUTO]   SALIDA:
[ACTUALIZAR PAGOS · AUTO]     • Pagos desactualizados procesados: 3
[ACTUALIZAR PAGOS · AUTO]     • Archivo final: backend/descargas/pagos/2026-07-27/PAGOS 20260727 132104.txt
[ACTUALIZAR PAGOS · AUTO]     • Ordenados por fecha: SÍ ✓
[ACTUALIZAR PAGOS · AUTO]     • Todos con ACTA_NUMERO: SÍ ✓
[ACTUALIZAR PAGOS · AUTO]     • Todos con CAUSA_NUMERO: SÍ ✓
[ACTUALIZAR PAGOS · AUTO] ✅ TXT de pagos (ya cruzado con actas y causas) generado en: backend/descargas/pagos/2026-07-27/PAGOS 20260727 132104.txt
[ACTUALIZAR PAGOS · AUTO] 🧹 TXT de pagos crudo eliminado (ya usado en el cruce): backend/descargas/pagos/2026-07-27/PAGOS DESCARGADOS.txt
[ACTUALIZAR PAGOS · AUTO] 🧹 Excel MULTAS_SIGEMI_CRUCE eliminado (ya usado en el cruce): backend/descargas/cache_actas_cruce/MULTAS_SIGEMI_CRUCE.xlsx
[ACTUALIZAR PAGOS · AUTO] 🧹 Excel MULTAS_JUZGADO_CRUCE eliminado (ya usado en el cruce): backend/descargas/cache_actas_cruce/MULTAS_JUZGADO_CRUCE.xlsx
[ACTUALIZAR PAGOS · AUTO] ✅ CompararActasPaso finalizado. (⏱ 8.6s)
[ACTUALIZAR PAGOS · AUTO] ✓ [CompararActasPaso] Completado.
[ACTUALIZAR PAGOS · AUTO] ▶ [CargarPagosPaso] Iniciando...
[ACTUALIZAR PAGOS · AUTO] ==================================================
[ACTUALIZAR PAGOS · AUTO] 🚀 PASO: CargarPagosPaso
[ACTUALIZAR PAGOS · AUTO] ==================================================
[ACTUALIZAR PAGOS · AUTO] 📤 Subiendo TXT de pagos al SEMyT...
[ACTUALIZAR PAGOS · AUTO] ✅ Importación de pagos completada con éxito.
[ACTUALIZAR PAGOS · AUTO] ✅ Archivo TXT de pagos cargado en el SEMyT correctamente.
[ACTUALIZAR PAGOS · AUTO] ✅ CargarPagosPaso finalizado. (⏱ 2.0s)
[ACTUALIZAR PAGOS · AUTO] ✓ [CargarPagosPaso] Completado.
[ACTUALIZAR PAGOS · AUTO] === Ejecución finalizada con éxito ===
🤖 [Automático] Es hora de actualizar pagos. Arrancando...
[ACTUALIZAR PAGOS · AUTO] === Inicio de ejecución: pagos ===
[ACTUALIZAR PAGOS · AUTO] ▶ [LoginSemytPaso] Iniciando...
[ACTUALIZAR PAGOS · AUTO] ==================================================
[ACTUALIZAR PAGOS · AUTO] 🚀 PASO: LoginSemytPaso
[ACTUALIZAR PAGOS · AUTO] ==================================================
[ACTUALIZAR PAGOS · AUTO] Abriendo SEMyT...
⏳ [Automático] Tocaba disparar 'pagos' pero ya hay una ejecución en curso (Actualizar pagos); esperando a que termine; se reintenta en breve sin perder el turno.
[ACTUALIZAR PAGOS · AUTO] ✅ [SEMyT] Sesión existente detectada. Login omitido.
[ACTUALIZAR PAGOS · AUTO] ✅ LoginSemytPaso finalizado. (⏱ 39.7s)
[ACTUALIZAR PAGOS · AUTO] ✓ [LoginSemytPaso] Completado.
[ACTUALIZAR PAGOS · AUTO] ▶ [LoginJuzgadoPaso] Iniciando...
[ACTUALIZAR PAGOS · AUTO] ==================================================
[ACTUALIZAR PAGOS · AUTO] 🚀 PASO: LoginJuzgadoPaso
[ACTUALIZAR PAGOS · AUTO] ==================================================
[ACTUALIZAR PAGOS · AUTO] Abriendo sitio municipalidad (CiDi)...
[ACTUALIZAR PAGOS · AUTO] ✅ [Juzgado] Sesión existente detectada. Login omitido.
[ACTUALIZAR PAGOS · AUTO] ✅ LoginJuzgadoPaso finalizado. (⏱ 0.5s)
[ACTUALIZAR PAGOS · AUTO] ✓ [LoginJuzgadoPaso] Completado.
[ACTUALIZAR PAGOS · AUTO] ▶ [DescargasParalelasPaso] Iniciando...
[ACTUALIZAR PAGOS · AUTO] ==================================================
[ACTUALIZAR PAGOS · AUTO] 🚀 PASO: DescargasParalelasPaso
[ACTUALIZAR PAGOS · AUTO] ==================================================
[ACTUALIZAR PAGOS · AUTO] 📤 Arrancando las 3 descargas en paralelo (mismo browser, páginas separadas)...
[ACTUALIZAR PAGOS · AUTO] Fecha Desde: 27/06/2024
[ACTUALIZAR PAGOS · AUTO] Fecha Hasta: 24/11/2025
[ACTUALIZAR PAGOS · AUTO] Fecha Desde: 25/11/2025
[ACTUALIZAR PAGOS · AUTO] Fecha Hasta: 27/07/2026
[ACTUALIZAR PAGOS · AUTO] Descargando Excel...
[ACTUALIZAR PAGOS · AUTO] Descargando Excel...
[ACTUALIZAR PAGOS · AUTO] Archivo descargado en: backend/descargas/cache_actas_cruce/MULTAS_JUZGADO_CRUCE.xlsx
[ACTUALIZAR PAGOS · AUTO] ⏱ [actas_juzgado] completado en 18.8s
[ACTUALIZAR PAGOS · AUTO] ✅ TXT de pagos descargado en: backend/descargas/pagos/2026-07-27/PAGOS DESCARGADOS.txt
[ACTUALIZAR PAGOS · AUTO] ⏱ [pagos_txt] completado en 26.6s
[ACTUALIZAR PAGOS · AUTO] Archivo descargado en: backend/descargas/cache_actas_cruce/MULTAS_SIGEMI_CRUCE.xlsx
[ACTUALIZAR PAGOS · AUTO] ⏱ [actas_sigemi] completado en 49.4s
[ACTUALIZAR PAGOS · AUTO] ⏱ TOTAL descargas en paralelo: 49.4s
[ACTUALIZAR PAGOS · AUTO] ✅ DescargasParalelasPaso finalizado. (⏱ 49.6s)
[ACTUALIZAR PAGOS · AUTO] ✓ [DescargasParalelasPaso] Completado.
[ACTUALIZAR PAGOS · AUTO] ▶ [CompararActasPaso] Iniciando...
[ACTUALIZAR PAGOS · AUTO] ==================================================
[ACTUALIZAR PAGOS · AUTO] 🚀 PASO: CompararActasPaso
[ACTUALIZAR PAGOS · AUTO] ==================================================
[ACTUALIZAR PAGOS · AUTO] 🔍 Comparando actas del SEMyT contra pagos del Juzgado...
[ACTUALIZAR PAGOS · AUTO] ================================================================================
[ACTUALIZAR PAGOS · AUTO] INICIANDO PROCESO DE GENERACIÓN DE PAGOS DESACTUALIZADOS
[ACTUALIZAR PAGOS · AUTO] ================================================================================
[ACTUALIZAR PAGOS · AUTO] 📂 Cargando archivos...
[ACTUALIZAR PAGOS · AUTO]   ✓ Pagos: 17860 registros
[ACTUALIZAR PAGOS · AUTO]   ✓ Excel SIGEMI (multas vencidas viejas): 103210 registros
[ACTUALIZAR PAGOS · AUTO]   ✓ Excel Juzgado (multas vencidas nuevas): 40384 registros
[ACTUALIZAR PAGOS · AUTO] ================================================================================
[ACTUALIZAR PAGOS · AUTO] PASO 1: LLENANDO ACTA_NUMERO (búsqueda por patente + fecha, con desempate por hora)
[ACTUALIZAR PAGOS · AUTO] ================================================================================
[ACTUALIZAR PAGOS · AUTO] 📊 ESTADÍSTICAS DE LLENADO DE ACTAS:
[ACTUALIZAR PAGOS · AUTO]   • Pagos con acta ORIGINAL: 3501
[ACTUALIZAR PAGOS · AUTO]   • Pagos SIN acta (buscados): 14359
[ACTUALIZAR PAGOS · AUTO]   • Pagos LLENADOS exitosamente: 7
[ACTUALIZAR PAGOS · AUTO]   • Pagos NO encontrados en multas: 14352
[ACTUALIZAR PAGOS · AUTO]   • Pagos SIN RESOLVER por desbalance de cantidades: 0
[ACTUALIZAR PAGOS · AUTO] ================================================================================
[ACTUALIZAR PAGOS · AUTO] PASO 1: LLENANDO ACTA_NUMERO (búsqueda por patente + fecha, con desempate por hora)
[ACTUALIZAR PAGOS · AUTO] ================================================================================
[ACTUALIZAR PAGOS · AUTO] 📊 ESTADÍSTICAS DE LLENADO DE ACTAS:
[ACTUALIZAR PAGOS · AUTO]   • Pagos con acta ORIGINAL: 3508
[ACTUALIZAR PAGOS · AUTO]   • Pagos SIN acta (buscados): 14352
[ACTUALIZAR PAGOS · AUTO]   • Pagos LLENADOS exitosamente: 0
[ACTUALIZAR PAGOS · AUTO]   • Pagos NO encontrados en multas: 14352
[ACTUALIZAR PAGOS · AUTO]   • Pagos SIN RESOLVER por desbalance de cantidades: 0
[ACTUALIZAR PAGOS · AUTO] ⏱ PASO 1 (llenar actas): 3.3s
[ACTUALIZAR PAGOS · AUTO] ================================================================================
[ACTUALIZAR PAGOS · AUTO] PASO 2: FILTRANDO PAGOS CON ACTA_NUMERO COMPLETO
[ACTUALIZAR PAGOS · AUTO] ================================================================================
[ACTUALIZAR PAGOS · AUTO] 📊 ESTADÍSTICAS DE FILTRADO:
[ACTUALIZAR PAGOS · AUTO]   • Pagos TOTALES al inicio: 17860
[ACTUALIZAR PAGOS · AUTO]   • Pagos CON acta (MANTIENEN): 3508
[ACTUALIZAR PAGOS · AUTO]   • Pagos RECHAZADOS (sin coincidencias): 14352
[ACTUALIZAR PAGOS · AUTO] ⚠️  Se eliminaron 14352 registros sin número de acta
[ACTUALIZAR PAGOS · AUTO]      (recordá: esto incluye tanto pagos ya actualizados/pagados
[ACTUALIZAR PAGOS · AUTO]       como pagos que quedaron sin resolver por desbalance en el Paso 1)
[ACTUALIZAR PAGOS · AUTO] ================================================================================
[ACTUALIZAR PAGOS · AUTO] PASO 2-bis: CONFIRMANDO VIGENCIA DE PAGOS (sistema NUEVO contra MULTAS_JUZGADO_CRUCE, sistema VIEJO contra SIGEMI)
[ACTUALIZAR PAGOS · AUTO] ================================================================================
[ACTUALIZAR PAGOS · AUTO]   ⚠ 3493 pago(s) descartados: su acta ya no figura como vencida en MULTAS_JUZGADO_CRUCE (SEMyT ya los actualizó).
[ACTUALIZAR PAGOS · AUTO]   ⚠ 2 pago(s) descartados: su acta ya no figura como vencida en el Excel de SIGEMI (SEMyT ya los actualizó).
[ACTUALIZAR PAGOS · AUTO]   • Pagos descartados en total por ya estar actualizados/pagados: 3495
[ACTUALIZAR PAGOS · AUTO] ⏱ PASO 2 (filtrar): 0.3s
[ACTUALIZAR PAGOS · AUTO] 📂 Cargando maestro de causas SIGEMI...
[ACTUALIZAR PAGOS · AUTO]   ✓ Causas totales (maestro): 134069 registros
[ACTUALIZAR PAGOS · AUTO] ⏱ PASO 2.5 (causas simplificado): 0.0s
[ACTUALIZAR PAGOS · AUTO] ================================================================================
[ACTUALIZAR PAGOS · AUTO] PASO 2.5: ARMANDO causas.txt SIMPLIFICADO (cruce contra total_causas_sigemi.txt)
[ACTUALIZAR PAGOS · AUTO] ================================================================================
[ACTUALIZAR PAGOS · AUTO]   • Actas vencidas viejas (multas): 103210
[ACTUALIZAR PAGOS · AUTO]   • Causas totales en el maestro SIGEMI: 134069
[ACTUALIZAR PAGOS · AUTO]   • Causas que coinciden (simplificado): 102883
[ACTUALIZAR PAGOS · AUTO]   ✅ Archivo escrito: backend/descargas/causas/causas.txt
[ACTUALIZAR PAGOS · AUTO] ⏱ PASO 2.5 (causas simplificado): 0.4s
[ACTUALIZAR PAGOS · AUTO] ================================================================================
[ACTUALIZAR PAGOS · AUTO] PASO 3: LLENANDO CAUSA_NUMERO (según fecha de cambio de sistema, cruzando por acta + año)
[ACTUALIZAR PAGOS · AUTO] ================================================================================
[ACTUALIZAR PAGOS · AUTO] 📊 ESTADÍSTICAS DE LLENADO DE CAUSAS:
[ACTUALIZAR PAGOS · AUTO]   • Pagos con causa ORIGINAL: 6
[ACTUALIZAR PAGOS · AUTO]   • Causas encontradas en SIGEMI (actas viejas): 7
[ACTUALIZAR PAGOS · AUTO]   • Causas NO encontradas en SIGEMI: 0
[ACTUALIZAR PAGOS · AUTO]   • Causas asignadas automáticamente (actas nuevas): 0
[ACTUALIZAR PAGOS · AUTO] ⏱ PASO 3 (llenar causas): 0.0s
[ACTUALIZAR PAGOS · AUTO] ================================================================================
[ACTUALIZAR PAGOS · AUTO] PASO 4: ORDENANDO POR FECHA Y ACTA_NUMERO
[ACTUALIZAR PAGOS · AUTO] ================================================================================
[ACTUALIZAR PAGOS · AUTO] ✓ Pagos ordenados correctamente
[ACTUALIZAR PAGOS · AUTO]   • Primera entrada: Acta=15996, Fecha=25/07/2024
[ACTUALIZAR PAGOS · AUTO]   • Última entrada: Acta=313865, Fecha=14/05/2026
[ACTUALIZAR PAGOS · AUTO] 📝 Escribiendo archivo de salida...
[ACTUALIZAR PAGOS · AUTO]   ✅ Archivo escrito: backend/descargas/pagos/2026-07-27/PAGOS 20260727 135458.txt
[ACTUALIZAR PAGOS · AUTO]   ✅ Total registros: 1518
[ACTUALIZAR PAGOS · AUTO] ⏱ PASO 4 (ordenar y escribir): 0.0s
[ACTUALIZAR PAGOS · AUTO] ================================================================================
[ACTUALIZAR PAGOS · AUTO] ✅ PROCESO COMPLETADO EXITOSAMENTE
[ACTUALIZAR PAGOS · AUTO] ================================================================================
[ACTUALIZAR PAGOS · AUTO] 📊 RESUMEN FINAL DEL PROCESAMIENTO:
[ACTUALIZAR PAGOS · AUTO]   ENTRADA:
[ACTUALIZAR PAGOS · AUTO]     • Pagos originales: 17860
[ACTUALIZAR PAGOS · AUTO]     • Multas SIGEMI cargadas: 103210
[ACTUALIZAR PAGOS · AUTO]     • Multas Juzgado cargadas: 40384
[ACTUALIZAR PAGOS · AUTO]     • Causas simplificadas (usadas para el cruce): 102883
[ACTUALIZAR PAGOS · AUTO]   PROCESO:
[ACTUALIZAR PAGOS · AUTO]     • Pagos rechazados sigemi: 14352
[ACTUALIZAR PAGOS · AUTO]     • Pagos rechazados juzgado: 3495
[ACTUALIZAR PAGOS · AUTO]   SALIDA:
[ACTUALIZAR PAGOS · AUTO]     • Pagos desactualizados procesados: 13
[ACTUALIZAR PAGOS · AUTO]     • Archivo final: backend/descargas/pagos/2026-07-27/PAGOS 20260727 135458.txt
[ACTUALIZAR PAGOS · AUTO]     • Ordenados por fecha: SÍ ✓
[ACTUALIZAR PAGOS · AUTO]     • Todos con ACTA_NUMERO: SÍ ✓
[ACTUALIZAR PAGOS · AUTO]     • Todos con CAUSA_NUMERO: SÍ ✓
[ACTUALIZAR PAGOS · AUTO] ✅ TXT de pagos (ya cruzado con actas y causas) generado en: backend/descargas/pagos/2026-07-27/PAGOS 20260727 135458.txt
[ACTUALIZAR PAGOS · AUTO] 🧹 TXT de pagos crudo eliminado (ya usado en el cruce): backend/descargas/pagos/2026-07-27/PAGOS DESCARGADOS.txt
[ACTUALIZAR PAGOS · AUTO] 🧹 Excel MULTAS_SIGEMI_CRUCE eliminado (ya usado en el cruce): backend/descargas/cache_actas_cruce/MULTAS_SIGEMI_CRUCE.xlsx
[ACTUALIZAR PAGOS · AUTO] 🧹 Excel MULTAS_JUZGADO_CRUCE eliminado (ya usado en el cruce): backend/descargas/cache_actas_cruce/MULTAS_JUZGADO_CRUCE.xlsx
[ACTUALIZAR PAGOS · AUTO] ✅ CompararActasPaso finalizado. (⏱ 8.5s)
[ACTUALIZAR PAGOS · AUTO] ✓ [CompararActasPaso] Completado.
[ACTUALIZAR PAGOS · AUTO] ▶ [CargarPagosPaso] Iniciando...
[ACTUALIZAR PAGOS · AUTO] ==================================================
[ACTUALIZAR PAGOS · AUTO] 🚀 PASO: CargarPagosPaso
[ACTUALIZAR PAGOS · AUTO] ==================================================
[ACTUALIZAR PAGOS · AUTO] 📤 Subiendo TXT de pagos al SEMyT...
[ACTUALIZAR PAGOS · AUTO] ✅ Importación de pagos completada con éxito.
[ACTUALIZAR PAGOS · AUTO] ✅ Archivo TXT de pagos cargado en el SEMyT correctamente.
[ACTUALIZAR PAGOS · AUTO] ✅ CargarPagosPaso finalizado. (⏱ 2.0s)
[ACTUALIZAR PAGOS · AUTO] ✓ [CargarPagosPaso] Completado.
[ACTUALIZAR PAGOS · AUTO] === Ejecución finalizada con éxito ===
🤖 [Automático] Es hora de actualizar pagos. Arrancando...
[ACTUALIZAR PAGOS · AUTO] === Inicio de ejecución: pagos ===
[ACTUALIZAR PAGOS · AUTO] ▶ [LoginSemytPaso] Iniciando...
[ACTUALIZAR PAGOS · AUTO] ==================================================
[ACTUALIZAR PAGOS · AUTO] 🚀 PASO: LoginSemytPaso
[ACTUALIZAR PAGOS · AUTO] ==================================================
[ACTUALIZAR PAGOS · AUTO] Abriendo SEMyT...
[ACTUALIZAR PAGOS · AUTO] ❌ Error en el paso [LoginSemytPaso]: Error: Page.goto: net::ERR_INTERNET_DISCONNECTED at https://ciudad.villamaria.gob.ar/#/inicio
[ACTUALIZAR PAGOS · AUTO] Call log:
[ACTUALIZAR PAGOS · AUTO]   - navigating to "https://ciudad.villamaria.gob.ar/#/inicio", waiting until "domcontentloaded"
[ACTUALIZAR PAGOS · AUTO] ❌ === ERROR: Error: Page.goto: net::ERR_INTERNET_DISCONNECTED at https://ciudad.villamaria.gob.ar/#/inicio
[ACTUALIZAR PAGOS · AUTO] Call log:
[ACTUALIZAR PAGOS · AUTO]   - navigating to "https://ciudad.villamaria.gob.ar/#/inicio", waiting until "domcontentloaded"
[ACTUALIZAR PAGOS · AUTO]  ===
[ACTUALIZAR PAGOS · AUTO] Traceback (most recent call last):
[ACTUALIZAR PAGOS · AUTO]   File "/Users/nicolascesolari/Proyectos/proyectoJuzgado/backend/orquestador/trabajador.py", line 87, in ejecutar_worker
[ACTUALIZAR PAGOS · AUTO]     contexto_resultado = asyncio.run(
[ACTUALIZAR PAGOS · AUTO]         _correr_tipo(tipo, origen, fecha_desde_multas_manual, archivo_creado)
[ACTUALIZAR PAGOS · AUTO]     )
[ACTUALIZAR PAGOS · AUTO]   File "/Library/Frameworks/Python.framework/Versions/3.14/lib/python3.14/asyncio/runners.py", line 205, in run
[ACTUALIZAR PAGOS · AUTO]     return runner.run(main)
[ACTUALIZAR PAGOS · AUTO]            ~~~~~~~~~~^^^^^^
[ACTUALIZAR PAGOS · AUTO]   File "/Library/Frameworks/Python.framework/Versions/3.14/lib/python3.14/asyncio/runners.py", line 128, in run
[ACTUALIZAR PAGOS · AUTO]     return self._loop.run_until_complete(task)
[ACTUALIZAR PAGOS · AUTO]            ~~~~~~~~~~~~~~~~~~~~~~~~~~~~~^^^^^^
[ACTUALIZAR PAGOS · AUTO]   File "/Library/Frameworks/Python.framework/Versions/3.14/lib/python3.14/asyncio/base_events.py", line 719, in run_until_complete
[ACTUALIZAR PAGOS · AUTO]     return future.result()
[ACTUALIZAR PAGOS · AUTO]            ~~~~~~~~~~~~~^^
[ACTUALIZAR PAGOS · AUTO]   File "/Users/nicolascesolari/Proyectos/proyectoJuzgado/backend/orquestador/trabajador.py", line 146, in _correr_tipo
[ACTUALIZAR PAGOS · AUTO]     return await PagosWorkflow(navegador).ejecutar(archivo_fn=archivo_creado,cerrar_navegador_al_final=False,)
[ACTUALIZAR PAGOS · AUTO]            ^^^^^^^^^^^^^^^^^^^^^^^^^^^^^^^^^^^^^^^^^^^^^^^^^^^^^^^^^^^^^^^^^^^^^^^^^^^^^^^^^^^^^^^^^^^^^^^^^^^
[ACTUALIZAR PAGOS · AUTO]   File "/Users/nicolascesolari/Proyectos/proyectoJuzgado/backend/workflows/workflow_base.py", line 35, in ejecutar
[ACTUALIZAR PAGOS · AUTO]     await paso.ejecutar(contexto)
[ACTUALIZAR PAGOS · AUTO]   File "/Users/nicolascesolari/Proyectos/proyectoJuzgado/backend/pasos/login_semyt_paso.py", line 29, in ejecutar
[ACTUALIZAR PAGOS · AUTO]     await login_page.abrir_semyt_con_sesion()
[ACTUALIZAR PAGOS · AUTO]   File "/Users/nicolascesolari/Proyectos/proyectoJuzgado/backend/pages/login_page.py", line 27, in abrir_semyt_con_sesion
[ACTUALIZAR PAGOS · AUTO]     await self.page.goto(self.url_inicio_semyt(), wait_until="domcontentloaded", timeout=60000)
[ACTUALIZAR PAGOS · AUTO]   File "/Library/Frameworks/Python.framework/Versions/3.14/lib/python3.14/site-packages/playwright/async_api/_generated.py", line 9611, in goto
[ACTUALIZAR PAGOS · AUTO]     await self._impl_obj.goto(
[ACTUALIZAR PAGOS · AUTO]     ...<4 lines>...
[ACTUALIZAR PAGOS · AUTO]     )
[ACTUALIZAR PAGOS · AUTO]   File "/Library/Frameworks/Python.framework/Versions/3.14/lib/python3.14/site-packages/playwright/_impl/_page.py", line 557, in goto
[ACTUALIZAR PAGOS · AUTO]     return await self._main_frame.goto(**locals_to_params(locals()))
[ACTUALIZAR PAGOS · AUTO]            ^^^^^^^^^^^^^^^^^^^^^^^^^^^^^^^^^^^^^^^^^^^^^^^^^^^^^^^^^
[ACTUALIZAR PAGOS · AUTO]   File "/Library/Frameworks/Python.framework/Versions/3.14/lib/python3.14/site-packages/playwright/_impl/_frame.py", line 156, in goto
[ACTUALIZAR PAGOS · AUTO]     await self._channel.send(
[ACTUALIZAR PAGOS · AUTO]         "goto", self._navigation_timeout, locals_to_params(locals())
[ACTUALIZAR PAGOS · AUTO]     )
[ACTUALIZAR PAGOS · AUTO]   File "/Library/Frameworks/Python.framework/Versions/3.14/lib/python3.14/site-packages/playwright/_impl/_connection.py", line 69, in send
[ACTUALIZAR PAGOS · AUTO]     return await self._connection.wrap_api_call(
[ACTUALIZAR PAGOS · AUTO]            ^^^^^^^^^^^^^^^^^^^^^^^^^^^^^^^^^^^^^
[ACTUALIZAR PAGOS · AUTO]     ...<3 lines>...
[ACTUALIZAR PAGOS · AUTO]     )
[ACTUALIZAR PAGOS · AUTO]     ^
[ACTUALIZAR PAGOS · AUTO]   File "/Library/Frameworks/Python.framework/Versions/3.14/lib/python3.14/site-packages/playwright/_impl/_connection.py", line 559, in wrap_api_call
[ACTUALIZAR PAGOS · AUTO]     raise rewrite_error(error, f"{parsed_st['apiName']}: {error}") from None
[ACTUALIZAR PAGOS · AUTO] playwright._impl._errors.Error: Page.goto: net::ERR_INTERNET_DISCONNECTED at https://ciudad.villamaria.gob.ar/#/inicio
[ACTUALIZAR PAGOS · AUTO] Call log:
[ACTUALIZAR PAGOS · AUTO]   - navigating to "https://ciudad.villamaria.gob.ar/#/inicio", waiting until "domcontentloaded"
ℹ El log detallado de esta corrida no se conservó en disco (no se llegó a subir ningún archivo).
❌ [Automático] 'pagos' falló (intento 1 de 4). Se reintenta a las 14:15.
🤖 [Automático] Es hora de actualizar pagos (reintento 1 de 3). Arrancando...
[ACTUALIZAR PAGOS · AUTO] === Inicio de ejecución: pagos ===
[ACTUALIZAR PAGOS · AUTO] ▶ [LoginSemytPaso] Iniciando...
[ACTUALIZAR PAGOS · AUTO] ==================================================
[ACTUALIZAR PAGOS · AUTO] 🚀 PASO: LoginSemytPaso
[ACTUALIZAR PAGOS · AUTO] ==================================================
[ACTUALIZAR PAGOS · AUTO] Abriendo SEMyT...
[ACTUALIZAR PAGOS · AUTO] ✅ [SEMyT] Sesión existente detectada. Login omitido.
[ACTUALIZAR PAGOS · AUTO] ✅ LoginSemytPaso finalizado. (⏱ 2.4s)
[ACTUALIZAR PAGOS · AUTO] ✓ [LoginSemytPaso] Completado.
[ACTUALIZAR PAGOS · AUTO] ▶ [LoginJuzgadoPaso] Iniciando...
[ACTUALIZAR PAGOS · AUTO] ==================================================
[ACTUALIZAR PAGOS · AUTO] 🚀 PASO: LoginJuzgadoPaso
[ACTUALIZAR PAGOS · AUTO] ==================================================
[ACTUALIZAR PAGOS · AUTO] Abriendo sitio municipalidad (CiDi)...
[ACTUALIZAR PAGOS · AUTO] ✅ [Juzgado] Sesión existente detectada. Login omitido.
[ACTUALIZAR PAGOS · AUTO] ✅ LoginJuzgadoPaso finalizado. (⏱ 0.5s)
[ACTUALIZAR PAGOS · AUTO] ✓ [LoginJuzgadoPaso] Completado.
[ACTUALIZAR PAGOS · AUTO] ▶ [DescargasParalelasPaso] Iniciando...
[ACTUALIZAR PAGOS · AUTO] ==================================================
[ACTUALIZAR PAGOS · AUTO] 🚀 PASO: DescargasParalelasPaso
[ACTUALIZAR PAGOS · AUTO] ==================================================
[ACTUALIZAR PAGOS · AUTO] 📤 Arrancando las 3 descargas en paralelo (mismo browser, páginas separadas)...
[ACTUALIZAR PAGOS · AUTO] Fecha Desde: 27/06/2024
[ACTUALIZAR PAGOS · AUTO] Fecha Hasta: 24/11/2025
[ACTUALIZAR PAGOS · AUTO] Fecha Desde: 25/11/2025
[ACTUALIZAR PAGOS · AUTO] Fecha Hasta: 27/07/2026
[ACTUALIZAR PAGOS · AUTO] Descargando Excel...
[ACTUALIZAR PAGOS · AUTO] Descargando Excel...
[ACTUALIZAR PAGOS · AUTO] Archivo descargado en: backend/descargas/cache_actas_cruce/MULTAS_JUZGADO_CRUCE.xlsx
[ACTUALIZAR PAGOS · AUTO] ⏱ [actas_juzgado] completado en 10.6s
⏳ [Automático] Tocaba disparar 'pagos' pero ya hay una ejecución en curso (Actualizar pagos); esperando a que termine; se reintenta en breve sin perder el turno.
[ACTUALIZAR PAGOS · AUTO] ✅ TXT de pagos descargado en: backend/descargas/pagos/2026-07-27/PAGOS DESCARGADOS.txt
[ACTUALIZAR PAGOS · AUTO] ⏱ [pagos_txt] completado en 77.8s
[ACTUALIZAR PAGOS · AUTO] Archivo descargado en: backend/descargas/cache_actas_cruce/MULTAS_SIGEMI_CRUCE.xlsx
[ACTUALIZAR PAGOS · AUTO] ⏱ [actas_sigemi] completado en 86.0s
[ACTUALIZAR PAGOS · AUTO] ⏱ TOTAL descargas en paralelo: 86.0s
[ACTUALIZAR PAGOS · AUTO] ✅ DescargasParalelasPaso finalizado. (⏱ 86.3s)
[ACTUALIZAR PAGOS · AUTO] ✓ [DescargasParalelasPaso] Completado.
[ACTUALIZAR PAGOS · AUTO] ▶ [CompararActasPaso] Iniciando...
[ACTUALIZAR PAGOS · AUTO] ==================================================
[ACTUALIZAR PAGOS · AUTO] 🚀 PASO: CompararActasPaso
[ACTUALIZAR PAGOS · AUTO] ==================================================
[ACTUALIZAR PAGOS · AUTO] 🔍 Comparando actas del SEMyT contra pagos del Juzgado...
[ACTUALIZAR PAGOS · AUTO] ================================================================================
[ACTUALIZAR PAGOS · AUTO] INICIANDO PROCESO DE GENERACIÓN DE PAGOS DESACTUALIZADOS
[ACTUALIZAR PAGOS · AUTO] ================================================================================
[ACTUALIZAR PAGOS · AUTO] 📂 Cargando archivos...
[ACTUALIZAR PAGOS · AUTO]   ✓ Pagos: 17870 registros
[ACTUALIZAR PAGOS · AUTO]   ✓ Excel SIGEMI (multas vencidas viejas): 103203 registros
[ACTUALIZAR PAGOS · AUTO]   ✓ Excel Juzgado (multas vencidas nuevas): 40378 registros
[ACTUALIZAR PAGOS · AUTO] ================================================================================
[ACTUALIZAR PAGOS · AUTO] PASO 1: LLENANDO ACTA_NUMERO (búsqueda por patente + fecha, con desempate por hora)
[ACTUALIZAR PAGOS · AUTO] ================================================================================
[ACTUALIZAR PAGOS · AUTO] 📊 ESTADÍSTICAS DE LLENADO DE ACTAS:
[ACTUALIZAR PAGOS · AUTO]   • Pagos con acta ORIGINAL: 3507
[ACTUALIZAR PAGOS · AUTO]   • Pagos SIN acta (buscados): 14363
[ACTUALIZAR PAGOS · AUTO]   • Pagos LLENADOS exitosamente: 4
[ACTUALIZAR PAGOS · AUTO]   • Pagos NO encontrados en multas: 14359
[ACTUALIZAR PAGOS · AUTO]   • Pagos SIN RESOLVER por desbalance de cantidades: 0
[ACTUALIZAR PAGOS · AUTO] ================================================================================
[ACTUALIZAR PAGOS · AUTO] PASO 1: LLENANDO ACTA_NUMERO (búsqueda por patente + fecha, con desempate por hora)
[ACTUALIZAR PAGOS · AUTO] ================================================================================
[ACTUALIZAR PAGOS · AUTO] 📊 ESTADÍSTICAS DE LLENADO DE ACTAS:
[ACTUALIZAR PAGOS · AUTO]   • Pagos con acta ORIGINAL: 3511
[ACTUALIZAR PAGOS · AUTO]   • Pagos SIN acta (buscados): 14359
[ACTUALIZAR PAGOS · AUTO]   • Pagos LLENADOS exitosamente: 0
[ACTUALIZAR PAGOS · AUTO]   • Pagos NO encontrados en multas: 14359
[ACTUALIZAR PAGOS · AUTO]   • Pagos SIN RESOLVER por desbalance de cantidades: 0
[ACTUALIZAR PAGOS · AUTO] ⏱ PASO 1 (llenar actas): 3.3s
[ACTUALIZAR PAGOS · AUTO] ================================================================================
[ACTUALIZAR PAGOS · AUTO] PASO 2: FILTRANDO PAGOS CON ACTA_NUMERO COMPLETO
[ACTUALIZAR PAGOS · AUTO] ================================================================================
[ACTUALIZAR PAGOS · AUTO] 📊 ESTADÍSTICAS DE FILTRADO:
[ACTUALIZAR PAGOS · AUTO]   • Pagos TOTALES al inicio: 17870
[ACTUALIZAR PAGOS · AUTO]   • Pagos CON acta (MANTIENEN): 3511
[ACTUALIZAR PAGOS · AUTO]   • Pagos RECHAZADOS (sin coincidencias): 14359
[ACTUALIZAR PAGOS · AUTO] ⚠️  Se eliminaron 14359 registros sin número de acta
[ACTUALIZAR PAGOS · AUTO]      (recordá: esto incluye tanto pagos ya actualizados/pagados
[ACTUALIZAR PAGOS · AUTO]       como pagos que quedaron sin resolver por desbalance en el Paso 1)
[ACTUALIZAR PAGOS · AUTO] ================================================================================
[ACTUALIZAR PAGOS · AUTO] PASO 2-bis: CONFIRMANDO VIGENCIA DE PAGOS (sistema NUEVO contra MULTAS_JUZGADO_CRUCE, sistema VIEJO contra SIGEMI)
[ACTUALIZAR PAGOS · AUTO] ================================================================================
[ACTUALIZAR PAGOS · AUTO]   ⚠ 3499 pago(s) descartados: su acta ya no figura como vencida en MULTAS_JUZGADO_CRUCE (SEMyT ya los actualizó).
[ACTUALIZAR PAGOS · AUTO]   ⚠ 2 pago(s) descartados: su acta ya no figura como vencida en el Excel de SIGEMI (SEMyT ya los actualizó).
[ACTUALIZAR PAGOS · AUTO]   • Pagos descartados en total por ya estar actualizados/pagados: 3501
[ACTUALIZAR PAGOS · AUTO] ⏱ PASO 2 (filtrar): 0.3s
[ACTUALIZAR PAGOS · AUTO] 📂 Cargando maestro de causas SIGEMI...
[ACTUALIZAR PAGOS · AUTO]   ✓ Causas totales (maestro): 134069 registros
[ACTUALIZAR PAGOS · AUTO] ⏱ PASO 2.5 (causas simplificado): 0.0s
[ACTUALIZAR PAGOS · AUTO] ================================================================================
[ACTUALIZAR PAGOS · AUTO] PASO 2.5: ARMANDO causas.txt SIMPLIFICADO (cruce contra total_causas_sigemi.txt)
[ACTUALIZAR PAGOS · AUTO] ================================================================================
[ACTUALIZAR PAGOS · AUTO]   • Actas vencidas viejas (multas): 103203
[ACTUALIZAR PAGOS · AUTO]   • Causas totales en el maestro SIGEMI: 134069
[ACTUALIZAR PAGOS · AUTO]   • Causas que coinciden (simplificado): 102876
[ACTUALIZAR PAGOS · AUTO]   ✅ Archivo escrito: backend/descargas/causas/causas.txt
[ACTUALIZAR PAGOS · AUTO] ⏱ PASO 2.5 (causas simplificado): 0.4s
[ACTUALIZAR PAGOS · AUTO] ================================================================================
[ACTUALIZAR PAGOS · AUTO] PASO 3: LLENANDO CAUSA_NUMERO (según fecha de cambio de sistema, cruzando por acta + año)
[ACTUALIZAR PAGOS · AUTO] ================================================================================
[ACTUALIZAR PAGOS · AUTO] 📊 ESTADÍSTICAS DE LLENADO DE CAUSAS:
[ACTUALIZAR PAGOS · AUTO]   • Pagos con causa ORIGINAL: 6
[ACTUALIZAR PAGOS · AUTO]   • Causas encontradas en SIGEMI (actas viejas): 4
[ACTUALIZAR PAGOS · AUTO]   • Causas NO encontradas en SIGEMI: 0
[ACTUALIZAR PAGOS · AUTO]   • Causas asignadas automáticamente (actas nuevas): 0
[ACTUALIZAR PAGOS · AUTO] ⏱ PASO 3 (llenar causas): 0.0s
[ACTUALIZAR PAGOS · AUTO] ================================================================================
[ACTUALIZAR PAGOS · AUTO] PASO 4: ORDENANDO POR FECHA Y ACTA_NUMERO
[ACTUALIZAR PAGOS · AUTO] ================================================================================
[ACTUALIZAR PAGOS · AUTO] ✓ Pagos ordenados correctamente
[ACTUALIZAR PAGOS · AUTO]   • Primera entrada: Acta=18482, Fecha=29/07/2024
[ACTUALIZAR PAGOS · AUTO]   • Última entrada: Acta=319341, Fecha=22/05/2026
[ACTUALIZAR PAGOS · AUTO] 📝 Escribiendo archivo de salida...
[ACTUALIZAR PAGOS · AUTO]   ✅ Archivo escrito: backend/descargas/pagos/2026-07-27/PAGOS 20260727 142846.txt
[ACTUALIZAR PAGOS · AUTO]   ✅ Total registros: 1178
[ACTUALIZAR PAGOS · AUTO] ⏱ PASO 4 (ordenar y escribir): 0.0s
[ACTUALIZAR PAGOS · AUTO] ================================================================================
[ACTUALIZAR PAGOS · AUTO] ✅ PROCESO COMPLETADO EXITOSAMENTE
[ACTUALIZAR PAGOS · AUTO] ================================================================================
[ACTUALIZAR PAGOS · AUTO] 📊 RESUMEN FINAL DEL PROCESAMIENTO:
[ACTUALIZAR PAGOS · AUTO]   ENTRADA:
[ACTUALIZAR PAGOS · AUTO]     • Pagos originales: 17870
[ACTUALIZAR PAGOS · AUTO]     • Multas SIGEMI cargadas: 103203
[ACTUALIZAR PAGOS · AUTO]     • Multas Juzgado cargadas: 40378
[ACTUALIZAR PAGOS · AUTO]     • Causas simplificadas (usadas para el cruce): 102876
[ACTUALIZAR PAGOS · AUTO]   PROCESO:
[ACTUALIZAR PAGOS · AUTO]     • Pagos rechazados sigemi: 14359
[ACTUALIZAR PAGOS · AUTO]     • Pagos rechazados juzgado: 3501
[ACTUALIZAR PAGOS · AUTO]   SALIDA:
[ACTUALIZAR PAGOS · AUTO]     • Pagos desactualizados procesados: 10
[ACTUALIZAR PAGOS · AUTO]     • Archivo final: backend/descargas/pagos/2026-07-27/PAGOS 20260727 142846.txt
[ACTUALIZAR PAGOS · AUTO]     • Ordenados por fecha: SÍ ✓
[ACTUALIZAR PAGOS · AUTO]     • Todos con ACTA_NUMERO: SÍ ✓
[ACTUALIZAR PAGOS · AUTO]     • Todos con CAUSA_NUMERO: SÍ ✓
[ACTUALIZAR PAGOS · AUTO] ✅ TXT de pagos (ya cruzado con actas y causas) generado en: backend/descargas/pagos/2026-07-27/PAGOS 20260727 142846.txt
[ACTUALIZAR PAGOS · AUTO] 🧹 TXT de pagos crudo eliminado (ya usado en el cruce): backend/descargas/pagos/2026-07-27/PAGOS DESCARGADOS.txt
[ACTUALIZAR PAGOS · AUTO] 🧹 Excel MULTAS_SIGEMI_CRUCE eliminado (ya usado en el cruce): backend/descargas/cache_actas_cruce/MULTAS_SIGEMI_CRUCE.xlsx
[ACTUALIZAR PAGOS · AUTO] 🧹 Excel MULTAS_JUZGADO_CRUCE eliminado (ya usado en el cruce): backend/descargas/cache_actas_cruce/MULTAS_JUZGADO_CRUCE.xlsx
[ACTUALIZAR PAGOS · AUTO] ✅ CompararActasPaso finalizado. (⏱ 8.6s)
[ACTUALIZAR PAGOS · AUTO] ✓ [CompararActasPaso] Completado.
[ACTUALIZAR PAGOS · AUTO] ▶ [CargarPagosPaso] Iniciando...
[ACTUALIZAR PAGOS · AUTO] ==================================================
[ACTUALIZAR PAGOS · AUTO] 🚀 PASO: CargarPagosPaso
[ACTUALIZAR PAGOS · AUTO] ==================================================
[ACTUALIZAR PAGOS · AUTO] 📤 Subiendo TXT de pagos al SEMyT...
[ACTUALIZAR PAGOS · AUTO] ✅ Importación de pagos completada con éxito.
[ACTUALIZAR PAGOS · AUTO] ✅ Archivo TXT de pagos cargado en el SEMyT correctamente.
[ACTUALIZAR PAGOS · AUTO] ✅ CargarPagosPaso finalizado. (⏱ 1.5s)
[ACTUALIZAR PAGOS · AUTO] ✓ [CargarPagosPaso] Completado.
[ACTUALIZAR PAGOS · AUTO] === Ejecución finalizada con éxito ===
✅ [Automático] 'pagos' terminó bien en el reintento 1.
🤖 [Automático] Es hora de actualizar pagos. Arrancando...
[ACTUALIZAR PAGOS · AUTO] === Inicio de ejecución: pagos ===
[ACTUALIZAR PAGOS · AUTO] ▶ [LoginSemytPaso] Iniciando...
[ACTUALIZAR PAGOS · AUTO] ==================================================
[ACTUALIZAR PAGOS · AUTO] 🚀 PASO: LoginSemytPaso
[ACTUALIZAR PAGOS · AUTO] ==================================================
[ACTUALIZAR PAGOS · AUTO] Abriendo SEMyT...
[ACTUALIZAR PAGOS · AUTO] ✅ [SEMyT] Sesión existente detectada. Login omitido.
[ACTUALIZAR PAGOS · AUTO] ✅ LoginSemytPaso finalizado. (⏱ 2.5s)
[ACTUALIZAR PAGOS · AUTO] ✓ [LoginSemytPaso] Completado.
[ACTUALIZAR PAGOS · AUTO] ▶ [LoginJuzgadoPaso] Iniciando...
[ACTUALIZAR PAGOS · AUTO] ==================================================
[ACTUALIZAR PAGOS · AUTO] 🚀 PASO: LoginJuzgadoPaso
[ACTUALIZAR PAGOS · AUTO] ==================================================
[ACTUALIZAR PAGOS · AUTO] Abriendo sitio municipalidad (CiDi)...
[ACTUALIZAR PAGOS · AUTO] ✅ [Juzgado] Sesión existente detectada. Login omitido.
[ACTUALIZAR PAGOS · AUTO] ✅ LoginJuzgadoPaso finalizado. (⏱ 0.5s)
[ACTUALIZAR PAGOS · AUTO] ✓ [LoginJuzgadoPaso] Completado.
[ACTUALIZAR PAGOS · AUTO] ▶ [DescargasParalelasPaso] Iniciando...
[ACTUALIZAR PAGOS · AUTO] ==================================================
[ACTUALIZAR PAGOS · AUTO] 🚀 PASO: DescargasParalelasPaso
[ACTUALIZAR PAGOS · AUTO] ==================================================
[ACTUALIZAR PAGOS · AUTO] 📤 Arrancando las 3 descargas en paralelo (mismo browser, páginas separadas)...
[ACTUALIZAR PAGOS · AUTO] Fecha Desde: 27/06/2024
[ACTUALIZAR PAGOS · AUTO] Fecha Hasta: 24/11/2025
[ACTUALIZAR PAGOS · AUTO] Fecha Desde: 25/11/2025
[ACTUALIZAR PAGOS · AUTO] Fecha Hasta: 27/07/2026
[ACTUALIZAR PAGOS · AUTO] Descargando Excel...
[ACTUALIZAR PAGOS · AUTO] Descargando Excel...
[ACTUALIZAR PAGOS · AUTO] Archivo descargado en: backend/descargas/cache_actas_cruce/MULTAS_JUZGADO_CRUCE.xlsx
⏳ [Automático] Tocaba disparar 'pagos' pero ya hay una ejecución en curso (Actualizar pagos); esperando a que termine; se reintenta en breve sin perder el turno.
[ACTUALIZAR PAGOS · AUTO] ⏱ [actas_juzgado] completado en 11.3s
[ACTUALIZAR PAGOS · AUTO] Archivo descargado en: backend/descargas/cache_actas_cruce/MULTAS_SIGEMI_CRUCE.xlsx
[ACTUALIZAR PAGOS · AUTO] ⏱ [actas_sigemi] completado en 20.8s
[ACTUALIZAR PAGOS · AUTO] ✅ TXT de pagos descargado en: backend/descargas/pagos/2026-07-27/PAGOS DESCARGADOS.txt
[ACTUALIZAR PAGOS · AUTO] ⏱ [pagos_txt] completado en 22.6s
[ACTUALIZAR PAGOS · AUTO] ⏱ TOTAL descargas en paralelo: 22.6s
[ACTUALIZAR PAGOS · AUTO] ✅ DescargasParalelasPaso finalizado. (⏱ 22.9s)
[ACTUALIZAR PAGOS · AUTO] ✓ [DescargasParalelasPaso] Completado.
[ACTUALIZAR PAGOS · AUTO] ▶ [CompararActasPaso] Iniciando...
[ACTUALIZAR PAGOS · AUTO] ==================================================
[ACTUALIZAR PAGOS · AUTO] 🚀 PASO: CompararActasPaso
[ACTUALIZAR PAGOS · AUTO] ==================================================
[ACTUALIZAR PAGOS · AUTO] 🔍 Comparando actas del SEMyT contra pagos del Juzgado...
[ACTUALIZAR PAGOS · AUTO] ================================================================================
[ACTUALIZAR PAGOS · AUTO] INICIANDO PROCESO DE GENERACIÓN DE PAGOS DESACTUALIZADOS
[ACTUALIZAR PAGOS · AUTO] ================================================================================
[ACTUALIZAR PAGOS · AUTO] 📂 Cargando archivos...
[ACTUALIZAR PAGOS · AUTO]   ✓ Pagos: 17876 registros
[ACTUALIZAR PAGOS · AUTO]   ✓ Excel SIGEMI (multas vencidas viejas): 103199 registros
[ACTUALIZAR PAGOS · AUTO]   ✓ Excel Juzgado (multas vencidas nuevas): 40372 registros
[ACTUALIZAR PAGOS · AUTO] ================================================================================
[ACTUALIZAR PAGOS · AUTO] PASO 1: LLENANDO ACTA_NUMERO (búsqueda por patente + fecha, con desempate por hora)
[ACTUALIZAR PAGOS · AUTO] ================================================================================
[ACTUALIZAR PAGOS · AUTO] 📊 ESTADÍSTICAS DE LLENADO DE ACTAS:
[ACTUALIZAR PAGOS · AUTO]   • Pagos con acta ORIGINAL: 3509
[ACTUALIZAR PAGOS · AUTO]   • Pagos SIN acta (buscados): 14367
[ACTUALIZAR PAGOS · AUTO]   • Pagos LLENADOS exitosamente: 4
[ACTUALIZAR PAGOS · AUTO]   • Pagos NO encontrados en multas: 14363
[ACTUALIZAR PAGOS · AUTO]   • Pagos SIN RESOLVER por desbalance de cantidades: 0
[ACTUALIZAR PAGOS · AUTO] ================================================================================
[ACTUALIZAR PAGOS · AUTO] PASO 1: LLENANDO ACTA_NUMERO (búsqueda por patente + fecha, con desempate por hora)
[ACTUALIZAR PAGOS · AUTO] ================================================================================
[ACTUALIZAR PAGOS · AUTO] 📊 ESTADÍSTICAS DE LLENADO DE ACTAS:
[ACTUALIZAR PAGOS · AUTO]   • Pagos con acta ORIGINAL: 3513
[ACTUALIZAR PAGOS · AUTO]   • Pagos SIN acta (buscados): 14363
[ACTUALIZAR PAGOS · AUTO]   • Pagos LLENADOS exitosamente: 0
[ACTUALIZAR PAGOS · AUTO]   • Pagos NO encontrados en multas: 14363
[ACTUALIZAR PAGOS · AUTO]   • Pagos SIN RESOLVER por desbalance de cantidades: 0
[ACTUALIZAR PAGOS · AUTO] ⏱ PASO 1 (llenar actas): 3.4s
[ACTUALIZAR PAGOS · AUTO] ================================================================================
[ACTUALIZAR PAGOS · AUTO] PASO 2: FILTRANDO PAGOS CON ACTA_NUMERO COMPLETO
[ACTUALIZAR PAGOS · AUTO] ================================================================================
[ACTUALIZAR PAGOS · AUTO] 📊 ESTADÍSTICAS DE FILTRADO:
[ACTUALIZAR PAGOS · AUTO]   • Pagos TOTALES al inicio: 17876
[ACTUALIZAR PAGOS · AUTO]   • Pagos CON acta (MANTIENEN): 3513
[ACTUALIZAR PAGOS · AUTO]   • Pagos RECHAZADOS (sin coincidencias): 14363
[ACTUALIZAR PAGOS · AUTO] ⚠️  Se eliminaron 14363 registros sin número de acta
[ACTUALIZAR PAGOS · AUTO]      (recordá: esto incluye tanto pagos ya actualizados/pagados
[ACTUALIZAR PAGOS · AUTO]       como pagos que quedaron sin resolver por desbalance en el Paso 1)
[ACTUALIZAR PAGOS · AUTO] ================================================================================
[ACTUALIZAR PAGOS · AUTO] PASO 2-bis: CONFIRMANDO VIGENCIA DE PAGOS (sistema NUEVO contra MULTAS_JUZGADO_CRUCE, sistema VIEJO contra SIGEMI)
[ACTUALIZAR PAGOS · AUTO] ================================================================================
[ACTUALIZAR PAGOS · AUTO]   ⚠ 3505 pago(s) descartados: su acta ya no figura como vencida en MULTAS_JUZGADO_CRUCE (SEMyT ya los actualizó).
[ACTUALIZAR PAGOS · AUTO]   ⚠ 2 pago(s) descartados: su acta ya no figura como vencida en el Excel de SIGEMI (SEMyT ya los actualizó).
[ACTUALIZAR PAGOS · AUTO]   • Pagos descartados en total por ya estar actualizados/pagados: 3507
[ACTUALIZAR PAGOS · AUTO] ⏱ PASO 2 (filtrar): 0.3s
[ACTUALIZAR PAGOS · AUTO] 📂 Cargando maestro de causas SIGEMI...
[ACTUALIZAR PAGOS · AUTO]   ✓ Causas totales (maestro): 134069 registros
[ACTUALIZAR PAGOS · AUTO] ⏱ PASO 2.5 (causas simplificado): 0.0s
[ACTUALIZAR PAGOS · AUTO] ================================================================================
[ACTUALIZAR PAGOS · AUTO] PASO 2.5: ARMANDO causas.txt SIMPLIFICADO (cruce contra total_causas_sigemi.txt)
[ACTUALIZAR PAGOS · AUTO] ================================================================================
[ACTUALIZAR PAGOS · AUTO]   • Actas vencidas viejas (multas): 103199
[ACTUALIZAR PAGOS · AUTO]   • Causas totales en el maestro SIGEMI: 134069
[ACTUALIZAR PAGOS · AUTO]   • Causas que coinciden (simplificado): 102872
[ACTUALIZAR PAGOS · AUTO]   ✅ Archivo escrito: backend/descargas/causas/causas.txt
[ACTUALIZAR PAGOS · AUTO] ⏱ PASO 2.5 (causas simplificado): 0.4s
[ACTUALIZAR PAGOS · AUTO] ================================================================================
[ACTUALIZAR PAGOS · AUTO] PASO 3: LLENANDO CAUSA_NUMERO (según fecha de cambio de sistema, cruzando por acta + año)
[ACTUALIZAR PAGOS · AUTO] ================================================================================
[ACTUALIZAR PAGOS · AUTO] 📊 ESTADÍSTICAS DE LLENADO DE CAUSAS:
[ACTUALIZAR PAGOS · AUTO]   • Pagos con causa ORIGINAL: 2
[ACTUALIZAR PAGOS · AUTO]   • Causas encontradas en SIGEMI (actas viejas): 4
[ACTUALIZAR PAGOS · AUTO]   • Causas NO encontradas en SIGEMI: 0
[ACTUALIZAR PAGOS · AUTO]   • Causas asignadas automáticamente (actas nuevas): 0
[ACTUALIZAR PAGOS · AUTO] ⏱ PASO 3 (llenar causas): 0.0s
[ACTUALIZAR PAGOS · AUTO] ================================================================================
[ACTUALIZAR PAGOS · AUTO] PASO 4: ORDENANDO POR FECHA Y ACTA_NUMERO
[ACTUALIZAR PAGOS · AUTO] ================================================================================
[ACTUALIZAR PAGOS · AUTO] ✓ Pagos ordenados correctamente
[ACTUALIZAR PAGOS · AUTO]   • Primera entrada: Acta=59973, Fecha=15/10/2024
[ACTUALIZAR PAGOS · AUTO]   • Última entrada: Acta=287929, Fecha=31/03/2026
[ACTUALIZAR PAGOS · AUTO] 📝 Escribiendo archivo de salida...
[ACTUALIZAR PAGOS · AUTO]   ✅ Archivo escrito: backend/descargas/pagos/2026-07-27/PAGOS 20260727 143928.txt
[ACTUALIZAR PAGOS · AUTO]   ✅ Total registros: 778
[ACTUALIZAR PAGOS · AUTO] ⏱ PASO 4 (ordenar y escribir): 0.0s
[ACTUALIZAR PAGOS · AUTO] ================================================================================
[ACTUALIZAR PAGOS · AUTO] ✅ PROCESO COMPLETADO EXITOSAMENTE
[ACTUALIZAR PAGOS · AUTO] ================================================================================
[ACTUALIZAR PAGOS · AUTO] 📊 RESUMEN FINAL DEL PROCESAMIENTO:
[ACTUALIZAR PAGOS · AUTO]   ENTRADA:
[ACTUALIZAR PAGOS · AUTO]     • Pagos originales: 17876
[ACTUALIZAR PAGOS · AUTO]     • Multas SIGEMI cargadas: 103199
[ACTUALIZAR PAGOS · AUTO]     • Multas Juzgado cargadas: 40372
[ACTUALIZAR PAGOS · AUTO]     • Causas simplificadas (usadas para el cruce): 102872
[ACTUALIZAR PAGOS · AUTO]   PROCESO:
[ACTUALIZAR PAGOS · AUTO]     • Pagos rechazados sigemi: 14363
[ACTUALIZAR PAGOS · AUTO]     • Pagos rechazados juzgado: 3507
[ACTUALIZAR PAGOS · AUTO]   SALIDA:
[ACTUALIZAR PAGOS · AUTO]     • Pagos desactualizados procesados: 6
[ACTUALIZAR PAGOS · AUTO]     • Archivo final: backend/descargas/pagos/2026-07-27/PAGOS 20260727 143928.txt
[ACTUALIZAR PAGOS · AUTO]     • Ordenados por fecha: SÍ ✓
[ACTUALIZAR PAGOS · AUTO]     • Todos con ACTA_NUMERO: SÍ ✓
[ACTUALIZAR PAGOS · AUTO]     • Todos con CAUSA_NUMERO: SÍ ✓
[ACTUALIZAR PAGOS · AUTO] ✅ TXT de pagos (ya cruzado con actas y causas) generado en: backend/descargas/pagos/2026-07-27/PAGOS 20260727 143928.txt
[ACTUALIZAR PAGOS · AUTO] 🧹 TXT de pagos crudo eliminado (ya usado en el cruce): backend/descargas/pagos/2026-07-27/PAGOS DESCARGADOS.txt
[ACTUALIZAR PAGOS · AUTO] 🧹 Excel MULTAS_SIGEMI_CRUCE eliminado (ya usado en el cruce): backend/descargas/cache_actas_cruce/MULTAS_SIGEMI_CRUCE.xlsx
[ACTUALIZAR PAGOS · AUTO] 🧹 Excel MULTAS_JUZGADO_CRUCE eliminado (ya usado en el cruce): backend/descargas/cache_actas_cruce/MULTAS_JUZGADO_CRUCE.xlsx
[ACTUALIZAR PAGOS · AUTO] ✅ CompararActasPaso finalizado. (⏱ 8.8s)
[ACTUALIZAR PAGOS · AUTO] ✓ [CompararActasPaso] Completado.
[ACTUALIZAR PAGOS · AUTO] ▶ [CargarPagosPaso] Iniciando...
[ACTUALIZAR PAGOS · AUTO] ==================================================
[ACTUALIZAR PAGOS · AUTO] 🚀 PASO: CargarPagosPaso
[ACTUALIZAR PAGOS · AUTO] ==================================================
[ACTUALIZAR PAGOS · AUTO] 📤 Subiendo TXT de pagos al SEMyT...
[ACTUALIZAR PAGOS · AUTO] ✅ Importación de pagos completada con éxito.
[ACTUALIZAR PAGOS · AUTO] ✅ Archivo TXT de pagos cargado en el SEMyT correctamente.
[ACTUALIZAR PAGOS · AUTO] ✅ CargarPagosPaso finalizado. (⏱ 2.0s)
[ACTUALIZAR PAGOS · AUTO] ✓ [CargarPagosPaso] Completado.
[ACTUALIZAR PAGOS · AUTO] === Ejecución finalizada con éxito ===
🤖 [Automático] Es hora de actualizar pagos. Arrancando...
[ACTUALIZAR PAGOS · AUTO] === Inicio de ejecución: pagos ===
[ACTUALIZAR PAGOS · AUTO] ▶ [LoginSemytPaso] Iniciando...
[ACTUALIZAR PAGOS · AUTO] ==================================================
[ACTUALIZAR PAGOS · AUTO] 🚀 PASO: LoginSemytPaso
[ACTUALIZAR PAGOS · AUTO] ==================================================
[ACTUALIZAR PAGOS · AUTO] Abriendo SEMyT...
[ACTUALIZAR PAGOS · AUTO] ✅ [SEMyT] Sesión existente detectada. Login omitido.
[ACTUALIZAR PAGOS · AUTO] ✅ LoginSemytPaso finalizado. (⏱ 2.2s)
[ACTUALIZAR PAGOS · AUTO] ✓ [LoginSemytPaso] Completado.
[ACTUALIZAR PAGOS · AUTO] ▶ [LoginJuzgadoPaso] Iniciando...
[ACTUALIZAR PAGOS · AUTO] ==================================================
[ACTUALIZAR PAGOS · AUTO] 🚀 PASO: LoginJuzgadoPaso
[ACTUALIZAR PAGOS · AUTO] ==================================================
[ACTUALIZAR PAGOS · AUTO] Abriendo sitio municipalidad (CiDi)...
[ACTUALIZAR PAGOS · AUTO] ✅ [Juzgado] Sesión existente detectada. Login omitido.
[ACTUALIZAR PAGOS · AUTO] ✅ LoginJuzgadoPaso finalizado. (⏱ 0.5s)
[ACTUALIZAR PAGOS · AUTO] ✓ [LoginJuzgadoPaso] Completado.
[ACTUALIZAR PAGOS · AUTO] ▶ [DescargasParalelasPaso] Iniciando...
[ACTUALIZAR PAGOS · AUTO] ==================================================
[ACTUALIZAR PAGOS · AUTO] 🚀 PASO: DescargasParalelasPaso
[ACTUALIZAR PAGOS · AUTO] ==================================================
[ACTUALIZAR PAGOS · AUTO] 📤 Arrancando las 3 descargas en paralelo (mismo browser, páginas separadas)...
[ACTUALIZAR PAGOS · AUTO] Fecha Desde: 27/06/2024
[ACTUALIZAR PAGOS · AUTO] Fecha Hasta: 24/11/2025
[ACTUALIZAR PAGOS · AUTO] Fecha Desde: 25/11/2025
[ACTUALIZAR PAGOS · AUTO] Fecha Hasta: 27/07/2026
[ACTUALIZAR PAGOS · AUTO] Descargando Excel...
[ACTUALIZAR PAGOS · AUTO] Descargando Excel...
[ACTUALIZAR PAGOS · AUTO] Archivo descargado en: backend/descargas/cache_actas_cruce/MULTAS_JUZGADO_CRUCE.xlsx
[ACTUALIZAR PAGOS · AUTO] ⏱ [actas_juzgado] completado en 11.5s
⏳ [Automático] Tocaba disparar 'pagos' pero ya hay una ejecución en curso (Actualizar pagos); esperando a que termine; se reintenta en breve sin perder el turno.
[ACTUALIZAR PAGOS · AUTO] Archivo descargado en: backend/descargas/cache_actas_cruce/MULTAS_SIGEMI_CRUCE.xlsx
[ACTUALIZAR PAGOS · AUTO] ⏱ [actas_sigemi] completado en 23.3s
[ACTUALIZAR PAGOS · AUTO] ✅ TXT de pagos descargado en: backend/descargas/pagos/2026-07-27/PAGOS DESCARGADOS.txt
[ACTUALIZAR PAGOS · AUTO] ⏱ [pagos_txt] completado en 25.3s
[ACTUALIZAR PAGOS · AUTO] ⏱ TOTAL descargas en paralelo: 25.3s
[ACTUALIZAR PAGOS · AUTO] ✅ DescargasParalelasPaso finalizado. (⏱ 25.5s)
[ACTUALIZAR PAGOS · AUTO] ✓ [DescargasParalelasPaso] Completado.
[ACTUALIZAR PAGOS · AUTO] ▶ [CompararActasPaso] Iniciando...
[ACTUALIZAR PAGOS · AUTO] ==================================================
[ACTUALIZAR PAGOS · AUTO] 🚀 PASO: CompararActasPaso
[ACTUALIZAR PAGOS · AUTO] ==================================================
[ACTUALIZAR PAGOS · AUTO] 🔍 Comparando actas del SEMyT contra pagos del Juzgado...
[ACTUALIZAR PAGOS · AUTO] ================================================================================
[ACTUALIZAR PAGOS · AUTO] INICIANDO PROCESO DE GENERACIÓN DE PAGOS DESACTUALIZADOS
[ACTUALIZAR PAGOS · AUTO] ================================================================================
[ACTUALIZAR PAGOS · AUTO] 📂 Cargando archivos...
[ACTUALIZAR PAGOS · AUTO]   ✓ Pagos: 17878 registros
[ACTUALIZAR PAGOS · AUTO]   ✓ Excel SIGEMI (multas vencidas viejas): 103195 registros
[ACTUALIZAR PAGOS · AUTO]   ✓ Excel Juzgado (multas vencidas nuevas): 40370 registros
[ACTUALIZAR PAGOS · AUTO] ================================================================================
[ACTUALIZAR PAGOS · AUTO] PASO 1: LLENANDO ACTA_NUMERO (búsqueda por patente + fecha, con desempate por hora)
[ACTUALIZAR PAGOS · AUTO] ================================================================================
[ACTUALIZAR PAGOS · AUTO] 📊 ESTADÍSTICAS DE LLENADO DE ACTAS:
[ACTUALIZAR PAGOS · AUTO]   • Pagos con acta ORIGINAL: 3511
[ACTUALIZAR PAGOS · AUTO]   • Pagos SIN acta (buscados): 14367
[ACTUALIZAR PAGOS · AUTO]   • Pagos LLENADOS exitosamente: 0
[ACTUALIZAR PAGOS · AUTO]   • Pagos NO encontrados en multas: 14367
[ACTUALIZAR PAGOS · AUTO]   • Pagos SIN RESOLVER por desbalance de cantidades: 0
[ACTUALIZAR PAGOS · AUTO] ================================================================================
[ACTUALIZAR PAGOS · AUTO] PASO 1: LLENANDO ACTA_NUMERO (búsqueda por patente + fecha, con desempate por hora)
[ACTUALIZAR PAGOS · AUTO] ================================================================================
[ACTUALIZAR PAGOS · AUTO] 📊 ESTADÍSTICAS DE LLENADO DE ACTAS:
[ACTUALIZAR PAGOS · AUTO]   • Pagos con acta ORIGINAL: 3511
[ACTUALIZAR PAGOS · AUTO]   • Pagos SIN acta (buscados): 14367
[ACTUALIZAR PAGOS · AUTO]   • Pagos LLENADOS exitosamente: 0
[ACTUALIZAR PAGOS · AUTO]   • Pagos NO encontrados en multas: 14367
[ACTUALIZAR PAGOS · AUTO]   • Pagos SIN RESOLVER por desbalance de cantidades: 0
[ACTUALIZAR PAGOS · AUTO] ⏱ PASO 1 (llenar actas): 3.4s
[ACTUALIZAR PAGOS · AUTO] ================================================================================
[ACTUALIZAR PAGOS · AUTO] PASO 2: FILTRANDO PAGOS CON ACTA_NUMERO COMPLETO
[ACTUALIZAR PAGOS · AUTO] ================================================================================
[ACTUALIZAR PAGOS · AUTO] 📊 ESTADÍSTICAS DE FILTRADO:
[ACTUALIZAR PAGOS · AUTO]   • Pagos TOTALES al inicio: 17878
[ACTUALIZAR PAGOS · AUTO]   • Pagos CON acta (MANTIENEN): 3511
[ACTUALIZAR PAGOS · AUTO]   • Pagos RECHAZADOS (sin coincidencias): 14367
[ACTUALIZAR PAGOS · AUTO] ⚠️  Se eliminaron 14367 registros sin número de acta
[ACTUALIZAR PAGOS · AUTO]      (recordá: esto incluye tanto pagos ya actualizados/pagados
[ACTUALIZAR PAGOS · AUTO]       como pagos que quedaron sin resolver por desbalance en el Paso 1)
[ACTUALIZAR PAGOS · AUTO] ================================================================================
[ACTUALIZAR PAGOS · AUTO] PASO 2-bis: CONFIRMANDO VIGENCIA DE PAGOS (sistema NUEVO contra MULTAS_JUZGADO_CRUCE, sistema VIEJO contra SIGEMI)
[ACTUALIZAR PAGOS · AUTO] ================================================================================
[ACTUALIZAR PAGOS · AUTO]   ⚠ 3507 pago(s) descartados: su acta ya no figura como vencida en MULTAS_JUZGADO_CRUCE (SEMyT ya los actualizó).
[ACTUALIZAR PAGOS · AUTO]   ⚠ 2 pago(s) descartados: su acta ya no figura como vencida en el Excel de SIGEMI (SEMyT ya los actualizó).
[ACTUALIZAR PAGOS · AUTO]   • Pagos descartados en total por ya estar actualizados/pagados: 3509
[ACTUALIZAR PAGOS · AUTO] ⏱ PASO 2 (filtrar): 0.3s
[ACTUALIZAR PAGOS · AUTO] 📂 Cargando maestro de causas SIGEMI...
[ACTUALIZAR PAGOS · AUTO]   ✓ Causas totales (maestro): 134069 registros
[ACTUALIZAR PAGOS · AUTO] ⏱ PASO 2.5 (causas simplificado): 0.0s
[ACTUALIZAR PAGOS · AUTO] ================================================================================
[ACTUALIZAR PAGOS · AUTO] PASO 2.5: ARMANDO causas.txt SIMPLIFICADO (cruce contra total_causas_sigemi.txt)
[ACTUALIZAR PAGOS · AUTO] ================================================================================
[ACTUALIZAR PAGOS · AUTO]   • Actas vencidas viejas (multas): 103195
[ACTUALIZAR PAGOS · AUTO]   • Causas totales en el maestro SIGEMI: 134069
[ACTUALIZAR PAGOS · AUTO]   • Causas que coinciden (simplificado): 102868
[ACTUALIZAR PAGOS · AUTO]   ✅ Archivo escrito: backend/descargas/causas/causas.txt
[ACTUALIZAR PAGOS · AUTO] ⏱ PASO 2.5 (causas simplificado): 0.4s
[ACTUALIZAR PAGOS · AUTO] ================================================================================
[ACTUALIZAR PAGOS · AUTO] PASO 3: LLENANDO CAUSA_NUMERO (según fecha de cambio de sistema, cruzando por acta + año)
[ACTUALIZAR PAGOS · AUTO] ================================================================================
[ACTUALIZAR PAGOS · AUTO] 📊 ESTADÍSTICAS DE LLENADO DE CAUSAS:
[ACTUALIZAR PAGOS · AUTO]   • Pagos con causa ORIGINAL: 2
[ACTUALIZAR PAGOS · AUTO]   • Causas encontradas en SIGEMI (actas viejas): 0
[ACTUALIZAR PAGOS · AUTO]   • Causas NO encontradas en SIGEMI: 0
[ACTUALIZAR PAGOS · AUTO]   • Causas asignadas automáticamente (actas nuevas): 0
[ACTUALIZAR PAGOS · AUTO] ⏱ PASO 3 (llenar causas): 0.0s
[ACTUALIZAR PAGOS · AUTO] ================================================================================
[ACTUALIZAR PAGOS · AUTO] PASO 4: ORDENANDO POR FECHA Y ACTA_NUMERO
[ACTUALIZAR PAGOS · AUTO] ================================================================================
[ACTUALIZAR PAGOS · AUTO] ✓ Pagos ordenados correctamente
[ACTUALIZAR PAGOS · AUTO]   • Primera entrada: Acta=295952, Fecha=16/04/2026
[ACTUALIZAR PAGOS · AUTO]   • Última entrada: Acta=305573, Fecha=30/04/2026
[ACTUALIZAR PAGOS · AUTO] 📝 Escribiendo archivo de salida...
[ACTUALIZAR PAGOS · AUTO]   ✅ Archivo escrito: backend/descargas/pagos/2026-07-27/PAGOS 20260727 145016.txt
[ACTUALIZAR PAGOS · AUTO]   ✅ Total registros: 361
[ACTUALIZAR PAGOS · AUTO] ⏱ PASO 4 (ordenar y escribir): 0.0s
[ACTUALIZAR PAGOS · AUTO] ================================================================================
[ACTUALIZAR PAGOS · AUTO] ✅ PROCESO COMPLETADO EXITOSAMENTE
[ACTUALIZAR PAGOS · AUTO] ================================================================================
[ACTUALIZAR PAGOS · AUTO] 📊 RESUMEN FINAL DEL PROCESAMIENTO:
[ACTUALIZAR PAGOS · AUTO]   ENTRADA:
[ACTUALIZAR PAGOS · AUTO]     • Pagos originales: 17878
[ACTUALIZAR PAGOS · AUTO]     • Multas SIGEMI cargadas: 103195
[ACTUALIZAR PAGOS · AUTO]     • Multas Juzgado cargadas: 40370
[ACTUALIZAR PAGOS · AUTO]     • Causas simplificadas (usadas para el cruce): 102868
[ACTUALIZAR PAGOS · AUTO]   PROCESO:
[ACTUALIZAR PAGOS · AUTO]     • Pagos rechazados sigemi: 14367
[ACTUALIZAR PAGOS · AUTO]     • Pagos rechazados juzgado: 3509
[ACTUALIZAR PAGOS · AUTO]   SALIDA:
[ACTUALIZAR PAGOS · AUTO]     • Pagos desactualizados procesados: 2
[ACTUALIZAR PAGOS · AUTO]     • Archivo final: backend/descargas/pagos/2026-07-27/PAGOS 20260727 145016.txt
[ACTUALIZAR PAGOS · AUTO]     • Ordenados por fecha: SÍ ✓
[ACTUALIZAR PAGOS · AUTO]     • Todos con ACTA_NUMERO: SÍ ✓
[ACTUALIZAR PAGOS · AUTO]     • Todos con CAUSA_NUMERO: SÍ ✓
[ACTUALIZAR PAGOS · AUTO] ✅ TXT de pagos (ya cruzado con actas y causas) generado en: backend/descargas/pagos/2026-07-27/PAGOS 20260727 145016.txt
[ACTUALIZAR PAGOS · AUTO] 🧹 TXT de pagos crudo eliminado (ya usado en el cruce): backend/descargas/pagos/2026-07-27/PAGOS DESCARGADOS.txt
[ACTUALIZAR PAGOS · AUTO] 🧹 Excel MULTAS_SIGEMI_CRUCE eliminado (ya usado en el cruce): backend/descargas/cache_actas_cruce/MULTAS_SIGEMI_CRUCE.xlsx
[ACTUALIZAR PAGOS · AUTO] 🧹 Excel MULTAS_JUZGADO_CRUCE eliminado (ya usado en el cruce): backend/descargas/cache_actas_cruce/MULTAS_JUZGADO_CRUCE.xlsx
[ACTUALIZAR PAGOS · AUTO] ✅ CompararActasPaso finalizado. (⏱ 8.7s)
[ACTUALIZAR PAGOS · AUTO] ✓ [CompararActasPaso] Completado.
[ACTUALIZAR PAGOS · AUTO] ▶ [CargarPagosPaso] Iniciando...
[ACTUALIZAR PAGOS · AUTO] ==================================================
[ACTUALIZAR PAGOS · AUTO] 🚀 PASO: CargarPagosPaso
[ACTUALIZAR PAGOS · AUTO] ==================================================
[ACTUALIZAR PAGOS · AUTO] 📤 Subiendo TXT de pagos al SEMyT...
[ACTUALIZAR PAGOS · AUTO] ✅ Importación de pagos completada con éxito.
[ACTUALIZAR PAGOS · AUTO] ✅ Archivo TXT de pagos cargado en el SEMyT correctamente.
[ACTUALIZAR PAGOS · AUTO] ✅ CargarPagosPaso finalizado. (⏱ 1.5s)
[ACTUALIZAR PAGOS · AUTO] ✓ [CargarPagosPaso] Completado.
[ACTUALIZAR PAGOS · AUTO] === Ejecución finalizada con éxito ===
🤖 [Automático] Es hora de actualizar pagos. Arrancando...
[ACTUALIZAR PAGOS · AUTO] === Inicio de ejecución: pagos ===
[ACTUALIZAR PAGOS · AUTO] ▶ [LoginSemytPaso] Iniciando...
[ACTUALIZAR PAGOS · AUTO] ==================================================
[ACTUALIZAR PAGOS · AUTO] 🚀 PASO: LoginSemytPaso
[ACTUALIZAR PAGOS · AUTO] ==================================================
[ACTUALIZAR PAGOS · AUTO] Abriendo SEMyT...
[ACTUALIZAR PAGOS · AUTO] ✅ [SEMyT] Sesión existente detectada. Login omitido.
[ACTUALIZAR PAGOS · AUTO] ✅ LoginSemytPaso finalizado. (⏱ 2.4s)
[ACTUALIZAR PAGOS · AUTO] ✓ [LoginSemytPaso] Completado.
[ACTUALIZAR PAGOS · AUTO] ▶ [LoginJuzgadoPaso] Iniciando...
[ACTUALIZAR PAGOS · AUTO] ==================================================
[ACTUALIZAR PAGOS · AUTO] 🚀 PASO: LoginJuzgadoPaso
[ACTUALIZAR PAGOS · AUTO] ==================================================
[ACTUALIZAR PAGOS · AUTO] Abriendo sitio municipalidad (CiDi)...
[ACTUALIZAR PAGOS · AUTO] ✅ [Juzgado] Sesión existente detectada. Login omitido.
[ACTUALIZAR PAGOS · AUTO] ✅ LoginJuzgadoPaso finalizado. (⏱ 0.4s)
[ACTUALIZAR PAGOS · AUTO] ✓ [LoginJuzgadoPaso] Completado.
[ACTUALIZAR PAGOS · AUTO] ▶ [DescargasParalelasPaso] Iniciando...
[ACTUALIZAR PAGOS · AUTO] ==================================================
[ACTUALIZAR PAGOS · AUTO] 🚀 PASO: DescargasParalelasPaso
[ACTUALIZAR PAGOS · AUTO] ==================================================
[ACTUALIZAR PAGOS · AUTO] 📤 Arrancando las 3 descargas en paralelo (mismo browser, páginas separadas)...
[ACTUALIZAR PAGOS · AUTO] Fecha Desde: 27/06/2024
[ACTUALIZAR PAGOS · AUTO] Fecha Hasta: 24/11/2025
[ACTUALIZAR PAGOS · AUTO] Fecha Desde: 25/11/2025
[ACTUALIZAR PAGOS · AUTO] Fecha Hasta: 27/07/2026
[ACTUALIZAR PAGOS · AUTO] Descargando Excel...
[ACTUALIZAR PAGOS · AUTO] Descargando Excel...
[ACTUALIZAR PAGOS · AUTO] Archivo descargado en: backend/descargas/cache_actas_cruce/MULTAS_JUZGADO_CRUCE.xlsx
⏳ [Automático] Tocaba disparar 'pagos' pero ya hay una ejecución en curso (Actualizar pagos); esperando a que termine; se reintenta en breve sin perder el turno.
[ACTUALIZAR PAGOS · AUTO] ⏱ [actas_juzgado] completado en 12.7s
[ACTUALIZAR PAGOS · AUTO] Archivo descargado en: backend/descargas/cache_actas_cruce/MULTAS_SIGEMI_CRUCE.xlsx
[ACTUALIZAR PAGOS · AUTO] ⏱ [actas_sigemi] completado en 23.7s
[ACTUALIZAR PAGOS · AUTO] ✅ TXT de pagos descargado en: backend/descargas/pagos/2026-07-27/PAGOS DESCARGADOS.txt
[ACTUALIZAR PAGOS · AUTO] ⏱ [pagos_txt] completado en 26.7s
[ACTUALIZAR PAGOS · AUTO] ⏱ TOTAL descargas en paralelo: 26.7s
[ACTUALIZAR PAGOS · AUTO] ✅ DescargasParalelasPaso finalizado. (⏱ 27.0s)
[ACTUALIZAR PAGOS · AUTO] ✓ [DescargasParalelasPaso] Completado.
[ACTUALIZAR PAGOS · AUTO] ▶ [CompararActasPaso] Iniciando...
[ACTUALIZAR PAGOS · AUTO] ==================================================
[ACTUALIZAR PAGOS · AUTO] 🚀 PASO: CompararActasPaso
[ACTUALIZAR PAGOS · AUTO] ==================================================
[ACTUALIZAR PAGOS · AUTO] 🔍 Comparando actas del SEMyT contra pagos del Juzgado...
[ACTUALIZAR PAGOS · AUTO] ================================================================================
[ACTUALIZAR PAGOS · AUTO] INICIANDO PROCESO DE GENERACIÓN DE PAGOS DESACTUALIZADOS
[ACTUALIZAR PAGOS · AUTO] ================================================================================
[ACTUALIZAR PAGOS · AUTO] 📂 Cargando archivos...
[ACTUALIZAR PAGOS · AUTO]   ✓ Pagos: 17880 registros
[ACTUALIZAR PAGOS · AUTO]   ✓ Excel SIGEMI (multas vencidas viejas): 103195 registros
[ACTUALIZAR PAGOS · AUTO]   ✓ Excel Juzgado (multas vencidas nuevas): 40368 registros
[ACTUALIZAR PAGOS · AUTO] ================================================================================
[ACTUALIZAR PAGOS · AUTO] PASO 1: LLENANDO ACTA_NUMERO (búsqueda por patente + fecha, con desempate por hora)
[ACTUALIZAR PAGOS · AUTO] ================================================================================
[ACTUALIZAR PAGOS · AUTO] 📊 ESTADÍSTICAS DE LLENADO DE ACTAS:
[ACTUALIZAR PAGOS · AUTO]   • Pagos con acta ORIGINAL: 3511
[ACTUALIZAR PAGOS · AUTO]   • Pagos SIN acta (buscados): 14369
[ACTUALIZAR PAGOS · AUTO]   • Pagos LLENADOS exitosamente: 2
[ACTUALIZAR PAGOS · AUTO]   • Pagos NO encontrados en multas: 14367
[ACTUALIZAR PAGOS · AUTO]   • Pagos SIN RESOLVER por desbalance de cantidades: 0
[ACTUALIZAR PAGOS · AUTO] ================================================================================
[ACTUALIZAR PAGOS · AUTO] PASO 1: LLENANDO ACTA_NUMERO (búsqueda por patente + fecha, con desempate por hora)
[ACTUALIZAR PAGOS · AUTO] ================================================================================
[ACTUALIZAR PAGOS · AUTO] 📊 ESTADÍSTICAS DE LLENADO DE ACTAS:
[ACTUALIZAR PAGOS · AUTO]   • Pagos con acta ORIGINAL: 3513
[ACTUALIZAR PAGOS · AUTO]   • Pagos SIN acta (buscados): 14367
[ACTUALIZAR PAGOS · AUTO]   • Pagos LLENADOS exitosamente: 0
[ACTUALIZAR PAGOS · AUTO]   • Pagos NO encontrados en multas: 14367
[ACTUALIZAR PAGOS · AUTO]   • Pagos SIN RESOLVER por desbalance de cantidades: 0
[ACTUALIZAR PAGOS · AUTO] ⏱ PASO 1 (llenar actas): 3.3s
[ACTUALIZAR PAGOS · AUTO] ================================================================================
[ACTUALIZAR PAGOS · AUTO] PASO 2: FILTRANDO PAGOS CON ACTA_NUMERO COMPLETO
[ACTUALIZAR PAGOS · AUTO] ================================================================================
[ACTUALIZAR PAGOS · AUTO] 📊 ESTADÍSTICAS DE FILTRADO:
[ACTUALIZAR PAGOS · AUTO]   • Pagos TOTALES al inicio: 17880
[ACTUALIZAR PAGOS · AUTO]   • Pagos CON acta (MANTIENEN): 3513
[ACTUALIZAR PAGOS · AUTO]   • Pagos RECHAZADOS (sin coincidencias): 14367
[ACTUALIZAR PAGOS · AUTO] ⚠️  Se eliminaron 14367 registros sin número de acta
[ACTUALIZAR PAGOS · AUTO]      (recordá: esto incluye tanto pagos ya actualizados/pagados
[ACTUALIZAR PAGOS · AUTO]       como pagos que quedaron sin resolver por desbalance en el Paso 1)
[ACTUALIZAR PAGOS · AUTO] ================================================================================
[ACTUALIZAR PAGOS · AUTO] PASO 2-bis: CONFIRMANDO VIGENCIA DE PAGOS (sistema NUEVO contra MULTAS_JUZGADO_CRUCE, sistema VIEJO contra SIGEMI)
[ACTUALIZAR PAGOS · AUTO] ================================================================================
[ACTUALIZAR PAGOS · AUTO]   ⚠ 3509 pago(s) descartados: su acta ya no figura como vencida en MULTAS_JUZGADO_CRUCE (SEMyT ya los actualizó).
[ACTUALIZAR PAGOS · AUTO]   ⚠ 2 pago(s) descartados: su acta ya no figura como vencida en el Excel de SIGEMI (SEMyT ya los actualizó).
[ACTUALIZAR PAGOS · AUTO]   • Pagos descartados en total por ya estar actualizados/pagados: 3511
[ACTUALIZAR PAGOS · AUTO] ⏱ PASO 2 (filtrar): 0.3s
[ACTUALIZAR PAGOS · AUTO] 📂 Cargando maestro de causas SIGEMI...
[ACTUALIZAR PAGOS · AUTO]   ✓ Causas totales (maestro): 134069 registros
[ACTUALIZAR PAGOS · AUTO] ⏱ PASO 2.5 (causas simplificado): 0.0s
[ACTUALIZAR PAGOS · AUTO] ================================================================================
[ACTUALIZAR PAGOS · AUTO] PASO 2.5: ARMANDO causas.txt SIMPLIFICADO (cruce contra total_causas_sigemi.txt)
[ACTUALIZAR PAGOS · AUTO] ================================================================================
[ACTUALIZAR PAGOS · AUTO]   • Actas vencidas viejas (multas): 103195
[ACTUALIZAR PAGOS · AUTO]   • Causas totales en el maestro SIGEMI: 134069
[ACTUALIZAR PAGOS · AUTO]   • Causas que coinciden (simplificado): 102868
[ACTUALIZAR PAGOS · AUTO]   ✅ Archivo escrito: backend/descargas/causas/causas.txt
[ACTUALIZAR PAGOS · AUTO] ⏱ PASO 2.5 (causas simplificado): 0.4s
[ACTUALIZAR PAGOS · AUTO] ================================================================================
[ACTUALIZAR PAGOS · AUTO] PASO 3: LLENANDO CAUSA_NUMERO (según fecha de cambio de sistema, cruzando por acta + año)
[ACTUALIZAR PAGOS · AUTO] ================================================================================
[ACTUALIZAR PAGOS · AUTO] 📊 ESTADÍSTICAS DE LLENADO DE CAUSAS:
[ACTUALIZAR PAGOS · AUTO]   • Pagos con causa ORIGINAL: 0
[ACTUALIZAR PAGOS · AUTO]   • Causas encontradas en SIGEMI (actas viejas): 2
[ACTUALIZAR PAGOS · AUTO]   • Causas NO encontradas en SIGEMI: 0
[ACTUALIZAR PAGOS · AUTO]   • Causas asignadas automáticamente (actas nuevas): 0
[ACTUALIZAR PAGOS · AUTO] ⏱ PASO 3 (llenar causas): 0.0s
[ACTUALIZAR PAGOS · AUTO] ================================================================================
[ACTUALIZAR PAGOS · AUTO] PASO 4: ORDENANDO POR FECHA Y ACTA_NUMERO
[ACTUALIZAR PAGOS · AUTO] ================================================================================
[ACTUALIZAR PAGOS · AUTO] ✓ Pagos ordenados correctamente
[ACTUALIZAR PAGOS · AUTO]   • Primera entrada: Acta=19237, Fecha=30/07/2024
[ACTUALIZAR PAGOS · AUTO]   • Última entrada: Acta=125100, Fecha=20/03/2025
[ACTUALIZAR PAGOS · AUTO] 📝 Escribiendo archivo de salida...
[ACTUALIZAR PAGOS · AUTO]   ✅ Archivo escrito: backend/descargas/pagos/2026-07-27/PAGOS 20260727 150102.txt
[ACTUALIZAR PAGOS · AUTO]   ✅ Total registros: 366
[ACTUALIZAR PAGOS · AUTO] ⏱ PASO 4 (ordenar y escribir): 0.0s
[ACTUALIZAR PAGOS · AUTO] ================================================================================
[ACTUALIZAR PAGOS · AUTO] ✅ PROCESO COMPLETADO EXITOSAMENTE
[ACTUALIZAR PAGOS · AUTO] ================================================================================
[ACTUALIZAR PAGOS · AUTO] 📊 RESUMEN FINAL DEL PROCESAMIENTO:
[ACTUALIZAR PAGOS · AUTO]   ENTRADA:
[ACTUALIZAR PAGOS · AUTO]     • Pagos originales: 17880
[ACTUALIZAR PAGOS · AUTO]     • Multas SIGEMI cargadas: 103195
[ACTUALIZAR PAGOS · AUTO]     • Multas Juzgado cargadas: 40368
[ACTUALIZAR PAGOS · AUTO]     • Causas simplificadas (usadas para el cruce): 102868
[ACTUALIZAR PAGOS · AUTO]   PROCESO:
[ACTUALIZAR PAGOS · AUTO]     • Pagos rechazados sigemi: 14367
[ACTUALIZAR PAGOS · AUTO]     • Pagos rechazados juzgado: 3511
[ACTUALIZAR PAGOS · AUTO]   SALIDA:
[ACTUALIZAR PAGOS · AUTO]     • Pagos desactualizados procesados: 2
[ACTUALIZAR PAGOS · AUTO]     • Archivo final: backend/descargas/pagos/2026-07-27/PAGOS 20260727 150102.txt
[ACTUALIZAR PAGOS · AUTO]     • Ordenados por fecha: SÍ ✓
[ACTUALIZAR PAGOS · AUTO]     • Todos con ACTA_NUMERO: SÍ ✓
[ACTUALIZAR PAGOS · AUTO]     • Todos con CAUSA_NUMERO: SÍ ✓
[ACTUALIZAR PAGOS · AUTO] ✅ TXT de pagos (ya cruzado con actas y causas) generado en: backend/descargas/pagos/2026-07-27/PAGOS 20260727 150102.txt
[ACTUALIZAR PAGOS · AUTO] 🧹 TXT de pagos crudo eliminado (ya usado en el cruce): backend/descargas/pagos/2026-07-27/PAGOS DESCARGADOS.txt
[ACTUALIZAR PAGOS · AUTO] 🧹 Excel MULTAS_SIGEMI_CRUCE eliminado (ya usado en el cruce): backend/descargas/cache_actas_cruce/MULTAS_SIGEMI_CRUCE.xlsx
[ACTUALIZAR PAGOS · AUTO] 🧹 Excel MULTAS_JUZGADO_CRUCE eliminado (ya usado en el cruce): backend/descargas/cache_actas_cruce/MULTAS_JUZGADO_CRUCE.xlsx
[ACTUALIZAR PAGOS · AUTO] ✅ CompararActasPaso finalizado. (⏱ 8.5s)
[ACTUALIZAR PAGOS · AUTO] ✓ [CompararActasPaso] Completado.
[ACTUALIZAR PAGOS · AUTO] ▶ [CargarPagosPaso] Iniciando...
[ACTUALIZAR PAGOS · AUTO] ==================================================
[ACTUALIZAR PAGOS · AUTO] 🚀 PASO: CargarPagosPaso
[ACTUALIZAR PAGOS · AUTO] ==================================================
[ACTUALIZAR PAGOS · AUTO] 📤 Subiendo TXT de pagos al SEMyT...
[ACTUALIZAR PAGOS · AUTO] ✅ Importación de pagos completada con éxito.
[ACTUALIZAR PAGOS · AUTO] ✅ Archivo TXT de pagos cargado en el SEMyT correctamente.
[ACTUALIZAR PAGOS · AUTO] ✅ CargarPagosPaso finalizado. (⏱ 2.0s)
[ACTUALIZAR PAGOS · AUTO] ✓ [CargarPagosPaso] Completado.
[ACTUALIZAR PAGOS · AUTO] === Ejecución finalizada con éxito ===
🤖 [Automático] Es hora de actualizar pagos. Arrancando...
[ACTUALIZAR PAGOS · AUTO] === Inicio de ejecución: pagos ===
[ACTUALIZAR PAGOS · AUTO] ▶ [LoginSemytPaso] Iniciando...
[ACTUALIZAR PAGOS · AUTO] ==================================================
[ACTUALIZAR PAGOS · AUTO] 🚀 PASO: LoginSemytPaso
[ACTUALIZAR PAGOS · AUTO] ==================================================
[ACTUALIZAR PAGOS · AUTO] Abriendo SEMyT...
[ACTUALIZAR PAGOS · AUTO] ✅ [SEMyT] Sesión existente detectada. Login omitido.
[ACTUALIZAR PAGOS · AUTO] ✅ LoginSemytPaso finalizado. (⏱ 2.4s)
[ACTUALIZAR PAGOS · AUTO] ✓ [LoginSemytPaso] Completado.
[ACTUALIZAR PAGOS · AUTO] ▶ [LoginJuzgadoPaso] Iniciando...
[ACTUALIZAR PAGOS · AUTO] ==================================================
[ACTUALIZAR PAGOS · AUTO] 🚀 PASO: LoginJuzgadoPaso
[ACTUALIZAR PAGOS · AUTO] ==================================================
[ACTUALIZAR PAGOS · AUTO] Abriendo sitio municipalidad (CiDi)...
[ACTUALIZAR PAGOS · AUTO] ✅ [Juzgado] Sesión existente detectada. Login omitido.
[ACTUALIZAR PAGOS · AUTO] ✅ LoginJuzgadoPaso finalizado. (⏱ 0.4s)
[ACTUALIZAR PAGOS · AUTO] ✓ [LoginJuzgadoPaso] Completado.
[ACTUALIZAR PAGOS · AUTO] ▶ [DescargasParalelasPaso] Iniciando...
[ACTUALIZAR PAGOS · AUTO] ==================================================
[ACTUALIZAR PAGOS · AUTO] 🚀 PASO: DescargasParalelasPaso
[ACTUALIZAR PAGOS · AUTO] ==================================================
[ACTUALIZAR PAGOS · AUTO] 📤 Arrancando las 3 descargas en paralelo (mismo browser, páginas separadas)...
[ACTUALIZAR PAGOS · AUTO] Fecha Desde: 27/06/2024
[ACTUALIZAR PAGOS · AUTO] Fecha Hasta: 24/11/2025
[ACTUALIZAR PAGOS · AUTO] Fecha Desde: 25/11/2025
[ACTUALIZAR PAGOS · AUTO] Fecha Hasta: 27/07/2026
[ACTUALIZAR PAGOS · AUTO] Descargando Excel...
[ACTUALIZAR PAGOS · AUTO] Descargando Excel...
[ACTUALIZAR PAGOS · AUTO] Archivo descargado en: backend/descargas/cache_actas_cruce/MULTAS_JUZGADO_CRUCE.xlsx
⏳ [Automático] Tocaba disparar 'pagos' pero ya hay una ejecución en curso (Actualizar pagos); esperando a que termine; se reintenta en breve sin perder el turno.
[ACTUALIZAR PAGOS · AUTO] ⏱ [actas_juzgado] completado en 11.6s
[ACTUALIZAR PAGOS · AUTO] Archivo descargado en: backend/descargas/cache_actas_cruce/MULTAS_SIGEMI_CRUCE.xlsx
[ACTUALIZAR PAGOS · AUTO] ⏱ [actas_sigemi] completado en 22.5s
[ACTUALIZAR PAGOS · AUTO] ✅ TXT de pagos descargado en: backend/descargas/pagos/2026-07-27/PAGOS DESCARGADOS.txt
[ACTUALIZAR PAGOS · AUTO] ⏱ [pagos_txt] completado en 23.1s
[ACTUALIZAR PAGOS · AUTO] ⏱ TOTAL descargas en paralelo: 23.1s
[ACTUALIZAR PAGOS · AUTO] ✅ DescargasParalelasPaso finalizado. (⏱ 23.3s)
[ACTUALIZAR PAGOS · AUTO] ✓ [DescargasParalelasPaso] Completado.
[ACTUALIZAR PAGOS · AUTO] ▶ [CompararActasPaso] Iniciando...
[ACTUALIZAR PAGOS · AUTO] ==================================================
[ACTUALIZAR PAGOS · AUTO] 🚀 PASO: CompararActasPaso
[ACTUALIZAR PAGOS · AUTO] ==================================================
[ACTUALIZAR PAGOS · AUTO] 🔍 Comparando actas del SEMyT contra pagos del Juzgado...
[ACTUALIZAR PAGOS · AUTO] ================================================================================
[ACTUALIZAR PAGOS · AUTO] INICIANDO PROCESO DE GENERACIÓN DE PAGOS DESACTUALIZADOS
[ACTUALIZAR PAGOS · AUTO] ================================================================================
[ACTUALIZAR PAGOS · AUTO] 📂 Cargando archivos...
[ACTUALIZAR PAGOS · AUTO]   ✓ Pagos: 17883 registros
[ACTUALIZAR PAGOS · AUTO]   ✓ Excel SIGEMI (multas vencidas viejas): 103193 registros
[ACTUALIZAR PAGOS · AUTO]   ✓ Excel Juzgado (multas vencidas nuevas): 40368 registros
[ACTUALIZAR PAGOS · AUTO] ================================================================================
[ACTUALIZAR PAGOS · AUTO] PASO 1: LLENANDO ACTA_NUMERO (búsqueda por patente + fecha, con desempate por hora)
[ACTUALIZAR PAGOS · AUTO] ================================================================================
[ACTUALIZAR PAGOS · AUTO] 📊 ESTADÍSTICAS DE LLENADO DE ACTAS:
[ACTUALIZAR PAGOS · AUTO]   • Pagos con acta ORIGINAL: 3512
[ACTUALIZAR PAGOS · AUTO]   • Pagos SIN acta (buscados): 14371
[ACTUALIZAR PAGOS · AUTO]   • Pagos LLENADOS exitosamente: 2
[ACTUALIZAR PAGOS · AUTO]   • Pagos NO encontrados en multas: 14369
[ACTUALIZAR PAGOS · AUTO]   • Pagos SIN RESOLVER por desbalance de cantidades: 0
[ACTUALIZAR PAGOS · AUTO] ================================================================================
[ACTUALIZAR PAGOS · AUTO] PASO 1: LLENANDO ACTA_NUMERO (búsqueda por patente + fecha, con desempate por hora)
[ACTUALIZAR PAGOS · AUTO] ================================================================================
[ACTUALIZAR PAGOS · AUTO] 📊 ESTADÍSTICAS DE LLENADO DE ACTAS:
[ACTUALIZAR PAGOS · AUTO]   • Pagos con acta ORIGINAL: 3514
[ACTUALIZAR PAGOS · AUTO]   • Pagos SIN acta (buscados): 14369
[ACTUALIZAR PAGOS · AUTO]   • Pagos LLENADOS exitosamente: 0
[ACTUALIZAR PAGOS · AUTO]   • Pagos NO encontrados en multas: 14369
[ACTUALIZAR PAGOS · AUTO]   • Pagos SIN RESOLVER por desbalance de cantidades: 0
[ACTUALIZAR PAGOS · AUTO] ⏱ PASO 1 (llenar actas): 3.3s
[ACTUALIZAR PAGOS · AUTO] ================================================================================
[ACTUALIZAR PAGOS · AUTO] PASO 2: FILTRANDO PAGOS CON ACTA_NUMERO COMPLETO
[ACTUALIZAR PAGOS · AUTO] ================================================================================
[ACTUALIZAR PAGOS · AUTO] 📊 ESTADÍSTICAS DE FILTRADO:
[ACTUALIZAR PAGOS · AUTO]   • Pagos TOTALES al inicio: 17883
[ACTUALIZAR PAGOS · AUTO]   • Pagos CON acta (MANTIENEN): 3514
[ACTUALIZAR PAGOS · AUTO]   • Pagos RECHAZADOS (sin coincidencias): 14369
[ACTUALIZAR PAGOS · AUTO] ⚠️  Se eliminaron 14369 registros sin número de acta
[ACTUALIZAR PAGOS · AUTO]      (recordá: esto incluye tanto pagos ya actualizados/pagados
[ACTUALIZAR PAGOS · AUTO]       como pagos que quedaron sin resolver por desbalance en el Paso 1)
[ACTUALIZAR PAGOS · AUTO] ================================================================================
[ACTUALIZAR PAGOS · AUTO] PASO 2-bis: CONFIRMANDO VIGENCIA DE PAGOS (sistema NUEVO contra MULTAS_JUZGADO_CRUCE, sistema VIEJO contra SIGEMI)
[ACTUALIZAR PAGOS · AUTO] ================================================================================
[ACTUALIZAR PAGOS · AUTO]   ⚠ 3509 pago(s) descartados: su acta ya no figura como vencida en MULTAS_JUZGADO_CRUCE (SEMyT ya los actualizó).
[ACTUALIZAR PAGOS · AUTO]   ⚠ 2 pago(s) descartados: su acta ya no figura como vencida en el Excel de SIGEMI (SEMyT ya los actualizó).
[ACTUALIZAR PAGOS · AUTO]   • Pagos descartados en total por ya estar actualizados/pagados: 3511
[ACTUALIZAR PAGOS · AUTO] ⏱ PASO 2 (filtrar): 0.3s
[ACTUALIZAR PAGOS · AUTO] 📂 Cargando maestro de causas SIGEMI...
[ACTUALIZAR PAGOS · AUTO]   ✓ Causas totales (maestro): 134069 registros
[ACTUALIZAR PAGOS · AUTO] ⏱ PASO 2.5 (causas simplificado): 0.0s
[ACTUALIZAR PAGOS · AUTO] ================================================================================
[ACTUALIZAR PAGOS · AUTO] PASO 2.5: ARMANDO causas.txt SIMPLIFICADO (cruce contra total_causas_sigemi.txt)
[ACTUALIZAR PAGOS · AUTO] ================================================================================
[ACTUALIZAR PAGOS · AUTO]   • Actas vencidas viejas (multas): 103193
[ACTUALIZAR PAGOS · AUTO]   • Causas totales en el maestro SIGEMI: 134069
[ACTUALIZAR PAGOS · AUTO]   • Causas que coinciden (simplificado): 102866
[ACTUALIZAR PAGOS · AUTO]   ✅ Archivo escrito: backend/descargas/causas/causas.txt
[ACTUALIZAR PAGOS · AUTO] ⏱ PASO 2.5 (causas simplificado): 0.4s
[ACTUALIZAR PAGOS · AUTO] ================================================================================
[ACTUALIZAR PAGOS · AUTO] PASO 3: LLENANDO CAUSA_NUMERO (según fecha de cambio de sistema, cruzando por acta + año)
[ACTUALIZAR PAGOS · AUTO] ================================================================================
[ACTUALIZAR PAGOS · AUTO] 📊 ESTADÍSTICAS DE LLENADO DE CAUSAS:
[ACTUALIZAR PAGOS · AUTO]   • Pagos con causa ORIGINAL: 1
[ACTUALIZAR PAGOS · AUTO]   • Causas encontradas en SIGEMI (actas viejas): 2
[ACTUALIZAR PAGOS · AUTO]   • Causas NO encontradas en SIGEMI: 0
[ACTUALIZAR PAGOS · AUTO]   • Causas asignadas automáticamente (actas nuevas): 0
[ACTUALIZAR PAGOS · AUTO] ⏱ PASO 3 (llenar causas): 0.0s
[ACTUALIZAR PAGOS · AUTO] ================================================================================
[ACTUALIZAR PAGOS · AUTO] PASO 4: ORDENANDO POR FECHA Y ACTA_NUMERO
[ACTUALIZAR PAGOS · AUTO] ================================================================================
[ACTUALIZAR PAGOS · AUTO] ✓ Pagos ordenados correctamente
[ACTUALIZAR PAGOS · AUTO]   • Primera entrada: Acta=57941, Fecha=09/10/2024
[ACTUALIZAR PAGOS · AUTO]   • Última entrada: Acta=291771, Fecha=09/04/2026
[ACTUALIZAR PAGOS · AUTO] 📝 Escribiendo archivo de salida...
[ACTUALIZAR PAGOS · AUTO]   ✅ Archivo escrito: backend/descargas/pagos/2026-07-27/PAGOS 20260727 151144.txt
[ACTUALIZAR PAGOS · AUTO]   ✅ Total registros: 464
[ACTUALIZAR PAGOS · AUTO] ⏱ PASO 4 (ordenar y escribir): 0.0s
[ACTUALIZAR PAGOS · AUTO] ================================================================================
[ACTUALIZAR PAGOS · AUTO] ✅ PROCESO COMPLETADO EXITOSAMENTE
[ACTUALIZAR PAGOS · AUTO] ================================================================================
[ACTUALIZAR PAGOS · AUTO] 📊 RESUMEN FINAL DEL PROCESAMIENTO:
[ACTUALIZAR PAGOS · AUTO]   ENTRADA:
[ACTUALIZAR PAGOS · AUTO]     • Pagos originales: 17883
[ACTUALIZAR PAGOS · AUTO]     • Multas SIGEMI cargadas: 103193
[ACTUALIZAR PAGOS · AUTO]     • Multas Juzgado cargadas: 40368
[ACTUALIZAR PAGOS · AUTO]     • Causas simplificadas (usadas para el cruce): 102866
[ACTUALIZAR PAGOS · AUTO]   PROCESO:
[ACTUALIZAR PAGOS · AUTO]     • Pagos rechazados sigemi: 14369
[ACTUALIZAR PAGOS · AUTO]     • Pagos rechazados juzgado: 3511
[ACTUALIZAR PAGOS · AUTO]   SALIDA:
[ACTUALIZAR PAGOS · AUTO]     • Pagos desactualizados procesados: 3
[ACTUALIZAR PAGOS · AUTO]     • Archivo final: backend/descargas/pagos/2026-07-27/PAGOS 20260727 151144.txt
[ACTUALIZAR PAGOS · AUTO]     • Ordenados por fecha: SÍ ✓
[ACTUALIZAR PAGOS · AUTO]     • Todos con ACTA_NUMERO: SÍ ✓
[ACTUALIZAR PAGOS · AUTO]     • Todos con CAUSA_NUMERO: SÍ ✓
[ACTUALIZAR PAGOS · AUTO] ✅ TXT de pagos (ya cruzado con actas y causas) generado en: backend/descargas/pagos/2026-07-27/PAGOS 20260727 151144.txt
[ACTUALIZAR PAGOS · AUTO] 🧹 TXT de pagos crudo eliminado (ya usado en el cruce): backend/descargas/pagos/2026-07-27/PAGOS DESCARGADOS.txt
[ACTUALIZAR PAGOS · AUTO] 🧹 Excel MULTAS_SIGEMI_CRUCE eliminado (ya usado en el cruce): backend/descargas/cache_actas_cruce/MULTAS_SIGEMI_CRUCE.xlsx
[ACTUALIZAR PAGOS · AUTO] 🧹 Excel MULTAS_JUZGADO_CRUCE eliminado (ya usado en el cruce): backend/descargas/cache_actas_cruce/MULTAS_JUZGADO_CRUCE.xlsx
[ACTUALIZAR PAGOS · AUTO] ✅ CompararActasPaso finalizado. (⏱ 8.5s)
[ACTUALIZAR PAGOS · AUTO] ✓ [CompararActasPaso] Completado.
[ACTUALIZAR PAGOS · AUTO] ▶ [CargarPagosPaso] Iniciando...
[ACTUALIZAR PAGOS · AUTO] ==================================================
[ACTUALIZAR PAGOS · AUTO] 🚀 PASO: CargarPagosPaso
[ACTUALIZAR PAGOS · AUTO] ==================================================
[ACTUALIZAR PAGOS · AUTO] 📤 Subiendo TXT de pagos al SEMyT...
[ACTUALIZAR PAGOS · AUTO] ✅ Importación de pagos completada con éxito.
[ACTUALIZAR PAGOS · AUTO] ✅ Archivo TXT de pagos cargado en el SEMyT correctamente.
[ACTUALIZAR PAGOS · AUTO] ✅ CargarPagosPaso finalizado. (⏱ 2.0s)
[ACTUALIZAR PAGOS · AUTO] ✓ [CargarPagosPaso] Completado.
[ACTUALIZAR PAGOS · AUTO] === Ejecución finalizada con éxito ===
🤖 [Automático] Es hora de actualizar pagos. Arrancando...
[ACTUALIZAR PAGOS · AUTO] === Inicio de ejecución: pagos ===
[ACTUALIZAR PAGOS · AUTO] ▶ [LoginSemytPaso] Iniciando...
[ACTUALIZAR PAGOS · AUTO] ==================================================
[ACTUALIZAR PAGOS · AUTO] 🚀 PASO: LoginSemytPaso
[ACTUALIZAR PAGOS · AUTO] ==================================================
[ACTUALIZAR PAGOS · AUTO] Abriendo SEMyT...
[ACTUALIZAR PAGOS · AUTO] ✅ [SEMyT] Sesión existente detectada. Login omitido.
[ACTUALIZAR PAGOS · AUTO] ✅ LoginSemytPaso finalizado. (⏱ 2.2s)
[ACTUALIZAR PAGOS · AUTO] ✓ [LoginSemytPaso] Completado.
[ACTUALIZAR PAGOS · AUTO] ▶ [LoginJuzgadoPaso] Iniciando...
[ACTUALIZAR PAGOS · AUTO] ==================================================
[ACTUALIZAR PAGOS · AUTO] 🚀 PASO: LoginJuzgadoPaso
[ACTUALIZAR PAGOS · AUTO] ==================================================
[ACTUALIZAR PAGOS · AUTO] Abriendo sitio municipalidad (CiDi)...
[ACTUALIZAR PAGOS · AUTO] ✅ [Juzgado] Sesión existente detectada. Login omitido.
[ACTUALIZAR PAGOS · AUTO] ✅ LoginJuzgadoPaso finalizado. (⏱ 0.5s)
[ACTUALIZAR PAGOS · AUTO] ✓ [LoginJuzgadoPaso] Completado.
[ACTUALIZAR PAGOS · AUTO] ▶ [DescargasParalelasPaso] Iniciando...
[ACTUALIZAR PAGOS · AUTO] ==================================================
[ACTUALIZAR PAGOS · AUTO] 🚀 PASO: DescargasParalelasPaso
[ACTUALIZAR PAGOS · AUTO] ==================================================
[ACTUALIZAR PAGOS · AUTO] 📤 Arrancando las 3 descargas en paralelo (mismo browser, páginas separadas)...
[ACTUALIZAR PAGOS · AUTO] Fecha Desde: 27/06/2024
[ACTUALIZAR PAGOS · AUTO] Fecha Hasta: 24/11/2025
[ACTUALIZAR PAGOS · AUTO] Fecha Desde: 25/11/2025
[ACTUALIZAR PAGOS · AUTO] Fecha Hasta: 27/07/2026
[ACTUALIZAR PAGOS · AUTO] Descargando Excel...
[ACTUALIZAR PAGOS · AUTO] Descargando Excel...
[ACTUALIZAR PAGOS · AUTO] Archivo descargado en: backend/descargas/cache_actas_cruce/MULTAS_JUZGADO_CRUCE.xlsx
[ACTUALIZAR PAGOS · AUTO] ⏱ [actas_juzgado] completado en 11.6s
⏳ [Automático] Tocaba disparar 'pagos' pero ya hay una ejecución en curso (Actualizar pagos); esperando a que termine; se reintenta en breve sin perder el turno.
[ACTUALIZAR PAGOS · AUTO] Archivo descargado en: backend/descargas/cache_actas_cruce/MULTAS_SIGEMI_CRUCE.xlsx
[ACTUALIZAR PAGOS · AUTO] ⏱ [actas_sigemi] completado en 24.1s
[ACTUALIZAR PAGOS · AUTO] ✅ TXT de pagos descargado en: backend/descargas/pagos/2026-07-27/PAGOS DESCARGADOS.txt
[ACTUALIZAR PAGOS · AUTO] ⏱ [pagos_txt] completado en 24.2s
[ACTUALIZAR PAGOS · AUTO] ⏱ TOTAL descargas en paralelo: 24.2s
[ACTUALIZAR PAGOS · AUTO] ✅ DescargasParalelasPaso finalizado. (⏱ 24.4s)
[ACTUALIZAR PAGOS · AUTO] ✓ [DescargasParalelasPaso] Completado.
[ACTUALIZAR PAGOS · AUTO] ▶ [CompararActasPaso] Iniciando...
[ACTUALIZAR PAGOS · AUTO] ==================================================
[ACTUALIZAR PAGOS · AUTO] 🚀 PASO: CompararActasPaso
[ACTUALIZAR PAGOS · AUTO] ==================================================
[ACTUALIZAR PAGOS · AUTO] 🔍 Comparando actas del SEMyT contra pagos del Juzgado...
[ACTUALIZAR PAGOS · AUTO] ================================================================================
[ACTUALIZAR PAGOS · AUTO] INICIANDO PROCESO DE GENERACIÓN DE PAGOS DESACTUALIZADOS
[ACTUALIZAR PAGOS · AUTO] ================================================================================
[ACTUALIZAR PAGOS · AUTO] 📂 Cargando archivos...
[ACTUALIZAR PAGOS · AUTO]   ✓ Pagos: 17883 registros
[ACTUALIZAR PAGOS · AUTO]   ✓ Excel SIGEMI (multas vencidas viejas): 103191 registros
[ACTUALIZAR PAGOS · AUTO]   ✓ Excel Juzgado (multas vencidas nuevas): 40367 registros
[ACTUALIZAR PAGOS · AUTO] ================================================================================
[ACTUALIZAR PAGOS · AUTO] PASO 1: LLENANDO ACTA_NUMERO (búsqueda por patente + fecha, con desempate por hora)
[ACTUALIZAR PAGOS · AUTO] ================================================================================
[ACTUALIZAR PAGOS · AUTO] 📊 ESTADÍSTICAS DE LLENADO DE ACTAS:
[ACTUALIZAR PAGOS · AUTO]   • Pagos con acta ORIGINAL: 3512
[ACTUALIZAR PAGOS · AUTO]   • Pagos SIN acta (buscados): 14371
[ACTUALIZAR PAGOS · AUTO]   • Pagos LLENADOS exitosamente: 0
[ACTUALIZAR PAGOS · AUTO]   • Pagos NO encontrados en multas: 14371
[ACTUALIZAR PAGOS · AUTO]   • Pagos SIN RESOLVER por desbalance de cantidades: 0
[ACTUALIZAR PAGOS · AUTO] ================================================================================
[ACTUALIZAR PAGOS · AUTO] PASO 1: LLENANDO ACTA_NUMERO (búsqueda por patente + fecha, con desempate por hora)
[ACTUALIZAR PAGOS · AUTO] ================================================================================
[ACTUALIZAR PAGOS · AUTO] 📊 ESTADÍSTICAS DE LLENADO DE ACTAS:
[ACTUALIZAR PAGOS · AUTO]   • Pagos con acta ORIGINAL: 3512
[ACTUALIZAR PAGOS · AUTO]   • Pagos SIN acta (buscados): 14371
[ACTUALIZAR PAGOS · AUTO]   • Pagos LLENADOS exitosamente: 0
[ACTUALIZAR PAGOS · AUTO]   • Pagos NO encontrados en multas: 14371
[ACTUALIZAR PAGOS · AUTO]   • Pagos SIN RESOLVER por desbalance de cantidades: 0
[ACTUALIZAR PAGOS · AUTO] ⏱ PASO 1 (llenar actas): 3.3s
[ACTUALIZAR PAGOS · AUTO] ================================================================================
[ACTUALIZAR PAGOS · AUTO] PASO 2: FILTRANDO PAGOS CON ACTA_NUMERO COMPLETO
[ACTUALIZAR PAGOS · AUTO] ================================================================================
[ACTUALIZAR PAGOS · AUTO] 📊 ESTADÍSTICAS DE FILTRADO:
[ACTUALIZAR PAGOS · AUTO]   • Pagos TOTALES al inicio: 17883
[ACTUALIZAR PAGOS · AUTO]   • Pagos CON acta (MANTIENEN): 3512
[ACTUALIZAR PAGOS · AUTO]   • Pagos RECHAZADOS (sin coincidencias): 14371
[ACTUALIZAR PAGOS · AUTO] ⚠️  Se eliminaron 14371 registros sin número de acta
[ACTUALIZAR PAGOS · AUTO]      (recordá: esto incluye tanto pagos ya actualizados/pagados
[ACTUALIZAR PAGOS · AUTO]       como pagos que quedaron sin resolver por desbalance en el Paso 1)
[ACTUALIZAR PAGOS · AUTO] ================================================================================
[ACTUALIZAR PAGOS · AUTO] PASO 2-bis: CONFIRMANDO VIGENCIA DE PAGOS (sistema NUEVO contra MULTAS_JUZGADO_CRUCE, sistema VIEJO contra SIGEMI)
[ACTUALIZAR PAGOS · AUTO] ================================================================================
[ACTUALIZAR PAGOS · AUTO]   ⚠ 3510 pago(s) descartados: su acta ya no figura como vencida en MULTAS_JUZGADO_CRUCE (SEMyT ya los actualizó).
[ACTUALIZAR PAGOS · AUTO]   ⚠ 2 pago(s) descartados: su acta ya no figura como vencida en el Excel de SIGEMI (SEMyT ya los actualizó).
[ACTUALIZAR PAGOS · AUTO]   • Pagos descartados en total por ya estar actualizados/pagados: 3512
[ACTUALIZAR PAGOS · AUTO] ⏱ PASO 2 (filtrar): 0.3s
[ACTUALIZAR PAGOS · AUTO] 📂 Cargando maestro de causas SIGEMI...
[ACTUALIZAR PAGOS · AUTO]   ✓ Causas totales (maestro): 134069 registros
[ACTUALIZAR PAGOS · AUTO] ⏱ PASO 2.5 (causas simplificado): 0.0s
[ACTUALIZAR PAGOS · AUTO] ================================================================================
[ACTUALIZAR PAGOS · AUTO] PASO 2.5: ARMANDO causas.txt SIMPLIFICADO (cruce contra total_causas_sigemi.txt)
[ACTUALIZAR PAGOS · AUTO] ================================================================================
[ACTUALIZAR PAGOS · AUTO]   • Actas vencidas viejas (multas): 103191
[ACTUALIZAR PAGOS · AUTO]   • Causas totales en el maestro SIGEMI: 134069
[ACTUALIZAR PAGOS · AUTO]   • Causas que coinciden (simplificado): 102864
[ACTUALIZAR PAGOS · AUTO]   ✅ Archivo escrito: backend/descargas/causas/causas.txt
[ACTUALIZAR PAGOS · AUTO] ⏱ PASO 2.5 (causas simplificado): 0.4s
[ACTUALIZAR PAGOS · AUTO] ⚠️  NO HAY PAGOS CON ACTA_NUMERO PARA PROCESAR
[ACTUALIZAR PAGOS · AUTO] Creando archivo vacío...
[ACTUALIZAR PAGOS · AUTO] ✅ TXT de pagos (ya cruzado con actas y causas) generado en: backend/descargas/pagos/2026-07-27/PAGOS 20260727 152230.txt
[ACTUALIZAR PAGOS · AUTO] 🧹 TXT de pagos crudo eliminado (ya usado en el cruce): backend/descargas/pagos/2026-07-27/PAGOS DESCARGADOS.txt
[ACTUALIZAR PAGOS · AUTO] 🧹 Excel MULTAS_SIGEMI_CRUCE eliminado (ya usado en el cruce): backend/descargas/cache_actas_cruce/MULTAS_SIGEMI_CRUCE.xlsx
[ACTUALIZAR PAGOS · AUTO] 🧹 Excel MULTAS_JUZGADO_CRUCE eliminado (ya usado en el cruce): backend/descargas/cache_actas_cruce/MULTAS_JUZGADO_CRUCE.xlsx
[ACTUALIZAR PAGOS · AUTO] ✅ CompararActasPaso finalizado. (⏱ 8.5s)
[ACTUALIZAR PAGOS · AUTO] ✓ [CompararActasPaso] Completado.
[ACTUALIZAR PAGOS · AUTO] ▶ [CargarPagosPaso] Iniciando...
[ACTUALIZAR PAGOS · AUTO] ==================================================
[ACTUALIZAR PAGOS · AUTO] 🚀 PASO: CargarPagosPaso
[ACTUALIZAR PAGOS · AUTO] ==================================================
[ACTUALIZAR PAGOS · AUTO] ℹ No se encontraron pagos para actualizar (el TXT final no tiene registros).
[ACTUALIZAR PAGOS · AUTO] 🧹 TXT de pagos sin registros eliminado (nada para subir): backend/descargas/pagos/2026-07-27/PAGOS 20260727 152230.txt
[ACTUALIZAR PAGOS · AUTO] ⏭ Se omite la carga al SEMyT.
[ACTUALIZAR PAGOS · AUTO] ✅ CargarPagosPaso finalizado. (⏱ 0.0s)
[ACTUALIZAR PAGOS · AUTO] ✓ [CargarPagosPaso] Completado.
[ACTUALIZAR PAGOS · AUTO] === Ejecución finalizada con éxito ===
[ACTUALIZAR PAGOS · AUTO] ℹ No se subió ningún archivo a ningún sistema externo en esta corrida: por política, el log detallado no se conserva en disco.
🤖 [Automático] Es hora de actualizar pagos. Arrancando...
[ACTUALIZAR PAGOS · AUTO] === Inicio de ejecución: pagos ===
[ACTUALIZAR PAGOS · AUTO] ▶ [LoginSemytPaso] Iniciando...
[ACTUALIZAR PAGOS · AUTO] ==================================================
[ACTUALIZAR PAGOS · AUTO] 🚀 PASO: LoginSemytPaso
[ACTUALIZAR PAGOS · AUTO] ==================================================
[ACTUALIZAR PAGOS · AUTO] Abriendo SEMyT...
[ACTUALIZAR PAGOS · AUTO] ✅ [SEMyT] Sesión existente detectada. Login omitido.
[ACTUALIZAR PAGOS · AUTO] ✅ LoginSemytPaso finalizado. (⏱ 2.3s)
[ACTUALIZAR PAGOS · AUTO] ✓ [LoginSemytPaso] Completado.
[ACTUALIZAR PAGOS · AUTO] ▶ [LoginJuzgadoPaso] Iniciando...
[ACTUALIZAR PAGOS · AUTO] ==================================================
[ACTUALIZAR PAGOS · AUTO] 🚀 PASO: LoginJuzgadoPaso
[ACTUALIZAR PAGOS · AUTO] ==================================================
[ACTUALIZAR PAGOS · AUTO] Abriendo sitio municipalidad (CiDi)...
[ACTUALIZAR PAGOS · AUTO] ✅ [Juzgado] Sesión existente detectada. Login omitido.
[ACTUALIZAR PAGOS · AUTO] ✅ LoginJuzgadoPaso finalizado. (⏱ 0.4s)
[ACTUALIZAR PAGOS · AUTO] ✓ [LoginJuzgadoPaso] Completado.
[ACTUALIZAR PAGOS · AUTO] ▶ [DescargasParalelasPaso] Iniciando...
[ACTUALIZAR PAGOS · AUTO] ==================================================
[ACTUALIZAR PAGOS · AUTO] 🚀 PASO: DescargasParalelasPaso
[ACTUALIZAR PAGOS · AUTO] ==================================================
[ACTUALIZAR PAGOS · AUTO] 📤 Arrancando las 3 descargas en paralelo (mismo browser, páginas separadas)...
[ACTUALIZAR PAGOS · AUTO] Fecha Desde: 27/06/2024
[ACTUALIZAR PAGOS · AUTO] Fecha Hasta: 24/11/2025
[ACTUALIZAR PAGOS · AUTO] Fecha Desde: 25/11/2025
[ACTUALIZAR PAGOS · AUTO] Fecha Hasta: 27/07/2026
[ACTUALIZAR PAGOS · AUTO] Descargando Excel...
[ACTUALIZAR PAGOS · AUTO] Descargando Excel...
[ACTUALIZAR PAGOS · AUTO] Archivo descargado en: backend/descargas/cache_actas_cruce/MULTAS_JUZGADO_CRUCE.xlsx
[ACTUALIZAR PAGOS · AUTO] ⏱ [actas_juzgado] completado en 11.1s
⏳ [Automático] Tocaba disparar 'pagos' pero ya hay una ejecución en curso (Actualizar pagos); esperando a que termine; se reintenta en breve sin perder el turno.
[ACTUALIZAR PAGOS · AUTO] Archivo descargado en: backend/descargas/cache_actas_cruce/MULTAS_SIGEMI_CRUCE.xlsx
[ACTUALIZAR PAGOS · AUTO] ⏱ [actas_sigemi] completado en 21.5s
[ACTUALIZAR PAGOS · AUTO] ✅ TXT de pagos descargado en: backend/descargas/pagos/2026-07-27/PAGOS DESCARGADOS.txt
[ACTUALIZAR PAGOS · AUTO] ⏱ [pagos_txt] completado en 23.6s
[ACTUALIZAR PAGOS · AUTO] ⏱ TOTAL descargas en paralelo: 23.6s
[ACTUALIZAR PAGOS · AUTO] ✅ DescargasParalelasPaso finalizado. (⏱ 23.9s)
[ACTUALIZAR PAGOS · AUTO] ✓ [DescargasParalelasPaso] Completado.
[ACTUALIZAR PAGOS · AUTO] ▶ [CompararActasPaso] Iniciando...
[ACTUALIZAR PAGOS · AUTO] ==================================================
[ACTUALIZAR PAGOS · AUTO] 🚀 PASO: CompararActasPaso
[ACTUALIZAR PAGOS · AUTO] ==================================================
[ACTUALIZAR PAGOS · AUTO] 🔍 Comparando actas del SEMyT contra pagos del Juzgado...
[ACTUALIZAR PAGOS · AUTO] ================================================================================
[ACTUALIZAR PAGOS · AUTO] INICIANDO PROCESO DE GENERACIÓN DE PAGOS DESACTUALIZADOS
[ACTUALIZAR PAGOS · AUTO] ================================================================================
[ACTUALIZAR PAGOS · AUTO] 📂 Cargando archivos...
[ACTUALIZAR PAGOS · AUTO]   ✓ Pagos: 17883 registros
[ACTUALIZAR PAGOS · AUTO]   ✓ Excel SIGEMI (multas vencidas viejas): 103191 registros
[ACTUALIZAR PAGOS · AUTO]   ✓ Excel Juzgado (multas vencidas nuevas): 40367 registros
[ACTUALIZAR PAGOS · AUTO] ================================================================================
[ACTUALIZAR PAGOS · AUTO] PASO 1: LLENANDO ACTA_NUMERO (búsqueda por patente + fecha, con desempate por hora)
[ACTUALIZAR PAGOS · AUTO] ================================================================================
[ACTUALIZAR PAGOS · AUTO] 📊 ESTADÍSTICAS DE LLENADO DE ACTAS:
[ACTUALIZAR PAGOS · AUTO]   • Pagos con acta ORIGINAL: 3512
[ACTUALIZAR PAGOS · AUTO]   • Pagos SIN acta (buscados): 14371
[ACTUALIZAR PAGOS · AUTO]   • Pagos LLENADOS exitosamente: 0
[ACTUALIZAR PAGOS · AUTO]   • Pagos NO encontrados en multas: 14371
[ACTUALIZAR PAGOS · AUTO]   • Pagos SIN RESOLVER por desbalance de cantidades: 0
[ACTUALIZAR PAGOS · AUTO] ================================================================================
[ACTUALIZAR PAGOS · AUTO] PASO 1: LLENANDO ACTA_NUMERO (búsqueda por patente + fecha, con desempate por hora)
[ACTUALIZAR PAGOS · AUTO] ================================================================================
[ACTUALIZAR PAGOS · AUTO] 📊 ESTADÍSTICAS DE LLENADO DE ACTAS:
[ACTUALIZAR PAGOS · AUTO]   • Pagos con acta ORIGINAL: 3512
[ACTUALIZAR PAGOS · AUTO]   • Pagos SIN acta (buscados): 14371
[ACTUALIZAR PAGOS · AUTO]   • Pagos LLENADOS exitosamente: 0
[ACTUALIZAR PAGOS · AUTO]   • Pagos NO encontrados en multas: 14371
[ACTUALIZAR PAGOS · AUTO]   • Pagos SIN RESOLVER por desbalance de cantidades: 0
[ACTUALIZAR PAGOS · AUTO] ⏱ PASO 1 (llenar actas): 3.3s
[ACTUALIZAR PAGOS · AUTO] ================================================================================
[ACTUALIZAR PAGOS · AUTO] PASO 2: FILTRANDO PAGOS CON ACTA_NUMERO COMPLETO
[ACTUALIZAR PAGOS · AUTO] ================================================================================
[ACTUALIZAR PAGOS · AUTO] 📊 ESTADÍSTICAS DE FILTRADO:
[ACTUALIZAR PAGOS · AUTO]   • Pagos TOTALES al inicio: 17883
[ACTUALIZAR PAGOS · AUTO]   • Pagos CON acta (MANTIENEN): 3512
[ACTUALIZAR PAGOS · AUTO]   • Pagos RECHAZADOS (sin coincidencias): 14371
[ACTUALIZAR PAGOS · AUTO] ⚠️  Se eliminaron 14371 registros sin número de acta
[ACTUALIZAR PAGOS · AUTO]      (recordá: esto incluye tanto pagos ya actualizados/pagados
[ACTUALIZAR PAGOS · AUTO]       como pagos que quedaron sin resolver por desbalance en el Paso 1)
[ACTUALIZAR PAGOS · AUTO] ================================================================================
[ACTUALIZAR PAGOS · AUTO] PASO 2-bis: CONFIRMANDO VIGENCIA DE PAGOS (sistema NUEVO contra MULTAS_JUZGADO_CRUCE, sistema VIEJO contra SIGEMI)
[ACTUALIZAR PAGOS · AUTO] ================================================================================
[ACTUALIZAR PAGOS · AUTO]   ⚠ 3510 pago(s) descartados: su acta ya no figura como vencida en MULTAS_JUZGADO_CRUCE (SEMyT ya los actualizó).
[ACTUALIZAR PAGOS · AUTO]   ⚠ 2 pago(s) descartados: su acta ya no figura como vencida en el Excel de SIGEMI (SEMyT ya los actualizó).
[ACTUALIZAR PAGOS · AUTO]   • Pagos descartados en total por ya estar actualizados/pagados: 3512
[ACTUALIZAR PAGOS · AUTO] ⏱ PASO 2 (filtrar): 0.3s
[ACTUALIZAR PAGOS · AUTO] 📂 Cargando maestro de causas SIGEMI...
[ACTUALIZAR PAGOS · AUTO]   ✓ Causas totales (maestro): 134069 registros
[ACTUALIZAR PAGOS · AUTO] ⏱ PASO 2.5 (causas simplificado): 0.0s
[ACTUALIZAR PAGOS · AUTO] ================================================================================
[ACTUALIZAR PAGOS · AUTO] PASO 2.5: ARMANDO causas.txt SIMPLIFICADO (cruce contra total_causas_sigemi.txt)
[ACTUALIZAR PAGOS · AUTO] ================================================================================
[ACTUALIZAR PAGOS · AUTO]   • Actas vencidas viejas (multas): 103191
[ACTUALIZAR PAGOS · AUTO]   • Causas totales en el maestro SIGEMI: 134069
[ACTUALIZAR PAGOS · AUTO]   • Causas que coinciden (simplificado): 102864
[ACTUALIZAR PAGOS · AUTO]   ✅ Archivo escrito: backend/descargas/causas/causas.txt
[ACTUALIZAR PAGOS · AUTO] ⏱ PASO 2.5 (causas simplificado): 0.4s
[ACTUALIZAR PAGOS · AUTO] ⚠️  NO HAY PAGOS CON ACTA_NUMERO PARA PROCESAR
[ACTUALIZAR PAGOS · AUTO] Creando archivo vacío...
[ACTUALIZAR PAGOS · AUTO] ✅ TXT de pagos (ya cruzado con actas y causas) generado en: backend/descargas/pagos/2026-07-27/PAGOS 20260727 153315.txt
[ACTUALIZAR PAGOS · AUTO] 🧹 TXT de pagos crudo eliminado (ya usado en el cruce): backend/descargas/pagos/2026-07-27/PAGOS DESCARGADOS.txt
[ACTUALIZAR PAGOS · AUTO] 🧹 Excel MULTAS_SIGEMI_CRUCE eliminado (ya usado en el cruce): backend/descargas/cache_actas_cruce/MULTAS_SIGEMI_CRUCE.xlsx
[ACTUALIZAR PAGOS · AUTO] 🧹 Excel MULTAS_JUZGADO_CRUCE eliminado (ya usado en el cruce): backend/descargas/cache_actas_cruce/MULTAS_JUZGADO_CRUCE.xlsx
[ACTUALIZAR PAGOS · AUTO] ✅ CompararActasPaso finalizado. (⏱ 8.5s)
[ACTUALIZAR PAGOS · AUTO] ✓ [CompararActasPaso] Completado.
[ACTUALIZAR PAGOS · AUTO] ▶ [CargarPagosPaso] Iniciando...
[ACTUALIZAR PAGOS · AUTO] ==================================================
[ACTUALIZAR PAGOS · AUTO] 🚀 PASO: CargarPagosPaso
[ACTUALIZAR PAGOS · AUTO] ==================================================
[ACTUALIZAR PAGOS · AUTO] ℹ No se encontraron pagos para actualizar (el TXT final no tiene registros).
[ACTUALIZAR PAGOS · AUTO] 🧹 TXT de pagos sin registros eliminado (nada para subir): backend/descargas/pagos/2026-07-27/PAGOS 20260727 153315.txt
[ACTUALIZAR PAGOS · AUTO] ⏭ Se omite la carga al SEMyT.
[ACTUALIZAR PAGOS · AUTO] ✅ CargarPagosPaso finalizado. (⏱ 0.0s)
[ACTUALIZAR PAGOS · AUTO] ✓ [CargarPagosPaso] Completado.
[ACTUALIZAR PAGOS · AUTO] === Ejecución finalizada con éxito ===
[ACTUALIZAR PAGOS · AUTO] ℹ No se subió ningún archivo a ningún sistema externo en esta corrida: por política, el log detallado no se conserva en disco.
🤖 [Automático] Es hora de actualizar pagos. Arrancando...
[ACTUALIZAR PAGOS · AUTO] === Inicio de ejecución: pagos ===
[ACTUALIZAR PAGOS · AUTO] ▶ [LoginSemytPaso] Iniciando...
[ACTUALIZAR PAGOS · AUTO] ==================================================
[ACTUALIZAR PAGOS · AUTO] 🚀 PASO: LoginSemytPaso
[ACTUALIZAR PAGOS · AUTO] ==================================================
[ACTUALIZAR PAGOS · AUTO] Abriendo SEMyT...
[ACTUALIZAR PAGOS · AUTO] ✅ [SEMyT] Sesión existente detectada. Login omitido.
[ACTUALIZAR PAGOS · AUTO] ✅ LoginSemytPaso finalizado. (⏱ 2.4s)
[ACTUALIZAR PAGOS · AUTO] ✓ [LoginSemytPaso] Completado.
[ACTUALIZAR PAGOS · AUTO] ▶ [LoginJuzgadoPaso] Iniciando...
[ACTUALIZAR PAGOS · AUTO] ==================================================
[ACTUALIZAR PAGOS · AUTO] 🚀 PASO: LoginJuzgadoPaso
[ACTUALIZAR PAGOS · AUTO] ==================================================
[ACTUALIZAR PAGOS · AUTO] Abriendo sitio municipalidad (CiDi)...
[ACTUALIZAR PAGOS · AUTO] ✅ [Juzgado] Sesión existente detectada. Login omitido.
[ACTUALIZAR PAGOS · AUTO] ✅ LoginJuzgadoPaso finalizado. (⏱ 0.4s)
[ACTUALIZAR PAGOS · AUTO] ✓ [LoginJuzgadoPaso] Completado.
[ACTUALIZAR PAGOS · AUTO] ▶ [DescargasParalelasPaso] Iniciando...
[ACTUALIZAR PAGOS · AUTO] ==================================================
[ACTUALIZAR PAGOS · AUTO] 🚀 PASO: DescargasParalelasPaso
[ACTUALIZAR PAGOS · AUTO] ==================================================
[ACTUALIZAR PAGOS · AUTO] 📤 Arrancando las 3 descargas en paralelo (mismo browser, páginas separadas)...
[ACTUALIZAR PAGOS · AUTO] Fecha Desde: 27/06/2024
[ACTUALIZAR PAGOS · AUTO] Fecha Hasta: 24/11/2025
[ACTUALIZAR PAGOS · AUTO] Fecha Desde: 25/11/2025
[ACTUALIZAR PAGOS · AUTO] Fecha Hasta: 27/07/2026
[ACTUALIZAR PAGOS · AUTO] Descargando Excel...
[ACTUALIZAR PAGOS · AUTO] Descargando Excel...
⏳ [Automático] Tocaba disparar 'pagos' pero ya hay una ejecución en curso (Actualizar pagos); esperando a que termine; se reintenta en breve sin perder el turno.
[ACTUALIZAR PAGOS · AUTO] Archivo descargado en: backend/descargas/cache_actas_cruce/MULTAS_JUZGADO_CRUCE.xlsx
[ACTUALIZAR PAGOS · AUTO] ⏱ [actas_juzgado] completado en 13.2s
[ACTUALIZAR PAGOS · AUTO] Archivo descargado en: backend/descargas/cache_actas_cruce/MULTAS_SIGEMI_CRUCE.xlsx
[ACTUALIZAR PAGOS · AUTO] ⏱ [actas_sigemi] completado en 23.9s
[ACTUALIZAR PAGOS · AUTO] ✅ TXT de pagos descargado en: backend/descargas/pagos/2026-07-27/PAGOS DESCARGADOS.txt
[ACTUALIZAR PAGOS · AUTO] ⏱ [pagos_txt] completado en 26.4s
[ACTUALIZAR PAGOS · AUTO] ⏱ TOTAL descargas en paralelo: 26.4s
[ACTUALIZAR PAGOS · AUTO] ✅ DescargasParalelasPaso finalizado. (⏱ 26.7s)
[ACTUALIZAR PAGOS · AUTO] ✓ [DescargasParalelasPaso] Completado.
[ACTUALIZAR PAGOS · AUTO] ▶ [CompararActasPaso] Iniciando...
[ACTUALIZAR PAGOS · AUTO] ==================================================
[ACTUALIZAR PAGOS · AUTO] 🚀 PASO: CompararActasPaso
[ACTUALIZAR PAGOS · AUTO] ==================================================
[ACTUALIZAR PAGOS · AUTO] 🔍 Comparando actas del SEMyT contra pagos del Juzgado...
[ACTUALIZAR PAGOS · AUTO] ================================================================================
[ACTUALIZAR PAGOS · AUTO] INICIANDO PROCESO DE GENERACIÓN DE PAGOS DESACTUALIZADOS
[ACTUALIZAR PAGOS · AUTO] ================================================================================
[ACTUALIZAR PAGOS · AUTO] 📂 Cargando archivos...
[ACTUALIZAR PAGOS · AUTO]   ✓ Pagos: 17884 registros
[ACTUALIZAR PAGOS · AUTO]   ✓ Excel SIGEMI (multas vencidas viejas): 103191 registros
[ACTUALIZAR PAGOS · AUTO]   ✓ Excel Juzgado (multas vencidas nuevas): 40367 registros
[ACTUALIZAR PAGOS · AUTO] ================================================================================
[ACTUALIZAR PAGOS · AUTO] PASO 1: LLENANDO ACTA_NUMERO (búsqueda por patente + fecha, con desempate por hora)
[ACTUALIZAR PAGOS · AUTO] ================================================================================
[ACTUALIZAR PAGOS · AUTO] 📊 ESTADÍSTICAS DE LLENADO DE ACTAS:
[ACTUALIZAR PAGOS · AUTO]   • Pagos con acta ORIGINAL: 3513
[ACTUALIZAR PAGOS · AUTO]   • Pagos SIN acta (buscados): 14371
[ACTUALIZAR PAGOS · AUTO]   • Pagos LLENADOS exitosamente: 0
[ACTUALIZAR PAGOS · AUTO]   • Pagos NO encontrados en multas: 14371
[ACTUALIZAR PAGOS · AUTO]   • Pagos SIN RESOLVER por desbalance de cantidades: 0
[ACTUALIZAR PAGOS · AUTO] ================================================================================
[ACTUALIZAR PAGOS · AUTO] PASO 1: LLENANDO ACTA_NUMERO (búsqueda por patente + fecha, con desempate por hora)
[ACTUALIZAR PAGOS · AUTO] ================================================================================
[ACTUALIZAR PAGOS · AUTO] 📊 ESTADÍSTICAS DE LLENADO DE ACTAS:
[ACTUALIZAR PAGOS · AUTO]   • Pagos con acta ORIGINAL: 3513
[ACTUALIZAR PAGOS · AUTO]   • Pagos SIN acta (buscados): 14371
[ACTUALIZAR PAGOS · AUTO]   • Pagos LLENADOS exitosamente: 0
[ACTUALIZAR PAGOS · AUTO]   • Pagos NO encontrados en multas: 14371
[ACTUALIZAR PAGOS · AUTO]   • Pagos SIN RESOLVER por desbalance de cantidades: 0
[ACTUALIZAR PAGOS · AUTO] ⏱ PASO 1 (llenar actas): 3.3s
[ACTUALIZAR PAGOS · AUTO] ================================================================================
[ACTUALIZAR PAGOS · AUTO] PASO 2: FILTRANDO PAGOS CON ACTA_NUMERO COMPLETO
[ACTUALIZAR PAGOS · AUTO] ================================================================================
[ACTUALIZAR PAGOS · AUTO] 📊 ESTADÍSTICAS DE FILTRADO:
[ACTUALIZAR PAGOS · AUTO]   • Pagos TOTALES al inicio: 17884
[ACTUALIZAR PAGOS · AUTO]   • Pagos CON acta (MANTIENEN): 3513
[ACTUALIZAR PAGOS · AUTO]   • Pagos RECHAZADOS (sin coincidencias): 14371
[ACTUALIZAR PAGOS · AUTO] ⚠️  Se eliminaron 14371 registros sin número de acta
[ACTUALIZAR PAGOS · AUTO]      (recordá: esto incluye tanto pagos ya actualizados/pagados
[ACTUALIZAR PAGOS · AUTO]       como pagos que quedaron sin resolver por desbalance en el Paso 1)
[ACTUALIZAR PAGOS · AUTO] ================================================================================
[ACTUALIZAR PAGOS · AUTO] PASO 2-bis: CONFIRMANDO VIGENCIA DE PAGOS (sistema NUEVO contra MULTAS_JUZGADO_CRUCE, sistema VIEJO contra SIGEMI)
[ACTUALIZAR PAGOS · AUTO] ================================================================================
[ACTUALIZAR PAGOS · AUTO]   ⚠ 3510 pago(s) descartados: su acta ya no figura como vencida en MULTAS_JUZGADO_CRUCE (SEMyT ya los actualizó).
[ACTUALIZAR PAGOS · AUTO]   ⚠ 2 pago(s) descartados: su acta ya no figura como vencida en el Excel de SIGEMI (SEMyT ya los actualizó).
[ACTUALIZAR PAGOS · AUTO]   • Pagos descartados en total por ya estar actualizados/pagados: 3512
[ACTUALIZAR PAGOS · AUTO] ⏱ PASO 2 (filtrar): 0.3s
[ACTUALIZAR PAGOS · AUTO] 📂 Cargando maestro de causas SIGEMI...
[ACTUALIZAR PAGOS · AUTO]   ✓ Causas totales (maestro): 134069 registros
[ACTUALIZAR PAGOS · AUTO] ⏱ PASO 2.5 (causas simplificado): 0.0s
[ACTUALIZAR PAGOS · AUTO] ================================================================================
[ACTUALIZAR PAGOS · AUTO] PASO 2.5: ARMANDO causas.txt SIMPLIFICADO (cruce contra total_causas_sigemi.txt)
[ACTUALIZAR PAGOS · AUTO] ================================================================================
[ACTUALIZAR PAGOS · AUTO]   • Actas vencidas viejas (multas): 103191
[ACTUALIZAR PAGOS · AUTO]   • Causas totales en el maestro SIGEMI: 134069
[ACTUALIZAR PAGOS · AUTO]   • Causas que coinciden (simplificado): 102864
[ACTUALIZAR PAGOS · AUTO]   ✅ Archivo escrito: backend/descargas/causas/causas.txt
[ACTUALIZAR PAGOS · AUTO] ⏱ PASO 2.5 (causas simplificado): 0.4s
[ACTUALIZAR PAGOS · AUTO] ================================================================================
[ACTUALIZAR PAGOS · AUTO] PASO 3: LLENANDO CAUSA_NUMERO (según fecha de cambio de sistema, cruzando por acta + año)
[ACTUALIZAR PAGOS · AUTO] ================================================================================
[ACTUALIZAR PAGOS · AUTO] 📊 ESTADÍSTICAS DE LLENADO DE CAUSAS:
[ACTUALIZAR PAGOS · AUTO]   • Pagos con causa ORIGINAL: 1
[ACTUALIZAR PAGOS · AUTO]   • Causas encontradas en SIGEMI (actas viejas): 0
[ACTUALIZAR PAGOS · AUTO]   • Causas NO encontradas en SIGEMI: 0
[ACTUALIZAR PAGOS · AUTO]   • Causas asignadas automáticamente (actas nuevas): 0
[ACTUALIZAR PAGOS · AUTO] ⏱ PASO 3 (llenar causas): 0.0s
[ACTUALIZAR PAGOS · AUTO] ================================================================================
[ACTUALIZAR PAGOS · AUTO] PASO 4: ORDENANDO POR FECHA Y ACTA_NUMERO
[ACTUALIZAR PAGOS · AUTO] ================================================================================
[ACTUALIZAR PAGOS · AUTO] ✓ Pagos ordenados correctamente
[ACTUALIZAR PAGOS · AUTO]   • Primera entrada: Acta=293776, Fecha=13/04/2026
[ACTUALIZAR PAGOS · AUTO]   • Última entrada: Acta=293776, Fecha=13/04/2026
[ACTUALIZAR PAGOS · AUTO] 📝 Escribiendo archivo de salida...
[ACTUALIZAR PAGOS · AUTO]   ✅ Archivo escrito: backend/descargas/pagos/2026-07-27/PAGOS 20260727 154404.txt
[ACTUALIZAR PAGOS · AUTO]   ✅ Total registros: 261
[ACTUALIZAR PAGOS · AUTO] ⏱ PASO 4 (ordenar y escribir): 0.0s
[ACTUALIZAR PAGOS · AUTO] ================================================================================
[ACTUALIZAR PAGOS · AUTO] ✅ PROCESO COMPLETADO EXITOSAMENTE
[ACTUALIZAR PAGOS · AUTO] ================================================================================
[ACTUALIZAR PAGOS · AUTO] 📊 RESUMEN FINAL DEL PROCESAMIENTO:
[ACTUALIZAR PAGOS · AUTO]   ENTRADA:
[ACTUALIZAR PAGOS · AUTO]     • Pagos originales: 17884
[ACTUALIZAR PAGOS · AUTO]     • Multas SIGEMI cargadas: 103191
[ACTUALIZAR PAGOS · AUTO]     • Multas Juzgado cargadas: 40367
[ACTUALIZAR PAGOS · AUTO]     • Causas simplificadas (usadas para el cruce): 102864
[ACTUALIZAR PAGOS · AUTO]   PROCESO:
[ACTUALIZAR PAGOS · AUTO]     • Pagos rechazados sigemi: 14371
[ACTUALIZAR PAGOS · AUTO]     • Pagos rechazados juzgado: 3512
[ACTUALIZAR PAGOS · AUTO]   SALIDA:
[ACTUALIZAR PAGOS · AUTO]     • Pagos desactualizados procesados: 1
[ACTUALIZAR PAGOS · AUTO]     • Archivo final: backend/descargas/pagos/2026-07-27/PAGOS 20260727 154404.txt
[ACTUALIZAR PAGOS · AUTO]     • Ordenados por fecha: SÍ ✓
[ACTUALIZAR PAGOS · AUTO]     • Todos con ACTA_NUMERO: SÍ ✓
[ACTUALIZAR PAGOS · AUTO]     • Todos con CAUSA_NUMERO: SÍ ✓
[ACTUALIZAR PAGOS · AUTO] ✅ TXT de pagos (ya cruzado con actas y causas) generado en: backend/descargas/pagos/2026-07-27/PAGOS 20260727 154404.txt
[ACTUALIZAR PAGOS · AUTO] 🧹 TXT de pagos crudo eliminado (ya usado en el cruce): backend/descargas/pagos/2026-07-27/PAGOS DESCARGADOS.txt
[ACTUALIZAR PAGOS · AUTO] 🧹 Excel MULTAS_SIGEMI_CRUCE eliminado (ya usado en el cruce): backend/descargas/cache_actas_cruce/MULTAS_SIGEMI_CRUCE.xlsx
[ACTUALIZAR PAGOS · AUTO] 🧹 Excel MULTAS_JUZGADO_CRUCE eliminado (ya usado en el cruce): backend/descargas/cache_actas_cruce/MULTAS_JUZGADO_CRUCE.xlsx
[ACTUALIZAR PAGOS · AUTO] ✅ CompararActasPaso finalizado. (⏱ 8.5s)
[ACTUALIZAR PAGOS · AUTO] ✓ [CompararActasPaso] Completado.
[ACTUALIZAR PAGOS · AUTO] ▶ [CargarPagosPaso] Iniciando...
[ACTUALIZAR PAGOS · AUTO] ==================================================
[ACTUALIZAR PAGOS · AUTO] 🚀 PASO: CargarPagosPaso
[ACTUALIZAR PAGOS · AUTO] ==================================================
[ACTUALIZAR PAGOS · AUTO] 📤 Subiendo TXT de pagos al SEMyT...
[ACTUALIZAR PAGOS · AUTO] ✅ Importación de pagos completada con éxito.
[ACTUALIZAR PAGOS · AUTO] ✅ Archivo TXT de pagos cargado en el SEMyT correctamente.
[ACTUALIZAR PAGOS · AUTO] ✅ CargarPagosPaso finalizado. (⏱ 1.5s)
[ACTUALIZAR PAGOS · AUTO] ✓ [CargarPagosPaso] Completado.
[ACTUALIZAR PAGOS · AUTO] === Ejecución finalizada con éxito ===
🤖 [Automático] Es hora de actualizar pagos. Arrancando...
[ACTUALIZAR PAGOS · AUTO] === Inicio de ejecución: pagos ===
[ACTUALIZAR PAGOS · AUTO] ▶ [LoginSemytPaso] Iniciando...
[ACTUALIZAR PAGOS · AUTO] ==================================================
[ACTUALIZAR PAGOS · AUTO] 🚀 PASO: LoginSemytPaso
[ACTUALIZAR PAGOS · AUTO] ==================================================
[ACTUALIZAR PAGOS · AUTO] Abriendo SEMyT...
[ACTUALIZAR PAGOS · AUTO] ✅ [SEMyT] Sesión existente detectada. Login omitido.
[ACTUALIZAR PAGOS · AUTO] ✅ LoginSemytPaso finalizado. (⏱ 2.9s)
[ACTUALIZAR PAGOS · AUTO] ✓ [LoginSemytPaso] Completado.
[ACTUALIZAR PAGOS · AUTO] ▶ [LoginJuzgadoPaso] Iniciando...
[ACTUALIZAR PAGOS · AUTO] ==================================================
[ACTUALIZAR PAGOS · AUTO] 🚀 PASO: LoginJuzgadoPaso
[ACTUALIZAR PAGOS · AUTO] ==================================================
[ACTUALIZAR PAGOS · AUTO] Abriendo sitio municipalidad (CiDi)...
[ACTUALIZAR PAGOS · AUTO] ✅ [Juzgado] Sesión existente detectada. Login omitido.
[ACTUALIZAR PAGOS · AUTO] ✅ LoginJuzgadoPaso finalizado. (⏱ 0.4s)
[ACTUALIZAR PAGOS · AUTO] ✓ [LoginJuzgadoPaso] Completado.
[ACTUALIZAR PAGOS · AUTO] ▶ [DescargasParalelasPaso] Iniciando...
[ACTUALIZAR PAGOS · AUTO] ==================================================
[ACTUALIZAR PAGOS · AUTO] 🚀 PASO: DescargasParalelasPaso
[ACTUALIZAR PAGOS · AUTO] ==================================================
[ACTUALIZAR PAGOS · AUTO] 📤 Arrancando las 3 descargas en paralelo (mismo browser, páginas separadas)...
[ACTUALIZAR PAGOS · AUTO] Fecha Desde: 27/06/2024
[ACTUALIZAR PAGOS · AUTO] Fecha Hasta: 24/11/2025
[ACTUALIZAR PAGOS · AUTO] Fecha Desde: 25/11/2025
[ACTUALIZAR PAGOS · AUTO] Fecha Hasta: 27/07/2026
[ACTUALIZAR PAGOS · AUTO] Descargando Excel...
[ACTUALIZAR PAGOS · AUTO] Descargando Excel...
[ACTUALIZAR PAGOS · AUTO] Archivo descargado en: backend/descargas/cache_actas_cruce/MULTAS_JUZGADO_CRUCE.xlsx
⏳ [Automático] Tocaba disparar 'pagos' pero ya hay una ejecución en curso (Actualizar pagos); esperando a que termine; se reintenta en breve sin perder el turno.
[ACTUALIZAR PAGOS · AUTO] ⏱ [actas_juzgado] completado en 11.5s
[ACTUALIZAR PAGOS · AUTO] Archivo descargado en: backend/descargas/cache_actas_cruce/MULTAS_SIGEMI_CRUCE.xlsx
[ACTUALIZAR PAGOS · AUTO] ⏱ [actas_sigemi] completado en 25.6s
[ACTUALIZAR PAGOS · AUTO] ✅ TXT de pagos descargado en: backend/descargas/pagos/2026-07-27/PAGOS DESCARGADOS.txt
[ACTUALIZAR PAGOS · AUTO] ⏱ [pagos_txt] completado en 25.7s
[ACTUALIZAR PAGOS · AUTO] ⏱ TOTAL descargas en paralelo: 25.7s
[ACTUALIZAR PAGOS · AUTO] ✅ DescargasParalelasPaso finalizado. (⏱ 25.9s)
[ACTUALIZAR PAGOS · AUTO] ✓ [DescargasParalelasPaso] Completado.
[ACTUALIZAR PAGOS · AUTO] ▶ [CompararActasPaso] Iniciando...
[ACTUALIZAR PAGOS · AUTO] ==================================================
[ACTUALIZAR PAGOS · AUTO] 🚀 PASO: CompararActasPaso
[ACTUALIZAR PAGOS · AUTO] ==================================================
[ACTUALIZAR PAGOS · AUTO] 🔍 Comparando actas del SEMyT contra pagos del Juzgado...
[ACTUALIZAR PAGOS · AUTO] ================================================================================
[ACTUALIZAR PAGOS · AUTO] INICIANDO PROCESO DE GENERACIÓN DE PAGOS DESACTUALIZADOS
[ACTUALIZAR PAGOS · AUTO] ================================================================================
[ACTUALIZAR PAGOS · AUTO] 📂 Cargando archivos...
[ACTUALIZAR PAGOS · AUTO]   ✓ Pagos: 17885 registros
[ACTUALIZAR PAGOS · AUTO]   ✓ Excel SIGEMI (multas vencidas viejas): 103191 registros
[ACTUALIZAR PAGOS · AUTO]   ✓ Excel Juzgado (multas vencidas nuevas): 40366 registros
[ACTUALIZAR PAGOS · AUTO] ================================================================================
[ACTUALIZAR PAGOS · AUTO] PASO 1: LLENANDO ACTA_NUMERO (búsqueda por patente + fecha, con desempate por hora)
[ACTUALIZAR PAGOS · AUTO] ================================================================================
[ACTUALIZAR PAGOS · AUTO] 📊 ESTADÍSTICAS DE LLENADO DE ACTAS:
[ACTUALIZAR PAGOS · AUTO]   • Pagos con acta ORIGINAL: 3514
[ACTUALIZAR PAGOS · AUTO]   • Pagos SIN acta (buscados): 14371
[ACTUALIZAR PAGOS · AUTO]   • Pagos LLENADOS exitosamente: 0
[ACTUALIZAR PAGOS · AUTO]   • Pagos NO encontrados en multas: 14371
[ACTUALIZAR PAGOS · AUTO]   • Pagos SIN RESOLVER por desbalance de cantidades: 0
[ACTUALIZAR PAGOS · AUTO] ================================================================================
[ACTUALIZAR PAGOS · AUTO] PASO 1: LLENANDO ACTA_NUMERO (búsqueda por patente + fecha, con desempate por hora)
[ACTUALIZAR PAGOS · AUTO] ================================================================================
[ACTUALIZAR PAGOS · AUTO] 📊 ESTADÍSTICAS DE LLENADO DE ACTAS:
[ACTUALIZAR PAGOS · AUTO]   • Pagos con acta ORIGINAL: 3514
[ACTUALIZAR PAGOS · AUTO]   • Pagos SIN acta (buscados): 14371
[ACTUALIZAR PAGOS · AUTO]   • Pagos LLENADOS exitosamente: 0
[ACTUALIZAR PAGOS · AUTO]   • Pagos NO encontrados en multas: 14371
[ACTUALIZAR PAGOS · AUTO]   • Pagos SIN RESOLVER por desbalance de cantidades: 0
[ACTUALIZAR PAGOS · AUTO] ⏱ PASO 1 (llenar actas): 3.3s
[ACTUALIZAR PAGOS · AUTO] ================================================================================
[ACTUALIZAR PAGOS · AUTO] PASO 2: FILTRANDO PAGOS CON ACTA_NUMERO COMPLETO
[ACTUALIZAR PAGOS · AUTO] ================================================================================
[ACTUALIZAR PAGOS · AUTO] 📊 ESTADÍSTICAS DE FILTRADO:
[ACTUALIZAR PAGOS · AUTO]   • Pagos TOTALES al inicio: 17885
[ACTUALIZAR PAGOS · AUTO]   • Pagos CON acta (MANTIENEN): 3514
[ACTUALIZAR PAGOS · AUTO]   • Pagos RECHAZADOS (sin coincidencias): 14371
[ACTUALIZAR PAGOS · AUTO] ⚠️  Se eliminaron 14371 registros sin número de acta
[ACTUALIZAR PAGOS · AUTO]      (recordá: esto incluye tanto pagos ya actualizados/pagados
[ACTUALIZAR PAGOS · AUTO]       como pagos que quedaron sin resolver por desbalance en el Paso 1)
[ACTUALIZAR PAGOS · AUTO] ================================================================================
[ACTUALIZAR PAGOS · AUTO] PASO 2-bis: CONFIRMANDO VIGENCIA DE PAGOS (sistema NUEVO contra MULTAS_JUZGADO_CRUCE, sistema VIEJO contra SIGEMI)
[ACTUALIZAR PAGOS · AUTO] ================================================================================
[ACTUALIZAR PAGOS · AUTO]   ⚠ 3511 pago(s) descartados: su acta ya no figura como vencida en MULTAS_JUZGADO_CRUCE (SEMyT ya los actualizó).
[ACTUALIZAR PAGOS · AUTO]   ⚠ 2 pago(s) descartados: su acta ya no figura como vencida en el Excel de SIGEMI (SEMyT ya los actualizó).
[ACTUALIZAR PAGOS · AUTO]   • Pagos descartados en total por ya estar actualizados/pagados: 3513
[ACTUALIZAR PAGOS · AUTO] ⏱ PASO 2 (filtrar): 0.3s
[ACTUALIZAR PAGOS · AUTO] 📂 Cargando maestro de causas SIGEMI...
[ACTUALIZAR PAGOS · AUTO]   ✓ Causas totales (maestro): 134069 registros
[ACTUALIZAR PAGOS · AUTO] ⏱ PASO 2.5 (causas simplificado): 0.0s
[ACTUALIZAR PAGOS · AUTO] ================================================================================
[ACTUALIZAR PAGOS · AUTO] PASO 2.5: ARMANDO causas.txt SIMPLIFICADO (cruce contra total_causas_sigemi.txt)
[ACTUALIZAR PAGOS · AUTO] ================================================================================
[ACTUALIZAR PAGOS · AUTO]   • Actas vencidas viejas (multas): 103191
[ACTUALIZAR PAGOS · AUTO]   • Causas totales en el maestro SIGEMI: 134069
[ACTUALIZAR PAGOS · AUTO]   • Causas que coinciden (simplificado): 102864
[ACTUALIZAR PAGOS · AUTO]   ✅ Archivo escrito: backend/descargas/causas/causas.txt
[ACTUALIZAR PAGOS · AUTO] ⏱ PASO 2.5 (causas simplificado): 0.4s
[ACTUALIZAR PAGOS · AUTO] ================================================================================
[ACTUALIZAR PAGOS · AUTO] PASO 3: LLENANDO CAUSA_NUMERO (según fecha de cambio de sistema, cruzando por acta + año)
[ACTUALIZAR PAGOS · AUTO] ================================================================================
[ACTUALIZAR PAGOS · AUTO] 📊 ESTADÍSTICAS DE LLENADO DE CAUSAS:
[ACTUALIZAR PAGOS · AUTO]   • Pagos con causa ORIGINAL: 1
[ACTUALIZAR PAGOS · AUTO]   • Causas encontradas en SIGEMI (actas viejas): 0
[ACTUALIZAR PAGOS · AUTO]   • Causas NO encontradas en SIGEMI: 0
[ACTUALIZAR PAGOS · AUTO]   • Causas asignadas automáticamente (actas nuevas): 0
[ACTUALIZAR PAGOS · AUTO] ⏱ PASO 3 (llenar causas): 0.0s
[ACTUALIZAR PAGOS · AUTO] ================================================================================
[ACTUALIZAR PAGOS · AUTO] PASO 4: ORDENANDO POR FECHA Y ACTA_NUMERO
[ACTUALIZAR PAGOS · AUTO] ================================================================================
[ACTUALIZAR PAGOS · AUTO] ✓ Pagos ordenados correctamente
[ACTUALIZAR PAGOS · AUTO]   • Primera entrada: Acta=256154, Fecha=14/01/2026
[ACTUALIZAR PAGOS · AUTO]   • Última entrada: Acta=256154, Fecha=14/01/2026
[ACTUALIZAR PAGOS · AUTO] 📝 Escribiendo archivo de salida...
[ACTUALIZAR PAGOS · AUTO]   ✅ Archivo escrito: backend/descargas/pagos/2026-07-27/PAGOS 20260727 155449.txt
[ACTUALIZAR PAGOS · AUTO]   ✅ Total registros: 257
[ACTUALIZAR PAGOS · AUTO] ⏱ PASO 4 (ordenar y escribir): 0.0s
[ACTUALIZAR PAGOS · AUTO] ================================================================================
[ACTUALIZAR PAGOS · AUTO] ✅ PROCESO COMPLETADO EXITOSAMENTE
[ACTUALIZAR PAGOS · AUTO] ================================================================================
[ACTUALIZAR PAGOS · AUTO] 📊 RESUMEN FINAL DEL PROCESAMIENTO:
[ACTUALIZAR PAGOS · AUTO]   ENTRADA:
[ACTUALIZAR PAGOS · AUTO]     • Pagos originales: 17885
[ACTUALIZAR PAGOS · AUTO]     • Multas SIGEMI cargadas: 103191
[ACTUALIZAR PAGOS · AUTO]     • Multas Juzgado cargadas: 40366
[ACTUALIZAR PAGOS · AUTO]     • Causas simplificadas (usadas para el cruce): 102864
[ACTUALIZAR PAGOS · AUTO]   PROCESO:
[ACTUALIZAR PAGOS · AUTO]     • Pagos rechazados sigemi: 14371
[ACTUALIZAR PAGOS · AUTO]     • Pagos rechazados juzgado: 3513
[ACTUALIZAR PAGOS · AUTO]   SALIDA:
[ACTUALIZAR PAGOS · AUTO]     • Pagos desactualizados procesados: 1
[ACTUALIZAR PAGOS · AUTO]     • Archivo final: backend/descargas/pagos/2026-07-27/PAGOS 20260727 155449.txt
[ACTUALIZAR PAGOS · AUTO]     • Ordenados por fecha: SÍ ✓
[ACTUALIZAR PAGOS · AUTO]     • Todos con ACTA_NUMERO: SÍ ✓
[ACTUALIZAR PAGOS · AUTO]     • Todos con CAUSA_NUMERO: SÍ ✓
[ACTUALIZAR PAGOS · AUTO] ✅ TXT de pagos (ya cruzado con actas y causas) generado en: backend/descargas/pagos/2026-07-27/PAGOS 20260727 155449.txt
[ACTUALIZAR PAGOS · AUTO] 🧹 TXT de pagos crudo eliminado (ya usado en el cruce): backend/descargas/pagos/2026-07-27/PAGOS DESCARGADOS.txt
[ACTUALIZAR PAGOS · AUTO] 🧹 Excel MULTAS_SIGEMI_CRUCE eliminado (ya usado en el cruce): backend/descargas/cache_actas_cruce/MULTAS_SIGEMI_CRUCE.xlsx
[ACTUALIZAR PAGOS · AUTO] 🧹 Excel MULTAS_JUZGADO_CRUCE eliminado (ya usado en el cruce): backend/descargas/cache_actas_cruce/MULTAS_JUZGADO_CRUCE.xlsx
[ACTUALIZAR PAGOS · AUTO] ✅ CompararActasPaso finalizado. (⏱ 8.6s)
[ACTUALIZAR PAGOS · AUTO] ✓ [CompararActasPaso] Completado.
[ACTUALIZAR PAGOS · AUTO] ▶ [CargarPagosPaso] Iniciando...
[ACTUALIZAR PAGOS · AUTO] ==================================================
[ACTUALIZAR PAGOS · AUTO] 🚀 PASO: CargarPagosPaso
[ACTUALIZAR PAGOS · AUTO] ==================================================
[ACTUALIZAR PAGOS · AUTO] 📤 Subiendo TXT de pagos al SEMyT...
[ACTUALIZAR PAGOS · AUTO] ✅ Importación de pagos completada con éxito.
[ACTUALIZAR PAGOS · AUTO] ✅ Archivo TXT de pagos cargado en el SEMyT correctamente.
[ACTUALIZAR PAGOS · AUTO] ✅ CargarPagosPaso finalizado. (⏱ 2.0s)
[ACTUALIZAR PAGOS · AUTO] ✓ [CargarPagosPaso] Completado.
[ACTUALIZAR PAGOS · AUTO] === Ejecución finalizada con éxito ===
🤖 [Automático] Es hora de actualizar pagos. Arrancando...
[ACTUALIZAR PAGOS · AUTO] === Inicio de ejecución: pagos ===
[ACTUALIZAR PAGOS · AUTO] ▶ [LoginSemytPaso] Iniciando...
[ACTUALIZAR PAGOS · AUTO] ==================================================
[ACTUALIZAR PAGOS · AUTO] 🚀 PASO: LoginSemytPaso
[ACTUALIZAR PAGOS · AUTO] ==================================================
[ACTUALIZAR PAGOS · AUTO] Abriendo SEMyT...
[ACTUALIZAR PAGOS · AUTO] ✅ [SEMyT] Sesión existente detectada. Login omitido.
[ACTUALIZAR PAGOS · AUTO] ✅ LoginSemytPaso finalizado. (⏱ 2.4s)
[ACTUALIZAR PAGOS · AUTO] ✓ [LoginSemytPaso] Completado.
[ACTUALIZAR PAGOS · AUTO] ▶ [LoginJuzgadoPaso] Iniciando...
[ACTUALIZAR PAGOS · AUTO] ==================================================
[ACTUALIZAR PAGOS · AUTO] 🚀 PASO: LoginJuzgadoPaso
[ACTUALIZAR PAGOS · AUTO] ==================================================
[ACTUALIZAR PAGOS · AUTO] Abriendo sitio municipalidad (CiDi)...
[ACTUALIZAR PAGOS · AUTO] ✅ [Juzgado] Sesión existente detectada. Login omitido.
[ACTUALIZAR PAGOS · AUTO] ✅ LoginJuzgadoPaso finalizado. (⏱ 0.4s)
[ACTUALIZAR PAGOS · AUTO] ✓ [LoginJuzgadoPaso] Completado.
[ACTUALIZAR PAGOS · AUTO] ▶ [DescargasParalelasPaso] Iniciando...
[ACTUALIZAR PAGOS · AUTO] ==================================================
[ACTUALIZAR PAGOS · AUTO] 🚀 PASO: DescargasParalelasPaso
[ACTUALIZAR PAGOS · AUTO] ==================================================
[ACTUALIZAR PAGOS · AUTO] 📤 Arrancando las 3 descargas en paralelo (mismo browser, páginas separadas)...
[ACTUALIZAR PAGOS · AUTO] Fecha Desde: 27/06/2024
[ACTUALIZAR PAGOS · AUTO] Fecha Hasta: 24/11/2025
[ACTUALIZAR PAGOS · AUTO] Fecha Desde: 25/11/2025
[ACTUALIZAR PAGOS · AUTO] Fecha Hasta: 27/07/2026
[ACTUALIZAR PAGOS · AUTO] Descargando Excel...
[ACTUALIZAR PAGOS · AUTO] Descargando Excel...
[ACTUALIZAR PAGOS · AUTO] Archivo descargado en: backend/descargas/cache_actas_cruce/MULTAS_JUZGADO_CRUCE.xlsx
⏳ [Automático] Tocaba disparar 'pagos' pero ya hay una ejecución en curso (Actualizar pagos); esperando a que termine; se reintenta en breve sin perder el turno.
[ACTUALIZAR PAGOS · AUTO] ⏱ [actas_juzgado] completado en 12.5s
[ACTUALIZAR PAGOS · AUTO] Archivo descargado en: backend/descargas/cache_actas_cruce/MULTAS_SIGEMI_CRUCE.xlsx
[ACTUALIZAR PAGOS · AUTO] ⏱ [actas_sigemi] completado en 22.5s
[ACTUALIZAR PAGOS · AUTO] ✅ TXT de pagos descargado en: backend/descargas/pagos/2026-07-27/PAGOS DESCARGADOS.txt
[ACTUALIZAR PAGOS · AUTO] ⏱ [pagos_txt] completado en 24.8s
[ACTUALIZAR PAGOS · AUTO] ⏱ TOTAL descargas en paralelo: 24.8s
[ACTUALIZAR PAGOS · AUTO] ✅ DescargasParalelasPaso finalizado. (⏱ 25.1s)
[ACTUALIZAR PAGOS · AUTO] ✓ [DescargasParalelasPaso] Completado.
[ACTUALIZAR PAGOS · AUTO] ▶ [CompararActasPaso] Iniciando...
[ACTUALIZAR PAGOS · AUTO] ==================================================
[ACTUALIZAR PAGOS · AUTO] 🚀 PASO: CompararActasPaso
[ACTUALIZAR PAGOS · AUTO] ==================================================
[ACTUALIZAR PAGOS · AUTO] 🔍 Comparando actas del SEMyT contra pagos del Juzgado...
[ACTUALIZAR PAGOS · AUTO] ================================================================================
[ACTUALIZAR PAGOS · AUTO] INICIANDO PROCESO DE GENERACIÓN DE PAGOS DESACTUALIZADOS
[ACTUALIZAR PAGOS · AUTO] ================================================================================
[ACTUALIZAR PAGOS · AUTO] 📂 Cargando archivos...
[ACTUALIZAR PAGOS · AUTO]   ✓ Pagos: 17885 registros
[ACTUALIZAR PAGOS · AUTO]   ✓ Excel SIGEMI (multas vencidas viejas): 103191 registros
[ACTUALIZAR PAGOS · AUTO]   ✓ Excel Juzgado (multas vencidas nuevas): 40365 registros
[ACTUALIZAR PAGOS · AUTO] ================================================================================
[ACTUALIZAR PAGOS · AUTO] PASO 1: LLENANDO ACTA_NUMERO (búsqueda por patente + fecha, con desempate por hora)
[ACTUALIZAR PAGOS · AUTO] ================================================================================
[ACTUALIZAR PAGOS · AUTO] 📊 ESTADÍSTICAS DE LLENADO DE ACTAS:
[ACTUALIZAR PAGOS · AUTO]   • Pagos con acta ORIGINAL: 3514
[ACTUALIZAR PAGOS · AUTO]   • Pagos SIN acta (buscados): 14371
[ACTUALIZAR PAGOS · AUTO]   • Pagos LLENADOS exitosamente: 0
[ACTUALIZAR PAGOS · AUTO]   • Pagos NO encontrados en multas: 14371
[ACTUALIZAR PAGOS · AUTO]   • Pagos SIN RESOLVER por desbalance de cantidades: 0
[ACTUALIZAR PAGOS · AUTO] ================================================================================
[ACTUALIZAR PAGOS · AUTO] PASO 1: LLENANDO ACTA_NUMERO (búsqueda por patente + fecha, con desempate por hora)
[ACTUALIZAR PAGOS · AUTO] ================================================================================
[ACTUALIZAR PAGOS · AUTO] 📊 ESTADÍSTICAS DE LLENADO DE ACTAS:
[ACTUALIZAR PAGOS · AUTO]   • Pagos con acta ORIGINAL: 3514
[ACTUALIZAR PAGOS · AUTO]   • Pagos SIN acta (buscados): 14371
[ACTUALIZAR PAGOS · AUTO]   • Pagos LLENADOS exitosamente: 0
[ACTUALIZAR PAGOS · AUTO]   • Pagos NO encontrados en multas: 14371
[ACTUALIZAR PAGOS · AUTO]   • Pagos SIN RESOLVER por desbalance de cantidades: 0
[ACTUALIZAR PAGOS · AUTO] ⏱ PASO 1 (llenar actas): 3.3s
[ACTUALIZAR PAGOS · AUTO] ================================================================================
[ACTUALIZAR PAGOS · AUTO] PASO 2: FILTRANDO PAGOS CON ACTA_NUMERO COMPLETO
[ACTUALIZAR PAGOS · AUTO] ================================================================================
[ACTUALIZAR PAGOS · AUTO] 📊 ESTADÍSTICAS DE FILTRADO:
[ACTUALIZAR PAGOS · AUTO]   • Pagos TOTALES al inicio: 17885
[ACTUALIZAR PAGOS · AUTO]   • Pagos CON acta (MANTIENEN): 3514
[ACTUALIZAR PAGOS · AUTO]   • Pagos RECHAZADOS (sin coincidencias): 14371
[ACTUALIZAR PAGOS · AUTO] ⚠️  Se eliminaron 14371 registros sin número de acta
[ACTUALIZAR PAGOS · AUTO]      (recordá: esto incluye tanto pagos ya actualizados/pagados
[ACTUALIZAR PAGOS · AUTO]       como pagos que quedaron sin resolver por desbalance en el Paso 1)
[ACTUALIZAR PAGOS · AUTO] ================================================================================
[ACTUALIZAR PAGOS · AUTO] PASO 2-bis: CONFIRMANDO VIGENCIA DE PAGOS (sistema NUEVO contra MULTAS_JUZGADO_CRUCE, sistema VIEJO contra SIGEMI)
[ACTUALIZAR PAGOS · AUTO] ================================================================================
[ACTUALIZAR PAGOS · AUTO]   ⚠ 3512 pago(s) descartados: su acta ya no figura como vencida en MULTAS_JUZGADO_CRUCE (SEMyT ya los actualizó).
[ACTUALIZAR PAGOS · AUTO]   ⚠ 2 pago(s) descartados: su acta ya no figura como vencida en el Excel de SIGEMI (SEMyT ya los actualizó).
[ACTUALIZAR PAGOS · AUTO]   • Pagos descartados en total por ya estar actualizados/pagados: 3514
[ACTUALIZAR PAGOS · AUTO] ⏱ PASO 2 (filtrar): 0.3s
[ACTUALIZAR PAGOS · AUTO] 📂 Cargando maestro de causas SIGEMI...
[ACTUALIZAR PAGOS · AUTO]   ✓ Causas totales (maestro): 134069 registros
[ACTUALIZAR PAGOS · AUTO] ⏱ PASO 2.5 (causas simplificado): 0.0s
[ACTUALIZAR PAGOS · AUTO] ================================================================================
[ACTUALIZAR PAGOS · AUTO] PASO 2.5: ARMANDO causas.txt SIMPLIFICADO (cruce contra total_causas_sigemi.txt)
[ACTUALIZAR PAGOS · AUTO] ================================================================================
[ACTUALIZAR PAGOS · AUTO]   • Actas vencidas viejas (multas): 103191
[ACTUALIZAR PAGOS · AUTO]   • Causas totales en el maestro SIGEMI: 134069
[ACTUALIZAR PAGOS · AUTO]   • Causas que coinciden (simplificado): 102864
[ACTUALIZAR PAGOS · AUTO]   ✅ Archivo escrito: backend/descargas/causas/causas.txt
[ACTUALIZAR PAGOS · AUTO] ⏱ PASO 2.5 (causas simplificado): 0.4s
[ACTUALIZAR PAGOS · AUTO] ⚠️  NO HAY PAGOS CON ACTA_NUMERO PARA PROCESAR
[ACTUALIZAR PAGOS · AUTO] Creando archivo vacío...
[ACTUALIZAR PAGOS · AUTO] ✅ TXT de pagos (ya cruzado con actas y causas) generado en: backend/descargas/pagos/2026-07-27/PAGOS 20260727 160533.txt
[ACTUALIZAR PAGOS · AUTO] 🧹 TXT de pagos crudo eliminado (ya usado en el cruce): backend/descargas/pagos/2026-07-27/PAGOS DESCARGADOS.txt
[ACTUALIZAR PAGOS · AUTO] 🧹 Excel MULTAS_SIGEMI_CRUCE eliminado (ya usado en el cruce): backend/descargas/cache_actas_cruce/MULTAS_SIGEMI_CRUCE.xlsx
[ACTUALIZAR PAGOS · AUTO] 🧹 Excel MULTAS_JUZGADO_CRUCE eliminado (ya usado en el cruce): backend/descargas/cache_actas_cruce/MULTAS_JUZGADO_CRUCE.xlsx
[ACTUALIZAR PAGOS · AUTO] ✅ CompararActasPaso finalizado. (⏱ 8.7s)
[ACTUALIZAR PAGOS · AUTO] ✓ [CompararActasPaso] Completado.
[ACTUALIZAR PAGOS · AUTO] ▶ [CargarPagosPaso] Iniciando...
[ACTUALIZAR PAGOS · AUTO] ==================================================
[ACTUALIZAR PAGOS · AUTO] 🚀 PASO: CargarPagosPaso
[ACTUALIZAR PAGOS · AUTO] ==================================================
[ACTUALIZAR PAGOS · AUTO] ℹ No se encontraron pagos para actualizar (el TXT final no tiene registros).
[ACTUALIZAR PAGOS · AUTO] 🧹 TXT de pagos sin registros eliminado (nada para subir): backend/descargas/pagos/2026-07-27/PAGOS 20260727 160533.txt
[ACTUALIZAR PAGOS · AUTO] ⏭ Se omite la carga al SEMyT.
[ACTUALIZAR PAGOS · AUTO] ✅ CargarPagosPaso finalizado. (⏱ 0.0s)
[ACTUALIZAR PAGOS · AUTO] ✓ [CargarPagosPaso] Completado.
[ACTUALIZAR PAGOS · AUTO] === Ejecución finalizada con éxito ===
[ACTUALIZAR PAGOS · AUTO] ℹ No se subió ningún archivo a ningún sistema externo en esta corrida: por política, el log detallado no se conserva en disco.

👋 Deteniendo servicio: cancelando procesos activos antes de salir...
🤖 Modo automático desactivado. (Si había una ejecución en curso disparada por el automático, no se cancela sola: cancelala desde su propia opción si querés detenerla.)
✅ Servicio detenido de forma prolija.
