[00:00:02] 🔐 [Automático] Limpieza diaria de sesiones (00:00): se fuerza login nuevo en la próxima corrida.
[00:00:32] 🤖 [Automático] Es hora de actualizar pagos. Arrancando...
[00:00:47] ⏳ [Automático] Tocaba disparar 'pagos' pero ya hay una ejecución en curso (Actualizar pagos); esperando a que termine; se reintenta en breve sin perder el turno.
[00:02:25] ❌ [Automático] 'pagos' falló (intento 1 de 4). Se reintenta a las 00:07.
[00:07:33] 🤖 [Automático] Es hora de actualizar pagos (reintento 1 de 3). Arrancando...
[00:07:48] ⏳ [Automático] Tocaba disparar 'pagos' pero ya hay una ejecución en curso (Actualizar pagos); esperando a que termine; se reintenta en breve sin perder el turno.
[00:08:57] ✅ [Automático] 'pagos' terminó bien en el reintento 1.
[00:11:03] 🤖 [Automático] Es hora de actualizar pagos. Arrancando...
[00:11:18] ⏳ [Automático] Tocaba disparar 'pagos' pero ya hay una ejecución en curso (Actualizar pagos); esperando a que termine; se reintenta en breve sin perder el turno.
[00:14:03] 🤖 [Automático] Es hora de actualizar pagos. Arrancando...
[00:14:18] ⏳ [Automático] Tocaba disparar 'pagos' pero ya hay una ejecución en curso (Actualizar pagos); esperando a que termine; se reintenta en breve sin perder el turno.
[00:17:03] 🤖 [Automático] Es hora de actualizar pagos. Arrancando...
[00:17:18] ⏳ [Automático] Tocaba disparar 'pagos' pero ya hay una ejecución en curso (Actualizar pagos); esperando a que termine; se reintenta en breve sin perder el turno.
[00:20:03] 🤖 [Automático] Es hora de actualizar pagos. Arrancando...
[00:20:18] ⏳ [Automático] Tocaba disparar 'pagos' pero ya hay una ejecución en curso (Actualizar pagos); esperando a que termine; se reintenta en breve sin perder el turno.
[00:23:03] 🤖 [Automático] Es hora de actualizar pagos. Arrancando...
[00:23:18] ⏳ [Automático] Tocaba disparar 'pagos' pero ya hay una ejecución en curso (Actualizar pagos); esperando a que termine; se reintenta en breve sin perder el turno.
[00:25:48] 🤖 [Automático] Es hora de actualizar pagos. Arrancando...
[00:26:03] ⏳ [Automático] Tocaba disparar 'pagos' pero ya hay una ejecución en curso (Actualizar pagos); esperando a que termine; se reintenta en breve sin perder el turno.
[00:28:48] 🤖 [Automático] Es hora de actualizar pagos. Arrancando...
[00:29:03] ⏳ [Automático] Tocaba disparar 'pagos' pero ya hay una ejecución en curso (Actualizar pagos); esperando a que termine; se reintenta en breve sin perder el turno.
[00:31:33] 🤖 [Automático] Es hora de actualizar pagos. Arrancando...
[00:31:48] ⏳ [Automático] Tocaba disparar 'pagos' pero ya hay una ejecución en curso (Actualizar pagos); esperando a que termine; se reintenta en breve sin perder el turno.
[00:34:33] 🤖 [Automático] Es hora de actualizar pagos. Arrancando...
[00:34:48] ⏳ [Automático] Tocaba disparar 'pagos' pero ya hay una ejecución en curso (Actualizar pagos); esperando a que termine; se reintenta en breve sin perder el turno.
[00:37:33] 🤖 [Automático] Es hora de actualizar pagos. Arrancando...
[00:37:48] ⏳ [Automático] Tocaba disparar 'pagos' pero ya hay una ejecución en curso (Actualizar pagos); esperando a que termine; se reintenta en breve sin perder el turno.
[00:40:33] 🤖 [Automático] Es hora de actualizar pagos. Arrancando...
[00:40:48] ⏳ [Automático] Tocaba disparar 'pagos' pero ya hay una ejecución en curso (Actualizar pagos); esperando a que termine; se reintenta en breve sin perder el turno.
[00:43:33] 🤖 [Automático] Es hora de actualizar pagos. Arrancando...
[00:43:48] ⏳ [Automático] Tocaba disparar 'pagos' pero ya hay una ejecución en curso (Actualizar pagos); esperando a que termine; se reintenta en breve sin perder el turno.
[00:46:18] 🤖 [Automático] Es hora de actualizar pagos. Arrancando...
[00:46:33] ⏳ [Automático] Tocaba disparar 'pagos' pero ya hay una ejecución en curso (Actualizar pagos); esperando a que termine; se reintenta en breve sin perder el turno.
[00:49:18] 🤖 [Automático] Es hora de actualizar pagos. Arrancando...
[00:49:33] ⏳ [Automático] Tocaba disparar 'pagos' pero ya hay una ejecución en curso (Actualizar pagos); esperando a que termine; se reintenta en breve sin perder el turno.
[00:52:03] 🤖 [Automático] Es hora de actualizar pagos. Arrancando...
[00:52:18] ⏳ [Automático] Tocaba disparar 'pagos' pero ya hay una ejecución en curso (Actualizar pagos); esperando a que termine; se reintenta en breve sin perder el turno.
[00:55:04] 🤖 [Automático] Es hora de actualizar pagos. Arrancando...
[00:55:19] ⏳ [Automático] Tocaba disparar 'pagos' pero ya hay una ejecución en curso (Actualizar pagos); esperando a que termine; se reintenta en breve sin perder el turno.
[00:57:49] 🤖 [Automático] Es hora de actualizar pagos. Arrancando...
[00:58:04] ⏳ [Automático] Tocaba disparar 'pagos' pero ya hay una ejecución en curso (Actualizar pagos); esperando a que termine; se reintenta en breve sin perder el turno.
[01:00:49] 🤖 [Automático] Es hora de actualizar pagos. Arrancando...
[01:01:04] ⏳ [Automático] Tocaba disparar 'pagos' pero ya hay una ejecución en curso (Actualizar pagos); esperando a que termine; se reintenta en breve sin perder el turno.
[01:03:49] 🤖 [Automático] Es hora de actualizar pagos. Arrancando...
[01:04:04] ⏳ [Automático] Tocaba disparar 'pagos' pero ya hay una ejecución en curso (Actualizar pagos); esperando a que termine; se reintenta en breve sin perder el turno.
[01:06:49] 🤖 [Automático] Es hora de actualizar pagos. Arrancando...
[01:07:04] ⏳ [Automático] Tocaba disparar 'pagos' pero ya hay una ejecución en curso (Actualizar pagos); esperando a que termine; se reintenta en breve sin perder el turno.
[01:09:49] 🤖 [Automático] Es hora de actualizar pagos. Arrancando...
[01:10:04] ⏳ [Automático] Tocaba disparar 'pagos' pero ya hay una ejecución en curso (Actualizar pagos); esperando a que termine; se reintenta en breve sin perder el turno.
[01:12:49] 🤖 [Automático] Es hora de actualizar pagos. Arrancando...
[01:13:04] ⏳ [Automático] Tocaba disparar 'pagos' pero ya hay una ejecución en curso (Actualizar pagos); esperando a que termine; se reintenta en breve sin perder el turno.
[01:15:49] 🤖 [Automático] Es hora de actualizar pagos. Arrancando...
[01:16:04] ⏳ [Automático] Tocaba disparar 'pagos' pero ya hay una ejecución en curso (Actualizar pagos); esperando a que termine; se reintenta en breve sin perder el turno.
[01:18:49] 🤖 [Automático] Es hora de actualizar pagos. Arrancando...
[01:19:04] ⏳ [Automático] Tocaba disparar 'pagos' pero ya hay una ejecución en curso (Actualizar pagos); esperando a que termine; se reintenta en breve sin perder el turno.
[01:20:38] ❌ [Automático] 'pagos' falló (intento 1 de 4). Se reintenta a las 01:25.
[01:25:49] 🤖 [Automático] Es hora de actualizar pagos (reintento 1 de 3). Arrancando...
[01:26:04] ⏳ [Automático] Tocaba disparar 'pagos' pero ya hay una ejecución en curso (Actualizar pagos); esperando a que termine; se reintenta en breve sin perder el turno.
[01:26:43] ✅ [Automático] 'pagos' terminó bien en el reintento 1.
[01:28:49] 🤖 [Automático] Es hora de actualizar pagos. Arrancando...
[01:29:04] ⏳ [Automático] Tocaba disparar 'pagos' pero ya hay una ejecución en curso (Actualizar pagos); esperando a que termine; se reintenta en breve sin perder el turno.
[01:31:49] 🤖 [Automático] Es hora de actualizar pagos. Arrancando...
[01:32:04] ⏳ [Automático] Tocaba disparar 'pagos' pero ya hay una ejecución en curso (Actualizar pagos); esperando a que termine; se reintenta en breve sin perder el turno.
[01:33:39] ❌ [Automático] 'pagos' falló (intento 1 de 4). Se reintenta a las 01:38.
[01:38:49] 🤖 [Automático] Es hora de actualizar pagos (reintento 1 de 3). Arrancando...
[01:39:04] ⏳ [Automático] Tocaba disparar 'pagos' pero ya hay una ejecución en curso (Actualizar pagos); esperando a que termine; se reintenta en breve sin perder el turno.
[01:39:54] ✅ [Automático] 'pagos' terminó bien en el reintento 1.
[01:42:04] 🤖 [Automático] Es hora de actualizar pagos. Arrancando...
[01:42:19] ⏳ [Automático] Tocaba disparar 'pagos' pero ya hay una ejecución en curso (Actualizar pagos); esperando a que termine; se reintenta en breve sin perder el turno.
[01:45:04] 🤖 [Automático] Es hora de actualizar pagos. Arrancando...
[01:45:20] ⏳ [Automático] Tocaba disparar 'pagos' pero ya hay una ejecución en curso (Actualizar pagos); esperando a que termine; se reintenta en breve sin perder el turno.
[01:48:05] 🤖 [Automático] Es hora de actualizar pagos. Arrancando...
[01:48:20] ⏳ [Automático] Tocaba disparar 'pagos' pero ya hay una ejecución en curso (Actualizar pagos); esperando a que termine; se reintenta en breve sin perder el turno.
[01:51:05] 🤖 [Automático] Es hora de actualizar pagos. Arrancando...
[01:51:20] ⏳ [Automático] Tocaba disparar 'pagos' pero ya hay una ejecución en curso (Actualizar pagos); esperando a que termine; se reintenta en breve sin perder el turno.
[01:54:05] 🤖 [Automático] Es hora de actualizar pagos. Arrancando...
[01:54:20] ⏳ [Automático] Tocaba disparar 'pagos' pero ya hay una ejecución en curso (Actualizar pagos); esperando a que termine; se reintenta en breve sin perder el turno.
[01:57:05] 🤖 [Automático] Es hora de actualizar pagos. Arrancando...
[01:57:20] ⏳ [Automático] Tocaba disparar 'pagos' pero ya hay una ejecución en curso (Actualizar pagos); esperando a que termine; se reintenta en breve sin perder el turno.
[02:00:05] 🤖 [Automático] Es hora de actualizar pagos. Arrancando...
[02:00:20] ⏳ [Automático] Tocaba disparar 'pagos' pero ya hay una ejecución en curso (Actualizar pagos); esperando a que termine; se reintenta en breve sin perder el turno.
[02:03:05] 🤖 [Automático] Es hora de actualizar pagos. Arrancando...
[02:03:20] ⏳ [Automático] Tocaba disparar 'pagos' pero ya hay una ejecución en curso (Actualizar pagos); esperando a que termine; se reintenta en breve sin perder el turno.
[02:06:05] 🤖 [Automático] Es hora de actualizar pagos. Arrancando...
[02:06:20] ⏳ [Automático] Tocaba disparar 'pagos' pero ya hay una ejecución en curso (Actualizar pagos); esperando a que termine; se reintenta en breve sin perder el turno.
[02:09:05] 🤖 [Automático] Es hora de actualizar pagos. Arrancando...
[02:09:20] ⏳ [Automático] Tocaba disparar 'pagos' pero ya hay una ejecución en curso (Actualizar pagos); esperando a que termine; se reintenta en breve sin perder el turno.
[02:12:20] 🤖 [Automático] Es hora de actualizar pagos. Arrancando...
[02:12:35] ⏳ [Automático] Tocaba disparar 'pagos' pero ya hay una ejecución en curso (Actualizar pagos); esperando a que termine; se reintenta en breve sin perder el turno.
[02:15:20] 🤖 [Automático] Es hora de actualizar pagos. Arrancando...
[02:15:35] ⏳ [Automático] Tocaba disparar 'pagos' pero ya hay una ejecución en curso (Actualizar pagos); esperando a que termine; se reintenta en breve sin perder el turno.
[02:18:20] 🤖 [Automático] Es hora de actualizar pagos. Arrancando...
[02:18:35] ⏳ [Automático] Tocaba disparar 'pagos' pero ya hay una ejecución en curso (Actualizar pagos); esperando a que termine; se reintenta en breve sin perder el turno.
[02:21:20] 🤖 [Automático] Es hora de actualizar pagos. Arrancando...
[02:21:35] ⏳ [Automático] Tocaba disparar 'pagos' pero ya hay una ejecución en curso (Actualizar pagos); esperando a que termine; se reintenta en breve sin perder el turno.
[02:24:20] 🤖 [Automático] Es hora de actualizar pagos. Arrancando...
[02:24:35] ⏳ [Automático] Tocaba disparar 'pagos' pero ya hay una ejecución en curso (Actualizar pagos); esperando a que termine; se reintenta en breve sin perder el turno.
[02:27:20] 🤖 [Automático] Es hora de actualizar pagos. Arrancando...
[02:27:35] ⏳ [Automático] Tocaba disparar 'pagos' pero ya hay una ejecución en curso (Actualizar pagos); esperando a que termine; se reintenta en breve sin perder el turno.
[02:30:20] 🤖 [Automático] Es hora de actualizar pagos. Arrancando...
[02:30:35] ⏳ [Automático] Tocaba disparar 'pagos' pero ya hay una ejecución en curso (Actualizar pagos); esperando a que termine; se reintenta en breve sin perder el turno.
[02:33:20] 🤖 [Automático] Es hora de actualizar pagos. Arrancando...
[02:33:35] ⏳ [Automático] Tocaba disparar 'pagos' pero ya hay una ejecución en curso (Actualizar pagos); esperando a que termine; se reintenta en breve sin perder el turno.
[02:35:14] ❌ [Automático] 'pagos' falló (intento 1 de 4). Se reintenta a las 02:40.
[02:40:21] 🤖 [Automático] Es hora de actualizar pagos (reintento 1 de 3). Arrancando...
[02:40:36] ⏳ [Automático] Tocaba disparar 'pagos' pero ya hay una ejecución en curso (Actualizar pagos); esperando a que termine; se reintenta en breve sin perder el turno.
[02:41:20] ✅ [Automático] 'pagos' terminó bien en el reintento 1.
[02:43:20] 🤖 [Automático] Es hora de actualizar pagos. Arrancando...
[02:43:36] ⏳ [Automático] Tocaba disparar 'pagos' pero ya hay una ejecución en curso (Actualizar pagos); esperando a que termine; se reintenta en breve sin perder el turno.
[02:46:21] 🤖 [Automático] Es hora de actualizar pagos. Arrancando...
[02:46:36] ⏳ [Automático] Tocaba disparar 'pagos' pero ya hay una ejecución en curso (Actualizar pagos); esperando a que termine; se reintenta en breve sin perder el turno.
[02:49:21] 🤖 [Automático] Es hora de actualizar pagos. Arrancando...
[02:49:36] ⏳ [Automático] Tocaba disparar 'pagos' pero ya hay una ejecución en curso (Actualizar pagos); esperando a que termine; se reintenta en breve sin perder el turno.
[02:52:21] 🤖 [Automático] Es hora de actualizar pagos. Arrancando...
[02:52:36] ⏳ [Automático] Tocaba disparar 'pagos' pero ya hay una ejecución en curso (Actualizar pagos); esperando a que termine; se reintenta en breve sin perder el turno.
[02:55:21] 🤖 [Automático] Es hora de actualizar pagos. Arrancando...
[02:55:36] ⏳ [Automático] Tocaba disparar 'pagos' pero ya hay una ejecución en curso (Actualizar pagos); esperando a que termine; se reintenta en breve sin perder el turno.
[02:58:06] 🤖 [Automático] Es hora de actualizar pagos. Arrancando...
[02:58:21] ⏳ [Automático] Tocaba disparar 'pagos' pero ya hay una ejecución en curso (Actualizar pagos); esperando a que termine; se reintenta en breve sin perder el turno.
[03:01:06] 🤖 [Automático] Es hora de actualizar pagos. Arrancando...
[03:01:21] ⏳ [Automático] Tocaba disparar 'pagos' pero ya hay una ejecución en curso (Actualizar pagos); esperando a que termine; se reintenta en breve sin perder el turno.
[03:04:06] 🤖 [Automático] Es hora de actualizar pagos. Arrancando...
[03:04:21] ⏳ [Automático] Tocaba disparar 'pagos' pero ya hay una ejecución en curso (Actualizar pagos); esperando a que termine; se reintenta en breve sin perder el turno.
[03:07:06] 🤖 [Automático] Es hora de actualizar pagos. Arrancando...
[03:07:21] ⏳ [Automático] Tocaba disparar 'pagos' pero ya hay una ejecución en curso (Actualizar pagos); esperando a que termine; se reintenta en breve sin perder el turno.
[03:10:06] 🤖 [Automático] Es hora de actualizar pagos. Arrancando...
[03:10:21] ⏳ [Automático] Tocaba disparar 'pagos' pero ya hay una ejecución en curso (Actualizar pagos); esperando a que termine; se reintenta en breve sin perder el turno.
[03:13:06] 🤖 [Automático] Es hora de actualizar pagos. Arrancando...
[03:13:21] ⏳ [Automático] Tocaba disparar 'pagos' pero ya hay una ejecución en curso (Actualizar pagos); esperando a que termine; se reintenta en breve sin perder el turno.
[03:15:51] 🤖 [Automático] Es hora de actualizar pagos. Arrancando...
[03:16:06] ⏳ [Automático] Tocaba disparar 'pagos' pero ya hay una ejecución en curso (Actualizar pagos); esperando a que termine; se reintenta en breve sin perder el turno.
[03:18:51] 🤖 [Automático] Es hora de actualizar pagos. Arrancando...
[03:19:06] ⏳ [Automático] Tocaba disparar 'pagos' pero ya hay una ejecución en curso (Actualizar pagos); esperando a que termine; se reintenta en breve sin perder el turno.
[03:21:36] 🤖 [Automático] Es hora de actualizar pagos. Arrancando...
[03:21:51] ⏳ [Automático] Tocaba disparar 'pagos' pero ya hay una ejecución en curso (Actualizar pagos); esperando a que termine; se reintenta en breve sin perder el turno.
[03:24:36] 🤖 [Automático] Es hora de actualizar pagos. Arrancando...
[03:24:51] ⏳ [Automático] Tocaba disparar 'pagos' pero ya hay una ejecución en curso (Actualizar pagos); esperando a que termine; se reintenta en breve sin perder el turno.
[03:27:37] 🤖 [Automático] Es hora de actualizar pagos. Arrancando...
[03:27:52] ⏳ [Automático] Tocaba disparar 'pagos' pero ya hay una ejecución en curso (Actualizar pagos); esperando a que termine; se reintenta en breve sin perder el turno.
[03:29:22] ❌ [Automático] 'pagos' falló (intento 1 de 4). Se reintenta a las 03:34.
[03:34:37] 🤖 [Automático] Es hora de actualizar pagos (reintento 1 de 3). Arrancando...
[03:34:52] ⏳ [Automático] Tocaba disparar 'pagos' pero ya hay una ejecución en curso (Actualizar pagos); esperando a que termine; se reintenta en breve sin perder el turno.
[03:35:29] ✅ [Automático] 'pagos' terminó bien en el reintento 1.
[03:37:37] 🤖 [Automático] Es hora de actualizar pagos. Arrancando...
[03:37:52] ⏳ [Automático] Tocaba disparar 'pagos' pero ya hay una ejecución en curso (Actualizar pagos); esperando a que termine; se reintenta en breve sin perder el turno.
[03:40:37] 🤖 [Automático] Es hora de actualizar pagos. Arrancando...
[03:40:52] ⏳ [Automático] Tocaba disparar 'pagos' pero ya hay una ejecución en curso (Actualizar pagos); esperando a que termine; se reintenta en breve sin perder el turno.
[03:43:37] 🤖 [Automático] Es hora de actualizar pagos. Arrancando...
[03:43:52] ⏳ [Automático] Tocaba disparar 'pagos' pero ya hay una ejecución en curso (Actualizar pagos); esperando a que termine; se reintenta en breve sin perder el turno.
[03:46:22] 🤖 [Automático] Es hora de actualizar pagos. Arrancando...
[03:46:37] ⏳ [Automático] Tocaba disparar 'pagos' pero ya hay una ejecución en curso (Actualizar pagos); esperando a que termine; se reintenta en breve sin perder el turno.
[03:49:22] 🤖 [Automático] Es hora de actualizar pagos. Arrancando...
[03:49:37] ⏳ [Automático] Tocaba disparar 'pagos' pero ya hay una ejecución en curso (Actualizar pagos); esperando a que termine; se reintenta en breve sin perder el turno.
[03:52:07] 🤖 [Automático] Es hora de actualizar pagos. Arrancando...
[03:52:22] ⏳ [Automático] Tocaba disparar 'pagos' pero ya hay una ejecución en curso (Actualizar pagos); esperando a que termine; se reintenta en breve sin perder el turno.
[03:55:07] 🤖 [Automático] Es hora de actualizar pagos. Arrancando...
[03:55:22] ⏳ [Automático] Tocaba disparar 'pagos' pero ya hay una ejecución en curso (Actualizar pagos); esperando a que termine; se reintenta en breve sin perder el turno.
[03:57:52] 🤖 [Automático] Es hora de actualizar pagos. Arrancando...
[03:58:07] ⏳ [Automático] Tocaba disparar 'pagos' pero ya hay una ejecución en curso (Actualizar pagos); esperando a que termine; se reintenta en breve sin perder el turno.
[04:00:52] 🤖 [Automático] Es hora de actualizar pagos. Arrancando...
[04:01:07] ⏳ [Automático] Tocaba disparar 'pagos' pero ya hay una ejecución en curso (Actualizar pagos); esperando a que termine; se reintenta en breve sin perder el turno.
[04:03:53] 🤖 [Automático] Es hora de actualizar pagos. Arrancando...
[04:04:08] ⏳ [Automático] Tocaba disparar 'pagos' pero ya hay una ejecución en curso (Actualizar pagos); esperando a que termine; se reintenta en breve sin perder el turno.
[04:06:38] 🤖 [Automático] Es hora de actualizar pagos. Arrancando...
[04:06:53] ⏳ [Automático] Tocaba disparar 'pagos' pero ya hay una ejecución en curso (Actualizar pagos); esperando a que termine; se reintenta en breve sin perder el turno.
[04:09:23] 🤖 [Automático] Es hora de actualizar pagos. Arrancando...
[04:09:38] ⏳ [Automático] Tocaba disparar 'pagos' pero ya hay una ejecución en curso (Actualizar pagos); esperando a que termine; se reintenta en breve sin perder el turno.
[04:12:23] 🤖 [Automático] Es hora de actualizar pagos. Arrancando...
[04:12:38] ⏳ [Automático] Tocaba disparar 'pagos' pero ya hay una ejecución en curso (Actualizar pagos); esperando a que termine; se reintenta en breve sin perder el turno.
[04:15:08] 🤖 [Automático] Es hora de actualizar pagos. Arrancando...
[04:15:23] ⏳ [Automático] Tocaba disparar 'pagos' pero ya hay una ejecución en curso (Actualizar pagos); esperando a que termine; se reintenta en breve sin perder el turno.
[04:18:08] 🤖 [Automático] Es hora de actualizar pagos. Arrancando...
[04:18:23] ⏳ [Automático] Tocaba disparar 'pagos' pero ya hay una ejecución en curso (Actualizar pagos); esperando a que termine; se reintenta en breve sin perder el turno.
[04:20:53] 🤖 [Automático] Es hora de actualizar pagos. Arrancando...
[04:21:08] ⏳ [Automático] Tocaba disparar 'pagos' pero ya hay una ejecución en curso (Actualizar pagos); esperando a que termine; se reintenta en breve sin perder el turno.
[04:23:53] 🤖 [Automático] Es hora de actualizar pagos. Arrancando...
[04:24:08] ⏳ [Automático] Tocaba disparar 'pagos' pero ya hay una ejecución en curso (Actualizar pagos); esperando a que termine; se reintenta en breve sin perder el turno.
[04:26:38] 🤖 [Automático] Es hora de actualizar pagos. Arrancando...
[04:26:53] ⏳ [Automático] Tocaba disparar 'pagos' pero ya hay una ejecución en curso (Actualizar pagos); esperando a que termine; se reintenta en breve sin perder el turno.
[04:29:38] 🤖 [Automático] Es hora de actualizar pagos. Arrancando...
[04:29:53] ⏳ [Automático] Tocaba disparar 'pagos' pero ya hay una ejecución en curso (Actualizar pagos); esperando a que termine; se reintenta en breve sin perder el turno.
[04:32:38] 🤖 [Automático] Es hora de actualizar pagos. Arrancando...
[04:32:53] ⏳ [Automático] Tocaba disparar 'pagos' pero ya hay una ejecución en curso (Actualizar pagos); esperando a que termine; se reintenta en breve sin perder el turno.
[04:35:23] 🤖 [Automático] Es hora de actualizar pagos. Arrancando...
[04:35:38] ⏳ [Automático] Tocaba disparar 'pagos' pero ya hay una ejecución en curso (Actualizar pagos); esperando a que termine; se reintenta en breve sin perder el turno.
[04:38:08] 🤖 [Automático] Es hora de actualizar pagos. Arrancando...
[04:38:23] ⏳ [Automático] Tocaba disparar 'pagos' pero ya hay una ejecución en curso (Actualizar pagos); esperando a que termine; se reintenta en breve sin perder el turno.
[04:41:08] 🤖 [Automático] Es hora de actualizar pagos. Arrancando...
[04:41:23] ⏳ [Automático] Tocaba disparar 'pagos' pero ya hay una ejecución en curso (Actualizar pagos); esperando a que termine; se reintenta en breve sin perder el turno.
[04:44:08] 🤖 [Automático] Es hora de actualizar pagos. Arrancando...
[04:44:23] ⏳ [Automático] Tocaba disparar 'pagos' pero ya hay una ejecución en curso (Actualizar pagos); esperando a que termine; se reintenta en breve sin perder el turno.
[04:47:08] 🤖 [Automático] Es hora de actualizar pagos. Arrancando...
[04:47:24] ⏳ [Automático] Tocaba disparar 'pagos' pero ya hay una ejecución en curso (Actualizar pagos); esperando a que termine; se reintenta en breve sin perder el turno.
[04:50:09] 🤖 [Automático] Es hora de actualizar pagos. Arrancando...
[04:50:24] ⏳ [Automático] Tocaba disparar 'pagos' pero ya hay una ejecución en curso (Actualizar pagos); esperando a que termine; se reintenta en breve sin perder el turno.
[04:53:09] 🤖 [Automático] Es hora de actualizar pagos. Arrancando...
[04:53:24] ⏳ [Automático] Tocaba disparar 'pagos' pero ya hay una ejecución en curso (Actualizar pagos); esperando a que termine; se reintenta en breve sin perder el turno.
[04:56:09] 🤖 [Automático] Es hora de actualizar pagos. Arrancando...
[04:56:24] ⏳ [Automático] Tocaba disparar 'pagos' pero ya hay una ejecución en curso (Actualizar pagos); esperando a que termine; se reintenta en breve sin perder el turno.
[04:58:54] 🤖 [Automático] Es hora de actualizar pagos. Arrancando...
[04:59:09] ⏳ [Automático] Tocaba disparar 'pagos' pero ya hay una ejecución en curso (Actualizar pagos); esperando a que termine; se reintenta en breve sin perder el turno.
[05:01:54] 🤖 [Automático] Es hora de actualizar pagos. Arrancando...
[05:02:09] ⏳ [Automático] Tocaba disparar 'pagos' pero ya hay una ejecución en curso (Actualizar pagos); esperando a que termine; se reintenta en breve sin perder el turno.
[05:04:39] 🤖 [Automático] Es hora de actualizar pagos. Arrancando...
[05:04:54] ⏳ [Automático] Tocaba disparar 'pagos' pero ya hay una ejecución en curso (Actualizar pagos); esperando a que termine; se reintenta en breve sin perder el turno.
[05:07:39] 🤖 [Automático] Es hora de actualizar pagos. Arrancando...
[05:07:54] ⏳ [Automático] Tocaba disparar 'pagos' pero ya hay una ejecución en curso (Actualizar pagos); esperando a que termine; se reintenta en breve sin perder el turno.
[05:10:39] 🤖 [Automático] Es hora de actualizar pagos. Arrancando...
[05:10:54] ⏳ [Automático] Tocaba disparar 'pagos' pero ya hay una ejecución en curso (Actualizar pagos); esperando a que termine; se reintenta en breve sin perder el turno.
[05:13:39] 🤖 [Automático] Es hora de actualizar pagos. Arrancando...
[05:13:54] ⏳ [Automático] Tocaba disparar 'pagos' pero ya hay una ejecución en curso (Actualizar pagos); esperando a que termine; se reintenta en breve sin perder el turno.
[05:16:39] 🤖 [Automático] Es hora de actualizar pagos. Arrancando...
[05:16:54] ⏳ [Automático] Tocaba disparar 'pagos' pero ya hay una ejecución en curso (Actualizar pagos); esperando a que termine; se reintenta en breve sin perder el turno.
[05:19:39] 🤖 [Automático] Es hora de actualizar pagos. Arrancando...
[05:19:54] ⏳ [Automático] Tocaba disparar 'pagos' pero ya hay una ejecución en curso (Actualizar pagos); esperando a que termine; se reintenta en breve sin perder el turno.
[05:22:39] 🤖 [Automático] Es hora de actualizar pagos. Arrancando...
[05:22:54] ⏳ [Automático] Tocaba disparar 'pagos' pero ya hay una ejecución en curso (Actualizar pagos); esperando a que termine; se reintenta en breve sin perder el turno.
[05:25:39] 🤖 [Automático] Es hora de actualizar pagos. Arrancando...
[05:25:54] ⏳ [Automático] Tocaba disparar 'pagos' pero ya hay una ejecución en curso (Actualizar pagos); esperando a que termine; se reintenta en breve sin perder el turno.
[05:28:39] 🤖 [Automático] Es hora de actualizar pagos. Arrancando...
[05:28:54] ⏳ [Automático] Tocaba disparar 'pagos' pero ya hay una ejecución en curso (Actualizar pagos); esperando a que termine; se reintenta en breve sin perder el turno.
[05:31:39] 🤖 [Automático] Es hora de actualizar pagos. Arrancando...
[05:31:54] ⏳ [Automático] Tocaba disparar 'pagos' pero ya hay una ejecución en curso (Actualizar pagos); esperando a que termine; se reintenta en breve sin perder el turno.
[05:34:39] 🤖 [Automático] Es hora de actualizar pagos. Arrancando...
[05:34:54] ⏳ [Automático] Tocaba disparar 'pagos' pero ya hay una ejecución en curso (Actualizar pagos); esperando a que termine; se reintenta en breve sin perder el turno.
[05:37:39] 🤖 [Automático] Es hora de actualizar pagos. Arrancando...
[05:37:54] ⏳ [Automático] Tocaba disparar 'pagos' pero ya hay una ejecución en curso (Actualizar pagos); esperando a que termine; se reintenta en breve sin perder el turno.
[05:40:39] 🤖 [Automático] Es hora de actualizar pagos. Arrancando...
[05:40:55] ⏳ [Automático] Tocaba disparar 'pagos' pero ya hay una ejecución en curso (Actualizar pagos); esperando a que termine; se reintenta en breve sin perder el turno.
[05:43:40] 🤖 [Automático] Es hora de actualizar pagos. Arrancando...
[05:43:55] ⏳ [Automático] Tocaba disparar 'pagos' pero ya hay una ejecución en curso (Actualizar pagos); esperando a que termine; se reintenta en breve sin perder el turno.
[05:46:40] 🤖 [Automático] Es hora de actualizar pagos. Arrancando...
[05:46:55] ⏳ [Automático] Tocaba disparar 'pagos' pero ya hay una ejecución en curso (Actualizar pagos); esperando a que termine; se reintenta en breve sin perder el turno.
[05:49:25] 🤖 [Automático] Es hora de actualizar pagos. Arrancando...
[05:49:40] ⏳ [Automático] Tocaba disparar 'pagos' pero ya hay una ejecución en curso (Actualizar pagos); esperando a que termine; se reintenta en breve sin perder el turno.
[05:52:40] 🤖 [Automático] Es hora de actualizar pagos. Arrancando...
[05:52:55] ⏳ [Automático] Tocaba disparar 'pagos' pero ya hay una ejecución en curso (Actualizar pagos); esperando a que termine; se reintenta en breve sin perder el turno.
[05:55:40] 🤖 [Automático] Es hora de actualizar pagos. Arrancando...
[05:55:55] ⏳ [Automático] Tocaba disparar 'pagos' pero ya hay una ejecución en curso (Actualizar pagos); esperando a que termine; se reintenta en breve sin perder el turno.
[05:58:25] 🤖 [Automático] Es hora de actualizar pagos. Arrancando...
[05:58:40] ⏳ [Automático] Tocaba disparar 'pagos' pero ya hay una ejecución en curso (Actualizar pagos); esperando a que termine; se reintenta en breve sin perder el turno.
[06:00:11] ❌ [Automático] 'pagos' falló (intento 1 de 4). Se reintenta a las 06:05.
[06:05:25] 🤖 [Automático] Es hora de actualizar pagos (reintento 1 de 3). Arrancando...
[06:05:40] ⏳ [Automático] Tocaba disparar 'pagos' pero ya hay una ejecución en curso (Actualizar pagos); esperando a que termine; se reintenta en breve sin perder el turno.
[06:06:11] ✅ [Automático] 'pagos' terminó bien en el reintento 1.
[06:08:25] 🤖 [Automático] Es hora de actualizar pagos. Arrancando...
[06:08:40] ⏳ [Automático] Tocaba disparar 'pagos' pero ya hay una ejecución en curso (Actualizar pagos); esperando a que termine; se reintenta en breve sin perder el turno.
[06:11:10] 🤖 [Automático] Es hora de actualizar pagos. Arrancando...
[06:11:25] ⏳ [Automático] Tocaba disparar 'pagos' pero ya hay una ejecución en curso (Actualizar pagos); esperando a que termine; se reintenta en breve sin perder el turno.
[06:13:55] 🤖 [Automático] Es hora de actualizar pagos. Arrancando...
[06:14:10] ⏳ [Automático] Tocaba disparar 'pagos' pero ya hay una ejecución en curso (Actualizar pagos); esperando a que termine; se reintenta en breve sin perder el turno.
[06:16:55] 🤖 [Automático] Es hora de actualizar pagos. Arrancando...
[06:17:10] ⏳ [Automático] Tocaba disparar 'pagos' pero ya hay una ejecución en curso (Actualizar pagos); esperando a que termine; se reintenta en breve sin perder el turno.
[06:19:40] 🤖 [Automático] Es hora de actualizar pagos. Arrancando...
[06:19:55] ⏳ [Automático] Tocaba disparar 'pagos' pero ya hay una ejecución en curso (Actualizar pagos); esperando a que termine; se reintenta en breve sin perder el turno.
[06:22:40] 🤖 [Automático] Es hora de actualizar pagos. Arrancando...
[06:22:56] ⏳ [Automático] Tocaba disparar 'pagos' pero ya hay una ejecución en curso (Actualizar pagos); esperando a que termine; se reintenta en breve sin perder el turno.
[06:25:26] 🤖 [Automático] Es hora de actualizar pagos. Arrancando...
[06:25:41] ⏳ [Automático] Tocaba disparar 'pagos' pero ya hay una ejecución en curso (Actualizar pagos); esperando a que termine; se reintenta en breve sin perder el turno.
[06:28:26] 🤖 [Automático] Es hora de actualizar pagos. Arrancando...
[06:28:41] ⏳ [Automático] Tocaba disparar 'pagos' pero ya hay una ejecución en curso (Actualizar pagos); esperando a que termine; se reintenta en breve sin perder el turno.
[06:31:11] 🤖 [Automático] Es hora de actualizar pagos. Arrancando...
[06:31:26] ⏳ [Automático] Tocaba disparar 'pagos' pero ya hay una ejecución en curso (Actualizar pagos); esperando a que termine; se reintenta en breve sin perder el turno.
[06:33:56] 🤖 [Automático] Es hora de actualizar pagos. Arrancando...
[06:34:11] ⏳ [Automático] Tocaba disparar 'pagos' pero ya hay una ejecución en curso (Actualizar pagos); esperando a que termine; se reintenta en breve sin perder el turno.
[06:36:56] 🤖 [Automático] Es hora de actualizar pagos. Arrancando...
[06:37:11] ⏳ [Automático] Tocaba disparar 'pagos' pero ya hay una ejecución en curso (Actualizar pagos); esperando a que termine; se reintenta en breve sin perder el turno.
[06:39:41] 🤖 [Automático] Es hora de actualizar pagos. Arrancando...
[06:39:56] ⏳ [Automático] Tocaba disparar 'pagos' pero ya hay una ejecución en curso (Actualizar pagos); esperando a que termine; se reintenta en breve sin perder el turno.
[06:42:26] 🤖 [Automático] Es hora de actualizar pagos. Arrancando...
[06:42:41] ⏳ [Automático] Tocaba disparar 'pagos' pero ya hay una ejecución en curso (Actualizar pagos); esperando a que termine; se reintenta en breve sin perder el turno.
[06:45:11] 🤖 [Automático] Es hora de actualizar pagos. Arrancando...
[06:45:26] ⏳ [Automático] Tocaba disparar 'pagos' pero ya hay una ejecución en curso (Actualizar pagos); esperando a que termine; se reintenta en breve sin perder el turno.
[06:47:56] 🤖 [Automático] Es hora de actualizar pagos. Arrancando...
[06:48:11] ⏳ [Automático] Tocaba disparar 'pagos' pero ya hay una ejecución en curso (Actualizar pagos); esperando a que termine; se reintenta en breve sin perder el turno.
[06:49:42] ❌ [Automático] 'pagos' falló (intento 1 de 4). Se reintenta a las 06:54.
[06:54:57] 🤖 [Automático] Es hora de actualizar pagos (reintento 1 de 3). Arrancando...
[06:55:12] ⏳ [Automático] Tocaba disparar 'pagos' pero ya hay una ejecución en curso (Actualizar pagos); esperando a que termine; se reintenta en breve sin perder el turno.
[06:55:46] ✅ [Automático] 'pagos' terminó bien en el reintento 1.
[06:57:57] 🤖 [Automático] Es hora de actualizar pagos. Arrancando...
[06:58:12] ⏳ [Automático] Tocaba disparar 'pagos' pero ya hay una ejecución en curso (Actualizar pagos); esperando a que termine; se reintenta en breve sin perder el turno.
[07:00:42] 🤖 [Automático] Es hora de actualizar pagos. Arrancando...
[07:00:57] ⏳ [Automático] Tocaba disparar 'pagos' pero ya hay una ejecución en curso (Actualizar pagos); esperando a que termine; se reintenta en breve sin perder el turno.
[07:03:42] 🤖 [Automático] Es hora de actualizar pagos. Arrancando...
[07:03:57] ⏳ [Automático] Tocaba disparar 'pagos' pero ya hay una ejecución en curso (Actualizar pagos); esperando a que termine; se reintenta en breve sin perder el turno.
[07:06:27] 🤖 [Automático] Es hora de actualizar pagos. Arrancando...
[07:06:42] ⏳ [Automático] Tocaba disparar 'pagos' pero ya hay una ejecución en curso (Actualizar pagos); esperando a que termine; se reintenta en breve sin perder el turno.
[07:09:27] 🤖 [Automático] Es hora de actualizar pagos. Arrancando...
[07:09:42] ⏳ [Automático] Tocaba disparar 'pagos' pero ya hay una ejecución en curso (Actualizar pagos); esperando a que termine; se reintenta en breve sin perder el turno.
[07:12:12] 🤖 [Automático] Es hora de actualizar pagos. Arrancando...
[07:12:27] ⏳ [Automático] Tocaba disparar 'pagos' pero ya hay una ejecución en curso (Actualizar pagos); esperando a que termine; se reintenta en breve sin perder el turno.
[07:15:12] 🤖 [Automático] Es hora de actualizar pagos. Arrancando...
[07:15:27] ⏳ [Automático] Tocaba disparar 'pagos' pero ya hay una ejecución en curso (Actualizar pagos); esperando a que termine; se reintenta en breve sin perder el turno.
[07:17:57] 🤖 [Automático] Es hora de actualizar pagos. Arrancando...
[07:18:12] ⏳ [Automático] Tocaba disparar 'pagos' pero ya hay una ejecución en curso (Actualizar pagos); esperando a que termine; se reintenta en breve sin perder el turno.
[07:20:42] 🤖 [Automático] Es hora de actualizar pagos. Arrancando...
[07:20:57] ⏳ [Automático] Tocaba disparar 'pagos' pero ya hay una ejecución en curso (Actualizar pagos); esperando a que termine; se reintenta en breve sin perder el turno.
[07:22:28] ❌ [Automático] 'pagos' falló (intento 1 de 4). Se reintenta a las 07:27.
[07:27:28] 🤖 [Automático] Es hora de actualizar pagos (reintento 1 de 3). Arrancando...
[07:27:43] ⏳ [Automático] Tocaba disparar 'pagos' pero ya hay una ejecución en curso (Actualizar pagos); esperando a que termine; se reintenta en breve sin perder el turno.
[07:28:25] ✅ [Automático] 'pagos' terminó bien en el reintento 1.
[07:30:28] 🤖 [Automático] Es hora de actualizar pagos. Arrancando...
[07:30:43] ⏳ [Automático] Tocaba disparar 'pagos' pero ya hay una ejecución en curso (Actualizar pagos); esperando a que termine; se reintenta en breve sin perder el turno.
[07:33:13] 🤖 [Automático] Es hora de actualizar pagos. Arrancando...
[07:33:28] ⏳ [Automático] Tocaba disparar 'pagos' pero ya hay una ejecución en curso (Actualizar pagos); esperando a que termine; se reintenta en breve sin perder el turno.
[07:36:13] 🤖 [Automático] Es hora de actualizar pagos. Arrancando...
[07:36:28] ⏳ [Automático] Tocaba disparar 'pagos' pero ya hay una ejecución en curso (Actualizar pagos); esperando a que termine; se reintenta en breve sin perder el turno.
[07:38:58] 🤖 [Automático] Es hora de actualizar pagos. Arrancando...
[07:39:13] ⏳ [Automático] Tocaba disparar 'pagos' pero ya hay una ejecución en curso (Actualizar pagos); esperando a que termine; se reintenta en breve sin perder el turno.
[07:41:43] 🤖 [Automático] Es hora de actualizar pagos. Arrancando...
[07:41:58] ⏳ [Automático] Tocaba disparar 'pagos' pero ya hay una ejecución en curso (Actualizar pagos); esperando a que termine; se reintenta en breve sin perder el turno.
[07:44:28] 🤖 [Automático] Es hora de actualizar pagos. Arrancando...
[07:44:43] ⏳ [Automático] Tocaba disparar 'pagos' pero ya hay una ejecución en curso (Actualizar pagos); esperando a que termine; se reintenta en breve sin perder el turno.
[07:47:28] 🤖 [Automático] Es hora de actualizar pagos. Arrancando...
[07:47:43] ⏳ [Automático] Tocaba disparar 'pagos' pero ya hay una ejecución en curso (Actualizar pagos); esperando a que termine; se reintenta en breve sin perder el turno.
[07:50:13] 🤖 [Automático] Es hora de actualizar pagos. Arrancando...
[07:50:28] ⏳ [Automático] Tocaba disparar 'pagos' pero ya hay una ejecución en curso (Actualizar pagos); esperando a que termine; se reintenta en breve sin perder el turno.
[07:53:13] 🤖 [Automático] Es hora de actualizar pagos. Arrancando...
[07:53:28] ⏳ [Automático] Tocaba disparar 'pagos' pero ya hay una ejecución en curso (Actualizar pagos); esperando a que termine; se reintenta en breve sin perder el turno.
[07:55:58] 🤖 [Automático] Es hora de actualizar pagos. Arrancando...
[07:56:13] ⏳ [Automático] Tocaba disparar 'pagos' pero ya hay una ejecución en curso (Actualizar pagos); esperando a que termine; se reintenta en breve sin perder el turno.
[07:58:44] 🤖 [Automático] Es hora de actualizar pagos. Arrancando...
[07:58:59] ⏳ [Automático] Tocaba disparar 'pagos' pero ya hay una ejecución en curso (Actualizar pagos); esperando a que termine; se reintenta en breve sin perder el turno.
[08:01:29] 🤖 [Automático] Es hora de actualizar pagos. Arrancando...
[08:01:44] ⏳ [Automático] Tocaba disparar 'pagos' pero ya hay una ejecución en curso (Actualizar pagos); esperando a que termine; se reintenta en breve sin perder el turno.
[08:04:29] 🤖 [Automático] Es hora de actualizar pagos. Arrancando...
[08:04:44] ⏳ [Automático] Tocaba disparar 'pagos' pero ya hay una ejecución en curso (Actualizar pagos); esperando a que termine; se reintenta en breve sin perder el turno.
[08:07:14] 🤖 [Automático] Es hora de actualizar pagos. Arrancando...
[08:07:29] ⏳ [Automático] Tocaba disparar 'pagos' pero ya hay una ejecución en curso (Actualizar pagos); esperando a que termine; se reintenta en breve sin perder el turno.
[08:09:59] 🤖 [Automático] Es hora de actualizar pagos. Arrancando...
[08:10:14] ⏳ [Automático] Tocaba disparar 'pagos' pero ya hay una ejecución en curso (Actualizar pagos); esperando a que termine; se reintenta en breve sin perder el turno.
[08:11:45] ❌ [Automático] 'pagos' falló (intento 1 de 4). Se reintenta a las 08:16.
[08:16:59] 🤖 [Automático] Es hora de actualizar pagos (reintento 1 de 3). Arrancando...
[08:17:14] ⏳ [Automático] Tocaba disparar 'pagos' pero ya hay una ejecución en curso (Actualizar pagos); esperando a que termine; se reintenta en breve sin perder el turno.
[08:17:46] ✅ [Automático] 'pagos' terminó bien en el reintento 1.
[08:19:59] 🤖 [Automático] Es hora de actualizar pagos. Arrancando...
[08:20:14] ⏳ [Automático] Tocaba disparar 'pagos' pero ya hay una ejecución en curso (Actualizar pagos); esperando a que termine; se reintenta en breve sin perder el turno.
[08:22:44] 🤖 [Automático] Es hora de actualizar pagos. Arrancando...
[08:22:59] ⏳ [Automático] Tocaba disparar 'pagos' pero ya hay una ejecución en curso (Actualizar pagos); esperando a que termine; se reintenta en breve sin perder el turno.
[08:25:29] 🤖 [Automático] Es hora de actualizar pagos. Arrancando...
[08:25:44] ⏳ [Automático] Tocaba disparar 'pagos' pero ya hay una ejecución en curso (Actualizar pagos); esperando a que termine; se reintenta en breve sin perder el turno.
[08:28:15] 🤖 [Automático] Es hora de actualizar pagos. Arrancando...
[08:28:30] ⏳ [Automático] Tocaba disparar 'pagos' pero ya hay una ejecución en curso (Actualizar pagos); esperando a que termine; se reintenta en breve sin perder el turno.
[08:31:00] 🤖 [Automático] Es hora de actualizar pagos. Arrancando...
[08:31:15] ⏳ [Automático] Tocaba disparar 'pagos' pero ya hay una ejecución en curso (Actualizar pagos); esperando a que termine; se reintenta en breve sin perder el turno.
[08:33:45] 🤖 [Automático] Es hora de actualizar pagos. Arrancando...
[08:34:00] ⏳ [Automático] Tocaba disparar 'pagos' pero ya hay una ejecución en curso (Actualizar pagos); esperando a que termine; se reintenta en breve sin perder el turno.
[08:36:30] 🤖 [Automático] Es hora de actualizar pagos. Arrancando...
[08:36:45] ⏳ [Automático] Tocaba disparar 'pagos' pero ya hay una ejecución en curso (Actualizar pagos); esperando a que termine; se reintenta en breve sin perder el turno.
[08:39:15] 🤖 [Automático] Es hora de actualizar pagos. Arrancando...
[08:39:30] ⏳ [Automático] Tocaba disparar 'pagos' pero ya hay una ejecución en curso (Actualizar pagos); esperando a que termine; se reintenta en breve sin perder el turno.
[08:42:00] 🤖 [Automático] Es hora de actualizar pagos. Arrancando...
[08:42:15] ⏳ [Automático] Tocaba disparar 'pagos' pero ya hay una ejecución en curso (Actualizar pagos); esperando a que termine; se reintenta en breve sin perder el turno.
[08:45:00] 🤖 [Automático] Es hora de actualizar pagos. Arrancando...
[08:45:15] ⏳ [Automático] Tocaba disparar 'pagos' pero ya hay una ejecución en curso (Actualizar pagos); esperando a que termine; se reintenta en breve sin perder el turno.
[08:47:45] 🤖 [Automático] Es hora de actualizar pagos. Arrancando...
[08:48:00] ⏳ [Automático] Tocaba disparar 'pagos' pero ya hay una ejecución en curso (Actualizar pagos); esperando a que termine; se reintenta en breve sin perder el turno.
[08:50:30] 🤖 [Automático] Es hora de actualizar pagos. Arrancando...
[08:50:45] ⏳ [Automático] Tocaba disparar 'pagos' pero ya hay una ejecución en curso (Actualizar pagos); esperando a que termine; se reintenta en breve sin perder el turno.
[08:53:30] 🤖 [Automático] Es hora de actualizar pagos. Arrancando...
[08:53:45] ⏳ [Automático] Tocaba disparar 'pagos' pero ya hay una ejecución en curso (Actualizar pagos); esperando a que termine; se reintenta en breve sin perder el turno.
[08:56:16] 🤖 [Automático] Es hora de actualizar pagos. Arrancando...
[08:56:31] ⏳ [Automático] Tocaba disparar 'pagos' pero ya hay una ejecución en curso (Actualizar pagos); esperando a que termine; se reintenta en breve sin perder el turno.
[08:59:16] 🤖 [Automático] Es hora de actualizar pagos. Arrancando...
[08:59:31] ⏳ [Automático] Tocaba disparar 'pagos' pero ya hay una ejecución en curso (Actualizar pagos); esperando a que termine; se reintenta en breve sin perder el turno.
[09:02:01] 🤖 [Automático] Es hora de actualizar pagos. Arrancando...
[09:02:16] ⏳ [Automático] Tocaba disparar 'pagos' pero ya hay una ejecución en curso (Actualizar pagos); esperando a que termine; se reintenta en breve sin perder el turno.
[09:03:46] ❌ [Automático] 'pagos' falló (intento 1 de 4). Se reintenta a las 09:08.
[09:09:01] 🤖 [Automático] Es hora de actualizar pagos (reintento 1 de 3). Arrancando...
[09:09:16] ⏳ [Automático] Tocaba disparar 'pagos' pero ya hay una ejecución en curso (Actualizar pagos); esperando a que termine; se reintenta en breve sin perder el turno.
[09:09:48] ✅ [Automático] 'pagos' terminó bien en el reintento 1.
[09:12:01] 🤖 [Automático] Es hora de actualizar pagos. Arrancando...
[09:12:16] ⏳ [Automático] Tocaba disparar 'pagos' pero ya hay una ejecución en curso (Actualizar pagos); esperando a que termine; se reintenta en breve sin perder el turno.
[09:13:46] ❌ [Automático] 'pagos' falló (intento 1 de 4). Se reintenta a las 09:18.
[09:19:01] 🤖 [Automático] Es hora de actualizar pagos (reintento 1 de 3). Arrancando...
[09:19:16] ⏳ [Automático] Tocaba disparar 'pagos' pero ya hay una ejecución en curso (Actualizar pagos); esperando a que termine; se reintenta en breve sin perder el turno.
[09:19:56] ✅ [Automático] 'pagos' terminó bien en el reintento 1.
[09:22:01] 🤖 [Automático] Es hora de actualizar pagos. Arrancando...
[09:22:16] ⏳ [Automático] Tocaba disparar 'pagos' pero ya hay una ejecución en curso (Actualizar pagos); esperando a que termine; se reintenta en breve sin perder el turno.
[09:24:46] 🤖 [Automático] Es hora de actualizar pagos. Arrancando...
[09:25:01] ⏳ [Automático] Tocaba disparar 'pagos' pero ya hay una ejecución en curso (Actualizar pagos); esperando a que termine; se reintenta en breve sin perder el turno.
[09:27:47] 🤖 [Automático] Es hora de actualizar pagos. Arrancando...
[09:28:02] ⏳ [Automático] Tocaba disparar 'pagos' pero ya hay una ejecución en curso (Actualizar pagos); esperando a que termine; se reintenta en breve sin perder el turno.
[09:30:32] 🤖 [Automático] Es hora de actualizar pagos. Arrancando...
[09:30:47] ⏳ [Automático] Tocaba disparar 'pagos' pero ya hay una ejecución en curso (Actualizar pagos); esperando a que termine; se reintenta en breve sin perder el turno.
[09:33:17] 🤖 [Automático] Es hora de actualizar pagos. Arrancando...
[09:33:32] ⏳ [Automático] Tocaba disparar 'pagos' pero ya hay una ejecución en curso (Actualizar pagos); esperando a que termine; se reintenta en breve sin perder el turno.
[09:36:17] 🤖 [Automático] Es hora de actualizar pagos. Arrancando...
[09:36:32] ⏳ [Automático] Tocaba disparar 'pagos' pero ya hay una ejecución en curso (Actualizar pagos); esperando a que termine; se reintenta en breve sin perder el turno.
[09:39:02] 🤖 [Automático] Es hora de actualizar pagos. Arrancando...
[09:39:17] ⏳ [Automático] Tocaba disparar 'pagos' pero ya hay una ejecución en curso (Actualizar pagos); esperando a que termine; se reintenta en breve sin perder el turno.
[09:42:02] 🤖 [Automático] Es hora de actualizar pagos. Arrancando...
[09:42:17] ⏳ [Automático] Tocaba disparar 'pagos' pero ya hay una ejecución en curso (Actualizar pagos); esperando a que termine; se reintenta en breve sin perder el turno.
[09:44:47] 🤖 [Automático] Es hora de actualizar pagos. Arrancando...
[09:45:02] ⏳ [Automático] Tocaba disparar 'pagos' pero ya hay una ejecución en curso (Actualizar pagos); esperando a que termine; se reintenta en breve sin perder el turno.
[09:47:32] 🤖 [Automático] Es hora de actualizar pagos. Arrancando...
[09:47:47] ⏳ [Automático] Tocaba disparar 'pagos' pero ya hay una ejecución en curso (Actualizar pagos); esperando a que termine; se reintenta en breve sin perder el turno.
[09:49:17] ❌ [Automático] 'pagos' falló (intento 1 de 4). Se reintenta a las 09:54.
[09:54:17] 🤖 [Automático] Es hora de actualizar pagos (reintento 1 de 3). Arrancando...
[09:54:32] ⏳ [Automático] Tocaba disparar 'pagos' pero ya hay una ejecución en curso (Actualizar pagos); esperando a que termine; se reintenta en breve sin perder el turno.
[09:55:04] ✅ [Automático] 'pagos' terminó bien en el reintento 1.
[09:57:17] 🤖 [Automático] Es hora de actualizar pagos. Arrancando...
[09:57:32] ⏳ [Automático] Tocaba disparar 'pagos' pero ya hay una ejecución en curso (Actualizar pagos); esperando a que termine; se reintenta en breve sin perder el turno.
[10:00:03] 🤖 [Automático] Es hora de actualizar pagos. Arrancando...
[10:00:18] ⏳ [Automático] Tocaba disparar 'pagos' pero ya hay una ejecución en curso (Actualizar pagos); esperando a que termine; se reintenta en breve sin perder el turno.
[10:03:03] 🤖 [Automático] Es hora de actualizar pagos. Arrancando...
[10:03:18] ⏳ [Automático] Tocaba disparar 'pagos' pero ya hay una ejecución en curso (Actualizar pagos); esperando a que termine; se reintenta en breve sin perder el turno.
[10:05:48] 🤖 [Automático] Es hora de actualizar pagos. Arrancando...
[10:06:03] ⏳ [Automático] Tocaba disparar 'pagos' pero ya hay una ejecución en curso (Actualizar pagos); esperando a que termine; se reintenta en breve sin perder el turno.
[10:08:33] 🤖 [Automático] Es hora de actualizar pagos. Arrancando...
[10:08:48] ⏳ [Automático] Tocaba disparar 'pagos' pero ya hay una ejecución en curso (Actualizar pagos); esperando a que termine; se reintenta en breve sin perder el turno.
[10:11:33] 🤖 [Automático] Es hora de actualizar pagos. Arrancando...
[10:11:48] ⏳ [Automático] Tocaba disparar 'pagos' pero ya hay una ejecución en curso (Actualizar pagos); esperando a que termine; se reintenta en breve sin perder el turno.
[10:14:33] 🤖 [Automático] Es hora de actualizar pagos. Arrancando...
[10:14:48] ⏳ [Automático] Tocaba disparar 'pagos' pero ya hay una ejecución en curso (Actualizar pagos); esperando a que termine; se reintenta en breve sin perder el turno.
[10:17:18] 🤖 [Automático] Es hora de actualizar pagos. Arrancando...
[10:17:33] ⏳ [Automático] Tocaba disparar 'pagos' pero ya hay una ejecución en curso (Actualizar pagos); esperando a que termine; se reintenta en breve sin perder el turno.
[10:20:03] 🤖 [Automático] Es hora de actualizar pagos. Arrancando...
[10:20:18] ⏳ [Automático] Tocaba disparar 'pagos' pero ya hay una ejecución en curso (Actualizar pagos); esperando a que termine; se reintenta en breve sin perder el turno.
[10:22:48] 🤖 [Automático] Es hora de actualizar pagos. Arrancando...
[10:23:03] ⏳ [Automático] Tocaba disparar 'pagos' pero ya hay una ejecución en curso (Actualizar pagos); esperando a que termine; se reintenta en breve sin perder el turno.
[10:25:33] 🤖 [Automático] Es hora de actualizar pagos. Arrancando...
[10:25:48] ⏳ [Automático] Tocaba disparar 'pagos' pero ya hay una ejecución en curso (Actualizar pagos); esperando a que termine; se reintenta en breve sin perder el turno.
[10:27:18] ❌ [Automático] 'pagos' falló (intento 1 de 4). Se reintenta a las 10:32.
[10:32:18] 🤖 [Automático] Es hora de actualizar pagos (reintento 1 de 3). Arrancando...
[10:32:33] ⏳ [Automático] Tocaba disparar 'pagos' pero ya hay una ejecución en curso (Actualizar pagos); esperando a que termine; se reintenta en breve sin perder el turno.
[10:33:07] ✅ [Automático] 'pagos' terminó bien en el reintento 1.
[10:35:19] 🤖 [Automático] Es hora de actualizar pagos. Arrancando...
[10:35:34] ⏳ [Automático] Tocaba disparar 'pagos' pero ya hay una ejecución en curso (Actualizar pagos); esperando a que termine; se reintenta en breve sin perder el turno.
[10:38:04] 🤖 [Automático] Es hora de actualizar pagos. Arrancando...
[10:38:19] ⏳ [Automático] Tocaba disparar 'pagos' pero ya hay una ejecución en curso (Actualizar pagos); esperando a que termine; se reintenta en breve sin perder el turno.
[10:41:04] 🤖 [Automático] Es hora de actualizar pagos. Arrancando...
[10:41:19] ⏳ [Automático] Tocaba disparar 'pagos' pero ya hay una ejecución en curso (Actualizar pagos); esperando a que termine; se reintenta en breve sin perder el turno.
[10:42:49] ❌ [Automático] 'pagos' falló (intento 1 de 4). Se reintenta a las 10:47.
[10:47:49] 🤖 [Automático] Es hora de actualizar pagos (reintento 1 de 3). Arrancando...
[10:48:04] ⏳ [Automático] Tocaba disparar 'pagos' pero ya hay una ejecución en curso (Actualizar pagos); esperando a que termine; se reintenta en breve sin perder el turno.
[10:48:41] ✅ [Automático] 'pagos' terminó bien en el reintento 1.
[10:50:49] 🤖 [Automático] Es hora de actualizar pagos. Arrancando...
[10:51:04] ⏳ [Automático] Tocaba disparar 'pagos' pero ya hay una ejecución en curso (Actualizar pagos); esperando a que termine; se reintenta en breve sin perder el turno.
[10:53:34] 🤖 [Automático] Es hora de actualizar pagos. Arrancando...
[10:53:49] ⏳ [Automático] Tocaba disparar 'pagos' pero ya hay una ejecución en curso (Actualizar pagos); esperando a que termine; se reintenta en breve sin perder el turno.
[10:56:19] 🤖 [Automático] Es hora de actualizar pagos. Arrancando...
[10:56:34] ⏳ [Automático] Tocaba disparar 'pagos' pero ya hay una ejecución en curso (Actualizar pagos); esperando a que termine; se reintenta en breve sin perder el turno.
[10:59:04] 🤖 [Automático] Es hora de actualizar pagos. Arrancando...
[10:59:19] ⏳ [Automático] Tocaba disparar 'pagos' pero ya hay una ejecución en curso (Actualizar pagos); esperando a que termine; se reintenta en breve sin perder el turno.
[11:01:49] 🤖 [Automático] Es hora de actualizar pagos. Arrancando...
[11:02:04] ⏳ [Automático] Tocaba disparar 'pagos' pero ya hay una ejecución en curso (Actualizar pagos); esperando a que termine; se reintenta en breve sin perder el turno.
[11:04:49] 🤖 [Automático] Es hora de actualizar pagos. Arrancando...
[11:05:04] ⏳ [Automático] Tocaba disparar 'pagos' pero ya hay una ejecución en curso (Actualizar pagos); esperando a que termine; se reintenta en breve sin perder el turno.
[11:07:50] 🤖 [Automático] Es hora de actualizar pagos. Arrancando...
[11:08:05] ⏳ [Automático] Tocaba disparar 'pagos' pero ya hay una ejecución en curso (Actualizar pagos); esperando a que termine; se reintenta en breve sin perder el turno.
[11:10:35] 🤖 [Automático] Es hora de actualizar pagos. Arrancando...
[11:10:50] ⏳ [Automático] Tocaba disparar 'pagos' pero ya hay una ejecución en curso (Actualizar pagos); esperando a que termine; se reintenta en breve sin perder el turno.
[11:13:20] 🤖 [Automático] Es hora de actualizar pagos. Arrancando...
[11:13:35] ⏳ [Automático] Tocaba disparar 'pagos' pero ya hay una ejecución en curso (Actualizar pagos); esperando a que termine; se reintenta en breve sin perder el turno.
[11:16:05] 🤖 [Automático] Es hora de actualizar pagos. Arrancando...
[11:16:20] ⏳ [Automático] Tocaba disparar 'pagos' pero ya hay una ejecución en curso (Actualizar pagos); esperando a que termine; se reintenta en breve sin perder el turno.
[11:19:05] 🤖 [Automático] Es hora de actualizar pagos. Arrancando...
[11:19:20] ⏳ [Automático] Tocaba disparar 'pagos' pero ya hay una ejecución en curso (Actualizar pagos); esperando a que termine; se reintenta en breve sin perder el turno.
[11:21:50] 🤖 [Automático] Es hora de actualizar pagos. Arrancando...
[11:22:05] ⏳ [Automático] Tocaba disparar 'pagos' pero ya hay una ejecución en curso (Actualizar pagos); esperando a que termine; se reintenta en breve sin perder el turno.
[11:24:35] 🤖 [Automático] Es hora de actualizar pagos. Arrancando...
[11:24:50] ⏳ [Automático] Tocaba disparar 'pagos' pero ya hay una ejecución en curso (Actualizar pagos); esperando a que termine; se reintenta en breve sin perder el turno.
[11:27:20] 🤖 [Automático] Es hora de actualizar pagos. Arrancando...
[11:27:35] ⏳ [Automático] Tocaba disparar 'pagos' pero ya hay una ejecución en curso (Actualizar pagos); esperando a que termine; se reintenta en breve sin perder el turno.
[11:30:05] 🤖 [Automático] Es hora de actualizar pagos. Arrancando...
[11:30:20] ⏳ [Automático] Tocaba disparar 'pagos' pero ya hay una ejecución en curso (Actualizar pagos); esperando a que termine; se reintenta en breve sin perder el turno.
[11:33:05] 🤖 [Automático] Es hora de actualizar pagos. Arrancando...
[11:33:20] ⏳ [Automático] Tocaba disparar 'pagos' pero ya hay una ejecución en curso (Actualizar pagos); esperando a que termine; se reintenta en breve sin perder el turno.
[11:35:50] 🤖 [Automático] Es hora de actualizar pagos. Arrancando...
[11:36:05] ⏳ [Automático] Tocaba disparar 'pagos' pero ya hay una ejecución en curso (Actualizar pagos); esperando a que termine; se reintenta en breve sin perder el turno.
[11:38:51] 🤖 [Automático] Es hora de actualizar pagos. Arrancando...
[11:39:06] ⏳ [Automático] Tocaba disparar 'pagos' pero ya hay una ejecución en curso (Actualizar pagos); esperando a que termine; se reintenta en breve sin perder el turno.
[11:41:36] 🤖 [Automático] Es hora de actualizar pagos. Arrancando...
[11:41:51] ⏳ [Automático] Tocaba disparar 'pagos' pero ya hay una ejecución en curso (Actualizar pagos); esperando a que termine; se reintenta en breve sin perder el turno.
[11:44:36] 🤖 [Automático] Es hora de actualizar pagos. Arrancando...
[11:44:51] ⏳ [Automático] Tocaba disparar 'pagos' pero ya hay una ejecución en curso (Actualizar pagos); esperando a que termine; se reintenta en breve sin perder el turno.
[11:47:21] 🤖 [Automático] Es hora de actualizar pagos. Arrancando...
[11:47:36] ⏳ [Automático] Tocaba disparar 'pagos' pero ya hay una ejecución en curso (Actualizar pagos); esperando a que termine; se reintenta en breve sin perder el turno.
[11:50:06] 🤖 [Automático] Es hora de actualizar pagos. Arrancando...
[11:50:21] ⏳ [Automático] Tocaba disparar 'pagos' pero ya hay una ejecución en curso (Actualizar pagos); esperando a que termine; se reintenta en breve sin perder el turno.
[11:51:51] ❌ [Automático] 'pagos' falló (intento 1 de 4). Se reintenta a las 11:56.
[11:57:06] 🤖 [Automático] Es hora de actualizar pagos (reintento 1 de 3). Arrancando...
[11:57:21] ⏳ [Automático] Tocaba disparar 'pagos' pero ya hay una ejecución en curso (Actualizar pagos); esperando a que termine; se reintenta en breve sin perder el turno.
[11:57:52] ✅ [Automático] 'pagos' terminó bien en el reintento 1.
[12:00:06] 🤖 [Automático] Es hora de actualizar pagos. Arrancando...
[12:00:21] ⏳ [Automático] Tocaba disparar 'pagos' pero ya hay una ejecución en curso (Actualizar pagos); esperando a que termine; se reintenta en breve sin perder el turno.
[12:03:36] 🤖 [Automático] Es hora de actualizar pagos. Arrancando...
[12:03:51] ⏳ [Automático] Tocaba disparar 'pagos' pero ya hay una ejecución en curso (Actualizar pagos); esperando a que termine; se reintenta en breve sin perder el turno.
[12:06:21] 🤖 [Automático] Es hora de actualizar pagos. Arrancando...
[12:06:36] ⏳ [Automático] Tocaba disparar 'pagos' pero ya hay una ejecución en curso (Actualizar pagos); esperando a que termine; se reintenta en breve sin perder el turno.
[12:09:21] 🤖 [Automático] Es hora de actualizar pagos. Arrancando...
[12:09:36] ⏳ [Automático] Tocaba disparar 'pagos' pero ya hay una ejecución en curso (Actualizar pagos); esperando a que termine; se reintenta en breve sin perder el turno.
[12:12:22] 🤖 [Automático] Es hora de actualizar pagos. Arrancando...
[12:12:37] ⏳ [Automático] Tocaba disparar 'pagos' pero ya hay una ejecución en curso (Actualizar pagos); esperando a que termine; se reintenta en breve sin perder el turno.
[12:15:07] 🤖 [Automático] Es hora de actualizar pagos. Arrancando...
[12:15:22] ⏳ [Automático] Tocaba disparar 'pagos' pero ya hay una ejecución en curso (Actualizar pagos); esperando a que termine; se reintenta en breve sin perder el turno.
[12:17:52] 🤖 [Automático] Es hora de actualizar pagos. Arrancando...
[12:18:07] ⏳ [Automático] Tocaba disparar 'pagos' pero ya hay una ejecución en curso (Actualizar pagos); esperando a que termine; se reintenta en breve sin perder el turno.
[12:20:37] 🤖 [Automático] Es hora de actualizar pagos. Arrancando...
[12:20:52] ⏳ [Automático] Tocaba disparar 'pagos' pero ya hay una ejecución en curso (Actualizar pagos); esperando a que termine; se reintenta en breve sin perder el turno.
[12:23:37] 🤖 [Automático] Es hora de actualizar pagos. Arrancando...
[12:23:52] ⏳ [Automático] Tocaba disparar 'pagos' pero ya hay una ejecución en curso (Actualizar pagos); esperando a que termine; se reintenta en breve sin perder el turno.
[12:26:37] 🤖 [Automático] Es hora de actualizar pagos. Arrancando...
[12:26:52] ⏳ [Automático] Tocaba disparar 'pagos' pero ya hay una ejecución en curso (Actualizar pagos); esperando a que termine; se reintenta en breve sin perder el turno.
[12:29:22] 🤖 [Automático] Es hora de actualizar pagos. Arrancando...
[12:29:37] ⏳ [Automático] Tocaba disparar 'pagos' pero ya hay una ejecución en curso (Actualizar pagos); esperando a que termine; se reintenta en breve sin perder el turno.
[12:31:08] ❌ [Automático] 'pagos' falló (intento 1 de 4). Se reintenta a las 12:36.
[12:36:22] 🤖 [Automático] Es hora de actualizar pagos (reintento 1 de 3). Arrancando...
[12:36:37] ⏳ [Automático] Tocaba disparar 'pagos' pero ya hay una ejecución en curso (Actualizar pagos); esperando a que termine; se reintenta en breve sin perder el turno.
[12:37:08] ✅ [Automático] 'pagos' terminó bien en el reintento 1.
[12:39:22] 🤖 [Automático] Es hora de actualizar pagos. Arrancando...
[12:39:37] ⏳ [Automático] Tocaba disparar 'pagos' pero ya hay una ejecución en curso (Actualizar pagos); esperando a que termine; se reintenta en breve sin perder el turno.
[12:42:08] 🤖 [Automático] Es hora de actualizar pagos. Arrancando...
[12:42:23] ⏳ [Automático] Tocaba disparar 'pagos' pero ya hay una ejecución en curso (Actualizar pagos); esperando a que termine; se reintenta en breve sin perder el turno.
[12:45:08] 🤖 [Automático] Es hora de actualizar pagos. Arrancando...
[12:45:23] ⏳ [Automático] Tocaba disparar 'pagos' pero ya hay una ejecución en curso (Actualizar pagos); esperando a que termine; se reintenta en breve sin perder el turno.
[12:48:08] 🤖 [Automático] Es hora de actualizar pagos. Arrancando...
[12:48:23] ⏳ [Automático] Tocaba disparar 'pagos' pero ya hay una ejecución en curso (Actualizar pagos); esperando a que termine; se reintenta en breve sin perder el turno.
[12:51:08] 🤖 [Automático] Es hora de actualizar pagos. Arrancando...
[12:51:23] ⏳ [Automático] Tocaba disparar 'pagos' pero ya hay una ejecución en curso (Actualizar pagos); esperando a que termine; se reintenta en breve sin perder el turno.
[12:53:53] 🤖 [Automático] Es hora de actualizar pagos. Arrancando...
[12:54:08] ⏳ [Automático] Tocaba disparar 'pagos' pero ya hay una ejecución en curso (Actualizar pagos); esperando a que termine; se reintenta en breve sin perder el turno.
[12:56:38] 🤖 [Automático] Es hora de actualizar pagos. Arrancando...
[12:56:53] ⏳ [Automático] Tocaba disparar 'pagos' pero ya hay una ejecución en curso (Actualizar pagos); esperando a que termine; se reintenta en breve sin perder el turno.
[12:59:23] 🤖 [Automático] Es hora de actualizar pagos. Arrancando...
[12:59:38] ⏳ [Automático] Tocaba disparar 'pagos' pero ya hay una ejecución en curso (Actualizar pagos); esperando a que termine; se reintenta en breve sin perder el turno.
[13:02:08] 🤖 [Automático] Es hora de actualizar pagos. Arrancando...
[13:02:23] ⏳ [Automático] Tocaba disparar 'pagos' pero ya hay una ejecución en curso (Actualizar pagos); esperando a que termine; se reintenta en breve sin perder el turno.
[13:05:08] 🤖 [Automático] Es hora de actualizar pagos. Arrancando...
[13:05:23] ⏳ [Automático] Tocaba disparar 'pagos' pero ya hay una ejecución en curso (Actualizar pagos); esperando a que termine; se reintenta en breve sin perder el turno.
[13:08:08] 🤖 [Automático] Es hora de actualizar pagos. Arrancando...
[13:08:23] ⏳ [Automático] Tocaba disparar 'pagos' pero ya hay una ejecución en curso (Actualizar pagos); esperando a que termine; se reintenta en breve sin perder el turno.
[13:11:08] 🤖 [Automático] Es hora de actualizar pagos. Arrancando...
[13:11:24] ⏳ [Automático] Tocaba disparar 'pagos' pero ya hay una ejecución en curso (Actualizar pagos); esperando a que termine; se reintenta en breve sin perder el turno.
[13:14:09] 🤖 [Automático] Es hora de actualizar pagos. Arrancando...
[13:14:24] ⏳ [Automático] Tocaba disparar 'pagos' pero ya hay una ejecución en curso (Actualizar pagos); esperando a que termine; se reintenta en breve sin perder el turno.
[13:16:54] 🤖 [Automático] Es hora de actualizar pagos. Arrancando...
[13:17:09] ⏳ [Automático] Tocaba disparar 'pagos' pero ya hay una ejecución en curso (Actualizar pagos); esperando a que termine; se reintenta en breve sin perder el turno.
[13:19:39] 🤖 [Automático] Es hora de actualizar pagos. Arrancando...
[13:19:54] ⏳ [Automático] Tocaba disparar 'pagos' pero ya hay una ejecución en curso (Actualizar pagos); esperando a que termine; se reintenta en breve sin perder el turno.
[13:22:39] 🤖 [Automático] Es hora de actualizar pagos. Arrancando...
[13:22:54] ⏳ [Automático] Tocaba disparar 'pagos' pero ya hay una ejecución en curso (Actualizar pagos); esperando a que termine; se reintenta en breve sin perder el turno.
[13:25:24] 🤖 [Automático] Es hora de actualizar pagos. Arrancando...
[13:25:39] ⏳ [Automático] Tocaba disparar 'pagos' pero ya hay una ejecución en curso (Actualizar pagos); esperando a que termine; se reintenta en breve sin perder el turno.
[13:28:09] 🤖 [Automático] Es hora de actualizar pagos. Arrancando...
[13:28:24] ⏳ [Automático] Tocaba disparar 'pagos' pero ya hay una ejecución en curso (Actualizar pagos); esperando a que termine; se reintenta en breve sin perder el turno.
[13:30:54] 🤖 [Automático] Es hora de actualizar pagos. Arrancando...
[13:31:09] ⏳ [Automático] Tocaba disparar 'pagos' pero ya hay una ejecución en curso (Actualizar pagos); esperando a que termine; se reintenta en breve sin perder el turno.
[13:33:39] 🤖 [Automático] Es hora de actualizar pagos. Arrancando...
[13:33:54] ⏳ [Automático] Tocaba disparar 'pagos' pero ya hay una ejecución en curso (Actualizar pagos); esperando a que termine; se reintenta en breve sin perder el turno.
[13:36:24] 🤖 [Automático] Es hora de actualizar pagos. Arrancando...
[13:36:39] ⏳ [Automático] Tocaba disparar 'pagos' pero ya hay una ejecución en curso (Actualizar pagos); esperando a que termine; se reintenta en breve sin perder el turno.
[13:39:24] 🤖 [Automático] Es hora de actualizar pagos. Arrancando...
[13:39:39] ⏳ [Automático] Tocaba disparar 'pagos' pero ya hay una ejecución en curso (Actualizar pagos); esperando a que termine; se reintenta en breve sin perder el turno.
[13:42:24] 🤖 [Automático] Es hora de actualizar pagos. Arrancando...
[13:42:40] ⏳ [Automático] Tocaba disparar 'pagos' pero ya hay una ejecución en curso (Actualizar pagos); esperando a que termine; se reintenta en breve sin perder el turno.
[13:45:25] 🤖 [Automático] Es hora de actualizar pagos. Arrancando...
[13:45:40] ⏳ [Automático] Tocaba disparar 'pagos' pero ya hay una ejecución en curso (Actualizar pagos); esperando a que termine; se reintenta en breve sin perder el turno.
[13:48:10] 🤖 [Automático] Es hora de actualizar pagos. Arrancando...
[13:48:25] ⏳ [Automático] Tocaba disparar 'pagos' pero ya hay una ejecución en curso (Actualizar pagos); esperando a que termine; se reintenta en breve sin perder el turno.
[13:50:55] 🤖 [Automático] Es hora de actualizar pagos. Arrancando...
[13:51:10] ⏳ [Automático] Tocaba disparar 'pagos' pero ya hay una ejecución en curso (Actualizar pagos); esperando a que termine; se reintenta en breve sin perder el turno.
[13:53:55] 🤖 [Automático] Es hora de actualizar pagos. Arrancando...
[13:54:10] ⏳ [Automático] Tocaba disparar 'pagos' pero ya hay una ejecución en curso (Actualizar pagos); esperando a que termine; se reintenta en breve sin perder el turno.
[13:56:40] 🤖 [Automático] Es hora de actualizar pagos. Arrancando...
[13:56:55] ⏳ [Automático] Tocaba disparar 'pagos' pero ya hay una ejecución en curso (Actualizar pagos); esperando a que termine; se reintenta en breve sin perder el turno.
[13:59:25] 🤖 [Automático] Es hora de actualizar pagos. Arrancando...
[13:59:40] ⏳ [Automático] Tocaba disparar 'pagos' pero ya hay una ejecución en curso (Actualizar pagos); esperando a que termine; se reintenta en breve sin perder el turno.
[14:02:25] 🤖 [Automático] Es hora de actualizar pagos. Arrancando...
[14:02:40] ⏳ [Automático] Tocaba disparar 'pagos' pero ya hay una ejecución en curso (Actualizar pagos); esperando a que termine; se reintenta en breve sin perder el turno.
[14:05:10] 🤖 [Automático] Es hora de actualizar pagos. Arrancando...
[14:05:25] ⏳ [Automático] Tocaba disparar 'pagos' pero ya hay una ejecución en curso (Actualizar pagos); esperando a que termine; se reintenta en breve sin perder el turno.
[14:07:55] 🤖 [Automático] Es hora de actualizar pagos. Arrancando...
[14:08:10] ⏳ [Automático] Tocaba disparar 'pagos' pero ya hay una ejecución en curso (Actualizar pagos); esperando a que termine; se reintenta en breve sin perder el turno.
[14:10:40] 🤖 [Automático] Es hora de actualizar pagos. Arrancando...
[14:10:55] ⏳ [Automático] Tocaba disparar 'pagos' pero ya hay una ejecución en curso (Actualizar pagos); esperando a que termine; se reintenta en breve sin perder el turno.
[14:13:25] 🤖 [Automático] Es hora de actualizar pagos. Arrancando...
[14:13:40] ⏳ [Automático] Tocaba disparar 'pagos' pero ya hay una ejecución en curso (Actualizar pagos); esperando a que termine; se reintenta en breve sin perder el turno.
[14:16:10] 🤖 [Automático] Es hora de actualizar pagos. Arrancando...
[14:16:25] ⏳ [Automático] Tocaba disparar 'pagos' pero ya hay una ejecución en curso (Actualizar pagos); esperando a que termine; se reintenta en breve sin perder el turno.
[14:18:55] 🤖 [Automático] Es hora de actualizar pagos. Arrancando...
[14:19:10] ⏳ [Automático] Tocaba disparar 'pagos' pero ya hay una ejecución en curso (Actualizar pagos); esperando a que termine; se reintenta en breve sin perder el turno.
[14:21:40] 🤖 [Automático] Es hora de actualizar pagos. Arrancando...
[14:21:55] ⏳ [Automático] Tocaba disparar 'pagos' pero ya hay una ejecución en curso (Actualizar pagos); esperando a que termine; se reintenta en breve sin perder el turno.
[14:24:25] 🤖 [Automático] Es hora de actualizar pagos. Arrancando...
[14:24:40] ⏳ [Automático] Tocaba disparar 'pagos' pero ya hay una ejecución en curso (Actualizar pagos); esperando a que termine; se reintenta en breve sin perder el turno.
[14:27:10] 🤖 [Automático] Es hora de actualizar pagos. Arrancando...
[14:27:25] ⏳ [Automático] Tocaba disparar 'pagos' pero ya hay una ejecución en curso (Actualizar pagos); esperando a que termine; se reintenta en breve sin perder el turno.
[14:29:56] 🤖 [Automático] Es hora de actualizar pagos. Arrancando...
[14:30:11] ⏳ [Automático] Tocaba disparar 'pagos' pero ya hay una ejecución en curso (Actualizar pagos); esperando a que termine; se reintenta en breve sin perder el turno.
[14:32:41] 🤖 [Automático] Es hora de actualizar pagos. Arrancando...
[14:32:56] ⏳ [Automático] Tocaba disparar 'pagos' pero ya hay una ejecución en curso (Actualizar pagos); esperando a que termine; se reintenta en breve sin perder el turno.
[14:35:26] 🤖 [Automático] Es hora de actualizar pagos. Arrancando...
[14:35:41] ⏳ [Automático] Tocaba disparar 'pagos' pero ya hay una ejecución en curso (Actualizar pagos); esperando a que termine; se reintenta en breve sin perder el turno.
[14:38:11] 🤖 [Automático] Es hora de actualizar pagos. Arrancando...
[14:38:26] ⏳ [Automático] Tocaba disparar 'pagos' pero ya hay una ejecución en curso (Actualizar pagos); esperando a que termine; se reintenta en breve sin perder el turno.
[14:41:11] 🤖 [Automático] Es hora de actualizar pagos. Arrancando...
[14:41:26] ⏳ [Automático] Tocaba disparar 'pagos' pero ya hay una ejecución en curso (Actualizar pagos); esperando a que termine; se reintenta en breve sin perder el turno.
[14:44:11] 🤖 [Automático] Es hora de actualizar pagos. Arrancando...
[14:44:26] ⏳ [Automático] Tocaba disparar 'pagos' pero ya hay una ejecución en curso (Actualizar pagos); esperando a que termine; se reintenta en breve sin perder el turno.
[14:46:56] 🤖 [Automático] Es hora de actualizar pagos. Arrancando...
[14:47:11] ⏳ [Automático] Tocaba disparar 'pagos' pero ya hay una ejecución en curso (Actualizar pagos); esperando a que termine; se reintenta en breve sin perder el turno.
[14:49:56] 🤖 [Automático] Es hora de actualizar pagos. Arrancando...
[14:50:11] ⏳ [Automático] Tocaba disparar 'pagos' pero ya hay una ejecución en curso (Actualizar pagos); esperando a que termine; se reintenta en breve sin perder el turno.
[14:52:56] 🤖 [Automático] Es hora de actualizar pagos. Arrancando...
[14:53:11] ⏳ [Automático] Tocaba disparar 'pagos' pero ya hay una ejecución en curso (Actualizar pagos); esperando a que termine; se reintenta en breve sin perder el turno.
[14:55:56] 🤖 [Automático] Es hora de actualizar pagos. Arrancando...
[14:56:11] ⏳ [Automático] Tocaba disparar 'pagos' pero ya hay una ejecución en curso (Actualizar pagos); esperando a que termine; se reintenta en breve sin perder el turno.
[14:58:41] 🤖 [Automático] Es hora de actualizar pagos. Arrancando...
[14:58:56] ⏳ [Automático] Tocaba disparar 'pagos' pero ya hay una ejecución en curso (Actualizar pagos); esperando a que termine; se reintenta en breve sin perder el turno.
[15:01:41] 🤖 [Automático] Es hora de actualizar pagos. Arrancando...
[15:01:56] ⏳ [Automático] Tocaba disparar 'pagos' pero ya hay una ejecución en curso (Actualizar pagos); esperando a que termine; se reintenta en breve sin perder el turno.
[15:04:41] 🤖 [Automático] Es hora de actualizar pagos. Arrancando...
[15:04:56] ⏳ [Automático] Tocaba disparar 'pagos' pero ya hay una ejecución en curso (Actualizar pagos); esperando a que termine; se reintenta en breve sin perder el turno.
[15:07:26] 🤖 [Automático] Es hora de actualizar pagos. Arrancando...
[15:07:41] ⏳ [Automático] Tocaba disparar 'pagos' pero ya hay una ejecución en curso (Actualizar pagos); esperando a que termine; se reintenta en breve sin perder el turno.
[15:10:26] 🤖 [Automático] Es hora de actualizar pagos. Arrancando...
[15:10:41] ⏳ [Automático] Tocaba disparar 'pagos' pero ya hay una ejecución en curso (Actualizar pagos); esperando a que termine; se reintenta en breve sin perder el turno.
[15:13:11] 🤖 [Automático] Es hora de actualizar pagos. Arrancando...
[15:13:26] ⏳ [Automático] Tocaba disparar 'pagos' pero ya hay una ejecución en curso (Actualizar pagos); esperando a que termine; se reintenta en breve sin perder el turno.
[15:15:57] 🤖 [Automático] Es hora de actualizar pagos. Arrancando...
[15:16:12] ⏳ [Automático] Tocaba disparar 'pagos' pero ya hay una ejecución en curso (Actualizar pagos); esperando a que termine; se reintenta en breve sin perder el turno.
[15:18:57] 🤖 [Automático] Es hora de actualizar pagos. Arrancando...
[15:19:12] ⏳ [Automático] Tocaba disparar 'pagos' pero ya hay una ejecución en curso (Actualizar pagos); esperando a que termine; se reintenta en breve sin perder el turno.
[15:21:42] 🤖 [Automático] Es hora de actualizar pagos. Arrancando...
[15:21:57] ⏳ [Automático] Tocaba disparar 'pagos' pero ya hay una ejecución en curso (Actualizar pagos); esperando a que termine; se reintenta en breve sin perder el turno.
[15:24:27] 🤖 [Automático] Es hora de actualizar pagos. Arrancando...
[15:24:42] ⏳ [Automático] Tocaba disparar 'pagos' pero ya hay una ejecución en curso (Actualizar pagos); esperando a que termine; se reintenta en breve sin perder el turno.
[15:27:12] 🤖 [Automático] Es hora de actualizar pagos. Arrancando...
[15:27:27] ⏳ [Automático] Tocaba disparar 'pagos' pero ya hay una ejecución en curso (Actualizar pagos); esperando a que termine; se reintenta en breve sin perder el turno.
[15:30:12] 🤖 [Automático] Es hora de actualizar pagos. Arrancando...
[15:30:27] ⏳ [Automático] Tocaba disparar 'pagos' pero ya hay una ejecución en curso (Actualizar pagos); esperando a que termine; se reintenta en breve sin perder el turno.
[15:32:57] 🤖 [Automático] Es hora de actualizar pagos. Arrancando...
[15:33:12] ⏳ [Automático] Tocaba disparar 'pagos' pero ya hay una ejecución en curso (Actualizar pagos); esperando a que termine; se reintenta en breve sin perder el turno.
[15:35:42] 🤖 [Automático] Es hora de actualizar pagos. Arrancando...
[15:35:57] ⏳ [Automático] Tocaba disparar 'pagos' pero ya hay una ejecución en curso (Actualizar pagos); esperando a que termine; se reintenta en breve sin perder el turno.
[15:38:42] 🤖 [Automático] Es hora de actualizar pagos. Arrancando...
[15:38:57] ⏳ [Automático] Tocaba disparar 'pagos' pero ya hay una ejecución en curso (Actualizar pagos); esperando a que termine; se reintenta en breve sin perder el turno.
[15:41:27] 🤖 [Automático] Es hora de actualizar pagos. Arrancando...
[15:41:42] ⏳ [Automático] Tocaba disparar 'pagos' pero ya hay una ejecución en curso (Actualizar pagos); esperando a que termine; se reintenta en breve sin perder el turno.
[15:44:12] 🤖 [Automático] Es hora de actualizar pagos. Arrancando...
[15:44:27] ⏳ [Automático] Tocaba disparar 'pagos' pero ya hay una ejecución en curso (Actualizar pagos); esperando a que termine; se reintenta en breve sin perder el turno.
[15:45:58] ❌ [Automático] 'pagos' falló (intento 1 de 4). Se reintenta a las 15:50.
[15:51:12] 🤖 [Automático] Es hora de actualizar pagos (reintento 1 de 3). Arrancando...
[15:51:27] ⏳ [Automático] Tocaba disparar 'pagos' pero ya hay una ejecución en curso (Actualizar pagos); esperando a que termine; se reintenta en breve sin perder el turno.
[15:51:59] ✅ [Automático] 'pagos' terminó bien en el reintento 1.
[15:54:12] 🤖 [Automático] Es hora de actualizar pagos. Arrancando...
[15:54:27] ⏳ [Automático] Tocaba disparar 'pagos' pero ya hay una ejecución en curso (Actualizar pagos); esperando a que termine; se reintenta en breve sin perder el turno.
[15:56:57] 🤖 [Automático] Es hora de actualizar pagos. Arrancando...
[15:57:12] ⏳ [Automático] Tocaba disparar 'pagos' pero ya hay una ejecución en curso (Actualizar pagos); esperando a que termine; se reintenta en breve sin perder el turno.
[15:58:43] ❌ [Automático] 'pagos' falló (intento 1 de 4). Se reintenta a las 16:03.
[16:03:58] 🤖 [Automático] Es hora de actualizar pagos (reintento 1 de 3). Arrancando...
[16:04:13] ⏳ [Automático] Tocaba disparar 'pagos' pero ya hay una ejecución en curso (Actualizar pagos); esperando a que termine; se reintenta en breve sin perder el turno.
[16:04:58] ✅ [Automático] 'pagos' terminó bien en el reintento 1.
[16:07:13] 🤖 [Automático] Es hora de actualizar pagos. Arrancando...
[16:07:28] ⏳ [Automático] Tocaba disparar 'pagos' pero ya hay una ejecución en curso (Actualizar pagos); esperando a que termine; se reintenta en breve sin perder el turno.
[16:10:13] 🤖 [Automático] Es hora de actualizar pagos. Arrancando...
[16:10:28] ⏳ [Automático] Tocaba disparar 'pagos' pero ya hay una ejecución en curso (Actualizar pagos); esperando a que termine; se reintenta en breve sin perder el turno.
[16:13:13] 🤖 [Automático] Es hora de actualizar pagos. Arrancando...
[16:13:28] ⏳ [Automático] Tocaba disparar 'pagos' pero ya hay una ejecución en curso (Actualizar pagos); esperando a que termine; se reintenta en breve sin perder el turno.
[16:16:13] 🤖 [Automático] Es hora de actualizar pagos. Arrancando...
[16:16:28] ⏳ [Automático] Tocaba disparar 'pagos' pero ya hay una ejecución en curso (Actualizar pagos); esperando a que termine; se reintenta en breve sin perder el turno.
[16:19:28] 🤖 [Automático] Es hora de actualizar pagos. Arrancando...
[16:19:43] ⏳ [Automático] Tocaba disparar 'pagos' pero ya hay una ejecución en curso (Actualizar pagos); esperando a que termine; se reintenta en breve sin perder el turno.
[16:22:28] 🤖 [Automático] Es hora de actualizar pagos. Arrancando...
[16:22:43] ⏳ [Automático] Tocaba disparar 'pagos' pero ya hay una ejecución en curso (Actualizar pagos); esperando a que termine; se reintenta en breve sin perder el turno.
[16:25:28] 🤖 [Automático] Es hora de actualizar pagos. Arrancando...
[16:25:43] ⏳ [Automático] Tocaba disparar 'pagos' pero ya hay una ejecución en curso (Actualizar pagos); esperando a que termine; se reintenta en breve sin perder el turno.
[16:28:13] 🤖 [Automático] Es hora de actualizar pagos. Arrancando...
[16:28:28] ⏳ [Automático] Tocaba disparar 'pagos' pero ya hay una ejecución en curso (Actualizar pagos); esperando a que termine; se reintenta en breve sin perder el turno.
[16:31:13] 🤖 [Automático] Es hora de actualizar pagos. Arrancando...
[16:31:28] ⏳ [Automático] Tocaba disparar 'pagos' pero ya hay una ejecución en curso (Actualizar pagos); esperando a que termine; se reintenta en breve sin perder el turno.
[16:34:13] 🤖 [Automático] Es hora de actualizar pagos. Arrancando...
[16:34:28] ⏳ [Automático] Tocaba disparar 'pagos' pero ya hay una ejecución en curso (Actualizar pagos); esperando a que termine; se reintenta en breve sin perder el turno.
[16:37:13] 🤖 [Automático] Es hora de actualizar pagos. Arrancando...
[16:37:28] ⏳ [Automático] Tocaba disparar 'pagos' pero ya hay una ejecución en curso (Actualizar pagos); esperando a que termine; se reintenta en breve sin perder el turno.
[16:40:13] 🤖 [Automático] Es hora de actualizar pagos. Arrancando...
[16:40:28] ⏳ [Automático] Tocaba disparar 'pagos' pero ya hay una ejecución en curso (Actualizar pagos); esperando a que termine; se reintenta en breve sin perder el turno.
[16:43:13] 🤖 [Automático] Es hora de actualizar pagos. Arrancando...
[16:43:28] ⏳ [Automático] Tocaba disparar 'pagos' pero ya hay una ejecución en curso (Actualizar pagos); esperando a que termine; se reintenta en breve sin perder el turno.
[16:45:58] 🤖 [Automático] Es hora de actualizar pagos. Arrancando...
[16:46:13] ⏳ [Automático] Tocaba disparar 'pagos' pero ya hay una ejecución en curso (Actualizar pagos); esperando a que termine; se reintenta en breve sin perder el turno.
[16:48:59] 🤖 [Automático] Es hora de actualizar pagos. Arrancando...
[16:49:14] ⏳ [Automático] Tocaba disparar 'pagos' pero ya hay una ejecución en curso (Actualizar pagos); esperando a que termine; se reintenta en breve sin perder el turno.
[16:51:59] 🤖 [Automático] Es hora de actualizar pagos. Arrancando...
[16:52:14] ⏳ [Automático] Tocaba disparar 'pagos' pero ya hay una ejecución en curso (Actualizar pagos); esperando a que termine; se reintenta en breve sin perder el turno.
[16:55:29] 🤖 [Automático] Es hora de actualizar pagos. Arrancando...
[16:55:44] ⏳ [Automático] Tocaba disparar 'pagos' pero ya hay una ejecución en curso (Actualizar pagos); esperando a que termine; se reintenta en breve sin perder el turno.
[16:58:29] 🤖 [Automático] Es hora de actualizar pagos. Arrancando...
[16:58:44] ⏳ [Automático] Tocaba disparar 'pagos' pero ya hay una ejecución en curso (Actualizar pagos); esperando a que termine; se reintenta en breve sin perder el turno.
[17:01:29] 🤖 [Automático] Es hora de actualizar pagos. Arrancando...
[17:01:44] ⏳ [Automático] Tocaba disparar 'pagos' pero ya hay una ejecución en curso (Actualizar pagos); esperando a que termine; se reintenta en breve sin perder el turno.
[17:04:29] 🤖 [Automático] Es hora de actualizar pagos. Arrancando...
[17:04:44] ⏳ [Automático] Tocaba disparar 'pagos' pero ya hay una ejecución en curso (Actualizar pagos); esperando a que termine; se reintenta en breve sin perder el turno.
[17:07:29] 🤖 [Automático] Es hora de actualizar pagos. Arrancando...
[17:07:44] ⏳ [Automático] Tocaba disparar 'pagos' pero ya hay una ejecución en curso (Actualizar pagos); esperando a que termine; se reintenta en breve sin perder el turno.
[17:10:29] 🤖 [Automático] Es hora de actualizar pagos. Arrancando...
[17:10:44] ⏳ [Automático] Tocaba disparar 'pagos' pero ya hay una ejecución en curso (Actualizar pagos); esperando a que termine; se reintenta en breve sin perder el turno.
[17:13:29] 🤖 [Automático] Es hora de actualizar pagos. Arrancando...
[17:13:44] ⏳ [Automático] Tocaba disparar 'pagos' pero ya hay una ejecución en curso (Actualizar pagos); esperando a que termine; se reintenta en breve sin perder el turno.
[17:16:14] 🤖 [Automático] Es hora de actualizar pagos. Arrancando...
[17:16:29] ⏳ [Automático] Tocaba disparar 'pagos' pero ya hay una ejecución en curso (Actualizar pagos); esperando a que termine; se reintenta en breve sin perder el turno.
[17:19:14] 🤖 [Automático] Es hora de actualizar pagos. Arrancando...
[17:19:29] ⏳ [Automático] Tocaba disparar 'pagos' pero ya hay una ejecución en curso (Actualizar pagos); esperando a que termine; se reintenta en breve sin perder el turno.
[17:22:14] 🤖 [Automático] Es hora de actualizar pagos. Arrancando...
[17:22:29] ⏳ [Automático] Tocaba disparar 'pagos' pero ya hay una ejecución en curso (Actualizar pagos); esperando a que termine; se reintenta en breve sin perder el turno.
[17:25:14] 🤖 [Automático] Es hora de actualizar pagos. Arrancando...
[17:25:29] ⏳ [Automático] Tocaba disparar 'pagos' pero ya hay una ejecución en curso (Actualizar pagos); esperando a que termine; se reintenta en breve sin perder el turno.
[17:28:14] 🤖 [Automático] Es hora de actualizar pagos. Arrancando...
[17:28:29] ⏳ [Automático] Tocaba disparar 'pagos' pero ya hay una ejecución en curso (Actualizar pagos); esperando a que termine; se reintenta en breve sin perder el turno.
[17:31:14] 🤖 [Automático] Es hora de actualizar pagos. Arrancando...
[17:31:29] ⏳ [Automático] Tocaba disparar 'pagos' pero ya hay una ejecución en curso (Actualizar pagos); esperando a que termine; se reintenta en breve sin perder el turno.
[17:34:29] 🤖 [Automático] Es hora de actualizar pagos. Arrancando...
[17:34:45] ⏳ [Automático] Tocaba disparar 'pagos' pero ya hay una ejecución en curso (Actualizar pagos); esperando a que termine; se reintenta en breve sin perder el turno.
[17:37:30] 🤖 [Automático] Es hora de actualizar pagos. Arrancando...
[17:37:45] ⏳ [Automático] Tocaba disparar 'pagos' pero ya hay una ejecución en curso (Actualizar pagos); esperando a que termine; se reintenta en breve sin perder el turno.
[17:40:15] 🤖 [Automático] Es hora de actualizar pagos. Arrancando...
[17:40:30] ⏳ [Automático] Tocaba disparar 'pagos' pero ya hay una ejecución en curso (Actualizar pagos); esperando a que termine; se reintenta en breve sin perder el turno.
[17:43:00] 🤖 [Automático] Es hora de actualizar pagos. Arrancando...
[17:43:15] ⏳ [Automático] Tocaba disparar 'pagos' pero ya hay una ejecución en curso (Actualizar pagos); esperando a que termine; se reintenta en breve sin perder el turno.
[17:46:00] 🤖 [Automático] Es hora de actualizar pagos. Arrancando...
[17:46:15] ⏳ [Automático] Tocaba disparar 'pagos' pero ya hay una ejecución en curso (Actualizar pagos); esperando a que termine; se reintenta en breve sin perder el turno.
[17:48:45] 🤖 [Automático] Es hora de actualizar pagos. Arrancando...
[17:49:00] ⏳ [Automático] Tocaba disparar 'pagos' pero ya hay una ejecución en curso (Actualizar pagos); esperando a que termine; se reintenta en breve sin perder el turno.
[17:51:45] 🤖 [Automático] Es hora de actualizar pagos. Arrancando...
[17:52:00] ⏳ [Automático] Tocaba disparar 'pagos' pero ya hay una ejecución en curso (Actualizar pagos); esperando a que termine; se reintenta en breve sin perder el turno.
[17:55:00] 🤖 [Automático] Es hora de actualizar pagos. Arrancando...
[17:55:15] ⏳ [Automático] Tocaba disparar 'pagos' pero ya hay una ejecución en curso (Actualizar pagos); esperando a que termine; se reintenta en breve sin perder el turno.
[17:58:00] 🤖 [Automático] Es hora de actualizar pagos. Arrancando...
[17:58:15] ⏳ [Automático] Tocaba disparar 'pagos' pero ya hay una ejecución en curso (Actualizar pagos); esperando a que termine; se reintenta en breve sin perder el turno.
[18:01:00] 🤖 [Automático] Es hora de actualizar pagos. Arrancando...
[18:01:15] ⏳ [Automático] Tocaba disparar 'pagos' pero ya hay una ejecución en curso (Actualizar pagos); esperando a que termine; se reintenta en breve sin perder el turno.
[18:04:00] 🤖 [Automático] Es hora de actualizar pagos. Arrancando...
[18:04:15] ⏳ [Automático] Tocaba disparar 'pagos' pero ya hay una ejecución en curso (Actualizar pagos); esperando a que termine; se reintenta en breve sin perder el turno.
[18:07:00] 🤖 [Automático] Es hora de actualizar pagos. Arrancando...
[18:07:15] ⏳ [Automático] Tocaba disparar 'pagos' pero ya hay una ejecución en curso (Actualizar pagos); esperando a que termine; se reintenta en breve sin perder el turno.
[18:10:15] 🤖 [Automático] Es hora de actualizar pagos. Arrancando...
[18:10:30] ⏳ [Automático] Tocaba disparar 'pagos' pero ya hay una ejecución en curso (Actualizar pagos); esperando a que termine; se reintenta en breve sin perder el turno.
[18:13:15] 🤖 [Automático] Es hora de actualizar pagos. Arrancando...
[18:13:30] ⏳ [Automático] Tocaba disparar 'pagos' pero ya hay una ejecución en curso (Actualizar pagos); esperando a que termine; se reintenta en breve sin perder el turno.
[18:16:30] 🤖 [Automático] Es hora de actualizar pagos. Arrancando...
[18:16:45] ⏳ [Automático] Tocaba disparar 'pagos' pero ya hay una ejecución en curso (Actualizar pagos); esperando a que termine; se reintenta en breve sin perder el turno.
[18:19:31] 🤖 [Automático] Es hora de actualizar pagos. Arrancando...
[18:19:46] ⏳ [Automático] Tocaba disparar 'pagos' pero ya hay una ejecución en curso (Actualizar pagos); esperando a que termine; se reintenta en breve sin perder el turno.
[18:22:31] 🤖 [Automático] Es hora de actualizar pagos. Arrancando...
[18:22:46] ⏳ [Automático] Tocaba disparar 'pagos' pero ya hay una ejecución en curso (Actualizar pagos); esperando a que termine; se reintenta en breve sin perder el turno.
[18:25:31] 🤖 [Automático] Es hora de actualizar pagos. Arrancando...
[18:25:46] ⏳ [Automático] Tocaba disparar 'pagos' pero ya hay una ejecución en curso (Actualizar pagos); esperando a que termine; se reintenta en breve sin perder el turno.
[18:28:46] 🤖 [Automático] Es hora de actualizar pagos. Arrancando...
[18:29:01] ⏳ [Automático] Tocaba disparar 'pagos' pero ya hay una ejecución en curso (Actualizar pagos); esperando a que termine; se reintenta en breve sin perder el turno.
[18:31:46] 🤖 [Automático] Es hora de actualizar pagos. Arrancando...
[18:32:01] ⏳ [Automático] Tocaba disparar 'pagos' pero ya hay una ejecución en curso (Actualizar pagos); esperando a que termine; se reintenta en breve sin perder el turno.
[18:34:46] 🤖 [Automático] Es hora de actualizar pagos. Arrancando...
[18:35:01] ⏳ [Automático] Tocaba disparar 'pagos' pero ya hay una ejecución en curso (Actualizar pagos); esperando a que termine; se reintenta en breve sin perder el turno.
[18:37:46] 🤖 [Automático] Es hora de actualizar pagos. Arrancando...
[18:38:01] ⏳ [Automático] Tocaba disparar 'pagos' pero ya hay una ejecución en curso (Actualizar pagos); esperando a que termine; se reintenta en breve sin perder el turno.
[18:40:46] 🤖 [Automático] Es hora de actualizar pagos. Arrancando...
[18:41:01] ⏳ [Automático] Tocaba disparar 'pagos' pero ya hay una ejecución en curso (Actualizar pagos); esperando a que termine; se reintenta en breve sin perder el turno.
[18:43:46] 🤖 [Automático] Es hora de actualizar pagos. Arrancando...
[18:44:01] ⏳ [Automático] Tocaba disparar 'pagos' pero ya hay una ejecución en curso (Actualizar pagos); esperando a que termine; se reintenta en breve sin perder el turno.
[18:46:47] 🤖 [Automático] Es hora de actualizar pagos. Arrancando...
[18:47:02] ⏳ [Automático] Tocaba disparar 'pagos' pero ya hay una ejecución en curso (Actualizar pagos); esperando a que termine; se reintenta en breve sin perder el turno.
[18:50:02] 🤖 [Automático] Es hora de actualizar pagos. Arrancando...
[18:50:17] ⏳ [Automático] Tocaba disparar 'pagos' pero ya hay una ejecución en curso (Actualizar pagos); esperando a que termine; se reintenta en breve sin perder el turno.
[18:53:17] 🤖 [Automático] Es hora de actualizar pagos. Arrancando...
[18:53:32] ⏳ [Automático] Tocaba disparar 'pagos' pero ya hay una ejecución en curso (Actualizar pagos); esperando a que termine; se reintenta en breve sin perder el turno.
[18:56:17] 🤖 [Automático] Es hora de actualizar pagos. Arrancando...
[18:56:32] ⏳ [Automático] Tocaba disparar 'pagos' pero ya hay una ejecución en curso (Actualizar pagos); esperando a que termine; se reintenta en breve sin perder el turno.
[18:59:17] 🤖 [Automático] Es hora de actualizar pagos. Arrancando...
[18:59:32] ⏳ [Automático] Tocaba disparar 'pagos' pero ya hay una ejecución en curso (Actualizar pagos); esperando a que termine; se reintenta en breve sin perder el turno.
[19:02:17] 🤖 [Automático] Es hora de actualizar pagos. Arrancando...
[19:02:32] ⏳ [Automático] Tocaba disparar 'pagos' pero ya hay una ejecución en curso (Actualizar pagos); esperando a que termine; se reintenta en breve sin perder el turno.
[19:05:02] 🤖 [Automático] Es hora de actualizar pagos. Arrancando...
[19:05:17] ⏳ [Automático] Tocaba disparar 'pagos' pero ya hay una ejecución en curso (Actualizar pagos); esperando a que termine; se reintenta en breve sin perder el turno.
[19:08:02] 🤖 [Automático] Es hora de actualizar pagos. Arrancando...
[19:08:17] ⏳ [Automático] Tocaba disparar 'pagos' pero ya hay una ejecución en curso (Actualizar pagos); esperando a que termine; se reintenta en breve sin perder el turno.
[19:11:17] 🤖 [Automático] Es hora de actualizar pagos. Arrancando...
[19:11:32] ⏳ [Automático] Tocaba disparar 'pagos' pero ya hay una ejecución en curso (Actualizar pagos); esperando a que termine; se reintenta en breve sin perder el turno.
[19:14:17] 🤖 [Automático] Es hora de actualizar pagos. Arrancando...
[19:14:32] ⏳ [Automático] Tocaba disparar 'pagos' pero ya hay una ejecución en curso (Actualizar pagos); esperando a que termine; se reintenta en breve sin perder el turno.
[19:17:18] 🤖 [Automático] Es hora de actualizar pagos. Arrancando...
[19:17:33] ⏳ [Automático] Tocaba disparar 'pagos' pero ya hay una ejecución en curso (Actualizar pagos); esperando a que termine; se reintenta en breve sin perder el turno.
[19:20:18] 🤖 [Automático] Es hora de actualizar pagos. Arrancando...
[19:20:33] ⏳ [Automático] Tocaba disparar 'pagos' pero ya hay una ejecución en curso (Actualizar pagos); esperando a que termine; se reintenta en breve sin perder el turno.
[19:23:18] 🤖 [Automático] Es hora de actualizar pagos. Arrancando...
[19:23:33] ⏳ [Automático] Tocaba disparar 'pagos' pero ya hay una ejecución en curso (Actualizar pagos); esperando a que termine; se reintenta en breve sin perder el turno.
[19:26:18] 🤖 [Automático] Es hora de actualizar pagos. Arrancando...
[19:26:33] ⏳ [Automático] Tocaba disparar 'pagos' pero ya hay una ejecución en curso (Actualizar pagos); esperando a que termine; se reintenta en breve sin perder el turno.
[19:29:18] 🤖 [Automático] Es hora de actualizar pagos. Arrancando...
[19:29:33] ⏳ [Automático] Tocaba disparar 'pagos' pero ya hay una ejecución en curso (Actualizar pagos); esperando a que termine; se reintenta en breve sin perder el turno.
[19:32:03] 🤖 [Automático] Es hora de actualizar pagos. Arrancando...
[19:32:18] ⏳ [Automático] Tocaba disparar 'pagos' pero ya hay una ejecución en curso (Actualizar pagos); esperando a que termine; se reintenta en breve sin perder el turno.
[19:35:03] 🤖 [Automático] Es hora de actualizar pagos. Arrancando...
[19:35:18] ⏳ [Automático] Tocaba disparar 'pagos' pero ya hay una ejecución en curso (Actualizar pagos); esperando a que termine; se reintenta en breve sin perder el turno.
[19:37:48] 🤖 [Automático] Es hora de actualizar pagos. Arrancando...
[19:38:03] ⏳ [Automático] Tocaba disparar 'pagos' pero ya hay una ejecución en curso (Actualizar pagos); esperando a que termine; se reintenta en breve sin perder el turno.
[19:40:48] 🤖 [Automático] Es hora de actualizar pagos. Arrancando...
[19:41:03] ⏳ [Automático] Tocaba disparar 'pagos' pero ya hay una ejecución en curso (Actualizar pagos); esperando a que termine; se reintenta en breve sin perder el turno.
[19:43:48] 🤖 [Automático] Es hora de actualizar pagos. Arrancando...
[19:44:03] ⏳ [Automático] Tocaba disparar 'pagos' pero ya hay una ejecución en curso (Actualizar pagos); esperando a que termine; se reintenta en breve sin perder el turno.
[19:46:33] 🤖 [Automático] Es hora de actualizar pagos. Arrancando...
[19:46:48] ⏳ [Automático] Tocaba disparar 'pagos' pero ya hay una ejecución en curso (Actualizar pagos); esperando a que termine; se reintenta en breve sin perder el turno.
[19:49:33] 🤖 [Automático] Es hora de actualizar pagos. Arrancando...
[19:49:49] ⏳ [Automático] Tocaba disparar 'pagos' pero ya hay una ejecución en curso (Actualizar pagos); esperando a que termine; se reintenta en breve sin perder el turno.
[19:52:34] 🤖 [Automático] Es hora de actualizar pagos. Arrancando...
[19:52:49] ⏳ [Automático] Tocaba disparar 'pagos' pero ya hay una ejecución en curso (Actualizar pagos); esperando a que termine; se reintenta en breve sin perder el turno.
[19:55:49] 🤖 [Automático] Es hora de actualizar pagos. Arrancando...
[19:56:04] ⏳ [Automático] Tocaba disparar 'pagos' pero ya hay una ejecución en curso (Actualizar pagos); esperando a que termine; se reintenta en breve sin perder el turno.
[19:58:49] 🤖 [Automático] Es hora de actualizar pagos. Arrancando...
[19:59:04] ⏳ [Automático] Tocaba disparar 'pagos' pero ya hay una ejecución en curso (Actualizar pagos); esperando a que termine; se reintenta en breve sin perder el turno.
[20:01:49] 🤖 [Automático] Es hora de actualizar pagos. Arrancando...
[20:02:04] ⏳ [Automático] Tocaba disparar 'pagos' pero ya hay una ejecución en curso (Actualizar pagos); esperando a que termine; se reintenta en breve sin perder el turno.
[20:04:49] 🤖 [Automático] Es hora de actualizar pagos. Arrancando...
[20:05:04] ⏳ [Automático] Tocaba disparar 'pagos' pero ya hay una ejecución en curso (Actualizar pagos); esperando a que termine; se reintenta en breve sin perder el turno.
[20:08:19] 🤖 [Automático] Es hora de actualizar pagos. Arrancando...
[20:08:34] ⏳ [Automático] Tocaba disparar 'pagos' pero ya hay una ejecución en curso (Actualizar pagos); esperando a que termine; se reintenta en breve sin perder el turno.
[20:11:19] 🤖 [Automático] Es hora de actualizar pagos. Arrancando...
[20:11:34] ⏳ [Automático] Tocaba disparar 'pagos' pero ya hay una ejecución en curso (Actualizar pagos); esperando a que termine; se reintenta en breve sin perder el turno.
[20:13:04] ❌ [Automático] 'pagos' falló (intento 1 de 4). Se reintenta a las 20:18.
[20:18:19] 🤖 [Automático] Es hora de actualizar pagos (reintento 1 de 3). Arrancando...
[20:18:34] ⏳ [Automático] Tocaba disparar 'pagos' pero ya hay una ejecución en curso (Actualizar pagos); esperando a que termine; se reintenta en breve sin perder el turno.
[20:19:33] ✅ [Automático] 'pagos' terminó bien en el reintento 1.
[20:21:34] 🤖 [Automático] Es hora de actualizar pagos. Arrancando...
[20:21:49] ⏳ [Automático] Tocaba disparar 'pagos' pero ya hay una ejecución en curso (Actualizar pagos); esperando a que termine; se reintenta en breve sin perder el turno.
[20:24:49] 🤖 [Automático] Es hora de actualizar pagos. Arrancando...
[20:25:04] ⏳ [Automático] Tocaba disparar 'pagos' pero ya hay una ejecución en curso (Actualizar pagos); esperando a que termine; se reintenta en breve sin perder el turno.
[20:28:04] 🤖 [Automático] Es hora de actualizar pagos. Arrancando...
[20:28:19] ⏳ [Automático] Tocaba disparar 'pagos' pero ya hay una ejecución en curso (Actualizar pagos); esperando a que termine; se reintenta en breve sin perder el turno.
[20:31:04] 🤖 [Automático] Es hora de actualizar pagos. Arrancando...
[20:31:19] ⏳ [Automático] Tocaba disparar 'pagos' pero ya hay una ejecución en curso (Actualizar pagos); esperando a que termine; se reintenta en breve sin perder el turno.
[20:34:04] 🤖 [Automático] Es hora de actualizar pagos. Arrancando...
[20:34:19] ⏳ [Automático] Tocaba disparar 'pagos' pero ya hay una ejecución en curso (Actualizar pagos); esperando a que termine; se reintenta en breve sin perder el turno.
[20:36:49] 🤖 [Automático] Es hora de actualizar pagos. Arrancando...
[20:37:04] ⏳ [Automático] Tocaba disparar 'pagos' pero ya hay una ejecución en curso (Actualizar pagos); esperando a que termine; se reintenta en breve sin perder el turno.
[20:39:50] 🤖 [Automático] Es hora de actualizar pagos. Arrancando...
[20:40:05] ⏳ [Automático] Tocaba disparar 'pagos' pero ya hay una ejecución en curso (Actualizar pagos); esperando a que termine; se reintenta en breve sin perder el turno.
[20:43:05] 🤖 [Automático] Es hora de actualizar pagos. Arrancando...
[20:43:20] ⏳ [Automático] Tocaba disparar 'pagos' pero ya hay una ejecución en curso (Actualizar pagos); esperando a que termine; se reintenta en breve sin perder el turno.
[20:46:05] 🤖 [Automático] Es hora de actualizar pagos. Arrancando...
[20:46:20] ⏳ [Automático] Tocaba disparar 'pagos' pero ya hay una ejecución en curso (Actualizar pagos); esperando a que termine; se reintenta en breve sin perder el turno.
[20:49:05] 🤖 [Automático] Es hora de actualizar pagos. Arrancando...
[20:49:20] ⏳ [Automático] Tocaba disparar 'pagos' pero ya hay una ejecución en curso (Actualizar pagos); esperando a que termine; se reintenta en breve sin perder el turno.
[20:52:20] 🤖 [Automático] Es hora de actualizar pagos. Arrancando...
[20:52:35] ⏳ [Automático] Tocaba disparar 'pagos' pero ya hay una ejecución en curso (Actualizar pagos); esperando a que termine; se reintenta en breve sin perder el turno.
[20:55:05] 🤖 [Automático] Es hora de actualizar pagos. Arrancando...
[20:55:20] ⏳ [Automático] Tocaba disparar 'pagos' pero ya hay una ejecución en curso (Actualizar pagos); esperando a que termine; se reintenta en breve sin perder el turno.
[20:58:20] 🤖 [Automático] Es hora de actualizar pagos. Arrancando...
[20:58:35] ⏳ [Automático] Tocaba disparar 'pagos' pero ya hay una ejecución en curso (Actualizar pagos); esperando a que termine; se reintenta en breve sin perder el turno.
[21:01:20] 🤖 [Automático] Es hora de actualizar pagos. Arrancando...
[21:01:35] ⏳ [Automático] Tocaba disparar 'pagos' pero ya hay una ejecución en curso (Actualizar pagos); esperando a que termine; se reintenta en breve sin perder el turno.
[21:04:20] 🤖 [Automático] Es hora de actualizar pagos. Arrancando...
[21:04:35] ⏳ [Automático] Tocaba disparar 'pagos' pero ya hay una ejecución en curso (Actualizar pagos); esperando a que termine; se reintenta en breve sin perder el turno.
[21:07:20] 🤖 [Automático] Es hora de actualizar pagos. Arrancando...
[21:07:35] ⏳ [Automático] Tocaba disparar 'pagos' pero ya hay una ejecución en curso (Actualizar pagos); esperando a que termine; se reintenta en breve sin perder el turno.
[21:10:20] 🤖 [Automático] Es hora de actualizar pagos. Arrancando...
[21:10:35] ⏳ [Automático] Tocaba disparar 'pagos' pero ya hay una ejecución en curso (Actualizar pagos); esperando a que termine; se reintenta en breve sin perder el turno.
[21:13:35] 🤖 [Automático] Es hora de actualizar pagos. Arrancando...
[21:13:50] ⏳ [Automático] Tocaba disparar 'pagos' pero ya hay una ejecución en curso (Actualizar pagos); esperando a que termine; se reintenta en breve sin perder el turno.
[21:16:35] 🤖 [Automático] Es hora de actualizar pagos. Arrancando...
[21:16:50] ⏳ [Automático] Tocaba disparar 'pagos' pero ya hay una ejecución en curso (Actualizar pagos); esperando a que termine; se reintenta en breve sin perder el turno.
[21:19:20] 🤖 [Automático] Es hora de actualizar pagos. Arrancando...
[21:19:35] ⏳ [Automático] Tocaba disparar 'pagos' pero ya hay una ejecución en curso (Actualizar pagos); esperando a que termine; se reintenta en breve sin perder el turno.
[21:22:20] 🤖 [Automático] Es hora de actualizar pagos. Arrancando...
[21:22:35] ⏳ [Automático] Tocaba disparar 'pagos' pero ya hay una ejecución en curso (Actualizar pagos); esperando a que termine; se reintenta en breve sin perder el turno.
[21:25:05] 🤖 [Automático] Es hora de actualizar pagos. Arrancando...
[21:25:20] ⏳ [Automático] Tocaba disparar 'pagos' pero ya hay una ejecución en curso (Actualizar pagos); esperando a que termine; se reintenta en breve sin perder el turno.
[21:28:06] 🤖 [Automático] Es hora de actualizar pagos. Arrancando...
[21:28:21] ⏳ [Automático] Tocaba disparar 'pagos' pero ya hay una ejecución en curso (Actualizar pagos); esperando a que termine; se reintenta en breve sin perder el turno.
[21:31:06] 🤖 [Automático] Es hora de actualizar pagos. Arrancando...
[21:31:21] ⏳ [Automático] Tocaba disparar 'pagos' pero ya hay una ejecución en curso (Actualizar pagos); esperando a que termine; se reintenta en breve sin perder el turno.
[21:34:06] 🤖 [Automático] Es hora de actualizar pagos. Arrancando...
[21:34:21] ⏳ [Automático] Tocaba disparar 'pagos' pero ya hay una ejecución en curso (Actualizar pagos); esperando a que termine; se reintenta en breve sin perder el turno.
[21:37:06] 🤖 [Automático] Es hora de actualizar pagos. Arrancando...
[21:37:21] ⏳ [Automático] Tocaba disparar 'pagos' pero ya hay una ejecución en curso (Actualizar pagos); esperando a que termine; se reintenta en breve sin perder el turno.
[21:39:51] 🤖 [Automático] Es hora de actualizar pagos. Arrancando...
[21:40:06] ⏳ [Automático] Tocaba disparar 'pagos' pero ya hay una ejecución en curso (Actualizar pagos); esperando a que termine; se reintenta en breve sin perder el turno.
[21:42:51] 🤖 [Automático] Es hora de actualizar pagos. Arrancando...
[21:43:06] ⏳ [Automático] Tocaba disparar 'pagos' pero ya hay una ejecución en curso (Actualizar pagos); esperando a que termine; se reintenta en breve sin perder el turno.
[21:45:51] 🤖 [Automático] Es hora de actualizar pagos. Arrancando...
[21:46:06] ⏳ [Automático] Tocaba disparar 'pagos' pero ya hay una ejecución en curso (Actualizar pagos); esperando a que termine; se reintenta en breve sin perder el turno.
[21:48:51] 🤖 [Automático] Es hora de actualizar pagos. Arrancando...
[21:49:06] ⏳ [Automático] Tocaba disparar 'pagos' pero ya hay una ejecución en curso (Actualizar pagos); esperando a que termine; se reintenta en breve sin perder el turno.
[21:51:51] 🤖 [Automático] Es hora de actualizar pagos. Arrancando...
[21:52:06] ⏳ [Automático] Tocaba disparar 'pagos' pero ya hay una ejecución en curso (Actualizar pagos); esperando a que termine; se reintenta en breve sin perder el turno.
[21:54:51] 🤖 [Automático] Es hora de actualizar pagos. Arrancando...
[21:55:06] ⏳ [Automático] Tocaba disparar 'pagos' pero ya hay una ejecución en curso (Actualizar pagos); esperando a que termine; se reintenta en breve sin perder el turno.
[21:57:51] 🤖 [Automático] Es hora de actualizar pagos. Arrancando...
[21:58:06] ⏳ [Automático] Tocaba disparar 'pagos' pero ya hay una ejecución en curso (Actualizar pagos); esperando a que termine; se reintenta en breve sin perder el turno.
[22:00:51] 🤖 [Automático] Es hora de actualizar pagos. Arrancando...
[22:01:06] ⏳ [Automático] Tocaba disparar 'pagos' pero ya hay una ejecución en curso (Actualizar pagos); esperando a que termine; se reintenta en breve sin perder el turno.
[22:03:51] 🤖 [Automático] Es hora de actualizar pagos. Arrancando...
[22:04:06] ⏳ [Automático] Tocaba disparar 'pagos' pero ya hay una ejecución en curso (Actualizar pagos); esperando a que termine; se reintenta en breve sin perder el turno.
[22:06:51] 🤖 [Automático] Es hora de actualizar pagos. Arrancando...
[22:07:06] ⏳ [Automático] Tocaba disparar 'pagos' pero ya hay una ejecución en curso (Actualizar pagos); esperando a que termine; se reintenta en breve sin perder el turno.
[22:09:52] 🤖 [Automático] Es hora de actualizar pagos. Arrancando...
[22:10:07] ⏳ [Automático] Tocaba disparar 'pagos' pero ya hay una ejecución en curso (Actualizar pagos); esperando a que termine; se reintenta en breve sin perder el turno.
[22:12:52] 🤖 [Automático] Es hora de actualizar pagos. Arrancando...
[22:13:07] ⏳ [Automático] Tocaba disparar 'pagos' pero ya hay una ejecución en curso (Actualizar pagos); esperando a que termine; se reintenta en breve sin perder el turno.
[22:15:52] 🤖 [Automático] Es hora de actualizar pagos. Arrancando...
[22:16:07] ⏳ [Automático] Tocaba disparar 'pagos' pero ya hay una ejecución en curso (Actualizar pagos); esperando a que termine; se reintenta en breve sin perder el turno.
[22:18:37] 🤖 [Automático] Es hora de actualizar pagos. Arrancando...
[22:18:52] ⏳ [Automático] Tocaba disparar 'pagos' pero ya hay una ejecución en curso (Actualizar pagos); esperando a que termine; se reintenta en breve sin perder el turno.
[22:21:37] 🤖 [Automático] Es hora de actualizar pagos. Arrancando...
[22:21:52] ⏳ [Automático] Tocaba disparar 'pagos' pero ya hay una ejecución en curso (Actualizar pagos); esperando a que termine; se reintenta en breve sin perder el turno.
[22:24:37] 🤖 [Automático] Es hora de actualizar pagos. Arrancando...
[22:24:52] ⏳ [Automático] Tocaba disparar 'pagos' pero ya hay una ejecución en curso (Actualizar pagos); esperando a que termine; se reintenta en breve sin perder el turno.
[22:27:37] 🤖 [Automático] Es hora de actualizar pagos. Arrancando...
[22:27:52] ⏳ [Automático] Tocaba disparar 'pagos' pero ya hay una ejecución en curso (Actualizar pagos); esperando a que termine; se reintenta en breve sin perder el turno.
[22:29:22] ❌ [Automático] 'pagos' falló (intento 1 de 4). Se reintenta a las 22:34.
[22:34:22] 🤖 [Automático] Es hora de actualizar pagos (reintento 1 de 3). Arrancando...
[22:34:37] ⏳ [Automático] Tocaba disparar 'pagos' pero ya hay una ejecución en curso (Actualizar pagos); esperando a que termine; se reintenta en breve sin perder el turno.
[22:35:17] ✅ [Automático] 'pagos' terminó bien en el reintento 1.
[22:37:22] 🤖 [Automático] Es hora de actualizar pagos. Arrancando...
[22:37:37] ⏳ [Automático] Tocaba disparar 'pagos' pero ya hay una ejecución en curso (Actualizar pagos); esperando a que termine; se reintenta en breve sin perder el turno.
[22:40:22] 🤖 [Automático] Es hora de actualizar pagos. Arrancando...
[22:40:37] ⏳ [Automático] Tocaba disparar 'pagos' pero ya hay una ejecución en curso (Actualizar pagos); esperando a que termine; se reintenta en breve sin perder el turno.
[22:43:22] 🤖 [Automático] Es hora de actualizar pagos. Arrancando...
[22:43:37] ⏳ [Automático] Tocaba disparar 'pagos' pero ya hay una ejecución en curso (Actualizar pagos); esperando a que termine; se reintenta en breve sin perder el turno.
[22:46:22] 🤖 [Automático] Es hora de actualizar pagos. Arrancando...
[22:46:37] ⏳ [Automático] Tocaba disparar 'pagos' pero ya hay una ejecución en curso (Actualizar pagos); esperando a que termine; se reintenta en breve sin perder el turno.
[22:49:22] 🤖 [Automático] Es hora de actualizar pagos. Arrancando...
[22:49:37] ⏳ [Automático] Tocaba disparar 'pagos' pero ya hay una ejecución en curso (Actualizar pagos); esperando a que termine; se reintenta en breve sin perder el turno.
[22:52:23] 🤖 [Automático] Es hora de actualizar pagos. Arrancando...
[22:52:38] ⏳ [Automático] Tocaba disparar 'pagos' pero ya hay una ejecución en curso (Actualizar pagos); esperando a que termine; se reintenta en breve sin perder el turno.
[22:55:38] 🤖 [Automático] Es hora de actualizar pagos. Arrancando...
[22:55:53] ⏳ [Automático] Tocaba disparar 'pagos' pero ya hay una ejecución en curso (Actualizar pagos); esperando a que termine; se reintenta en breve sin perder el turno.
[22:58:53] 🤖 [Automático] Es hora de actualizar pagos. Arrancando...
[22:59:08] ⏳ [Automático] Tocaba disparar 'pagos' pero ya hay una ejecución en curso (Actualizar pagos); esperando a que termine; se reintenta en breve sin perder el turno.
[23:01:53] 🤖 [Automático] Es hora de actualizar pagos. Arrancando...
[23:02:08] ⏳ [Automático] Tocaba disparar 'pagos' pero ya hay una ejecución en curso (Actualizar pagos); esperando a que termine; se reintenta en breve sin perder el turno.
[23:04:53] 🤖 [Automático] Es hora de actualizar pagos. Arrancando...
[23:05:08] ⏳ [Automático] Tocaba disparar 'pagos' pero ya hay una ejecución en curso (Actualizar pagos); esperando a que termine; se reintenta en breve sin perder el turno.
[23:07:53] 🤖 [Automático] Es hora de actualizar pagos. Arrancando...
[23:08:08] ⏳ [Automático] Tocaba disparar 'pagos' pero ya hay una ejecución en curso (Actualizar pagos); esperando a que termine; se reintenta en breve sin perder el turno.
[23:10:53] 🤖 [Automático] Es hora de actualizar pagos. Arrancando...
[23:11:08] ⏳ [Automático] Tocaba disparar 'pagos' pero ya hay una ejecución en curso (Actualizar pagos); esperando a que termine; se reintenta en breve sin perder el turno.
[23:13:53] 🤖 [Automático] Es hora de actualizar pagos. Arrancando...
[23:14:08] ⏳ [Automático] Tocaba disparar 'pagos' pero ya hay una ejecución en curso (Actualizar pagos); esperando a que termine; se reintenta en breve sin perder el turno.
[23:16:53] 🤖 [Automático] Es hora de actualizar pagos. Arrancando...
[23:17:08] ⏳ [Automático] Tocaba disparar 'pagos' pero ya hay una ejecución en curso (Actualizar pagos); esperando a que termine; se reintenta en breve sin perder el turno.
[23:19:38] 🤖 [Automático] Es hora de actualizar pagos. Arrancando...
[23:19:53] ⏳ [Automático] Tocaba disparar 'pagos' pero ya hay una ejecución en curso (Actualizar pagos); esperando a que termine; se reintenta en breve sin perder el turno.
[23:22:39] 🤖 [Automático] Es hora de actualizar pagos. Arrancando...
[23:22:54] ⏳ [Automático] Tocaba disparar 'pagos' pero ya hay una ejecución en curso (Actualizar pagos); esperando a que termine; se reintenta en breve sin perder el turno.
[23:25:39] 🤖 [Automático] Es hora de actualizar pagos. Arrancando...
[23:25:54] ⏳ [Automático] Tocaba disparar 'pagos' pero ya hay una ejecución en curso (Actualizar pagos); esperando a que termine; se reintenta en breve sin perder el turno.
[23:28:54] 🤖 [Automático] Es hora de actualizar pagos. Arrancando...
[23:29:09] ⏳ [Automático] Tocaba disparar 'pagos' pero ya hay una ejecución en curso (Actualizar pagos); esperando a que termine; se reintenta en breve sin perder el turno.
[23:31:54] 🤖 [Automático] Es hora de actualizar pagos. Arrancando...
[23:32:09] ⏳ [Automático] Tocaba disparar 'pagos' pero ya hay una ejecución en curso (Actualizar pagos); esperando a que termine; se reintenta en breve sin perder el turno.
[23:34:54] 🤖 [Automático] Es hora de actualizar pagos. Arrancando...
[23:35:09] ⏳ [Automático] Tocaba disparar 'pagos' pero ya hay una ejecución en curso (Actualizar pagos); esperando a que termine; se reintenta en breve sin perder el turno.
[23:37:54] 🤖 [Automático] Es hora de actualizar pagos. Arrancando...
[23:38:09] ⏳ [Automático] Tocaba disparar 'pagos' pero ya hay una ejecución en curso (Actualizar pagos); esperando a que termine; se reintenta en breve sin perder el turno.
[23:40:54] 🤖 [Automático] Es hora de actualizar pagos. Arrancando...
[23:41:09] ⏳ [Automático] Tocaba disparar 'pagos' pero ya hay una ejecución en curso (Actualizar pagos); esperando a que termine; se reintenta en breve sin perder el turno.
[23:43:54] 🤖 [Automático] Es hora de actualizar pagos. Arrancando...
[23:44:09] ⏳ [Automático] Tocaba disparar 'pagos' pero ya hay una ejecución en curso (Actualizar pagos); esperando a que termine; se reintenta en breve sin perder el turno.
[23:46:39] 🤖 [Automático] Es hora de actualizar pagos. Arrancando...
[23:46:54] ⏳ [Automático] Tocaba disparar 'pagos' pero ya hay una ejecución en curso (Actualizar pagos); esperando a que termine; se reintenta en breve sin perder el turno.
[23:49:54] 🤖 [Automático] Es hora de actualizar pagos. Arrancando...
[23:50:09] ⏳ [Automático] Tocaba disparar 'pagos' pero ya hay una ejecución en curso (Actualizar pagos); esperando a que termine; se reintenta en breve sin perder el turno.
[23:52:55] 🤖 [Automático] Es hora de actualizar pagos. Arrancando...
[23:53:10] ⏳ [Automático] Tocaba disparar 'pagos' pero ya hay una ejecución en curso (Actualizar pagos); esperando a que termine; se reintenta en breve sin perder el turno.
[23:55:55] 🤖 [Automático] Es hora de actualizar pagos. Arrancando...
[23:56:10] ⏳ [Automático] Tocaba disparar 'pagos' pero ya hay una ejecución en curso (Actualizar pagos); esperando a que termine; se reintenta en breve sin perder el turno.
[23:58:55] 🤖 [Automático] Es hora de actualizar pagos. Arrancando...
[23:59:10] ⏳ [Automático] Tocaba disparar 'pagos' pero ya hay una ejecución en curso (Actualizar pagos); esperando a que termine; se reintenta en breve sin perder el turno.
