[00:00:03] 🔐 [Automático] Limpieza diaria de sesiones (00:00): se fuerza login nuevo en la próxima corrida.
[00:00:48] 🤖 [Automático] Es hora de actualizar pagos. Arrancando...
[00:01:03] ⏳ [Automático] Tocaba disparar 'pagos' pero ya hay una ejecución en curso (Actualizar pagos); esperando a que termine; se reintenta en breve sin perder el turno.
[00:04:03] 🤖 [Automático] Es hora de actualizar pagos. Arrancando...
[00:04:18] ⏳ [Automático] Tocaba disparar 'pagos' pero ya hay una ejecución en curso (Actualizar pagos); esperando a que termine; se reintenta en breve sin perder el turno.
[00:07:03] 🤖 [Automático] Es hora de actualizar pagos. Arrancando...
[00:07:18] ⏳ [Automático] Tocaba disparar 'pagos' pero ya hay una ejecución en curso (Actualizar pagos); esperando a que termine; se reintenta en breve sin perder el turno.
[00:10:03] 🤖 [Automático] Es hora de actualizar pagos. Arrancando...
[00:10:18] ⏳ [Automático] Tocaba disparar 'pagos' pero ya hay una ejecución en curso (Actualizar pagos); esperando a que termine; se reintenta en breve sin perder el turno.
[00:13:19] 🤖 [Automático] Es hora de actualizar pagos. Arrancando...
[00:13:34] ⏳ [Automático] Tocaba disparar 'pagos' pero ya hay una ejecución en curso (Actualizar pagos); esperando a que termine; se reintenta en breve sin perder el turno.
[00:16:34] 🤖 [Automático] Es hora de actualizar pagos. Arrancando...
[00:16:49] ⏳ [Automático] Tocaba disparar 'pagos' pero ya hay una ejecución en curso (Actualizar pagos); esperando a que termine; se reintenta en breve sin perder el turno.
[00:19:49] 🤖 [Automático] Es hora de actualizar pagos. Arrancando...
[00:20:04] ⏳ [Automático] Tocaba disparar 'pagos' pero ya hay una ejecución en curso (Actualizar pagos); esperando a que termine; se reintenta en breve sin perder el turno.
[00:22:49] 🤖 [Automático] Es hora de actualizar pagos. Arrancando...
[00:23:04] ⏳ [Automático] Tocaba disparar 'pagos' pero ya hay una ejecución en curso (Actualizar pagos); esperando a que termine; se reintenta en breve sin perder el turno.
[00:26:04] 🤖 [Automático] Es hora de actualizar pagos. Arrancando...
[00:26:19] ⏳ [Automático] Tocaba disparar 'pagos' pero ya hay una ejecución en curso (Actualizar pagos); esperando a que termine; se reintenta en breve sin perder el turno.
[00:29:04] 🤖 [Automático] Es hora de actualizar pagos. Arrancando...
[00:29:19] ⏳ [Automático] Tocaba disparar 'pagos' pero ya hay una ejecución en curso (Actualizar pagos); esperando a que termine; se reintenta en breve sin perder el turno.
[00:32:04] 🤖 [Automático] Es hora de actualizar pagos. Arrancando...
[00:32:19] ⏳ [Automático] Tocaba disparar 'pagos' pero ya hay una ejecución en curso (Actualizar pagos); esperando a que termine; se reintenta en breve sin perder el turno.
[00:35:04] 🤖 [Automático] Es hora de actualizar pagos. Arrancando...
[00:35:19] ⏳ [Automático] Tocaba disparar 'pagos' pero ya hay una ejecución en curso (Actualizar pagos); esperando a que termine; se reintenta en breve sin perder el turno.
[00:38:04] 🤖 [Automático] Es hora de actualizar pagos. Arrancando...
[00:38:20] ⏳ [Automático] Tocaba disparar 'pagos' pero ya hay una ejecución en curso (Actualizar pagos); esperando a que termine; se reintenta en breve sin perder el turno.
[00:41:05] 🤖 [Automático] Es hora de actualizar pagos. Arrancando...
[00:41:20] ⏳ [Automático] Tocaba disparar 'pagos' pero ya hay una ejecución en curso (Actualizar pagos); esperando a que termine; se reintenta en breve sin perder el turno.
[00:44:05] 🤖 [Automático] Es hora de actualizar pagos. Arrancando...
[00:44:20] ⏳ [Automático] Tocaba disparar 'pagos' pero ya hay una ejecución en curso (Actualizar pagos); esperando a que termine; se reintenta en breve sin perder el turno.
[00:47:05] 🤖 [Automático] Es hora de actualizar pagos. Arrancando...
[00:47:20] ⏳ [Automático] Tocaba disparar 'pagos' pero ya hay una ejecución en curso (Actualizar pagos); esperando a que termine; se reintenta en breve sin perder el turno.
[00:50:20] 🤖 [Automático] Es hora de actualizar pagos. Arrancando...
[00:50:35] ⏳ [Automático] Tocaba disparar 'pagos' pero ya hay una ejecución en curso (Actualizar pagos); esperando a que termine; se reintenta en breve sin perder el turno.
[00:53:35] 🤖 [Automático] Es hora de actualizar pagos. Arrancando...
[00:53:50] ⏳ [Automático] Tocaba disparar 'pagos' pero ya hay una ejecución en curso (Actualizar pagos); esperando a que termine; se reintenta en breve sin perder el turno.
[00:56:50] 🤖 [Automático] Es hora de actualizar pagos. Arrancando...
[00:57:05] ⏳ [Automático] Tocaba disparar 'pagos' pero ya hay una ejecución en curso (Actualizar pagos); esperando a que termine; se reintenta en breve sin perder el turno.
[00:59:50] 🤖 [Automático] Es hora de actualizar pagos. Arrancando...
[01:00:05] ⏳ [Automático] Tocaba disparar 'pagos' pero ya hay una ejecución en curso (Actualizar pagos); esperando a que termine; se reintenta en breve sin perder el turno.
[01:03:05] 🤖 [Automático] Es hora de actualizar pagos. Arrancando...
[01:03:20] ⏳ [Automático] Tocaba disparar 'pagos' pero ya hay una ejecución en curso (Actualizar pagos); esperando a que termine; se reintenta en breve sin perder el turno.
[01:06:05] 🤖 [Automático] Es hora de actualizar pagos. Arrancando...
[01:06:20] ⏳ [Automático] Tocaba disparar 'pagos' pero ya hay una ejecución en curso (Actualizar pagos); esperando a que termine; se reintenta en breve sin perder el turno.
[01:09:05] 🤖 [Automático] Es hora de actualizar pagos. Arrancando...
[01:09:20] ⏳ [Automático] Tocaba disparar 'pagos' pero ya hay una ejecución en curso (Actualizar pagos); esperando a que termine; se reintenta en breve sin perder el turno.
[01:12:06] 🤖 [Automático] Es hora de actualizar pagos. Arrancando...
[01:12:21] ⏳ [Automático] Tocaba disparar 'pagos' pero ya hay una ejecución en curso (Actualizar pagos); esperando a que termine; se reintenta en breve sin perder el turno.
[01:15:06] 🤖 [Automático] Es hora de actualizar pagos. Arrancando...
[01:15:22] ⏳ [Automático] Tocaba disparar 'pagos' pero ya hay una ejecución en curso (Actualizar pagos); esperando a que termine; se reintenta en breve sin perder el turno.
[01:18:22] 🤖 [Automático] Es hora de actualizar pagos. Arrancando...
[01:18:37] ⏳ [Automático] Tocaba disparar 'pagos' pero ya hay una ejecución en curso (Actualizar pagos); esperando a que termine; se reintenta en breve sin perder el turno.
[01:21:07] 🤖 [Automático] Es hora de actualizar pagos. Arrancando...
[01:21:22] ⏳ [Automático] Tocaba disparar 'pagos' pero ya hay una ejecución en curso (Actualizar pagos); esperando a que termine; se reintenta en breve sin perder el turno.
[01:24:23] 🤖 [Automático] Es hora de actualizar pagos. Arrancando...
[01:24:38] ⏳ [Automático] Tocaba disparar 'pagos' pero ya hay una ejecución en curso (Actualizar pagos); esperando a que termine; se reintenta en breve sin perder el turno.
[01:27:23] 🤖 [Automático] Es hora de actualizar pagos. Arrancando...
[01:27:38] ⏳ [Automático] Tocaba disparar 'pagos' pero ya hay una ejecución en curso (Actualizar pagos); esperando a que termine; se reintenta en breve sin perder el turno.
[01:30:08] 🤖 [Automático] Es hora de actualizar pagos. Arrancando...
[01:30:23] ⏳ [Automático] Tocaba disparar 'pagos' pero ya hay una ejecución en curso (Actualizar pagos); esperando a que termine; se reintenta en breve sin perder el turno.
[01:33:23] 🤖 [Automático] Es hora de actualizar pagos. Arrancando...
[01:33:38] ⏳ [Automático] Tocaba disparar 'pagos' pero ya hay una ejecución en curso (Actualizar pagos); esperando a que termine; se reintenta en breve sin perder el turno.
[01:36:53] 🤖 [Automático] Es hora de actualizar pagos. Arrancando...
[01:37:08] ⏳ [Automático] Tocaba disparar 'pagos' pero ya hay una ejecución en curso (Actualizar pagos); esperando a que termine; se reintenta en breve sin perder el turno.
[01:40:09] 🤖 [Automático] Es hora de actualizar pagos. Arrancando...
[01:40:24] ⏳ [Automático] Tocaba disparar 'pagos' pero ya hay una ejecución en curso (Actualizar pagos); esperando a que termine; se reintenta en breve sin perder el turno.
[01:43:24] 🤖 [Automático] Es hora de actualizar pagos. Arrancando...
[01:43:39] ⏳ [Automático] Tocaba disparar 'pagos' pero ya hay una ejecución en curso (Actualizar pagos); esperando a que termine; se reintenta en breve sin perder el turno.
[01:46:40] 🤖 [Automático] Es hora de actualizar pagos. Arrancando...
[01:46:55] ⏳ [Automático] Tocaba disparar 'pagos' pero ya hay una ejecución en curso (Actualizar pagos); esperando a que termine; se reintenta en breve sin perder el turno.
[01:49:55] 🤖 [Automático] Es hora de actualizar pagos. Arrancando...
[01:50:11] ⏳ [Automático] Tocaba disparar 'pagos' pero ya hay una ejecución en curso (Actualizar pagos); esperando a que termine; se reintenta en breve sin perder el turno.
[01:53:11] 🤖 [Automático] Es hora de actualizar pagos. Arrancando...
[01:53:26] ⏳ [Automático] Tocaba disparar 'pagos' pero ya hay una ejecución en curso (Actualizar pagos); esperando a que termine; se reintenta en breve sin perder el turno.
[01:56:42] 🤖 [Automático] Es hora de actualizar pagos. Arrancando...
[01:56:57] ⏳ [Automático] Tocaba disparar 'pagos' pero ya hay una ejecución en curso (Actualizar pagos); esperando a que termine; se reintenta en breve sin perder el turno.
[02:00:12] 🤖 [Automático] Es hora de actualizar pagos. Arrancando...
[02:00:27] ⏳ [Automático] Tocaba disparar 'pagos' pero ya hay una ejecución en curso (Actualizar pagos); esperando a que termine; se reintenta en breve sin perder el turno.
[02:03:58] 🤖 [Automático] Es hora de actualizar pagos. Arrancando...
[02:04:13] ⏳ [Automático] Tocaba disparar 'pagos' pero ya hay una ejecución en curso (Actualizar pagos); esperando a que termine; se reintenta en breve sin perder el turno.
[02:07:13] 🤖 [Automático] Es hora de actualizar pagos. Arrancando...
[02:07:29] ⏳ [Automático] Tocaba disparar 'pagos' pero ya hay una ejecución en curso (Actualizar pagos); esperando a que termine; se reintenta en breve sin perder el turno.
[02:10:29] 🤖 [Automático] Es hora de actualizar pagos. Arrancando...
[02:10:44] ⏳ [Automático] Tocaba disparar 'pagos' pero ya hay una ejecución en curso (Actualizar pagos); esperando a que termine; se reintenta en breve sin perder el turno.
[02:13:44] 🤖 [Automático] Es hora de actualizar pagos. Arrancando...
[02:13:59] ⏳ [Automático] Tocaba disparar 'pagos' pero ya hay una ejecución en curso (Actualizar pagos); esperando a que termine; se reintenta en breve sin perder el turno.
[02:16:59] 🤖 [Automático] Es hora de actualizar pagos. Arrancando...
[02:17:14] ⏳ [Automático] Tocaba disparar 'pagos' pero ya hay una ejecución en curso (Actualizar pagos); esperando a que termine; se reintenta en breve sin perder el turno.
[02:20:00] 🤖 [Automático] Es hora de actualizar pagos. Arrancando...
[02:20:15] ⏳ [Automático] Tocaba disparar 'pagos' pero ya hay una ejecución en curso (Actualizar pagos); esperando a que termine; se reintenta en breve sin perder el turno.
[02:23:00] 🤖 [Automático] Es hora de actualizar pagos. Arrancando...
[02:23:15] ⏳ [Automático] Tocaba disparar 'pagos' pero ya hay una ejecución en curso (Actualizar pagos); esperando a que termine; se reintenta en breve sin perder el turno.
[02:25:45] 🤖 [Automático] Es hora de actualizar pagos. Arrancando...
[02:26:00] ⏳ [Automático] Tocaba disparar 'pagos' pero ya hay una ejecución en curso (Actualizar pagos); esperando a que termine; se reintenta en breve sin perder el turno.
[02:29:00] 🤖 [Automático] Es hora de actualizar pagos. Arrancando...
[02:29:15] ⏳ [Automático] Tocaba disparar 'pagos' pero ya hay una ejecución en curso (Actualizar pagos); esperando a que termine; se reintenta en breve sin perder el turno.
[02:31:45] 🤖 [Automático] Es hora de actualizar pagos. Arrancando...
[02:32:00] ⏳ [Automático] Tocaba disparar 'pagos' pero ya hay una ejecución en curso (Actualizar pagos); esperando a que termine; se reintenta en breve sin perder el turno.
[02:34:30] 🤖 [Automático] Es hora de actualizar pagos. Arrancando...
[02:34:45] ⏳ [Automático] Tocaba disparar 'pagos' pero ya hay una ejecución en curso (Actualizar pagos); esperando a que termine; se reintenta en breve sin perder el turno.
[02:37:30] 🤖 [Automático] Es hora de actualizar pagos. Arrancando...
[02:37:45] ⏳ [Automático] Tocaba disparar 'pagos' pero ya hay una ejecución en curso (Actualizar pagos); esperando a que termine; se reintenta en breve sin perder el turno.
[02:40:15] 🤖 [Automático] Es hora de actualizar pagos. Arrancando...
[02:40:30] ⏳ [Automático] Tocaba disparar 'pagos' pero ya hay una ejecución en curso (Actualizar pagos); esperando a que termine; se reintenta en breve sin perder el turno.
[02:43:15] 🤖 [Automático] Es hora de actualizar pagos. Arrancando...
[02:43:30] ⏳ [Automático] Tocaba disparar 'pagos' pero ya hay una ejecución en curso (Actualizar pagos); esperando a que termine; se reintenta en breve sin perder el turno.
[02:46:15] 🤖 [Automático] Es hora de actualizar pagos. Arrancando...
[02:46:30] ⏳ [Automático] Tocaba disparar 'pagos' pero ya hay una ejecución en curso (Actualizar pagos); esperando a que termine; se reintenta en breve sin perder el turno.
[02:49:00] 🤖 [Automático] Es hora de actualizar pagos. Arrancando...
[02:49:15] ⏳ [Automático] Tocaba disparar 'pagos' pero ya hay una ejecución en curso (Actualizar pagos); esperando a que termine; se reintenta en breve sin perder el turno.
[02:52:01] 🤖 [Automático] Es hora de actualizar pagos. Arrancando...
[02:52:16] ⏳ [Automático] Tocaba disparar 'pagos' pero ya hay una ejecución en curso (Actualizar pagos); esperando a que termine; se reintenta en breve sin perder el turno.
[02:54:46] 🤖 [Automático] Es hora de actualizar pagos. Arrancando...
[02:55:01] ⏳ [Automático] Tocaba disparar 'pagos' pero ya hay una ejecución en curso (Actualizar pagos); esperando a que termine; se reintenta en breve sin perder el turno.
[02:57:46] 🤖 [Automático] Es hora de actualizar pagos. Arrancando...
[02:58:01] ⏳ [Automático] Tocaba disparar 'pagos' pero ya hay una ejecución en curso (Actualizar pagos); esperando a que termine; se reintenta en breve sin perder el turno.
[03:00:46] 🤖 [Automático] Es hora de actualizar pagos. Arrancando...
[03:01:01] ⏳ [Automático] Tocaba disparar 'pagos' pero ya hay una ejecución en curso (Actualizar pagos); esperando a que termine; se reintenta en breve sin perder el turno.
[03:03:46] 🤖 [Automático] Es hora de actualizar pagos. Arrancando...
[03:04:01] ⏳ [Automático] Tocaba disparar 'pagos' pero ya hay una ejecución en curso (Actualizar pagos); esperando a que termine; se reintenta en breve sin perder el turno.
[03:06:46] 🤖 [Automático] Es hora de actualizar pagos. Arrancando...
[03:07:01] ⏳ [Automático] Tocaba disparar 'pagos' pero ya hay una ejecución en curso (Actualizar pagos); esperando a que termine; se reintenta en breve sin perder el turno.
[03:09:46] 🤖 [Automático] Es hora de actualizar pagos. Arrancando...
[03:10:01] ⏳ [Automático] Tocaba disparar 'pagos' pero ya hay una ejecución en curso (Actualizar pagos); esperando a que termine; se reintenta en breve sin perder el turno.
[03:12:46] 🤖 [Automático] Es hora de actualizar pagos. Arrancando...
[03:13:01] ⏳ [Automático] Tocaba disparar 'pagos' pero ya hay una ejecución en curso (Actualizar pagos); esperando a que termine; se reintenta en breve sin perder el turno.
[03:15:31] 🤖 [Automático] Es hora de actualizar pagos. Arrancando...
[03:15:46] ⏳ [Automático] Tocaba disparar 'pagos' pero ya hay una ejecución en curso (Actualizar pagos); esperando a que termine; se reintenta en breve sin perder el turno.
[03:18:31] 🤖 [Automático] Es hora de actualizar pagos. Arrancando...
[03:18:46] ⏳ [Automático] Tocaba disparar 'pagos' pero ya hay una ejecución en curso (Actualizar pagos); esperando a que termine; se reintenta en breve sin perder el turno.
[03:21:31] 🤖 [Automático] Es hora de actualizar pagos. Arrancando...
[03:21:46] ⏳ [Automático] Tocaba disparar 'pagos' pero ya hay una ejecución en curso (Actualizar pagos); esperando a que termine; se reintenta en breve sin perder el turno.
[03:24:16] 🤖 [Automático] Es hora de actualizar pagos. Arrancando...
[03:24:31] ⏳ [Automático] Tocaba disparar 'pagos' pero ya hay una ejecución en curso (Actualizar pagos); esperando a que termine; se reintenta en breve sin perder el turno.
[03:27:02] 🤖 [Automático] Es hora de actualizar pagos. Arrancando...
[03:27:17] ⏳ [Automático] Tocaba disparar 'pagos' pero ya hay una ejecución en curso (Actualizar pagos); esperando a que termine; se reintenta en breve sin perder el turno.
[03:29:47] 🤖 [Automático] Es hora de actualizar pagos. Arrancando...
[03:30:02] ⏳ [Automático] Tocaba disparar 'pagos' pero ya hay una ejecución en curso (Actualizar pagos); esperando a que termine; se reintenta en breve sin perder el turno.
[03:32:32] 🤖 [Automático] Es hora de actualizar pagos. Arrancando...
[03:32:47] ⏳ [Automático] Tocaba disparar 'pagos' pero ya hay una ejecución en curso (Actualizar pagos); esperando a que termine; se reintenta en breve sin perder el turno.
[03:35:32] 🤖 [Automático] Es hora de actualizar pagos. Arrancando...
[03:35:47] ⏳ [Automático] Tocaba disparar 'pagos' pero ya hay una ejecución en curso (Actualizar pagos); esperando a que termine; se reintenta en breve sin perder el turno.
[03:38:32] 🤖 [Automático] Es hora de actualizar pagos. Arrancando...
[03:38:47] ⏳ [Automático] Tocaba disparar 'pagos' pero ya hay una ejecución en curso (Actualizar pagos); esperando a que termine; se reintenta en breve sin perder el turno.
[03:41:32] 🤖 [Automático] Es hora de actualizar pagos. Arrancando...
[03:41:47] ⏳ [Automático] Tocaba disparar 'pagos' pero ya hay una ejecución en curso (Actualizar pagos); esperando a que termine; se reintenta en breve sin perder el turno.
[03:44:17] 🤖 [Automático] Es hora de actualizar pagos. Arrancando...
[03:44:32] ⏳ [Automático] Tocaba disparar 'pagos' pero ya hay una ejecución en curso (Actualizar pagos); esperando a que termine; se reintenta en breve sin perder el turno.
[03:47:17] 🤖 [Automático] Es hora de actualizar pagos. Arrancando...
[03:47:32] ⏳ [Automático] Tocaba disparar 'pagos' pero ya hay una ejecución en curso (Actualizar pagos); esperando a que termine; se reintenta en breve sin perder el turno.
[03:50:17] 🤖 [Automático] Es hora de actualizar pagos. Arrancando...
[03:50:32] ⏳ [Automático] Tocaba disparar 'pagos' pero ya hay una ejecución en curso (Actualizar pagos); esperando a que termine; se reintenta en breve sin perder el turno.
[03:53:02] 🤖 [Automático] Es hora de actualizar pagos. Arrancando...
[03:53:17] ⏳ [Automático] Tocaba disparar 'pagos' pero ya hay una ejecución en curso (Actualizar pagos); esperando a que termine; se reintenta en breve sin perder el turno.
[03:56:02] 🤖 [Automático] Es hora de actualizar pagos. Arrancando...
[03:56:17] ⏳ [Automático] Tocaba disparar 'pagos' pero ya hay una ejecución en curso (Actualizar pagos); esperando a que termine; se reintenta en breve sin perder el turno.
[03:58:47] 🤖 [Automático] Es hora de actualizar pagos. Arrancando...
[03:59:02] ⏳ [Automático] Tocaba disparar 'pagos' pero ya hay una ejecución en curso (Actualizar pagos); esperando a que termine; se reintenta en breve sin perder el turno.
[04:01:33] 🤖 [Automático] Es hora de actualizar pagos. Arrancando...
[04:01:48] ⏳ [Automático] Tocaba disparar 'pagos' pero ya hay una ejecución en curso (Actualizar pagos); esperando a que termine; se reintenta en breve sin perder el turno.
[04:04:33] 🤖 [Automático] Es hora de actualizar pagos. Arrancando...
[04:04:48] ⏳ [Automático] Tocaba disparar 'pagos' pero ya hay una ejecución en curso (Actualizar pagos); esperando a que termine; se reintenta en breve sin perder el turno.
[04:07:33] 🤖 [Automático] Es hora de actualizar pagos. Arrancando...
[04:07:48] ⏳ [Automático] Tocaba disparar 'pagos' pero ya hay una ejecución en curso (Actualizar pagos); esperando a que termine; se reintenta en breve sin perder el turno.
[04:10:33] 🤖 [Automático] Es hora de actualizar pagos. Arrancando...
[04:10:48] ⏳ [Automático] Tocaba disparar 'pagos' pero ya hay una ejecución en curso (Actualizar pagos); esperando a que termine; se reintenta en breve sin perder el turno.
[04:13:33] 🤖 [Automático] Es hora de actualizar pagos. Arrancando...
[04:13:48] ⏳ [Automático] Tocaba disparar 'pagos' pero ya hay una ejecución en curso (Actualizar pagos); esperando a que termine; se reintenta en breve sin perder el turno.
[04:16:33] 🤖 [Automático] Es hora de actualizar pagos. Arrancando...
[04:16:48] ⏳ [Automático] Tocaba disparar 'pagos' pero ya hay una ejecución en curso (Actualizar pagos); esperando a que termine; se reintenta en breve sin perder el turno.
[04:19:33] 🤖 [Automático] Es hora de actualizar pagos. Arrancando...
[04:19:48] ⏳ [Automático] Tocaba disparar 'pagos' pero ya hay una ejecución en curso (Actualizar pagos); esperando a que termine; se reintenta en breve sin perder el turno.
[04:22:33] 🤖 [Automático] Es hora de actualizar pagos. Arrancando...
[04:22:48] ⏳ [Automático] Tocaba disparar 'pagos' pero ya hay una ejecución en curso (Actualizar pagos); esperando a que termine; se reintenta en breve sin perder el turno.
[04:25:18] 🤖 [Automático] Es hora de actualizar pagos. Arrancando...
[04:25:33] ⏳ [Automático] Tocaba disparar 'pagos' pero ya hay una ejecución en curso (Actualizar pagos); esperando a que termine; se reintenta en breve sin perder el turno.
[04:28:18] 🤖 [Automático] Es hora de actualizar pagos. Arrancando...
[04:28:33] ⏳ [Automático] Tocaba disparar 'pagos' pero ya hay una ejecución en curso (Actualizar pagos); esperando a que termine; se reintenta en breve sin perder el turno.
[04:31:03] 🤖 [Automático] Es hora de actualizar pagos. Arrancando...
[04:31:18] ⏳ [Automático] Tocaba disparar 'pagos' pero ya hay una ejecución en curso (Actualizar pagos); esperando a que termine; se reintenta en breve sin perder el turno.
[04:33:48] 🤖 [Automático] Es hora de actualizar pagos. Arrancando...
[04:34:03] ⏳ [Automático] Tocaba disparar 'pagos' pero ya hay una ejecución en curso (Actualizar pagos); esperando a que termine; se reintenta en breve sin perder el turno.
[04:36:49] 🤖 [Automático] Es hora de actualizar pagos. Arrancando...
[04:37:04] ⏳ [Automático] Tocaba disparar 'pagos' pero ya hay una ejecución en curso (Actualizar pagos); esperando a que termine; se reintenta en breve sin perder el turno.
[04:39:49] 🤖 [Automático] Es hora de actualizar pagos. Arrancando...
[04:40:04] ⏳ [Automático] Tocaba disparar 'pagos' pero ya hay una ejecución en curso (Actualizar pagos); esperando a que termine; se reintenta en breve sin perder el turno.
[04:42:34] 🤖 [Automático] Es hora de actualizar pagos. Arrancando...
[04:42:49] ⏳ [Automático] Tocaba disparar 'pagos' pero ya hay una ejecución en curso (Actualizar pagos); esperando a que termine; se reintenta en breve sin perder el turno.
[04:45:34] 🤖 [Automático] Es hora de actualizar pagos. Arrancando...
[04:45:49] ⏳ [Automático] Tocaba disparar 'pagos' pero ya hay una ejecución en curso (Actualizar pagos); esperando a que termine; se reintenta en breve sin perder el turno.
[04:48:34] 🤖 [Automático] Es hora de actualizar pagos. Arrancando...
[04:48:49] ⏳ [Automático] Tocaba disparar 'pagos' pero ya hay una ejecución en curso (Actualizar pagos); esperando a que termine; se reintenta en breve sin perder el turno.
[04:51:19] 🤖 [Automático] Es hora de actualizar pagos. Arrancando...
[04:51:34] ⏳ [Automático] Tocaba disparar 'pagos' pero ya hay una ejecución en curso (Actualizar pagos); esperando a que termine; se reintenta en breve sin perder el turno.
[04:54:04] 🤖 [Automático] Es hora de actualizar pagos. Arrancando...
[04:54:19] ⏳ [Automático] Tocaba disparar 'pagos' pero ya hay una ejecución en curso (Actualizar pagos); esperando a que termine; se reintenta en breve sin perder el turno.
[04:56:49] 🤖 [Automático] Es hora de actualizar pagos. Arrancando...
[04:57:04] ⏳ [Automático] Tocaba disparar 'pagos' pero ya hay una ejecución en curso (Actualizar pagos); esperando a que termine; se reintenta en breve sin perder el turno.
[04:59:34] 🤖 [Automático] Es hora de actualizar pagos. Arrancando...
[04:59:49] ⏳ [Automático] Tocaba disparar 'pagos' pero ya hay una ejecución en curso (Actualizar pagos); esperando a que termine; se reintenta en breve sin perder el turno.
[05:02:34] 🤖 [Automático] Es hora de actualizar pagos. Arrancando...
[05:02:49] ⏳ [Automático] Tocaba disparar 'pagos' pero ya hay una ejecución en curso (Actualizar pagos); esperando a que termine; se reintenta en breve sin perder el turno.
[05:05:20] 🤖 [Automático] Es hora de actualizar pagos. Arrancando...
[05:05:35] ⏳ [Automático] Tocaba disparar 'pagos' pero ya hay una ejecución en curso (Actualizar pagos); esperando a que termine; se reintenta en breve sin perder el turno.
[05:08:05] 🤖 [Automático] Es hora de actualizar pagos. Arrancando...
[05:08:20] ⏳ [Automático] Tocaba disparar 'pagos' pero ya hay una ejecución en curso (Actualizar pagos); esperando a que termine; se reintenta en breve sin perder el turno.
[05:11:05] 🤖 [Automático] Es hora de actualizar pagos. Arrancando...
[05:11:20] ⏳ [Automático] Tocaba disparar 'pagos' pero ya hay una ejecución en curso (Actualizar pagos); esperando a que termine; se reintenta en breve sin perder el turno.
[05:14:05] 🤖 [Automático] Es hora de actualizar pagos. Arrancando...
[05:14:20] ⏳ [Automático] Tocaba disparar 'pagos' pero ya hay una ejecución en curso (Actualizar pagos); esperando a que termine; se reintenta en breve sin perder el turno.
[05:16:50] 🤖 [Automático] Es hora de actualizar pagos. Arrancando...
[05:17:05] ⏳ [Automático] Tocaba disparar 'pagos' pero ya hay una ejecución en curso (Actualizar pagos); esperando a que termine; se reintenta en breve sin perder el turno.
[05:19:50] 🤖 [Automático] Es hora de actualizar pagos. Arrancando...
[05:20:05] ⏳ [Automático] Tocaba disparar 'pagos' pero ya hay una ejecución en curso (Actualizar pagos); esperando a que termine; se reintenta en breve sin perder el turno.
[05:22:35] 🤖 [Automático] Es hora de actualizar pagos. Arrancando...
[05:22:50] ⏳ [Automático] Tocaba disparar 'pagos' pero ya hay una ejecución en curso (Actualizar pagos); esperando a que termine; se reintenta en breve sin perder el turno.
[05:25:35] 🤖 [Automático] Es hora de actualizar pagos. Arrancando...
[05:25:50] ⏳ [Automático] Tocaba disparar 'pagos' pero ya hay una ejecución en curso (Actualizar pagos); esperando a que termine; se reintenta en breve sin perder el turno.
[05:28:20] 🤖 [Automático] Es hora de actualizar pagos. Arrancando...
[05:28:35] ⏳ [Automático] Tocaba disparar 'pagos' pero ya hay una ejecución en curso (Actualizar pagos); esperando a que termine; se reintenta en breve sin perder el turno.
[05:31:05] 🤖 [Automático] Es hora de actualizar pagos. Arrancando...
[05:31:20] ⏳ [Automático] Tocaba disparar 'pagos' pero ya hay una ejecución en curso (Actualizar pagos); esperando a que termine; se reintenta en breve sin perder el turno.
[05:34:05] 🤖 [Automático] Es hora de actualizar pagos. Arrancando...
[05:34:20] ⏳ [Automático] Tocaba disparar 'pagos' pero ya hay una ejecución en curso (Actualizar pagos); esperando a que termine; se reintenta en breve sin perder el turno.
[05:36:51] 🤖 [Automático] Es hora de actualizar pagos. Arrancando...
[05:37:06] ⏳ [Automático] Tocaba disparar 'pagos' pero ya hay una ejecución en curso (Actualizar pagos); esperando a que termine; se reintenta en breve sin perder el turno.
[05:39:51] 🤖 [Automático] Es hora de actualizar pagos. Arrancando...
[05:40:06] ⏳ [Automático] Tocaba disparar 'pagos' pero ya hay una ejecución en curso (Actualizar pagos); esperando a que termine; se reintenta en breve sin perder el turno.
[05:42:36] 🤖 [Automático] Es hora de actualizar pagos. Arrancando...
[05:42:51] ⏳ [Automático] Tocaba disparar 'pagos' pero ya hay una ejecución en curso (Actualizar pagos); esperando a que termine; se reintenta en breve sin perder el turno.
[05:45:21] 🤖 [Automático] Es hora de actualizar pagos. Arrancando...
[05:45:36] ⏳ [Automático] Tocaba disparar 'pagos' pero ya hay una ejecución en curso (Actualizar pagos); esperando a que termine; se reintenta en breve sin perder el turno.
[05:48:06] 🤖 [Automático] Es hora de actualizar pagos. Arrancando...
[05:48:21] ⏳ [Automático] Tocaba disparar 'pagos' pero ya hay una ejecución en curso (Actualizar pagos); esperando a que termine; se reintenta en breve sin perder el turno.
[05:51:06] 🤖 [Automático] Es hora de actualizar pagos. Arrancando...
[05:51:21] ⏳ [Automático] Tocaba disparar 'pagos' pero ya hay una ejecución en curso (Actualizar pagos); esperando a que termine; se reintenta en breve sin perder el turno.
[05:54:06] 🤖 [Automático] Es hora de actualizar pagos. Arrancando...
[05:54:21] ⏳ [Automático] Tocaba disparar 'pagos' pero ya hay una ejecución en curso (Actualizar pagos); esperando a que termine; se reintenta en breve sin perder el turno.
[05:57:06] 🤖 [Automático] Es hora de actualizar pagos. Arrancando...
[05:57:21] ⏳ [Automático] Tocaba disparar 'pagos' pero ya hay una ejecución en curso (Actualizar pagos); esperando a que termine; se reintenta en breve sin perder el turno.
[06:00:06] 🤖 [Automático] Es hora de actualizar pagos. Arrancando...
[06:00:21] ⏳ [Automático] Tocaba disparar 'pagos' pero ya hay una ejecución en curso (Actualizar pagos); esperando a que termine; se reintenta en breve sin perder el turno.
[06:03:06] 🤖 [Automático] Es hora de actualizar pagos. Arrancando...
[06:03:21] ⏳ [Automático] Tocaba disparar 'pagos' pero ya hay una ejecución en curso (Actualizar pagos); esperando a que termine; se reintenta en breve sin perder el turno.
[06:05:51] 🤖 [Automático] Es hora de actualizar pagos. Arrancando...
[06:06:06] ⏳ [Automático] Tocaba disparar 'pagos' pero ya hay una ejecución en curso (Actualizar pagos); esperando a que termine; se reintenta en breve sin perder el turno.
[06:08:37] 🤖 [Automático] Es hora de actualizar pagos. Arrancando...
[06:08:52] ⏳ [Automático] Tocaba disparar 'pagos' pero ya hay una ejecución en curso (Actualizar pagos); esperando a que termine; se reintenta en breve sin perder el turno.
[06:11:37] 🤖 [Automático] Es hora de actualizar pagos. Arrancando...
[06:11:52] ⏳ [Automático] Tocaba disparar 'pagos' pero ya hay una ejecución en curso (Actualizar pagos); esperando a que termine; se reintenta en breve sin perder el turno.
[06:14:22] 🤖 [Automático] Es hora de actualizar pagos. Arrancando...
[06:14:37] ⏳ [Automático] Tocaba disparar 'pagos' pero ya hay una ejecución en curso (Actualizar pagos); esperando a que termine; se reintenta en breve sin perder el turno.
[06:17:07] 🤖 [Automático] Es hora de actualizar pagos. Arrancando...
[06:17:22] ⏳ [Automático] Tocaba disparar 'pagos' pero ya hay una ejecución en curso (Actualizar pagos); esperando a que termine; se reintenta en breve sin perder el turno.
[06:19:52] 🤖 [Automático] Es hora de actualizar pagos. Arrancando...
[06:20:07] ⏳ [Automático] Tocaba disparar 'pagos' pero ya hay una ejecución en curso (Actualizar pagos); esperando a que termine; se reintenta en breve sin perder el turno.
[06:22:52] 🤖 [Automático] Es hora de actualizar pagos. Arrancando...
[06:23:07] ⏳ [Automático] Tocaba disparar 'pagos' pero ya hay una ejecución en curso (Actualizar pagos); esperando a que termine; se reintenta en breve sin perder el turno.
[06:25:37] 🤖 [Automático] Es hora de actualizar pagos. Arrancando...
[06:25:52] ⏳ [Automático] Tocaba disparar 'pagos' pero ya hay una ejecución en curso (Actualizar pagos); esperando a que termine; se reintenta en breve sin perder el turno.
[06:28:22] 🤖 [Automático] Es hora de actualizar pagos. Arrancando...
[06:28:37] ⏳ [Automático] Tocaba disparar 'pagos' pero ya hay una ejecución en curso (Actualizar pagos); esperando a que termine; se reintenta en breve sin perder el turno.
[06:31:07] 🤖 [Automático] Es hora de actualizar pagos. Arrancando...
[06:31:22] ⏳ [Automático] Tocaba disparar 'pagos' pero ya hay una ejecución en curso (Actualizar pagos); esperando a que termine; se reintenta en breve sin perder el turno.
[06:33:52] 🤖 [Automático] Es hora de actualizar pagos. Arrancando...
[06:34:07] ⏳ [Automático] Tocaba disparar 'pagos' pero ya hay una ejecución en curso (Actualizar pagos); esperando a que termine; se reintenta en breve sin perder el turno.
[06:36:52] 🤖 [Automático] Es hora de actualizar pagos. Arrancando...
[06:37:07] ⏳ [Automático] Tocaba disparar 'pagos' pero ya hay una ejecución en curso (Actualizar pagos); esperando a que termine; se reintenta en breve sin perder el turno.
[06:39:37] 🤖 [Automático] Es hora de actualizar pagos. Arrancando...
[06:39:52] ⏳ [Automático] Tocaba disparar 'pagos' pero ya hay una ejecución en curso (Actualizar pagos); esperando a que termine; se reintenta en breve sin perder el turno.
[06:42:23] 🤖 [Automático] Es hora de actualizar pagos. Arrancando...
[06:42:38] ⏳ [Automático] Tocaba disparar 'pagos' pero ya hay una ejecución en curso (Actualizar pagos); esperando a que termine; se reintenta en breve sin perder el turno.
[06:45:08] 🤖 [Automático] Es hora de actualizar pagos. Arrancando...
[06:45:23] ⏳ [Automático] Tocaba disparar 'pagos' pero ya hay una ejecución en curso (Actualizar pagos); esperando a que termine; se reintenta en breve sin perder el turno.
[06:48:08] 🤖 [Automático] Es hora de actualizar pagos. Arrancando...
[06:48:23] ⏳ [Automático] Tocaba disparar 'pagos' pero ya hay una ejecución en curso (Actualizar pagos); esperando a que termine; se reintenta en breve sin perder el turno.
[06:50:53] 🤖 [Automático] Es hora de actualizar pagos. Arrancando...
[06:51:08] ⏳ [Automático] Tocaba disparar 'pagos' pero ya hay una ejecución en curso (Actualizar pagos); esperando a que termine; se reintenta en breve sin perder el turno.
[06:53:38] 🤖 [Automático] Es hora de actualizar pagos. Arrancando...
[06:53:53] ⏳ [Automático] Tocaba disparar 'pagos' pero ya hay una ejecución en curso (Actualizar pagos); esperando a que termine; se reintenta en breve sin perder el turno.
[06:56:38] 🤖 [Automático] Es hora de actualizar pagos. Arrancando...
[06:56:53] ⏳ [Automático] Tocaba disparar 'pagos' pero ya hay una ejecución en curso (Actualizar pagos); esperando a que termine; se reintenta en breve sin perder el turno.
[06:59:38] 🤖 [Automático] Es hora de actualizar pagos. Arrancando...
[06:59:53] ⏳ [Automático] Tocaba disparar 'pagos' pero ya hay una ejecución en curso (Actualizar pagos); esperando a que termine; se reintenta en breve sin perder el turno.
[07:02:23] 🤖 [Automático] Es hora de actualizar pagos. Arrancando...
[07:02:38] ⏳ [Automático] Tocaba disparar 'pagos' pero ya hay una ejecución en curso (Actualizar pagos); esperando a que termine; se reintenta en breve sin perder el turno.
[07:05:23] 🤖 [Automático] Es hora de actualizar pagos. Arrancando...
[07:05:38] ⏳ [Automático] Tocaba disparar 'pagos' pero ya hay una ejecución en curso (Actualizar pagos); esperando a que termine; se reintenta en breve sin perder el turno.
[07:08:08] 🤖 [Automático] Es hora de actualizar pagos. Arrancando...
[07:08:23] ⏳ [Automático] Tocaba disparar 'pagos' pero ya hay una ejecución en curso (Actualizar pagos); esperando a que termine; se reintenta en breve sin perder el turno.
[07:10:53] 🤖 [Automático] Es hora de actualizar pagos. Arrancando...
[07:11:08] ⏳ [Automático] Tocaba disparar 'pagos' pero ya hay una ejecución en curso (Actualizar pagos); esperando a que termine; se reintenta en breve sin perder el turno.
[07:13:38] 🤖 [Automático] Es hora de actualizar pagos. Arrancando...
[07:13:53] ⏳ [Automático] Tocaba disparar 'pagos' pero ya hay una ejecución en curso (Actualizar pagos); esperando a que termine; se reintenta en breve sin perder el turno.
[07:16:24] 🤖 [Automático] Es hora de actualizar pagos. Arrancando...
[07:16:39] ⏳ [Automático] Tocaba disparar 'pagos' pero ya hay una ejecución en curso (Actualizar pagos); esperando a que termine; se reintenta en breve sin perder el turno.
[07:19:24] 🤖 [Automático] Es hora de actualizar pagos. Arrancando...
[07:19:39] ⏳ [Automático] Tocaba disparar 'pagos' pero ya hay una ejecución en curso (Actualizar pagos); esperando a que termine; se reintenta en breve sin perder el turno.
[07:22:09] 🤖 [Automático] Es hora de actualizar pagos. Arrancando...
[07:22:24] ⏳ [Automático] Tocaba disparar 'pagos' pero ya hay una ejecución en curso (Actualizar pagos); esperando a que termine; se reintenta en breve sin perder el turno.
[07:24:54] 🤖 [Automático] Es hora de actualizar pagos. Arrancando...
[07:25:09] ⏳ [Automático] Tocaba disparar 'pagos' pero ya hay una ejecución en curso (Actualizar pagos); esperando a que termine; se reintenta en breve sin perder el turno.
[07:27:39] 🤖 [Automático] Es hora de actualizar pagos. Arrancando...
[07:27:54] ⏳ [Automático] Tocaba disparar 'pagos' pero ya hay una ejecución en curso (Actualizar pagos); esperando a que termine; se reintenta en breve sin perder el turno.
[07:30:24] 🤖 [Automático] Es hora de actualizar pagos. Arrancando...
[07:30:39] ⏳ [Automático] Tocaba disparar 'pagos' pero ya hay una ejecución en curso (Actualizar pagos); esperando a que termine; se reintenta en breve sin perder el turno.
[07:33:09] 🤖 [Automático] Es hora de actualizar pagos. Arrancando...
[07:33:24] ⏳ [Automático] Tocaba disparar 'pagos' pero ya hay una ejecución en curso (Actualizar pagos); esperando a que termine; se reintenta en breve sin perder el turno.
[07:36:09] 🤖 [Automático] Es hora de actualizar pagos. Arrancando...
[07:36:24] ⏳ [Automático] Tocaba disparar 'pagos' pero ya hay una ejecución en curso (Actualizar pagos); esperando a que termine; se reintenta en breve sin perder el turno.
[07:38:54] 🤖 [Automático] Es hora de actualizar pagos. Arrancando...
[07:39:09] ⏳ [Automático] Tocaba disparar 'pagos' pero ya hay una ejecución en curso (Actualizar pagos); esperando a que termine; se reintenta en breve sin perder el turno.
[07:41:54] 🤖 [Automático] Es hora de actualizar pagos. Arrancando...
[07:42:09] ⏳ [Automático] Tocaba disparar 'pagos' pero ya hay una ejecución en curso (Actualizar pagos); esperando a que termine; se reintenta en breve sin perder el turno.
[07:44:54] 🤖 [Automático] Es hora de actualizar pagos. Arrancando...
[07:45:09] ⏳ [Automático] Tocaba disparar 'pagos' pero ya hay una ejecución en curso (Actualizar pagos); esperando a que termine; se reintenta en breve sin perder el turno.
[07:52:20] 🤖 [Automático] Es hora de actualizar pagos. Arrancando...
[07:52:22] ❌ [Automático] 'pagos' falló (intento 1 de 4). Se reintenta a las 07:57.
[08:02:45] 🤖 [Automático] Es hora de actualizar pagos (reintento 1 de 3). Arrancando...
[08:02:46] ❌ [Automático] 'pagos' falló (intento 2 de 4). Se reintenta a las 08:17.
[08:17:57] 🤖 [Automático] Es hora de actualizar pagos (reintento 2 de 3). Arrancando...
[08:18:12] ⏳ [Automático] Tocaba disparar 'pagos' pero ya hay una ejecución en curso (Actualizar pagos); esperando a que termine; se reintenta en breve sin perder el turno.
[08:19:17] ✅ [Automático] 'pagos' terminó bien en el reintento 2.
[08:21:27] 🤖 [Automático] Es hora de actualizar pagos. Arrancando...
[08:21:42] ⏳ [Automático] Tocaba disparar 'pagos' pero ya hay una ejecución en curso (Actualizar pagos); esperando a que termine; se reintenta en breve sin perder el turno.
[08:25:27] 🤖 [Automático] Es hora de actualizar pagos. Arrancando...
[08:25:42] ⏳ [Automático] Tocaba disparar 'pagos' pero ya hay una ejecución en curso (Actualizar pagos); esperando a que termine; se reintenta en breve sin perder el turno.
[08:28:57] 🤖 [Automático] Es hora de actualizar pagos. Arrancando...
[08:29:12] ⏳ [Automático] Tocaba disparar 'pagos' pero ya hay una ejecución en curso (Actualizar pagos); esperando a que termine; se reintenta en breve sin perder el turno.
[08:32:57] 🤖 [Automático] Es hora de actualizar pagos. Arrancando...
[08:33:12] ⏳ [Automático] Tocaba disparar 'pagos' pero ya hay una ejecución en curso (Actualizar pagos); esperando a que termine; se reintenta en breve sin perder el turno.
[08:36:57] 🤖 [Automático] Es hora de actualizar pagos. Arrancando...
[08:37:12] ⏳ [Automático] Tocaba disparar 'pagos' pero ya hay una ejecución en curso (Actualizar pagos); esperando a que termine; se reintenta en breve sin perder el turno.
[08:41:27] 🤖 [Automático] Es hora de actualizar pagos. Arrancando...
[08:41:42] ⏳ [Automático] Tocaba disparar 'pagos' pero ya hay una ejecución en curso (Actualizar pagos); esperando a que termine; se reintenta en breve sin perder el turno.
[08:45:12] 🤖 [Automático] Es hora de actualizar pagos. Arrancando...
[08:45:28] ⏳ [Automático] Tocaba disparar 'pagos' pero ya hay una ejecución en curso (Actualizar pagos); esperando a que termine; se reintenta en breve sin perder el turno.
[08:49:13] 🤖 [Automático] Es hora de actualizar pagos. Arrancando...
[08:49:28] ⏳ [Automático] Tocaba disparar 'pagos' pero ya hay una ejecución en curso (Actualizar pagos); esperando a que termine; se reintenta en breve sin perder el turno.
[08:52:58] 🤖 [Automático] Es hora de actualizar pagos. Arrancando...
[08:53:13] ⏳ [Automático] Tocaba disparar 'pagos' pero ya hay una ejecución en curso (Actualizar pagos); esperando a que termine; se reintenta en breve sin perder el turno.
[08:57:13] 🤖 [Automático] Es hora de actualizar pagos. Arrancando...
[08:57:28] ⏳ [Automático] Tocaba disparar 'pagos' pero ya hay una ejecución en curso (Actualizar pagos); esperando a que termine; se reintenta en breve sin perder el turno.
[09:01:13] 🤖 [Automático] Es hora de actualizar pagos. Arrancando...
[09:01:28] ⏳ [Automático] Tocaba disparar 'pagos' pero ya hay una ejecución en curso (Actualizar pagos); esperando a que termine; se reintenta en breve sin perder el turno.
[09:05:13] 🤖 [Automático] Es hora de actualizar pagos. Arrancando...
[09:05:28] ⏳ [Automático] Tocaba disparar 'pagos' pero ya hay una ejecución en curso (Actualizar pagos); esperando a que termine; se reintenta en breve sin perder el turno.
[09:07:27] ❌ [Automático] 'pagos' falló (intento 1 de 4). Se reintenta a las 09:12.
[09:12:28] 🤖 [Automático] Es hora de actualizar pagos (reintento 1 de 3). Arrancando...
[09:12:43] ⏳ [Automático] Tocaba disparar 'pagos' pero ya hay una ejecución en curso (Actualizar pagos); esperando a que termine; se reintenta en breve sin perder el turno.
[09:14:41] ✅ [Automático] 'pagos' terminó bien en el reintento 1.
[09:16:43] 🤖 [Automático] Es hora de actualizar pagos. Arrancando...
[09:16:58] ⏳ [Automático] Tocaba disparar 'pagos' pero ya hay una ejecución en curso (Actualizar pagos); esperando a que termine; se reintenta en breve sin perder el turno.
[09:21:28] 🤖 [Automático] Es hora de actualizar pagos. Arrancando...
[09:21:43] ⏳ [Automático] Tocaba disparar 'pagos' pero ya hay una ejecución en curso (Actualizar pagos); esperando a que termine; se reintenta en breve sin perder el turno.
[09:25:43] 🤖 [Automático] Es hora de actualizar pagos. Arrancando...
[09:25:58] ⏳ [Automático] Tocaba disparar 'pagos' pero ya hay una ejecución en curso (Actualizar pagos); esperando a que termine; se reintenta en breve sin perder el turno.
[09:29:59] 🤖 [Automático] Es hora de actualizar pagos. Arrancando...
[09:30:14] ⏳ [Automático] Tocaba disparar 'pagos' pero ya hay una ejecución en curso (Actualizar pagos); esperando a que termine; se reintenta en breve sin perder el turno.
[09:34:14] 🤖 [Automático] Es hora de actualizar pagos. Arrancando...
[09:34:29] ⏳ [Automático] Tocaba disparar 'pagos' pero ya hay una ejecución en curso (Actualizar pagos); esperando a que termine; se reintenta en breve sin perder el turno.
[09:38:29] 🤖 [Automático] Es hora de actualizar pagos. Arrancando...
[09:38:44] ⏳ [Automático] Tocaba disparar 'pagos' pero ya hay una ejecución en curso (Actualizar pagos); esperando a que termine; se reintenta en breve sin perder el turno.
[09:42:59] 🤖 [Automático] Es hora de actualizar pagos. Arrancando...
[09:43:14] ⏳ [Automático] Tocaba disparar 'pagos' pero ya hay una ejecución en curso (Actualizar pagos); esperando a que termine; se reintenta en breve sin perder el turno.
[09:47:14] 🤖 [Automático] Es hora de actualizar pagos. Arrancando...
[09:47:29] ⏳ [Automático] Tocaba disparar 'pagos' pero ya hay una ejecución en curso (Actualizar pagos); esperando a que termine; se reintenta en breve sin perder el turno.
[09:50:59] 🤖 [Automático] Es hora de actualizar pagos. Arrancando...
[09:51:14] ⏳ [Automático] Tocaba disparar 'pagos' pero ya hay una ejecución en curso (Actualizar pagos); esperando a que termine; se reintenta en breve sin perder el turno.
[09:55:29] 🤖 [Automático] Es hora de actualizar pagos. Arrancando...
[09:55:44] ⏳ [Automático] Tocaba disparar 'pagos' pero ya hay una ejecución en curso (Actualizar pagos); esperando a que termine; se reintenta en breve sin perder el turno.
[09:59:45] 🤖 [Automático] Es hora de actualizar pagos. Arrancando...
[10:00:00] ⏳ [Automático] Tocaba disparar 'pagos' pero ya hay una ejecución en curso (Actualizar pagos); esperando a que termine; se reintenta en breve sin perder el turno.
[10:03:15] 🤖 [Automático] Es hora de actualizar pagos. Arrancando...
[10:03:30] ⏳ [Automático] Tocaba disparar 'pagos' pero ya hay una ejecución en curso (Actualizar pagos); esperando a que termine; se reintenta en breve sin perder el turno.
[10:07:15] 🤖 [Automático] Es hora de actualizar pagos. Arrancando...
[10:07:30] ⏳ [Automático] Tocaba disparar 'pagos' pero ya hay una ejecución en curso (Actualizar pagos); esperando a que termine; se reintenta en breve sin perder el turno.
[10:11:45] 🤖 [Automático] Es hora de actualizar pagos. Arrancando...
[10:12:00] ⏳ [Automático] Tocaba disparar 'pagos' pero ya hay una ejecución en curso (Actualizar pagos); esperando a que termine; se reintenta en breve sin perder el turno.
[10:16:00] 🤖 [Automático] Es hora de actualizar pagos. Arrancando...
[10:16:15] ⏳ [Automático] Tocaba disparar 'pagos' pero ya hay una ejecución en curso (Actualizar pagos); esperando a que termine; se reintenta en breve sin perder el turno.
[10:20:15] 🤖 [Automático] Es hora de actualizar pagos. Arrancando...
[10:20:30] ⏳ [Automático] Tocaba disparar 'pagos' pero ya hay una ejecución en curso (Actualizar pagos); esperando a que termine; se reintenta en breve sin perder el turno.
[10:24:00] 🤖 [Automático] Es hora de actualizar pagos. Arrancando...
[10:24:15] ⏳ [Automático] Tocaba disparar 'pagos' pero ya hay una ejecución en curso (Actualizar pagos); esperando a que termine; se reintenta en breve sin perder el turno.
[10:27:45] 🤖 [Automático] Es hora de actualizar pagos. Arrancando...
[10:28:00] ⏳ [Automático] Tocaba disparar 'pagos' pero ya hay una ejecución en curso (Actualizar pagos); esperando a que termine; se reintenta en breve sin perder el turno.
[10:31:46] 🤖 [Automático] Es hora de actualizar pagos. Arrancando...
[10:32:01] ⏳ [Automático] Tocaba disparar 'pagos' pero ya hay una ejecución en curso (Actualizar pagos); esperando a que termine; se reintenta en breve sin perder el turno.
[10:36:31] 🤖 [Automático] Es hora de actualizar pagos. Arrancando...
[10:36:46] ⏳ [Automático] Tocaba disparar 'pagos' pero ya hay una ejecución en curso (Actualizar pagos); esperando a que termine; se reintenta en breve sin perder el turno.
[10:40:31] 🤖 [Automático] Es hora de actualizar pagos. Arrancando...
[10:40:46] ⏳ [Automático] Tocaba disparar 'pagos' pero ya hay una ejecución en curso (Actualizar pagos); esperando a que termine; se reintenta en breve sin perder el turno.
[10:45:01] 🤖 [Automático] Es hora de actualizar pagos. Arrancando...
[10:45:16] ⏳ [Automático] Tocaba disparar 'pagos' pero ya hay una ejecución en curso (Actualizar pagos); esperando a que termine; se reintenta en breve sin perder el turno.
[10:49:02] 🤖 [Automático] Es hora de actualizar pagos. Arrancando...
[10:49:17] ⏳ [Automático] Tocaba disparar 'pagos' pero ya hay una ejecución en curso (Actualizar pagos); esperando a que termine; se reintenta en breve sin perder el turno.
[10:53:02] 🤖 [Automático] Es hora de actualizar pagos. Arrancando...
[10:53:17] ⏳ [Automático] Tocaba disparar 'pagos' pero ya hay una ejecución en curso (Actualizar pagos); esperando a que termine; se reintenta en breve sin perder el turno.
[10:57:47] 🤖 [Automático] Es hora de actualizar pagos. Arrancando...
[10:58:03] ⏳ [Automático] Tocaba disparar 'pagos' pero ya hay una ejecución en curso (Actualizar pagos); esperando a que termine; se reintenta en breve sin perder el turno.
[11:02:03] 🤖 [Automático] Es hora de actualizar pagos. Arrancando...
[11:02:18] ⏳ [Automático] Tocaba disparar 'pagos' pero ya hay una ejecución en curso (Actualizar pagos); esperando a que termine; se reintenta en breve sin perder el turno.
[11:06:18] 🤖 [Automático] Es hora de actualizar pagos. Arrancando...
[11:06:33] ⏳ [Automático] Tocaba disparar 'pagos' pero ya hay una ejecución en curso (Actualizar pagos); esperando a que termine; se reintenta en breve sin perder el turno.
[11:10:33] 🤖 [Automático] Es hora de actualizar pagos. Arrancando...
[11:10:48] ⏳ [Automático] Tocaba disparar 'pagos' pero ya hay una ejecución en curso (Actualizar pagos); esperando a que termine; se reintenta en breve sin perder el turno.
[11:14:18] 🤖 [Automático] Es hora de actualizar pagos. Arrancando...
[11:14:33] ⏳ [Automático] Tocaba disparar 'pagos' pero ya hay una ejecución en curso (Actualizar pagos); esperando a que termine; se reintenta en breve sin perder el turno.
[11:18:03] 🤖 [Automático] Es hora de actualizar pagos. Arrancando...
[11:18:18] ⏳ [Automático] Tocaba disparar 'pagos' pero ya hay una ejecución en curso (Actualizar pagos); esperando a que termine; se reintenta en breve sin perder el turno.
[11:21:48] 🤖 [Automático] Es hora de actualizar pagos. Arrancando...
[11:22:03] ⏳ [Automático] Tocaba disparar 'pagos' pero ya hay una ejecución en curso (Actualizar pagos); esperando a que termine; se reintenta en breve sin perder el turno.
[11:25:33] 🤖 [Automático] Es hora de actualizar pagos. Arrancando...
[11:25:48] ⏳ [Automático] Tocaba disparar 'pagos' pero ya hay una ejecución en curso (Actualizar pagos); esperando a que termine; se reintenta en breve sin perder el turno.
[11:30:04] 🤖 [Automático] Es hora de actualizar pagos. Arrancando...
[11:30:19] ⏳ [Automático] Tocaba disparar 'pagos' pero ya hay una ejecución en curso (Actualizar pagos); esperando a que termine; se reintenta en breve sin perder el turno.
[11:34:34] 🤖 [Automático] Es hora de actualizar pagos. Arrancando...
[11:34:49] ⏳ [Automático] Tocaba disparar 'pagos' pero ya hay una ejecución en curso (Actualizar pagos); esperando a que termine; se reintenta en breve sin perder el turno.
[11:38:19] 🤖 [Automático] Es hora de actualizar pagos. Arrancando...
[11:38:34] ⏳ [Automático] Tocaba disparar 'pagos' pero ya hay una ejecución en curso (Actualizar pagos); esperando a que termine; se reintenta en breve sin perder el turno.
[11:42:05] 🤖 [Automático] Es hora de actualizar pagos. Arrancando...
[11:42:20] ⏳ [Automático] Tocaba disparar 'pagos' pero ya hay una ejecución en curso (Actualizar pagos); esperando a que termine; se reintenta en breve sin perder el turno.
[11:46:36] 🤖 [Automático] Es hora de actualizar pagos. Arrancando...
[11:46:51] ⏳ [Automático] Tocaba disparar 'pagos' pero ya hay una ejecución en curso (Actualizar pagos); esperando a que termine; se reintenta en breve sin perder el turno.
[11:52:06] 🤖 [Automático] Es hora de actualizar pagos. Arrancando...
[11:52:21] ⏳ [Automático] Tocaba disparar 'pagos' pero ya hay una ejecución en curso (Actualizar pagos); esperando a que termine; se reintenta en breve sin perder el turno.
[11:56:07] 🤖 [Automático] Es hora de actualizar pagos. Arrancando...
[11:56:22] ⏳ [Automático] Tocaba disparar 'pagos' pero ya hay una ejecución en curso (Actualizar pagos); esperando a que termine; se reintenta en breve sin perder el turno.
[12:00:22] 🤖 [Automático] Es hora de actualizar pagos. Arrancando...
[12:00:37] ⏳ [Automático] Tocaba disparar 'pagos' pero ya hay una ejecución en curso (Actualizar pagos); esperando a que termine; se reintenta en breve sin perder el turno.
[12:04:37] 🤖 [Automático] Es hora de actualizar pagos. Arrancando...
[12:04:52] ⏳ [Automático] Tocaba disparar 'pagos' pero ya hay una ejecución en curso (Actualizar pagos); esperando a que termine; se reintenta en breve sin perder el turno.
[12:08:52] 🤖 [Automático] Es hora de actualizar pagos. Arrancando...
[12:09:07] ⏳ [Automático] Tocaba disparar 'pagos' pero ya hay una ejecución en curso (Actualizar pagos); esperando a que termine; se reintenta en breve sin perder el turno.
[12:13:22] 🤖 [Automático] Es hora de actualizar pagos. Arrancando...
[12:13:37] ⏳ [Automático] Tocaba disparar 'pagos' pero ya hay una ejecución en curso (Actualizar pagos); esperando a que termine; se reintenta en breve sin perder el turno.
[12:17:37] 🤖 [Automático] Es hora de actualizar pagos. Arrancando...
[12:17:52] ⏳ [Automático] Tocaba disparar 'pagos' pero ya hay una ejecución en curso (Actualizar pagos); esperando a que termine; se reintenta en breve sin perder el turno.
[12:21:22] 🤖 [Automático] Es hora de actualizar pagos. Arrancando...
[12:21:37] ⏳ [Automático] Tocaba disparar 'pagos' pero ya hay una ejecución en curso (Actualizar pagos); esperando a que termine; se reintenta en breve sin perder el turno.
[12:25:38] 🤖 [Automático] Es hora de actualizar pagos. Arrancando...
[12:25:53] ⏳ [Automático] Tocaba disparar 'pagos' pero ya hay una ejecución en curso (Actualizar pagos); esperando a que termine; se reintenta en breve sin perder el turno.
[12:29:23] 🤖 [Automático] Es hora de actualizar pagos. Arrancando...
[12:29:38] ⏳ [Automático] Tocaba disparar 'pagos' pero ya hay una ejecución en curso (Actualizar pagos); esperando a que termine; se reintenta en breve sin perder el turno.
[12:32:53] 🤖 [Automático] Es hora de actualizar pagos. Arrancando...
[12:33:08] ⏳ [Automático] Tocaba disparar 'pagos' pero ya hay una ejecución en curso (Actualizar pagos); esperando a que termine; se reintenta en breve sin perder el turno.
[12:34:06] ❌ [Automático] 'pagos' falló (intento 1 de 4). Se reintenta a las 12:39.
[12:39:08] 🤖 [Automático] Es hora de actualizar pagos (reintento 1 de 3). Arrancando...
[12:39:23] ⏳ [Automático] Tocaba disparar 'pagos' pero ya hay una ejecución en curso (Actualizar pagos); esperando a que termine; se reintenta en breve sin perder el turno.
[12:40:41] ✅ [Automático] 'pagos' terminó bien en el reintento 1.
[12:42:53] 🤖 [Automático] Es hora de actualizar pagos. Arrancando...
[12:43:08] ⏳ [Automático] Tocaba disparar 'pagos' pero ya hay una ejecución en curso (Actualizar pagos); esperando a que termine; se reintenta en breve sin perder el turno.
[12:47:08] 🤖 [Automático] Es hora de actualizar pagos. Arrancando...
[12:47:23] ⏳ [Automático] Tocaba disparar 'pagos' pero ya hay una ejecución en curso (Actualizar pagos); esperando a que termine; se reintenta en breve sin perder el turno.
[12:51:08] 🤖 [Automático] Es hora de actualizar pagos. Arrancando...
[12:51:23] ⏳ [Automático] Tocaba disparar 'pagos' pero ya hay una ejecución en curso (Actualizar pagos); esperando a que termine; se reintenta en breve sin perder el turno.
[12:54:23] 🤖 [Automático] Es hora de actualizar pagos. Arrancando...
[12:54:38] ⏳ [Automático] Tocaba disparar 'pagos' pero ya hay una ejecución en curso (Actualizar pagos); esperando a que termine; se reintenta en breve sin perder el turno.
[12:58:08] 🤖 [Automático] Es hora de actualizar pagos. Arrancando...
[12:58:23] ⏳ [Automático] Tocaba disparar 'pagos' pero ya hay una ejecución en curso (Actualizar pagos); esperando a que termine; se reintenta en breve sin perder el turno.
[13:01:39] 🤖 [Automático] Es hora de actualizar pagos. Arrancando...
[13:01:54] ⏳ [Automático] Tocaba disparar 'pagos' pero ya hay una ejecución en curso (Actualizar pagos); esperando a que termine; se reintenta en breve sin perder el turno.
[13:05:24] 🤖 [Automático] Es hora de actualizar pagos. Arrancando...
[13:05:39] ⏳ [Automático] Tocaba disparar 'pagos' pero ya hay una ejecución en curso (Actualizar pagos); esperando a que termine; se reintenta en breve sin perder el turno.
[13:09:09] 🤖 [Automático] Es hora de actualizar pagos. Arrancando...
[13:09:24] ⏳ [Automático] Tocaba disparar 'pagos' pero ya hay una ejecución en curso (Actualizar pagos); esperando a que termine; se reintenta en breve sin perder el turno.
[13:12:39] 🤖 [Automático] Es hora de actualizar pagos. Arrancando...
[13:12:54] ⏳ [Automático] Tocaba disparar 'pagos' pero ya hay una ejecución en curso (Actualizar pagos); esperando a que termine; se reintenta en breve sin perder el turno.
[13:18:10] 🤖 [Automático] Es hora de actualizar pagos. Arrancando...
[13:18:25] ⏳ [Automático] Tocaba disparar 'pagos' pero ya hay una ejecución en curso (Actualizar pagos); esperando a que termine; se reintenta en breve sin perder el turno.
[13:23:30] 🤖 [Automático] Es hora de actualizar pagos. Arrancando...
[13:25:22] ❌ [Automático] 'pagos' falló (intento 1 de 4). Se reintenta a las 13:30.
[13:32:19] 🤖 [Automático] Es hora de actualizar pagos (reintento 1 de 3). Arrancando...
[13:32:20] ❌ [Automático] 'pagos' falló (intento 2 de 4). Se reintenta a las 13:47.
[13:47:21] 🤖 [Automático] Es hora de actualizar pagos (reintento 2 de 3). Arrancando...
[13:47:36] ⏳ [Automático] Tocaba disparar 'pagos' pero ya hay una ejecución en curso (Actualizar pagos); esperando a que termine; se reintenta en breve sin perder el turno.
[13:48:27] ✅ [Automático] 'pagos' terminó bien en el reintento 2.
[13:50:36] 🤖 [Automático] Es hora de actualizar pagos. Arrancando...
[13:50:51] ⏳ [Automático] Tocaba disparar 'pagos' pero ya hay una ejecución en curso (Actualizar pagos); esperando a que termine; se reintenta en breve sin perder el turno.
[13:53:36] 🤖 [Automático] Es hora de actualizar pagos. Arrancando...
[13:53:51] ⏳ [Automático] Tocaba disparar 'pagos' pero ya hay una ejecución en curso (Actualizar pagos); esperando a que termine; se reintenta en breve sin perder el turno.
[13:56:36] 🤖 [Automático] Es hora de actualizar pagos. Arrancando...
[13:56:51] ⏳ [Automático] Tocaba disparar 'pagos' pero ya hay una ejecución en curso (Actualizar pagos); esperando a que termine; se reintenta en breve sin perder el turno.
[13:59:36] 🤖 [Automático] Es hora de actualizar pagos. Arrancando...
[13:59:51] ⏳ [Automático] Tocaba disparar 'pagos' pero ya hay una ejecución en curso (Actualizar pagos); esperando a que termine; se reintenta en breve sin perder el turno.
[14:02:21] 🤖 [Automático] Es hora de actualizar pagos. Arrancando...
[14:02:36] ⏳ [Automático] Tocaba disparar 'pagos' pero ya hay una ejecución en curso (Actualizar pagos); esperando a que termine; se reintenta en breve sin perder el turno.
[14:05:06] 🤖 [Automático] Es hora de actualizar pagos. Arrancando...
[14:05:21] ⏳ [Automático] Tocaba disparar 'pagos' pero ya hay una ejecución en curso (Actualizar pagos); esperando a que termine; se reintenta en breve sin perder el turno.
[14:07:51] 🤖 [Automático] Es hora de actualizar pagos. Arrancando...
[14:08:06] ⏳ [Automático] Tocaba disparar 'pagos' pero ya hay una ejecución en curso (Actualizar pagos); esperando a que termine; se reintenta en breve sin perder el turno.
[14:10:36] 🤖 [Automático] Es hora de actualizar pagos. Arrancando...
[14:10:51] ⏳ [Automático] Tocaba disparar 'pagos' pero ya hay una ejecución en curso (Actualizar pagos); esperando a que termine; se reintenta en breve sin perder el turno.
[14:13:36] 🤖 [Automático] Es hora de actualizar pagos. Arrancando...
[14:13:51] ⏳ [Automático] Tocaba disparar 'pagos' pero ya hay una ejecución en curso (Actualizar pagos); esperando a que termine; se reintenta en breve sin perder el turno.
[14:16:21] 🤖 [Automático] Es hora de actualizar pagos. Arrancando...
[14:16:36] ⏳ [Automático] Tocaba disparar 'pagos' pero ya hay una ejecución en curso (Actualizar pagos); esperando a que termine; se reintenta en breve sin perder el turno.
[14:19:06] 🤖 [Automático] Es hora de actualizar pagos. Arrancando...
[14:19:22] ⏳ [Automático] Tocaba disparar 'pagos' pero ya hay una ejecución en curso (Actualizar pagos); esperando a que termine; se reintenta en breve sin perder el turno.
[14:21:52] 🤖 [Automático] Es hora de actualizar pagos. Arrancando...
[14:22:07] ⏳ [Automático] Tocaba disparar 'pagos' pero ya hay una ejecución en curso (Actualizar pagos); esperando a que termine; se reintenta en breve sin perder el turno.
[14:24:37] 🤖 [Automático] Es hora de actualizar pagos. Arrancando...
[14:24:52] ⏳ [Automático] Tocaba disparar 'pagos' pero ya hay una ejecución en curso (Actualizar pagos); esperando a que termine; se reintenta en breve sin perder el turno.
[14:26:22] ❌ [Automático] 'pagos' falló (intento 1 de 4). Se reintenta a las 14:31.
[14:31:37] 🤖 [Automático] Es hora de actualizar pagos (reintento 1 de 3). Arrancando...
[14:31:52] ⏳ [Automático] Tocaba disparar 'pagos' pero ya hay una ejecución en curso (Actualizar pagos); esperando a que termine; se reintenta en breve sin perder el turno.
[14:32:23] ✅ [Automático] 'pagos' terminó bien en el reintento 1.
[14:34:37] 🤖 [Automático] Es hora de actualizar pagos. Arrancando...
[14:34:52] ⏳ [Automático] Tocaba disparar 'pagos' pero ya hay una ejecución en curso (Actualizar pagos); esperando a que termine; se reintenta en breve sin perder el turno.
[14:37:22] 🤖 [Automático] Es hora de actualizar pagos. Arrancando...
[14:37:37] ⏳ [Automático] Tocaba disparar 'pagos' pero ya hay una ejecución en curso (Actualizar pagos); esperando a que termine; se reintenta en breve sin perder el turno.
[14:40:07] 🤖 [Automático] Es hora de actualizar pagos. Arrancando...
[14:40:22] ⏳ [Automático] Tocaba disparar 'pagos' pero ya hay una ejecución en curso (Actualizar pagos); esperando a que termine; se reintenta en breve sin perder el turno.
[14:42:52] 🤖 [Automático] Es hora de actualizar pagos. Arrancando...
[14:43:07] ⏳ [Automático] Tocaba disparar 'pagos' pero ya hay una ejecución en curso (Actualizar pagos); esperando a que termine; se reintenta en breve sin perder el turno.
[14:45:37] 🤖 [Automático] Es hora de actualizar pagos. Arrancando...
[14:45:52] ⏳ [Automático] Tocaba disparar 'pagos' pero ya hay una ejecución en curso (Actualizar pagos); esperando a que termine; se reintenta en breve sin perder el turno.
[14:48:37] 🤖 [Automático] Es hora de actualizar pagos. Arrancando...
[14:48:52] ⏳ [Automático] Tocaba disparar 'pagos' pero ya hay una ejecución en curso (Actualizar pagos); esperando a que termine; se reintenta en breve sin perder el turno.
[14:51:22] 🤖 [Automático] Es hora de actualizar pagos. Arrancando...
[14:51:37] ⏳ [Automático] Tocaba disparar 'pagos' pero ya hay una ejecución en curso (Actualizar pagos); esperando a que termine; se reintenta en breve sin perder el turno.
[14:54:07] 🤖 [Automático] Es hora de actualizar pagos. Arrancando...
[14:54:22] ⏳ [Automático] Tocaba disparar 'pagos' pero ya hay una ejecución en curso (Actualizar pagos); esperando a que termine; se reintenta en breve sin perder el turno.
[14:56:52] 🤖 [Automático] Es hora de actualizar pagos. Arrancando...
[14:57:07] ⏳ [Automático] Tocaba disparar 'pagos' pero ya hay una ejecución en curso (Actualizar pagos); esperando a que termine; se reintenta en breve sin perder el turno.
[14:59:52] 🤖 [Automático] Es hora de actualizar pagos. Arrancando...
[15:00:07] ⏳ [Automático] Tocaba disparar 'pagos' pero ya hay una ejecución en curso (Actualizar pagos); esperando a que termine; se reintenta en breve sin perder el turno.
[15:02:53] 🤖 [Automático] Es hora de actualizar pagos. Arrancando...
[15:03:08] ⏳ [Automático] Tocaba disparar 'pagos' pero ya hay una ejecución en curso (Actualizar pagos); esperando a que termine; se reintenta en breve sin perder el turno.
[15:06:53] 🤖 [Automático] Es hora de actualizar pagos. Arrancando...
[15:07:08] ⏳ [Automático] Tocaba disparar 'pagos' pero ya hay una ejecución en curso (Actualizar pagos); esperando a que termine; se reintenta en breve sin perder el turno.
[15:09:53] 🤖 [Automático] Es hora de actualizar pagos. Arrancando...
[15:10:08] ⏳ [Automático] Tocaba disparar 'pagos' pero ya hay una ejecución en curso (Actualizar pagos); esperando a que termine; se reintenta en breve sin perder el turno.
[15:12:53] 🤖 [Automático] Es hora de actualizar pagos. Arrancando...
[15:13:08] ⏳ [Automático] Tocaba disparar 'pagos' pero ya hay una ejecución en curso (Actualizar pagos); esperando a que termine; se reintenta en breve sin perder el turno.
[15:15:38] 🤖 [Automático] Es hora de actualizar pagos. Arrancando...
[15:15:53] ⏳ [Automático] Tocaba disparar 'pagos' pero ya hay una ejecución en curso (Actualizar pagos); esperando a que termine; se reintenta en breve sin perder el turno.
[15:18:23] 🤖 [Automático] Es hora de actualizar pagos. Arrancando...
[15:18:38] ⏳ [Automático] Tocaba disparar 'pagos' pero ya hay una ejecución en curso (Actualizar pagos); esperando a que termine; se reintenta en breve sin perder el turno.
[15:21:08] 🤖 [Automático] Es hora de actualizar pagos. Arrancando...
[15:21:23] ⏳ [Automático] Tocaba disparar 'pagos' pero ya hay una ejecución en curso (Actualizar pagos); esperando a que termine; se reintenta en breve sin perder el turno.
[15:24:08] 🤖 [Automático] Es hora de actualizar pagos. Arrancando...
[15:24:23] ⏳ [Automático] Tocaba disparar 'pagos' pero ya hay una ejecución en curso (Actualizar pagos); esperando a que termine; se reintenta en breve sin perder el turno.
[15:26:53] 🤖 [Automático] Es hora de actualizar pagos. Arrancando...
[15:27:08] ⏳ [Automático] Tocaba disparar 'pagos' pero ya hay una ejecución en curso (Actualizar pagos); esperando a que termine; se reintenta en breve sin perder el turno.
[15:29:53] 🤖 [Automático] Es hora de actualizar pagos. Arrancando...
[15:30:08] ⏳ [Automático] Tocaba disparar 'pagos' pero ya hay una ejecución en curso (Actualizar pagos); esperando a que termine; se reintenta en breve sin perder el turno.
[15:32:53] 🤖 [Automático] Es hora de actualizar pagos. Arrancando...
[15:33:08] ⏳ [Automático] Tocaba disparar 'pagos' pero ya hay una ejecución en curso (Actualizar pagos); esperando a que termine; se reintenta en breve sin perder el turno.
[15:36:08] 🤖 [Automático] Es hora de actualizar pagos. Arrancando...
[15:36:23] ⏳ [Automático] Tocaba disparar 'pagos' pero ya hay una ejecución en curso (Actualizar pagos); esperando a que termine; se reintenta en breve sin perder el turno.
[15:39:38] 🤖 [Automático] Es hora de actualizar pagos. Arrancando...
[15:39:53] ⏳ [Automático] Tocaba disparar 'pagos' pero ya hay una ejecución en curso (Actualizar pagos); esperando a que termine; se reintenta en breve sin perder el turno.
[15:42:38] 🤖 [Automático] Es hora de actualizar pagos. Arrancando...
[15:42:53] ⏳ [Automático] Tocaba disparar 'pagos' pero ya hay una ejecución en curso (Actualizar pagos); esperando a que termine; se reintenta en breve sin perder el turno.
[15:45:23] 🤖 [Automático] Es hora de actualizar pagos. Arrancando...
[15:45:38] ⏳ [Automático] Tocaba disparar 'pagos' pero ya hay una ejecución en curso (Actualizar pagos); esperando a que termine; se reintenta en breve sin perder el turno.
[15:48:09] 🤖 [Automático] Es hora de actualizar pagos. Arrancando...
[15:48:24] ⏳ [Automático] Tocaba disparar 'pagos' pero ya hay una ejecución en curso (Actualizar pagos); esperando a que termine; se reintenta en breve sin perder el turno.
[15:50:54] 🤖 [Automático] Es hora de actualizar pagos. Arrancando...
[15:51:09] ⏳ [Automático] Tocaba disparar 'pagos' pero ya hay una ejecución en curso (Actualizar pagos); esperando a que termine; se reintenta en breve sin perder el turno.
[15:53:39] 🤖 [Automático] Es hora de actualizar pagos. Arrancando...
[15:53:54] ⏳ [Automático] Tocaba disparar 'pagos' pero ya hay una ejecución en curso (Actualizar pagos); esperando a que termine; se reintenta en breve sin perder el turno.
[15:56:39] 🤖 [Automático] Es hora de actualizar pagos. Arrancando...
[15:56:54] ⏳ [Automático] Tocaba disparar 'pagos' pero ya hay una ejecución en curso (Actualizar pagos); esperando a que termine; se reintenta en breve sin perder el turno.
[15:59:24] 🤖 [Automático] Es hora de actualizar pagos. Arrancando...
[15:59:39] ⏳ [Automático] Tocaba disparar 'pagos' pero ya hay una ejecución en curso (Actualizar pagos); esperando a que termine; se reintenta en breve sin perder el turno.
[16:02:09] 🤖 [Automático] Es hora de actualizar pagos. Arrancando...
[16:02:24] ⏳ [Automático] Tocaba disparar 'pagos' pero ya hay una ejecución en curso (Actualizar pagos); esperando a que termine; se reintenta en breve sin perder el turno.
[16:05:09] 🤖 [Automático] Es hora de actualizar pagos. Arrancando...
[16:05:24] ⏳ [Automático] Tocaba disparar 'pagos' pero ya hay una ejecución en curso (Actualizar pagos); esperando a que termine; se reintenta en breve sin perder el turno.
[16:08:39] 🤖 [Automático] Es hora de actualizar pagos. Arrancando...
[16:08:54] ⏳ [Automático] Tocaba disparar 'pagos' pero ya hay una ejecución en curso (Actualizar pagos); esperando a que termine; se reintenta en breve sin perder el turno.
[16:11:54] 🤖 [Automático] Es hora de actualizar pagos. Arrancando...
[16:12:09] ⏳ [Automático] Tocaba disparar 'pagos' pero ya hay una ejecución en curso (Actualizar pagos); esperando a que termine; se reintenta en breve sin perder el turno.
[16:15:24] 🤖 [Automático] Es hora de actualizar pagos. Arrancando...
[16:15:39] ⏳ [Automático] Tocaba disparar 'pagos' pero ya hay una ejecución en curso (Actualizar pagos); esperando a que termine; se reintenta en breve sin perder el turno.
[16:19:10] 🤖 [Automático] Es hora de actualizar pagos. Arrancando...
[16:19:25] ⏳ [Automático] Tocaba disparar 'pagos' pero ya hay una ejecución en curso (Actualizar pagos); esperando a que termine; se reintenta en breve sin perder el turno.
[16:22:40] 🤖 [Automático] Es hora de actualizar pagos. Arrancando...
[16:22:55] ⏳ [Automático] Tocaba disparar 'pagos' pero ya hay una ejecución en curso (Actualizar pagos); esperando a que termine; se reintenta en breve sin perder el turno.
[16:26:25] 🤖 [Automático] Es hora de actualizar pagos. Arrancando...
[16:26:40] ⏳ [Automático] Tocaba disparar 'pagos' pero ya hay una ejecución en curso (Actualizar pagos); esperando a que termine; se reintenta en breve sin perder el turno.
[16:29:40] 🤖 [Automático] Es hora de actualizar pagos. Arrancando...
[16:29:55] ⏳ [Automático] Tocaba disparar 'pagos' pero ya hay una ejecución en curso (Actualizar pagos); esperando a que termine; se reintenta en breve sin perder el turno.
[16:32:55] 🤖 [Automático] Es hora de actualizar pagos. Arrancando...
[16:33:10] ⏳ [Automático] Tocaba disparar 'pagos' pero ya hay una ejecución en curso (Actualizar pagos); esperando a que termine; se reintenta en breve sin perder el turno.
[16:36:25] 🤖 [Automático] Es hora de actualizar pagos. Arrancando...
[16:36:40] ⏳ [Automático] Tocaba disparar 'pagos' pero ya hay una ejecución en curso (Actualizar pagos); esperando a que termine; se reintenta en breve sin perder el turno.
[16:39:25] 🤖 [Automático] Es hora de actualizar pagos. Arrancando...
[16:39:40] ⏳ [Automático] Tocaba disparar 'pagos' pero ya hay una ejecución en curso (Actualizar pagos); esperando a que termine; se reintenta en breve sin perder el turno.
[16:42:25] 🤖 [Automático] Es hora de actualizar pagos. Arrancando...
[16:42:40] ⏳ [Automático] Tocaba disparar 'pagos' pero ya hay una ejecución en curso (Actualizar pagos); esperando a que termine; se reintenta en breve sin perder el turno.
[16:45:25] 🤖 [Automático] Es hora de actualizar pagos. Arrancando...
[16:45:40] ⏳ [Automático] Tocaba disparar 'pagos' pero ya hay una ejecución en curso (Actualizar pagos); esperando a que termine; se reintenta en breve sin perder el turno.
[16:48:25] 🤖 [Automático] Es hora de actualizar pagos. Arrancando...
[16:48:40] ⏳ [Automático] Tocaba disparar 'pagos' pero ya hay una ejecución en curso (Actualizar pagos); esperando a que termine; se reintenta en breve sin perder el turno.
[16:51:26] 🤖 [Automático] Es hora de actualizar pagos. Arrancando...
[16:51:41] ⏳ [Automático] Tocaba disparar 'pagos' pero ya hay una ejecución en curso (Actualizar pagos); esperando a que termine; se reintenta en breve sin perder el turno.
[16:54:11] 🤖 [Automático] Es hora de actualizar pagos. Arrancando...
[16:54:26] ⏳ [Automático] Tocaba disparar 'pagos' pero ya hay una ejecución en curso (Actualizar pagos); esperando a que termine; se reintenta en breve sin perder el turno.
[16:57:26] 🤖 [Automático] Es hora de actualizar pagos. Arrancando...
[16:57:41] ⏳ [Automático] Tocaba disparar 'pagos' pero ya hay una ejecución en curso (Actualizar pagos); esperando a que termine; se reintenta en breve sin perder el turno.
[17:00:41] 🤖 [Automático] Es hora de actualizar pagos. Arrancando...
[17:00:56] ⏳ [Automático] Tocaba disparar 'pagos' pero ya hay una ejecución en curso (Actualizar pagos); esperando a que termine; se reintenta en breve sin perder el turno.
[17:03:41] 🤖 [Automático] Es hora de actualizar pagos. Arrancando...
[17:03:56] ⏳ [Automático] Tocaba disparar 'pagos' pero ya hay una ejecución en curso (Actualizar pagos); esperando a que termine; se reintenta en breve sin perder el turno.
[17:06:41] 🤖 [Automático] Es hora de actualizar pagos. Arrancando...
[17:06:56] ⏳ [Automático] Tocaba disparar 'pagos' pero ya hay una ejecución en curso (Actualizar pagos); esperando a que termine; se reintenta en breve sin perder el turno.
[17:09:41] 🤖 [Automático] Es hora de actualizar pagos. Arrancando...
[17:09:56] ⏳ [Automático] Tocaba disparar 'pagos' pero ya hay una ejecución en curso (Actualizar pagos); esperando a que termine; se reintenta en breve sin perder el turno.
[17:12:41] 🤖 [Automático] Es hora de actualizar pagos. Arrancando...
[17:12:56] ⏳ [Automático] Tocaba disparar 'pagos' pero ya hay una ejecución en curso (Actualizar pagos); esperando a que termine; se reintenta en breve sin perder el turno.
[17:15:41] 🤖 [Automático] Es hora de actualizar pagos. Arrancando...
[17:15:56] ⏳ [Automático] Tocaba disparar 'pagos' pero ya hay una ejecución en curso (Actualizar pagos); esperando a que termine; se reintenta en breve sin perder el turno.
[17:18:26] 🤖 [Automático] Es hora de actualizar pagos. Arrancando...
[17:18:41] ⏳ [Automático] Tocaba disparar 'pagos' pero ya hay una ejecución en curso (Actualizar pagos); esperando a que termine; se reintenta en breve sin perder el turno.
[17:21:27] 🤖 [Automático] Es hora de actualizar pagos. Arrancando...
[17:21:42] ⏳ [Automático] Tocaba disparar 'pagos' pero ya hay una ejecución en curso (Actualizar pagos); esperando a que termine; se reintenta en breve sin perder el turno.
[17:24:27] 🤖 [Automático] Es hora de actualizar pagos. Arrancando...
[17:24:42] ⏳ [Automático] Tocaba disparar 'pagos' pero ya hay una ejecución en curso (Actualizar pagos); esperando a que termine; se reintenta en breve sin perder el turno.
[17:27:27] 🤖 [Automático] Es hora de actualizar pagos. Arrancando...
[17:27:42] ⏳ [Automático] Tocaba disparar 'pagos' pero ya hay una ejecución en curso (Actualizar pagos); esperando a que termine; se reintenta en breve sin perder el turno.
[17:30:42] 🤖 [Automático] Es hora de actualizar pagos. Arrancando...
[17:30:57] ⏳ [Automático] Tocaba disparar 'pagos' pero ya hay una ejecución en curso (Actualizar pagos); esperando a que termine; se reintenta en breve sin perder el turno.
[17:33:42] 🤖 [Automático] Es hora de actualizar pagos. Arrancando...
[17:33:57] ⏳ [Automático] Tocaba disparar 'pagos' pero ya hay una ejecución en curso (Actualizar pagos); esperando a que termine; se reintenta en breve sin perder el turno.
[17:36:42] 🤖 [Automático] Es hora de actualizar pagos. Arrancando...
[17:36:57] ⏳ [Automático] Tocaba disparar 'pagos' pero ya hay una ejecución en curso (Actualizar pagos); esperando a que termine; se reintenta en breve sin perder el turno.
[17:39:42] 🤖 [Automático] Es hora de actualizar pagos. Arrancando...
[17:39:57] ⏳ [Automático] Tocaba disparar 'pagos' pero ya hay una ejecución en curso (Actualizar pagos); esperando a que termine; se reintenta en breve sin perder el turno.
[17:42:42] 🤖 [Automático] Es hora de actualizar pagos. Arrancando...
[17:42:57] ⏳ [Automático] Tocaba disparar 'pagos' pero ya hay una ejecución en curso (Actualizar pagos); esperando a que termine; se reintenta en breve sin perder el turno.
[17:45:42] 🤖 [Automático] Es hora de actualizar pagos. Arrancando...
[17:45:57] ⏳ [Automático] Tocaba disparar 'pagos' pero ya hay una ejecución en curso (Actualizar pagos); esperando a que termine; se reintenta en breve sin perder el turno.
[17:48:27] 🤖 [Automático] Es hora de actualizar pagos. Arrancando...
[17:48:42] ⏳ [Automático] Tocaba disparar 'pagos' pero ya hay una ejecución en curso (Actualizar pagos); esperando a que termine; se reintenta en breve sin perder el turno.
[17:51:27] 🤖 [Automático] Es hora de actualizar pagos. Arrancando...
[17:51:42] ⏳ [Automático] Tocaba disparar 'pagos' pero ya hay una ejecución en curso (Actualizar pagos); esperando a que termine; se reintenta en breve sin perder el turno.
[17:54:13] 🤖 [Automático] Es hora de actualizar pagos. Arrancando...
[17:54:28] ⏳ [Automático] Tocaba disparar 'pagos' pero ya hay una ejecución en curso (Actualizar pagos); esperando a que termine; se reintenta en breve sin perder el turno.
[17:57:13] 🤖 [Automático] Es hora de actualizar pagos. Arrancando...
[17:57:28] ⏳ [Automático] Tocaba disparar 'pagos' pero ya hay una ejecución en curso (Actualizar pagos); esperando a que termine; se reintenta en breve sin perder el turno.
[18:00:13] 🤖 [Automático] Es hora de actualizar pagos. Arrancando...
[18:00:28] ⏳ [Automático] Tocaba disparar 'pagos' pero ya hay una ejecución en curso (Actualizar pagos); esperando a que termine; se reintenta en breve sin perder el turno.
[18:03:13] 🤖 [Automático] Es hora de actualizar pagos. Arrancando...
[18:03:28] ⏳ [Automático] Tocaba disparar 'pagos' pero ya hay una ejecución en curso (Actualizar pagos); esperando a que termine; se reintenta en breve sin perder el turno.
[18:06:13] 🤖 [Automático] Es hora de actualizar pagos. Arrancando...
[18:06:28] ⏳ [Automático] Tocaba disparar 'pagos' pero ya hay una ejecución en curso (Actualizar pagos); esperando a que termine; se reintenta en breve sin perder el turno.
[18:09:28] 🤖 [Automático] Es hora de actualizar pagos. Arrancando...
[18:09:43] ⏳ [Automático] Tocaba disparar 'pagos' pero ya hay una ejecución en curso (Actualizar pagos); esperando a que termine; se reintenta en breve sin perder el turno.
[18:12:28] 🤖 [Automático] Es hora de actualizar pagos. Arrancando...
[18:12:43] ⏳ [Automático] Tocaba disparar 'pagos' pero ya hay una ejecución en curso (Actualizar pagos); esperando a que termine; se reintenta en breve sin perder el turno.
[18:16:13] 🤖 [Automático] Es hora de actualizar pagos. Arrancando...
[18:16:28] ⏳ [Automático] Tocaba disparar 'pagos' pero ya hay una ejecución en curso (Actualizar pagos); esperando a que termine; se reintenta en breve sin perder el turno.
[18:19:28] 🤖 [Automático] Es hora de actualizar pagos. Arrancando...
[18:19:43] ⏳ [Automático] Tocaba disparar 'pagos' pero ya hay una ejecución en curso (Actualizar pagos); esperando a que termine; se reintenta en breve sin perder el turno.
[18:22:43] 🤖 [Automático] Es hora de actualizar pagos. Arrancando...
[18:22:58] ⏳ [Automático] Tocaba disparar 'pagos' pero ya hay una ejecución en curso (Actualizar pagos); esperando a que termine; se reintenta en breve sin perder el turno.
[18:25:43] 🤖 [Automático] Es hora de actualizar pagos. Arrancando...
[18:25:58] ⏳ [Automático] Tocaba disparar 'pagos' pero ya hay una ejecución en curso (Actualizar pagos); esperando a que termine; se reintenta en breve sin perder el turno.
[18:28:44] 🤖 [Automático] Es hora de actualizar pagos. Arrancando...
[18:28:59] ⏳ [Automático] Tocaba disparar 'pagos' pero ya hay una ejecución en curso (Actualizar pagos); esperando a que termine; se reintenta en breve sin perder el turno.
[18:32:14] 🤖 [Automático] Es hora de actualizar pagos. Arrancando...
[18:32:29] ⏳ [Automático] Tocaba disparar 'pagos' pero ya hay una ejecución en curso (Actualizar pagos); esperando a que termine; se reintenta en breve sin perder el turno.
[18:35:29] 🤖 [Automático] Es hora de actualizar pagos. Arrancando...
[18:35:44] ⏳ [Automático] Tocaba disparar 'pagos' pero ya hay una ejecución en curso (Actualizar pagos); esperando a que termine; se reintenta en breve sin perder el turno.
[18:38:29] 🤖 [Automático] Es hora de actualizar pagos. Arrancando...
[18:38:44] ⏳ [Automático] Tocaba disparar 'pagos' pero ya hay una ejecución en curso (Actualizar pagos); esperando a que termine; se reintenta en breve sin perder el turno.
[18:41:44] 🤖 [Automático] Es hora de actualizar pagos. Arrancando...
[18:41:59] ⏳ [Automático] Tocaba disparar 'pagos' pero ya hay una ejecución en curso (Actualizar pagos); esperando a que termine; se reintenta en breve sin perder el turno.
[18:44:44] 🤖 [Automático] Es hora de actualizar pagos. Arrancando...
[18:44:59] ⏳ [Automático] Tocaba disparar 'pagos' pero ya hay una ejecución en curso (Actualizar pagos); esperando a que termine; se reintenta en breve sin perder el turno.
[18:47:44] 🤖 [Automático] Es hora de actualizar pagos. Arrancando...
[18:47:59] ⏳ [Automático] Tocaba disparar 'pagos' pero ya hay una ejecución en curso (Actualizar pagos); esperando a que termine; se reintenta en breve sin perder el turno.
[18:50:44] 🤖 [Automático] Es hora de actualizar pagos. Arrancando...
[18:50:59] ⏳ [Automático] Tocaba disparar 'pagos' pero ya hay una ejecución en curso (Actualizar pagos); esperando a que termine; se reintenta en breve sin perder el turno.
[18:53:44] 🤖 [Automático] Es hora de actualizar pagos. Arrancando...
[18:53:59] ⏳ [Automático] Tocaba disparar 'pagos' pero ya hay una ejecución en curso (Actualizar pagos); esperando a que termine; se reintenta en breve sin perder el turno.
[18:56:59] 🤖 [Automático] Es hora de actualizar pagos. Arrancando...
[18:57:14] ⏳ [Automático] Tocaba disparar 'pagos' pero ya hay una ejecución en curso (Actualizar pagos); esperando a que termine; se reintenta en breve sin perder el turno.
[19:00:29] 🤖 [Automático] Es hora de actualizar pagos. Arrancando...
[19:00:44] ⏳ [Automático] Tocaba disparar 'pagos' pero ya hay una ejecución en curso (Actualizar pagos); esperando a que termine; se reintenta en breve sin perder el turno.
[19:03:59] 🤖 [Automático] Es hora de actualizar pagos. Arrancando...
[19:04:14] ⏳ [Automático] Tocaba disparar 'pagos' pero ya hay una ejecución en curso (Actualizar pagos); esperando a que termine; se reintenta en breve sin perder el turno.
[19:06:59] 🤖 [Automático] Es hora de actualizar pagos. Arrancando...
[19:07:14] ⏳ [Automático] Tocaba disparar 'pagos' pero ya hay una ejecución en curso (Actualizar pagos); esperando a que termine; se reintenta en breve sin perder el turno.
[19:10:14] 🤖 [Automático] Es hora de actualizar pagos. Arrancando...
[19:10:29] ⏳ [Automático] Tocaba disparar 'pagos' pero ya hay una ejecución en curso (Actualizar pagos); esperando a que termine; se reintenta en breve sin perder el turno.
[19:13:30] 🤖 [Automático] Es hora de actualizar pagos. Arrancando...
[19:13:45] ⏳ [Automático] Tocaba disparar 'pagos' pero ya hay una ejecución en curso (Actualizar pagos); esperando a que termine; se reintenta en breve sin perder el turno.
[19:16:30] 🤖 [Automático] Es hora de actualizar pagos. Arrancando...
[19:16:45] ⏳ [Automático] Tocaba disparar 'pagos' pero ya hay una ejecución en curso (Actualizar pagos); esperando a que termine; se reintenta en breve sin perder el turno.
[19:19:45] 🤖 [Automático] Es hora de actualizar pagos. Arrancando...
[19:20:00] ⏳ [Automático] Tocaba disparar 'pagos' pero ya hay una ejecución en curso (Actualizar pagos); esperando a que termine; se reintenta en breve sin perder el turno.
[19:23:15] 🤖 [Automático] Es hora de actualizar pagos. Arrancando...
[19:23:30] ⏳ [Automático] Tocaba disparar 'pagos' pero ya hay una ejecución en curso (Actualizar pagos); esperando a que termine; se reintenta en breve sin perder el turno.
[19:26:15] 🤖 [Automático] Es hora de actualizar pagos. Arrancando...
[19:26:30] ⏳ [Automático] Tocaba disparar 'pagos' pero ya hay una ejecución en curso (Actualizar pagos); esperando a que termine; se reintenta en breve sin perder el turno.
[19:29:30] 🤖 [Automático] Es hora de actualizar pagos. Arrancando...
[19:29:45] ⏳ [Automático] Tocaba disparar 'pagos' pero ya hay una ejecución en curso (Actualizar pagos); esperando a que termine; se reintenta en breve sin perder el turno.
[19:32:45] 🤖 [Automático] Es hora de actualizar pagos. Arrancando...
[19:33:00] ⏳ [Automático] Tocaba disparar 'pagos' pero ya hay una ejecución en curso (Actualizar pagos); esperando a que termine; se reintenta en breve sin perder el turno.
[19:36:00] 🤖 [Automático] Es hora de actualizar pagos. Arrancando...
[19:36:15] ⏳ [Automático] Tocaba disparar 'pagos' pero ya hay una ejecución en curso (Actualizar pagos); esperando a que termine; se reintenta en breve sin perder el turno.
[19:39:15] 🤖 [Automático] Es hora de actualizar pagos. Arrancando...
[19:39:30] ⏳ [Automático] Tocaba disparar 'pagos' pero ya hay una ejecución en curso (Actualizar pagos); esperando a que termine; se reintenta en breve sin perder el turno.
[19:42:15] 🤖 [Automático] Es hora de actualizar pagos. Arrancando...
[19:42:30] ⏳ [Automático] Tocaba disparar 'pagos' pero ya hay una ejecución en curso (Actualizar pagos); esperando a que termine; se reintenta en breve sin perder el turno.
[19:45:15] 🤖 [Automático] Es hora de actualizar pagos. Arrancando...
[19:45:30] ⏳ [Automático] Tocaba disparar 'pagos' pero ya hay una ejecución en curso (Actualizar pagos); esperando a que termine; se reintenta en breve sin perder el turno.
[19:48:30] 🤖 [Automático] Es hora de actualizar pagos. Arrancando...
[19:48:45] ⏳ [Automático] Tocaba disparar 'pagos' pero ya hay una ejecución en curso (Actualizar pagos); esperando a que termine; se reintenta en breve sin perder el turno.
[19:51:45] 🤖 [Automático] Es hora de actualizar pagos. Arrancando...
[19:52:00] ⏳ [Automático] Tocaba disparar 'pagos' pero ya hay una ejecución en curso (Actualizar pagos); esperando a que termine; se reintenta en breve sin perder el turno.
[19:55:00] 🤖 [Automático] Es hora de actualizar pagos. Arrancando...
[19:55:15] ⏳ [Automático] Tocaba disparar 'pagos' pero ya hay una ejecución en curso (Actualizar pagos); esperando a que termine; se reintenta en breve sin perder el turno.
[19:58:16] 🤖 [Automático] Es hora de actualizar pagos. Arrancando...
[19:58:31] ⏳ [Automático] Tocaba disparar 'pagos' pero ya hay una ejecución en curso (Actualizar pagos); esperando a que termine; se reintenta en breve sin perder el turno.
[20:01:31] 🤖 [Automático] Es hora de actualizar pagos. Arrancando...
[20:01:46] ⏳ [Automático] Tocaba disparar 'pagos' pero ya hay una ejecución en curso (Actualizar pagos); esperando a que termine; se reintenta en breve sin perder el turno.
[20:04:46] 🤖 [Automático] Es hora de actualizar pagos. Arrancando...
[20:05:01] ⏳ [Automático] Tocaba disparar 'pagos' pero ya hay una ejecución en curso (Actualizar pagos); esperando a que termine; se reintenta en breve sin perder el turno.
[20:08:01] 🤖 [Automático] Es hora de actualizar pagos. Arrancando...
[20:08:16] ⏳ [Automático] Tocaba disparar 'pagos' pero ya hay una ejecución en curso (Actualizar pagos); esperando a que termine; se reintenta en breve sin perder el turno.
[20:11:16] 🤖 [Automático] Es hora de actualizar pagos. Arrancando...
[20:11:31] ⏳ [Automático] Tocaba disparar 'pagos' pero ya hay una ejecución en curso (Actualizar pagos); esperando a que termine; se reintenta en breve sin perder el turno.
[20:14:16] 🤖 [Automático] Es hora de actualizar pagos. Arrancando...
[20:14:31] ⏳ [Automático] Tocaba disparar 'pagos' pero ya hay una ejecución en curso (Actualizar pagos); esperando a que termine; se reintenta en breve sin perder el turno.
[20:17:16] 🤖 [Automático] Es hora de actualizar pagos. Arrancando...
[20:17:31] ⏳ [Automático] Tocaba disparar 'pagos' pero ya hay una ejecución en curso (Actualizar pagos); esperando a que termine; se reintenta en breve sin perder el turno.
[20:20:16] 🤖 [Automático] Es hora de actualizar pagos. Arrancando...
[20:20:31] ⏳ [Automático] Tocaba disparar 'pagos' pero ya hay una ejecución en curso (Actualizar pagos); esperando a que termine; se reintenta en breve sin perder el turno.
[20:23:46] 🤖 [Automático] Es hora de actualizar pagos. Arrancando...
[20:24:01] ⏳ [Automático] Tocaba disparar 'pagos' pero ya hay una ejecución en curso (Actualizar pagos); esperando a que termine; se reintenta en breve sin perder el turno.
[20:27:01] 🤖 [Automático] Es hora de actualizar pagos. Arrancando...
[20:27:16] ⏳ [Automático] Tocaba disparar 'pagos' pero ya hay una ejecución en curso (Actualizar pagos); esperando a que termine; se reintenta en breve sin perder el turno.
[20:30:16] 🤖 [Automático] Es hora de actualizar pagos. Arrancando...
[20:30:31] ⏳ [Automático] Tocaba disparar 'pagos' pero ya hay una ejecución en curso (Actualizar pagos); esperando a que termine; se reintenta en breve sin perder el turno.
[20:33:46] 🤖 [Automático] Es hora de actualizar pagos. Arrancando...
[20:34:01] ⏳ [Automático] Tocaba disparar 'pagos' pero ya hay una ejecución en curso (Actualizar pagos); esperando a que termine; se reintenta en breve sin perder el turno.
[20:37:02] 🤖 [Automático] Es hora de actualizar pagos. Arrancando...
[20:37:17] ⏳ [Automático] Tocaba disparar 'pagos' pero ya hay una ejecución en curso (Actualizar pagos); esperando a que termine; se reintenta en breve sin perder el turno.
[20:40:02] 🤖 [Automático] Es hora de actualizar pagos. Arrancando...
[20:40:17] ⏳ [Automático] Tocaba disparar 'pagos' pero ya hay una ejecución en curso (Actualizar pagos); esperando a que termine; se reintenta en breve sin perder el turno.
[20:43:17] 🤖 [Automático] Es hora de actualizar pagos. Arrancando...
[20:43:32] ⏳ [Automático] Tocaba disparar 'pagos' pero ya hay una ejecución en curso (Actualizar pagos); esperando a que termine; se reintenta en breve sin perder el turno.
[20:46:32] 🤖 [Automático] Es hora de actualizar pagos. Arrancando...
[20:46:47] ⏳ [Automático] Tocaba disparar 'pagos' pero ya hay una ejecución en curso (Actualizar pagos); esperando a que termine; se reintenta en breve sin perder el turno.
[20:49:47] 🤖 [Automático] Es hora de actualizar pagos. Arrancando...
[20:50:02] ⏳ [Automático] Tocaba disparar 'pagos' pero ya hay una ejecución en curso (Actualizar pagos); esperando a que termine; se reintenta en breve sin perder el turno.
[20:53:17] 🤖 [Automático] Es hora de actualizar pagos. Arrancando...
[20:53:32] ⏳ [Automático] Tocaba disparar 'pagos' pero ya hay una ejecución en curso (Actualizar pagos); esperando a que termine; se reintenta en breve sin perder el turno.
[20:56:32] 🤖 [Automático] Es hora de actualizar pagos. Arrancando...
[20:56:47] ⏳ [Automático] Tocaba disparar 'pagos' pero ya hay una ejecución en curso (Actualizar pagos); esperando a que termine; se reintenta en breve sin perder el turno.
[21:00:02] 🤖 [Automático] Es hora de actualizar pagos. Arrancando...
[21:00:17] ⏳ [Automático] Tocaba disparar 'pagos' pero ya hay una ejecución en curso (Actualizar pagos); esperando a que termine; se reintenta en breve sin perder el turno.
[21:03:17] 🤖 [Automático] Es hora de actualizar pagos. Arrancando...
[21:03:32] ⏳ [Automático] Tocaba disparar 'pagos' pero ya hay una ejecución en curso (Actualizar pagos); esperando a que termine; se reintenta en breve sin perder el turno.
[21:06:32] 🤖 [Automático] Es hora de actualizar pagos. Arrancando...
[21:06:47] ⏳ [Automático] Tocaba disparar 'pagos' pero ya hay una ejecución en curso (Actualizar pagos); esperando a que termine; se reintenta en breve sin perder el turno.
[21:09:47] 🤖 [Automático] Es hora de actualizar pagos. Arrancando...
[21:10:02] ⏳ [Automático] Tocaba disparar 'pagos' pero ya hay una ejecución en curso (Actualizar pagos); esperando a que termine; se reintenta en breve sin perder el turno.
[21:13:02] 🤖 [Automático] Es hora de actualizar pagos. Arrancando...
[21:13:17] ⏳ [Automático] Tocaba disparar 'pagos' pero ya hay una ejecución en curso (Actualizar pagos); esperando a que termine; se reintenta en breve sin perder el turno.
[21:16:17] 🤖 [Automático] Es hora de actualizar pagos. Arrancando...
[21:16:32] ⏳ [Automático] Tocaba disparar 'pagos' pero ya hay una ejecución en curso (Actualizar pagos); esperando a que termine; se reintenta en breve sin perder el turno.
[21:19:32] 🤖 [Automático] Es hora de actualizar pagos. Arrancando...
[21:19:47] ⏳ [Automático] Tocaba disparar 'pagos' pero ya hay una ejecución en curso (Actualizar pagos); esperando a que termine; se reintenta en breve sin perder el turno.
[21:22:48] 🤖 [Automático] Es hora de actualizar pagos. Arrancando...
[21:23:03] ⏳ [Automático] Tocaba disparar 'pagos' pero ya hay una ejecución en curso (Actualizar pagos); esperando a que termine; se reintenta en breve sin perder el turno.
[21:26:03] 🤖 [Automático] Es hora de actualizar pagos. Arrancando...
[21:26:18] ⏳ [Automático] Tocaba disparar 'pagos' pero ya hay una ejecución en curso (Actualizar pagos); esperando a que termine; se reintenta en breve sin perder el turno.
[21:29:18] 🤖 [Automático] Es hora de actualizar pagos. Arrancando...
[21:29:33] ⏳ [Automático] Tocaba disparar 'pagos' pero ya hay una ejecución en curso (Actualizar pagos); esperando a que termine; se reintenta en breve sin perder el turno.
[21:32:33] 🤖 [Automático] Es hora de actualizar pagos. Arrancando...
[21:32:48] ⏳ [Automático] Tocaba disparar 'pagos' pero ya hay una ejecución en curso (Actualizar pagos); esperando a que termine; se reintenta en breve sin perder el turno.
[21:35:48] 🤖 [Automático] Es hora de actualizar pagos. Arrancando...
[21:36:03] ⏳ [Automático] Tocaba disparar 'pagos' pero ya hay una ejecución en curso (Actualizar pagos); esperando a que termine; se reintenta en breve sin perder el turno.
[21:39:03] 🤖 [Automático] Es hora de actualizar pagos. Arrancando...
[21:39:18] ⏳ [Automático] Tocaba disparar 'pagos' pero ya hay una ejecución en curso (Actualizar pagos); esperando a que termine; se reintenta en breve sin perder el turno.
[21:42:18] 🤖 [Automático] Es hora de actualizar pagos. Arrancando...
[21:42:33] ⏳ [Automático] Tocaba disparar 'pagos' pero ya hay una ejecución en curso (Actualizar pagos); esperando a que termine; se reintenta en breve sin perder el turno.
[21:45:33] 🤖 [Automático] Es hora de actualizar pagos. Arrancando...
[21:45:48] ⏳ [Automático] Tocaba disparar 'pagos' pero ya hay una ejecución en curso (Actualizar pagos); esperando a que termine; se reintenta en breve sin perder el turno.
[21:48:33] 🤖 [Automático] Es hora de actualizar pagos. Arrancando...
[21:48:48] ⏳ [Automático] Tocaba disparar 'pagos' pero ya hay una ejecución en curso (Actualizar pagos); esperando a que termine; se reintenta en breve sin perder el turno.
[21:51:48] 🤖 [Automático] Es hora de actualizar pagos. Arrancando...
[21:52:03] ⏳ [Automático] Tocaba disparar 'pagos' pero ya hay una ejecución en curso (Actualizar pagos); esperando a que termine; se reintenta en breve sin perder el turno.
[21:55:03] 🤖 [Automático] Es hora de actualizar pagos. Arrancando...
[21:55:18] ⏳ [Automático] Tocaba disparar 'pagos' pero ya hay una ejecución en curso (Actualizar pagos); esperando a que termine; se reintenta en breve sin perder el turno.
[21:58:18] 🤖 [Automático] Es hora de actualizar pagos. Arrancando...
[21:58:33] ⏳ [Automático] Tocaba disparar 'pagos' pero ya hay una ejecución en curso (Actualizar pagos); esperando a que termine; se reintenta en breve sin perder el turno.
[22:01:33] 🤖 [Automático] Es hora de actualizar pagos. Arrancando...
[22:01:48] ⏳ [Automático] Tocaba disparar 'pagos' pero ya hay una ejecución en curso (Actualizar pagos); esperando a que termine; se reintenta en breve sin perder el turno.
[22:04:48] 🤖 [Automático] Es hora de actualizar pagos. Arrancando...
[22:05:03] ⏳ [Automático] Tocaba disparar 'pagos' pero ya hay una ejecución en curso (Actualizar pagos); esperando a que termine; se reintenta en breve sin perder el turno.
[22:08:04] 🤖 [Automático] Es hora de actualizar pagos. Arrancando...
[22:08:19] ⏳ [Automático] Tocaba disparar 'pagos' pero ya hay una ejecución en curso (Actualizar pagos); esperando a que termine; se reintenta en breve sin perder el turno.
[22:11:04] 🤖 [Automático] Es hora de actualizar pagos. Arrancando...
[22:11:19] ⏳ [Automático] Tocaba disparar 'pagos' pero ya hay una ejecución en curso (Actualizar pagos); esperando a que termine; se reintenta en breve sin perder el turno.
[22:14:04] 🤖 [Automático] Es hora de actualizar pagos. Arrancando...
[22:14:19] ⏳ [Automático] Tocaba disparar 'pagos' pero ya hay una ejecución en curso (Actualizar pagos); esperando a que termine; se reintenta en breve sin perder el turno.
[22:17:19] 🤖 [Automático] Es hora de actualizar pagos. Arrancando...
[22:17:34] ⏳ [Automático] Tocaba disparar 'pagos' pero ya hay una ejecución en curso (Actualizar pagos); esperando a que termine; se reintenta en breve sin perder el turno.
[22:20:19] 🤖 [Automático] Es hora de actualizar pagos. Arrancando...
[22:20:34] ⏳ [Automático] Tocaba disparar 'pagos' pero ya hay una ejecución en curso (Actualizar pagos); esperando a que termine; se reintenta en breve sin perder el turno.
[22:23:34] 🤖 [Automático] Es hora de actualizar pagos. Arrancando...
[22:23:49] ⏳ [Automático] Tocaba disparar 'pagos' pero ya hay una ejecución en curso (Actualizar pagos); esperando a que termine; se reintenta en breve sin perder el turno.
[22:26:49] 🤖 [Automático] Es hora de actualizar pagos. Arrancando...
[22:27:04] ⏳ [Automático] Tocaba disparar 'pagos' pero ya hay una ejecución en curso (Actualizar pagos); esperando a que termine; se reintenta en breve sin perder el turno.
[22:30:35] 🤖 [Automático] Es hora de actualizar pagos. Arrancando...
[22:30:50] ⏳ [Automático] Tocaba disparar 'pagos' pero ya hay una ejecución en curso (Actualizar pagos); esperando a que termine; se reintenta en breve sin perder el turno.
[22:34:20] 🤖 [Automático] Es hora de actualizar pagos. Arrancando...
[22:34:35] ⏳ [Automático] Tocaba disparar 'pagos' pero ya hay una ejecución en curso (Actualizar pagos); esperando a que termine; se reintenta en breve sin perder el turno.
[22:37:50] 🤖 [Automático] Es hora de actualizar pagos. Arrancando...
[22:38:05] ⏳ [Automático] Tocaba disparar 'pagos' pero ya hay una ejecución en curso (Actualizar pagos); esperando a que termine; se reintenta en breve sin perder el turno.
[22:40:50] 🤖 [Automático] Es hora de actualizar pagos. Arrancando...
[22:41:05] ⏳ [Automático] Tocaba disparar 'pagos' pero ya hay una ejecución en curso (Actualizar pagos); esperando a que termine; se reintenta en breve sin perder el turno.
[22:43:50] 🤖 [Automático] Es hora de actualizar pagos. Arrancando...
[22:44:05] ⏳ [Automático] Tocaba disparar 'pagos' pero ya hay una ejecución en curso (Actualizar pagos); esperando a que termine; se reintenta en breve sin perder el turno.
[22:46:50] 🤖 [Automático] Es hora de actualizar pagos. Arrancando...
[22:47:05] ⏳ [Automático] Tocaba disparar 'pagos' pero ya hay una ejecución en curso (Actualizar pagos); esperando a que termine; se reintenta en breve sin perder el turno.
[22:49:50] 🤖 [Automático] Es hora de actualizar pagos. Arrancando...
[22:50:05] ⏳ [Automático] Tocaba disparar 'pagos' pero ya hay una ejecución en curso (Actualizar pagos); esperando a que termine; se reintenta en breve sin perder el turno.
[22:53:05] 🤖 [Automático] Es hora de actualizar pagos. Arrancando...
[22:53:20] ⏳ [Automático] Tocaba disparar 'pagos' pero ya hay una ejecución en curso (Actualizar pagos); esperando a que termine; se reintenta en breve sin perder el turno.
[22:56:05] 🤖 [Automático] Es hora de actualizar pagos. Arrancando...
[22:56:20] ⏳ [Automático] Tocaba disparar 'pagos' pero ya hay una ejecución en curso (Actualizar pagos); esperando a que termine; se reintenta en breve sin perder el turno.
[22:59:05] 🤖 [Automático] Es hora de actualizar pagos. Arrancando...
[22:59:20] ⏳ [Automático] Tocaba disparar 'pagos' pero ya hay una ejecución en curso (Actualizar pagos); esperando a que termine; se reintenta en breve sin perder el turno.
[23:02:05] 🤖 [Automático] Es hora de actualizar pagos. Arrancando...
[23:02:20] ⏳ [Automático] Tocaba disparar 'pagos' pero ya hay una ejecución en curso (Actualizar pagos); esperando a que termine; se reintenta en breve sin perder el turno.
[23:05:05] 🤖 [Automático] Es hora de actualizar pagos. Arrancando...
[23:05:20] ⏳ [Automático] Tocaba disparar 'pagos' pero ya hay una ejecución en curso (Actualizar pagos); esperando a que termine; se reintenta en breve sin perder el turno.
[23:08:05] 🤖 [Automático] Es hora de actualizar pagos. Arrancando...
[23:08:20] ⏳ [Automático] Tocaba disparar 'pagos' pero ya hay una ejecución en curso (Actualizar pagos); esperando a que termine; se reintenta en breve sin perder el turno.
[23:10:50] 🤖 [Automático] Es hora de actualizar pagos. Arrancando...
[23:11:05] ⏳ [Automático] Tocaba disparar 'pagos' pero ya hay una ejecución en curso (Actualizar pagos); esperando a que termine; se reintenta en breve sin perder el turno.
[23:13:51] 🤖 [Automático] Es hora de actualizar pagos. Arrancando...
[23:14:06] ⏳ [Automático] Tocaba disparar 'pagos' pero ya hay una ejecución en curso (Actualizar pagos); esperando a que termine; se reintenta en breve sin perder el turno.
[23:16:51] 🤖 [Automático] Es hora de actualizar pagos. Arrancando...
[23:17:06] ⏳ [Automático] Tocaba disparar 'pagos' pero ya hay una ejecución en curso (Actualizar pagos); esperando a que termine; se reintenta en breve sin perder el turno.
[23:19:51] 🤖 [Automático] Es hora de actualizar pagos. Arrancando...
[23:20:06] ⏳ [Automático] Tocaba disparar 'pagos' pero ya hay una ejecución en curso (Actualizar pagos); esperando a que termine; se reintenta en breve sin perder el turno.
[23:22:51] 🤖 [Automático] Es hora de actualizar pagos. Arrancando...
[23:23:06] ⏳ [Automático] Tocaba disparar 'pagos' pero ya hay una ejecución en curso (Actualizar pagos); esperando a que termine; se reintenta en breve sin perder el turno.
[23:25:51] 🤖 [Automático] Es hora de actualizar pagos. Arrancando...
[23:26:06] ⏳ [Automático] Tocaba disparar 'pagos' pero ya hay una ejecución en curso (Actualizar pagos); esperando a que termine; se reintenta en breve sin perder el turno.
[23:29:06] 🤖 [Automático] Es hora de actualizar pagos. Arrancando...
[23:29:21] ⏳ [Automático] Tocaba disparar 'pagos' pero ya hay una ejecución en curso (Actualizar pagos); esperando a que termine; se reintenta en breve sin perder el turno.
[23:31:51] 🤖 [Automático] Es hora de actualizar pagos. Arrancando...
[23:32:06] ⏳ [Automático] Tocaba disparar 'pagos' pero ya hay una ejecución en curso (Actualizar pagos); esperando a que termine; se reintenta en breve sin perder el turno.
[23:34:51] 🤖 [Automático] Es hora de actualizar pagos. Arrancando...
[23:35:06] ⏳ [Automático] Tocaba disparar 'pagos' pero ya hay una ejecución en curso (Actualizar pagos); esperando a que termine; se reintenta en breve sin perder el turno.
[23:37:51] 🤖 [Automático] Es hora de actualizar pagos. Arrancando...
[23:38:06] ⏳ [Automático] Tocaba disparar 'pagos' pero ya hay una ejecución en curso (Actualizar pagos); esperando a que termine; se reintenta en breve sin perder el turno.
[23:40:51] 🤖 [Automático] Es hora de actualizar pagos. Arrancando...
[23:41:06] ⏳ [Automático] Tocaba disparar 'pagos' pero ya hay una ejecución en curso (Actualizar pagos); esperando a que termine; se reintenta en breve sin perder el turno.
[23:44:06] 🤖 [Automático] Es hora de actualizar pagos. Arrancando...
[23:44:21] ⏳ [Automático] Tocaba disparar 'pagos' pero ya hay una ejecución en curso (Actualizar pagos); esperando a que termine; se reintenta en breve sin perder el turno.
[23:47:06] 🤖 [Automático] Es hora de actualizar pagos. Arrancando...
[23:47:21] ⏳ [Automático] Tocaba disparar 'pagos' pero ya hay una ejecución en curso (Actualizar pagos); esperando a que termine; se reintenta en breve sin perder el turno.
[23:50:21] 🤖 [Automático] Es hora de actualizar pagos. Arrancando...
[23:50:36] ⏳ [Automático] Tocaba disparar 'pagos' pero ya hay una ejecución en curso (Actualizar pagos); esperando a que termine; se reintenta en breve sin perder el turno.
[23:53:36] 🤖 [Automático] Es hora de actualizar pagos. Arrancando...
[23:53:51] ⏳ [Automático] Tocaba disparar 'pagos' pero ya hay una ejecución en curso (Actualizar pagos); esperando a que termine; se reintenta en breve sin perder el turno.
[23:56:51] 🤖 [Automático] Es hora de actualizar pagos. Arrancando...
[23:57:07] ⏳ [Automático] Tocaba disparar 'pagos' pero ya hay una ejecución en curso (Actualizar pagos); esperando a que termine; se reintenta en breve sin perder el turno.
[23:59:52] 🤖 [Automático] Es hora de actualizar pagos. Arrancando...
