🤖 [Automático] Es hora de actualizar pagos. Arrancando...
[ACTUALIZAR PAGOS · AUTO] === Inicio de ejecución: pagos ===
[ACTUALIZAR PAGOS · AUTO] ▶ [LoginSemytPaso] Iniciando...
[ACTUALIZAR PAGOS · AUTO] ==================================================
[ACTUALIZAR PAGOS · AUTO] 🚀 PASO: LoginSemytPaso
[ACTUALIZAR PAGOS · AUTO] ==================================================
[ACTUALIZAR PAGOS · AUTO] Abriendo SEMyT...
[ACTUALIZAR PAGOS · AUTO] ✅ [SEMyT] Sesión existente detectada. Login omitido.
[ACTUALIZAR PAGOS · AUTO] ✅ LoginSemytPaso finalizado. (⏱ 3.8s)
[ACTUALIZAR PAGOS · AUTO] ✓ [LoginSemytPaso] Completado.
[ACTUALIZAR PAGOS · AUTO] ▶ [LoginJuzgadoPaso] Iniciando...
[ACTUALIZAR PAGOS · AUTO] ==================================================
[ACTUALIZAR PAGOS · AUTO] 🚀 PASO: LoginJuzgadoPaso
[ACTUALIZAR PAGOS · AUTO] ==================================================
[ACTUALIZAR PAGOS · AUTO] Abriendo sitio municipalidad (CiDi)...
[ACTUALIZAR PAGOS · AUTO] ✅ [Juzgado] Sesión existente detectada. Login omitido.
[ACTUALIZAR PAGOS · AUTO] ✅ LoginJuzgadoPaso finalizado. (⏱ 1.1s)
[ACTUALIZAR PAGOS · AUTO] ✓ [LoginJuzgadoPaso] Completado.
[ACTUALIZAR PAGOS · AUTO] ▶ [DescargasParalelasPaso] Iniciando...
[ACTUALIZAR PAGOS · AUTO] ==================================================
[ACTUALIZAR PAGOS · AUTO] 🚀 PASO: DescargasParalelasPaso
[ACTUALIZAR PAGOS · AUTO] ==================================================
[ACTUALIZAR PAGOS · AUTO] 📤 Arrancando las 3 descargas en paralelo (mismo browser, páginas separadas)...
[ACTUALIZAR PAGOS · AUTO] Fecha Desde: 27/06/2024
[ACTUALIZAR PAGOS · AUTO] Fecha Hasta: 24/11/2025
[ACTUALIZAR PAGOS · AUTO] Fecha Desde: 25/11/2025
[ACTUALIZAR PAGOS · AUTO] Fecha Hasta: 24/07/2026
[ACTUALIZAR PAGOS · AUTO] Descargando Excel...
[ACTUALIZAR PAGOS · AUTO] Descargando Excel...
⏳ [Automático] Tocaba disparar 'pagos' pero ya hay una ejecución en curso (Actualizar pagos); esperando a que termine; se reintenta en breve sin perder el turno.
[ACTUALIZAR PAGOS · AUTO] Archivo descargado en: backend/descargas/cache_actas_cruce/MULTAS_JUZGADO_CRUCE.xlsx
[ACTUALIZAR PAGOS · AUTO] ⏱ [actas_juzgado] completado en 16.8s
[ACTUALIZAR PAGOS · AUTO] Archivo descargado en: backend/descargas/cache_actas_cruce/MULTAS_SIGEMI_CRUCE.xlsx
[ACTUALIZAR PAGOS · AUTO] ⏱ [actas_sigemi] completado en 34.8s
[ACTUALIZAR PAGOS · AUTO] ✅ TXT de pagos descargado en: backend/descargas/pagos/2026-07-24/PAGOS DESCARGADOS.txt
[ACTUALIZAR PAGOS · AUTO] ⏱ [pagos_txt] completado en 34.9s
[ACTUALIZAR PAGOS · AUTO] ⏱ TOTAL descargas en paralelo: 34.9s
[ACTUALIZAR PAGOS · AUTO] ✅ DescargasParalelasPaso finalizado. (⏱ 36.2s)
[ACTUALIZAR PAGOS · AUTO] ✓ [DescargasParalelasPaso] Completado.
[ACTUALIZAR PAGOS · AUTO] ▶ [CompararActasPaso] Iniciando...
[ACTUALIZAR PAGOS · AUTO] ==================================================
[ACTUALIZAR PAGOS · AUTO] 🚀 PASO: CompararActasPaso
[ACTUALIZAR PAGOS · AUTO] ==================================================
[ACTUALIZAR PAGOS · AUTO] 🔍 Comparando actas del SEMyT contra pagos del Juzgado...
[ACTUALIZAR PAGOS · AUTO] ================================================================================
[ACTUALIZAR PAGOS · AUTO] INICIANDO PROCESO DE GENERACIÓN DE PAGOS DESACTUALIZADOS
[ACTUALIZAR PAGOS · AUTO] ================================================================================
[ACTUALIZAR PAGOS · AUTO] 📂 Cargando archivos...
[ACTUALIZAR PAGOS · AUTO]   ✓ Pagos: 16856 registros
[ACTUALIZAR PAGOS · AUTO]   ✓ Excel SIGEMI (multas vencidas viejas): 103582 registros
[ACTUALIZAR PAGOS · AUTO]   ✓ Excel Juzgado (multas vencidas nuevas): 40128 registros
[ACTUALIZAR PAGOS · AUTO] ================================================================================
[ACTUALIZAR PAGOS · AUTO] PASO 1: LLENANDO ACTA_NUMERO (búsqueda por patente + fecha, con desempate por hora)
[ACTUALIZAR PAGOS · AUTO] ================================================================================
[ACTUALIZAR PAGOS · AUTO] 📊 ESTADÍSTICAS DE LLENADO DE ACTAS:
[ACTUALIZAR PAGOS · AUTO]   • Pagos con acta ORIGINAL: 2870
[ACTUALIZAR PAGOS · AUTO]   • Pagos SIN acta (buscados): 13986
[ACTUALIZAR PAGOS · AUTO]   • Pagos LLENADOS exitosamente: 0
[ACTUALIZAR PAGOS · AUTO]   • Pagos NO encontrados en multas: 13986
[ACTUALIZAR PAGOS · AUTO]   • Pagos SIN RESOLVER por desbalance de cantidades: 0
[ACTUALIZAR PAGOS · AUTO] ================================================================================
[ACTUALIZAR PAGOS · AUTO] PASO 1: LLENANDO ACTA_NUMERO (búsqueda por patente + fecha, con desempate por hora)
[ACTUALIZAR PAGOS · AUTO] ================================================================================
[ACTUALIZAR PAGOS · AUTO] 📊 ESTADÍSTICAS DE LLENADO DE ACTAS:
[ACTUALIZAR PAGOS · AUTO]   • Pagos con acta ORIGINAL: 2870
[ACTUALIZAR PAGOS · AUTO]   • Pagos SIN acta (buscados): 13986
[ACTUALIZAR PAGOS · AUTO]   • Pagos LLENADOS exitosamente: 0
[ACTUALIZAR PAGOS · AUTO]   • Pagos NO encontrados en multas: 13986
[ACTUALIZAR PAGOS · AUTO]   • Pagos SIN RESOLVER por desbalance de cantidades: 0
[ACTUALIZAR PAGOS · AUTO] ⏱ PASO 1 (llenar actas): 14.6s
[ACTUALIZAR PAGOS · AUTO] ================================================================================
[ACTUALIZAR PAGOS · AUTO] PASO 2: FILTRANDO PAGOS CON ACTA_NUMERO COMPLETO
[ACTUALIZAR PAGOS · AUTO] ================================================================================
[ACTUALIZAR PAGOS · AUTO] 📊 ESTADÍSTICAS DE FILTRADO:
[ACTUALIZAR PAGOS · AUTO]   • Pagos TOTALES al inicio: 16856
[ACTUALIZAR PAGOS · AUTO]   • Pagos CON acta (MANTIENEN): 2870
[ACTUALIZAR PAGOS · AUTO]   • Pagos RECHAZADOS (sin coincidencias): 13986
[ACTUALIZAR PAGOS · AUTO] ⚠️  Se eliminaron 13986 registros sin número de acta
[ACTUALIZAR PAGOS · AUTO]      (recordá: esto incluye tanto pagos ya actualizados/pagados
[ACTUALIZAR PAGOS · AUTO]       como pagos que quedaron sin resolver por desbalance en el Paso 1)
[ACTUALIZAR PAGOS · AUTO] ================================================================================
[ACTUALIZAR PAGOS · AUTO] PASO 2-bis: CONFIRMANDO VIGENCIA DE PAGOS DEL SISTEMA NUEVO (contra MULTAS_JUZGADO_CRUCE)
[ACTUALIZAR PAGOS · AUTO] ================================================================================
[ACTUALIZAR PAGOS · AUTO]   ⚠ 2869 pago(s) del sistema nuevo descartados: su acta ya no figura como vencida en MULTAS_JUZGADO_CRUCE (SEMyT ya los actualizó).
[ACTUALIZAR PAGOS · AUTO]   • Pagos del sistema nuevo descartados por ya estar actualizados: 2869
[ACTUALIZAR PAGOS · AUTO] ⏱ PASO 2 (filtrar): 1.0s
[ACTUALIZAR PAGOS · AUTO] 📂 Cargando maestro de causas SIGEMI...
[ACTUALIZAR PAGOS · AUTO]   ✓ Causas totales (maestro): 134069 registros
[ACTUALIZAR PAGOS · AUTO] ⏱ PASO 2.5 (causas simplificado): 0.2s
[ACTUALIZAR PAGOS · AUTO] ================================================================================
[ACTUALIZAR PAGOS · AUTO] PASO 2.5: ARMANDO causas.txt SIMPLIFICADO (cruce contra total_causas_sigemi.txt)
[ACTUALIZAR PAGOS · AUTO] ================================================================================
[ACTUALIZAR PAGOS · AUTO]   • Actas vencidas viejas (multas): 103582
[ACTUALIZAR PAGOS · AUTO]   • Causas totales en el maestro SIGEMI: 134069
[ACTUALIZAR PAGOS · AUTO]   • Causas que coinciden (simplificado): 103252
[ACTUALIZAR PAGOS · AUTO]   ✅ Archivo escrito: backend/descargas/causas/causas.txt
[ACTUALIZAR PAGOS · AUTO] ⏱ PASO 2.5 (causas simplificado): 2.3s
[ACTUALIZAR PAGOS · AUTO] ================================================================================
[ACTUALIZAR PAGOS · AUTO] PASO 3: LLENANDO CAUSA_NUMERO (según fecha de cambio de sistema, cruzando por acta + año)
[ACTUALIZAR PAGOS · AUTO] ================================================================================
[ACTUALIZAR PAGOS · AUTO] 📊 ESTADÍSTICAS DE LLENADO DE CAUSAS:
[ACTUALIZAR PAGOS · AUTO]   • Pagos con causa ORIGINAL: 1
[ACTUALIZAR PAGOS · AUTO]   • Causas encontradas en SIGEMI (actas viejas): 0
[ACTUALIZAR PAGOS · AUTO]   • Causas NO encontradas en SIGEMI: 0
[ACTUALIZAR PAGOS · AUTO]   • Causas asignadas automáticamente (actas nuevas): 0
[ACTUALIZAR PAGOS · AUTO] ⏱ PASO 3 (llenar causas): 0.0s
[ACTUALIZAR PAGOS · AUTO] ================================================================================
[ACTUALIZAR PAGOS · AUTO] PASO 4: ORDENANDO POR FECHA Y ACTA_NUMERO
[ACTUALIZAR PAGOS · AUTO] ================================================================================
[ACTUALIZAR PAGOS · AUTO] ✓ Pagos ordenados correctamente
[ACTUALIZAR PAGOS · AUTO]   • Primera entrada: Acta=275906, Fecha=05/03/2026
[ACTUALIZAR PAGOS · AUTO]   • Última entrada: Acta=275906, Fecha=05/03/2026
[ACTUALIZAR PAGOS · AUTO] 📝 Escribiendo archivo de salida...
[ACTUALIZAR PAGOS · AUTO]   ✅ Archivo escrito: backend/descargas/pagos/2026-07-24/PAGOS 20260724 000622.txt
[ACTUALIZAR PAGOS · AUTO]   ✅ Total registros: 255
[ACTUALIZAR PAGOS · AUTO] ⏱ PASO 4 (ordenar y escribir): 0.0s
[ACTUALIZAR PAGOS · AUTO] ================================================================================
[ACTUALIZAR PAGOS · AUTO] ✅ PROCESO COMPLETADO EXITOSAMENTE
[ACTUALIZAR PAGOS · AUTO] ================================================================================
[ACTUALIZAR PAGOS · AUTO] 📊 RESUMEN FINAL DEL PROCESAMIENTO:
[ACTUALIZAR PAGOS · AUTO]   ENTRADA:
[ACTUALIZAR PAGOS · AUTO]     • Pagos originales: 16856
[ACTUALIZAR PAGOS · AUTO]     • Multas SIGEMI cargadas: 103582
[ACTUALIZAR PAGOS · AUTO]     • Multas Juzgado cargadas: 40128
[ACTUALIZAR PAGOS · AUTO]     • Causas simplificadas (usadas para el cruce): 103252
[ACTUALIZAR PAGOS · AUTO]   PROCESO:
[ACTUALIZAR PAGOS · AUTO]     • Pagos rechazados sigemi: 13986
[ACTUALIZAR PAGOS · AUTO]     • Pagos rechazados juzgado: 2869
[ACTUALIZAR PAGOS · AUTO]   SALIDA:
[ACTUALIZAR PAGOS · AUTO]     • Pagos desactualizados procesados: 1
[ACTUALIZAR PAGOS · AUTO]     • Archivo final: backend/descargas/pagos/2026-07-24/PAGOS 20260724 000622.txt
[ACTUALIZAR PAGOS · AUTO]     • Ordenados por fecha: SÍ ✓
[ACTUALIZAR PAGOS · AUTO]     • Todos con ACTA_NUMERO: SÍ ✓
[ACTUALIZAR PAGOS · AUTO]     • Todos con CAUSA_NUMERO: SÍ ✓
[ACTUALIZAR PAGOS · AUTO] ✅ TXT de pagos (ya cruzado con actas y causas) generado en: backend/descargas/pagos/2026-07-24/PAGOS 20260724 000622.txt
[ACTUALIZAR PAGOS · AUTO] 🧹 TXT de pagos crudo eliminado (ya usado en el cruce): backend/descargas/pagos/2026-07-24/PAGOS DESCARGADOS.txt
[ACTUALIZAR PAGOS · AUTO] 🧹 Excel MULTAS_SIGEMI_CRUCE eliminado (ya usado en el cruce): backend/descargas/cache_actas_cruce/MULTAS_SIGEMI_CRUCE.xlsx
[ACTUALIZAR PAGOS · AUTO] 🧹 Excel MULTAS_JUZGADO_CRUCE eliminado (ya usado en el cruce): backend/descargas/cache_actas_cruce/MULTAS_JUZGADO_CRUCE.xlsx
[ACTUALIZAR PAGOS · AUTO] ✅ CompararActasPaso finalizado. (⏱ 40.7s)
[ACTUALIZAR PAGOS · AUTO] ✓ [CompararActasPaso] Completado.
[ACTUALIZAR PAGOS · AUTO] ▶ [CargarPagosPaso] Iniciando...
[ACTUALIZAR PAGOS · AUTO] ==================================================
[ACTUALIZAR PAGOS · AUTO] 🚀 PASO: CargarPagosPaso
[ACTUALIZAR PAGOS · AUTO] ==================================================
[ACTUALIZAR PAGOS · AUTO] 📤 Subiendo TXT de pagos al SEMyT...
[ACTUALIZAR PAGOS · AUTO] ✅ Importación de pagos completada con éxito.
[ACTUALIZAR PAGOS · AUTO] ✅ Archivo TXT de pagos cargado en el SEMyT correctamente.
[ACTUALIZAR PAGOS · AUTO] ✅ CargarPagosPaso finalizado. (⏱ 2.8s)
[ACTUALIZAR PAGOS · AUTO] ✓ [CargarPagosPaso] Completado.
[ACTUALIZAR PAGOS · AUTO] === Ejecución finalizada con éxito ===
🤖 [Automático] Es hora de actualizar pagos. Arrancando...
[ACTUALIZAR PAGOS · AUTO] === Inicio de ejecución: pagos ===
[ACTUALIZAR PAGOS · AUTO] ▶ [LoginSemytPaso] Iniciando...
[ACTUALIZAR PAGOS · AUTO] ==================================================
[ACTUALIZAR PAGOS · AUTO] 🚀 PASO: LoginSemytPaso
[ACTUALIZAR PAGOS · AUTO] ==================================================
[ACTUALIZAR PAGOS · AUTO] Abriendo SEMyT...
[ACTUALIZAR PAGOS · AUTO] ✅ [SEMyT] Sesión existente detectada. Login omitido.
[ACTUALIZAR PAGOS · AUTO] ✅ LoginSemytPaso finalizado. (⏱ 4.8s)
[ACTUALIZAR PAGOS · AUTO] ✓ [LoginSemytPaso] Completado.
[ACTUALIZAR PAGOS · AUTO] ▶ [LoginJuzgadoPaso] Iniciando...
[ACTUALIZAR PAGOS · AUTO] ==================================================
[ACTUALIZAR PAGOS · AUTO] 🚀 PASO: LoginJuzgadoPaso
[ACTUALIZAR PAGOS · AUTO] ==================================================
[ACTUALIZAR PAGOS · AUTO] Abriendo sitio municipalidad (CiDi)...
[ACTUALIZAR PAGOS · AUTO] ✅ [Juzgado] Sesión existente detectada. Login omitido.
[ACTUALIZAR PAGOS · AUTO] ✅ LoginJuzgadoPaso finalizado. (⏱ 1.4s)
[ACTUALIZAR PAGOS · AUTO] ✓ [LoginJuzgadoPaso] Completado.
[ACTUALIZAR PAGOS · AUTO] ▶ [DescargasParalelasPaso] Iniciando...
[ACTUALIZAR PAGOS · AUTO] ==================================================
[ACTUALIZAR PAGOS · AUTO] 🚀 PASO: DescargasParalelasPaso
[ACTUALIZAR PAGOS · AUTO] ==================================================
[ACTUALIZAR PAGOS · AUTO] 📤 Arrancando las 3 descargas en paralelo (mismo browser, páginas separadas)...
[ACTUALIZAR PAGOS · AUTO] Fecha Desde: 27/06/2024
[ACTUALIZAR PAGOS · AUTO] Fecha Hasta: 24/11/2025
[ACTUALIZAR PAGOS · AUTO] Fecha Desde: 25/11/2025
[ACTUALIZAR PAGOS · AUTO] Fecha Hasta: 24/07/2026
[ACTUALIZAR PAGOS · AUTO] Descargando Excel...
[ACTUALIZAR PAGOS · AUTO] Descargando Excel...
⏳ [Automático] Tocaba disparar 'pagos' pero ya hay una ejecución en curso (Actualizar pagos); esperando a que termine; se reintenta en breve sin perder el turno.
[ACTUALIZAR PAGOS · AUTO] Archivo descargado en: backend/descargas/cache_actas_cruce/MULTAS_JUZGADO_CRUCE.xlsx
[ACTUALIZAR PAGOS · AUTO] ⏱ [actas_juzgado] completado en 17.9s
[ACTUALIZAR PAGOS · AUTO] Archivo descargado en: backend/descargas/cache_actas_cruce/MULTAS_SIGEMI_CRUCE.xlsx
[ACTUALIZAR PAGOS · AUTO] ⏱ [actas_sigemi] completado en 38.1s
[ACTUALIZAR PAGOS · AUTO] ✅ TXT de pagos descargado en: backend/descargas/pagos/2026-07-24/PAGOS DESCARGADOS.txt
[ACTUALIZAR PAGOS · AUTO] ⏱ [pagos_txt] completado en 38.2s
[ACTUALIZAR PAGOS · AUTO] ⏱ TOTAL descargas en paralelo: 38.2s
[ACTUALIZAR PAGOS · AUTO] ✅ DescargasParalelasPaso finalizado. (⏱ 39.5s)
[ACTUALIZAR PAGOS · AUTO] ✓ [DescargasParalelasPaso] Completado.
[ACTUALIZAR PAGOS · AUTO] ▶ [CompararActasPaso] Iniciando...
[ACTUALIZAR PAGOS · AUTO] ==================================================
[ACTUALIZAR PAGOS · AUTO] 🚀 PASO: CompararActasPaso
[ACTUALIZAR PAGOS · AUTO] ==================================================
[ACTUALIZAR PAGOS · AUTO] 🔍 Comparando actas del SEMyT contra pagos del Juzgado...
[ACTUALIZAR PAGOS · AUTO] ================================================================================
[ACTUALIZAR PAGOS · AUTO] INICIANDO PROCESO DE GENERACIÓN DE PAGOS DESACTUALIZADOS
[ACTUALIZAR PAGOS · AUTO] ================================================================================
[ACTUALIZAR PAGOS · AUTO] 📂 Cargando archivos...
[ACTUALIZAR PAGOS · AUTO]   ✓ Pagos: 16856 registros
[ACTUALIZAR PAGOS · AUTO]   ✓ Excel SIGEMI (multas vencidas viejas): 103582 registros
[ACTUALIZAR PAGOS · AUTO]   ✓ Excel Juzgado (multas vencidas nuevas): 40127 registros
[ACTUALIZAR PAGOS · AUTO] ================================================================================
[ACTUALIZAR PAGOS · AUTO] PASO 1: LLENANDO ACTA_NUMERO (búsqueda por patente + fecha, con desempate por hora)
[ACTUALIZAR PAGOS · AUTO] ================================================================================
[ACTUALIZAR PAGOS · AUTO] 📊 ESTADÍSTICAS DE LLENADO DE ACTAS:
[ACTUALIZAR PAGOS · AUTO]   • Pagos con acta ORIGINAL: 2870
[ACTUALIZAR PAGOS · AUTO]   • Pagos SIN acta (buscados): 13986
[ACTUALIZAR PAGOS · AUTO]   • Pagos LLENADOS exitosamente: 0
[ACTUALIZAR PAGOS · AUTO]   • Pagos NO encontrados en multas: 13986
[ACTUALIZAR PAGOS · AUTO]   • Pagos SIN RESOLVER por desbalance de cantidades: 0
[ACTUALIZAR PAGOS · AUTO] ================================================================================
[ACTUALIZAR PAGOS · AUTO] PASO 1: LLENANDO ACTA_NUMERO (búsqueda por patente + fecha, con desempate por hora)
[ACTUALIZAR PAGOS · AUTO] ================================================================================
[ACTUALIZAR PAGOS · AUTO] 📊 ESTADÍSTICAS DE LLENADO DE ACTAS:
[ACTUALIZAR PAGOS · AUTO]   • Pagos con acta ORIGINAL: 2870
[ACTUALIZAR PAGOS · AUTO]   • Pagos SIN acta (buscados): 13986
[ACTUALIZAR PAGOS · AUTO]   • Pagos LLENADOS exitosamente: 0
[ACTUALIZAR PAGOS · AUTO]   • Pagos NO encontrados en multas: 13986
[ACTUALIZAR PAGOS · AUTO]   • Pagos SIN RESOLVER por desbalance de cantidades: 0
[ACTUALIZAR PAGOS · AUTO] ⏱ PASO 1 (llenar actas): 16.1s
[ACTUALIZAR PAGOS · AUTO] ================================================================================
[ACTUALIZAR PAGOS · AUTO] PASO 2: FILTRANDO PAGOS CON ACTA_NUMERO COMPLETO
[ACTUALIZAR PAGOS · AUTO] ================================================================================
[ACTUALIZAR PAGOS · AUTO] 📊 ESTADÍSTICAS DE FILTRADO:
[ACTUALIZAR PAGOS · AUTO]   • Pagos TOTALES al inicio: 16856
[ACTUALIZAR PAGOS · AUTO]   • Pagos CON acta (MANTIENEN): 2870
[ACTUALIZAR PAGOS · AUTO]   • Pagos RECHAZADOS (sin coincidencias): 13986
[ACTUALIZAR PAGOS · AUTO] ⚠️  Se eliminaron 13986 registros sin número de acta
[ACTUALIZAR PAGOS · AUTO]      (recordá: esto incluye tanto pagos ya actualizados/pagados
[ACTUALIZAR PAGOS · AUTO]       como pagos que quedaron sin resolver por desbalance en el Paso 1)
[ACTUALIZAR PAGOS · AUTO] ================================================================================
[ACTUALIZAR PAGOS · AUTO] PASO 2-bis: CONFIRMANDO VIGENCIA DE PAGOS DEL SISTEMA NUEVO (contra MULTAS_JUZGADO_CRUCE)
[ACTUALIZAR PAGOS · AUTO] ================================================================================
[ACTUALIZAR PAGOS · AUTO]   ⚠ 2870 pago(s) del sistema nuevo descartados: su acta ya no figura como vencida en MULTAS_JUZGADO_CRUCE (SEMyT ya los actualizó).
[ACTUALIZAR PAGOS · AUTO]   • Pagos del sistema nuevo descartados por ya estar actualizados: 2870
[ACTUALIZAR PAGOS · AUTO] ⏱ PASO 2 (filtrar): 1.1s
[ACTUALIZAR PAGOS · AUTO] 📂 Cargando maestro de causas SIGEMI...
[ACTUALIZAR PAGOS · AUTO]   ✓ Causas totales (maestro): 134069 registros
[ACTUALIZAR PAGOS · AUTO] ⏱ PASO 2.5 (causas simplificado): 0.2s
[ACTUALIZAR PAGOS · AUTO] ================================================================================
[ACTUALIZAR PAGOS · AUTO] PASO 2.5: ARMANDO causas.txt SIMPLIFICADO (cruce contra total_causas_sigemi.txt)
[ACTUALIZAR PAGOS · AUTO] ================================================================================
[ACTUALIZAR PAGOS · AUTO]   • Actas vencidas viejas (multas): 103582
[ACTUALIZAR PAGOS · AUTO]   • Causas totales en el maestro SIGEMI: 134069
[ACTUALIZAR PAGOS · AUTO]   • Causas que coinciden (simplificado): 103252
[ACTUALIZAR PAGOS · AUTO]   ✅ Archivo escrito: backend/descargas/causas/causas.txt
[ACTUALIZAR PAGOS · AUTO] ⏱ PASO 2.5 (causas simplificado): 2.4s
[ACTUALIZAR PAGOS · AUTO] ⚠️  NO HAY PAGOS CON ACTA_NUMERO PARA PROCESAR
[ACTUALIZAR PAGOS · AUTO] Creando archivo vacío...
[ACTUALIZAR PAGOS · AUTO] ✅ TXT de pagos (ya cruzado con actas y causas) generado en: backend/descargas/pagos/2026-07-24/PAGOS 20260724 001801.txt
[ACTUALIZAR PAGOS · AUTO] 🧹 TXT de pagos crudo eliminado (ya usado en el cruce): backend/descargas/pagos/2026-07-24/PAGOS DESCARGADOS.txt
[ACTUALIZAR PAGOS · AUTO] 🧹 Excel MULTAS_SIGEMI_CRUCE eliminado (ya usado en el cruce): backend/descargas/cache_actas_cruce/MULTAS_SIGEMI_CRUCE.xlsx
[ACTUALIZAR PAGOS · AUTO] 🧹 Excel MULTAS_JUZGADO_CRUCE eliminado (ya usado en el cruce): backend/descargas/cache_actas_cruce/MULTAS_JUZGADO_CRUCE.xlsx
[ACTUALIZAR PAGOS · AUTO] ✅ CompararActasPaso finalizado. (⏱ 45.4s)
[ACTUALIZAR PAGOS · AUTO] ✓ [CompararActasPaso] Completado.
[ACTUALIZAR PAGOS · AUTO] ▶ [CargarPagosPaso] Iniciando...
[ACTUALIZAR PAGOS · AUTO] ==================================================
[ACTUALIZAR PAGOS · AUTO] 🚀 PASO: CargarPagosPaso
[ACTUALIZAR PAGOS · AUTO] ==================================================
[ACTUALIZAR PAGOS · AUTO] ℹ No se encontraron pagos para actualizar (el TXT final no tiene registros).
[ACTUALIZAR PAGOS · AUTO] 🧹 TXT de pagos sin registros eliminado (nada para subir): backend/descargas/pagos/2026-07-24/PAGOS 20260724 001801.txt
[ACTUALIZAR PAGOS · AUTO] ⏭ Se omite la carga al SEMyT.
[ACTUALIZAR PAGOS · AUTO] ✅ CargarPagosPaso finalizado. (⏱ 0.0s)
[ACTUALIZAR PAGOS · AUTO] ✓ [CargarPagosPaso] Completado.
[ACTUALIZAR PAGOS · AUTO] === Ejecución finalizada con éxito ===
[ACTUALIZAR PAGOS · AUTO] ℹ No se subió ningún archivo a ningún sistema externo en esta corrida: por política, el log detallado no se conserva en disco.
🤖 [Automático] Es hora de actualizar pagos. Arrancando...
[ACTUALIZAR PAGOS · AUTO] === Inicio de ejecución: pagos ===
[ACTUALIZAR PAGOS · AUTO] ▶ [LoginSemytPaso] Iniciando...
[ACTUALIZAR PAGOS · AUTO] ==================================================
[ACTUALIZAR PAGOS · AUTO] 🚀 PASO: LoginSemytPaso
[ACTUALIZAR PAGOS · AUTO] ==================================================
[ACTUALIZAR PAGOS · AUTO] Abriendo SEMyT...
[ACTUALIZAR PAGOS · AUTO] ✅ [SEMyT] Sesión existente detectada. Login omitido.
[ACTUALIZAR PAGOS · AUTO] ✅ LoginSemytPaso finalizado. (⏱ 4.1s)
[ACTUALIZAR PAGOS · AUTO] ✓ [LoginSemytPaso] Completado.
[ACTUALIZAR PAGOS · AUTO] ▶ [LoginJuzgadoPaso] Iniciando...
[ACTUALIZAR PAGOS · AUTO] ==================================================
[ACTUALIZAR PAGOS · AUTO] 🚀 PASO: LoginJuzgadoPaso
[ACTUALIZAR PAGOS · AUTO] ==================================================
[ACTUALIZAR PAGOS · AUTO] Abriendo sitio municipalidad (CiDi)...
[ACTUALIZAR PAGOS · AUTO] ✅ [Juzgado] Sesión existente detectada. Login omitido.
[ACTUALIZAR PAGOS · AUTO] ✅ LoginJuzgadoPaso finalizado. (⏱ 1.2s)
[ACTUALIZAR PAGOS · AUTO] ✓ [LoginJuzgadoPaso] Completado.
[ACTUALIZAR PAGOS · AUTO] ▶ [DescargasParalelasPaso] Iniciando...
[ACTUALIZAR PAGOS · AUTO] ==================================================
[ACTUALIZAR PAGOS · AUTO] 🚀 PASO: DescargasParalelasPaso
[ACTUALIZAR PAGOS · AUTO] ==================================================
[ACTUALIZAR PAGOS · AUTO] 📤 Arrancando las 3 descargas en paralelo (mismo browser, páginas separadas)...
[ACTUALIZAR PAGOS · AUTO] Fecha Desde: 27/06/2024
[ACTUALIZAR PAGOS · AUTO] Fecha Hasta: 24/11/2025
[ACTUALIZAR PAGOS · AUTO] Fecha Desde: 25/11/2025
[ACTUALIZAR PAGOS · AUTO] Fecha Hasta: 24/07/2026
[ACTUALIZAR PAGOS · AUTO] Descargando Excel...
[ACTUALIZAR PAGOS · AUTO] Descargando Excel...
⏳ [Automático] Tocaba disparar 'pagos' pero ya hay una ejecución en curso (Actualizar pagos); esperando a que termine; se reintenta en breve sin perder el turno.
[ACTUALIZAR PAGOS · AUTO] Archivo descargado en: backend/descargas/cache_actas_cruce/MULTAS_JUZGADO_CRUCE.xlsx
[ACTUALIZAR PAGOS · AUTO] ⏱ [actas_juzgado] completado en 18.2s
[ACTUALIZAR PAGOS · AUTO] Archivo descargado en: backend/descargas/cache_actas_cruce/MULTAS_SIGEMI_CRUCE.xlsx
[ACTUALIZAR PAGOS · AUTO] ⏱ [actas_sigemi] completado en 39.3s
[ACTUALIZAR PAGOS · AUTO] ✅ TXT de pagos descargado en: backend/descargas/pagos/2026-07-24/PAGOS DESCARGADOS.txt
[ACTUALIZAR PAGOS · AUTO] ⏱ [pagos_txt] completado en 39.4s
[ACTUALIZAR PAGOS · AUTO] ⏱ TOTAL descargas en paralelo: 39.4s
[ACTUALIZAR PAGOS · AUTO] ✅ DescargasParalelasPaso finalizado. (⏱ 40.8s)
[ACTUALIZAR PAGOS · AUTO] ✓ [DescargasParalelasPaso] Completado.
[ACTUALIZAR PAGOS · AUTO] ▶ [CompararActasPaso] Iniciando...
[ACTUALIZAR PAGOS · AUTO] ==================================================
[ACTUALIZAR PAGOS · AUTO] 🚀 PASO: CompararActasPaso
[ACTUALIZAR PAGOS · AUTO] ==================================================
[ACTUALIZAR PAGOS · AUTO] 🔍 Comparando actas del SEMyT contra pagos del Juzgado...
[ACTUALIZAR PAGOS · AUTO] ================================================================================
[ACTUALIZAR PAGOS · AUTO] INICIANDO PROCESO DE GENERACIÓN DE PAGOS DESACTUALIZADOS
[ACTUALIZAR PAGOS · AUTO] ================================================================================
[ACTUALIZAR PAGOS · AUTO] 📂 Cargando archivos...
[ACTUALIZAR PAGOS · AUTO]   ✓ Pagos: 16856 registros
[ACTUALIZAR PAGOS · AUTO]   ✓ Excel SIGEMI (multas vencidas viejas): 103582 registros
[ACTUALIZAR PAGOS · AUTO]   ✓ Excel Juzgado (multas vencidas nuevas): 40127 registros
[ACTUALIZAR PAGOS · AUTO] ================================================================================
[ACTUALIZAR PAGOS · AUTO] PASO 1: LLENANDO ACTA_NUMERO (búsqueda por patente + fecha, con desempate por hora)
[ACTUALIZAR PAGOS · AUTO] ================================================================================
[ACTUALIZAR PAGOS · AUTO] 📊 ESTADÍSTICAS DE LLENADO DE ACTAS:
[ACTUALIZAR PAGOS · AUTO]   • Pagos con acta ORIGINAL: 2870
[ACTUALIZAR PAGOS · AUTO]   • Pagos SIN acta (buscados): 13986
[ACTUALIZAR PAGOS · AUTO]   • Pagos LLENADOS exitosamente: 0
[ACTUALIZAR PAGOS · AUTO]   • Pagos NO encontrados en multas: 13986
[ACTUALIZAR PAGOS · AUTO]   • Pagos SIN RESOLVER por desbalance de cantidades: 0
[ACTUALIZAR PAGOS · AUTO] ================================================================================
[ACTUALIZAR PAGOS · AUTO] PASO 1: LLENANDO ACTA_NUMERO (búsqueda por patente + fecha, con desempate por hora)
[ACTUALIZAR PAGOS · AUTO] ================================================================================
[ACTUALIZAR PAGOS · AUTO] 📊 ESTADÍSTICAS DE LLENADO DE ACTAS:
[ACTUALIZAR PAGOS · AUTO]   • Pagos con acta ORIGINAL: 2870
[ACTUALIZAR PAGOS · AUTO]   • Pagos SIN acta (buscados): 13986
[ACTUALIZAR PAGOS · AUTO]   • Pagos LLENADOS exitosamente: 0
[ACTUALIZAR PAGOS · AUTO]   • Pagos NO encontrados en multas: 13986
[ACTUALIZAR PAGOS · AUTO]   • Pagos SIN RESOLVER por desbalance de cantidades: 0
[ACTUALIZAR PAGOS · AUTO] ⏱ PASO 1 (llenar actas): 16.2s
[ACTUALIZAR PAGOS · AUTO] ================================================================================
[ACTUALIZAR PAGOS · AUTO] PASO 2: FILTRANDO PAGOS CON ACTA_NUMERO COMPLETO
[ACTUALIZAR PAGOS · AUTO] ================================================================================
[ACTUALIZAR PAGOS · AUTO] 📊 ESTADÍSTICAS DE FILTRADO:
[ACTUALIZAR PAGOS · AUTO]   • Pagos TOTALES al inicio: 16856
[ACTUALIZAR PAGOS · AUTO]   • Pagos CON acta (MANTIENEN): 2870
[ACTUALIZAR PAGOS · AUTO]   • Pagos RECHAZADOS (sin coincidencias): 13986
[ACTUALIZAR PAGOS · AUTO] ⚠️  Se eliminaron 13986 registros sin número de acta
[ACTUALIZAR PAGOS · AUTO]      (recordá: esto incluye tanto pagos ya actualizados/pagados
[ACTUALIZAR PAGOS · AUTO]       como pagos que quedaron sin resolver por desbalance en el Paso 1)
[ACTUALIZAR PAGOS · AUTO] ================================================================================
[ACTUALIZAR PAGOS · AUTO] PASO 2-bis: CONFIRMANDO VIGENCIA DE PAGOS DEL SISTEMA NUEVO (contra MULTAS_JUZGADO_CRUCE)
[ACTUALIZAR PAGOS · AUTO] ================================================================================
[ACTUALIZAR PAGOS · AUTO]   ⚠ 2870 pago(s) del sistema nuevo descartados: su acta ya no figura como vencida en MULTAS_JUZGADO_CRUCE (SEMyT ya los actualizó).
[ACTUALIZAR PAGOS · AUTO]   • Pagos del sistema nuevo descartados por ya estar actualizados: 2870
[ACTUALIZAR PAGOS · AUTO] ⏱ PASO 2 (filtrar): 1.2s
[ACTUALIZAR PAGOS · AUTO] 📂 Cargando maestro de causas SIGEMI...
[ACTUALIZAR PAGOS · AUTO]   ✓ Causas totales (maestro): 134069 registros
[ACTUALIZAR PAGOS · AUTO] ⏱ PASO 2.5 (causas simplificado): 0.2s
[ACTUALIZAR PAGOS · AUTO] ================================================================================
[ACTUALIZAR PAGOS · AUTO] PASO 2.5: ARMANDO causas.txt SIMPLIFICADO (cruce contra total_causas_sigemi.txt)
[ACTUALIZAR PAGOS · AUTO] ================================================================================
[ACTUALIZAR PAGOS · AUTO]   • Actas vencidas viejas (multas): 103582
[ACTUALIZAR PAGOS · AUTO]   • Causas totales en el maestro SIGEMI: 134069
[ACTUALIZAR PAGOS · AUTO]   • Causas que coinciden (simplificado): 103252
[ACTUALIZAR PAGOS · AUTO]   ✅ Archivo escrito: backend/descargas/causas/causas.txt
[ACTUALIZAR PAGOS · AUTO] ⏱ PASO 2.5 (causas simplificado): 2.5s
[ACTUALIZAR PAGOS · AUTO] ⚠️  NO HAY PAGOS CON ACTA_NUMERO PARA PROCESAR
[ACTUALIZAR PAGOS · AUTO] Creando archivo vacío...
[ACTUALIZAR PAGOS · AUTO] ✅ TXT de pagos (ya cruzado con actas y causas) generado en: backend/descargas/pagos/2026-07-24/PAGOS 20260724 002937.txt
[ACTUALIZAR PAGOS · AUTO] 🧹 TXT de pagos crudo eliminado (ya usado en el cruce): backend/descargas/pagos/2026-07-24/PAGOS DESCARGADOS.txt
[ACTUALIZAR PAGOS · AUTO] 🧹 Excel MULTAS_SIGEMI_CRUCE eliminado (ya usado en el cruce): backend/descargas/cache_actas_cruce/MULTAS_SIGEMI_CRUCE.xlsx
[ACTUALIZAR PAGOS · AUTO] 🧹 Excel MULTAS_JUZGADO_CRUCE eliminado (ya usado en el cruce): backend/descargas/cache_actas_cruce/MULTAS_JUZGADO_CRUCE.xlsx
[ACTUALIZAR PAGOS · AUTO] ✅ CompararActasPaso finalizado. (⏱ 47.1s)
[ACTUALIZAR PAGOS · AUTO] ✓ [CompararActasPaso] Completado.
[ACTUALIZAR PAGOS · AUTO] ▶ [CargarPagosPaso] Iniciando...
[ACTUALIZAR PAGOS · AUTO] ==================================================
[ACTUALIZAR PAGOS · AUTO] 🚀 PASO: CargarPagosPaso
[ACTUALIZAR PAGOS · AUTO] ==================================================
[ACTUALIZAR PAGOS · AUTO] ℹ No se encontraron pagos para actualizar (el TXT final no tiene registros).
[ACTUALIZAR PAGOS · AUTO] 🧹 TXT de pagos sin registros eliminado (nada para subir): backend/descargas/pagos/2026-07-24/PAGOS 20260724 002937.txt
[ACTUALIZAR PAGOS · AUTO] ⏭ Se omite la carga al SEMyT.
[ACTUALIZAR PAGOS · AUTO] ✅ CargarPagosPaso finalizado. (⏱ 0.0s)
[ACTUALIZAR PAGOS · AUTO] ✓ [CargarPagosPaso] Completado.
[ACTUALIZAR PAGOS · AUTO] === Ejecución finalizada con éxito ===
[ACTUALIZAR PAGOS · AUTO] ℹ No se subió ningún archivo a ningún sistema externo en esta corrida: por política, el log detallado no se conserva en disco.
🤖 [Automático] Es hora de actualizar pagos. Arrancando...
[ACTUALIZAR PAGOS · AUTO] === Inicio de ejecución: pagos ===
[ACTUALIZAR PAGOS · AUTO] ▶ [LoginSemytPaso] Iniciando...
[ACTUALIZAR PAGOS · AUTO] ==================================================
[ACTUALIZAR PAGOS · AUTO] 🚀 PASO: LoginSemytPaso
[ACTUALIZAR PAGOS · AUTO] ==================================================
[ACTUALIZAR PAGOS · AUTO] Abriendo SEMyT...
[ACTUALIZAR PAGOS · AUTO] ✅ [SEMyT] Sesión existente detectada. Login omitido.
[ACTUALIZAR PAGOS · AUTO] ✅ LoginSemytPaso finalizado. (⏱ 5.1s)
[ACTUALIZAR PAGOS · AUTO] ✓ [LoginSemytPaso] Completado.
[ACTUALIZAR PAGOS · AUTO] ▶ [LoginJuzgadoPaso] Iniciando...
[ACTUALIZAR PAGOS · AUTO] ==================================================
[ACTUALIZAR PAGOS · AUTO] 🚀 PASO: LoginJuzgadoPaso
[ACTUALIZAR PAGOS · AUTO] ==================================================
[ACTUALIZAR PAGOS · AUTO] Abriendo sitio municipalidad (CiDi)...
[ACTUALIZAR PAGOS · AUTO] ✅ [Juzgado] Sesión existente detectada. Login omitido.
[ACTUALIZAR PAGOS · AUTO] ✅ LoginJuzgadoPaso finalizado. (⏱ 1.3s)
[ACTUALIZAR PAGOS · AUTO] ✓ [LoginJuzgadoPaso] Completado.
[ACTUALIZAR PAGOS · AUTO] ▶ [DescargasParalelasPaso] Iniciando...
[ACTUALIZAR PAGOS · AUTO] ==================================================
[ACTUALIZAR PAGOS · AUTO] 🚀 PASO: DescargasParalelasPaso
[ACTUALIZAR PAGOS · AUTO] ==================================================
[ACTUALIZAR PAGOS · AUTO] 📤 Arrancando las 3 descargas en paralelo (mismo browser, páginas separadas)...
[ACTUALIZAR PAGOS · AUTO] Fecha Desde: 27/06/2024
[ACTUALIZAR PAGOS · AUTO] Fecha Hasta: 24/11/2025
[ACTUALIZAR PAGOS · AUTO] Fecha Desde: 25/11/2025
[ACTUALIZAR PAGOS · AUTO] Fecha Hasta: 24/07/2026
[ACTUALIZAR PAGOS · AUTO] Descargando Excel...
[ACTUALIZAR PAGOS · AUTO] Descargando Excel...
⏳ [Automático] Tocaba disparar 'pagos' pero ya hay una ejecución en curso (Actualizar pagos); esperando a que termine; se reintenta en breve sin perder el turno.
[ACTUALIZAR PAGOS · AUTO] Archivo descargado en: backend/descargas/cache_actas_cruce/MULTAS_JUZGADO_CRUCE.xlsx
[ACTUALIZAR PAGOS · AUTO] ⏱ [actas_juzgado] completado en 18.9s
[ACTUALIZAR PAGOS · AUTO] Archivo descargado en: backend/descargas/cache_actas_cruce/MULTAS_SIGEMI_CRUCE.xlsx
[ACTUALIZAR PAGOS · AUTO] ⏱ [actas_sigemi] completado en 40.0s
[ACTUALIZAR PAGOS · AUTO] ✅ TXT de pagos descargado en: backend/descargas/pagos/2026-07-24/PAGOS DESCARGADOS.txt
[ACTUALIZAR PAGOS · AUTO] ⏱ [pagos_txt] completado en 40.1s
[ACTUALIZAR PAGOS · AUTO] ⏱ TOTAL descargas en paralelo: 40.1s
[ACTUALIZAR PAGOS · AUTO] ✅ DescargasParalelasPaso finalizado. (⏱ 41.6s)
[ACTUALIZAR PAGOS · AUTO] ✓ [DescargasParalelasPaso] Completado.
[ACTUALIZAR PAGOS · AUTO] ▶ [CompararActasPaso] Iniciando...
[ACTUALIZAR PAGOS · AUTO] ==================================================
[ACTUALIZAR PAGOS · AUTO] 🚀 PASO: CompararActasPaso
[ACTUALIZAR PAGOS · AUTO] ==================================================
[ACTUALIZAR PAGOS · AUTO] 🔍 Comparando actas del SEMyT contra pagos del Juzgado...
[ACTUALIZAR PAGOS · AUTO] ================================================================================
[ACTUALIZAR PAGOS · AUTO] INICIANDO PROCESO DE GENERACIÓN DE PAGOS DESACTUALIZADOS
[ACTUALIZAR PAGOS · AUTO] ================================================================================
[ACTUALIZAR PAGOS · AUTO] 📂 Cargando archivos...
[ACTUALIZAR PAGOS · AUTO]   ✓ Pagos: 16862 registros
[ACTUALIZAR PAGOS · AUTO]   ✓ Excel SIGEMI (multas vencidas viejas): 103582 registros
[ACTUALIZAR PAGOS · AUTO]   ✓ Excel Juzgado (multas vencidas nuevas): 40127 registros
[ACTUALIZAR PAGOS · AUTO] ================================================================================
[ACTUALIZAR PAGOS · AUTO] PASO 1: LLENANDO ACTA_NUMERO (búsqueda por patente + fecha, con desempate por hora)
[ACTUALIZAR PAGOS · AUTO] ================================================================================
[ACTUALIZAR PAGOS · AUTO] 📊 ESTADÍSTICAS DE LLENADO DE ACTAS:
[ACTUALIZAR PAGOS · AUTO]   • Pagos con acta ORIGINAL: 2873
[ACTUALIZAR PAGOS · AUTO]   • Pagos SIN acta (buscados): 13989
[ACTUALIZAR PAGOS · AUTO]   • Pagos LLENADOS exitosamente: 3
[ACTUALIZAR PAGOS · AUTO]   • Pagos NO encontrados en multas: 13986
[ACTUALIZAR PAGOS · AUTO]   • Pagos SIN RESOLVER por desbalance de cantidades: 0
[ACTUALIZAR PAGOS · AUTO] ================================================================================
[ACTUALIZAR PAGOS · AUTO] PASO 1: LLENANDO ACTA_NUMERO (búsqueda por patente + fecha, con desempate por hora)
[ACTUALIZAR PAGOS · AUTO] ================================================================================
[ACTUALIZAR PAGOS · AUTO] 📊 ESTADÍSTICAS DE LLENADO DE ACTAS:
[ACTUALIZAR PAGOS · AUTO]   • Pagos con acta ORIGINAL: 2876
[ACTUALIZAR PAGOS · AUTO]   • Pagos SIN acta (buscados): 13986
[ACTUALIZAR PAGOS · AUTO]   • Pagos LLENADOS exitosamente: 0
[ACTUALIZAR PAGOS · AUTO]   • Pagos NO encontrados en multas: 13986
[ACTUALIZAR PAGOS · AUTO]   • Pagos SIN RESOLVER por desbalance de cantidades: 0
[ACTUALIZAR PAGOS · AUTO] ⏱ PASO 1 (llenar actas): 17.2s
[ACTUALIZAR PAGOS · AUTO] ================================================================================
[ACTUALIZAR PAGOS · AUTO] PASO 2: FILTRANDO PAGOS CON ACTA_NUMERO COMPLETO
[ACTUALIZAR PAGOS · AUTO] ================================================================================
[ACTUALIZAR PAGOS · AUTO] 📊 ESTADÍSTICAS DE FILTRADO:
[ACTUALIZAR PAGOS · AUTO]   • Pagos TOTALES al inicio: 16862
[ACTUALIZAR PAGOS · AUTO]   • Pagos CON acta (MANTIENEN): 2876
[ACTUALIZAR PAGOS · AUTO]   • Pagos RECHAZADOS (sin coincidencias): 13986
[ACTUALIZAR PAGOS · AUTO] ⚠️  Se eliminaron 13986 registros sin número de acta
[ACTUALIZAR PAGOS · AUTO]      (recordá: esto incluye tanto pagos ya actualizados/pagados
[ACTUALIZAR PAGOS · AUTO]       como pagos que quedaron sin resolver por desbalance en el Paso 1)
[ACTUALIZAR PAGOS · AUTO] ================================================================================
[ACTUALIZAR PAGOS · AUTO] PASO 2-bis: CONFIRMANDO VIGENCIA DE PAGOS DEL SISTEMA NUEVO (contra MULTAS_JUZGADO_CRUCE)
[ACTUALIZAR PAGOS · AUTO] ================================================================================
[ACTUALIZAR PAGOS · AUTO]   ⚠ 2870 pago(s) del sistema nuevo descartados: su acta ya no figura como vencida en MULTAS_JUZGADO_CRUCE (SEMyT ya los actualizó).
[ACTUALIZAR PAGOS · AUTO]   • Pagos del sistema nuevo descartados por ya estar actualizados: 2870
[ACTUALIZAR PAGOS · AUTO] ⏱ PASO 2 (filtrar): 1.2s
[ACTUALIZAR PAGOS · AUTO] 📂 Cargando maestro de causas SIGEMI...
[ACTUALIZAR PAGOS · AUTO]   ✓ Causas totales (maestro): 134069 registros
[ACTUALIZAR PAGOS · AUTO] ⏱ PASO 2.5 (causas simplificado): 0.2s
[ACTUALIZAR PAGOS · AUTO] ================================================================================
[ACTUALIZAR PAGOS · AUTO] PASO 2.5: ARMANDO causas.txt SIMPLIFICADO (cruce contra total_causas_sigemi.txt)
[ACTUALIZAR PAGOS · AUTO] ================================================================================
[ACTUALIZAR PAGOS · AUTO]   • Actas vencidas viejas (multas): 103582
[ACTUALIZAR PAGOS · AUTO]   • Causas totales en el maestro SIGEMI: 134069
[ACTUALIZAR PAGOS · AUTO]   • Causas que coinciden (simplificado): 103252
[ACTUALIZAR PAGOS · AUTO]   ✅ Archivo escrito: backend/descargas/causas/causas.txt
[ACTUALIZAR PAGOS · AUTO] ⏱ PASO 2.5 (causas simplificado): 2.7s
[ACTUALIZAR PAGOS · AUTO] ================================================================================
[ACTUALIZAR PAGOS · AUTO] PASO 3: LLENANDO CAUSA_NUMERO (según fecha de cambio de sistema, cruzando por acta + año)
[ACTUALIZAR PAGOS · AUTO] ================================================================================
[ACTUALIZAR PAGOS · AUTO] 📊 ESTADÍSTICAS DE LLENADO DE CAUSAS:
[ACTUALIZAR PAGOS · AUTO]   • Pagos con causa ORIGINAL: 3
[ACTUALIZAR PAGOS · AUTO]   • Causas encontradas en SIGEMI (actas viejas): 3
[ACTUALIZAR PAGOS · AUTO]   • Causas NO encontradas en SIGEMI: 0
[ACTUALIZAR PAGOS · AUTO]   • Causas asignadas automáticamente (actas nuevas): 0
[ACTUALIZAR PAGOS · AUTO] ⏱ PASO 3 (llenar causas): 0.0s
[ACTUALIZAR PAGOS · AUTO] ================================================================================
[ACTUALIZAR PAGOS · AUTO] PASO 4: ORDENANDO POR FECHA Y ACTA_NUMERO
[ACTUALIZAR PAGOS · AUTO] ================================================================================
[ACTUALIZAR PAGOS · AUTO] ✓ Pagos ordenados correctamente
[ACTUALIZAR PAGOS · AUTO]   • Primera entrada: Acta=3337, Fecha=02/07/2024
[ACTUALIZAR PAGOS · AUTO]   • Última entrada: Acta=274344, Fecha=03/03/2026
[ACTUALIZAR PAGOS · AUTO] 📝 Escribiendo archivo de salida...
[ACTUALIZAR PAGOS · AUTO]   ✅ Archivo escrito: backend/descargas/pagos/2026-07-24/PAGOS 20260724 004130.txt
[ACTUALIZAR PAGOS · AUTO]   ✅ Total registros: 782
[ACTUALIZAR PAGOS · AUTO] ⏱ PASO 4 (ordenar y escribir): 0.0s
[ACTUALIZAR PAGOS · AUTO] ================================================================================
[ACTUALIZAR PAGOS · AUTO] ✅ PROCESO COMPLETADO EXITOSAMENTE
[ACTUALIZAR PAGOS · AUTO] ================================================================================
[ACTUALIZAR PAGOS · AUTO] 📊 RESUMEN FINAL DEL PROCESAMIENTO:
[ACTUALIZAR PAGOS · AUTO]   ENTRADA:
[ACTUALIZAR PAGOS · AUTO]     • Pagos originales: 16862
[ACTUALIZAR PAGOS · AUTO]     • Multas SIGEMI cargadas: 103582
[ACTUALIZAR PAGOS · AUTO]     • Multas Juzgado cargadas: 40127
[ACTUALIZAR PAGOS · AUTO]     • Causas simplificadas (usadas para el cruce): 103252
[ACTUALIZAR PAGOS · AUTO]   PROCESO:
[ACTUALIZAR PAGOS · AUTO]     • Pagos rechazados sigemi: 13986
[ACTUALIZAR PAGOS · AUTO]     • Pagos rechazados juzgado: 2870
[ACTUALIZAR PAGOS · AUTO]   SALIDA:
[ACTUALIZAR PAGOS · AUTO]     • Pagos desactualizados procesados: 6
[ACTUALIZAR PAGOS · AUTO]     • Archivo final: backend/descargas/pagos/2026-07-24/PAGOS 20260724 004130.txt
[ACTUALIZAR PAGOS · AUTO]     • Ordenados por fecha: SÍ ✓
[ACTUALIZAR PAGOS · AUTO]     • Todos con ACTA_NUMERO: SÍ ✓
[ACTUALIZAR PAGOS · AUTO]     • Todos con CAUSA_NUMERO: SÍ ✓
[ACTUALIZAR PAGOS · AUTO] ✅ TXT de pagos (ya cruzado con actas y causas) generado en: backend/descargas/pagos/2026-07-24/PAGOS 20260724 004130.txt
[ACTUALIZAR PAGOS · AUTO] 🧹 TXT de pagos crudo eliminado (ya usado en el cruce): backend/descargas/pagos/2026-07-24/PAGOS DESCARGADOS.txt
[ACTUALIZAR PAGOS · AUTO] 🧹 Excel MULTAS_SIGEMI_CRUCE eliminado (ya usado en el cruce): backend/descargas/cache_actas_cruce/MULTAS_SIGEMI_CRUCE.xlsx
[ACTUALIZAR PAGOS · AUTO] 🧹 Excel MULTAS_JUZGADO_CRUCE eliminado (ya usado en el cruce): backend/descargas/cache_actas_cruce/MULTAS_JUZGADO_CRUCE.xlsx
[ACTUALIZAR PAGOS · AUTO] ✅ CompararActasPaso finalizado. (⏱ 49.3s)
[ACTUALIZAR PAGOS · AUTO] ✓ [CompararActasPaso] Completado.
[ACTUALIZAR PAGOS · AUTO] ▶ [CargarPagosPaso] Iniciando...
[ACTUALIZAR PAGOS · AUTO] ==================================================
[ACTUALIZAR PAGOS · AUTO] 🚀 PASO: CargarPagosPaso
[ACTUALIZAR PAGOS · AUTO] ==================================================
[ACTUALIZAR PAGOS · AUTO] 📤 Subiendo TXT de pagos al SEMyT...
[ACTUALIZAR PAGOS · AUTO] ✅ Importación de pagos completada con éxito.
[ACTUALIZAR PAGOS · AUTO] ✅ Archivo TXT de pagos cargado en el SEMyT correctamente.
[ACTUALIZAR PAGOS · AUTO] ✅ CargarPagosPaso finalizado. (⏱ 2.3s)
[ACTUALIZAR PAGOS · AUTO] ✓ [CargarPagosPaso] Completado.
[ACTUALIZAR PAGOS · AUTO] === Ejecución finalizada con éxito ===
🤖 [Automático] Es hora de actualizar pagos. Arrancando...
[ACTUALIZAR PAGOS · AUTO] === Inicio de ejecución: pagos ===
[ACTUALIZAR PAGOS · AUTO] ▶ [LoginSemytPaso] Iniciando...
[ACTUALIZAR PAGOS · AUTO] ==================================================
[ACTUALIZAR PAGOS · AUTO] 🚀 PASO: LoginSemytPaso
[ACTUALIZAR PAGOS · AUTO] ==================================================
[ACTUALIZAR PAGOS · AUTO] Abriendo SEMyT...
[ACTUALIZAR PAGOS · AUTO] ✅ [SEMyT] Sesión existente detectada. Login omitido.
[ACTUALIZAR PAGOS · AUTO] ✅ LoginSemytPaso finalizado. (⏱ 4.4s)
[ACTUALIZAR PAGOS · AUTO] ✓ [LoginSemytPaso] Completado.
[ACTUALIZAR PAGOS · AUTO] ▶ [LoginJuzgadoPaso] Iniciando...
[ACTUALIZAR PAGOS · AUTO] ==================================================
[ACTUALIZAR PAGOS · AUTO] 🚀 PASO: LoginJuzgadoPaso
[ACTUALIZAR PAGOS · AUTO] ==================================================
[ACTUALIZAR PAGOS · AUTO] Abriendo sitio municipalidad (CiDi)...
[ACTUALIZAR PAGOS · AUTO] ✅ [Juzgado] Sesión existente detectada. Login omitido.
[ACTUALIZAR PAGOS · AUTO] ✅ LoginJuzgadoPaso finalizado. (⏱ 2.0s)
[ACTUALIZAR PAGOS · AUTO] ✓ [LoginJuzgadoPaso] Completado.
[ACTUALIZAR PAGOS · AUTO] ▶ [DescargasParalelasPaso] Iniciando...
[ACTUALIZAR PAGOS · AUTO] ==================================================
[ACTUALIZAR PAGOS · AUTO] 🚀 PASO: DescargasParalelasPaso
[ACTUALIZAR PAGOS · AUTO] ==================================================
[ACTUALIZAR PAGOS · AUTO] 📤 Arrancando las 3 descargas en paralelo (mismo browser, páginas separadas)...
[ACTUALIZAR PAGOS · AUTO] Fecha Desde: 27/06/2024
[ACTUALIZAR PAGOS · AUTO] Fecha Hasta: 24/11/2025
[ACTUALIZAR PAGOS · AUTO] Fecha Desde: 25/11/2025
[ACTUALIZAR PAGOS · AUTO] Fecha Hasta: 24/07/2026
[ACTUALIZAR PAGOS · AUTO] Descargando Excel...
[ACTUALIZAR PAGOS · AUTO] Descargando Excel...
⏳ [Automático] Tocaba disparar 'pagos' pero ya hay una ejecución en curso (Actualizar pagos); esperando a que termine; se reintenta en breve sin perder el turno.
[ACTUALIZAR PAGOS · AUTO] Archivo descargado en: backend/descargas/cache_actas_cruce/MULTAS_JUZGADO_CRUCE.xlsx
[ACTUALIZAR PAGOS · AUTO] ⏱ [actas_juzgado] completado en 18.5s
[ACTUALIZAR PAGOS · AUTO] Archivo descargado en: backend/descargas/cache_actas_cruce/MULTAS_SIGEMI_CRUCE.xlsx
[ACTUALIZAR PAGOS · AUTO] ⏱ [actas_sigemi] completado en 38.5s
[ACTUALIZAR PAGOS · AUTO] ✅ TXT de pagos descargado en: backend/descargas/pagos/2026-07-24/PAGOS DESCARGADOS.txt
[ACTUALIZAR PAGOS · AUTO] ⏱ [pagos_txt] completado en 38.6s
[ACTUALIZAR PAGOS · AUTO] ⏱ TOTAL descargas en paralelo: 38.6s
[ACTUALIZAR PAGOS · AUTO] ✅ DescargasParalelasPaso finalizado. (⏱ 39.9s)
[ACTUALIZAR PAGOS · AUTO] ✓ [DescargasParalelasPaso] Completado.
[ACTUALIZAR PAGOS · AUTO] ▶ [CompararActasPaso] Iniciando...
[ACTUALIZAR PAGOS · AUTO] ==================================================
[ACTUALIZAR PAGOS · AUTO] 🚀 PASO: CompararActasPaso
[ACTUALIZAR PAGOS · AUTO] ==================================================
[ACTUALIZAR PAGOS · AUTO] 🔍 Comparando actas del SEMyT contra pagos del Juzgado...
[ACTUALIZAR PAGOS · AUTO] ================================================================================
[ACTUALIZAR PAGOS · AUTO] INICIANDO PROCESO DE GENERACIÓN DE PAGOS DESACTUALIZADOS
[ACTUALIZAR PAGOS · AUTO] ================================================================================
[ACTUALIZAR PAGOS · AUTO] 📂 Cargando archivos...
[ACTUALIZAR PAGOS · AUTO]   ✓ Pagos: 16863 registros
[ACTUALIZAR PAGOS · AUTO]   ✓ Excel SIGEMI (multas vencidas viejas): 103579 registros
[ACTUALIZAR PAGOS · AUTO]   ✓ Excel Juzgado (multas vencidas nuevas): 40124 registros
[ACTUALIZAR PAGOS · AUTO] ================================================================================
[ACTUALIZAR PAGOS · AUTO] PASO 1: LLENANDO ACTA_NUMERO (búsqueda por patente + fecha, con desempate por hora)
[ACTUALIZAR PAGOS · AUTO] ================================================================================
[ACTUALIZAR PAGOS · AUTO] 📊 ESTADÍSTICAS DE LLENADO DE ACTAS:
[ACTUALIZAR PAGOS · AUTO]   • Pagos con acta ORIGINAL: 2873
[ACTUALIZAR PAGOS · AUTO]   • Pagos SIN acta (buscados): 13990
[ACTUALIZAR PAGOS · AUTO]   • Pagos LLENADOS exitosamente: 1
[ACTUALIZAR PAGOS · AUTO]   • Pagos NO encontrados en multas: 13989
[ACTUALIZAR PAGOS · AUTO]   • Pagos SIN RESOLVER por desbalance de cantidades: 0
[ACTUALIZAR PAGOS · AUTO] ================================================================================
[ACTUALIZAR PAGOS · AUTO] PASO 1: LLENANDO ACTA_NUMERO (búsqueda por patente + fecha, con desempate por hora)
[ACTUALIZAR PAGOS · AUTO] ================================================================================
[ACTUALIZAR PAGOS · AUTO] 📊 ESTADÍSTICAS DE LLENADO DE ACTAS:
[ACTUALIZAR PAGOS · AUTO]   • Pagos con acta ORIGINAL: 2874
[ACTUALIZAR PAGOS · AUTO]   • Pagos SIN acta (buscados): 13989
[ACTUALIZAR PAGOS · AUTO]   • Pagos LLENADOS exitosamente: 0
[ACTUALIZAR PAGOS · AUTO]   • Pagos NO encontrados en multas: 13989
[ACTUALIZAR PAGOS · AUTO]   • Pagos SIN RESOLVER por desbalance de cantidades: 0
[ACTUALIZAR PAGOS · AUTO] ⏱ PASO 1 (llenar actas): 16.4s
[ACTUALIZAR PAGOS · AUTO] ================================================================================
[ACTUALIZAR PAGOS · AUTO] PASO 2: FILTRANDO PAGOS CON ACTA_NUMERO COMPLETO
[ACTUALIZAR PAGOS · AUTO] ================================================================================
[ACTUALIZAR PAGOS · AUTO] 📊 ESTADÍSTICAS DE FILTRADO:
[ACTUALIZAR PAGOS · AUTO]   • Pagos TOTALES al inicio: 16863
[ACTUALIZAR PAGOS · AUTO]   • Pagos CON acta (MANTIENEN): 2874
[ACTUALIZAR PAGOS · AUTO]   • Pagos RECHAZADOS (sin coincidencias): 13989
[ACTUALIZAR PAGOS · AUTO] ⚠️  Se eliminaron 13989 registros sin número de acta
[ACTUALIZAR PAGOS · AUTO]      (recordá: esto incluye tanto pagos ya actualizados/pagados
[ACTUALIZAR PAGOS · AUTO]       como pagos que quedaron sin resolver por desbalance en el Paso 1)
[ACTUALIZAR PAGOS · AUTO] ================================================================================
[ACTUALIZAR PAGOS · AUTO] PASO 2-bis: CONFIRMANDO VIGENCIA DE PAGOS DEL SISTEMA NUEVO (contra MULTAS_JUZGADO_CRUCE)
[ACTUALIZAR PAGOS · AUTO] ================================================================================
[ACTUALIZAR PAGOS · AUTO]   ⚠ 2873 pago(s) del sistema nuevo descartados: su acta ya no figura como vencida en MULTAS_JUZGADO_CRUCE (SEMyT ya los actualizó).
[ACTUALIZAR PAGOS · AUTO]   • Pagos del sistema nuevo descartados por ya estar actualizados: 2873
[ACTUALIZAR PAGOS · AUTO] ⏱ PASO 2 (filtrar): 1.2s
[ACTUALIZAR PAGOS · AUTO] 📂 Cargando maestro de causas SIGEMI...
[ACTUALIZAR PAGOS · AUTO]   ✓ Causas totales (maestro): 134069 registros
[ACTUALIZAR PAGOS · AUTO] ⏱ PASO 2.5 (causas simplificado): 0.2s
[ACTUALIZAR PAGOS · AUTO] ================================================================================
[ACTUALIZAR PAGOS · AUTO] PASO 2.5: ARMANDO causas.txt SIMPLIFICADO (cruce contra total_causas_sigemi.txt)
[ACTUALIZAR PAGOS · AUTO] ================================================================================
[ACTUALIZAR PAGOS · AUTO]   • Actas vencidas viejas (multas): 103579
[ACTUALIZAR PAGOS · AUTO]   • Causas totales en el maestro SIGEMI: 134069
[ACTUALIZAR PAGOS · AUTO]   • Causas que coinciden (simplificado): 103249
[ACTUALIZAR PAGOS · AUTO]   ✅ Archivo escrito: backend/descargas/causas/causas.txt
[ACTUALIZAR PAGOS · AUTO] ⏱ PASO 2.5 (causas simplificado): 2.5s
[ACTUALIZAR PAGOS · AUTO] ================================================================================
[ACTUALIZAR PAGOS · AUTO] PASO 3: LLENANDO CAUSA_NUMERO (según fecha de cambio de sistema, cruzando por acta + año)
[ACTUALIZAR PAGOS · AUTO] ================================================================================
[ACTUALIZAR PAGOS · AUTO] 📊 ESTADÍSTICAS DE LLENADO DE CAUSAS:
[ACTUALIZAR PAGOS · AUTO]   • Pagos con causa ORIGINAL: 0
[ACTUALIZAR PAGOS · AUTO]   • Causas encontradas en SIGEMI (actas viejas): 1
[ACTUALIZAR PAGOS · AUTO]   • Causas NO encontradas en SIGEMI: 0
[ACTUALIZAR PAGOS · AUTO]   • Causas asignadas automáticamente (actas nuevas): 0
[ACTUALIZAR PAGOS · AUTO] ⏱ PASO 3 (llenar causas): 0.0s
[ACTUALIZAR PAGOS · AUTO] ================================================================================
[ACTUALIZAR PAGOS · AUTO] PASO 4: ORDENANDO POR FECHA Y ACTA_NUMERO
[ACTUALIZAR PAGOS · AUTO] ================================================================================
[ACTUALIZAR PAGOS · AUTO] ✓ Pagos ordenados correctamente
[ACTUALIZAR PAGOS · AUTO]   • Primera entrada: Acta=6959, Fecha=08/07/2024
[ACTUALIZAR PAGOS · AUTO]   • Última entrada: Acta=6959, Fecha=08/07/2024
[ACTUALIZAR PAGOS · AUTO] 📝 Escribiendo archivo de salida...
[ACTUALIZAR PAGOS · AUTO]   ✅ Archivo escrito: backend/descargas/pagos/2026-07-24/PAGOS 20260724 005320.txt
[ACTUALIZAR PAGOS · AUTO]   ✅ Total registros: 255
[ACTUALIZAR PAGOS · AUTO] ⏱ PASO 4 (ordenar y escribir): 0.0s
[ACTUALIZAR PAGOS · AUTO] ================================================================================
[ACTUALIZAR PAGOS · AUTO] ✅ PROCESO COMPLETADO EXITOSAMENTE
[ACTUALIZAR PAGOS · AUTO] ================================================================================
[ACTUALIZAR PAGOS · AUTO] 📊 RESUMEN FINAL DEL PROCESAMIENTO:
[ACTUALIZAR PAGOS · AUTO]   ENTRADA:
[ACTUALIZAR PAGOS · AUTO]     • Pagos originales: 16863
[ACTUALIZAR PAGOS · AUTO]     • Multas SIGEMI cargadas: 103579
[ACTUALIZAR PAGOS · AUTO]     • Multas Juzgado cargadas: 40124
[ACTUALIZAR PAGOS · AUTO]     • Causas simplificadas (usadas para el cruce): 103249
[ACTUALIZAR PAGOS · AUTO]   PROCESO:
[ACTUALIZAR PAGOS · AUTO]     • Pagos rechazados sigemi: 13989
[ACTUALIZAR PAGOS · AUTO]     • Pagos rechazados juzgado: 2873
[ACTUALIZAR PAGOS · AUTO]   SALIDA:
[ACTUALIZAR PAGOS · AUTO]     • Pagos desactualizados procesados: 1
[ACTUALIZAR PAGOS · AUTO]     • Archivo final: backend/descargas/pagos/2026-07-24/PAGOS 20260724 005320.txt
[ACTUALIZAR PAGOS · AUTO]     • Ordenados por fecha: SÍ ✓
[ACTUALIZAR PAGOS · AUTO]     • Todos con ACTA_NUMERO: SÍ ✓
[ACTUALIZAR PAGOS · AUTO]     • Todos con CAUSA_NUMERO: SÍ ✓
[ACTUALIZAR PAGOS · AUTO] ✅ TXT de pagos (ya cruzado con actas y causas) generado en: backend/descargas/pagos/2026-07-24/PAGOS 20260724 005320.txt
[ACTUALIZAR PAGOS · AUTO] 🧹 TXT de pagos crudo eliminado (ya usado en el cruce): backend/descargas/pagos/2026-07-24/PAGOS DESCARGADOS.txt
[ACTUALIZAR PAGOS · AUTO] 🧹 Excel MULTAS_SIGEMI_CRUCE eliminado (ya usado en el cruce): backend/descargas/cache_actas_cruce/MULTAS_SIGEMI_CRUCE.xlsx
[ACTUALIZAR PAGOS · AUTO] 🧹 Excel MULTAS_JUZGADO_CRUCE eliminado (ya usado en el cruce): backend/descargas/cache_actas_cruce/MULTAS_JUZGADO_CRUCE.xlsx
[ACTUALIZAR PAGOS · AUTO] ✅ CompararActasPaso finalizado. (⏱ 46.1s)
[ACTUALIZAR PAGOS · AUTO] ✓ [CompararActasPaso] Completado.
[ACTUALIZAR PAGOS · AUTO] ▶ [CargarPagosPaso] Iniciando...
[ACTUALIZAR PAGOS · AUTO] ==================================================
[ACTUALIZAR PAGOS · AUTO] 🚀 PASO: CargarPagosPaso
[ACTUALIZAR PAGOS · AUTO] ==================================================
[ACTUALIZAR PAGOS · AUTO] 📤 Subiendo TXT de pagos al SEMyT...
[ACTUALIZAR PAGOS · AUTO] ✅ Importación de pagos completada con éxito.
[ACTUALIZAR PAGOS · AUTO] ✅ Archivo TXT de pagos cargado en el SEMyT correctamente.
[ACTUALIZAR PAGOS · AUTO] ✅ CargarPagosPaso finalizado. (⏱ 3.8s)
[ACTUALIZAR PAGOS · AUTO] ✓ [CargarPagosPaso] Completado.
[ACTUALIZAR PAGOS · AUTO] === Ejecución finalizada con éxito ===
🤖 [Automático] Es hora de actualizar pagos. Arrancando...
[ACTUALIZAR PAGOS · AUTO] === Inicio de ejecución: pagos ===
[ACTUALIZAR PAGOS · AUTO] ▶ [LoginSemytPaso] Iniciando...
[ACTUALIZAR PAGOS · AUTO] ==================================================
[ACTUALIZAR PAGOS · AUTO] 🚀 PASO: LoginSemytPaso
[ACTUALIZAR PAGOS · AUTO] ==================================================
[ACTUALIZAR PAGOS · AUTO] Abriendo SEMyT...
[ACTUALIZAR PAGOS · AUTO] ✅ [SEMyT] Sesión existente detectada. Login omitido.
[ACTUALIZAR PAGOS · AUTO] ✅ LoginSemytPaso finalizado. (⏱ 4.3s)
[ACTUALIZAR PAGOS · AUTO] ✓ [LoginSemytPaso] Completado.
[ACTUALIZAR PAGOS · AUTO] ▶ [LoginJuzgadoPaso] Iniciando...
[ACTUALIZAR PAGOS · AUTO] ==================================================
[ACTUALIZAR PAGOS · AUTO] 🚀 PASO: LoginJuzgadoPaso
[ACTUALIZAR PAGOS · AUTO] ==================================================
[ACTUALIZAR PAGOS · AUTO] Abriendo sitio municipalidad (CiDi)...
[ACTUALIZAR PAGOS · AUTO] ✅ [Juzgado] Sesión existente detectada. Login omitido.
[ACTUALIZAR PAGOS · AUTO] ✅ LoginJuzgadoPaso finalizado. (⏱ 1.2s)
[ACTUALIZAR PAGOS · AUTO] ✓ [LoginJuzgadoPaso] Completado.
[ACTUALIZAR PAGOS · AUTO] ▶ [DescargasParalelasPaso] Iniciando...
[ACTUALIZAR PAGOS · AUTO] ==================================================
[ACTUALIZAR PAGOS · AUTO] 🚀 PASO: DescargasParalelasPaso
[ACTUALIZAR PAGOS · AUTO] ==================================================
[ACTUALIZAR PAGOS · AUTO] 📤 Arrancando las 3 descargas en paralelo (mismo browser, páginas separadas)...
[ACTUALIZAR PAGOS · AUTO] Fecha Desde: 27/06/2024
[ACTUALIZAR PAGOS · AUTO] Fecha Hasta: 24/11/2025
[ACTUALIZAR PAGOS · AUTO] Fecha Desde: 25/11/2025
[ACTUALIZAR PAGOS · AUTO] Fecha Hasta: 24/07/2026
[ACTUALIZAR PAGOS · AUTO] Descargando Excel...
[ACTUALIZAR PAGOS · AUTO] Descargando Excel...
⏳ [Automático] Tocaba disparar 'pagos' pero ya hay una ejecución en curso (Actualizar pagos); esperando a que termine; se reintenta en breve sin perder el turno.
[ACTUALIZAR PAGOS · AUTO] Archivo descargado en: backend/descargas/cache_actas_cruce/MULTAS_JUZGADO_CRUCE.xlsx
[ACTUALIZAR PAGOS · AUTO] ⏱ [actas_juzgado] completado en 17.9s
[ACTUALIZAR PAGOS · AUTO] Archivo descargado en: backend/descargas/cache_actas_cruce/MULTAS_SIGEMI_CRUCE.xlsx
[ACTUALIZAR PAGOS · AUTO] ⏱ [actas_sigemi] completado en 38.7s
[ACTUALIZAR PAGOS · AUTO] ✅ TXT de pagos descargado en: backend/descargas/pagos/2026-07-24/PAGOS DESCARGADOS.txt
[ACTUALIZAR PAGOS · AUTO] ⏱ [pagos_txt] completado en 38.7s
[ACTUALIZAR PAGOS · AUTO] ⏱ TOTAL descargas en paralelo: 38.8s
[ACTUALIZAR PAGOS · AUTO] ✅ DescargasParalelasPaso finalizado. (⏱ 40.2s)
[ACTUALIZAR PAGOS · AUTO] ✓ [DescargasParalelasPaso] Completado.
[ACTUALIZAR PAGOS · AUTO] ▶ [CompararActasPaso] Iniciando...
[ACTUALIZAR PAGOS · AUTO] ==================================================
[ACTUALIZAR PAGOS · AUTO] 🚀 PASO: CompararActasPaso
[ACTUALIZAR PAGOS · AUTO] ==================================================
[ACTUALIZAR PAGOS · AUTO] 🔍 Comparando actas del SEMyT contra pagos del Juzgado...
[ACTUALIZAR PAGOS · AUTO] ================================================================================
[ACTUALIZAR PAGOS · AUTO] INICIANDO PROCESO DE GENERACIÓN DE PAGOS DESACTUALIZADOS
[ACTUALIZAR PAGOS · AUTO] ================================================================================
[ACTUALIZAR PAGOS · AUTO] 📂 Cargando archivos...
[ACTUALIZAR PAGOS · AUTO]   ✓ Pagos: 16865 registros
[ACTUALIZAR PAGOS · AUTO]   ✓ Excel SIGEMI (multas vencidas viejas): 103578 registros
[ACTUALIZAR PAGOS · AUTO]   ✓ Excel Juzgado (multas vencidas nuevas): 40124 registros
[ACTUALIZAR PAGOS · AUTO] ================================================================================
[ACTUALIZAR PAGOS · AUTO] PASO 1: LLENANDO ACTA_NUMERO (búsqueda por patente + fecha, con desempate por hora)
[ACTUALIZAR PAGOS · AUTO] ================================================================================
[ACTUALIZAR PAGOS · AUTO] 📊 ESTADÍSTICAS DE LLENADO DE ACTAS:
[ACTUALIZAR PAGOS · AUTO]   • Pagos con acta ORIGINAL: 2874
[ACTUALIZAR PAGOS · AUTO]   • Pagos SIN acta (buscados): 13991
[ACTUALIZAR PAGOS · AUTO]   • Pagos LLENADOS exitosamente: 1
[ACTUALIZAR PAGOS · AUTO]   • Pagos NO encontrados en multas: 13990
[ACTUALIZAR PAGOS · AUTO]   • Pagos SIN RESOLVER por desbalance de cantidades: 0
[ACTUALIZAR PAGOS · AUTO] ================================================================================
[ACTUALIZAR PAGOS · AUTO] PASO 1: LLENANDO ACTA_NUMERO (búsqueda por patente + fecha, con desempate por hora)
[ACTUALIZAR PAGOS · AUTO] ================================================================================
[ACTUALIZAR PAGOS · AUTO] 📊 ESTADÍSTICAS DE LLENADO DE ACTAS:
[ACTUALIZAR PAGOS · AUTO]   • Pagos con acta ORIGINAL: 2875
[ACTUALIZAR PAGOS · AUTO]   • Pagos SIN acta (buscados): 13990
[ACTUALIZAR PAGOS · AUTO]   • Pagos LLENADOS exitosamente: 0
[ACTUALIZAR PAGOS · AUTO]   • Pagos NO encontrados en multas: 13990
[ACTUALIZAR PAGOS · AUTO]   • Pagos SIN RESOLVER por desbalance de cantidades: 0
[ACTUALIZAR PAGOS · AUTO] ⏱ PASO 1 (llenar actas): 15.9s
[ACTUALIZAR PAGOS · AUTO] ================================================================================
[ACTUALIZAR PAGOS · AUTO] PASO 2: FILTRANDO PAGOS CON ACTA_NUMERO COMPLETO
[ACTUALIZAR PAGOS · AUTO] ================================================================================
[ACTUALIZAR PAGOS · AUTO] 📊 ESTADÍSTICAS DE FILTRADO:
[ACTUALIZAR PAGOS · AUTO]   • Pagos TOTALES al inicio: 16865
[ACTUALIZAR PAGOS · AUTO]   • Pagos CON acta (MANTIENEN): 2875
[ACTUALIZAR PAGOS · AUTO]   • Pagos RECHAZADOS (sin coincidencias): 13990
[ACTUALIZAR PAGOS · AUTO] ⚠️  Se eliminaron 13990 registros sin número de acta
[ACTUALIZAR PAGOS · AUTO]      (recordá: esto incluye tanto pagos ya actualizados/pagados
[ACTUALIZAR PAGOS · AUTO]       como pagos que quedaron sin resolver por desbalance en el Paso 1)
[ACTUALIZAR PAGOS · AUTO] ================================================================================
[ACTUALIZAR PAGOS · AUTO] PASO 2-bis: CONFIRMANDO VIGENCIA DE PAGOS DEL SISTEMA NUEVO (contra MULTAS_JUZGADO_CRUCE)
[ACTUALIZAR PAGOS · AUTO] ================================================================================
[ACTUALIZAR PAGOS · AUTO]   ⚠ 2873 pago(s) del sistema nuevo descartados: su acta ya no figura como vencida en MULTAS_JUZGADO_CRUCE (SEMyT ya los actualizó).
[ACTUALIZAR PAGOS · AUTO]   • Pagos del sistema nuevo descartados por ya estar actualizados: 2873
[ACTUALIZAR PAGOS · AUTO] ⏱ PASO 2 (filtrar): 1.2s
[ACTUALIZAR PAGOS · AUTO] 📂 Cargando maestro de causas SIGEMI...
[ACTUALIZAR PAGOS · AUTO]   ✓ Causas totales (maestro): 134069 registros
[ACTUALIZAR PAGOS · AUTO] ⏱ PASO 2.5 (causas simplificado): 0.2s
[ACTUALIZAR PAGOS · AUTO] ================================================================================
[ACTUALIZAR PAGOS · AUTO] PASO 2.5: ARMANDO causas.txt SIMPLIFICADO (cruce contra total_causas_sigemi.txt)
[ACTUALIZAR PAGOS · AUTO] ================================================================================
[ACTUALIZAR PAGOS · AUTO]   • Actas vencidas viejas (multas): 103578
[ACTUALIZAR PAGOS · AUTO]   • Causas totales en el maestro SIGEMI: 134069
[ACTUALIZAR PAGOS · AUTO]   • Causas que coinciden (simplificado): 103248
[ACTUALIZAR PAGOS · AUTO]   ✅ Archivo escrito: backend/descargas/causas/causas.txt
[ACTUALIZAR PAGOS · AUTO] ⏱ PASO 2.5 (causas simplificado): 2.5s
[ACTUALIZAR PAGOS · AUTO] ================================================================================
[ACTUALIZAR PAGOS · AUTO] PASO 3: LLENANDO CAUSA_NUMERO (según fecha de cambio de sistema, cruzando por acta + año)
[ACTUALIZAR PAGOS · AUTO] ================================================================================
[ACTUALIZAR PAGOS · AUTO] 📊 ESTADÍSTICAS DE LLENADO DE CAUSAS:
[ACTUALIZAR PAGOS · AUTO]   • Pagos con causa ORIGINAL: 1
[ACTUALIZAR PAGOS · AUTO]   • Causas encontradas en SIGEMI (actas viejas): 1
[ACTUALIZAR PAGOS · AUTO]   • Causas NO encontradas en SIGEMI: 0
[ACTUALIZAR PAGOS · AUTO]   • Causas asignadas automáticamente (actas nuevas): 0
[ACTUALIZAR PAGOS · AUTO] ⏱ PASO 3 (llenar causas): 0.0s
[ACTUALIZAR PAGOS · AUTO] ================================================================================
[ACTUALIZAR PAGOS · AUTO] PASO 4: ORDENANDO POR FECHA Y ACTA_NUMERO
[ACTUALIZAR PAGOS · AUTO] ================================================================================
[ACTUALIZAR PAGOS · AUTO] ✓ Pagos ordenados correctamente
[ACTUALIZAR PAGOS · AUTO]   • Primera entrada: Acta=5273, Fecha=04/07/2024
[ACTUALIZAR PAGOS · AUTO]   • Última entrada: Acta=276199, Fecha=06/03/2026
[ACTUALIZAR PAGOS · AUTO] 📝 Escribiendo archivo de salida...
[ACTUALIZAR PAGOS · AUTO]   ✅ Archivo escrito: backend/descargas/pagos/2026-07-24/PAGOS 20260724 010512.txt
[ACTUALIZAR PAGOS · AUTO]   ✅ Total registros: 359
[ACTUALIZAR PAGOS · AUTO] ⏱ PASO 4 (ordenar y escribir): 0.0s
[ACTUALIZAR PAGOS · AUTO] ================================================================================
[ACTUALIZAR PAGOS · AUTO] ✅ PROCESO COMPLETADO EXITOSAMENTE
[ACTUALIZAR PAGOS · AUTO] ================================================================================
[ACTUALIZAR PAGOS · AUTO] 📊 RESUMEN FINAL DEL PROCESAMIENTO:
[ACTUALIZAR PAGOS · AUTO]   ENTRADA:
[ACTUALIZAR PAGOS · AUTO]     • Pagos originales: 16865
[ACTUALIZAR PAGOS · AUTO]     • Multas SIGEMI cargadas: 103578
[ACTUALIZAR PAGOS · AUTO]     • Multas Juzgado cargadas: 40124
[ACTUALIZAR PAGOS · AUTO]     • Causas simplificadas (usadas para el cruce): 103248
[ACTUALIZAR PAGOS · AUTO]   PROCESO:
[ACTUALIZAR PAGOS · AUTO]     • Pagos rechazados sigemi: 13990
[ACTUALIZAR PAGOS · AUTO]     • Pagos rechazados juzgado: 2873
[ACTUALIZAR PAGOS · AUTO]   SALIDA:
[ACTUALIZAR PAGOS · AUTO]     • Pagos desactualizados procesados: 2
[ACTUALIZAR PAGOS · AUTO]     • Archivo final: backend/descargas/pagos/2026-07-24/PAGOS 20260724 010512.txt
[ACTUALIZAR PAGOS · AUTO]     • Ordenados por fecha: SÍ ✓
[ACTUALIZAR PAGOS · AUTO]     • Todos con ACTA_NUMERO: SÍ ✓
[ACTUALIZAR PAGOS · AUTO]     • Todos con CAUSA_NUMERO: SÍ ✓
[ACTUALIZAR PAGOS · AUTO] ✅ TXT de pagos (ya cruzado con actas y causas) generado en: backend/descargas/pagos/2026-07-24/PAGOS 20260724 010512.txt
[ACTUALIZAR PAGOS · AUTO] 🧹 TXT de pagos crudo eliminado (ya usado en el cruce): backend/descargas/pagos/2026-07-24/PAGOS DESCARGADOS.txt
[ACTUALIZAR PAGOS · AUTO] 🧹 Excel MULTAS_SIGEMI_CRUCE eliminado (ya usado en el cruce): backend/descargas/cache_actas_cruce/MULTAS_SIGEMI_CRUCE.xlsx
[ACTUALIZAR PAGOS · AUTO] 🧹 Excel MULTAS_JUZGADO_CRUCE eliminado (ya usado en el cruce): backend/descargas/cache_actas_cruce/MULTAS_JUZGADO_CRUCE.xlsx
[ACTUALIZAR PAGOS · AUTO] ✅ CompararActasPaso finalizado. (⏱ 46.8s)
[ACTUALIZAR PAGOS · AUTO] ✓ [CompararActasPaso] Completado.
[ACTUALIZAR PAGOS · AUTO] ▶ [CargarPagosPaso] Iniciando...
[ACTUALIZAR PAGOS · AUTO] ==================================================
[ACTUALIZAR PAGOS · AUTO] 🚀 PASO: CargarPagosPaso
[ACTUALIZAR PAGOS · AUTO] ==================================================
[ACTUALIZAR PAGOS · AUTO] 📤 Subiendo TXT de pagos al SEMyT...
[ACTUALIZAR PAGOS · AUTO] ✅ Importación de pagos completada con éxito.
[ACTUALIZAR PAGOS · AUTO] ✅ Archivo TXT de pagos cargado en el SEMyT correctamente.
[ACTUALIZAR PAGOS · AUTO] ✅ CargarPagosPaso finalizado. (⏱ 3.6s)
[ACTUALIZAR PAGOS · AUTO] ✓ [CargarPagosPaso] Completado.
[ACTUALIZAR PAGOS · AUTO] === Ejecución finalizada con éxito ===
🤖 [Automático] Es hora de actualizar pagos. Arrancando...
[ACTUALIZAR PAGOS · AUTO] === Inicio de ejecución: pagos ===
[ACTUALIZAR PAGOS · AUTO] ▶ [LoginSemytPaso] Iniciando...
[ACTUALIZAR PAGOS · AUTO] ==================================================
[ACTUALIZAR PAGOS · AUTO] 🚀 PASO: LoginSemytPaso
[ACTUALIZAR PAGOS · AUTO] ==================================================
[ACTUALIZAR PAGOS · AUTO] Abriendo SEMyT...
[ACTUALIZAR PAGOS · AUTO] ✅ [SEMyT] Sesión existente detectada. Login omitido.
[ACTUALIZAR PAGOS · AUTO] ✅ LoginSemytPaso finalizado. (⏱ 4.2s)
[ACTUALIZAR PAGOS · AUTO] ✓ [LoginSemytPaso] Completado.
[ACTUALIZAR PAGOS · AUTO] ▶ [LoginJuzgadoPaso] Iniciando...
[ACTUALIZAR PAGOS · AUTO] ==================================================
[ACTUALIZAR PAGOS · AUTO] 🚀 PASO: LoginJuzgadoPaso
[ACTUALIZAR PAGOS · AUTO] ==================================================
[ACTUALIZAR PAGOS · AUTO] Abriendo sitio municipalidad (CiDi)...
[ACTUALIZAR PAGOS · AUTO] ✅ [Juzgado] Sesión existente detectada. Login omitido.
[ACTUALIZAR PAGOS · AUTO] ✅ LoginJuzgadoPaso finalizado. (⏱ 1.2s)
[ACTUALIZAR PAGOS · AUTO] ✓ [LoginJuzgadoPaso] Completado.
[ACTUALIZAR PAGOS · AUTO] ▶ [DescargasParalelasPaso] Iniciando...
[ACTUALIZAR PAGOS · AUTO] ==================================================
[ACTUALIZAR PAGOS · AUTO] 🚀 PASO: DescargasParalelasPaso
[ACTUALIZAR PAGOS · AUTO] ==================================================
[ACTUALIZAR PAGOS · AUTO] 📤 Arrancando las 3 descargas en paralelo (mismo browser, páginas separadas)...
[ACTUALIZAR PAGOS · AUTO] Fecha Desde: 27/06/2024
[ACTUALIZAR PAGOS · AUTO] Fecha Hasta: 24/11/2025
[ACTUALIZAR PAGOS · AUTO] Fecha Desde: 25/11/2025
[ACTUALIZAR PAGOS · AUTO] Fecha Hasta: 24/07/2026
[ACTUALIZAR PAGOS · AUTO] Descargando Excel...
[ACTUALIZAR PAGOS · AUTO] Descargando Excel...
⏳ [Automático] Tocaba disparar 'pagos' pero ya hay una ejecución en curso (Actualizar pagos); esperando a que termine; se reintenta en breve sin perder el turno.
[ACTUALIZAR PAGOS · AUTO] Archivo descargado en: backend/descargas/cache_actas_cruce/MULTAS_JUZGADO_CRUCE.xlsx
[ACTUALIZAR PAGOS · AUTO] ⏱ [actas_juzgado] completado en 17.2s
[ACTUALIZAR PAGOS · AUTO] Archivo descargado en: backend/descargas/cache_actas_cruce/MULTAS_SIGEMI_CRUCE.xlsx
[ACTUALIZAR PAGOS · AUTO] ⏱ [actas_sigemi] completado en 38.3s
[ACTUALIZAR PAGOS · AUTO] ✅ TXT de pagos descargado en: backend/descargas/pagos/2026-07-24/PAGOS DESCARGADOS.txt
[ACTUALIZAR PAGOS · AUTO] ⏱ [pagos_txt] completado en 38.4s
[ACTUALIZAR PAGOS · AUTO] ⏱ TOTAL descargas en paralelo: 38.4s
[ACTUALIZAR PAGOS · AUTO] ✅ DescargasParalelasPaso finalizado. (⏱ 39.8s)
[ACTUALIZAR PAGOS · AUTO] ✓ [DescargasParalelasPaso] Completado.
[ACTUALIZAR PAGOS · AUTO] ▶ [CompararActasPaso] Iniciando...
[ACTUALIZAR PAGOS · AUTO] ==================================================
[ACTUALIZAR PAGOS · AUTO] 🚀 PASO: CompararActasPaso
[ACTUALIZAR PAGOS · AUTO] ==================================================
[ACTUALIZAR PAGOS · AUTO] 🔍 Comparando actas del SEMyT contra pagos del Juzgado...
[ACTUALIZAR PAGOS · AUTO] ================================================================================
[ACTUALIZAR PAGOS · AUTO] INICIANDO PROCESO DE GENERACIÓN DE PAGOS DESACTUALIZADOS
[ACTUALIZAR PAGOS · AUTO] ================================================================================
[ACTUALIZAR PAGOS · AUTO] 📂 Cargando archivos...
[ACTUALIZAR PAGOS · AUTO]   ✓ Pagos: 16865 registros
[ACTUALIZAR PAGOS · AUTO]   ✓ Excel SIGEMI (multas vencidas viejas): 103577 registros
[ACTUALIZAR PAGOS · AUTO]   ✓ Excel Juzgado (multas vencidas nuevas): 40123 registros
[ACTUALIZAR PAGOS · AUTO] ================================================================================
[ACTUALIZAR PAGOS · AUTO] PASO 1: LLENANDO ACTA_NUMERO (búsqueda por patente + fecha, con desempate por hora)
[ACTUALIZAR PAGOS · AUTO] ================================================================================
[ACTUALIZAR PAGOS · AUTO] 📊 ESTADÍSTICAS DE LLENADO DE ACTAS:
[ACTUALIZAR PAGOS · AUTO]   • Pagos con acta ORIGINAL: 2874
[ACTUALIZAR PAGOS · AUTO]   • Pagos SIN acta (buscados): 13991
[ACTUALIZAR PAGOS · AUTO]   • Pagos LLENADOS exitosamente: 0
[ACTUALIZAR PAGOS · AUTO]   • Pagos NO encontrados en multas: 13991
[ACTUALIZAR PAGOS · AUTO]   • Pagos SIN RESOLVER por desbalance de cantidades: 0
[ACTUALIZAR PAGOS · AUTO] ================================================================================
[ACTUALIZAR PAGOS · AUTO] PASO 1: LLENANDO ACTA_NUMERO (búsqueda por patente + fecha, con desempate por hora)
[ACTUALIZAR PAGOS · AUTO] ================================================================================
[ACTUALIZAR PAGOS · AUTO] 📊 ESTADÍSTICAS DE LLENADO DE ACTAS:
[ACTUALIZAR PAGOS · AUTO]   • Pagos con acta ORIGINAL: 2874
[ACTUALIZAR PAGOS · AUTO]   • Pagos SIN acta (buscados): 13991
[ACTUALIZAR PAGOS · AUTO]   • Pagos LLENADOS exitosamente: 0
[ACTUALIZAR PAGOS · AUTO]   • Pagos NO encontrados en multas: 13991
[ACTUALIZAR PAGOS · AUTO]   • Pagos SIN RESOLVER por desbalance de cantidades: 0
[ACTUALIZAR PAGOS · AUTO] ⏱ PASO 1 (llenar actas): 16.5s
[ACTUALIZAR PAGOS · AUTO] ================================================================================
[ACTUALIZAR PAGOS · AUTO] PASO 2: FILTRANDO PAGOS CON ACTA_NUMERO COMPLETO
[ACTUALIZAR PAGOS · AUTO] ================================================================================
[ACTUALIZAR PAGOS · AUTO] 📊 ESTADÍSTICAS DE FILTRADO:
[ACTUALIZAR PAGOS · AUTO]   • Pagos TOTALES al inicio: 16865
[ACTUALIZAR PAGOS · AUTO]   • Pagos CON acta (MANTIENEN): 2874
[ACTUALIZAR PAGOS · AUTO]   • Pagos RECHAZADOS (sin coincidencias): 13991
[ACTUALIZAR PAGOS · AUTO] ⚠️  Se eliminaron 13991 registros sin número de acta
[ACTUALIZAR PAGOS · AUTO]      (recordá: esto incluye tanto pagos ya actualizados/pagados
[ACTUALIZAR PAGOS · AUTO]       como pagos que quedaron sin resolver por desbalance en el Paso 1)
[ACTUALIZAR PAGOS · AUTO] ================================================================================
[ACTUALIZAR PAGOS · AUTO] PASO 2-bis: CONFIRMANDO VIGENCIA DE PAGOS DEL SISTEMA NUEVO (contra MULTAS_JUZGADO_CRUCE)
[ACTUALIZAR PAGOS · AUTO] ================================================================================
[ACTUALIZAR PAGOS · AUTO]   ⚠ 2874 pago(s) del sistema nuevo descartados: su acta ya no figura como vencida en MULTAS_JUZGADO_CRUCE (SEMyT ya los actualizó).
[ACTUALIZAR PAGOS · AUTO]   • Pagos del sistema nuevo descartados por ya estar actualizados: 2874
[ACTUALIZAR PAGOS · AUTO] ⏱ PASO 2 (filtrar): 1.2s
[ACTUALIZAR PAGOS · AUTO] 📂 Cargando maestro de causas SIGEMI...
[ACTUALIZAR PAGOS · AUTO]   ✓ Causas totales (maestro): 134069 registros
[ACTUALIZAR PAGOS · AUTO] ⏱ PASO 2.5 (causas simplificado): 0.2s
[ACTUALIZAR PAGOS · AUTO] ================================================================================
[ACTUALIZAR PAGOS · AUTO] PASO 2.5: ARMANDO causas.txt SIMPLIFICADO (cruce contra total_causas_sigemi.txt)
[ACTUALIZAR PAGOS · AUTO] ================================================================================
[ACTUALIZAR PAGOS · AUTO]   • Actas vencidas viejas (multas): 103577
[ACTUALIZAR PAGOS · AUTO]   • Causas totales en el maestro SIGEMI: 134069
[ACTUALIZAR PAGOS · AUTO]   • Causas que coinciden (simplificado): 103247
[ACTUALIZAR PAGOS · AUTO]   ✅ Archivo escrito: backend/descargas/causas/causas.txt
[ACTUALIZAR PAGOS · AUTO] ⏱ PASO 2.5 (causas simplificado): 2.5s
[ACTUALIZAR PAGOS · AUTO] ⚠️  NO HAY PAGOS CON ACTA_NUMERO PARA PROCESAR
[ACTUALIZAR PAGOS · AUTO] Creando archivo vacío...
[ACTUALIZAR PAGOS · AUTO] ✅ TXT de pagos (ya cruzado con actas y causas) generado en: backend/descargas/pagos/2026-07-24/PAGOS 20260724 011704.txt
[ACTUALIZAR PAGOS · AUTO] 🧹 TXT de pagos crudo eliminado (ya usado en el cruce): backend/descargas/pagos/2026-07-24/PAGOS DESCARGADOS.txt
[ACTUALIZAR PAGOS · AUTO] 🧹 Excel MULTAS_SIGEMI_CRUCE eliminado (ya usado en el cruce): backend/descargas/cache_actas_cruce/MULTAS_SIGEMI_CRUCE.xlsx
[ACTUALIZAR PAGOS · AUTO] 🧹 Excel MULTAS_JUZGADO_CRUCE eliminado (ya usado en el cruce): backend/descargas/cache_actas_cruce/MULTAS_JUZGADO_CRUCE.xlsx
[ACTUALIZAR PAGOS · AUTO] ✅ CompararActasPaso finalizado. (⏱ 47.5s)
[ACTUALIZAR PAGOS · AUTO] ✓ [CompararActasPaso] Completado.
[ACTUALIZAR PAGOS · AUTO] ▶ [CargarPagosPaso] Iniciando...
[ACTUALIZAR PAGOS · AUTO] ==================================================
[ACTUALIZAR PAGOS · AUTO] 🚀 PASO: CargarPagosPaso
[ACTUALIZAR PAGOS · AUTO] ==================================================
[ACTUALIZAR PAGOS · AUTO] ℹ No se encontraron pagos para actualizar (el TXT final no tiene registros).
[ACTUALIZAR PAGOS · AUTO] 🧹 TXT de pagos sin registros eliminado (nada para subir): backend/descargas/pagos/2026-07-24/PAGOS 20260724 011704.txt
[ACTUALIZAR PAGOS · AUTO] ⏭ Se omite la carga al SEMyT.
[ACTUALIZAR PAGOS · AUTO] ✅ CargarPagosPaso finalizado. (⏱ 0.0s)
[ACTUALIZAR PAGOS · AUTO] ✓ [CargarPagosPaso] Completado.
[ACTUALIZAR PAGOS · AUTO] === Ejecución finalizada con éxito ===
[ACTUALIZAR PAGOS · AUTO] ℹ No se subió ningún archivo a ningún sistema externo en esta corrida: por política, el log detallado no se conserva en disco.
🤖 [Automático] Es hora de actualizar pagos. Arrancando...
[ACTUALIZAR PAGOS · AUTO] === Inicio de ejecución: pagos ===
[ACTUALIZAR PAGOS · AUTO] ▶ [LoginSemytPaso] Iniciando...
[ACTUALIZAR PAGOS · AUTO] ==================================================
[ACTUALIZAR PAGOS · AUTO] 🚀 PASO: LoginSemytPaso
[ACTUALIZAR PAGOS · AUTO] ==================================================
[ACTUALIZAR PAGOS · AUTO] Abriendo SEMyT...
[ACTUALIZAR PAGOS · AUTO] ✅ [SEMyT] Sesión existente detectada. Login omitido.
[ACTUALIZAR PAGOS · AUTO] ✅ LoginSemytPaso finalizado. (⏱ 4.2s)
[ACTUALIZAR PAGOS · AUTO] ✓ [LoginSemytPaso] Completado.
[ACTUALIZAR PAGOS · AUTO] ▶ [LoginJuzgadoPaso] Iniciando...
[ACTUALIZAR PAGOS · AUTO] ==================================================
[ACTUALIZAR PAGOS · AUTO] 🚀 PASO: LoginJuzgadoPaso
[ACTUALIZAR PAGOS · AUTO] ==================================================
[ACTUALIZAR PAGOS · AUTO] Abriendo sitio municipalidad (CiDi)...
[ACTUALIZAR PAGOS · AUTO] ✅ [Juzgado] Sesión existente detectada. Login omitido.
[ACTUALIZAR PAGOS · AUTO] ✅ LoginJuzgadoPaso finalizado. (⏱ 1.2s)
[ACTUALIZAR PAGOS · AUTO] ✓ [LoginJuzgadoPaso] Completado.
[ACTUALIZAR PAGOS · AUTO] ▶ [DescargasParalelasPaso] Iniciando...
[ACTUALIZAR PAGOS · AUTO] ==================================================
[ACTUALIZAR PAGOS · AUTO] 🚀 PASO: DescargasParalelasPaso
[ACTUALIZAR PAGOS · AUTO] ==================================================
[ACTUALIZAR PAGOS · AUTO] 📤 Arrancando las 3 descargas en paralelo (mismo browser, páginas separadas)...
[ACTUALIZAR PAGOS · AUTO] Fecha Desde: 27/06/2024
[ACTUALIZAR PAGOS · AUTO] Fecha Hasta: 24/11/2025
[ACTUALIZAR PAGOS · AUTO] Fecha Desde: 25/11/2025
[ACTUALIZAR PAGOS · AUTO] Fecha Hasta: 24/07/2026
[ACTUALIZAR PAGOS · AUTO] Descargando Excel...
[ACTUALIZAR PAGOS · AUTO] Descargando Excel...
⏳ [Automático] Tocaba disparar 'pagos' pero ya hay una ejecución en curso (Actualizar pagos); esperando a que termine; se reintenta en breve sin perder el turno.
[ACTUALIZAR PAGOS · AUTO] Archivo descargado en: backend/descargas/cache_actas_cruce/MULTAS_JUZGADO_CRUCE.xlsx
[ACTUALIZAR PAGOS · AUTO] ⏱ [actas_juzgado] completado en 18.6s
[ACTUALIZAR PAGOS · AUTO] Archivo descargado en: backend/descargas/cache_actas_cruce/MULTAS_SIGEMI_CRUCE.xlsx
[ACTUALIZAR PAGOS · AUTO] ⏱ [actas_sigemi] completado en 39.0s
[ACTUALIZAR PAGOS · AUTO] ✅ TXT de pagos descargado en: backend/descargas/pagos/2026-07-24/PAGOS DESCARGADOS.txt
[ACTUALIZAR PAGOS · AUTO] ⏱ [pagos_txt] completado en 39.1s
[ACTUALIZAR PAGOS · AUTO] ⏱ TOTAL descargas en paralelo: 39.1s
[ACTUALIZAR PAGOS · AUTO] ✅ DescargasParalelasPaso finalizado. (⏱ 40.5s)
[ACTUALIZAR PAGOS · AUTO] ✓ [DescargasParalelasPaso] Completado.
[ACTUALIZAR PAGOS · AUTO] ▶ [CompararActasPaso] Iniciando...
[ACTUALIZAR PAGOS · AUTO] ==================================================
[ACTUALIZAR PAGOS · AUTO] 🚀 PASO: CompararActasPaso
[ACTUALIZAR PAGOS · AUTO] ==================================================
[ACTUALIZAR PAGOS · AUTO] 🔍 Comparando actas del SEMyT contra pagos del Juzgado...
[ACTUALIZAR PAGOS · AUTO] ================================================================================
[ACTUALIZAR PAGOS · AUTO] INICIANDO PROCESO DE GENERACIÓN DE PAGOS DESACTUALIZADOS
[ACTUALIZAR PAGOS · AUTO] ================================================================================
[ACTUALIZAR PAGOS · AUTO] 📂 Cargando archivos...
[ACTUALIZAR PAGOS · AUTO]   ✓ Pagos: 16865 registros
[ACTUALIZAR PAGOS · AUTO]   ✓ Excel SIGEMI (multas vencidas viejas): 103577 registros
[ACTUALIZAR PAGOS · AUTO]   ✓ Excel Juzgado (multas vencidas nuevas): 40123 registros
[ACTUALIZAR PAGOS · AUTO] ================================================================================
[ACTUALIZAR PAGOS · AUTO] PASO 1: LLENANDO ACTA_NUMERO (búsqueda por patente + fecha, con desempate por hora)
[ACTUALIZAR PAGOS · AUTO] ================================================================================
[ACTUALIZAR PAGOS · AUTO] 📊 ESTADÍSTICAS DE LLENADO DE ACTAS:
[ACTUALIZAR PAGOS · AUTO]   • Pagos con acta ORIGINAL: 2874
[ACTUALIZAR PAGOS · AUTO]   • Pagos SIN acta (buscados): 13991
[ACTUALIZAR PAGOS · AUTO]   • Pagos LLENADOS exitosamente: 0
[ACTUALIZAR PAGOS · AUTO]   • Pagos NO encontrados en multas: 13991
[ACTUALIZAR PAGOS · AUTO]   • Pagos SIN RESOLVER por desbalance de cantidades: 0
[ACTUALIZAR PAGOS · AUTO] ================================================================================
[ACTUALIZAR PAGOS · AUTO] PASO 1: LLENANDO ACTA_NUMERO (búsqueda por patente + fecha, con desempate por hora)
[ACTUALIZAR PAGOS · AUTO] ================================================================================
[ACTUALIZAR PAGOS · AUTO] 📊 ESTADÍSTICAS DE LLENADO DE ACTAS:
[ACTUALIZAR PAGOS · AUTO]   • Pagos con acta ORIGINAL: 2874
[ACTUALIZAR PAGOS · AUTO]   • Pagos SIN acta (buscados): 13991
[ACTUALIZAR PAGOS · AUTO]   • Pagos LLENADOS exitosamente: 0
[ACTUALIZAR PAGOS · AUTO]   • Pagos NO encontrados en multas: 13991
[ACTUALIZAR PAGOS · AUTO]   • Pagos SIN RESOLVER por desbalance de cantidades: 0
[ACTUALIZAR PAGOS · AUTO] ⏱ PASO 1 (llenar actas): 16.7s
[ACTUALIZAR PAGOS · AUTO] ================================================================================
[ACTUALIZAR PAGOS · AUTO] PASO 2: FILTRANDO PAGOS CON ACTA_NUMERO COMPLETO
[ACTUALIZAR PAGOS · AUTO] ================================================================================
[ACTUALIZAR PAGOS · AUTO] 📊 ESTADÍSTICAS DE FILTRADO:
[ACTUALIZAR PAGOS · AUTO]   • Pagos TOTALES al inicio: 16865
[ACTUALIZAR PAGOS · AUTO]   • Pagos CON acta (MANTIENEN): 2874
[ACTUALIZAR PAGOS · AUTO]   • Pagos RECHAZADOS (sin coincidencias): 13991
[ACTUALIZAR PAGOS · AUTO] ⚠️  Se eliminaron 13991 registros sin número de acta
[ACTUALIZAR PAGOS · AUTO]      (recordá: esto incluye tanto pagos ya actualizados/pagados
[ACTUALIZAR PAGOS · AUTO]       como pagos que quedaron sin resolver por desbalance en el Paso 1)
[ACTUALIZAR PAGOS · AUTO] ================================================================================
[ACTUALIZAR PAGOS · AUTO] PASO 2-bis: CONFIRMANDO VIGENCIA DE PAGOS DEL SISTEMA NUEVO (contra MULTAS_JUZGADO_CRUCE)
[ACTUALIZAR PAGOS · AUTO] ================================================================================
[ACTUALIZAR PAGOS · AUTO]   ⚠ 2874 pago(s) del sistema nuevo descartados: su acta ya no figura como vencida en MULTAS_JUZGADO_CRUCE (SEMyT ya los actualizó).
[ACTUALIZAR PAGOS · AUTO]   • Pagos del sistema nuevo descartados por ya estar actualizados: 2874
[ACTUALIZAR PAGOS · AUTO] ⏱ PASO 2 (filtrar): 1.2s
[ACTUALIZAR PAGOS · AUTO] 📂 Cargando maestro de causas SIGEMI...
[ACTUALIZAR PAGOS · AUTO]   ✓ Causas totales (maestro): 134069 registros
[ACTUALIZAR PAGOS · AUTO] ⏱ PASO 2.5 (causas simplificado): 0.2s
[ACTUALIZAR PAGOS · AUTO] ================================================================================
[ACTUALIZAR PAGOS · AUTO] PASO 2.5: ARMANDO causas.txt SIMPLIFICADO (cruce contra total_causas_sigemi.txt)
[ACTUALIZAR PAGOS · AUTO] ================================================================================
[ACTUALIZAR PAGOS · AUTO]   • Actas vencidas viejas (multas): 103577
[ACTUALIZAR PAGOS · AUTO]   • Causas totales en el maestro SIGEMI: 134069
[ACTUALIZAR PAGOS · AUTO]   • Causas que coinciden (simplificado): 103247
[ACTUALIZAR PAGOS · AUTO]   ✅ Archivo escrito: backend/descargas/causas/causas.txt
[ACTUALIZAR PAGOS · AUTO] ⏱ PASO 2.5 (causas simplificado): 2.6s
[ACTUALIZAR PAGOS · AUTO] ⚠️  NO HAY PAGOS CON ACTA_NUMERO PARA PROCESAR
[ACTUALIZAR PAGOS · AUTO] Creando archivo vacío...
[ACTUALIZAR PAGOS · AUTO] ✅ TXT de pagos (ya cruzado con actas y causas) generado en: backend/descargas/pagos/2026-07-24/PAGOS 20260724 012842.txt
[ACTUALIZAR PAGOS · AUTO] 🧹 TXT de pagos crudo eliminado (ya usado en el cruce): backend/descargas/pagos/2026-07-24/PAGOS DESCARGADOS.txt
[ACTUALIZAR PAGOS · AUTO] 🧹 Excel MULTAS_SIGEMI_CRUCE eliminado (ya usado en el cruce): backend/descargas/cache_actas_cruce/MULTAS_SIGEMI_CRUCE.xlsx
[ACTUALIZAR PAGOS · AUTO] 🧹 Excel MULTAS_JUZGADO_CRUCE eliminado (ya usado en el cruce): backend/descargas/cache_actas_cruce/MULTAS_JUZGADO_CRUCE.xlsx
[ACTUALIZAR PAGOS · AUTO] ✅ CompararActasPaso finalizado. (⏱ 47.0s)
[ACTUALIZAR PAGOS · AUTO] ✓ [CompararActasPaso] Completado.
[ACTUALIZAR PAGOS · AUTO] ▶ [CargarPagosPaso] Iniciando...
[ACTUALIZAR PAGOS · AUTO] ==================================================
[ACTUALIZAR PAGOS · AUTO] 🚀 PASO: CargarPagosPaso
[ACTUALIZAR PAGOS · AUTO] ==================================================
[ACTUALIZAR PAGOS · AUTO] ℹ No se encontraron pagos para actualizar (el TXT final no tiene registros).
[ACTUALIZAR PAGOS · AUTO] 🧹 TXT de pagos sin registros eliminado (nada para subir): backend/descargas/pagos/2026-07-24/PAGOS 20260724 012842.txt
[ACTUALIZAR PAGOS · AUTO] ⏭ Se omite la carga al SEMyT.
[ACTUALIZAR PAGOS · AUTO] ✅ CargarPagosPaso finalizado. (⏱ 0.0s)
[ACTUALIZAR PAGOS · AUTO] ✓ [CargarPagosPaso] Completado.
[ACTUALIZAR PAGOS · AUTO] === Ejecución finalizada con éxito ===
[ACTUALIZAR PAGOS · AUTO] ℹ No se subió ningún archivo a ningún sistema externo en esta corrida: por política, el log detallado no se conserva en disco.
🤖 [Automático] Es hora de actualizar pagos. Arrancando...
[ACTUALIZAR PAGOS · AUTO] === Inicio de ejecución: pagos ===
[ACTUALIZAR PAGOS · AUTO] ▶ [LoginSemytPaso] Iniciando...
[ACTUALIZAR PAGOS · AUTO] ==================================================
[ACTUALIZAR PAGOS · AUTO] 🚀 PASO: LoginSemytPaso
[ACTUALIZAR PAGOS · AUTO] ==================================================
[ACTUALIZAR PAGOS · AUTO] Abriendo SEMyT...
[ACTUALIZAR PAGOS · AUTO] ✅ [SEMyT] Sesión existente detectada. Login omitido.
[ACTUALIZAR PAGOS · AUTO] ✅ LoginSemytPaso finalizado. (⏱ 4.1s)
[ACTUALIZAR PAGOS · AUTO] ✓ [LoginSemytPaso] Completado.
[ACTUALIZAR PAGOS · AUTO] ▶ [LoginJuzgadoPaso] Iniciando...
[ACTUALIZAR PAGOS · AUTO] ==================================================
[ACTUALIZAR PAGOS · AUTO] 🚀 PASO: LoginJuzgadoPaso
[ACTUALIZAR PAGOS · AUTO] ==================================================
[ACTUALIZAR PAGOS · AUTO] Abriendo sitio municipalidad (CiDi)...
[ACTUALIZAR PAGOS · AUTO] ✅ [Juzgado] Sesión existente detectada. Login omitido.
[ACTUALIZAR PAGOS · AUTO] ✅ LoginJuzgadoPaso finalizado. (⏱ 1.3s)
[ACTUALIZAR PAGOS · AUTO] ✓ [LoginJuzgadoPaso] Completado.
[ACTUALIZAR PAGOS · AUTO] ▶ [DescargasParalelasPaso] Iniciando...
[ACTUALIZAR PAGOS · AUTO] ==================================================
[ACTUALIZAR PAGOS · AUTO] 🚀 PASO: DescargasParalelasPaso
[ACTUALIZAR PAGOS · AUTO] ==================================================
[ACTUALIZAR PAGOS · AUTO] 📤 Arrancando las 3 descargas en paralelo (mismo browser, páginas separadas)...
[ACTUALIZAR PAGOS · AUTO] Fecha Desde: 27/06/2024
[ACTUALIZAR PAGOS · AUTO] Fecha Hasta: 24/11/2025
[ACTUALIZAR PAGOS · AUTO] Fecha Desde: 25/11/2025
[ACTUALIZAR PAGOS · AUTO] Fecha Hasta: 24/07/2026
[ACTUALIZAR PAGOS · AUTO] Descargando Excel...
[ACTUALIZAR PAGOS · AUTO] Descargando Excel...
⏳ [Automático] Tocaba disparar 'pagos' pero ya hay una ejecución en curso (Actualizar pagos); esperando a que termine; se reintenta en breve sin perder el turno.
[ACTUALIZAR PAGOS · AUTO] Archivo descargado en: backend/descargas/cache_actas_cruce/MULTAS_JUZGADO_CRUCE.xlsx
[ACTUALIZAR PAGOS · AUTO] ⏱ [actas_juzgado] completado en 18.0s
[ACTUALIZAR PAGOS · AUTO] Archivo descargado en: backend/descargas/cache_actas_cruce/MULTAS_SIGEMI_CRUCE.xlsx
[ACTUALIZAR PAGOS · AUTO] ⏱ [actas_sigemi] completado en 39.1s
[ACTUALIZAR PAGOS · AUTO] ✅ TXT de pagos descargado en: backend/descargas/pagos/2026-07-24/PAGOS DESCARGADOS.txt
[ACTUALIZAR PAGOS · AUTO] ⏱ [pagos_txt] completado en 39.2s
[ACTUALIZAR PAGOS · AUTO] ⏱ TOTAL descargas en paralelo: 39.2s
[ACTUALIZAR PAGOS · AUTO] ✅ DescargasParalelasPaso finalizado. (⏱ 40.6s)
[ACTUALIZAR PAGOS · AUTO] ✓ [DescargasParalelasPaso] Completado.
[ACTUALIZAR PAGOS · AUTO] ▶ [CompararActasPaso] Iniciando...
[ACTUALIZAR PAGOS · AUTO] ==================================================
[ACTUALIZAR PAGOS · AUTO] 🚀 PASO: CompararActasPaso
[ACTUALIZAR PAGOS · AUTO] ==================================================
[ACTUALIZAR PAGOS · AUTO] 🔍 Comparando actas del SEMyT contra pagos del Juzgado...
[ACTUALIZAR PAGOS · AUTO] ================================================================================
[ACTUALIZAR PAGOS · AUTO] INICIANDO PROCESO DE GENERACIÓN DE PAGOS DESACTUALIZADOS
[ACTUALIZAR PAGOS · AUTO] ================================================================================
[ACTUALIZAR PAGOS · AUTO] 📂 Cargando archivos...
[ACTUALIZAR PAGOS · AUTO]   ✓ Pagos: 16865 registros
[ACTUALIZAR PAGOS · AUTO]   ✓ Excel SIGEMI (multas vencidas viejas): 103577 registros
[ACTUALIZAR PAGOS · AUTO]   ✓ Excel Juzgado (multas vencidas nuevas): 40123 registros
[ACTUALIZAR PAGOS · AUTO] ================================================================================
[ACTUALIZAR PAGOS · AUTO] PASO 1: LLENANDO ACTA_NUMERO (búsqueda por patente + fecha, con desempate por hora)
[ACTUALIZAR PAGOS · AUTO] ================================================================================
[ACTUALIZAR PAGOS · AUTO] 📊 ESTADÍSTICAS DE LLENADO DE ACTAS:
[ACTUALIZAR PAGOS · AUTO]   • Pagos con acta ORIGINAL: 2874
[ACTUALIZAR PAGOS · AUTO]   • Pagos SIN acta (buscados): 13991
[ACTUALIZAR PAGOS · AUTO]   • Pagos LLENADOS exitosamente: 0
[ACTUALIZAR PAGOS · AUTO]   • Pagos NO encontrados en multas: 13991
[ACTUALIZAR PAGOS · AUTO]   • Pagos SIN RESOLVER por desbalance de cantidades: 0
[ACTUALIZAR PAGOS · AUTO] ================================================================================
[ACTUALIZAR PAGOS · AUTO] PASO 1: LLENANDO ACTA_NUMERO (búsqueda por patente + fecha, con desempate por hora)
[ACTUALIZAR PAGOS · AUTO] ================================================================================
[ACTUALIZAR PAGOS · AUTO] 📊 ESTADÍSTICAS DE LLENADO DE ACTAS:
[ACTUALIZAR PAGOS · AUTO]   • Pagos con acta ORIGINAL: 2874
[ACTUALIZAR PAGOS · AUTO]   • Pagos SIN acta (buscados): 13991
[ACTUALIZAR PAGOS · AUTO]   • Pagos LLENADOS exitosamente: 0
[ACTUALIZAR PAGOS · AUTO]   • Pagos NO encontrados en multas: 13991
[ACTUALIZAR PAGOS · AUTO]   • Pagos SIN RESOLVER por desbalance de cantidades: 0
[ACTUALIZAR PAGOS · AUTO] ⏱ PASO 1 (llenar actas): 16.0s
[ACTUALIZAR PAGOS · AUTO] ================================================================================
[ACTUALIZAR PAGOS · AUTO] PASO 2: FILTRANDO PAGOS CON ACTA_NUMERO COMPLETO
[ACTUALIZAR PAGOS · AUTO] ================================================================================
[ACTUALIZAR PAGOS · AUTO] 📊 ESTADÍSTICAS DE FILTRADO:
[ACTUALIZAR PAGOS · AUTO]   • Pagos TOTALES al inicio: 16865
[ACTUALIZAR PAGOS · AUTO]   • Pagos CON acta (MANTIENEN): 2874
[ACTUALIZAR PAGOS · AUTO]   • Pagos RECHAZADOS (sin coincidencias): 13991
[ACTUALIZAR PAGOS · AUTO] ⚠️  Se eliminaron 13991 registros sin número de acta
[ACTUALIZAR PAGOS · AUTO]      (recordá: esto incluye tanto pagos ya actualizados/pagados
[ACTUALIZAR PAGOS · AUTO]       como pagos que quedaron sin resolver por desbalance en el Paso 1)
[ACTUALIZAR PAGOS · AUTO] ================================================================================
[ACTUALIZAR PAGOS · AUTO] PASO 2-bis: CONFIRMANDO VIGENCIA DE PAGOS DEL SISTEMA NUEVO (contra MULTAS_JUZGADO_CRUCE)
[ACTUALIZAR PAGOS · AUTO] ================================================================================
[ACTUALIZAR PAGOS · AUTO]   ⚠ 2874 pago(s) del sistema nuevo descartados: su acta ya no figura como vencida en MULTAS_JUZGADO_CRUCE (SEMyT ya los actualizó).
[ACTUALIZAR PAGOS · AUTO]   • Pagos del sistema nuevo descartados por ya estar actualizados: 2874
[ACTUALIZAR PAGOS · AUTO] ⏱ PASO 2 (filtrar): 1.2s
[ACTUALIZAR PAGOS · AUTO] 📂 Cargando maestro de causas SIGEMI...
[ACTUALIZAR PAGOS · AUTO]   ✓ Causas totales (maestro): 134069 registros
[ACTUALIZAR PAGOS · AUTO] ⏱ PASO 2.5 (causas simplificado): 0.2s
[ACTUALIZAR PAGOS · AUTO] ================================================================================
[ACTUALIZAR PAGOS · AUTO] PASO 2.5: ARMANDO causas.txt SIMPLIFICADO (cruce contra total_causas_sigemi.txt)
[ACTUALIZAR PAGOS · AUTO] ================================================================================
[ACTUALIZAR PAGOS · AUTO]   • Actas vencidas viejas (multas): 103577
[ACTUALIZAR PAGOS · AUTO]   • Causas totales en el maestro SIGEMI: 134069
[ACTUALIZAR PAGOS · AUTO]   • Causas que coinciden (simplificado): 103247
[ACTUALIZAR PAGOS · AUTO]   ✅ Archivo escrito: backend/descargas/causas/causas.txt
[ACTUALIZAR PAGOS · AUTO] ⏱ PASO 2.5 (causas simplificado): 2.6s
[ACTUALIZAR PAGOS · AUTO] ⚠️  NO HAY PAGOS CON ACTA_NUMERO PARA PROCESAR
[ACTUALIZAR PAGOS · AUTO] Creando archivo vacío...
[ACTUALIZAR PAGOS · AUTO] ✅ TXT de pagos (ya cruzado con actas y causas) generado en: backend/descargas/pagos/2026-07-24/PAGOS 20260724 014019.txt
[ACTUALIZAR PAGOS · AUTO] 🧹 TXT de pagos crudo eliminado (ya usado en el cruce): backend/descargas/pagos/2026-07-24/PAGOS DESCARGADOS.txt
[ACTUALIZAR PAGOS · AUTO] 🧹 Excel MULTAS_SIGEMI_CRUCE eliminado (ya usado en el cruce): backend/descargas/cache_actas_cruce/MULTAS_SIGEMI_CRUCE.xlsx
[ACTUALIZAR PAGOS · AUTO] 🧹 Excel MULTAS_JUZGADO_CRUCE eliminado (ya usado en el cruce): backend/descargas/cache_actas_cruce/MULTAS_JUZGADO_CRUCE.xlsx
[ACTUALIZAR PAGOS · AUTO] ✅ CompararActasPaso finalizado. (⏱ 47.7s)
[ACTUALIZAR PAGOS · AUTO] ✓ [CompararActasPaso] Completado.
[ACTUALIZAR PAGOS · AUTO] ▶ [CargarPagosPaso] Iniciando...
[ACTUALIZAR PAGOS · AUTO] ==================================================
[ACTUALIZAR PAGOS · AUTO] 🚀 PASO: CargarPagosPaso
[ACTUALIZAR PAGOS · AUTO] ==================================================
[ACTUALIZAR PAGOS · AUTO] ℹ No se encontraron pagos para actualizar (el TXT final no tiene registros).
[ACTUALIZAR PAGOS · AUTO] 🧹 TXT de pagos sin registros eliminado (nada para subir): backend/descargas/pagos/2026-07-24/PAGOS 20260724 014019.txt
[ACTUALIZAR PAGOS · AUTO] ⏭ Se omite la carga al SEMyT.
[ACTUALIZAR PAGOS · AUTO] ✅ CargarPagosPaso finalizado. (⏱ 0.0s)
[ACTUALIZAR PAGOS · AUTO] ✓ [CargarPagosPaso] Completado.
[ACTUALIZAR PAGOS · AUTO] === Ejecución finalizada con éxito ===
[ACTUALIZAR PAGOS · AUTO] ℹ No se subió ningún archivo a ningún sistema externo en esta corrida: por política, el log detallado no se conserva en disco.
🤖 [Automático] Es hora de actualizar pagos. Arrancando...
[ACTUALIZAR PAGOS · AUTO] === Inicio de ejecución: pagos ===
[ACTUALIZAR PAGOS · AUTO] ▶ [LoginSemytPaso] Iniciando...
[ACTUALIZAR PAGOS · AUTO] ==================================================
[ACTUALIZAR PAGOS · AUTO] 🚀 PASO: LoginSemytPaso
[ACTUALIZAR PAGOS · AUTO] ==================================================
[ACTUALIZAR PAGOS · AUTO] Abriendo SEMyT...
[ACTUALIZAR PAGOS · AUTO] ✅ [SEMyT] Sesión existente detectada. Login omitido.
[ACTUALIZAR PAGOS · AUTO] ✅ LoginSemytPaso finalizado. (⏱ 3.9s)
[ACTUALIZAR PAGOS · AUTO] ✓ [LoginSemytPaso] Completado.
[ACTUALIZAR PAGOS · AUTO] ▶ [LoginJuzgadoPaso] Iniciando...
[ACTUALIZAR PAGOS · AUTO] ==================================================
[ACTUALIZAR PAGOS · AUTO] 🚀 PASO: LoginJuzgadoPaso
[ACTUALIZAR PAGOS · AUTO] ==================================================
[ACTUALIZAR PAGOS · AUTO] Abriendo sitio municipalidad (CiDi)...
[ACTUALIZAR PAGOS · AUTO] ✅ [Juzgado] Sesión existente detectada. Login omitido.
[ACTUALIZAR PAGOS · AUTO] ✅ LoginJuzgadoPaso finalizado. (⏱ 1.2s)
[ACTUALIZAR PAGOS · AUTO] ✓ [LoginJuzgadoPaso] Completado.
[ACTUALIZAR PAGOS · AUTO] ▶ [DescargasParalelasPaso] Iniciando...
[ACTUALIZAR PAGOS · AUTO] ==================================================
[ACTUALIZAR PAGOS · AUTO] 🚀 PASO: DescargasParalelasPaso
[ACTUALIZAR PAGOS · AUTO] ==================================================
[ACTUALIZAR PAGOS · AUTO] 📤 Arrancando las 3 descargas en paralelo (mismo browser, páginas separadas)...
[ACTUALIZAR PAGOS · AUTO] Fecha Desde: 27/06/2024
[ACTUALIZAR PAGOS · AUTO] Fecha Hasta: 24/11/2025
[ACTUALIZAR PAGOS · AUTO] Fecha Desde: 25/11/2025
[ACTUALIZAR PAGOS · AUTO] Fecha Hasta: 24/07/2026
[ACTUALIZAR PAGOS · AUTO] Descargando Excel...
[ACTUALIZAR PAGOS · AUTO] Descargando Excel...
⏳ [Automático] Tocaba disparar 'pagos' pero ya hay una ejecución en curso (Actualizar pagos); esperando a que termine; se reintenta en breve sin perder el turno.
[ACTUALIZAR PAGOS · AUTO] Archivo descargado en: backend/descargas/cache_actas_cruce/MULTAS_JUZGADO_CRUCE.xlsx
[ACTUALIZAR PAGOS · AUTO] ⏱ [actas_juzgado] completado en 18.8s
[ACTUALIZAR PAGOS · AUTO] Archivo descargado en: backend/descargas/cache_actas_cruce/MULTAS_SIGEMI_CRUCE.xlsx
[ACTUALIZAR PAGOS · AUTO] ⏱ [actas_sigemi] completado en 39.5s
[ACTUALIZAR PAGOS · AUTO] ✅ TXT de pagos descargado en: backend/descargas/pagos/2026-07-24/PAGOS DESCARGADOS.txt
[ACTUALIZAR PAGOS · AUTO] ⏱ [pagos_txt] completado en 39.6s
[ACTUALIZAR PAGOS · AUTO] ⏱ TOTAL descargas en paralelo: 39.6s
[ACTUALIZAR PAGOS · AUTO] ✅ DescargasParalelasPaso finalizado. (⏱ 41.2s)
[ACTUALIZAR PAGOS · AUTO] ✓ [DescargasParalelasPaso] Completado.
[ACTUALIZAR PAGOS · AUTO] ▶ [CompararActasPaso] Iniciando...
[ACTUALIZAR PAGOS · AUTO] ==================================================
[ACTUALIZAR PAGOS · AUTO] 🚀 PASO: CompararActasPaso
[ACTUALIZAR PAGOS · AUTO] ==================================================
[ACTUALIZAR PAGOS · AUTO] 🔍 Comparando actas del SEMyT contra pagos del Juzgado...
[ACTUALIZAR PAGOS · AUTO] ================================================================================
[ACTUALIZAR PAGOS · AUTO] INICIANDO PROCESO DE GENERACIÓN DE PAGOS DESACTUALIZADOS
[ACTUALIZAR PAGOS · AUTO] ================================================================================
[ACTUALIZAR PAGOS · AUTO] 📂 Cargando archivos...
[ACTUALIZAR PAGOS · AUTO]   ✓ Pagos: 16865 registros
[ACTUALIZAR PAGOS · AUTO]   ✓ Excel SIGEMI (multas vencidas viejas): 103577 registros
[ACTUALIZAR PAGOS · AUTO]   ✓ Excel Juzgado (multas vencidas nuevas): 40123 registros
[ACTUALIZAR PAGOS · AUTO] ================================================================================
[ACTUALIZAR PAGOS · AUTO] PASO 1: LLENANDO ACTA_NUMERO (búsqueda por patente + fecha, con desempate por hora)
[ACTUALIZAR PAGOS · AUTO] ================================================================================
[ACTUALIZAR PAGOS · AUTO] 📊 ESTADÍSTICAS DE LLENADO DE ACTAS:
[ACTUALIZAR PAGOS · AUTO]   • Pagos con acta ORIGINAL: 2874
[ACTUALIZAR PAGOS · AUTO]   • Pagos SIN acta (buscados): 13991
[ACTUALIZAR PAGOS · AUTO]   • Pagos LLENADOS exitosamente: 0
[ACTUALIZAR PAGOS · AUTO]   • Pagos NO encontrados en multas: 13991
[ACTUALIZAR PAGOS · AUTO]   • Pagos SIN RESOLVER por desbalance de cantidades: 0
[ACTUALIZAR PAGOS · AUTO] ================================================================================
[ACTUALIZAR PAGOS · AUTO] PASO 1: LLENANDO ACTA_NUMERO (búsqueda por patente + fecha, con desempate por hora)
[ACTUALIZAR PAGOS · AUTO] ================================================================================
[ACTUALIZAR PAGOS · AUTO] 📊 ESTADÍSTICAS DE LLENADO DE ACTAS:
[ACTUALIZAR PAGOS · AUTO]   • Pagos con acta ORIGINAL: 2874
[ACTUALIZAR PAGOS · AUTO]   • Pagos SIN acta (buscados): 13991
[ACTUALIZAR PAGOS · AUTO]   • Pagos LLENADOS exitosamente: 0
[ACTUALIZAR PAGOS · AUTO]   • Pagos NO encontrados en multas: 13991
[ACTUALIZAR PAGOS · AUTO]   • Pagos SIN RESOLVER por desbalance de cantidades: 0
[ACTUALIZAR PAGOS · AUTO] ⏱ PASO 1 (llenar actas): 17.0s
[ACTUALIZAR PAGOS · AUTO] ================================================================================
[ACTUALIZAR PAGOS · AUTO] PASO 2: FILTRANDO PAGOS CON ACTA_NUMERO COMPLETO
[ACTUALIZAR PAGOS · AUTO] ================================================================================
[ACTUALIZAR PAGOS · AUTO] 📊 ESTADÍSTICAS DE FILTRADO:
[ACTUALIZAR PAGOS · AUTO]   • Pagos TOTALES al inicio: 16865
[ACTUALIZAR PAGOS · AUTO]   • Pagos CON acta (MANTIENEN): 2874
[ACTUALIZAR PAGOS · AUTO]   • Pagos RECHAZADOS (sin coincidencias): 13991
[ACTUALIZAR PAGOS · AUTO] ⚠️  Se eliminaron 13991 registros sin número de acta
[ACTUALIZAR PAGOS · AUTO]      (recordá: esto incluye tanto pagos ya actualizados/pagados
[ACTUALIZAR PAGOS · AUTO]       como pagos que quedaron sin resolver por desbalance en el Paso 1)
[ACTUALIZAR PAGOS · AUTO] ================================================================================
[ACTUALIZAR PAGOS · AUTO] PASO 2-bis: CONFIRMANDO VIGENCIA DE PAGOS DEL SISTEMA NUEVO (contra MULTAS_JUZGADO_CRUCE)
[ACTUALIZAR PAGOS · AUTO] ================================================================================
[ACTUALIZAR PAGOS · AUTO]   ⚠ 2874 pago(s) del sistema nuevo descartados: su acta ya no figura como vencida en MULTAS_JUZGADO_CRUCE (SEMyT ya los actualizó).
[ACTUALIZAR PAGOS · AUTO]   • Pagos del sistema nuevo descartados por ya estar actualizados: 2874
[ACTUALIZAR PAGOS · AUTO] ⏱ PASO 2 (filtrar): 1.1s
[ACTUALIZAR PAGOS · AUTO] 📂 Cargando maestro de causas SIGEMI...
[ACTUALIZAR PAGOS · AUTO]   ✓ Causas totales (maestro): 134069 registros
[ACTUALIZAR PAGOS · AUTO] ⏱ PASO 2.5 (causas simplificado): 0.2s
[ACTUALIZAR PAGOS · AUTO] ================================================================================
[ACTUALIZAR PAGOS · AUTO] PASO 2.5: ARMANDO causas.txt SIMPLIFICADO (cruce contra total_causas_sigemi.txt)
[ACTUALIZAR PAGOS · AUTO] ================================================================================
[ACTUALIZAR PAGOS · AUTO]   • Actas vencidas viejas (multas): 103577
[ACTUALIZAR PAGOS · AUTO]   • Causas totales en el maestro SIGEMI: 134069
[ACTUALIZAR PAGOS · AUTO]   • Causas que coinciden (simplificado): 103247
[ACTUALIZAR PAGOS · AUTO]   ✅ Archivo escrito: backend/descargas/causas/causas.txt
[ACTUALIZAR PAGOS · AUTO] ⏱ PASO 2.5 (causas simplificado): 2.5s
[ACTUALIZAR PAGOS · AUTO] ⚠️  NO HAY PAGOS CON ACTA_NUMERO PARA PROCESAR
[ACTUALIZAR PAGOS · AUTO] Creando archivo vacío...
[ACTUALIZAR PAGOS · AUTO] ✅ TXT de pagos (ya cruzado con actas y causas) generado en: backend/descargas/pagos/2026-07-24/PAGOS 20260724 015158.txt
[ACTUALIZAR PAGOS · AUTO] 🧹 TXT de pagos crudo eliminado (ya usado en el cruce): backend/descargas/pagos/2026-07-24/PAGOS DESCARGADOS.txt
[ACTUALIZAR PAGOS · AUTO] 🧹 Excel MULTAS_SIGEMI_CRUCE eliminado (ya usado en el cruce): backend/descargas/cache_actas_cruce/MULTAS_SIGEMI_CRUCE.xlsx
[ACTUALIZAR PAGOS · AUTO] 🧹 Excel MULTAS_JUZGADO_CRUCE eliminado (ya usado en el cruce): backend/descargas/cache_actas_cruce/MULTAS_JUZGADO_CRUCE.xlsx
[ACTUALIZAR PAGOS · AUTO] ✅ CompararActasPaso finalizado. (⏱ 47.5s)
[ACTUALIZAR PAGOS · AUTO] ✓ [CompararActasPaso] Completado.
[ACTUALIZAR PAGOS · AUTO] ▶ [CargarPagosPaso] Iniciando...
[ACTUALIZAR PAGOS · AUTO] ==================================================
[ACTUALIZAR PAGOS · AUTO] 🚀 PASO: CargarPagosPaso
[ACTUALIZAR PAGOS · AUTO] ==================================================
[ACTUALIZAR PAGOS · AUTO] ℹ No se encontraron pagos para actualizar (el TXT final no tiene registros).
[ACTUALIZAR PAGOS · AUTO] 🧹 TXT de pagos sin registros eliminado (nada para subir): backend/descargas/pagos/2026-07-24/PAGOS 20260724 015158.txt
[ACTUALIZAR PAGOS · AUTO] ⏭ Se omite la carga al SEMyT.
[ACTUALIZAR PAGOS · AUTO] ✅ CargarPagosPaso finalizado. (⏱ 0.0s)
[ACTUALIZAR PAGOS · AUTO] ✓ [CargarPagosPaso] Completado.
[ACTUALIZAR PAGOS · AUTO] === Ejecución finalizada con éxito ===
[ACTUALIZAR PAGOS · AUTO] ℹ No se subió ningún archivo a ningún sistema externo en esta corrida: por política, el log detallado no se conserva en disco.
🤖 [Automático] Es hora de actualizar pagos. Arrancando...
[ACTUALIZAR PAGOS · AUTO] === Inicio de ejecución: pagos ===
[ACTUALIZAR PAGOS · AUTO] ▶ [LoginSemytPaso] Iniciando...
[ACTUALIZAR PAGOS · AUTO] ==================================================
[ACTUALIZAR PAGOS · AUTO] 🚀 PASO: LoginSemytPaso
[ACTUALIZAR PAGOS · AUTO] ==================================================
[ACTUALIZAR PAGOS · AUTO] Abriendo SEMyT...
[ACTUALIZAR PAGOS · AUTO] ✅ [SEMyT] Sesión existente detectada. Login omitido.
[ACTUALIZAR PAGOS · AUTO] ✅ LoginSemytPaso finalizado. (⏱ 4.1s)
[ACTUALIZAR PAGOS · AUTO] ✓ [LoginSemytPaso] Completado.
[ACTUALIZAR PAGOS · AUTO] ▶ [LoginJuzgadoPaso] Iniciando...
[ACTUALIZAR PAGOS · AUTO] ==================================================
[ACTUALIZAR PAGOS · AUTO] 🚀 PASO: LoginJuzgadoPaso
[ACTUALIZAR PAGOS · AUTO] ==================================================
[ACTUALIZAR PAGOS · AUTO] Abriendo sitio municipalidad (CiDi)...
[ACTUALIZAR PAGOS · AUTO] ✅ [Juzgado] Sesión existente detectada. Login omitido.
[ACTUALIZAR PAGOS · AUTO] ✅ LoginJuzgadoPaso finalizado. (⏱ 1.2s)
[ACTUALIZAR PAGOS · AUTO] ✓ [LoginJuzgadoPaso] Completado.
[ACTUALIZAR PAGOS · AUTO] ▶ [DescargasParalelasPaso] Iniciando...
[ACTUALIZAR PAGOS · AUTO] ==================================================
[ACTUALIZAR PAGOS · AUTO] 🚀 PASO: DescargasParalelasPaso
[ACTUALIZAR PAGOS · AUTO] ==================================================
[ACTUALIZAR PAGOS · AUTO] 📤 Arrancando las 3 descargas en paralelo (mismo browser, páginas separadas)...
[ACTUALIZAR PAGOS · AUTO] Fecha Desde: 27/06/2024
[ACTUALIZAR PAGOS · AUTO] Fecha Hasta: 24/11/2025
[ACTUALIZAR PAGOS · AUTO] Fecha Desde: 25/11/2025
[ACTUALIZAR PAGOS · AUTO] Fecha Hasta: 24/07/2026
[ACTUALIZAR PAGOS · AUTO] Descargando Excel...
[ACTUALIZAR PAGOS · AUTO] Descargando Excel...
⏳ [Automático] Tocaba disparar 'pagos' pero ya hay una ejecución en curso (Actualizar pagos); esperando a que termine; se reintenta en breve sin perder el turno.
[ACTUALIZAR PAGOS · AUTO] Archivo descargado en: backend/descargas/cache_actas_cruce/MULTAS_JUZGADO_CRUCE.xlsx
[ACTUALIZAR PAGOS · AUTO] ⏱ [actas_juzgado] completado en 18.5s
[ACTUALIZAR PAGOS · AUTO] Archivo descargado en: backend/descargas/cache_actas_cruce/MULTAS_SIGEMI_CRUCE.xlsx
[ACTUALIZAR PAGOS · AUTO] ⏱ [actas_sigemi] completado en 38.9s
[ACTUALIZAR PAGOS · AUTO] ✅ TXT de pagos descargado en: backend/descargas/pagos/2026-07-24/PAGOS DESCARGADOS.txt
[ACTUALIZAR PAGOS · AUTO] ⏱ [pagos_txt] completado en 39.0s
[ACTUALIZAR PAGOS · AUTO] ⏱ TOTAL descargas en paralelo: 39.0s
[ACTUALIZAR PAGOS · AUTO] ✅ DescargasParalelasPaso finalizado. (⏱ 40.5s)
[ACTUALIZAR PAGOS · AUTO] ✓ [DescargasParalelasPaso] Completado.
[ACTUALIZAR PAGOS · AUTO] ▶ [CompararActasPaso] Iniciando...
[ACTUALIZAR PAGOS · AUTO] ==================================================
[ACTUALIZAR PAGOS · AUTO] 🚀 PASO: CompararActasPaso
[ACTUALIZAR PAGOS · AUTO] ==================================================
[ACTUALIZAR PAGOS · AUTO] 🔍 Comparando actas del SEMyT contra pagos del Juzgado...
[ACTUALIZAR PAGOS · AUTO] ================================================================================
[ACTUALIZAR PAGOS · AUTO] INICIANDO PROCESO DE GENERACIÓN DE PAGOS DESACTUALIZADOS
[ACTUALIZAR PAGOS · AUTO] ================================================================================
[ACTUALIZAR PAGOS · AUTO] 📂 Cargando archivos...
[ACTUALIZAR PAGOS · AUTO]   ✓ Pagos: 16865 registros
[ACTUALIZAR PAGOS · AUTO]   ✓ Excel SIGEMI (multas vencidas viejas): 103577 registros
[ACTUALIZAR PAGOS · AUTO]   ✓ Excel Juzgado (multas vencidas nuevas): 40123 registros
[ACTUALIZAR PAGOS · AUTO] ================================================================================
[ACTUALIZAR PAGOS · AUTO] PASO 1: LLENANDO ACTA_NUMERO (búsqueda por patente + fecha, con desempate por hora)
[ACTUALIZAR PAGOS · AUTO] ================================================================================
[ACTUALIZAR PAGOS · AUTO] 📊 ESTADÍSTICAS DE LLENADO DE ACTAS:
[ACTUALIZAR PAGOS · AUTO]   • Pagos con acta ORIGINAL: 2874
[ACTUALIZAR PAGOS · AUTO]   • Pagos SIN acta (buscados): 13991
[ACTUALIZAR PAGOS · AUTO]   • Pagos LLENADOS exitosamente: 0
[ACTUALIZAR PAGOS · AUTO]   • Pagos NO encontrados en multas: 13991
[ACTUALIZAR PAGOS · AUTO]   • Pagos SIN RESOLVER por desbalance de cantidades: 0
[ACTUALIZAR PAGOS · AUTO] ================================================================================
[ACTUALIZAR PAGOS · AUTO] PASO 1: LLENANDO ACTA_NUMERO (búsqueda por patente + fecha, con desempate por hora)
[ACTUALIZAR PAGOS · AUTO] ================================================================================
[ACTUALIZAR PAGOS · AUTO] 📊 ESTADÍSTICAS DE LLENADO DE ACTAS:
[ACTUALIZAR PAGOS · AUTO]   • Pagos con acta ORIGINAL: 2874
[ACTUALIZAR PAGOS · AUTO]   • Pagos SIN acta (buscados): 13991
[ACTUALIZAR PAGOS · AUTO]   • Pagos LLENADOS exitosamente: 0
[ACTUALIZAR PAGOS · AUTO]   • Pagos NO encontrados en multas: 13991
[ACTUALIZAR PAGOS · AUTO]   • Pagos SIN RESOLVER por desbalance de cantidades: 0
[ACTUALIZAR PAGOS · AUTO] ⏱ PASO 1 (llenar actas): 16.5s
[ACTUALIZAR PAGOS · AUTO] ================================================================================
[ACTUALIZAR PAGOS · AUTO] PASO 2: FILTRANDO PAGOS CON ACTA_NUMERO COMPLETO
[ACTUALIZAR PAGOS · AUTO] ================================================================================
[ACTUALIZAR PAGOS · AUTO] 📊 ESTADÍSTICAS DE FILTRADO:
[ACTUALIZAR PAGOS · AUTO]   • Pagos TOTALES al inicio: 16865
[ACTUALIZAR PAGOS · AUTO]   • Pagos CON acta (MANTIENEN): 2874
[ACTUALIZAR PAGOS · AUTO]   • Pagos RECHAZADOS (sin coincidencias): 13991
[ACTUALIZAR PAGOS · AUTO] ⚠️  Se eliminaron 13991 registros sin número de acta
[ACTUALIZAR PAGOS · AUTO]      (recordá: esto incluye tanto pagos ya actualizados/pagados
[ACTUALIZAR PAGOS · AUTO]       como pagos que quedaron sin resolver por desbalance en el Paso 1)
[ACTUALIZAR PAGOS · AUTO] ================================================================================
[ACTUALIZAR PAGOS · AUTO] PASO 2-bis: CONFIRMANDO VIGENCIA DE PAGOS DEL SISTEMA NUEVO (contra MULTAS_JUZGADO_CRUCE)
[ACTUALIZAR PAGOS · AUTO] ================================================================================
[ACTUALIZAR PAGOS · AUTO]   ⚠ 2874 pago(s) del sistema nuevo descartados: su acta ya no figura como vencida en MULTAS_JUZGADO_CRUCE (SEMyT ya los actualizó).
[ACTUALIZAR PAGOS · AUTO]   • Pagos del sistema nuevo descartados por ya estar actualizados: 2874
[ACTUALIZAR PAGOS · AUTO] ⏱ PASO 2 (filtrar): 1.2s
[ACTUALIZAR PAGOS · AUTO] 📂 Cargando maestro de causas SIGEMI...
[ACTUALIZAR PAGOS · AUTO]   ✓ Causas totales (maestro): 134069 registros
[ACTUALIZAR PAGOS · AUTO] ⏱ PASO 2.5 (causas simplificado): 0.2s
[ACTUALIZAR PAGOS · AUTO] ================================================================================
[ACTUALIZAR PAGOS · AUTO] PASO 2.5: ARMANDO causas.txt SIMPLIFICADO (cruce contra total_causas_sigemi.txt)
[ACTUALIZAR PAGOS · AUTO] ================================================================================
[ACTUALIZAR PAGOS · AUTO]   • Actas vencidas viejas (multas): 103577
[ACTUALIZAR PAGOS · AUTO]   • Causas totales en el maestro SIGEMI: 134069
[ACTUALIZAR PAGOS · AUTO]   • Causas que coinciden (simplificado): 103247
[ACTUALIZAR PAGOS · AUTO]   ✅ Archivo escrito: backend/descargas/causas/causas.txt
[ACTUALIZAR PAGOS · AUTO] ⏱ PASO 2.5 (causas simplificado): 2.5s
[ACTUALIZAR PAGOS · AUTO] ⚠️  NO HAY PAGOS CON ACTA_NUMERO PARA PROCESAR
[ACTUALIZAR PAGOS · AUTO] Creando archivo vacío...
[ACTUALIZAR PAGOS · AUTO] ✅ TXT de pagos (ya cruzado con actas y causas) generado en: backend/descargas/pagos/2026-07-24/PAGOS 20260724 020334.txt
[ACTUALIZAR PAGOS · AUTO] 🧹 TXT de pagos crudo eliminado (ya usado en el cruce): backend/descargas/pagos/2026-07-24/PAGOS DESCARGADOS.txt
[ACTUALIZAR PAGOS · AUTO] 🧹 Excel MULTAS_SIGEMI_CRUCE eliminado (ya usado en el cruce): backend/descargas/cache_actas_cruce/MULTAS_SIGEMI_CRUCE.xlsx
[ACTUALIZAR PAGOS · AUTO] 🧹 Excel MULTAS_JUZGADO_CRUCE eliminado (ya usado en el cruce): backend/descargas/cache_actas_cruce/MULTAS_JUZGADO_CRUCE.xlsx
[ACTUALIZAR PAGOS · AUTO] ✅ CompararActasPaso finalizado. (⏱ 48.0s)
[ACTUALIZAR PAGOS · AUTO] ✓ [CompararActasPaso] Completado.
[ACTUALIZAR PAGOS · AUTO] ▶ [CargarPagosPaso] Iniciando...
[ACTUALIZAR PAGOS · AUTO] ==================================================
[ACTUALIZAR PAGOS · AUTO] 🚀 PASO: CargarPagosPaso
[ACTUALIZAR PAGOS · AUTO] ==================================================
[ACTUALIZAR PAGOS · AUTO] ℹ No se encontraron pagos para actualizar (el TXT final no tiene registros).
[ACTUALIZAR PAGOS · AUTO] 🧹 TXT de pagos sin registros eliminado (nada para subir): backend/descargas/pagos/2026-07-24/PAGOS 20260724 020334.txt
[ACTUALIZAR PAGOS · AUTO] ⏭ Se omite la carga al SEMyT.
[ACTUALIZAR PAGOS · AUTO] ✅ CargarPagosPaso finalizado. (⏱ 0.0s)
[ACTUALIZAR PAGOS · AUTO] ✓ [CargarPagosPaso] Completado.
[ACTUALIZAR PAGOS · AUTO] === Ejecución finalizada con éxito ===
[ACTUALIZAR PAGOS · AUTO] ℹ No se subió ningún archivo a ningún sistema externo en esta corrida: por política, el log detallado no se conserva en disco.
🤖 [Automático] Es hora de actualizar pagos. Arrancando...
[ACTUALIZAR PAGOS · AUTO] === Inicio de ejecución: pagos ===
[ACTUALIZAR PAGOS · AUTO] ▶ [LoginSemytPaso] Iniciando...
[ACTUALIZAR PAGOS · AUTO] ==================================================
[ACTUALIZAR PAGOS · AUTO] 🚀 PASO: LoginSemytPaso
[ACTUALIZAR PAGOS · AUTO] ==================================================
[ACTUALIZAR PAGOS · AUTO] Abriendo SEMyT...
[ACTUALIZAR PAGOS · AUTO] ✅ [SEMyT] Sesión existente detectada. Login omitido.
[ACTUALIZAR PAGOS · AUTO] ✅ LoginSemytPaso finalizado. (⏱ 4.2s)
[ACTUALIZAR PAGOS · AUTO] ✓ [LoginSemytPaso] Completado.
[ACTUALIZAR PAGOS · AUTO] ▶ [LoginJuzgadoPaso] Iniciando...
[ACTUALIZAR PAGOS · AUTO] ==================================================
[ACTUALIZAR PAGOS · AUTO] 🚀 PASO: LoginJuzgadoPaso
[ACTUALIZAR PAGOS · AUTO] ==================================================
[ACTUALIZAR PAGOS · AUTO] Abriendo sitio municipalidad (CiDi)...
[ACTUALIZAR PAGOS · AUTO] ✅ [Juzgado] Sesión existente detectada. Login omitido.
[ACTUALIZAR PAGOS · AUTO] ✅ LoginJuzgadoPaso finalizado. (⏱ 1.3s)
[ACTUALIZAR PAGOS · AUTO] ✓ [LoginJuzgadoPaso] Completado.
[ACTUALIZAR PAGOS · AUTO] ▶ [DescargasParalelasPaso] Iniciando...
[ACTUALIZAR PAGOS · AUTO] ==================================================
[ACTUALIZAR PAGOS · AUTO] 🚀 PASO: DescargasParalelasPaso
[ACTUALIZAR PAGOS · AUTO] ==================================================
[ACTUALIZAR PAGOS · AUTO] 📤 Arrancando las 3 descargas en paralelo (mismo browser, páginas separadas)...
[ACTUALIZAR PAGOS · AUTO] Fecha Desde: 27/06/2024
[ACTUALIZAR PAGOS · AUTO] Fecha Hasta: 24/11/2025
[ACTUALIZAR PAGOS · AUTO] Fecha Desde: 25/11/2025
[ACTUALIZAR PAGOS · AUTO] Fecha Hasta: 24/07/2026
[ACTUALIZAR PAGOS · AUTO] Descargando Excel...
[ACTUALIZAR PAGOS · AUTO] Descargando Excel...
⏳ [Automático] Tocaba disparar 'pagos' pero ya hay una ejecución en curso (Actualizar pagos); esperando a que termine; se reintenta en breve sin perder el turno.
[ACTUALIZAR PAGOS · AUTO] Archivo descargado en: backend/descargas/cache_actas_cruce/MULTAS_JUZGADO_CRUCE.xlsx
[ACTUALIZAR PAGOS · AUTO] ⏱ [actas_juzgado] completado en 17.9s
[ACTUALIZAR PAGOS · AUTO] Archivo descargado en: backend/descargas/cache_actas_cruce/MULTAS_SIGEMI_CRUCE.xlsx
[ACTUALIZAR PAGOS · AUTO] ⏱ [actas_sigemi] completado en 38.5s
[ACTUALIZAR PAGOS · AUTO] ✅ TXT de pagos descargado en: backend/descargas/pagos/2026-07-24/PAGOS DESCARGADOS.txt
[ACTUALIZAR PAGOS · AUTO] ⏱ [pagos_txt] completado en 39.2s
[ACTUALIZAR PAGOS · AUTO] ⏱ TOTAL descargas en paralelo: 39.2s
[ACTUALIZAR PAGOS · AUTO] ✅ DescargasParalelasPaso finalizado. (⏱ 40.4s)
[ACTUALIZAR PAGOS · AUTO] ✓ [DescargasParalelasPaso] Completado.
[ACTUALIZAR PAGOS · AUTO] ▶ [CompararActasPaso] Iniciando...
[ACTUALIZAR PAGOS · AUTO] ==================================================
[ACTUALIZAR PAGOS · AUTO] 🚀 PASO: CompararActasPaso
[ACTUALIZAR PAGOS · AUTO] ==================================================
[ACTUALIZAR PAGOS · AUTO] 🔍 Comparando actas del SEMyT contra pagos del Juzgado...
[ACTUALIZAR PAGOS · AUTO] ================================================================================
[ACTUALIZAR PAGOS · AUTO] INICIANDO PROCESO DE GENERACIÓN DE PAGOS DESACTUALIZADOS
[ACTUALIZAR PAGOS · AUTO] ================================================================================
[ACTUALIZAR PAGOS · AUTO] 📂 Cargando archivos...
[ACTUALIZAR PAGOS · AUTO]   ✓ Pagos: 16865 registros
[ACTUALIZAR PAGOS · AUTO]   ✓ Excel SIGEMI (multas vencidas viejas): 103577 registros
[ACTUALIZAR PAGOS · AUTO]   ✓ Excel Juzgado (multas vencidas nuevas): 40123 registros
[ACTUALIZAR PAGOS · AUTO] ================================================================================
[ACTUALIZAR PAGOS · AUTO] PASO 1: LLENANDO ACTA_NUMERO (búsqueda por patente + fecha, con desempate por hora)
[ACTUALIZAR PAGOS · AUTO] ================================================================================
[ACTUALIZAR PAGOS · AUTO] 📊 ESTADÍSTICAS DE LLENADO DE ACTAS:
[ACTUALIZAR PAGOS · AUTO]   • Pagos con acta ORIGINAL: 2874
[ACTUALIZAR PAGOS · AUTO]   • Pagos SIN acta (buscados): 13991
[ACTUALIZAR PAGOS · AUTO]   • Pagos LLENADOS exitosamente: 0
[ACTUALIZAR PAGOS · AUTO]   • Pagos NO encontrados en multas: 13991
[ACTUALIZAR PAGOS · AUTO]   • Pagos SIN RESOLVER por desbalance de cantidades: 0
[ACTUALIZAR PAGOS · AUTO] ================================================================================
[ACTUALIZAR PAGOS · AUTO] PASO 1: LLENANDO ACTA_NUMERO (búsqueda por patente + fecha, con desempate por hora)
[ACTUALIZAR PAGOS · AUTO] ================================================================================
[ACTUALIZAR PAGOS · AUTO] 📊 ESTADÍSTICAS DE LLENADO DE ACTAS:
[ACTUALIZAR PAGOS · AUTO]   • Pagos con acta ORIGINAL: 2874
[ACTUALIZAR PAGOS · AUTO]   • Pagos SIN acta (buscados): 13991
[ACTUALIZAR PAGOS · AUTO]   • Pagos LLENADOS exitosamente: 0
[ACTUALIZAR PAGOS · AUTO]   • Pagos NO encontrados en multas: 13991
[ACTUALIZAR PAGOS · AUTO]   • Pagos SIN RESOLVER por desbalance de cantidades: 0
[ACTUALIZAR PAGOS · AUTO] ⏱ PASO 1 (llenar actas): 19.1s
[ACTUALIZAR PAGOS · AUTO] ================================================================================
[ACTUALIZAR PAGOS · AUTO] PASO 2: FILTRANDO PAGOS CON ACTA_NUMERO COMPLETO
[ACTUALIZAR PAGOS · AUTO] ================================================================================
[ACTUALIZAR PAGOS · AUTO] 📊 ESTADÍSTICAS DE FILTRADO:
[ACTUALIZAR PAGOS · AUTO]   • Pagos TOTALES al inicio: 16865
[ACTUALIZAR PAGOS · AUTO]   • Pagos CON acta (MANTIENEN): 2874
[ACTUALIZAR PAGOS · AUTO]   • Pagos RECHAZADOS (sin coincidencias): 13991
[ACTUALIZAR PAGOS · AUTO] ⚠️  Se eliminaron 13991 registros sin número de acta
[ACTUALIZAR PAGOS · AUTO]      (recordá: esto incluye tanto pagos ya actualizados/pagados
[ACTUALIZAR PAGOS · AUTO]       como pagos que quedaron sin resolver por desbalance en el Paso 1)
[ACTUALIZAR PAGOS · AUTO] ================================================================================
[ACTUALIZAR PAGOS · AUTO] PASO 2-bis: CONFIRMANDO VIGENCIA DE PAGOS DEL SISTEMA NUEVO (contra MULTAS_JUZGADO_CRUCE)
[ACTUALIZAR PAGOS · AUTO] ================================================================================
[ACTUALIZAR PAGOS · AUTO]   ⚠ 2874 pago(s) del sistema nuevo descartados: su acta ya no figura como vencida en MULTAS_JUZGADO_CRUCE (SEMyT ya los actualizó).
[ACTUALIZAR PAGOS · AUTO]   • Pagos del sistema nuevo descartados por ya estar actualizados: 2874
[ACTUALIZAR PAGOS · AUTO] ⏱ PASO 2 (filtrar): 1.2s
[ACTUALIZAR PAGOS · AUTO] 📂 Cargando maestro de causas SIGEMI...
[ACTUALIZAR PAGOS · AUTO]   ✓ Causas totales (maestro): 134069 registros
[ACTUALIZAR PAGOS · AUTO] ⏱ PASO 2.5 (causas simplificado): 0.2s
[ACTUALIZAR PAGOS · AUTO] ================================================================================
[ACTUALIZAR PAGOS · AUTO] PASO 2.5: ARMANDO causas.txt SIMPLIFICADO (cruce contra total_causas_sigemi.txt)
[ACTUALIZAR PAGOS · AUTO] ================================================================================
[ACTUALIZAR PAGOS · AUTO]   • Actas vencidas viejas (multas): 103577
[ACTUALIZAR PAGOS · AUTO]   • Causas totales en el maestro SIGEMI: 134069
[ACTUALIZAR PAGOS · AUTO]   • Causas que coinciden (simplificado): 103247
[ACTUALIZAR PAGOS · AUTO]   ✅ Archivo escrito: backend/descargas/causas/causas.txt
[ACTUALIZAR PAGOS · AUTO] ⏱ PASO 2.5 (causas simplificado): 2.5s
[ACTUALIZAR PAGOS · AUTO] ⚠️  NO HAY PAGOS CON ACTA_NUMERO PARA PROCESAR
[ACTUALIZAR PAGOS · AUTO] Creando archivo vacío...
[ACTUALIZAR PAGOS · AUTO] ✅ TXT de pagos (ya cruzado con actas y causas) generado en: backend/descargas/pagos/2026-07-24/PAGOS 20260724 021512.txt
[ACTUALIZAR PAGOS · AUTO] 🧹 TXT de pagos crudo eliminado (ya usado en el cruce): backend/descargas/pagos/2026-07-24/PAGOS DESCARGADOS.txt
[ACTUALIZAR PAGOS · AUTO] 🧹 Excel MULTAS_SIGEMI_CRUCE eliminado (ya usado en el cruce): backend/descargas/cache_actas_cruce/MULTAS_SIGEMI_CRUCE.xlsx
[ACTUALIZAR PAGOS · AUTO] 🧹 Excel MULTAS_JUZGADO_CRUCE eliminado (ya usado en el cruce): backend/descargas/cache_actas_cruce/MULTAS_JUZGADO_CRUCE.xlsx
[ACTUALIZAR PAGOS · AUTO] ✅ CompararActasPaso finalizado. (⏱ 52.7s)
[ACTUALIZAR PAGOS · AUTO] ✓ [CompararActasPaso] Completado.
[ACTUALIZAR PAGOS · AUTO] ▶ [CargarPagosPaso] Iniciando...
[ACTUALIZAR PAGOS · AUTO] ==================================================
[ACTUALIZAR PAGOS · AUTO] 🚀 PASO: CargarPagosPaso
[ACTUALIZAR PAGOS · AUTO] ==================================================
[ACTUALIZAR PAGOS · AUTO] ℹ No se encontraron pagos para actualizar (el TXT final no tiene registros).
[ACTUALIZAR PAGOS · AUTO] 🧹 TXT de pagos sin registros eliminado (nada para subir): backend/descargas/pagos/2026-07-24/PAGOS 20260724 021512.txt
[ACTUALIZAR PAGOS · AUTO] ⏭ Se omite la carga al SEMyT.
[ACTUALIZAR PAGOS · AUTO] ✅ CargarPagosPaso finalizado. (⏱ 0.0s)
[ACTUALIZAR PAGOS · AUTO] ✓ [CargarPagosPaso] Completado.
[ACTUALIZAR PAGOS · AUTO] === Ejecución finalizada con éxito ===
[ACTUALIZAR PAGOS · AUTO] ℹ No se subió ningún archivo a ningún sistema externo en esta corrida: por política, el log detallado no se conserva en disco.
🤖 [Automático] Es hora de actualizar pagos. Arrancando...
[ACTUALIZAR PAGOS · AUTO] === Inicio de ejecución: pagos ===
[ACTUALIZAR PAGOS · AUTO] ▶ [LoginSemytPaso] Iniciando...
[ACTUALIZAR PAGOS · AUTO] ==================================================
[ACTUALIZAR PAGOS · AUTO] 🚀 PASO: LoginSemytPaso
[ACTUALIZAR PAGOS · AUTO] ==================================================
[ACTUALIZAR PAGOS · AUTO] Abriendo SEMyT...
[ACTUALIZAR PAGOS · AUTO] ✅ [SEMyT] Sesión existente detectada. Login omitido.
[ACTUALIZAR PAGOS · AUTO] ✅ LoginSemytPaso finalizado. (⏱ 3.8s)
[ACTUALIZAR PAGOS · AUTO] ✓ [LoginSemytPaso] Completado.
[ACTUALIZAR PAGOS · AUTO] ▶ [LoginJuzgadoPaso] Iniciando...
[ACTUALIZAR PAGOS · AUTO] ==================================================
[ACTUALIZAR PAGOS · AUTO] 🚀 PASO: LoginJuzgadoPaso
[ACTUALIZAR PAGOS · AUTO] ==================================================
[ACTUALIZAR PAGOS · AUTO] Abriendo sitio municipalidad (CiDi)...
[ACTUALIZAR PAGOS · AUTO] ✅ [Juzgado] Sesión existente detectada. Login omitido.
[ACTUALIZAR PAGOS · AUTO] ✅ LoginJuzgadoPaso finalizado. (⏱ 1.3s)
[ACTUALIZAR PAGOS · AUTO] ✓ [LoginJuzgadoPaso] Completado.
[ACTUALIZAR PAGOS · AUTO] ▶ [DescargasParalelasPaso] Iniciando...
[ACTUALIZAR PAGOS · AUTO] ==================================================
[ACTUALIZAR PAGOS · AUTO] 🚀 PASO: DescargasParalelasPaso
[ACTUALIZAR PAGOS · AUTO] ==================================================
[ACTUALIZAR PAGOS · AUTO] 📤 Arrancando las 3 descargas en paralelo (mismo browser, páginas separadas)...
[ACTUALIZAR PAGOS · AUTO] Fecha Desde: 27/06/2024
[ACTUALIZAR PAGOS · AUTO] Fecha Hasta: 24/11/2025
[ACTUALIZAR PAGOS · AUTO] Fecha Desde: 25/11/2025
[ACTUALIZAR PAGOS · AUTO] Fecha Hasta: 24/07/2026
[ACTUALIZAR PAGOS · AUTO] Descargando Excel...
[ACTUALIZAR PAGOS · AUTO] Descargando Excel...
⏳ [Automático] Tocaba disparar 'pagos' pero ya hay una ejecución en curso (Actualizar pagos); esperando a que termine; se reintenta en breve sin perder el turno.
[ACTUALIZAR PAGOS · AUTO] Archivo descargado en: backend/descargas/cache_actas_cruce/MULTAS_JUZGADO_CRUCE.xlsx
[ACTUALIZAR PAGOS · AUTO] ⏱ [actas_juzgado] completado en 17.2s
[ACTUALIZAR PAGOS · AUTO] Archivo descargado en: backend/descargas/cache_actas_cruce/MULTAS_SIGEMI_CRUCE.xlsx
[ACTUALIZAR PAGOS · AUTO] ⏱ [actas_sigemi] completado en 37.3s
[ACTUALIZAR PAGOS · AUTO] ✅ TXT de pagos descargado en: backend/descargas/pagos/2026-07-24/PAGOS DESCARGADOS.txt
[ACTUALIZAR PAGOS · AUTO] ⏱ [pagos_txt] completado en 37.4s
[ACTUALIZAR PAGOS · AUTO] ⏱ TOTAL descargas en paralelo: 37.4s
[ACTUALIZAR PAGOS · AUTO] ✅ DescargasParalelasPaso finalizado. (⏱ 38.7s)
[ACTUALIZAR PAGOS · AUTO] ✓ [DescargasParalelasPaso] Completado.
[ACTUALIZAR PAGOS · AUTO] ▶ [CompararActasPaso] Iniciando...
[ACTUALIZAR PAGOS · AUTO] ==================================================
[ACTUALIZAR PAGOS · AUTO] 🚀 PASO: CompararActasPaso
[ACTUALIZAR PAGOS · AUTO] ==================================================
[ACTUALIZAR PAGOS · AUTO] 🔍 Comparando actas del SEMyT contra pagos del Juzgado...
[ACTUALIZAR PAGOS · AUTO] ================================================================================
[ACTUALIZAR PAGOS · AUTO] INICIANDO PROCESO DE GENERACIÓN DE PAGOS DESACTUALIZADOS
[ACTUALIZAR PAGOS · AUTO] ================================================================================
[ACTUALIZAR PAGOS · AUTO] 📂 Cargando archivos...
[ACTUALIZAR PAGOS · AUTO]   ✓ Pagos: 16865 registros
[ACTUALIZAR PAGOS · AUTO]   ✓ Excel SIGEMI (multas vencidas viejas): 103577 registros
[ACTUALIZAR PAGOS · AUTO]   ✓ Excel Juzgado (multas vencidas nuevas): 40123 registros
[ACTUALIZAR PAGOS · AUTO] ================================================================================
[ACTUALIZAR PAGOS · AUTO] PASO 1: LLENANDO ACTA_NUMERO (búsqueda por patente + fecha, con desempate por hora)
[ACTUALIZAR PAGOS · AUTO] ================================================================================
[ACTUALIZAR PAGOS · AUTO] 📊 ESTADÍSTICAS DE LLENADO DE ACTAS:
[ACTUALIZAR PAGOS · AUTO]   • Pagos con acta ORIGINAL: 2874
[ACTUALIZAR PAGOS · AUTO]   • Pagos SIN acta (buscados): 13991
[ACTUALIZAR PAGOS · AUTO]   • Pagos LLENADOS exitosamente: 0
[ACTUALIZAR PAGOS · AUTO]   • Pagos NO encontrados en multas: 13991
[ACTUALIZAR PAGOS · AUTO]   • Pagos SIN RESOLVER por desbalance de cantidades: 0
[ACTUALIZAR PAGOS · AUTO] ================================================================================
[ACTUALIZAR PAGOS · AUTO] PASO 1: LLENANDO ACTA_NUMERO (búsqueda por patente + fecha, con desempate por hora)
[ACTUALIZAR PAGOS · AUTO] ================================================================================
[ACTUALIZAR PAGOS · AUTO] 📊 ESTADÍSTICAS DE LLENADO DE ACTAS:
[ACTUALIZAR PAGOS · AUTO]   • Pagos con acta ORIGINAL: 2874
[ACTUALIZAR PAGOS · AUTO]   • Pagos SIN acta (buscados): 13991
[ACTUALIZAR PAGOS · AUTO]   • Pagos LLENADOS exitosamente: 0
[ACTUALIZAR PAGOS · AUTO]   • Pagos NO encontrados en multas: 13991
[ACTUALIZAR PAGOS · AUTO]   • Pagos SIN RESOLVER por desbalance de cantidades: 0
[ACTUALIZAR PAGOS · AUTO] ⏱ PASO 1 (llenar actas): 15.3s
[ACTUALIZAR PAGOS · AUTO] ================================================================================
[ACTUALIZAR PAGOS · AUTO] PASO 2: FILTRANDO PAGOS CON ACTA_NUMERO COMPLETO
[ACTUALIZAR PAGOS · AUTO] ================================================================================
[ACTUALIZAR PAGOS · AUTO] 📊 ESTADÍSTICAS DE FILTRADO:
[ACTUALIZAR PAGOS · AUTO]   • Pagos TOTALES al inicio: 16865
[ACTUALIZAR PAGOS · AUTO]   • Pagos CON acta (MANTIENEN): 2874
[ACTUALIZAR PAGOS · AUTO]   • Pagos RECHAZADOS (sin coincidencias): 13991
[ACTUALIZAR PAGOS · AUTO] ⚠️  Se eliminaron 13991 registros sin número de acta
[ACTUALIZAR PAGOS · AUTO]      (recordá: esto incluye tanto pagos ya actualizados/pagados
[ACTUALIZAR PAGOS · AUTO]       como pagos que quedaron sin resolver por desbalance en el Paso 1)
[ACTUALIZAR PAGOS · AUTO] ================================================================================
[ACTUALIZAR PAGOS · AUTO] PASO 2-bis: CONFIRMANDO VIGENCIA DE PAGOS DEL SISTEMA NUEVO (contra MULTAS_JUZGADO_CRUCE)
[ACTUALIZAR PAGOS · AUTO] ================================================================================
[ACTUALIZAR PAGOS · AUTO]   ⚠ 2874 pago(s) del sistema nuevo descartados: su acta ya no figura como vencida en MULTAS_JUZGADO_CRUCE (SEMyT ya los actualizó).
[ACTUALIZAR PAGOS · AUTO]   • Pagos del sistema nuevo descartados por ya estar actualizados: 2874
[ACTUALIZAR PAGOS · AUTO] ⏱ PASO 2 (filtrar): 1.1s
[ACTUALIZAR PAGOS · AUTO] 📂 Cargando maestro de causas SIGEMI...
[ACTUALIZAR PAGOS · AUTO]   ✓ Causas totales (maestro): 134069 registros
[ACTUALIZAR PAGOS · AUTO] ⏱ PASO 2.5 (causas simplificado): 0.2s
[ACTUALIZAR PAGOS · AUTO] ================================================================================
[ACTUALIZAR PAGOS · AUTO] PASO 2.5: ARMANDO causas.txt SIMPLIFICADO (cruce contra total_causas_sigemi.txt)
[ACTUALIZAR PAGOS · AUTO] ================================================================================
[ACTUALIZAR PAGOS · AUTO]   • Actas vencidas viejas (multas): 103577
[ACTUALIZAR PAGOS · AUTO]   • Causas totales en el maestro SIGEMI: 134069
[ACTUALIZAR PAGOS · AUTO]   • Causas que coinciden (simplificado): 103247
[ACTUALIZAR PAGOS · AUTO]   ✅ Archivo escrito: backend/descargas/causas/causas.txt
[ACTUALIZAR PAGOS · AUTO] ⏱ PASO 2.5 (causas simplificado): 2.3s
[ACTUALIZAR PAGOS · AUTO] ⚠️  NO HAY PAGOS CON ACTA_NUMERO PARA PROCESAR
[ACTUALIZAR PAGOS · AUTO] Creando archivo vacío...
[ACTUALIZAR PAGOS · AUTO] ✅ TXT de pagos (ya cruzado con actas y causas) generado en: backend/descargas/pagos/2026-07-24/PAGOS 20260724 022658.txt
[ACTUALIZAR PAGOS · AUTO] 🧹 TXT de pagos crudo eliminado (ya usado en el cruce): backend/descargas/pagos/2026-07-24/PAGOS DESCARGADOS.txt
[ACTUALIZAR PAGOS · AUTO] 🧹 Excel MULTAS_SIGEMI_CRUCE eliminado (ya usado en el cruce): backend/descargas/cache_actas_cruce/MULTAS_SIGEMI_CRUCE.xlsx
[ACTUALIZAR PAGOS · AUTO] 🧹 Excel MULTAS_JUZGADO_CRUCE eliminado (ya usado en el cruce): backend/descargas/cache_actas_cruce/MULTAS_JUZGADO_CRUCE.xlsx
[ACTUALIZAR PAGOS · AUTO] ✅ CompararActasPaso finalizado. (⏱ 42.8s)
[ACTUALIZAR PAGOS · AUTO] ✓ [CompararActasPaso] Completado.
[ACTUALIZAR PAGOS · AUTO] ▶ [CargarPagosPaso] Iniciando...
[ACTUALIZAR PAGOS · AUTO] ==================================================
[ACTUALIZAR PAGOS · AUTO] 🚀 PASO: CargarPagosPaso
[ACTUALIZAR PAGOS · AUTO] ==================================================
[ACTUALIZAR PAGOS · AUTO] ℹ No se encontraron pagos para actualizar (el TXT final no tiene registros).
[ACTUALIZAR PAGOS · AUTO] 🧹 TXT de pagos sin registros eliminado (nada para subir): backend/descargas/pagos/2026-07-24/PAGOS 20260724 022658.txt
[ACTUALIZAR PAGOS · AUTO] ⏭ Se omite la carga al SEMyT.
[ACTUALIZAR PAGOS · AUTO] ✅ CargarPagosPaso finalizado. (⏱ 0.0s)
[ACTUALIZAR PAGOS · AUTO] ✓ [CargarPagosPaso] Completado.
[ACTUALIZAR PAGOS · AUTO] === Ejecución finalizada con éxito ===
[ACTUALIZAR PAGOS · AUTO] ℹ No se subió ningún archivo a ningún sistema externo en esta corrida: por política, el log detallado no se conserva en disco.
🤖 [Automático] Es hora de actualizar pagos. Arrancando...
[ACTUALIZAR PAGOS · AUTO] === Inicio de ejecución: pagos ===
[ACTUALIZAR PAGOS · AUTO] ▶ [LoginSemytPaso] Iniciando...
[ACTUALIZAR PAGOS · AUTO] ==================================================
[ACTUALIZAR PAGOS · AUTO] 🚀 PASO: LoginSemytPaso
[ACTUALIZAR PAGOS · AUTO] ==================================================
[ACTUALIZAR PAGOS · AUTO] Abriendo SEMyT...
[ACTUALIZAR PAGOS · AUTO] ✅ [SEMyT] Sesión existente detectada. Login omitido.
[ACTUALIZAR PAGOS · AUTO] ✅ LoginSemytPaso finalizado. (⏱ 4.3s)
[ACTUALIZAR PAGOS · AUTO] ✓ [LoginSemytPaso] Completado.
[ACTUALIZAR PAGOS · AUTO] ▶ [LoginJuzgadoPaso] Iniciando...
[ACTUALIZAR PAGOS · AUTO] ==================================================
[ACTUALIZAR PAGOS · AUTO] 🚀 PASO: LoginJuzgadoPaso
[ACTUALIZAR PAGOS · AUTO] ==================================================
[ACTUALIZAR PAGOS · AUTO] Abriendo sitio municipalidad (CiDi)...
[ACTUALIZAR PAGOS · AUTO] ✅ [Juzgado] Sesión existente detectada. Login omitido.
[ACTUALIZAR PAGOS · AUTO] ✅ LoginJuzgadoPaso finalizado. (⏱ 1.3s)
[ACTUALIZAR PAGOS · AUTO] ✓ [LoginJuzgadoPaso] Completado.
[ACTUALIZAR PAGOS · AUTO] ▶ [DescargasParalelasPaso] Iniciando...
[ACTUALIZAR PAGOS · AUTO] ==================================================
[ACTUALIZAR PAGOS · AUTO] 🚀 PASO: DescargasParalelasPaso
[ACTUALIZAR PAGOS · AUTO] ==================================================
[ACTUALIZAR PAGOS · AUTO] 📤 Arrancando las 3 descargas en paralelo (mismo browser, páginas separadas)...
[ACTUALIZAR PAGOS · AUTO] Fecha Desde: 27/06/2024
[ACTUALIZAR PAGOS · AUTO] Fecha Hasta: 24/11/2025
[ACTUALIZAR PAGOS · AUTO] Fecha Desde: 25/11/2025
[ACTUALIZAR PAGOS · AUTO] Fecha Hasta: 24/07/2026
[ACTUALIZAR PAGOS · AUTO] Descargando Excel...
[ACTUALIZAR PAGOS · AUTO] Descargando Excel...
⏳ [Automático] Tocaba disparar 'pagos' pero ya hay una ejecución en curso (Actualizar pagos); esperando a que termine; se reintenta en breve sin perder el turno.
[ACTUALIZAR PAGOS · AUTO] Archivo descargado en: backend/descargas/cache_actas_cruce/MULTAS_JUZGADO_CRUCE.xlsx
[ACTUALIZAR PAGOS · AUTO] ⏱ [actas_juzgado] completado en 18.4s
[ACTUALIZAR PAGOS · AUTO] Archivo descargado en: backend/descargas/cache_actas_cruce/MULTAS_SIGEMI_CRUCE.xlsx
[ACTUALIZAR PAGOS · AUTO] ⏱ [actas_sigemi] completado en 37.1s
[ACTUALIZAR PAGOS · AUTO] ✅ TXT de pagos descargado en: backend/descargas/pagos/2026-07-24/PAGOS DESCARGADOS.txt
[ACTUALIZAR PAGOS · AUTO] ⏱ [pagos_txt] completado en 37.1s
[ACTUALIZAR PAGOS · AUTO] ⏱ TOTAL descargas en paralelo: 37.1s
[ACTUALIZAR PAGOS · AUTO] ✅ DescargasParalelasPaso finalizado. (⏱ 38.7s)
[ACTUALIZAR PAGOS · AUTO] ✓ [DescargasParalelasPaso] Completado.
[ACTUALIZAR PAGOS · AUTO] ▶ [CompararActasPaso] Iniciando...
[ACTUALIZAR PAGOS · AUTO] ==================================================
[ACTUALIZAR PAGOS · AUTO] 🚀 PASO: CompararActasPaso
[ACTUALIZAR PAGOS · AUTO] ==================================================
[ACTUALIZAR PAGOS · AUTO] 🔍 Comparando actas del SEMyT contra pagos del Juzgado...
[ACTUALIZAR PAGOS · AUTO] ================================================================================
[ACTUALIZAR PAGOS · AUTO] INICIANDO PROCESO DE GENERACIÓN DE PAGOS DESACTUALIZADOS
[ACTUALIZAR PAGOS · AUTO] ================================================================================
[ACTUALIZAR PAGOS · AUTO] 📂 Cargando archivos...
[ACTUALIZAR PAGOS · AUTO]   ✓ Pagos: 16865 registros
[ACTUALIZAR PAGOS · AUTO]   ✓ Excel SIGEMI (multas vencidas viejas): 103577 registros
[ACTUALIZAR PAGOS · AUTO]   ✓ Excel Juzgado (multas vencidas nuevas): 40123 registros
[ACTUALIZAR PAGOS · AUTO] ================================================================================
[ACTUALIZAR PAGOS · AUTO] PASO 1: LLENANDO ACTA_NUMERO (búsqueda por patente + fecha, con desempate por hora)
[ACTUALIZAR PAGOS · AUTO] ================================================================================
[ACTUALIZAR PAGOS · AUTO] 📊 ESTADÍSTICAS DE LLENADO DE ACTAS:
[ACTUALIZAR PAGOS · AUTO]   • Pagos con acta ORIGINAL: 2874
[ACTUALIZAR PAGOS · AUTO]   • Pagos SIN acta (buscados): 13991
[ACTUALIZAR PAGOS · AUTO]   • Pagos LLENADOS exitosamente: 0
[ACTUALIZAR PAGOS · AUTO]   • Pagos NO encontrados en multas: 13991
[ACTUALIZAR PAGOS · AUTO]   • Pagos SIN RESOLVER por desbalance de cantidades: 0
[ACTUALIZAR PAGOS · AUTO] ================================================================================
[ACTUALIZAR PAGOS · AUTO] PASO 1: LLENANDO ACTA_NUMERO (búsqueda por patente + fecha, con desempate por hora)
[ACTUALIZAR PAGOS · AUTO] ================================================================================
[ACTUALIZAR PAGOS · AUTO] 📊 ESTADÍSTICAS DE LLENADO DE ACTAS:
[ACTUALIZAR PAGOS · AUTO]   • Pagos con acta ORIGINAL: 2874
[ACTUALIZAR PAGOS · AUTO]   • Pagos SIN acta (buscados): 13991
[ACTUALIZAR PAGOS · AUTO]   • Pagos LLENADOS exitosamente: 0
[ACTUALIZAR PAGOS · AUTO]   • Pagos NO encontrados en multas: 13991
[ACTUALIZAR PAGOS · AUTO]   • Pagos SIN RESOLVER por desbalance de cantidades: 0
[ACTUALIZAR PAGOS · AUTO] ⏱ PASO 1 (llenar actas): 18.4s
[ACTUALIZAR PAGOS · AUTO] ================================================================================
[ACTUALIZAR PAGOS · AUTO] PASO 2: FILTRANDO PAGOS CON ACTA_NUMERO COMPLETO
[ACTUALIZAR PAGOS · AUTO] ================================================================================
[ACTUALIZAR PAGOS · AUTO] 📊 ESTADÍSTICAS DE FILTRADO:
[ACTUALIZAR PAGOS · AUTO]   • Pagos TOTALES al inicio: 16865
[ACTUALIZAR PAGOS · AUTO]   • Pagos CON acta (MANTIENEN): 2874
[ACTUALIZAR PAGOS · AUTO]   • Pagos RECHAZADOS (sin coincidencias): 13991
[ACTUALIZAR PAGOS · AUTO] ⚠️  Se eliminaron 13991 registros sin número de acta
[ACTUALIZAR PAGOS · AUTO]      (recordá: esto incluye tanto pagos ya actualizados/pagados
[ACTUALIZAR PAGOS · AUTO]       como pagos que quedaron sin resolver por desbalance en el Paso 1)
[ACTUALIZAR PAGOS · AUTO] ================================================================================
[ACTUALIZAR PAGOS · AUTO] PASO 2-bis: CONFIRMANDO VIGENCIA DE PAGOS DEL SISTEMA NUEVO (contra MULTAS_JUZGADO_CRUCE)
[ACTUALIZAR PAGOS · AUTO] ================================================================================
[ACTUALIZAR PAGOS · AUTO]   ⚠ 2874 pago(s) del sistema nuevo descartados: su acta ya no figura como vencida en MULTAS_JUZGADO_CRUCE (SEMyT ya los actualizó).
[ACTUALIZAR PAGOS · AUTO]   • Pagos del sistema nuevo descartados por ya estar actualizados: 2874
[ACTUALIZAR PAGOS · AUTO] ⏱ PASO 2 (filtrar): 1.2s
[ACTUALIZAR PAGOS · AUTO] 📂 Cargando maestro de causas SIGEMI...
[ACTUALIZAR PAGOS · AUTO]   ✓ Causas totales (maestro): 134069 registros
[ACTUALIZAR PAGOS · AUTO] ⏱ PASO 2.5 (causas simplificado): 0.2s
[ACTUALIZAR PAGOS · AUTO] ================================================================================
[ACTUALIZAR PAGOS · AUTO] PASO 2.5: ARMANDO causas.txt SIMPLIFICADO (cruce contra total_causas_sigemi.txt)
[ACTUALIZAR PAGOS · AUTO] ================================================================================
[ACTUALIZAR PAGOS · AUTO]   • Actas vencidas viejas (multas): 103577
[ACTUALIZAR PAGOS · AUTO]   • Causas totales en el maestro SIGEMI: 134069
[ACTUALIZAR PAGOS · AUTO]   • Causas que coinciden (simplificado): 103247
[ACTUALIZAR PAGOS · AUTO]   ✅ Archivo escrito: backend/descargas/causas/causas.txt
[ACTUALIZAR PAGOS · AUTO] ⏱ PASO 2.5 (causas simplificado): 2.7s
[ACTUALIZAR PAGOS · AUTO] ⚠️  NO HAY PAGOS CON ACTA_NUMERO PARA PROCESAR
[ACTUALIZAR PAGOS · AUTO] Creando archivo vacío...
[ACTUALIZAR PAGOS · AUTO] ✅ TXT de pagos (ya cruzado con actas y causas) generado en: backend/descargas/pagos/2026-07-24/PAGOS 20260724 023832.txt
[ACTUALIZAR PAGOS · AUTO] 🧹 TXT de pagos crudo eliminado (ya usado en el cruce): backend/descargas/pagos/2026-07-24/PAGOS DESCARGADOS.txt
[ACTUALIZAR PAGOS · AUTO] 🧹 Excel MULTAS_SIGEMI_CRUCE eliminado (ya usado en el cruce): backend/descargas/cache_actas_cruce/MULTAS_SIGEMI_CRUCE.xlsx
[ACTUALIZAR PAGOS · AUTO] 🧹 Excel MULTAS_JUZGADO_CRUCE eliminado (ya usado en el cruce): backend/descargas/cache_actas_cruce/MULTAS_JUZGADO_CRUCE.xlsx
[ACTUALIZAR PAGOS · AUTO] ✅ CompararActasPaso finalizado. (⏱ 50.1s)
[ACTUALIZAR PAGOS · AUTO] ✓ [CompararActasPaso] Completado.
[ACTUALIZAR PAGOS · AUTO] ▶ [CargarPagosPaso] Iniciando...
[ACTUALIZAR PAGOS · AUTO] ==================================================
[ACTUALIZAR PAGOS · AUTO] 🚀 PASO: CargarPagosPaso
[ACTUALIZAR PAGOS · AUTO] ==================================================
[ACTUALIZAR PAGOS · AUTO] ℹ No se encontraron pagos para actualizar (el TXT final no tiene registros).
[ACTUALIZAR PAGOS · AUTO] 🧹 TXT de pagos sin registros eliminado (nada para subir): backend/descargas/pagos/2026-07-24/PAGOS 20260724 023832.txt
[ACTUALIZAR PAGOS · AUTO] ⏭ Se omite la carga al SEMyT.
[ACTUALIZAR PAGOS · AUTO] ✅ CargarPagosPaso finalizado. (⏱ 0.0s)
[ACTUALIZAR PAGOS · AUTO] ✓ [CargarPagosPaso] Completado.
[ACTUALIZAR PAGOS · AUTO] === Ejecución finalizada con éxito ===
[ACTUALIZAR PAGOS · AUTO] ℹ No se subió ningún archivo a ningún sistema externo en esta corrida: por política, el log detallado no se conserva en disco.
🤖 [Automático] Es hora de actualizar pagos. Arrancando...

🔐 Verificando sesiones (SEMyT y Juzgado)...
▶ [LoginSemytPaso] Iniciando...

==================================================
🚀 PASO: LoginSemytPaso
==================================================
Abriendo SEMyT...
✅ [SEMyT] Sesión existente detectada. Login omitido.
✅ LoginSemytPaso finalizado. (⏱ 4.2s)

✓ [LoginSemytPaso] Completado.
▶ [LoginJuzgadoPaso] Iniciando...

==================================================
🚀 PASO: LoginJuzgadoPaso
==================================================
Abriendo sitio municipalidad (CiDi)...
✅ [Juzgado] Sesión existente detectada. Login omitido.
✅ LoginJuzgadoPaso finalizado. (⏱ 1.3s)

✓ [LoginJuzgadoPaso] Completado.
✅ Sesiones listas. Si ya estabas logueado de antes, se reutilizó la sesión guardada y no se volvió a pedir usuario/contraseña.

🤖 [Automático] Es hora de actualizar pagos. Arrancando...
🤖 Modo automático activado.
   Actualización de pagos: arrancando ya mismo.
   Combo diario de pagos + multas vencidas: DESHABILITADO (AUTOMATICO_MULTAS_HABILITADO=False)
✅ Servicio activo. Esperando la próxima ejecución programada...
[ACTUALIZAR PAGOS · AUTO] === Inicio de ejecución: pagos ===
[ACTUALIZAR PAGOS · AUTO] ▶ [LoginSemytPaso] Iniciando...
[ACTUALIZAR PAGOS · AUTO] ==================================================
[ACTUALIZAR PAGOS · AUTO] 🚀 PASO: LoginSemytPaso
[ACTUALIZAR PAGOS · AUTO] ==================================================
[ACTUALIZAR PAGOS · AUTO] Abriendo SEMyT...
[ACTUALIZAR PAGOS · AUTO] ✅ [SEMyT] Sesión existente detectada. Login omitido.
[ACTUALIZAR PAGOS · AUTO] ✅ LoginSemytPaso finalizado. (⏱ 3.9s)
[ACTUALIZAR PAGOS · AUTO] ✓ [LoginSemytPaso] Completado.
[ACTUALIZAR PAGOS · AUTO] ▶ [LoginJuzgadoPaso] Iniciando...
[ACTUALIZAR PAGOS · AUTO] ==================================================
[ACTUALIZAR PAGOS · AUTO] 🚀 PASO: LoginJuzgadoPaso
[ACTUALIZAR PAGOS · AUTO] ==================================================
[ACTUALIZAR PAGOS · AUTO] Abriendo sitio municipalidad (CiDi)...
[ACTUALIZAR PAGOS · AUTO] ✅ [Juzgado] Sesión existente detectada. Login omitido.
[ACTUALIZAR PAGOS · AUTO] ✅ LoginJuzgadoPaso finalizado. (⏱ 1.5s)
[ACTUALIZAR PAGOS · AUTO] ✓ [LoginJuzgadoPaso] Completado.
[ACTUALIZAR PAGOS · AUTO] ▶ [DescargasParalelasPaso] Iniciando...
[ACTUALIZAR PAGOS · AUTO] ==================================================
[ACTUALIZAR PAGOS · AUTO] 🚀 PASO: DescargasParalelasPaso
[ACTUALIZAR PAGOS · AUTO] ==================================================
[ACTUALIZAR PAGOS · AUTO] 📤 Arrancando las 3 descargas en paralelo (mismo browser, páginas separadas)...
[ACTUALIZAR PAGOS · AUTO] Fecha Desde: 27/06/2024
[ACTUALIZAR PAGOS · AUTO] Fecha Hasta: 24/11/2025
[ACTUALIZAR PAGOS · AUTO] Fecha Desde: 25/11/2025
[ACTUALIZAR PAGOS · AUTO] Fecha Hasta: 24/07/2026
[ACTUALIZAR PAGOS · AUTO] Descargando Excel...
[ACTUALIZAR PAGOS · AUTO] Descargando Excel...
⏳ [Automático] Tocaba disparar 'pagos' pero ya hay una ejecución en curso (Actualizar pagos); esperando a que termine; se reintenta en breve sin perder el turno.
[ACTUALIZAR PAGOS · AUTO] Archivo descargado en: backend/descargas/cache_actas_cruce/MULTAS_JUZGADO_CRUCE.xlsx
[ACTUALIZAR PAGOS · AUTO] ⏱ [actas_juzgado] completado en 22.1s
[ACTUALIZAR PAGOS · AUTO] Archivo descargado en: backend/descargas/cache_actas_cruce/MULTAS_SIGEMI_CRUCE.xlsx
[ACTUALIZAR PAGOS · AUTO] ⏱ [actas_sigemi] completado en 44.9s
[ACTUALIZAR PAGOS · AUTO] ✅ TXT de pagos descargado en: backend/descargas/pagos/2026-07-24/PAGOS DESCARGADOS.txt
[ACTUALIZAR PAGOS · AUTO] ⏱ [pagos_txt] completado en 45.0s
[ACTUALIZAR PAGOS · AUTO] ⏱ TOTAL descargas en paralelo: 45.0s
[ACTUALIZAR PAGOS · AUTO] ✅ DescargasParalelasPaso finalizado. (⏱ 46.6s)
[ACTUALIZAR PAGOS · AUTO] ✓ [DescargasParalelasPaso] Completado.
[ACTUALIZAR PAGOS · AUTO] ▶ [CompararActasPaso] Iniciando...
[ACTUALIZAR PAGOS · AUTO] ==================================================
[ACTUALIZAR PAGOS · AUTO] 🚀 PASO: CompararActasPaso
[ACTUALIZAR PAGOS · AUTO] ==================================================
[ACTUALIZAR PAGOS · AUTO] 🔍 Comparando actas del SEMyT contra pagos del Juzgado...
[ACTUALIZAR PAGOS · AUTO] ================================================================================
[ACTUALIZAR PAGOS · AUTO] INICIANDO PROCESO DE GENERACIÓN DE PAGOS DESACTUALIZADOS
[ACTUALIZAR PAGOS · AUTO] ================================================================================
[ACTUALIZAR PAGOS · AUTO] 📂 Cargando archivos...
[ACTUALIZAR PAGOS · AUTO]   ✓ Pagos: 16899 registros
[ACTUALIZAR PAGOS · AUTO]   ✓ Excel SIGEMI (multas vencidas viejas): 103570 registros
[ACTUALIZAR PAGOS · AUTO]   ✓ Excel Juzgado (multas vencidas nuevas): 40119 registros
[ACTUALIZAR PAGOS · AUTO] ================================================================================
[ACTUALIZAR PAGOS · AUTO] PASO 1: LLENANDO ACTA_NUMERO (búsqueda por patente + fecha, con desempate por hora)
[ACTUALIZAR PAGOS · AUTO] ================================================================================
[ACTUALIZAR PAGOS · AUTO] 📊 ESTADÍSTICAS DE LLENADO DE ACTAS:
[ACTUALIZAR PAGOS · AUTO]   • Pagos con acta ORIGINAL: 2891
[ACTUALIZAR PAGOS · AUTO]   • Pagos SIN acta (buscados): 14008
[ACTUALIZAR PAGOS · AUTO]   • Pagos LLENADOS exitosamente: 12
[ACTUALIZAR PAGOS · AUTO]   • Pagos NO encontrados en multas: 13996
[ACTUALIZAR PAGOS · AUTO]   • Pagos SIN RESOLVER por desbalance de cantidades: 0
[ACTUALIZAR PAGOS · AUTO] ================================================================================
[ACTUALIZAR PAGOS · AUTO] PASO 1: LLENANDO ACTA_NUMERO (búsqueda por patente + fecha, con desempate por hora)
[ACTUALIZAR PAGOS · AUTO] ================================================================================
[ACTUALIZAR PAGOS · AUTO] 📊 ESTADÍSTICAS DE LLENADO DE ACTAS:
[ACTUALIZAR PAGOS · AUTO]   • Pagos con acta ORIGINAL: 2903
[ACTUALIZAR PAGOS · AUTO]   • Pagos SIN acta (buscados): 13996
[ACTUALIZAR PAGOS · AUTO]   • Pagos LLENADOS exitosamente: 0
[ACTUALIZAR PAGOS · AUTO]   • Pagos NO encontrados en multas: 13996
[ACTUALIZAR PAGOS · AUTO]   • Pagos SIN RESOLVER por desbalance de cantidades: 0
[ACTUALIZAR PAGOS · AUTO] ⏱ PASO 1 (llenar actas): 19.8s
[ACTUALIZAR PAGOS · AUTO] ================================================================================
[ACTUALIZAR PAGOS · AUTO] PASO 2: FILTRANDO PAGOS CON ACTA_NUMERO COMPLETO
[ACTUALIZAR PAGOS · AUTO] ================================================================================
[ACTUALIZAR PAGOS · AUTO] 📊 ESTADÍSTICAS DE FILTRADO:
[ACTUALIZAR PAGOS · AUTO]   • Pagos TOTALES al inicio: 16899
[ACTUALIZAR PAGOS · AUTO]   • Pagos CON acta (MANTIENEN): 2903
[ACTUALIZAR PAGOS · AUTO]   • Pagos RECHAZADOS (sin coincidencias): 13996
[ACTUALIZAR PAGOS · AUTO] ⚠️  Se eliminaron 13996 registros sin número de acta
[ACTUALIZAR PAGOS · AUTO]      (recordá: esto incluye tanto pagos ya actualizados/pagados
[ACTUALIZAR PAGOS · AUTO]       como pagos que quedaron sin resolver por desbalance en el Paso 1)
[ACTUALIZAR PAGOS · AUTO] ================================================================================
[ACTUALIZAR PAGOS · AUTO] PASO 2-bis: CONFIRMANDO VIGENCIA DE PAGOS DEL SISTEMA NUEVO (contra MULTAS_JUZGADO_CRUCE)
[ACTUALIZAR PAGOS · AUTO] ================================================================================
[ACTUALIZAR PAGOS · AUTO]   ⚠ 2877 pago(s) del sistema nuevo descartados: su acta ya no figura como vencida en MULTAS_JUZGADO_CRUCE (SEMyT ya los actualizó).
[ACTUALIZAR PAGOS · AUTO]   • Pagos del sistema nuevo descartados por ya estar actualizados: 2877
[ACTUALIZAR PAGOS · AUTO] ⏱ PASO 2 (filtrar): 1.4s
[ACTUALIZAR PAGOS · AUTO] 📂 Cargando maestro de causas SIGEMI...
[ACTUALIZAR PAGOS · AUTO]   ✓ Causas totales (maestro): 134069 registros
[ACTUALIZAR PAGOS · AUTO] ⏱ PASO 2.5 (causas simplificado): 0.2s
[ACTUALIZAR PAGOS · AUTO] ================================================================================
[ACTUALIZAR PAGOS · AUTO] PASO 2.5: ARMANDO causas.txt SIMPLIFICADO (cruce contra total_causas_sigemi.txt)
[ACTUALIZAR PAGOS · AUTO] ================================================================================
[ACTUALIZAR PAGOS · AUTO]   • Actas vencidas viejas (multas): 103570
[ACTUALIZAR PAGOS · AUTO]   • Causas totales en el maestro SIGEMI: 134069
[ACTUALIZAR PAGOS · AUTO]   • Causas que coinciden (simplificado): 103240
[ACTUALIZAR PAGOS · AUTO]   ✅ Archivo escrito: backend/descargas/causas/causas.txt
[ACTUALIZAR PAGOS · AUTO] ⏱ PASO 2.5 (causas simplificado): 2.9s
[ACTUALIZAR PAGOS · AUTO] ================================================================================
[ACTUALIZAR PAGOS · AUTO] PASO 3: LLENANDO CAUSA_NUMERO (según fecha de cambio de sistema, cruzando por acta + año)
[ACTUALIZAR PAGOS · AUTO] ================================================================================
[ACTUALIZAR PAGOS · AUTO] 📊 ESTADÍSTICAS DE LLENADO DE CAUSAS:
[ACTUALIZAR PAGOS · AUTO]   • Pagos con causa ORIGINAL: 14
[ACTUALIZAR PAGOS · AUTO]   • Causas encontradas en SIGEMI (actas viejas): 12
[ACTUALIZAR PAGOS · AUTO]   • Causas NO encontradas en SIGEMI: 0
[ACTUALIZAR PAGOS · AUTO]   • Causas asignadas automáticamente (actas nuevas): 0
[ACTUALIZAR PAGOS · AUTO] ⏱ PASO 3 (llenar causas): 0.0s
[ACTUALIZAR PAGOS · AUTO] ================================================================================
[ACTUALIZAR PAGOS · AUTO] PASO 4: ORDENANDO POR FECHA Y ACTA_NUMERO
[ACTUALIZAR PAGOS · AUTO] ================================================================================
[ACTUALIZAR PAGOS · AUTO] ✓ Pagos ordenados correctamente
[ACTUALIZAR PAGOS · AUTO]   • Primera entrada: Acta=26497, Fecha=09/08/2024
[ACTUALIZAR PAGOS · AUTO]   • Última entrada: Acta=294025, Fecha=13/04/2026
[ACTUALIZAR PAGOS · AUTO] 📝 Escribiendo archivo de salida...
[ACTUALIZAR PAGOS · AUTO]   ✅ Archivo escrito: backend/descargas/pagos/2026-07-24/PAGOS 20260724 082006.txt
[ACTUALIZAR PAGOS · AUTO]   ✅ Total registros: 2898
[ACTUALIZAR PAGOS · AUTO] ⏱ PASO 4 (ordenar y escribir): 0.0s
[ACTUALIZAR PAGOS · AUTO] ================================================================================
[ACTUALIZAR PAGOS · AUTO] ✅ PROCESO COMPLETADO EXITOSAMENTE
[ACTUALIZAR PAGOS · AUTO] ================================================================================
[ACTUALIZAR PAGOS · AUTO] 📊 RESUMEN FINAL DEL PROCESAMIENTO:
[ACTUALIZAR PAGOS · AUTO]   ENTRADA:
[ACTUALIZAR PAGOS · AUTO]     • Pagos originales: 16899
[ACTUALIZAR PAGOS · AUTO]     • Multas SIGEMI cargadas: 103570
[ACTUALIZAR PAGOS · AUTO]     • Multas Juzgado cargadas: 40119
[ACTUALIZAR PAGOS · AUTO]     • Causas simplificadas (usadas para el cruce): 103240
[ACTUALIZAR PAGOS · AUTO]   PROCESO:
[ACTUALIZAR PAGOS · AUTO]     • Pagos rechazados sigemi: 13996
[ACTUALIZAR PAGOS · AUTO]     • Pagos rechazados juzgado: 2877
[ACTUALIZAR PAGOS · AUTO]   SALIDA:
[ACTUALIZAR PAGOS · AUTO]     • Pagos desactualizados procesados: 26
[ACTUALIZAR PAGOS · AUTO]     • Archivo final: backend/descargas/pagos/2026-07-24/PAGOS 20260724 082006.txt
[ACTUALIZAR PAGOS · AUTO]     • Ordenados por fecha: SÍ ✓
[ACTUALIZAR PAGOS · AUTO]     • Todos con ACTA_NUMERO: SÍ ✓
[ACTUALIZAR PAGOS · AUTO]     • Todos con CAUSA_NUMERO: SÍ ✓
[ACTUALIZAR PAGOS · AUTO] ✅ TXT de pagos (ya cruzado con actas y causas) generado en: backend/descargas/pagos/2026-07-24/PAGOS 20260724 082006.txt
[ACTUALIZAR PAGOS · AUTO] 🧹 TXT de pagos crudo eliminado (ya usado en el cruce): backend/descargas/pagos/2026-07-24/PAGOS DESCARGADOS.txt
[ACTUALIZAR PAGOS · AUTO] 🧹 Excel MULTAS_SIGEMI_CRUCE eliminado (ya usado en el cruce): backend/descargas/cache_actas_cruce/MULTAS_SIGEMI_CRUCE.xlsx
[ACTUALIZAR PAGOS · AUTO] 🧹 Excel MULTAS_JUZGADO_CRUCE eliminado (ya usado en el cruce): backend/descargas/cache_actas_cruce/MULTAS_JUZGADO_CRUCE.xlsx
[ACTUALIZAR PAGOS · AUTO] ✅ CompararActasPaso finalizado. (⏱ 54.4s)
[ACTUALIZAR PAGOS · AUTO] ✓ [CompararActasPaso] Completado.
[ACTUALIZAR PAGOS · AUTO] ▶ [CargarPagosPaso] Iniciando...
[ACTUALIZAR PAGOS · AUTO] ==================================================
[ACTUALIZAR PAGOS · AUTO] 🚀 PASO: CargarPagosPaso
[ACTUALIZAR PAGOS · AUTO] ==================================================
[ACTUALIZAR PAGOS · AUTO] 📤 Subiendo TXT de pagos al SEMyT...
[ACTUALIZAR PAGOS · AUTO] ✅ Importación de pagos completada con éxito.
[ACTUALIZAR PAGOS · AUTO] ✅ Archivo TXT de pagos cargado en el SEMyT correctamente.
[ACTUALIZAR PAGOS · AUTO] ✅ CargarPagosPaso finalizado. (⏱ 2.3s)
[ACTUALIZAR PAGOS · AUTO] ✓ [CargarPagosPaso] Completado.
[ACTUALIZAR PAGOS · AUTO] === Ejecución finalizada con éxito ===
🤖 [Automático] Es hora de actualizar pagos. Arrancando...
[ACTUALIZAR PAGOS · AUTO] === Inicio de ejecución: pagos ===
[ACTUALIZAR PAGOS · AUTO] ▶ [LoginSemytPaso] Iniciando...
[ACTUALIZAR PAGOS · AUTO] ==================================================
[ACTUALIZAR PAGOS · AUTO] 🚀 PASO: LoginSemytPaso
[ACTUALIZAR PAGOS · AUTO] ==================================================
[ACTUALIZAR PAGOS · AUTO] Abriendo SEMyT...
[ACTUALIZAR PAGOS · AUTO] ✅ [SEMyT] Sesión existente detectada. Login omitido.
[ACTUALIZAR PAGOS · AUTO] ✅ LoginSemytPaso finalizado. (⏱ 4.2s)
[ACTUALIZAR PAGOS · AUTO] ✓ [LoginSemytPaso] Completado.
[ACTUALIZAR PAGOS · AUTO] ▶ [LoginJuzgadoPaso] Iniciando...
[ACTUALIZAR PAGOS · AUTO] ==================================================
[ACTUALIZAR PAGOS · AUTO] 🚀 PASO: LoginJuzgadoPaso
[ACTUALIZAR PAGOS · AUTO] ==================================================
[ACTUALIZAR PAGOS · AUTO] Abriendo sitio municipalidad (CiDi)...
[ACTUALIZAR PAGOS · AUTO] ✅ [Juzgado] Sesión existente detectada. Login omitido.
[ACTUALIZAR PAGOS · AUTO] ✅ LoginJuzgadoPaso finalizado. (⏱ 1.3s)
[ACTUALIZAR PAGOS · AUTO] ✓ [LoginJuzgadoPaso] Completado.
[ACTUALIZAR PAGOS · AUTO] ▶ [DescargasParalelasPaso] Iniciando...
[ACTUALIZAR PAGOS · AUTO] ==================================================
[ACTUALIZAR PAGOS · AUTO] 🚀 PASO: DescargasParalelasPaso
[ACTUALIZAR PAGOS · AUTO] ==================================================
[ACTUALIZAR PAGOS · AUTO] 📤 Arrancando las 3 descargas en paralelo (mismo browser, páginas separadas)...
[ACTUALIZAR PAGOS · AUTO] Fecha Desde: 27/06/2024
[ACTUALIZAR PAGOS · AUTO] Fecha Hasta: 24/11/2025
[ACTUALIZAR PAGOS · AUTO] Fecha Desde: 25/11/2025
[ACTUALIZAR PAGOS · AUTO] Fecha Hasta: 24/07/2026
[ACTUALIZAR PAGOS · AUTO] Descargando Excel...
[ACTUALIZAR PAGOS · AUTO] Descargando Excel...
⏳ [Automático] Tocaba disparar 'pagos' pero ya hay una ejecución en curso (Actualizar pagos); esperando a que termine; se reintenta en breve sin perder el turno.
[ACTUALIZAR PAGOS · AUTO] Archivo descargado en: backend/descargas/cache_actas_cruce/MULTAS_JUZGADO_CRUCE.xlsx
[ACTUALIZAR PAGOS · AUTO] ⏱ [actas_juzgado] completado en 22.6s
[ACTUALIZAR PAGOS · AUTO] Archivo descargado en: backend/descargas/cache_actas_cruce/MULTAS_SIGEMI_CRUCE.xlsx
[ACTUALIZAR PAGOS · AUTO] ⏱ [actas_sigemi] completado en 44.8s
[ACTUALIZAR PAGOS · AUTO] ✅ TXT de pagos descargado en: backend/descargas/pagos/2026-07-24/PAGOS DESCARGADOS.txt
[ACTUALIZAR PAGOS · AUTO] ⏱ [pagos_txt] completado en 44.9s
[ACTUALIZAR PAGOS · AUTO] ⏱ TOTAL descargas en paralelo: 44.9s
[ACTUALIZAR PAGOS · AUTO] ✅ DescargasParalelasPaso finalizado. (⏱ 46.4s)
[ACTUALIZAR PAGOS · AUTO] ✓ [DescargasParalelasPaso] Completado.
[ACTUALIZAR PAGOS · AUTO] ▶ [CompararActasPaso] Iniciando...
[ACTUALIZAR PAGOS · AUTO] ==================================================
[ACTUALIZAR PAGOS · AUTO] 🚀 PASO: CompararActasPaso
[ACTUALIZAR PAGOS · AUTO] ==================================================
[ACTUALIZAR PAGOS · AUTO] 🔍 Comparando actas del SEMyT contra pagos del Juzgado...
[ACTUALIZAR PAGOS · AUTO] ================================================================================
[ACTUALIZAR PAGOS · AUTO] INICIANDO PROCESO DE GENERACIÓN DE PAGOS DESACTUALIZADOS
[ACTUALIZAR PAGOS · AUTO] ================================================================================
[ACTUALIZAR PAGOS · AUTO] 📂 Cargando archivos...
[ACTUALIZAR PAGOS · AUTO]   ✓ Pagos: 16904 registros
[ACTUALIZAR PAGOS · AUTO]   ✓ Excel SIGEMI (multas vencidas viejas): 103558 registros
[ACTUALIZAR PAGOS · AUTO]   ✓ Excel Juzgado (multas vencidas nuevas): 40105 registros
[ACTUALIZAR PAGOS · AUTO] ================================================================================
[ACTUALIZAR PAGOS · AUTO] PASO 1: LLENANDO ACTA_NUMERO (búsqueda por patente + fecha, con desempate por hora)
[ACTUALIZAR PAGOS · AUTO] ================================================================================
[ACTUALIZAR PAGOS · AUTO] 📊 ESTADÍSTICAS DE LLENADO DE ACTAS:
[ACTUALIZAR PAGOS · AUTO]   • Pagos con acta ORIGINAL: 2895
[ACTUALIZAR PAGOS · AUTO]   • Pagos SIN acta (buscados): 14009
[ACTUALIZAR PAGOS · AUTO]   • Pagos LLENADOS exitosamente: 1
[ACTUALIZAR PAGOS · AUTO]   • Pagos NO encontrados en multas: 14008
[ACTUALIZAR PAGOS · AUTO]   • Pagos SIN RESOLVER por desbalance de cantidades: 0
[ACTUALIZAR PAGOS · AUTO] ================================================================================
[ACTUALIZAR PAGOS · AUTO] PASO 1: LLENANDO ACTA_NUMERO (búsqueda por patente + fecha, con desempate por hora)
[ACTUALIZAR PAGOS · AUTO] ================================================================================
[ACTUALIZAR PAGOS · AUTO] 📊 ESTADÍSTICAS DE LLENADO DE ACTAS:
[ACTUALIZAR PAGOS · AUTO]   • Pagos con acta ORIGINAL: 2896
[ACTUALIZAR PAGOS · AUTO]   • Pagos SIN acta (buscados): 14008
[ACTUALIZAR PAGOS · AUTO]   • Pagos LLENADOS exitosamente: 0
[ACTUALIZAR PAGOS · AUTO]   • Pagos NO encontrados en multas: 14008
[ACTUALIZAR PAGOS · AUTO]   • Pagos SIN RESOLVER por desbalance de cantidades: 0
[ACTUALIZAR PAGOS · AUTO] ⏱ PASO 1 (llenar actas): 19.9s
[ACTUALIZAR PAGOS · AUTO] ================================================================================
[ACTUALIZAR PAGOS · AUTO] PASO 2: FILTRANDO PAGOS CON ACTA_NUMERO COMPLETO
[ACTUALIZAR PAGOS · AUTO] ================================================================================
[ACTUALIZAR PAGOS · AUTO] 📊 ESTADÍSTICAS DE FILTRADO:
[ACTUALIZAR PAGOS · AUTO]   • Pagos TOTALES al inicio: 16904
[ACTUALIZAR PAGOS · AUTO]   • Pagos CON acta (MANTIENEN): 2896
[ACTUALIZAR PAGOS · AUTO]   • Pagos RECHAZADOS (sin coincidencias): 14008
[ACTUALIZAR PAGOS · AUTO] ⚠️  Se eliminaron 14008 registros sin número de acta
[ACTUALIZAR PAGOS · AUTO]      (recordá: esto incluye tanto pagos ya actualizados/pagados
[ACTUALIZAR PAGOS · AUTO]       como pagos que quedaron sin resolver por desbalance en el Paso 1)
[ACTUALIZAR PAGOS · AUTO] ================================================================================
[ACTUALIZAR PAGOS · AUTO] PASO 2-bis: CONFIRMANDO VIGENCIA DE PAGOS DEL SISTEMA NUEVO (contra MULTAS_JUZGADO_CRUCE)
[ACTUALIZAR PAGOS · AUTO] ================================================================================
[ACTUALIZAR PAGOS · AUTO]   ⚠ 2891 pago(s) del sistema nuevo descartados: su acta ya no figura como vencida en MULTAS_JUZGADO_CRUCE (SEMyT ya los actualizó).
[ACTUALIZAR PAGOS · AUTO]   • Pagos del sistema nuevo descartados por ya estar actualizados: 2891
[ACTUALIZAR PAGOS · AUTO] ⏱ PASO 2 (filtrar): 1.3s
[ACTUALIZAR PAGOS · AUTO] 📂 Cargando maestro de causas SIGEMI...
[ACTUALIZAR PAGOS · AUTO]   ✓ Causas totales (maestro): 134069 registros
[ACTUALIZAR PAGOS · AUTO] ⏱ PASO 2.5 (causas simplificado): 0.2s
[ACTUALIZAR PAGOS · AUTO] ================================================================================
[ACTUALIZAR PAGOS · AUTO] PASO 2.5: ARMANDO causas.txt SIMPLIFICADO (cruce contra total_causas_sigemi.txt)
[ACTUALIZAR PAGOS · AUTO] ================================================================================
[ACTUALIZAR PAGOS · AUTO]   • Actas vencidas viejas (multas): 103558
[ACTUALIZAR PAGOS · AUTO]   • Causas totales en el maestro SIGEMI: 134069
[ACTUALIZAR PAGOS · AUTO]   • Causas que coinciden (simplificado): 103228
[ACTUALIZAR PAGOS · AUTO]   ✅ Archivo escrito: backend/descargas/causas/causas.txt
[ACTUALIZAR PAGOS · AUTO] ⏱ PASO 2.5 (causas simplificado): 2.9s
[ACTUALIZAR PAGOS · AUTO] ================================================================================
[ACTUALIZAR PAGOS · AUTO] PASO 3: LLENANDO CAUSA_NUMERO (según fecha de cambio de sistema, cruzando por acta + año)
[ACTUALIZAR PAGOS · AUTO] ================================================================================
[ACTUALIZAR PAGOS · AUTO] 📊 ESTADÍSTICAS DE LLENADO DE CAUSAS:
[ACTUALIZAR PAGOS · AUTO]   • Pagos con causa ORIGINAL: 4
[ACTUALIZAR PAGOS · AUTO]   • Causas encontradas en SIGEMI (actas viejas): 1
[ACTUALIZAR PAGOS · AUTO]   • Causas NO encontradas en SIGEMI: 0
[ACTUALIZAR PAGOS · AUTO]   • Causas asignadas automáticamente (actas nuevas): 0
[ACTUALIZAR PAGOS · AUTO] ⏱ PASO 3 (llenar causas): 0.0s
[ACTUALIZAR PAGOS · AUTO] ================================================================================
[ACTUALIZAR PAGOS · AUTO] PASO 4: ORDENANDO POR FECHA Y ACTA_NUMERO
[ACTUALIZAR PAGOS · AUTO] ================================================================================
[ACTUALIZAR PAGOS · AUTO] ✓ Pagos ordenados correctamente
[ACTUALIZAR PAGOS · AUTO]   • Primera entrada: Acta=19788, Fecha=31/07/2024
[ACTUALIZAR PAGOS · AUTO]   • Última entrada: Acta=279531, Fecha=13/03/2026
[ACTUALIZAR PAGOS · AUTO] 📝 Escribiendo archivo de salida...
[ACTUALIZAR PAGOS · AUTO]   ✅ Archivo escrito: backend/descargas/pagos/2026-07-24/PAGOS 20260724 083158.txt
[ACTUALIZAR PAGOS · AUTO]   ✅ Total registros: 678
[ACTUALIZAR PAGOS · AUTO] ⏱ PASO 4 (ordenar y escribir): 0.0s
[ACTUALIZAR PAGOS · AUTO] ================================================================================
[ACTUALIZAR PAGOS · AUTO] ✅ PROCESO COMPLETADO EXITOSAMENTE
[ACTUALIZAR PAGOS · AUTO] ================================================================================
[ACTUALIZAR PAGOS · AUTO] 📊 RESUMEN FINAL DEL PROCESAMIENTO:
[ACTUALIZAR PAGOS · AUTO]   ENTRADA:
[ACTUALIZAR PAGOS · AUTO]     • Pagos originales: 16904
[ACTUALIZAR PAGOS · AUTO]     • Multas SIGEMI cargadas: 103558
[ACTUALIZAR PAGOS · AUTO]     • Multas Juzgado cargadas: 40105
[ACTUALIZAR PAGOS · AUTO]     • Causas simplificadas (usadas para el cruce): 103228
[ACTUALIZAR PAGOS · AUTO]   PROCESO:
[ACTUALIZAR PAGOS · AUTO]     • Pagos rechazados sigemi: 14008
[ACTUALIZAR PAGOS · AUTO]     • Pagos rechazados juzgado: 2891
[ACTUALIZAR PAGOS · AUTO]   SALIDA:
[ACTUALIZAR PAGOS · AUTO]     • Pagos desactualizados procesados: 5
[ACTUALIZAR PAGOS · AUTO]     • Archivo final: backend/descargas/pagos/2026-07-24/PAGOS 20260724 083158.txt
[ACTUALIZAR PAGOS · AUTO]     • Ordenados por fecha: SÍ ✓
[ACTUALIZAR PAGOS · AUTO]     • Todos con ACTA_NUMERO: SÍ ✓
[ACTUALIZAR PAGOS · AUTO]     • Todos con CAUSA_NUMERO: SÍ ✓
[ACTUALIZAR PAGOS · AUTO] ✅ TXT de pagos (ya cruzado con actas y causas) generado en: backend/descargas/pagos/2026-07-24/PAGOS 20260724 083158.txt
[ACTUALIZAR PAGOS · AUTO] 🧹 TXT de pagos crudo eliminado (ya usado en el cruce): backend/descargas/pagos/2026-07-24/PAGOS DESCARGADOS.txt
[ACTUALIZAR PAGOS · AUTO] 🧹 Excel MULTAS_SIGEMI_CRUCE eliminado (ya usado en el cruce): backend/descargas/cache_actas_cruce/MULTAS_SIGEMI_CRUCE.xlsx
[ACTUALIZAR PAGOS · AUTO] 🧹 Excel MULTAS_JUZGADO_CRUCE eliminado (ya usado en el cruce): backend/descargas/cache_actas_cruce/MULTAS_JUZGADO_CRUCE.xlsx
[ACTUALIZAR PAGOS · AUTO] ✅ CompararActasPaso finalizado. (⏱ 54.2s)
[ACTUALIZAR PAGOS · AUTO] ✓ [CompararActasPaso] Completado.
[ACTUALIZAR PAGOS · AUTO] ▶ [CargarPagosPaso] Iniciando...
[ACTUALIZAR PAGOS · AUTO] ==================================================
[ACTUALIZAR PAGOS · AUTO] 🚀 PASO: CargarPagosPaso
[ACTUALIZAR PAGOS · AUTO] ==================================================
[ACTUALIZAR PAGOS · AUTO] 📤 Subiendo TXT de pagos al SEMyT...
[ACTUALIZAR PAGOS · AUTO] ✅ Importación de pagos completada con éxito.
[ACTUALIZAR PAGOS · AUTO] ✅ Archivo TXT de pagos cargado en el SEMyT correctamente.
[ACTUALIZAR PAGOS · AUTO] ✅ CargarPagosPaso finalizado. (⏱ 3.6s)
[ACTUALIZAR PAGOS · AUTO] ✓ [CargarPagosPaso] Completado.
[ACTUALIZAR PAGOS · AUTO] === Ejecución finalizada con éxito ===
🤖 [Automático] Es hora de actualizar pagos. Arrancando...
[ACTUALIZAR PAGOS · AUTO] === Inicio de ejecución: pagos ===
[ACTUALIZAR PAGOS · AUTO] ▶ [LoginSemytPaso] Iniciando...
[ACTUALIZAR PAGOS · AUTO] ==================================================
[ACTUALIZAR PAGOS · AUTO] 🚀 PASO: LoginSemytPaso
[ACTUALIZAR PAGOS · AUTO] ==================================================
[ACTUALIZAR PAGOS · AUTO] Abriendo SEMyT...
[ACTUALIZAR PAGOS · AUTO] ✅ [SEMyT] Sesión existente detectada. Login omitido.
[ACTUALIZAR PAGOS · AUTO] ✅ LoginSemytPaso finalizado. (⏱ 4.1s)
[ACTUALIZAR PAGOS · AUTO] ✓ [LoginSemytPaso] Completado.
[ACTUALIZAR PAGOS · AUTO] ▶ [LoginJuzgadoPaso] Iniciando...
[ACTUALIZAR PAGOS · AUTO] ==================================================
[ACTUALIZAR PAGOS · AUTO] 🚀 PASO: LoginJuzgadoPaso
[ACTUALIZAR PAGOS · AUTO] ==================================================
[ACTUALIZAR PAGOS · AUTO] Abriendo sitio municipalidad (CiDi)...
[ACTUALIZAR PAGOS · AUTO] ✅ [Juzgado] Sesión existente detectada. Login omitido.
[ACTUALIZAR PAGOS · AUTO] ✅ LoginJuzgadoPaso finalizado. (⏱ 1.2s)
[ACTUALIZAR PAGOS · AUTO] ✓ [LoginJuzgadoPaso] Completado.
[ACTUALIZAR PAGOS · AUTO] ▶ [DescargasParalelasPaso] Iniciando...
[ACTUALIZAR PAGOS · AUTO] ==================================================
[ACTUALIZAR PAGOS · AUTO] 🚀 PASO: DescargasParalelasPaso
[ACTUALIZAR PAGOS · AUTO] ==================================================
[ACTUALIZAR PAGOS · AUTO] 📤 Arrancando las 3 descargas en paralelo (mismo browser, páginas separadas)...
[ACTUALIZAR PAGOS · AUTO] Fecha Desde: 27/06/2024
[ACTUALIZAR PAGOS · AUTO] Fecha Hasta: 24/11/2025
[ACTUALIZAR PAGOS · AUTO] Fecha Desde: 25/11/2025
[ACTUALIZAR PAGOS · AUTO] Fecha Hasta: 24/07/2026
[ACTUALIZAR PAGOS · AUTO] Descargando Excel...
[ACTUALIZAR PAGOS · AUTO] Descargando Excel...
⏳ [Automático] Tocaba disparar 'pagos' pero ya hay una ejecución en curso (Actualizar pagos); esperando a que termine; se reintenta en breve sin perder el turno.
[ACTUALIZAR PAGOS · AUTO] Archivo descargado en: backend/descargas/cache_actas_cruce/MULTAS_JUZGADO_CRUCE.xlsx
[ACTUALIZAR PAGOS · AUTO] ⏱ [actas_juzgado] completado en 20.3s
[ACTUALIZAR PAGOS · AUTO] Archivo descargado en: backend/descargas/cache_actas_cruce/MULTAS_SIGEMI_CRUCE.xlsx
[ACTUALIZAR PAGOS · AUTO] ⏱ [actas_sigemi] completado en 43.2s
[ACTUALIZAR PAGOS · AUTO] ✅ TXT de pagos descargado en: backend/descargas/pagos/2026-07-24/PAGOS DESCARGADOS.txt
[ACTUALIZAR PAGOS · AUTO] ⏱ [pagos_txt] completado en 43.9s
[ACTUALIZAR PAGOS · AUTO] ⏱ TOTAL descargas en paralelo: 43.9s
[ACTUALIZAR PAGOS · AUTO] ✅ DescargasParalelasPaso finalizado. (⏱ 45.4s)
[ACTUALIZAR PAGOS · AUTO] ✓ [DescargasParalelasPaso] Completado.
[ACTUALIZAR PAGOS · AUTO] ▶ [CompararActasPaso] Iniciando...
[ACTUALIZAR PAGOS · AUTO] ==================================================
[ACTUALIZAR PAGOS · AUTO] 🚀 PASO: CompararActasPaso
[ACTUALIZAR PAGOS · AUTO] ==================================================
[ACTUALIZAR PAGOS · AUTO] 🔍 Comparando actas del SEMyT contra pagos del Juzgado...
[ACTUALIZAR PAGOS · AUTO] ================================================================================
[ACTUALIZAR PAGOS · AUTO] INICIANDO PROCESO DE GENERACIÓN DE PAGOS DESACTUALIZADOS
[ACTUALIZAR PAGOS · AUTO] ================================================================================
[ACTUALIZAR PAGOS · AUTO] 📂 Cargando archivos...
[ACTUALIZAR PAGOS · AUTO]   ✓ Pagos: 16914 registros
[ACTUALIZAR PAGOS · AUTO]   ✓ Excel SIGEMI (multas vencidas viejas): 103557 registros
[ACTUALIZAR PAGOS · AUTO]   ✓ Excel Juzgado (multas vencidas nuevas): 40101 registros
[ACTUALIZAR PAGOS · AUTO] ================================================================================
[ACTUALIZAR PAGOS · AUTO] PASO 1: LLENANDO ACTA_NUMERO (búsqueda por patente + fecha, con desempate por hora)
[ACTUALIZAR PAGOS · AUTO] ================================================================================
[ACTUALIZAR PAGOS · AUTO] 📊 ESTADÍSTICAS DE LLENADO DE ACTAS:
[ACTUALIZAR PAGOS · AUTO]   • Pagos con acta ORIGINAL: 2899
[ACTUALIZAR PAGOS · AUTO]   • Pagos SIN acta (buscados): 14015
[ACTUALIZAR PAGOS · AUTO]   • Pagos LLENADOS exitosamente: 6
[ACTUALIZAR PAGOS · AUTO]   • Pagos NO encontrados en multas: 14009
[ACTUALIZAR PAGOS · AUTO]   • Pagos SIN RESOLVER por desbalance de cantidades: 0
[ACTUALIZAR PAGOS · AUTO] ================================================================================
[ACTUALIZAR PAGOS · AUTO] PASO 1: LLENANDO ACTA_NUMERO (búsqueda por patente + fecha, con desempate por hora)
[ACTUALIZAR PAGOS · AUTO] ================================================================================
[ACTUALIZAR PAGOS · AUTO] 📊 ESTADÍSTICAS DE LLENADO DE ACTAS:
[ACTUALIZAR PAGOS · AUTO]   • Pagos con acta ORIGINAL: 2905
[ACTUALIZAR PAGOS · AUTO]   • Pagos SIN acta (buscados): 14009
[ACTUALIZAR PAGOS · AUTO]   • Pagos LLENADOS exitosamente: 0
[ACTUALIZAR PAGOS · AUTO]   • Pagos NO encontrados en multas: 14009
[ACTUALIZAR PAGOS · AUTO]   • Pagos SIN RESOLVER por desbalance de cantidades: 0
[ACTUALIZAR PAGOS · AUTO] ⏱ PASO 1 (llenar actas): 19.8s
[ACTUALIZAR PAGOS · AUTO] ================================================================================
[ACTUALIZAR PAGOS · AUTO] PASO 2: FILTRANDO PAGOS CON ACTA_NUMERO COMPLETO
[ACTUALIZAR PAGOS · AUTO] ================================================================================
[ACTUALIZAR PAGOS · AUTO] 📊 ESTADÍSTICAS DE FILTRADO:
[ACTUALIZAR PAGOS · AUTO]   • Pagos TOTALES al inicio: 16914
[ACTUALIZAR PAGOS · AUTO]   • Pagos CON acta (MANTIENEN): 2905
[ACTUALIZAR PAGOS · AUTO]   • Pagos RECHAZADOS (sin coincidencias): 14009
[ACTUALIZAR PAGOS · AUTO] ⚠️  Se eliminaron 14009 registros sin número de acta
[ACTUALIZAR PAGOS · AUTO]      (recordá: esto incluye tanto pagos ya actualizados/pagados
[ACTUALIZAR PAGOS · AUTO]       como pagos que quedaron sin resolver por desbalance en el Paso 1)
[ACTUALIZAR PAGOS · AUTO] ================================================================================
[ACTUALIZAR PAGOS · AUTO] PASO 2-bis: CONFIRMANDO VIGENCIA DE PAGOS DEL SISTEMA NUEVO (contra MULTAS_JUZGADO_CRUCE)
[ACTUALIZAR PAGOS · AUTO] ================================================================================
[ACTUALIZAR PAGOS · AUTO]   ⚠ 2895 pago(s) del sistema nuevo descartados: su acta ya no figura como vencida en MULTAS_JUZGADO_CRUCE (SEMyT ya los actualizó).
[ACTUALIZAR PAGOS · AUTO]   • Pagos del sistema nuevo descartados por ya estar actualizados: 2895
[ACTUALIZAR PAGOS · AUTO] ⏱ PASO 2 (filtrar): 1.3s
[ACTUALIZAR PAGOS · AUTO] 📂 Cargando maestro de causas SIGEMI...
[ACTUALIZAR PAGOS · AUTO]   ✓ Causas totales (maestro): 134069 registros
[ACTUALIZAR PAGOS · AUTO] ⏱ PASO 2.5 (causas simplificado): 0.2s
[ACTUALIZAR PAGOS · AUTO] ================================================================================
[ACTUALIZAR PAGOS · AUTO] PASO 2.5: ARMANDO causas.txt SIMPLIFICADO (cruce contra total_causas_sigemi.txt)
[ACTUALIZAR PAGOS · AUTO] ================================================================================
[ACTUALIZAR PAGOS · AUTO]   • Actas vencidas viejas (multas): 103557
[ACTUALIZAR PAGOS · AUTO]   • Causas totales en el maestro SIGEMI: 134069
[ACTUALIZAR PAGOS · AUTO]   • Causas que coinciden (simplificado): 103227
[ACTUALIZAR PAGOS · AUTO]   ✅ Archivo escrito: backend/descargas/causas/causas.txt
[ACTUALIZAR PAGOS · AUTO] ⏱ PASO 2.5 (causas simplificado): 2.9s
[ACTUALIZAR PAGOS · AUTO] ================================================================================
[ACTUALIZAR PAGOS · AUTO] PASO 3: LLENANDO CAUSA_NUMERO (según fecha de cambio de sistema, cruzando por acta + año)
[ACTUALIZAR PAGOS · AUTO] ================================================================================
[ACTUALIZAR PAGOS · AUTO] 📊 ESTADÍSTICAS DE LLENADO DE CAUSAS:
[ACTUALIZAR PAGOS · AUTO]   • Pagos con causa ORIGINAL: 4
[ACTUALIZAR PAGOS · AUTO]   • Causas encontradas en SIGEMI (actas viejas): 6
[ACTUALIZAR PAGOS · AUTO]   • Causas NO encontradas en SIGEMI: 0
[ACTUALIZAR PAGOS · AUTO]   • Causas asignadas automáticamente (actas nuevas): 0
[ACTUALIZAR PAGOS · AUTO] ⏱ PASO 3 (llenar causas): 0.0s
[ACTUALIZAR PAGOS · AUTO] ================================================================================
[ACTUALIZAR PAGOS · AUTO] PASO 4: ORDENANDO POR FECHA Y ACTA_NUMERO
[ACTUALIZAR PAGOS · AUTO] ================================================================================
[ACTUALIZAR PAGOS · AUTO] ✓ Pagos ordenados correctamente
[ACTUALIZAR PAGOS · AUTO]   • Primera entrada: Acta=11434, Fecha=16/07/2024
[ACTUALIZAR PAGOS · AUTO]   • Última entrada: Acta=277533, Fecha=10/03/2026
[ACTUALIZAR PAGOS · AUTO] 📝 Escribiendo archivo de salida...
[ACTUALIZAR PAGOS · AUTO]   ✅ Archivo escrito: backend/descargas/pagos/2026-07-24/PAGOS 20260724 084404.txt
[ACTUALIZAR PAGOS · AUTO]   ✅ Total registros: 1190
[ACTUALIZAR PAGOS · AUTO] ⏱ PASO 4 (ordenar y escribir): 0.0s
[ACTUALIZAR PAGOS · AUTO] ================================================================================
[ACTUALIZAR PAGOS · AUTO] ✅ PROCESO COMPLETADO EXITOSAMENTE
[ACTUALIZAR PAGOS · AUTO] ================================================================================
[ACTUALIZAR PAGOS · AUTO] 📊 RESUMEN FINAL DEL PROCESAMIENTO:
[ACTUALIZAR PAGOS · AUTO]   ENTRADA:
[ACTUALIZAR PAGOS · AUTO]     • Pagos originales: 16914
[ACTUALIZAR PAGOS · AUTO]     • Multas SIGEMI cargadas: 103557
[ACTUALIZAR PAGOS · AUTO]     • Multas Juzgado cargadas: 40101
[ACTUALIZAR PAGOS · AUTO]     • Causas simplificadas (usadas para el cruce): 103227
[ACTUALIZAR PAGOS · AUTO]   PROCESO:
[ACTUALIZAR PAGOS · AUTO]     • Pagos rechazados sigemi: 14009
[ACTUALIZAR PAGOS · AUTO]     • Pagos rechazados juzgado: 2895
[ACTUALIZAR PAGOS · AUTO]   SALIDA:
[ACTUALIZAR PAGOS · AUTO]     • Pagos desactualizados procesados: 10
[ACTUALIZAR PAGOS · AUTO]     • Archivo final: backend/descargas/pagos/2026-07-24/PAGOS 20260724 084404.txt
[ACTUALIZAR PAGOS · AUTO]     • Ordenados por fecha: SÍ ✓
[ACTUALIZAR PAGOS · AUTO]     • Todos con ACTA_NUMERO: SÍ ✓
[ACTUALIZAR PAGOS · AUTO]     • Todos con CAUSA_NUMERO: SÍ ✓
[ACTUALIZAR PAGOS · AUTO] ✅ TXT de pagos (ya cruzado con actas y causas) generado en: backend/descargas/pagos/2026-07-24/PAGOS 20260724 084404.txt
[ACTUALIZAR PAGOS · AUTO] 🧹 TXT de pagos crudo eliminado (ya usado en el cruce): backend/descargas/pagos/2026-07-24/PAGOS DESCARGADOS.txt
[ACTUALIZAR PAGOS · AUTO] 🧹 Excel MULTAS_SIGEMI_CRUCE eliminado (ya usado en el cruce): backend/descargas/cache_actas_cruce/MULTAS_SIGEMI_CRUCE.xlsx
[ACTUALIZAR PAGOS · AUTO] 🧹 Excel MULTAS_JUZGADO_CRUCE eliminado (ya usado en el cruce): backend/descargas/cache_actas_cruce/MULTAS_JUZGADO_CRUCE.xlsx
[ACTUALIZAR PAGOS · AUTO] ✅ CompararActasPaso finalizado. (⏱ 54.2s)
[ACTUALIZAR PAGOS · AUTO] ✓ [CompararActasPaso] Completado.
[ACTUALIZAR PAGOS · AUTO] ▶ [CargarPagosPaso] Iniciando...
[ACTUALIZAR PAGOS · AUTO] ==================================================
[ACTUALIZAR PAGOS · AUTO] 🚀 PASO: CargarPagosPaso
[ACTUALIZAR PAGOS · AUTO] ==================================================
[ACTUALIZAR PAGOS · AUTO] 📤 Subiendo TXT de pagos al SEMyT...
[ACTUALIZAR PAGOS · AUTO] ✅ Importación de pagos completada con éxito.
[ACTUALIZAR PAGOS · AUTO] ✅ Archivo TXT de pagos cargado en el SEMyT correctamente.
[ACTUALIZAR PAGOS · AUTO] ✅ CargarPagosPaso finalizado. (⏱ 3.6s)
[ACTUALIZAR PAGOS · AUTO] ✓ [CargarPagosPaso] Completado.
[ACTUALIZAR PAGOS · AUTO] === Ejecución finalizada con éxito ===
🤖 [Automático] Es hora de actualizar pagos. Arrancando...
[ACTUALIZAR PAGOS · AUTO] === Inicio de ejecución: pagos ===
[ACTUALIZAR PAGOS · AUTO] ▶ [LoginSemytPaso] Iniciando...
[ACTUALIZAR PAGOS · AUTO] ==================================================
[ACTUALIZAR PAGOS · AUTO] 🚀 PASO: LoginSemytPaso
[ACTUALIZAR PAGOS · AUTO] ==================================================
[ACTUALIZAR PAGOS · AUTO] Abriendo SEMyT...
[ACTUALIZAR PAGOS · AUTO] ❌ Error en el paso [LoginSemytPaso]: Error: Page.goto: net::ERR_INTERNET_DISCONNECTED at https://ciudad.villamaria.gob.ar/#/inicio
[ACTUALIZAR PAGOS · AUTO] Call log:
[ACTUALIZAR PAGOS · AUTO]   - navigating to "https://ciudad.villamaria.gob.ar/#/inicio", waiting until "domcontentloaded"
[ACTUALIZAR PAGOS · AUTO] ❌ === ERROR: Error: Page.goto: net::ERR_INTERNET_DISCONNECTED at https://ciudad.villamaria.gob.ar/#/inicio
[ACTUALIZAR PAGOS · AUTO] Call log:
[ACTUALIZAR PAGOS · AUTO]   - navigating to "https://ciudad.villamaria.gob.ar/#/inicio", waiting until "domcontentloaded"
[ACTUALIZAR PAGOS · AUTO]  ===
[ACTUALIZAR PAGOS · AUTO] Traceback (most recent call last):
[ACTUALIZAR PAGOS · AUTO]   File "/Users/nicolascesolari/Downloads/proyectoJuzgado(perfect) /backend/orquestador/trabajador.py", line 87, in ejecutar_worker
[ACTUALIZAR PAGOS · AUTO]     contexto_resultado = asyncio.run(
[ACTUALIZAR PAGOS · AUTO]         _correr_tipo(tipo, origen, fecha_desde_multas_manual, archivo_creado)
[ACTUALIZAR PAGOS · AUTO]     )
[ACTUALIZAR PAGOS · AUTO]   File "/Library/Frameworks/Python.framework/Versions/3.14/lib/python3.14/asyncio/runners.py", line 205, in run
[ACTUALIZAR PAGOS · AUTO]     return runner.run(main)
[ACTUALIZAR PAGOS · AUTO]            ~~~~~~~~~~^^^^^^
[ACTUALIZAR PAGOS · AUTO]   File "/Library/Frameworks/Python.framework/Versions/3.14/lib/python3.14/asyncio/runners.py", line 128, in run
[ACTUALIZAR PAGOS · AUTO]     return self._loop.run_until_complete(task)
[ACTUALIZAR PAGOS · AUTO]            ~~~~~~~~~~~~~~~~~~~~~~~~~~~~~^^^^^^
[ACTUALIZAR PAGOS · AUTO]   File "/Library/Frameworks/Python.framework/Versions/3.14/lib/python3.14/asyncio/base_events.py", line 719, in run_until_complete
[ACTUALIZAR PAGOS · AUTO]     return future.result()
[ACTUALIZAR PAGOS · AUTO]            ~~~~~~~~~~~~~^^
[ACTUALIZAR PAGOS · AUTO]   File "/Users/nicolascesolari/Downloads/proyectoJuzgado(perfect) /backend/orquestador/trabajador.py", line 146, in _correr_tipo
[ACTUALIZAR PAGOS · AUTO]     return await PagosWorkflow(navegador).ejecutar(archivo_fn=archivo_creado,cerrar_navegador_al_final=False,)
[ACTUALIZAR PAGOS · AUTO]            ^^^^^^^^^^^^^^^^^^^^^^^^^^^^^^^^^^^^^^^^^^^^^^^^^^^^^^^^^^^^^^^^^^^^^^^^^^^^^^^^^^^^^^^^^^^^^^^^^^^
[ACTUALIZAR PAGOS · AUTO]   File "/Users/nicolascesolari/Downloads/proyectoJuzgado(perfect) /backend/workflows/workflow_base.py", line 35, in ejecutar
[ACTUALIZAR PAGOS · AUTO]     await paso.ejecutar(contexto)
[ACTUALIZAR PAGOS · AUTO]   File "/Users/nicolascesolari/Downloads/proyectoJuzgado(perfect) /backend/pasos/login_semyt_paso.py", line 29, in ejecutar
[ACTUALIZAR PAGOS · AUTO]     await login_page.abrir_semyt_con_sesion()
[ACTUALIZAR PAGOS · AUTO]   File "/Users/nicolascesolari/Downloads/proyectoJuzgado(perfect) /backend/pages/login_page.py", line 27, in abrir_semyt_con_sesion
[ACTUALIZAR PAGOS · AUTO]     await self.page.goto(self.url_inicio_semyt(), wait_until="domcontentloaded", timeout=60000)
[ACTUALIZAR PAGOS · AUTO]   File "/Library/Frameworks/Python.framework/Versions/3.14/lib/python3.14/site-packages/playwright/async_api/_generated.py", line 9611, in goto
[ACTUALIZAR PAGOS · AUTO]     await self._impl_obj.goto(
[ACTUALIZAR PAGOS · AUTO]     ...<4 lines>...
[ACTUALIZAR PAGOS · AUTO]     )
[ACTUALIZAR PAGOS · AUTO]   File "/Library/Frameworks/Python.framework/Versions/3.14/lib/python3.14/site-packages/playwright/_impl/_page.py", line 557, in goto
[ACTUALIZAR PAGOS · AUTO]     return await self._main_frame.goto(**locals_to_params(locals()))
[ACTUALIZAR PAGOS · AUTO]            ^^^^^^^^^^^^^^^^^^^^^^^^^^^^^^^^^^^^^^^^^^^^^^^^^^^^^^^^^
[ACTUALIZAR PAGOS · AUTO]   File "/Library/Frameworks/Python.framework/Versions/3.14/lib/python3.14/site-packages/playwright/_impl/_frame.py", line 156, in goto
[ACTUALIZAR PAGOS · AUTO]     await self._channel.send(
[ACTUALIZAR PAGOS · AUTO]         "goto", self._navigation_timeout, locals_to_params(locals())
[ACTUALIZAR PAGOS · AUTO]     )
[ACTUALIZAR PAGOS · AUTO]   File "/Library/Frameworks/Python.framework/Versions/3.14/lib/python3.14/site-packages/playwright/_impl/_connection.py", line 69, in send
[ACTUALIZAR PAGOS · AUTO]     return await self._connection.wrap_api_call(
[ACTUALIZAR PAGOS · AUTO]            ^^^^^^^^^^^^^^^^^^^^^^^^^^^^^^^^^^^^^
[ACTUALIZAR PAGOS · AUTO]     ...<3 lines>...
[ACTUALIZAR PAGOS · AUTO]     )
[ACTUALIZAR PAGOS · AUTO]     ^
[ACTUALIZAR PAGOS · AUTO]   File "/Library/Frameworks/Python.framework/Versions/3.14/lib/python3.14/site-packages/playwright/_impl/_connection.py", line 559, in wrap_api_call
[ACTUALIZAR PAGOS · AUTO]     raise rewrite_error(error, f"{parsed_st['apiName']}: {error}") from None
[ACTUALIZAR PAGOS · AUTO] playwright._impl._errors.Error: Page.goto: net::ERR_INTERNET_DISCONNECTED at https://ciudad.villamaria.gob.ar/#/inicio
[ACTUALIZAR PAGOS · AUTO] Call log:
[ACTUALIZAR PAGOS · AUTO]   - navigating to "https://ciudad.villamaria.gob.ar/#/inicio", waiting until "domcontentloaded"
ℹ El log detallado de esta corrida no se conservó en disco (no se llegó a subir ningún archivo).
❌ [Automático] 'pagos' falló (intento 1 de 4). Se reintenta a las 09:00.
🤖 [Automático] Es hora de actualizar pagos (reintento 1 de 3). Arrancando...
[ACTUALIZAR PAGOS · AUTO] === Inicio de ejecución: pagos ===
[ACTUALIZAR PAGOS · AUTO] ▶ [LoginSemytPaso] Iniciando...
[ACTUALIZAR PAGOS · AUTO] ==================================================
[ACTUALIZAR PAGOS · AUTO] 🚀 PASO: LoginSemytPaso
[ACTUALIZAR PAGOS · AUTO] ==================================================
[ACTUALIZAR PAGOS · AUTO] Abriendo SEMyT...
⏳ [Automático] Tocaba disparar 'pagos' pero ya hay una ejecución en curso (Actualizar pagos); esperando a que termine; se reintenta en breve sin perder el turno.
[ACTUALIZAR PAGOS · AUTO] ❌ Error en el paso [LoginSemytPaso]: TimeoutError: Page.goto: Timeout 60000ms exceeded.
[ACTUALIZAR PAGOS · AUTO] Call log:
[ACTUALIZAR PAGOS · AUTO]   - navigating to "https://ciudad.villamaria.gob.ar/#/inicio", waiting until "domcontentloaded"
[ACTUALIZAR PAGOS · AUTO] ❌ === ERROR: TimeoutError: Page.goto: Timeout 60000ms exceeded.
[ACTUALIZAR PAGOS · AUTO] Call log:
[ACTUALIZAR PAGOS · AUTO]   - navigating to "https://ciudad.villamaria.gob.ar/#/inicio", waiting until "domcontentloaded"
[ACTUALIZAR PAGOS · AUTO]  ===
[ACTUALIZAR PAGOS · AUTO] Traceback (most recent call last):
[ACTUALIZAR PAGOS · AUTO]   File "/Users/nicolascesolari/Downloads/proyectoJuzgado(perfect) /backend/orquestador/trabajador.py", line 87, in ejecutar_worker
[ACTUALIZAR PAGOS · AUTO]     contexto_resultado = asyncio.run(
[ACTUALIZAR PAGOS · AUTO]         _correr_tipo(tipo, origen, fecha_desde_multas_manual, archivo_creado)
[ACTUALIZAR PAGOS · AUTO]     )
[ACTUALIZAR PAGOS · AUTO]   File "/Library/Frameworks/Python.framework/Versions/3.14/lib/python3.14/asyncio/runners.py", line 205, in run
[ACTUALIZAR PAGOS · AUTO]     return runner.run(main)
[ACTUALIZAR PAGOS · AUTO]            ~~~~~~~~~~^^^^^^
[ACTUALIZAR PAGOS · AUTO]   File "/Library/Frameworks/Python.framework/Versions/3.14/lib/python3.14/asyncio/runners.py", line 128, in run
[ACTUALIZAR PAGOS · AUTO]     return self._loop.run_until_complete(task)
[ACTUALIZAR PAGOS · AUTO]            ~~~~~~~~~~~~~~~~~~~~~~~~~~~~~^^^^^^
[ACTUALIZAR PAGOS · AUTO]   File "/Library/Frameworks/Python.framework/Versions/3.14/lib/python3.14/asyncio/base_events.py", line 719, in run_until_complete
[ACTUALIZAR PAGOS · AUTO]     return future.result()
[ACTUALIZAR PAGOS · AUTO]            ~~~~~~~~~~~~~^^
[ACTUALIZAR PAGOS · AUTO]   File "/Users/nicolascesolari/Downloads/proyectoJuzgado(perfect) /backend/orquestador/trabajador.py", line 146, in _correr_tipo
[ACTUALIZAR PAGOS · AUTO]     return await PagosWorkflow(navegador).ejecutar(archivo_fn=archivo_creado,cerrar_navegador_al_final=False,)
[ACTUALIZAR PAGOS · AUTO]            ^^^^^^^^^^^^^^^^^^^^^^^^^^^^^^^^^^^^^^^^^^^^^^^^^^^^^^^^^^^^^^^^^^^^^^^^^^^^^^^^^^^^^^^^^^^^^^^^^^^
[ACTUALIZAR PAGOS · AUTO]   File "/Users/nicolascesolari/Downloads/proyectoJuzgado(perfect) /backend/workflows/workflow_base.py", line 35, in ejecutar
[ACTUALIZAR PAGOS · AUTO]     await paso.ejecutar(contexto)
[ACTUALIZAR PAGOS · AUTO]   File "/Users/nicolascesolari/Downloads/proyectoJuzgado(perfect) /backend/pasos/login_semyt_paso.py", line 29, in ejecutar
[ACTUALIZAR PAGOS · AUTO]     await login_page.abrir_semyt_con_sesion()
[ACTUALIZAR PAGOS · AUTO]   File "/Users/nicolascesolari/Downloads/proyectoJuzgado(perfect) /backend/pages/login_page.py", line 27, in abrir_semyt_con_sesion
[ACTUALIZAR PAGOS · AUTO]     await self.page.goto(self.url_inicio_semyt(), wait_until="domcontentloaded", timeout=60000)
[ACTUALIZAR PAGOS · AUTO]   File "/Library/Frameworks/Python.framework/Versions/3.14/lib/python3.14/site-packages/playwright/async_api/_generated.py", line 9611, in goto
[ACTUALIZAR PAGOS · AUTO]     await self._impl_obj.goto(
[ACTUALIZAR PAGOS · AUTO]     ...<4 lines>...
[ACTUALIZAR PAGOS · AUTO]     )
[ACTUALIZAR PAGOS · AUTO]   File "/Library/Frameworks/Python.framework/Versions/3.14/lib/python3.14/site-packages/playwright/_impl/_page.py", line 557, in goto
[ACTUALIZAR PAGOS · AUTO]     return await self._main_frame.goto(**locals_to_params(locals()))
[ACTUALIZAR PAGOS · AUTO]            ^^^^^^^^^^^^^^^^^^^^^^^^^^^^^^^^^^^^^^^^^^^^^^^^^^^^^^^^^
[ACTUALIZAR PAGOS · AUTO]   File "/Library/Frameworks/Python.framework/Versions/3.14/lib/python3.14/site-packages/playwright/_impl/_frame.py", line 156, in goto
[ACTUALIZAR PAGOS · AUTO]     await self._channel.send(
[ACTUALIZAR PAGOS · AUTO]         "goto", self._navigation_timeout, locals_to_params(locals())
[ACTUALIZAR PAGOS · AUTO]     )
[ACTUALIZAR PAGOS · AUTO]   File "/Library/Frameworks/Python.framework/Versions/3.14/lib/python3.14/site-packages/playwright/_impl/_connection.py", line 69, in send
[ACTUALIZAR PAGOS · AUTO]     return await self._connection.wrap_api_call(
[ACTUALIZAR PAGOS · AUTO]            ^^^^^^^^^^^^^^^^^^^^^^^^^^^^^^^^^^^^^
[ACTUALIZAR PAGOS · AUTO]     ...<3 lines>...
[ACTUALIZAR PAGOS · AUTO]     )
[ACTUALIZAR PAGOS · AUTO]     ^
[ACTUALIZAR PAGOS · AUTO]   File "/Library/Frameworks/Python.framework/Versions/3.14/lib/python3.14/site-packages/playwright/_impl/_connection.py", line 559, in wrap_api_call
[ACTUALIZAR PAGOS · AUTO]     raise rewrite_error(error, f"{parsed_st['apiName']}: {error}") from None
[ACTUALIZAR PAGOS · AUTO] playwright._impl._errors.TimeoutError: Page.goto: Timeout 60000ms exceeded.
[ACTUALIZAR PAGOS · AUTO] Call log:
[ACTUALIZAR PAGOS · AUTO]   - navigating to "https://ciudad.villamaria.gob.ar/#/inicio", waiting until "domcontentloaded"
ℹ El log detallado de esta corrida no se conservó en disco (no se llegó a subir ningún archivo).
❌ [Automático] 'pagos' falló (intento 2 de 4). Se reintenta a las 09:23.
🤖 [Automático] Es hora de actualizar pagos (reintento 2 de 3). Arrancando...
[ACTUALIZAR PAGOS · AUTO] === Inicio de ejecución: pagos ===
[ACTUALIZAR PAGOS · AUTO] ▶ [LoginSemytPaso] Iniciando...
[ACTUALIZAR PAGOS · AUTO] ==================================================
[ACTUALIZAR PAGOS · AUTO] 🚀 PASO: LoginSemytPaso
[ACTUALIZAR PAGOS · AUTO] ==================================================
[ACTUALIZAR PAGOS · AUTO] Abriendo SEMyT...
⏳ [Automático] Tocaba disparar 'pagos' pero ya hay una ejecución en curso (Actualizar pagos); esperando a que termine; se reintenta en breve sin perder el turno.
[ACTUALIZAR PAGOS · AUTO] ✅ [SEMyT] Sesión existente detectada. Login omitido.
[ACTUALIZAR PAGOS · AUTO] ✅ LoginSemytPaso finalizado. (⏱ 42.1s)
[ACTUALIZAR PAGOS · AUTO] ✓ [LoginSemytPaso] Completado.
[ACTUALIZAR PAGOS · AUTO] ▶ [LoginJuzgadoPaso] Iniciando...
[ACTUALIZAR PAGOS · AUTO] ==================================================
[ACTUALIZAR PAGOS · AUTO] 🚀 PASO: LoginJuzgadoPaso
[ACTUALIZAR PAGOS · AUTO] ==================================================
[ACTUALIZAR PAGOS · AUTO] Abriendo sitio municipalidad (CiDi)...
[ACTUALIZAR PAGOS · AUTO] ✅ [Juzgado] Sesión existente detectada. Login omitido.
[ACTUALIZAR PAGOS · AUTO] ✅ LoginJuzgadoPaso finalizado. (⏱ 2.5s)
[ACTUALIZAR PAGOS · AUTO] ✓ [LoginJuzgadoPaso] Completado.
[ACTUALIZAR PAGOS · AUTO] ▶ [DescargasParalelasPaso] Iniciando...
[ACTUALIZAR PAGOS · AUTO] ==================================================
[ACTUALIZAR PAGOS · AUTO] 🚀 PASO: DescargasParalelasPaso
[ACTUALIZAR PAGOS · AUTO] ==================================================
[ACTUALIZAR PAGOS · AUTO] 📤 Arrancando las 3 descargas en paralelo (mismo browser, páginas separadas)...
[ACTUALIZAR PAGOS · AUTO] Fecha Desde: 27/06/2024
[ACTUALIZAR PAGOS · AUTO] Fecha Hasta: 24/11/2025
[ACTUALIZAR PAGOS · AUTO] Fecha Desde: 25/11/2025
[ACTUALIZAR PAGOS · AUTO] Fecha Hasta: 24/07/2026
[ACTUALIZAR PAGOS · AUTO] Descargando Excel...
[ACTUALIZAR PAGOS · AUTO] Descargando Excel...
[ACTUALIZAR PAGOS · AUTO] ✅ TXT de pagos descargado en: backend/descargas/pagos/2026-07-24/PAGOS DESCARGADOS.txt
[ACTUALIZAR PAGOS · AUTO] ⏱ [pagos_txt] completado en 25.8s
[ACTUALIZAR PAGOS · AUTO] Archivo descargado en: backend/descargas/cache_actas_cruce/MULTAS_JUZGADO_CRUCE.xlsx
[ACTUALIZAR PAGOS · AUTO] ⏱ [actas_juzgado] completado en 35.5s
[ACTUALIZAR PAGOS · AUTO] Archivo descargado en: backend/descargas/cache_actas_cruce/MULTAS_SIGEMI_CRUCE.xlsx
[ACTUALIZAR PAGOS · AUTO] ⏱ [actas_sigemi] completado en 86.2s
[ACTUALIZAR PAGOS · AUTO] ⏱ TOTAL descargas en paralelo: 86.3s
[ACTUALIZAR PAGOS · AUTO] ✅ DescargasParalelasPaso finalizado. (⏱ 87.5s)
[ACTUALIZAR PAGOS · AUTO] ✓ [DescargasParalelasPaso] Completado.
[ACTUALIZAR PAGOS · AUTO] ▶ [CompararActasPaso] Iniciando...
[ACTUALIZAR PAGOS · AUTO] ==================================================
[ACTUALIZAR PAGOS · AUTO] 🚀 PASO: CompararActasPaso
[ACTUALIZAR PAGOS · AUTO] ==================================================
[ACTUALIZAR PAGOS · AUTO] 🔍 Comparando actas del SEMyT contra pagos del Juzgado...
[ACTUALIZAR PAGOS · AUTO] ================================================================================
[ACTUALIZAR PAGOS · AUTO] INICIANDO PROCESO DE GENERACIÓN DE PAGOS DESACTUALIZADOS
[ACTUALIZAR PAGOS · AUTO] ================================================================================
[ACTUALIZAR PAGOS · AUTO] 📂 Cargando archivos...
[ACTUALIZAR PAGOS · AUTO]   ✓ Pagos: 16934 registros
[ACTUALIZAR PAGOS · AUTO]   ✓ Excel SIGEMI (multas vencidas viejas): 103547 registros
[ACTUALIZAR PAGOS · AUTO]   ✓ Excel Juzgado (multas vencidas nuevas): 40097 registros
[ACTUALIZAR PAGOS · AUTO] ================================================================================
[ACTUALIZAR PAGOS · AUTO] PASO 1: LLENANDO ACTA_NUMERO (búsqueda por patente + fecha, con desempate por hora)
[ACTUALIZAR PAGOS · AUTO] ================================================================================
[ACTUALIZAR PAGOS · AUTO] 📊 ESTADÍSTICAS DE LLENADO DE ACTAS:
[ACTUALIZAR PAGOS · AUTO]   • Pagos con acta ORIGINAL: 2914
[ACTUALIZAR PAGOS · AUTO]   • Pagos SIN acta (buscados): 14020
[ACTUALIZAR PAGOS · AUTO]   • Pagos LLENADOS exitosamente: 5
[ACTUALIZAR PAGOS · AUTO]   • Pagos NO encontrados en multas: 14015
[ACTUALIZAR PAGOS · AUTO]   • Pagos SIN RESOLVER por desbalance de cantidades: 0
[ACTUALIZAR PAGOS · AUTO] ================================================================================
[ACTUALIZAR PAGOS · AUTO] PASO 1: LLENANDO ACTA_NUMERO (búsqueda por patente + fecha, con desempate por hora)
[ACTUALIZAR PAGOS · AUTO] ================================================================================
[ACTUALIZAR PAGOS · AUTO] 📊 ESTADÍSTICAS DE LLENADO DE ACTAS:
[ACTUALIZAR PAGOS · AUTO]   • Pagos con acta ORIGINAL: 2919
[ACTUALIZAR PAGOS · AUTO]   • Pagos SIN acta (buscados): 14015
[ACTUALIZAR PAGOS · AUTO]   • Pagos LLENADOS exitosamente: 0
[ACTUALIZAR PAGOS · AUTO]   • Pagos NO encontrados en multas: 14015
[ACTUALIZAR PAGOS · AUTO]   • Pagos SIN RESOLVER por desbalance de cantidades: 0
[ACTUALIZAR PAGOS · AUTO] ⏱ PASO 1 (llenar actas): 19.7s
[ACTUALIZAR PAGOS · AUTO] ================================================================================
[ACTUALIZAR PAGOS · AUTO] PASO 2: FILTRANDO PAGOS CON ACTA_NUMERO COMPLETO
[ACTUALIZAR PAGOS · AUTO] ================================================================================
[ACTUALIZAR PAGOS · AUTO] 📊 ESTADÍSTICAS DE FILTRADO:
[ACTUALIZAR PAGOS · AUTO]   • Pagos TOTALES al inicio: 16934
[ACTUALIZAR PAGOS · AUTO]   • Pagos CON acta (MANTIENEN): 2919
[ACTUALIZAR PAGOS · AUTO]   • Pagos RECHAZADOS (sin coincidencias): 14015
[ACTUALIZAR PAGOS · AUTO] ⚠️  Se eliminaron 14015 registros sin número de acta
[ACTUALIZAR PAGOS · AUTO]      (recordá: esto incluye tanto pagos ya actualizados/pagados
[ACTUALIZAR PAGOS · AUTO]       como pagos que quedaron sin resolver por desbalance en el Paso 1)
[ACTUALIZAR PAGOS · AUTO] ================================================================================
[ACTUALIZAR PAGOS · AUTO] PASO 2-bis: CONFIRMANDO VIGENCIA DE PAGOS DEL SISTEMA NUEVO (contra MULTAS_JUZGADO_CRUCE)
[ACTUALIZAR PAGOS · AUTO] ================================================================================
[ACTUALIZAR PAGOS · AUTO]   ⚠ 2899 pago(s) del sistema nuevo descartados: su acta ya no figura como vencida en MULTAS_JUZGADO_CRUCE (SEMyT ya los actualizó).
[ACTUALIZAR PAGOS · AUTO]   • Pagos del sistema nuevo descartados por ya estar actualizados: 2899
[ACTUALIZAR PAGOS · AUTO] ⏱ PASO 2 (filtrar): 1.6s
[ACTUALIZAR PAGOS · AUTO] 📂 Cargando maestro de causas SIGEMI...
[ACTUALIZAR PAGOS · AUTO]   ✓ Causas totales (maestro): 134069 registros
[ACTUALIZAR PAGOS · AUTO] ⏱ PASO 2.5 (causas simplificado): 0.2s
[ACTUALIZAR PAGOS · AUTO] ================================================================================
[ACTUALIZAR PAGOS · AUTO] PASO 2.5: ARMANDO causas.txt SIMPLIFICADO (cruce contra total_causas_sigemi.txt)
[ACTUALIZAR PAGOS · AUTO] ================================================================================
[ACTUALIZAR PAGOS · AUTO]   • Actas vencidas viejas (multas): 103547
[ACTUALIZAR PAGOS · AUTO]   • Causas totales en el maestro SIGEMI: 134069
[ACTUALIZAR PAGOS · AUTO]   • Causas que coinciden (simplificado): 103217
[ACTUALIZAR PAGOS · AUTO]   ✅ Archivo escrito: backend/descargas/causas/causas.txt
[ACTUALIZAR PAGOS · AUTO] ⏱ PASO 2.5 (causas simplificado): 2.7s
[ACTUALIZAR PAGOS · AUTO] ================================================================================
[ACTUALIZAR PAGOS · AUTO] PASO 3: LLENANDO CAUSA_NUMERO (según fecha de cambio de sistema, cruzando por acta + año)
[ACTUALIZAR PAGOS · AUTO] ================================================================================
[ACTUALIZAR PAGOS · AUTO] 📊 ESTADÍSTICAS DE LLENADO DE CAUSAS:
[ACTUALIZAR PAGOS · AUTO]   • Pagos con causa ORIGINAL: 15
[ACTUALIZAR PAGOS · AUTO]   • Causas encontradas en SIGEMI (actas viejas): 5
[ACTUALIZAR PAGOS · AUTO]   • Causas NO encontradas en SIGEMI: 0
[ACTUALIZAR PAGOS · AUTO]   • Causas asignadas automáticamente (actas nuevas): 0
[ACTUALIZAR PAGOS · AUTO] ⏱ PASO 3 (llenar causas): 0.0s
[ACTUALIZAR PAGOS · AUTO] ================================================================================
[ACTUALIZAR PAGOS · AUTO] PASO 4: ORDENANDO POR FECHA Y ACTA_NUMERO
[ACTUALIZAR PAGOS · AUTO] ================================================================================
[ACTUALIZAR PAGOS · AUTO] ✓ Pagos ordenados correctamente
[ACTUALIZAR PAGOS · AUTO]   • Primera entrada: Acta=118627, Fecha=05/03/2025
[ACTUALIZAR PAGOS · AUTO]   • Última entrada: Acta=279433, Fecha=13/03/2026
[ACTUALIZAR PAGOS · AUTO] 📝 Escribiendo archivo de salida...
[ACTUALIZAR PAGOS · AUTO]   ✅ Archivo escrito: backend/descargas/pagos/2026-07-24/PAGOS 20260724 094317.txt
[ACTUALIZAR PAGOS · AUTO]   ✅ Total registros: 2303
[ACTUALIZAR PAGOS · AUTO] ⏱ PASO 4 (ordenar y escribir): 0.0s
[ACTUALIZAR PAGOS · AUTO] ================================================================================
[ACTUALIZAR PAGOS · AUTO] ✅ PROCESO COMPLETADO EXITOSAMENTE
[ACTUALIZAR PAGOS · AUTO] ================================================================================
[ACTUALIZAR PAGOS · AUTO] 📊 RESUMEN FINAL DEL PROCESAMIENTO:
[ACTUALIZAR PAGOS · AUTO]   ENTRADA:
[ACTUALIZAR PAGOS · AUTO]     • Pagos originales: 16934
[ACTUALIZAR PAGOS · AUTO]     • Multas SIGEMI cargadas: 103547
[ACTUALIZAR PAGOS · AUTO]     • Multas Juzgado cargadas: 40097
[ACTUALIZAR PAGOS · AUTO]     • Causas simplificadas (usadas para el cruce): 103217
[ACTUALIZAR PAGOS · AUTO]   PROCESO:
[ACTUALIZAR PAGOS · AUTO]     • Pagos rechazados sigemi: 14015
[ACTUALIZAR PAGOS · AUTO]     • Pagos rechazados juzgado: 2899
[ACTUALIZAR PAGOS · AUTO]   SALIDA:
[ACTUALIZAR PAGOS · AUTO]     • Pagos desactualizados procesados: 20
[ACTUALIZAR PAGOS · AUTO]     • Archivo final: backend/descargas/pagos/2026-07-24/PAGOS 20260724 094317.txt
[ACTUALIZAR PAGOS · AUTO]     • Ordenados por fecha: SÍ ✓
[ACTUALIZAR PAGOS · AUTO]     • Todos con ACTA_NUMERO: SÍ ✓
[ACTUALIZAR PAGOS · AUTO]     • Todos con CAUSA_NUMERO: SÍ ✓
[ACTUALIZAR PAGOS · AUTO] ✅ TXT de pagos (ya cruzado con actas y causas) generado en: backend/descargas/pagos/2026-07-24/PAGOS 20260724 094317.txt
[ACTUALIZAR PAGOS · AUTO] 🧹 TXT de pagos crudo eliminado (ya usado en el cruce): backend/descargas/pagos/2026-07-24/PAGOS DESCARGADOS.txt
[ACTUALIZAR PAGOS · AUTO] 🧹 Excel MULTAS_SIGEMI_CRUCE eliminado (ya usado en el cruce): backend/descargas/cache_actas_cruce/MULTAS_SIGEMI_CRUCE.xlsx
[ACTUALIZAR PAGOS · AUTO] 🧹 Excel MULTAS_JUZGADO_CRUCE eliminado (ya usado en el cruce): backend/descargas/cache_actas_cruce/MULTAS_JUZGADO_CRUCE.xlsx
[ACTUALIZAR PAGOS · AUTO] ✅ CompararActasPaso finalizado. (⏱ 54.2s)
[ACTUALIZAR PAGOS · AUTO] ✓ [CompararActasPaso] Completado.
[ACTUALIZAR PAGOS · AUTO] ▶ [CargarPagosPaso] Iniciando...
[ACTUALIZAR PAGOS · AUTO] ==================================================
[ACTUALIZAR PAGOS · AUTO] 🚀 PASO: CargarPagosPaso
[ACTUALIZAR PAGOS · AUTO] ==================================================
[ACTUALIZAR PAGOS · AUTO] 📤 Subiendo TXT de pagos al SEMyT...
[ACTUALIZAR PAGOS · AUTO] ✅ Importación de pagos completada con éxito.
[ACTUALIZAR PAGOS · AUTO] ✅ Archivo TXT de pagos cargado en el SEMyT correctamente.
[ACTUALIZAR PAGOS · AUTO] ✅ CargarPagosPaso finalizado. (⏱ 3.8s)
[ACTUALIZAR PAGOS · AUTO] ✓ [CargarPagosPaso] Completado.
[ACTUALIZAR PAGOS · AUTO] === Ejecución finalizada con éxito ===
✅ [Automático] 'pagos' terminó bien en el reintento 2.
🤖 [Automático] Es hora de actualizar pagos. Arrancando...
[ACTUALIZAR PAGOS · AUTO] === Inicio de ejecución: pagos ===
[ACTUALIZAR PAGOS · AUTO] ▶ [LoginSemytPaso] Iniciando...
[ACTUALIZAR PAGOS · AUTO] ==================================================
[ACTUALIZAR PAGOS · AUTO] 🚀 PASO: LoginSemytPaso
[ACTUALIZAR PAGOS · AUTO] ==================================================
[ACTUALIZAR PAGOS · AUTO] Abriendo SEMyT...
⏳ [Automático] Tocaba disparar 'pagos' pero ya hay una ejecución en curso (Actualizar pagos); esperando a que termine; se reintenta en breve sin perder el turno.
[ACTUALIZAR PAGOS · AUTO] ✅ [SEMyT] Sesión existente detectada. Login omitido.
[ACTUALIZAR PAGOS · AUTO] ✅ LoginSemytPaso finalizado. (⏱ 35.5s)
[ACTUALIZAR PAGOS · AUTO] ✓ [LoginSemytPaso] Completado.
[ACTUALIZAR PAGOS · AUTO] ▶ [LoginJuzgadoPaso] Iniciando...
[ACTUALIZAR PAGOS · AUTO] ==================================================
[ACTUALIZAR PAGOS · AUTO] 🚀 PASO: LoginJuzgadoPaso
[ACTUALIZAR PAGOS · AUTO] ==================================================
[ACTUALIZAR PAGOS · AUTO] Abriendo sitio municipalidad (CiDi)...
[ACTUALIZAR PAGOS · AUTO] ✅ [Juzgado] Sesión existente detectada. Login omitido.
[ACTUALIZAR PAGOS · AUTO] ✅ LoginJuzgadoPaso finalizado. (⏱ 4.7s)
[ACTUALIZAR PAGOS · AUTO] ✓ [LoginJuzgadoPaso] Completado.
[ACTUALIZAR PAGOS · AUTO] ▶ [DescargasParalelasPaso] Iniciando...
[ACTUALIZAR PAGOS · AUTO] ==================================================
[ACTUALIZAR PAGOS · AUTO] 🚀 PASO: DescargasParalelasPaso
[ACTUALIZAR PAGOS · AUTO] ==================================================
[ACTUALIZAR PAGOS · AUTO] 📤 Arrancando las 3 descargas en paralelo (mismo browser, páginas separadas)...
[ACTUALIZAR PAGOS · AUTO] Fecha Desde: 27/06/2024
[ACTUALIZAR PAGOS · AUTO] Fecha Hasta: 24/11/2025
[ACTUALIZAR PAGOS · AUTO] Fecha Desde: 25/11/2025
[ACTUALIZAR PAGOS · AUTO] Fecha Hasta: 24/07/2026
[ACTUALIZAR PAGOS · AUTO] Descargando Excel...
[ACTUALIZAR PAGOS · AUTO] Descargando Excel...
[ACTUALIZAR PAGOS · AUTO] Archivo descargado en: backend/descargas/cache_actas_cruce/MULTAS_JUZGADO_CRUCE.xlsx
[ACTUALIZAR PAGOS · AUTO] ⏱ [actas_juzgado] completado en 36.7s
[ACTUALIZAR PAGOS · AUTO] ✅ TXT de pagos descargado en: backend/descargas/pagos/2026-07-24/PAGOS DESCARGADOS.txt
[ACTUALIZAR PAGOS · AUTO] ⏱ [pagos_txt] completado en 36.8s
[ACTUALIZAR PAGOS · AUTO] Archivo descargado en: backend/descargas/cache_actas_cruce/MULTAS_SIGEMI_CRUCE.xlsx
[ACTUALIZAR PAGOS · AUTO] ⏱ [actas_sigemi] completado en 84.9s
[ACTUALIZAR PAGOS · AUTO] ⏱ TOTAL descargas en paralelo: 84.9s
[ACTUALIZAR PAGOS · AUTO] ✅ DescargasParalelasPaso finalizado. (⏱ 86.3s)
[ACTUALIZAR PAGOS · AUTO] ✓ [DescargasParalelasPaso] Completado.
[ACTUALIZAR PAGOS · AUTO] ▶ [CompararActasPaso] Iniciando...
[ACTUALIZAR PAGOS · AUTO] ==================================================
[ACTUALIZAR PAGOS · AUTO] 🚀 PASO: CompararActasPaso
[ACTUALIZAR PAGOS · AUTO] ==================================================
[ACTUALIZAR PAGOS · AUTO] 🔍 Comparando actas del SEMyT contra pagos del Juzgado...
[ACTUALIZAR PAGOS · AUTO] ================================================================================
[ACTUALIZAR PAGOS · AUTO] INICIANDO PROCESO DE GENERACIÓN DE PAGOS DESACTUALIZADOS
[ACTUALIZAR PAGOS · AUTO] ================================================================================
[ACTUALIZAR PAGOS · AUTO] 📂 Cargando archivos...
[ACTUALIZAR PAGOS · AUTO]   ✓ Pagos: 16949 registros
[ACTUALIZAR PAGOS · AUTO]   ✓ Excel SIGEMI (multas vencidas viejas): 103542 registros
[ACTUALIZAR PAGOS · AUTO]   ✓ Excel Juzgado (multas vencidas nuevas): 40082 registros
[ACTUALIZAR PAGOS · AUTO] ================================================================================
[ACTUALIZAR PAGOS · AUTO] PASO 1: LLENANDO ACTA_NUMERO (búsqueda por patente + fecha, con desempate por hora)
[ACTUALIZAR PAGOS · AUTO] ================================================================================
[ACTUALIZAR PAGOS · AUTO] 📊 ESTADÍSTICAS DE LLENADO DE ACTAS:
[ACTUALIZAR PAGOS · AUTO]   • Pagos con acta ORIGINAL: 2925
[ACTUALIZAR PAGOS · AUTO]   • Pagos SIN acta (buscados): 14024
[ACTUALIZAR PAGOS · AUTO]   • Pagos LLENADOS exitosamente: 4
[ACTUALIZAR PAGOS · AUTO]   • Pagos NO encontrados en multas: 14020
[ACTUALIZAR PAGOS · AUTO]   • Pagos SIN RESOLVER por desbalance de cantidades: 0
[ACTUALIZAR PAGOS · AUTO] ================================================================================
[ACTUALIZAR PAGOS · AUTO] PASO 1: LLENANDO ACTA_NUMERO (búsqueda por patente + fecha, con desempate por hora)
[ACTUALIZAR PAGOS · AUTO] ================================================================================
[ACTUALIZAR PAGOS · AUTO] 📊 ESTADÍSTICAS DE LLENADO DE ACTAS:
[ACTUALIZAR PAGOS · AUTO]   • Pagos con acta ORIGINAL: 2929
[ACTUALIZAR PAGOS · AUTO]   • Pagos SIN acta (buscados): 14020
[ACTUALIZAR PAGOS · AUTO]   • Pagos LLENADOS exitosamente: 0
[ACTUALIZAR PAGOS · AUTO]   • Pagos NO encontrados en multas: 14020
[ACTUALIZAR PAGOS · AUTO]   • Pagos SIN RESOLVER por desbalance de cantidades: 0
[ACTUALIZAR PAGOS · AUTO] ⏱ PASO 1 (llenar actas): 17.5s
[ACTUALIZAR PAGOS · AUTO] ================================================================================
[ACTUALIZAR PAGOS · AUTO] PASO 2: FILTRANDO PAGOS CON ACTA_NUMERO COMPLETO
[ACTUALIZAR PAGOS · AUTO] ================================================================================
[ACTUALIZAR PAGOS · AUTO] 📊 ESTADÍSTICAS DE FILTRADO:
[ACTUALIZAR PAGOS · AUTO]   • Pagos TOTALES al inicio: 16949
[ACTUALIZAR PAGOS · AUTO]   • Pagos CON acta (MANTIENEN): 2929
[ACTUALIZAR PAGOS · AUTO]   • Pagos RECHAZADOS (sin coincidencias): 14020
[ACTUALIZAR PAGOS · AUTO] ⚠️  Se eliminaron 14020 registros sin número de acta
[ACTUALIZAR PAGOS · AUTO]      (recordá: esto incluye tanto pagos ya actualizados/pagados
[ACTUALIZAR PAGOS · AUTO]       como pagos que quedaron sin resolver por desbalance en el Paso 1)
[ACTUALIZAR PAGOS · AUTO] ================================================================================
[ACTUALIZAR PAGOS · AUTO] PASO 2-bis: CONFIRMANDO VIGENCIA DE PAGOS DEL SISTEMA NUEVO (contra MULTAS_JUZGADO_CRUCE)
[ACTUALIZAR PAGOS · AUTO] ================================================================================
[ACTUALIZAR PAGOS · AUTO]   ⚠ 2914 pago(s) del sistema nuevo descartados: su acta ya no figura como vencida en MULTAS_JUZGADO_CRUCE (SEMyT ya los actualizó).
[ACTUALIZAR PAGOS · AUTO]   • Pagos del sistema nuevo descartados por ya estar actualizados: 2914
[ACTUALIZAR PAGOS · AUTO] ⏱ PASO 2 (filtrar): 1.5s
[ACTUALIZAR PAGOS · AUTO] 📂 Cargando maestro de causas SIGEMI...
[ACTUALIZAR PAGOS · AUTO]   ✓ Causas totales (maestro): 134069 registros
[ACTUALIZAR PAGOS · AUTO] ⏱ PASO 2.5 (causas simplificado): 0.2s
[ACTUALIZAR PAGOS · AUTO] ================================================================================
[ACTUALIZAR PAGOS · AUTO] PASO 2.5: ARMANDO causas.txt SIMPLIFICADO (cruce contra total_causas_sigemi.txt)
[ACTUALIZAR PAGOS · AUTO] ================================================================================
[ACTUALIZAR PAGOS · AUTO]   • Actas vencidas viejas (multas): 103542
[ACTUALIZAR PAGOS · AUTO]   • Causas totales en el maestro SIGEMI: 134069
[ACTUALIZAR PAGOS · AUTO]   • Causas que coinciden (simplificado): 103212
[ACTUALIZAR PAGOS · AUTO]   ✅ Archivo escrito: backend/descargas/causas/causas.txt
[ACTUALIZAR PAGOS · AUTO] ⏱ PASO 2.5 (causas simplificado): 2.7s
[ACTUALIZAR PAGOS · AUTO] ================================================================================
[ACTUALIZAR PAGOS · AUTO] PASO 3: LLENANDO CAUSA_NUMERO (según fecha de cambio de sistema, cruzando por acta + año)
[ACTUALIZAR PAGOS · AUTO] ================================================================================
[ACTUALIZAR PAGOS · AUTO] 📊 ESTADÍSTICAS DE LLENADO DE CAUSAS:
[ACTUALIZAR PAGOS · AUTO]   • Pagos con causa ORIGINAL: 11
[ACTUALIZAR PAGOS · AUTO]   • Causas encontradas en SIGEMI (actas viejas): 4
[ACTUALIZAR PAGOS · AUTO]   • Causas NO encontradas en SIGEMI: 0
[ACTUALIZAR PAGOS · AUTO]   • Causas asignadas automáticamente (actas nuevas): 0
[ACTUALIZAR PAGOS · AUTO] ⏱ PASO 3 (llenar causas): 0.0s
[ACTUALIZAR PAGOS · AUTO] ================================================================================
[ACTUALIZAR PAGOS · AUTO] PASO 4: ORDENANDO POR FECHA Y ACTA_NUMERO
[ACTUALIZAR PAGOS · AUTO] ================================================================================
[ACTUALIZAR PAGOS · AUTO] ✓ Pagos ordenados correctamente
[ACTUALIZAR PAGOS · AUTO]   • Primera entrada: Acta=55056, Fecha=02/10/2024
[ACTUALIZAR PAGOS · AUTO]   • Última entrada: Acta=303062, Fecha=27/04/2026
[ACTUALIZAR PAGOS · AUTO] 📝 Escribiendo archivo de salida...
[ACTUALIZAR PAGOS · AUTO]   ✅ Archivo escrito: backend/descargas/pagos/2026-07-24/PAGOS 20260724 095627.txt
[ACTUALIZAR PAGOS · AUTO]   ✅ Total registros: 1729
[ACTUALIZAR PAGOS · AUTO] ⏱ PASO 4 (ordenar y escribir): 0.0s
[ACTUALIZAR PAGOS · AUTO] ================================================================================
[ACTUALIZAR PAGOS · AUTO] ✅ PROCESO COMPLETADO EXITOSAMENTE
[ACTUALIZAR PAGOS · AUTO] ================================================================================
[ACTUALIZAR PAGOS · AUTO] 📊 RESUMEN FINAL DEL PROCESAMIENTO:
[ACTUALIZAR PAGOS · AUTO]   ENTRADA:
[ACTUALIZAR PAGOS · AUTO]     • Pagos originales: 16949
[ACTUALIZAR PAGOS · AUTO]     • Multas SIGEMI cargadas: 103542
[ACTUALIZAR PAGOS · AUTO]     • Multas Juzgado cargadas: 40082
[ACTUALIZAR PAGOS · AUTO]     • Causas simplificadas (usadas para el cruce): 103212
[ACTUALIZAR PAGOS · AUTO]   PROCESO:
[ACTUALIZAR PAGOS · AUTO]     • Pagos rechazados sigemi: 14020
[ACTUALIZAR PAGOS · AUTO]     • Pagos rechazados juzgado: 2914
[ACTUALIZAR PAGOS · AUTO]   SALIDA:
[ACTUALIZAR PAGOS · AUTO]     • Pagos desactualizados procesados: 15
[ACTUALIZAR PAGOS · AUTO]     • Archivo final: backend/descargas/pagos/2026-07-24/PAGOS 20260724 095627.txt
[ACTUALIZAR PAGOS · AUTO]     • Ordenados por fecha: SÍ ✓
[ACTUALIZAR PAGOS · AUTO]     • Todos con ACTA_NUMERO: SÍ ✓
[ACTUALIZAR PAGOS · AUTO]     • Todos con CAUSA_NUMERO: SÍ ✓
[ACTUALIZAR PAGOS · AUTO] ✅ TXT de pagos (ya cruzado con actas y causas) generado en: backend/descargas/pagos/2026-07-24/PAGOS 20260724 095627.txt
[ACTUALIZAR PAGOS · AUTO] 🧹 TXT de pagos crudo eliminado (ya usado en el cruce): backend/descargas/pagos/2026-07-24/PAGOS DESCARGADOS.txt
[ACTUALIZAR PAGOS · AUTO] 🧹 Excel MULTAS_SIGEMI_CRUCE eliminado (ya usado en el cruce): backend/descargas/cache_actas_cruce/MULTAS_SIGEMI_CRUCE.xlsx
[ACTUALIZAR PAGOS · AUTO] 🧹 Excel MULTAS_JUZGADO_CRUCE eliminado (ya usado en el cruce): backend/descargas/cache_actas_cruce/MULTAS_JUZGADO_CRUCE.xlsx
[ACTUALIZAR PAGOS · AUTO] ✅ CompararActasPaso finalizado. (⏱ 52.1s)
[ACTUALIZAR PAGOS · AUTO] ✓ [CompararActasPaso] Completado.
[ACTUALIZAR PAGOS · AUTO] ▶ [CargarPagosPaso] Iniciando...
[ACTUALIZAR PAGOS · AUTO] ==================================================
[ACTUALIZAR PAGOS · AUTO] 🚀 PASO: CargarPagosPaso
[ACTUALIZAR PAGOS · AUTO] ==================================================
[ACTUALIZAR PAGOS · AUTO] 📤 Subiendo TXT de pagos al SEMyT...
[ACTUALIZAR PAGOS · AUTO] ✅ Importación de pagos completada con éxito.
[ACTUALIZAR PAGOS · AUTO] ✅ Archivo TXT de pagos cargado en el SEMyT correctamente.
[ACTUALIZAR PAGOS · AUTO] ✅ CargarPagosPaso finalizado. (⏱ 4.2s)
[ACTUALIZAR PAGOS · AUTO] ✓ [CargarPagosPaso] Completado.
[ACTUALIZAR PAGOS · AUTO] === Ejecución finalizada con éxito ===
🤖 [Automático] Es hora de actualizar pagos. Arrancando...
[ACTUALIZAR PAGOS · AUTO] === Inicio de ejecución: pagos ===
[ACTUALIZAR PAGOS · AUTO] ▶ [LoginSemytPaso] Iniciando...
[ACTUALIZAR PAGOS · AUTO] ==================================================
[ACTUALIZAR PAGOS · AUTO] 🚀 PASO: LoginSemytPaso
[ACTUALIZAR PAGOS · AUTO] ==================================================
[ACTUALIZAR PAGOS · AUTO] Abriendo SEMyT...
⏳ [Automático] Tocaba disparar 'pagos' pero ya hay una ejecución en curso (Actualizar pagos); esperando a que termine; se reintenta en breve sin perder el turno.
[ACTUALIZAR PAGOS · AUTO] ✅ [SEMyT] Sesión existente detectada. Login omitido.
[ACTUALIZAR PAGOS · AUTO] ✅ LoginSemytPaso finalizado. (⏱ 39.5s)
[ACTUALIZAR PAGOS · AUTO] ✓ [LoginSemytPaso] Completado.
[ACTUALIZAR PAGOS · AUTO] ▶ [LoginJuzgadoPaso] Iniciando...
[ACTUALIZAR PAGOS · AUTO] ==================================================
[ACTUALIZAR PAGOS · AUTO] 🚀 PASO: LoginJuzgadoPaso
[ACTUALIZAR PAGOS · AUTO] ==================================================
[ACTUALIZAR PAGOS · AUTO] Abriendo sitio municipalidad (CiDi)...
[ACTUALIZAR PAGOS · AUTO] ✅ [Juzgado] Sesión existente detectada. Login omitido.
[ACTUALIZAR PAGOS · AUTO] ✅ LoginJuzgadoPaso finalizado. (⏱ 1.3s)
[ACTUALIZAR PAGOS · AUTO] ✓ [LoginJuzgadoPaso] Completado.
[ACTUALIZAR PAGOS · AUTO] ▶ [DescargasParalelasPaso] Iniciando...
[ACTUALIZAR PAGOS · AUTO] ==================================================
[ACTUALIZAR PAGOS · AUTO] 🚀 PASO: DescargasParalelasPaso
[ACTUALIZAR PAGOS · AUTO] ==================================================
[ACTUALIZAR PAGOS · AUTO] 📤 Arrancando las 3 descargas en paralelo (mismo browser, páginas separadas)...
[ACTUALIZAR PAGOS · AUTO] Fecha Desde: 27/06/2024
[ACTUALIZAR PAGOS · AUTO] Fecha Hasta: 24/11/2025
[ACTUALIZAR PAGOS · AUTO] Fecha Desde: 25/11/2025
[ACTUALIZAR PAGOS · AUTO] Fecha Hasta: 24/07/2026
[ACTUALIZAR PAGOS · AUTO] Descargando Excel...
[ACTUALIZAR PAGOS · AUTO] Descargando Excel...
[ACTUALIZAR PAGOS · AUTO] Archivo descargado en: backend/descargas/cache_actas_cruce/MULTAS_JUZGADO_CRUCE.xlsx
[ACTUALIZAR PAGOS · AUTO] ⏱ [actas_juzgado] completado en 27.8s
[ACTUALIZAR PAGOS · AUTO] ✅ TXT de pagos descargado en: backend/descargas/pagos/2026-07-24/PAGOS DESCARGADOS.txt
[ACTUALIZAR PAGOS · AUTO] ⏱ [pagos_txt] completado en 27.9s
[ACTUALIZAR PAGOS · AUTO] Archivo descargado en: backend/descargas/cache_actas_cruce/MULTAS_SIGEMI_CRUCE.xlsx
[ACTUALIZAR PAGOS · AUTO] ⏱ [actas_sigemi] completado en 72.9s
[ACTUALIZAR PAGOS · AUTO] ⏱ TOTAL descargas en paralelo: 72.9s
[ACTUALIZAR PAGOS · AUTO] ✅ DescargasParalelasPaso finalizado. (⏱ 74.4s)
[ACTUALIZAR PAGOS · AUTO] ✓ [DescargasParalelasPaso] Completado.
[ACTUALIZAR PAGOS · AUTO] ▶ [CompararActasPaso] Iniciando...
[ACTUALIZAR PAGOS · AUTO] ==================================================
[ACTUALIZAR PAGOS · AUTO] 🚀 PASO: CompararActasPaso
[ACTUALIZAR PAGOS · AUTO] ==================================================
[ACTUALIZAR PAGOS · AUTO] 🔍 Comparando actas del SEMyT contra pagos del Juzgado...
[ACTUALIZAR PAGOS · AUTO] ================================================================================
[ACTUALIZAR PAGOS · AUTO] INICIANDO PROCESO DE GENERACIÓN DE PAGOS DESACTUALIZADOS
[ACTUALIZAR PAGOS · AUTO] ================================================================================
[ACTUALIZAR PAGOS · AUTO] 📂 Cargando archivos...
[ACTUALIZAR PAGOS · AUTO]   ✓ Pagos: 16956 registros
[ACTUALIZAR PAGOS · AUTO]   ✓ Excel SIGEMI (multas vencidas viejas): 103538 registros
[ACTUALIZAR PAGOS · AUTO]   ✓ Excel Juzgado (multas vencidas nuevas): 40071 registros
[ACTUALIZAR PAGOS · AUTO] ================================================================================
[ACTUALIZAR PAGOS · AUTO] PASO 1: LLENANDO ACTA_NUMERO (búsqueda por patente + fecha, con desempate por hora)
[ACTUALIZAR PAGOS · AUTO] ================================================================================
[ACTUALIZAR PAGOS · AUTO] 📊 ESTADÍSTICAS DE LLENADO DE ACTAS:
[ACTUALIZAR PAGOS · AUTO]   • Pagos con acta ORIGINAL: 2929
[ACTUALIZAR PAGOS · AUTO]   • Pagos SIN acta (buscados): 14027
[ACTUALIZAR PAGOS · AUTO]   • Pagos LLENADOS exitosamente: 3
[ACTUALIZAR PAGOS · AUTO]   • Pagos NO encontrados en multas: 14024
[ACTUALIZAR PAGOS · AUTO]   • Pagos SIN RESOLVER por desbalance de cantidades: 0
[ACTUALIZAR PAGOS · AUTO] ================================================================================
[ACTUALIZAR PAGOS · AUTO] PASO 1: LLENANDO ACTA_NUMERO (búsqueda por patente + fecha, con desempate por hora)
[ACTUALIZAR PAGOS · AUTO] ================================================================================
[ACTUALIZAR PAGOS · AUTO] 📊 ESTADÍSTICAS DE LLENADO DE ACTAS:
[ACTUALIZAR PAGOS · AUTO]   • Pagos con acta ORIGINAL: 2932
[ACTUALIZAR PAGOS · AUTO]   • Pagos SIN acta (buscados): 14024
[ACTUALIZAR PAGOS · AUTO]   • Pagos LLENADOS exitosamente: 0
[ACTUALIZAR PAGOS · AUTO]   • Pagos NO encontrados en multas: 14024
[ACTUALIZAR PAGOS · AUTO]   • Pagos SIN RESOLVER por desbalance de cantidades: 0
[ACTUALIZAR PAGOS · AUTO] ⏱ PASO 1 (llenar actas): 19.6s
[ACTUALIZAR PAGOS · AUTO] ================================================================================
[ACTUALIZAR PAGOS · AUTO] PASO 2: FILTRANDO PAGOS CON ACTA_NUMERO COMPLETO
[ACTUALIZAR PAGOS · AUTO] ================================================================================
[ACTUALIZAR PAGOS · AUTO] 📊 ESTADÍSTICAS DE FILTRADO:
[ACTUALIZAR PAGOS · AUTO]   • Pagos TOTALES al inicio: 16956
[ACTUALIZAR PAGOS · AUTO]   • Pagos CON acta (MANTIENEN): 2932
[ACTUALIZAR PAGOS · AUTO]   • Pagos RECHAZADOS (sin coincidencias): 14024
[ACTUALIZAR PAGOS · AUTO] ⚠️  Se eliminaron 14024 registros sin número de acta
[ACTUALIZAR PAGOS · AUTO]      (recordá: esto incluye tanto pagos ya actualizados/pagados
[ACTUALIZAR PAGOS · AUTO]       como pagos que quedaron sin resolver por desbalance en el Paso 1)
[ACTUALIZAR PAGOS · AUTO] ================================================================================
[ACTUALIZAR PAGOS · AUTO] PASO 2-bis: CONFIRMANDO VIGENCIA DE PAGOS DEL SISTEMA NUEVO (contra MULTAS_JUZGADO_CRUCE)
[ACTUALIZAR PAGOS · AUTO] ================================================================================
[ACTUALIZAR PAGOS · AUTO]   ⚠ 2925 pago(s) del sistema nuevo descartados: su acta ya no figura como vencida en MULTAS_JUZGADO_CRUCE (SEMyT ya los actualizó).
[ACTUALIZAR PAGOS · AUTO]   • Pagos del sistema nuevo descartados por ya estar actualizados: 2925
[ACTUALIZAR PAGOS · AUTO] ⏱ PASO 2 (filtrar): 1.3s
[ACTUALIZAR PAGOS · AUTO] 📂 Cargando maestro de causas SIGEMI...
[ACTUALIZAR PAGOS · AUTO]   ✓ Causas totales (maestro): 134069 registros
[ACTUALIZAR PAGOS · AUTO] ⏱ PASO 2.5 (causas simplificado): 0.2s
[ACTUALIZAR PAGOS · AUTO] ================================================================================
[ACTUALIZAR PAGOS · AUTO] PASO 2.5: ARMANDO causas.txt SIMPLIFICADO (cruce contra total_causas_sigemi.txt)
[ACTUALIZAR PAGOS · AUTO] ================================================================================
[ACTUALIZAR PAGOS · AUTO]   • Actas vencidas viejas (multas): 103538
[ACTUALIZAR PAGOS · AUTO]   • Causas totales en el maestro SIGEMI: 134069
[ACTUALIZAR PAGOS · AUTO]   • Causas que coinciden (simplificado): 103208
[ACTUALIZAR PAGOS · AUTO]   ✅ Archivo escrito: backend/descargas/causas/causas.txt
[ACTUALIZAR PAGOS · AUTO] ⏱ PASO 2.5 (causas simplificado): 3.0s
[ACTUALIZAR PAGOS · AUTO] ================================================================================
[ACTUALIZAR PAGOS · AUTO] PASO 3: LLENANDO CAUSA_NUMERO (según fecha de cambio de sistema, cruzando por acta + año)
[ACTUALIZAR PAGOS · AUTO] ================================================================================
[ACTUALIZAR PAGOS · AUTO] 📊 ESTADÍSTICAS DE LLENADO DE CAUSAS:
[ACTUALIZAR PAGOS · AUTO]   • Pagos con causa ORIGINAL: 4
[ACTUALIZAR PAGOS · AUTO]   • Causas encontradas en SIGEMI (actas viejas): 2
[ACTUALIZAR PAGOS · AUTO]   • Causas NO encontradas en SIGEMI: 1
[ACTUALIZAR PAGOS · AUTO]   • Causas asignadas automáticamente (actas nuevas): 0
[ACTUALIZAR PAGOS · AUTO] ⏱ PASO 3 (llenar causas): 0.0s
[ACTUALIZAR PAGOS · AUTO] ================================================================================
[ACTUALIZAR PAGOS · AUTO] PASO 4: ORDENANDO POR FECHA Y ACTA_NUMERO
[ACTUALIZAR PAGOS · AUTO] ================================================================================
[ACTUALIZAR PAGOS · AUTO] ✓ Pagos ordenados correctamente
[ACTUALIZAR PAGOS · AUTO]   • Primera entrada: Acta=350444, Fecha=08/08/2024
[ACTUALIZAR PAGOS · AUTO]   • Última entrada: Acta=278402, Fecha=11/03/2026
[ACTUALIZAR PAGOS · AUTO] 📝 Escribiendo archivo de salida...
[ACTUALIZAR PAGOS · AUTO]   ✅ Archivo escrito: backend/descargas/pagos/2026-07-24/PAGOS 20260724 100935.txt
[ACTUALIZAR PAGOS · AUTO]   ✅ Total registros: 866
[ACTUALIZAR PAGOS · AUTO] ⏱ PASO 4 (ordenar y escribir): 0.0s
[ACTUALIZAR PAGOS · AUTO] ================================================================================
[ACTUALIZAR PAGOS · AUTO] ✅ PROCESO COMPLETADO EXITOSAMENTE
[ACTUALIZAR PAGOS · AUTO] ================================================================================
[ACTUALIZAR PAGOS · AUTO] 📊 RESUMEN FINAL DEL PROCESAMIENTO:
[ACTUALIZAR PAGOS · AUTO]   ENTRADA:
[ACTUALIZAR PAGOS · AUTO]     • Pagos originales: 16956
[ACTUALIZAR PAGOS · AUTO]     • Multas SIGEMI cargadas: 103538
[ACTUALIZAR PAGOS · AUTO]     • Multas Juzgado cargadas: 40071
[ACTUALIZAR PAGOS · AUTO]     • Causas simplificadas (usadas para el cruce): 103208
[ACTUALIZAR PAGOS · AUTO]   PROCESO:
[ACTUALIZAR PAGOS · AUTO]     • Pagos rechazados sigemi: 14024
[ACTUALIZAR PAGOS · AUTO]     • Pagos rechazados juzgado: 2925
[ACTUALIZAR PAGOS · AUTO]   SALIDA:
[ACTUALIZAR PAGOS · AUTO]     • Pagos desactualizados procesados: 7
[ACTUALIZAR PAGOS · AUTO]     • Archivo final: backend/descargas/pagos/2026-07-24/PAGOS 20260724 100935.txt
[ACTUALIZAR PAGOS · AUTO]     • Ordenados por fecha: SÍ ✓
[ACTUALIZAR PAGOS · AUTO]     • Todos con ACTA_NUMERO: SÍ ✓
[ACTUALIZAR PAGOS · AUTO]     • Todos con CAUSA_NUMERO: SÍ ✓
[ACTUALIZAR PAGOS · AUTO] ✅ TXT de pagos (ya cruzado con actas y causas) generado en: backend/descargas/pagos/2026-07-24/PAGOS 20260724 100935.txt
[ACTUALIZAR PAGOS · AUTO] 🧹 TXT de pagos crudo eliminado (ya usado en el cruce): backend/descargas/pagos/2026-07-24/PAGOS DESCARGADOS.txt
[ACTUALIZAR PAGOS · AUTO] 🧹 Excel MULTAS_SIGEMI_CRUCE eliminado (ya usado en el cruce): backend/descargas/cache_actas_cruce/MULTAS_SIGEMI_CRUCE.xlsx
[ACTUALIZAR PAGOS · AUTO] 🧹 Excel MULTAS_JUZGADO_CRUCE eliminado (ya usado en el cruce): backend/descargas/cache_actas_cruce/MULTAS_JUZGADO_CRUCE.xlsx
[ACTUALIZAR PAGOS · AUTO] ✅ CompararActasPaso finalizado. (⏱ 54.9s)
[ACTUALIZAR PAGOS · AUTO] ✓ [CompararActasPaso] Completado.
[ACTUALIZAR PAGOS · AUTO] ▶ [CargarPagosPaso] Iniciando...
[ACTUALIZAR PAGOS · AUTO] ==================================================
[ACTUALIZAR PAGOS · AUTO] 🚀 PASO: CargarPagosPaso
[ACTUALIZAR PAGOS · AUTO] ==================================================
[ACTUALIZAR PAGOS · AUTO] 📤 Subiendo TXT de pagos al SEMyT...
[ACTUALIZAR PAGOS · AUTO] ✅ Importación de pagos completada con éxito.
[ACTUALIZAR PAGOS · AUTO] ✅ Archivo TXT de pagos cargado en el SEMyT correctamente.
[ACTUALIZAR PAGOS · AUTO] ✅ CargarPagosPaso finalizado. (⏱ 2.8s)
[ACTUALIZAR PAGOS · AUTO] ✓ [CargarPagosPaso] Completado.
[ACTUALIZAR PAGOS · AUTO] === Ejecución finalizada con éxito ===
🤖 [Automático] Es hora de actualizar pagos. Arrancando...
[ACTUALIZAR PAGOS · AUTO] === Inicio de ejecución: pagos ===
[ACTUALIZAR PAGOS · AUTO] ▶ [LoginSemytPaso] Iniciando...
[ACTUALIZAR PAGOS · AUTO] ==================================================
[ACTUALIZAR PAGOS · AUTO] 🚀 PASO: LoginSemytPaso
[ACTUALIZAR PAGOS · AUTO] ==================================================
[ACTUALIZAR PAGOS · AUTO] Abriendo SEMyT...
⏳ [Automático] Tocaba disparar 'pagos' pero ya hay una ejecución en curso (Actualizar pagos); esperando a que termine; se reintenta en breve sin perder el turno.
[ACTUALIZAR PAGOS · AUTO] ✅ [SEMyT] Sesión existente detectada. Login omitido.
[ACTUALIZAR PAGOS · AUTO] ✅ LoginSemytPaso finalizado. (⏱ 27.1s)
[ACTUALIZAR PAGOS · AUTO] ✓ [LoginSemytPaso] Completado.
[ACTUALIZAR PAGOS · AUTO] ▶ [LoginJuzgadoPaso] Iniciando...
[ACTUALIZAR PAGOS · AUTO] ==================================================
[ACTUALIZAR PAGOS · AUTO] 🚀 PASO: LoginJuzgadoPaso
[ACTUALIZAR PAGOS · AUTO] ==================================================
[ACTUALIZAR PAGOS · AUTO] Abriendo sitio municipalidad (CiDi)...
[ACTUALIZAR PAGOS · AUTO] ✅ [Juzgado] Sesión existente detectada. Login omitido.
[ACTUALIZAR PAGOS · AUTO] ✅ LoginJuzgadoPaso finalizado. (⏱ 1.4s)
[ACTUALIZAR PAGOS · AUTO] ✓ [LoginJuzgadoPaso] Completado.
[ACTUALIZAR PAGOS · AUTO] ▶ [DescargasParalelasPaso] Iniciando...
[ACTUALIZAR PAGOS · AUTO] ==================================================
[ACTUALIZAR PAGOS · AUTO] 🚀 PASO: DescargasParalelasPaso
[ACTUALIZAR PAGOS · AUTO] ==================================================
[ACTUALIZAR PAGOS · AUTO] 📤 Arrancando las 3 descargas en paralelo (mismo browser, páginas separadas)...
[ACTUALIZAR PAGOS · AUTO] Fecha Desde: 27/06/2024
[ACTUALIZAR PAGOS · AUTO] Fecha Hasta: 24/11/2025
[ACTUALIZAR PAGOS · AUTO] Fecha Desde: 25/11/2025
[ACTUALIZAR PAGOS · AUTO] Fecha Hasta: 24/07/2026
[ACTUALIZAR PAGOS · AUTO] Descargando Excel...
[ACTUALIZAR PAGOS · AUTO] Descargando Excel...
[ACTUALIZAR PAGOS · AUTO] ✅ TXT de pagos descargado en: backend/descargas/pagos/2026-07-24/PAGOS DESCARGADOS.txt
[ACTUALIZAR PAGOS · AUTO] ⏱ [pagos_txt] completado en 24.8s
[ACTUALIZAR PAGOS · AUTO] Archivo descargado en: backend/descargas/cache_actas_cruce/MULTAS_JUZGADO_CRUCE.xlsx
[ACTUALIZAR PAGOS · AUTO] ⏱ [actas_juzgado] completado en 42.4s
[ACTUALIZAR PAGOS · AUTO] Archivo descargado en: backend/descargas/cache_actas_cruce/MULTAS_SIGEMI_CRUCE.xlsx
[ACTUALIZAR PAGOS · AUTO] ⏱ [actas_sigemi] completado en 89.7s
[ACTUALIZAR PAGOS · AUTO] ⏱ TOTAL descargas en paralelo: 89.7s
[ACTUALIZAR PAGOS · AUTO] ✅ DescargasParalelasPaso finalizado. (⏱ 91.1s)
[ACTUALIZAR PAGOS · AUTO] ✓ [DescargasParalelasPaso] Completado.
[ACTUALIZAR PAGOS · AUTO] ▶ [CompararActasPaso] Iniciando...
[ACTUALIZAR PAGOS · AUTO] ==================================================
[ACTUALIZAR PAGOS · AUTO] 🚀 PASO: CompararActasPaso
[ACTUALIZAR PAGOS · AUTO] ==================================================
[ACTUALIZAR PAGOS · AUTO] 🔍 Comparando actas del SEMyT contra pagos del Juzgado...
[ACTUALIZAR PAGOS · AUTO] ================================================================================
[ACTUALIZAR PAGOS · AUTO] INICIANDO PROCESO DE GENERACIÓN DE PAGOS DESACTUALIZADOS
[ACTUALIZAR PAGOS · AUTO] ================================================================================
[ACTUALIZAR PAGOS · AUTO] 📂 Cargando archivos...
[ACTUALIZAR PAGOS · AUTO]   ✓ Pagos: 16966 registros
[ACTUALIZAR PAGOS · AUTO]   ✓ Excel SIGEMI (multas vencidas viejas): 103534 registros
[ACTUALIZAR PAGOS · AUTO]   ✓ Excel Juzgado (multas vencidas nuevas): 40067 registros
[ACTUALIZAR PAGOS · AUTO] ================================================================================
[ACTUALIZAR PAGOS · AUTO] PASO 1: LLENANDO ACTA_NUMERO (búsqueda por patente + fecha, con desempate por hora)
[ACTUALIZAR PAGOS · AUTO] ================================================================================
[ACTUALIZAR PAGOS · AUTO] 📊 ESTADÍSTICAS DE LLENADO DE ACTAS:
[ACTUALIZAR PAGOS · AUTO]   • Pagos con acta ORIGINAL: 2935
[ACTUALIZAR PAGOS · AUTO]   • Pagos SIN acta (buscados): 14031
[ACTUALIZAR PAGOS · AUTO]   • Pagos LLENADOS exitosamente: 3
[ACTUALIZAR PAGOS · AUTO]   • Pagos NO encontrados en multas: 14028
[ACTUALIZAR PAGOS · AUTO]   • Pagos SIN RESOLVER por desbalance de cantidades: 0
[ACTUALIZAR PAGOS · AUTO] ================================================================================
[ACTUALIZAR PAGOS · AUTO] PASO 1: LLENANDO ACTA_NUMERO (búsqueda por patente + fecha, con desempate por hora)
[ACTUALIZAR PAGOS · AUTO] ================================================================================
[ACTUALIZAR PAGOS · AUTO] 📊 ESTADÍSTICAS DE LLENADO DE ACTAS:
[ACTUALIZAR PAGOS · AUTO]   • Pagos con acta ORIGINAL: 2938
[ACTUALIZAR PAGOS · AUTO]   • Pagos SIN acta (buscados): 14028
[ACTUALIZAR PAGOS · AUTO]   • Pagos LLENADOS exitosamente: 0
[ACTUALIZAR PAGOS · AUTO]   • Pagos NO encontrados en multas: 14028
[ACTUALIZAR PAGOS · AUTO]   • Pagos SIN RESOLVER por desbalance de cantidades: 0
[ACTUALIZAR PAGOS · AUTO] ⏱ PASO 1 (llenar actas): 20.1s
[ACTUALIZAR PAGOS · AUTO] ================================================================================
[ACTUALIZAR PAGOS · AUTO] PASO 2: FILTRANDO PAGOS CON ACTA_NUMERO COMPLETO
[ACTUALIZAR PAGOS · AUTO] ================================================================================
[ACTUALIZAR PAGOS · AUTO] 📊 ESTADÍSTICAS DE FILTRADO:
[ACTUALIZAR PAGOS · AUTO]   • Pagos TOTALES al inicio: 16966
[ACTUALIZAR PAGOS · AUTO]   • Pagos CON acta (MANTIENEN): 2938
[ACTUALIZAR PAGOS · AUTO]   • Pagos RECHAZADOS (sin coincidencias): 14028
[ACTUALIZAR PAGOS · AUTO] ⚠️  Se eliminaron 14028 registros sin número de acta
[ACTUALIZAR PAGOS · AUTO]      (recordá: esto incluye tanto pagos ya actualizados/pagados
[ACTUALIZAR PAGOS · AUTO]       como pagos que quedaron sin resolver por desbalance en el Paso 1)
[ACTUALIZAR PAGOS · AUTO] ================================================================================
[ACTUALIZAR PAGOS · AUTO] PASO 2-bis: CONFIRMANDO VIGENCIA DE PAGOS DEL SISTEMA NUEVO (contra MULTAS_JUZGADO_CRUCE)
[ACTUALIZAR PAGOS · AUTO] ================================================================================
[ACTUALIZAR PAGOS · AUTO]   ⚠ 2929 pago(s) del sistema nuevo descartados: su acta ya no figura como vencida en MULTAS_JUZGADO_CRUCE (SEMyT ya los actualizó).
[ACTUALIZAR PAGOS · AUTO]   • Pagos del sistema nuevo descartados por ya estar actualizados: 2929
[ACTUALIZAR PAGOS · AUTO] ⏱ PASO 2 (filtrar): 1.4s
[ACTUALIZAR PAGOS · AUTO] 📂 Cargando maestro de causas SIGEMI...
[ACTUALIZAR PAGOS · AUTO]   ✓ Causas totales (maestro): 134069 registros
[ACTUALIZAR PAGOS · AUTO] ⏱ PASO 2.5 (causas simplificado): 0.2s
[ACTUALIZAR PAGOS · AUTO] ================================================================================
[ACTUALIZAR PAGOS · AUTO] PASO 2.5: ARMANDO causas.txt SIMPLIFICADO (cruce contra total_causas_sigemi.txt)
[ACTUALIZAR PAGOS · AUTO] ================================================================================
[ACTUALIZAR PAGOS · AUTO]   • Actas vencidas viejas (multas): 103534
[ACTUALIZAR PAGOS · AUTO]   • Causas totales en el maestro SIGEMI: 134069
[ACTUALIZAR PAGOS · AUTO]   • Causas que coinciden (simplificado): 103205
[ACTUALIZAR PAGOS · AUTO]   ✅ Archivo escrito: backend/descargas/causas/causas.txt
[ACTUALIZAR PAGOS · AUTO] ⏱ PASO 2.5 (causas simplificado): 2.8s
[ACTUALIZAR PAGOS · AUTO] ================================================================================
[ACTUALIZAR PAGOS · AUTO] PASO 3: LLENANDO CAUSA_NUMERO (según fecha de cambio de sistema, cruzando por acta + año)
[ACTUALIZAR PAGOS · AUTO] ================================================================================
[ACTUALIZAR PAGOS · AUTO] 📊 ESTADÍSTICAS DE LLENADO DE CAUSAS:
[ACTUALIZAR PAGOS · AUTO]   • Pagos con causa ORIGINAL: 6
[ACTUALIZAR PAGOS · AUTO]   • Causas encontradas en SIGEMI (actas viejas): 3
[ACTUALIZAR PAGOS · AUTO]   • Causas NO encontradas en SIGEMI: 0
[ACTUALIZAR PAGOS · AUTO]   • Causas asignadas automáticamente (actas nuevas): 0
[ACTUALIZAR PAGOS · AUTO] ⏱ PASO 3 (llenar causas): 0.0s
[ACTUALIZAR PAGOS · AUTO] ================================================================================
[ACTUALIZAR PAGOS · AUTO] PASO 4: ORDENANDO POR FECHA Y ACTA_NUMERO
[ACTUALIZAR PAGOS · AUTO] ================================================================================
[ACTUALIZAR PAGOS · AUTO] ✓ Pagos ordenados correctamente
[ACTUALIZAR PAGOS · AUTO]   • Primera entrada: Acta=161990, Fecha=09/06/2025
[ACTUALIZAR PAGOS · AUTO]   • Última entrada: Acta=279467, Fecha=13/03/2026
[ACTUALIZAR PAGOS · AUTO] 📝 Escribiendo archivo de salida...
[ACTUALIZAR PAGOS · AUTO]   ✅ Archivo escrito: backend/descargas/pagos/2026-07-24/PAGOS 20260724 102243.txt
[ACTUALIZAR PAGOS · AUTO]   ✅ Total registros: 1099
[ACTUALIZAR PAGOS · AUTO] ⏱ PASO 4 (ordenar y escribir): 0.0s
[ACTUALIZAR PAGOS · AUTO] ================================================================================
[ACTUALIZAR PAGOS · AUTO] ✅ PROCESO COMPLETADO EXITOSAMENTE
[ACTUALIZAR PAGOS · AUTO] ================================================================================
[ACTUALIZAR PAGOS · AUTO] 📊 RESUMEN FINAL DEL PROCESAMIENTO:
[ACTUALIZAR PAGOS · AUTO]   ENTRADA:
[ACTUALIZAR PAGOS · AUTO]     • Pagos originales: 16966
[ACTUALIZAR PAGOS · AUTO]     • Multas SIGEMI cargadas: 103534
[ACTUALIZAR PAGOS · AUTO]     • Multas Juzgado cargadas: 40067
[ACTUALIZAR PAGOS · AUTO]     • Causas simplificadas (usadas para el cruce): 103205
[ACTUALIZAR PAGOS · AUTO]   PROCESO:
[ACTUALIZAR PAGOS · AUTO]     • Pagos rechazados sigemi: 14028
[ACTUALIZAR PAGOS · AUTO]     • Pagos rechazados juzgado: 2929
[ACTUALIZAR PAGOS · AUTO]   SALIDA:
[ACTUALIZAR PAGOS · AUTO]     • Pagos desactualizados procesados: 9
[ACTUALIZAR PAGOS · AUTO]     • Archivo final: backend/descargas/pagos/2026-07-24/PAGOS 20260724 102243.txt
[ACTUALIZAR PAGOS · AUTO]     • Ordenados por fecha: SÍ ✓
[ACTUALIZAR PAGOS · AUTO]     • Todos con ACTA_NUMERO: SÍ ✓
[ACTUALIZAR PAGOS · AUTO]     • Todos con CAUSA_NUMERO: SÍ ✓
[ACTUALIZAR PAGOS · AUTO] ✅ TXT de pagos (ya cruzado con actas y causas) generado en: backend/descargas/pagos/2026-07-24/PAGOS 20260724 102243.txt
[ACTUALIZAR PAGOS · AUTO] 🧹 TXT de pagos crudo eliminado (ya usado en el cruce): backend/descargas/pagos/2026-07-24/PAGOS DESCARGADOS.txt
[ACTUALIZAR PAGOS · AUTO] 🧹 Excel MULTAS_SIGEMI_CRUCE eliminado (ya usado en el cruce): backend/descargas/cache_actas_cruce/MULTAS_SIGEMI_CRUCE.xlsx
[ACTUALIZAR PAGOS · AUTO] 🧹 Excel MULTAS_JUZGADO_CRUCE eliminado (ya usado en el cruce): backend/descargas/cache_actas_cruce/MULTAS_JUZGADO_CRUCE.xlsx
[ACTUALIZAR PAGOS · AUTO] ✅ CompararActasPaso finalizado. (⏱ 55.1s)
[ACTUALIZAR PAGOS · AUTO] ✓ [CompararActasPaso] Completado.
[ACTUALIZAR PAGOS · AUTO] ▶ [CargarPagosPaso] Iniciando...
[ACTUALIZAR PAGOS · AUTO] ==================================================
[ACTUALIZAR PAGOS · AUTO] 🚀 PASO: CargarPagosPaso
[ACTUALIZAR PAGOS · AUTO] ==================================================
[ACTUALIZAR PAGOS · AUTO] 📤 Subiendo TXT de pagos al SEMyT...
[ACTUALIZAR PAGOS · AUTO] ✅ Importación de pagos completada con éxito.
[ACTUALIZAR PAGOS · AUTO] ✅ Archivo TXT de pagos cargado en el SEMyT correctamente.
[ACTUALIZAR PAGOS · AUTO] ✅ CargarPagosPaso finalizado. (⏱ 2.4s)
[ACTUALIZAR PAGOS · AUTO] ✓ [CargarPagosPaso] Completado.
[ACTUALIZAR PAGOS · AUTO] === Ejecución finalizada con éxito ===
🤖 [Automático] Es hora de actualizar pagos. Arrancando...
[ACTUALIZAR PAGOS · AUTO] === Inicio de ejecución: pagos ===
[ACTUALIZAR PAGOS · AUTO] ▶ [LoginSemytPaso] Iniciando...
[ACTUALIZAR PAGOS · AUTO] ==================================================
[ACTUALIZAR PAGOS · AUTO] 🚀 PASO: LoginSemytPaso
[ACTUALIZAR PAGOS · AUTO] ==================================================
[ACTUALIZAR PAGOS · AUTO] Abriendo SEMyT...
⏳ [Automático] Tocaba disparar 'pagos' pero ya hay una ejecución en curso (Actualizar pagos); esperando a que termine; se reintenta en breve sin perder el turno.
[ACTUALIZAR PAGOS · AUTO] ✅ [SEMyT] Sesión existente detectada. Login omitido.
[ACTUALIZAR PAGOS · AUTO] ✅ LoginSemytPaso finalizado. (⏱ 24.3s)
[ACTUALIZAR PAGOS · AUTO] ✓ [LoginSemytPaso] Completado.
[ACTUALIZAR PAGOS · AUTO] ▶ [LoginJuzgadoPaso] Iniciando...
[ACTUALIZAR PAGOS · AUTO] ==================================================
[ACTUALIZAR PAGOS · AUTO] 🚀 PASO: LoginJuzgadoPaso
[ACTUALIZAR PAGOS · AUTO] ==================================================
[ACTUALIZAR PAGOS · AUTO] Abriendo sitio municipalidad (CiDi)...
[ACTUALIZAR PAGOS · AUTO] ✅ [Juzgado] Sesión existente detectada. Login omitido.
[ACTUALIZAR PAGOS · AUTO] ✅ LoginJuzgadoPaso finalizado. (⏱ 1.9s)
[ACTUALIZAR PAGOS · AUTO] ✓ [LoginJuzgadoPaso] Completado.
[ACTUALIZAR PAGOS · AUTO] ▶ [DescargasParalelasPaso] Iniciando...
[ACTUALIZAR PAGOS · AUTO] ==================================================
[ACTUALIZAR PAGOS · AUTO] 🚀 PASO: DescargasParalelasPaso
[ACTUALIZAR PAGOS · AUTO] ==================================================
[ACTUALIZAR PAGOS · AUTO] 📤 Arrancando las 3 descargas en paralelo (mismo browser, páginas separadas)...
[ACTUALIZAR PAGOS · AUTO] Fecha Desde: 27/06/2024
[ACTUALIZAR PAGOS · AUTO] Fecha Hasta: 24/11/2025
[ACTUALIZAR PAGOS · AUTO] Fecha Desde: 25/11/2025
[ACTUALIZAR PAGOS · AUTO] Fecha Hasta: 24/07/2026
[ACTUALIZAR PAGOS · AUTO] Descargando Excel...
[ACTUALIZAR PAGOS · AUTO] Descargando Excel...
[ACTUALIZAR PAGOS · AUTO] ✅ TXT de pagos descargado en: backend/descargas/pagos/2026-07-24/PAGOS DESCARGADOS.txt
[ACTUALIZAR PAGOS · AUTO] ⏱ [pagos_txt] completado en 23.9s
[ACTUALIZAR PAGOS · AUTO] Archivo descargado en: backend/descargas/cache_actas_cruce/MULTAS_JUZGADO_CRUCE.xlsx
[ACTUALIZAR PAGOS · AUTO] ⏱ [actas_juzgado] completado en 34.7s
[ACTUALIZAR PAGOS · AUTO] Archivo descargado en: backend/descargas/cache_actas_cruce/MULTAS_SIGEMI_CRUCE.xlsx
[ACTUALIZAR PAGOS · AUTO] ⏱ [actas_sigemi] completado en 77.3s
[ACTUALIZAR PAGOS · AUTO] ⏱ TOTAL descargas en paralelo: 77.3s
[ACTUALIZAR PAGOS · AUTO] ✅ DescargasParalelasPaso finalizado. (⏱ 78.8s)
[ACTUALIZAR PAGOS · AUTO] ✓ [DescargasParalelasPaso] Completado.
[ACTUALIZAR PAGOS · AUTO] ▶ [CompararActasPaso] Iniciando...
[ACTUALIZAR PAGOS · AUTO] ==================================================
[ACTUALIZAR PAGOS · AUTO] 🚀 PASO: CompararActasPaso
[ACTUALIZAR PAGOS · AUTO] ==================================================
[ACTUALIZAR PAGOS · AUTO] 🔍 Comparando actas del SEMyT contra pagos del Juzgado...
[ACTUALIZAR PAGOS · AUTO] ================================================================================
[ACTUALIZAR PAGOS · AUTO] INICIANDO PROCESO DE GENERACIÓN DE PAGOS DESACTUALIZADOS
[ACTUALIZAR PAGOS · AUTO] ================================================================================
[ACTUALIZAR PAGOS · AUTO] 📂 Cargando archivos...
[ACTUALIZAR PAGOS · AUTO]   ✓ Pagos: 16972 registros
[ACTUALIZAR PAGOS · AUTO]   ✓ Excel SIGEMI (multas vencidas viejas): 103531 registros
[ACTUALIZAR PAGOS · AUTO]   ✓ Excel Juzgado (multas vencidas nuevas): 40061 registros
[ACTUALIZAR PAGOS · AUTO] ================================================================================
[ACTUALIZAR PAGOS · AUTO] PASO 1: LLENANDO ACTA_NUMERO (búsqueda por patente + fecha, con desempate por hora)
[ACTUALIZAR PAGOS · AUTO] ================================================================================
[ACTUALIZAR PAGOS · AUTO] 📊 ESTADÍSTICAS DE LLENADO DE ACTAS:
[ACTUALIZAR PAGOS · AUTO]   • Pagos con acta ORIGINAL: 2937
[ACTUALIZAR PAGOS · AUTO]   • Pagos SIN acta (buscados): 14035
[ACTUALIZAR PAGOS · AUTO]   • Pagos LLENADOS exitosamente: 4
[ACTUALIZAR PAGOS · AUTO]   • Pagos NO encontrados en multas: 14031
[ACTUALIZAR PAGOS · AUTO]   • Pagos SIN RESOLVER por desbalance de cantidades: 0
[ACTUALIZAR PAGOS · AUTO] ================================================================================
[ACTUALIZAR PAGOS · AUTO] PASO 1: LLENANDO ACTA_NUMERO (búsqueda por patente + fecha, con desempate por hora)
[ACTUALIZAR PAGOS · AUTO] ================================================================================
[ACTUALIZAR PAGOS · AUTO] 📊 ESTADÍSTICAS DE LLENADO DE ACTAS:
[ACTUALIZAR PAGOS · AUTO]   • Pagos con acta ORIGINAL: 2941
[ACTUALIZAR PAGOS · AUTO]   • Pagos SIN acta (buscados): 14031
[ACTUALIZAR PAGOS · AUTO]   • Pagos LLENADOS exitosamente: 0
[ACTUALIZAR PAGOS · AUTO]   • Pagos NO encontrados en multas: 14031
[ACTUALIZAR PAGOS · AUTO]   • Pagos SIN RESOLVER por desbalance de cantidades: 0
[ACTUALIZAR PAGOS · AUTO] ⏱ PASO 1 (llenar actas): 19.3s
[ACTUALIZAR PAGOS · AUTO] ================================================================================
[ACTUALIZAR PAGOS · AUTO] PASO 2: FILTRANDO PAGOS CON ACTA_NUMERO COMPLETO
[ACTUALIZAR PAGOS · AUTO] ================================================================================
[ACTUALIZAR PAGOS · AUTO] 📊 ESTADÍSTICAS DE FILTRADO:
[ACTUALIZAR PAGOS · AUTO]   • Pagos TOTALES al inicio: 16972
[ACTUALIZAR PAGOS · AUTO]   • Pagos CON acta (MANTIENEN): 2941
[ACTUALIZAR PAGOS · AUTO]   • Pagos RECHAZADOS (sin coincidencias): 14031
[ACTUALIZAR PAGOS · AUTO] ⚠️  Se eliminaron 14031 registros sin número de acta
[ACTUALIZAR PAGOS · AUTO]      (recordá: esto incluye tanto pagos ya actualizados/pagados
[ACTUALIZAR PAGOS · AUTO]       como pagos que quedaron sin resolver por desbalance en el Paso 1)
[ACTUALIZAR PAGOS · AUTO] ================================================================================
[ACTUALIZAR PAGOS · AUTO] PASO 2-bis: CONFIRMANDO VIGENCIA DE PAGOS DEL SISTEMA NUEVO (contra MULTAS_JUZGADO_CRUCE)
[ACTUALIZAR PAGOS · AUTO] ================================================================================
[ACTUALIZAR PAGOS · AUTO]   ⚠ 2935 pago(s) del sistema nuevo descartados: su acta ya no figura como vencida en MULTAS_JUZGADO_CRUCE (SEMyT ya los actualizó).
[ACTUALIZAR PAGOS · AUTO]   • Pagos del sistema nuevo descartados por ya estar actualizados: 2935
[ACTUALIZAR PAGOS · AUTO] ⏱ PASO 2 (filtrar): 1.4s
[ACTUALIZAR PAGOS · AUTO] 📂 Cargando maestro de causas SIGEMI...
[ACTUALIZAR PAGOS · AUTO]   ✓ Causas totales (maestro): 134069 registros
[ACTUALIZAR PAGOS · AUTO] ⏱ PASO 2.5 (causas simplificado): 0.2s
[ACTUALIZAR PAGOS · AUTO] ================================================================================
[ACTUALIZAR PAGOS · AUTO] PASO 2.5: ARMANDO causas.txt SIMPLIFICADO (cruce contra total_causas_sigemi.txt)
[ACTUALIZAR PAGOS · AUTO] ================================================================================
[ACTUALIZAR PAGOS · AUTO]   • Actas vencidas viejas (multas): 103531
[ACTUALIZAR PAGOS · AUTO]   • Causas totales en el maestro SIGEMI: 134069
[ACTUALIZAR PAGOS · AUTO]   • Causas que coinciden (simplificado): 103202
[ACTUALIZAR PAGOS · AUTO]   ✅ Archivo escrito: backend/descargas/causas/causas.txt
[ACTUALIZAR PAGOS · AUTO] ⏱ PASO 2.5 (causas simplificado): 2.9s
[ACTUALIZAR PAGOS · AUTO] ================================================================================
[ACTUALIZAR PAGOS · AUTO] PASO 3: LLENANDO CAUSA_NUMERO (según fecha de cambio de sistema, cruzando por acta + año)
[ACTUALIZAR PAGOS · AUTO] ================================================================================
[ACTUALIZAR PAGOS · AUTO] 📊 ESTADÍSTICAS DE LLENADO DE CAUSAS:
[ACTUALIZAR PAGOS · AUTO]   • Pagos con causa ORIGINAL: 2
[ACTUALIZAR PAGOS · AUTO]   • Causas encontradas en SIGEMI (actas viejas): 4
[ACTUALIZAR PAGOS · AUTO]   • Causas NO encontradas en SIGEMI: 0
[ACTUALIZAR PAGOS · AUTO]   • Causas asignadas automáticamente (actas nuevas): 0
[ACTUALIZAR PAGOS · AUTO] ⏱ PASO 3 (llenar causas): 0.0s
[ACTUALIZAR PAGOS · AUTO] ================================================================================
[ACTUALIZAR PAGOS · AUTO] PASO 4: ORDENANDO POR FECHA Y ACTA_NUMERO
[ACTUALIZAR PAGOS · AUTO] ================================================================================
[ACTUALIZAR PAGOS · AUTO] ✓ Pagos ordenados correctamente
[ACTUALIZAR PAGOS · AUTO]   • Primera entrada: Acta=7550, Fecha=10/07/2024
[ACTUALIZAR PAGOS · AUTO]   • Última entrada: Acta=272787, Fecha=27/02/2026
[ACTUALIZAR PAGOS · AUTO] 📝 Escribiendo archivo de salida...
[ACTUALIZAR PAGOS · AUTO]   ✅ Archivo escrito: backend/descargas/pagos/2026-07-24/PAGOS 20260724 103533.txt
[ACTUALIZAR PAGOS · AUTO]   ✅ Total registros: 805
[ACTUALIZAR PAGOS · AUTO] ⏱ PASO 4 (ordenar y escribir): 0.0s
[ACTUALIZAR PAGOS · AUTO] ================================================================================
[ACTUALIZAR PAGOS · AUTO] ✅ PROCESO COMPLETADO EXITOSAMENTE
[ACTUALIZAR PAGOS · AUTO] ================================================================================
[ACTUALIZAR PAGOS · AUTO] 📊 RESUMEN FINAL DEL PROCESAMIENTO:
[ACTUALIZAR PAGOS · AUTO]   ENTRADA:
[ACTUALIZAR PAGOS · AUTO]     • Pagos originales: 16972
[ACTUALIZAR PAGOS · AUTO]     • Multas SIGEMI cargadas: 103531
[ACTUALIZAR PAGOS · AUTO]     • Multas Juzgado cargadas: 40061
[ACTUALIZAR PAGOS · AUTO]     • Causas simplificadas (usadas para el cruce): 103202
[ACTUALIZAR PAGOS · AUTO]   PROCESO:
[ACTUALIZAR PAGOS · AUTO]     • Pagos rechazados sigemi: 14031
[ACTUALIZAR PAGOS · AUTO]     • Pagos rechazados juzgado: 2935
[ACTUALIZAR PAGOS · AUTO]   SALIDA:
[ACTUALIZAR PAGOS · AUTO]     • Pagos desactualizados procesados: 6
[ACTUALIZAR PAGOS · AUTO]     • Archivo final: backend/descargas/pagos/2026-07-24/PAGOS 20260724 103533.txt
[ACTUALIZAR PAGOS · AUTO]     • Ordenados por fecha: SÍ ✓
[ACTUALIZAR PAGOS · AUTO]     • Todos con ACTA_NUMERO: SÍ ✓
[ACTUALIZAR PAGOS · AUTO]     • Todos con CAUSA_NUMERO: SÍ ✓
[ACTUALIZAR PAGOS · AUTO] ✅ TXT de pagos (ya cruzado con actas y causas) generado en: backend/descargas/pagos/2026-07-24/PAGOS 20260724 103533.txt
[ACTUALIZAR PAGOS · AUTO] 🧹 TXT de pagos crudo eliminado (ya usado en el cruce): backend/descargas/pagos/2026-07-24/PAGOS DESCARGADOS.txt
[ACTUALIZAR PAGOS · AUTO] 🧹 Excel MULTAS_SIGEMI_CRUCE eliminado (ya usado en el cruce): backend/descargas/cache_actas_cruce/MULTAS_SIGEMI_CRUCE.xlsx
[ACTUALIZAR PAGOS · AUTO] 🧹 Excel MULTAS_JUZGADO_CRUCE eliminado (ya usado en el cruce): backend/descargas/cache_actas_cruce/MULTAS_JUZGADO_CRUCE.xlsx
[ACTUALIZAR PAGOS · AUTO] ✅ CompararActasPaso finalizado. (⏱ 53.0s)
[ACTUALIZAR PAGOS · AUTO] ✓ [CompararActasPaso] Completado.
[ACTUALIZAR PAGOS · AUTO] ▶ [CargarPagosPaso] Iniciando...
[ACTUALIZAR PAGOS · AUTO] ==================================================
[ACTUALIZAR PAGOS · AUTO] 🚀 PASO: CargarPagosPaso
[ACTUALIZAR PAGOS · AUTO] ==================================================
[ACTUALIZAR PAGOS · AUTO] 📤 Subiendo TXT de pagos al SEMyT...
[ACTUALIZAR PAGOS · AUTO] ✅ Importación de pagos completada con éxito.
[ACTUALIZAR PAGOS · AUTO] ✅ Archivo TXT de pagos cargado en el SEMyT correctamente.
[ACTUALIZAR PAGOS · AUTO] ✅ CargarPagosPaso finalizado. (⏱ 2.8s)
[ACTUALIZAR PAGOS · AUTO] ✓ [CargarPagosPaso] Completado.
[ACTUALIZAR PAGOS · AUTO] === Ejecución finalizada con éxito ===
🤖 [Automático] Es hora de actualizar pagos. Arrancando...
[ACTUALIZAR PAGOS · AUTO] === Inicio de ejecución: pagos ===
[ACTUALIZAR PAGOS · AUTO] ▶ [LoginSemytPaso] Iniciando...
[ACTUALIZAR PAGOS · AUTO] ==================================================
[ACTUALIZAR PAGOS · AUTO] 🚀 PASO: LoginSemytPaso
[ACTUALIZAR PAGOS · AUTO] ==================================================
[ACTUALIZAR PAGOS · AUTO] Abriendo SEMyT...
⏳ [Automático] Tocaba disparar 'pagos' pero ya hay una ejecución en curso (Actualizar pagos); esperando a que termine; se reintenta en breve sin perder el turno.
[ACTUALIZAR PAGOS · AUTO] ✅ [SEMyT] Sesión existente detectada. Login omitido.
[ACTUALIZAR PAGOS · AUTO] ✅ LoginSemytPaso finalizado. (⏱ 22.7s)
[ACTUALIZAR PAGOS · AUTO] ✓ [LoginSemytPaso] Completado.
[ACTUALIZAR PAGOS · AUTO] ▶ [LoginJuzgadoPaso] Iniciando...
[ACTUALIZAR PAGOS · AUTO] ==================================================
[ACTUALIZAR PAGOS · AUTO] 🚀 PASO: LoginJuzgadoPaso
[ACTUALIZAR PAGOS · AUTO] ==================================================
[ACTUALIZAR PAGOS · AUTO] Abriendo sitio municipalidad (CiDi)...
[ACTUALIZAR PAGOS · AUTO] ✅ [Juzgado] Sesión existente detectada. Login omitido.
[ACTUALIZAR PAGOS · AUTO] ✅ LoginJuzgadoPaso finalizado. (⏱ 1.5s)
[ACTUALIZAR PAGOS · AUTO] ✓ [LoginJuzgadoPaso] Completado.
[ACTUALIZAR PAGOS · AUTO] ▶ [DescargasParalelasPaso] Iniciando...
[ACTUALIZAR PAGOS · AUTO] ==================================================
[ACTUALIZAR PAGOS · AUTO] 🚀 PASO: DescargasParalelasPaso
[ACTUALIZAR PAGOS · AUTO] ==================================================
[ACTUALIZAR PAGOS · AUTO] 📤 Arrancando las 3 descargas en paralelo (mismo browser, páginas separadas)...
[ACTUALIZAR PAGOS · AUTO] Fecha Desde: 27/06/2024
[ACTUALIZAR PAGOS · AUTO] Fecha Hasta: 24/11/2025
[ACTUALIZAR PAGOS · AUTO] Fecha Desde: 25/11/2025
[ACTUALIZAR PAGOS · AUTO] Fecha Hasta: 24/07/2026
[ACTUALIZAR PAGOS · AUTO] Descargando Excel...
[ACTUALIZAR PAGOS · AUTO] Descargando Excel...
[ACTUALIZAR PAGOS · AUTO] ✅ TXT de pagos descargado en: backend/descargas/pagos/2026-07-24/PAGOS DESCARGADOS.txt
[ACTUALIZAR PAGOS · AUTO] ⏱ [pagos_txt] completado en 21.5s
[ACTUALIZAR PAGOS · AUTO] Archivo descargado en: backend/descargas/cache_actas_cruce/MULTAS_JUZGADO_CRUCE.xlsx
[ACTUALIZAR PAGOS · AUTO] ⏱ [actas_juzgado] completado en 36.2s
[ACTUALIZAR PAGOS · AUTO] Archivo descargado en: backend/descargas/cache_actas_cruce/MULTAS_SIGEMI_CRUCE.xlsx
[ACTUALIZAR PAGOS · AUTO] ⏱ [actas_sigemi] completado en 79.2s
[ACTUALIZAR PAGOS · AUTO] ⏱ TOTAL descargas en paralelo: 79.3s
[ACTUALIZAR PAGOS · AUTO] ✅ DescargasParalelasPaso finalizado. (⏱ 80.7s)
[ACTUALIZAR PAGOS · AUTO] ✓ [DescargasParalelasPaso] Completado.
[ACTUALIZAR PAGOS · AUTO] ▶ [CompararActasPaso] Iniciando...
[ACTUALIZAR PAGOS · AUTO] ==================================================
[ACTUALIZAR PAGOS · AUTO] 🚀 PASO: CompararActasPaso
[ACTUALIZAR PAGOS · AUTO] ==================================================
[ACTUALIZAR PAGOS · AUTO] 🔍 Comparando actas del SEMyT contra pagos del Juzgado...
[ACTUALIZAR PAGOS · AUTO] ================================================================================
[ACTUALIZAR PAGOS · AUTO] INICIANDO PROCESO DE GENERACIÓN DE PAGOS DESACTUALIZADOS
[ACTUALIZAR PAGOS · AUTO] ================================================================================
[ACTUALIZAR PAGOS · AUTO] 📂 Cargando archivos...
[ACTUALIZAR PAGOS · AUTO]   ✓ Pagos: 16982 registros
[ACTUALIZAR PAGOS · AUTO]   ✓ Excel SIGEMI (multas vencidas viejas): 103527 registros
[ACTUALIZAR PAGOS · AUTO]   ✓ Excel Juzgado (multas vencidas nuevas): 40059 registros
[ACTUALIZAR PAGOS · AUTO] ================================================================================
[ACTUALIZAR PAGOS · AUTO] PASO 1: LLENANDO ACTA_NUMERO (búsqueda por patente + fecha, con desempate por hora)
[ACTUALIZAR PAGOS · AUTO] ================================================================================
[ACTUALIZAR PAGOS · AUTO] 📊 ESTADÍSTICAS DE LLENADO DE ACTAS:
[ACTUALIZAR PAGOS · AUTO]   • Pagos con acta ORIGINAL: 2944
[ACTUALIZAR PAGOS · AUTO]   • Pagos SIN acta (buscados): 14038
[ACTUALIZAR PAGOS · AUTO]   • Pagos LLENADOS exitosamente: 1
[ACTUALIZAR PAGOS · AUTO]   • Pagos NO encontrados en multas: 14037
[ACTUALIZAR PAGOS · AUTO]   • Pagos SIN RESOLVER por desbalance de cantidades: 0
[ACTUALIZAR PAGOS · AUTO] ================================================================================
[ACTUALIZAR PAGOS · AUTO] PASO 1: LLENANDO ACTA_NUMERO (búsqueda por patente + fecha, con desempate por hora)
[ACTUALIZAR PAGOS · AUTO] ================================================================================
[ACTUALIZAR PAGOS · AUTO] 📊 ESTADÍSTICAS DE LLENADO DE ACTAS:
[ACTUALIZAR PAGOS · AUTO]   • Pagos con acta ORIGINAL: 2945
[ACTUALIZAR PAGOS · AUTO]   • Pagos SIN acta (buscados): 14037
[ACTUALIZAR PAGOS · AUTO]   • Pagos LLENADOS exitosamente: 0
[ACTUALIZAR PAGOS · AUTO]   • Pagos NO encontrados en multas: 14037
[ACTUALIZAR PAGOS · AUTO]   • Pagos SIN RESOLVER por desbalance de cantidades: 0
[ACTUALIZAR PAGOS · AUTO] ⏱ PASO 1 (llenar actas): 17.0s
[ACTUALIZAR PAGOS · AUTO] ================================================================================
[ACTUALIZAR PAGOS · AUTO] PASO 2: FILTRANDO PAGOS CON ACTA_NUMERO COMPLETO
[ACTUALIZAR PAGOS · AUTO] ================================================================================
[ACTUALIZAR PAGOS · AUTO] 📊 ESTADÍSTICAS DE FILTRADO:
[ACTUALIZAR PAGOS · AUTO]   • Pagos TOTALES al inicio: 16982
[ACTUALIZAR PAGOS · AUTO]   • Pagos CON acta (MANTIENEN): 2945
[ACTUALIZAR PAGOS · AUTO]   • Pagos RECHAZADOS (sin coincidencias): 14037
[ACTUALIZAR PAGOS · AUTO] ⚠️  Se eliminaron 14037 registros sin número de acta
[ACTUALIZAR PAGOS · AUTO]      (recordá: esto incluye tanto pagos ya actualizados/pagados
[ACTUALIZAR PAGOS · AUTO]       como pagos que quedaron sin resolver por desbalance en el Paso 1)
[ACTUALIZAR PAGOS · AUTO] ================================================================================
[ACTUALIZAR PAGOS · AUTO] PASO 2-bis: CONFIRMANDO VIGENCIA DE PAGOS DEL SISTEMA NUEVO (contra MULTAS_JUZGADO_CRUCE)
[ACTUALIZAR PAGOS · AUTO] ================================================================================
[ACTUALIZAR PAGOS · AUTO]   ⚠ 2938 pago(s) del sistema nuevo descartados: su acta ya no figura como vencida en MULTAS_JUZGADO_CRUCE (SEMyT ya los actualizó).
[ACTUALIZAR PAGOS · AUTO]   • Pagos del sistema nuevo descartados por ya estar actualizados: 2938
[ACTUALIZAR PAGOS · AUTO] ⏱ PASO 2 (filtrar): 1.2s
[ACTUALIZAR PAGOS · AUTO] 📂 Cargando maestro de causas SIGEMI...
[ACTUALIZAR PAGOS · AUTO]   ✓ Causas totales (maestro): 134069 registros
[ACTUALIZAR PAGOS · AUTO] ⏱ PASO 2.5 (causas simplificado): 0.2s
[ACTUALIZAR PAGOS · AUTO] ================================================================================
[ACTUALIZAR PAGOS · AUTO] PASO 2.5: ARMANDO causas.txt SIMPLIFICADO (cruce contra total_causas_sigemi.txt)
[ACTUALIZAR PAGOS · AUTO] ================================================================================
[ACTUALIZAR PAGOS · AUTO]   • Actas vencidas viejas (multas): 103527
[ACTUALIZAR PAGOS · AUTO]   • Causas totales en el maestro SIGEMI: 134069
[ACTUALIZAR PAGOS · AUTO]   • Causas que coinciden (simplificado): 103198
[ACTUALIZAR PAGOS · AUTO]   ✅ Archivo escrito: backend/descargas/causas/causas.txt
[ACTUALIZAR PAGOS · AUTO] ⏱ PASO 2.5 (causas simplificado): 2.9s
[ACTUALIZAR PAGOS · AUTO] ================================================================================
[ACTUALIZAR PAGOS · AUTO] PASO 3: LLENANDO CAUSA_NUMERO (según fecha de cambio de sistema, cruzando por acta + año)
[ACTUALIZAR PAGOS · AUTO] ================================================================================
[ACTUALIZAR PAGOS · AUTO] 📊 ESTADÍSTICAS DE LLENADO DE CAUSAS:
[ACTUALIZAR PAGOS · AUTO]   • Pagos con causa ORIGINAL: 6
[ACTUALIZAR PAGOS · AUTO]   • Causas encontradas en SIGEMI (actas viejas): 1
[ACTUALIZAR PAGOS · AUTO]   • Causas NO encontradas en SIGEMI: 0
[ACTUALIZAR PAGOS · AUTO]   • Causas asignadas automáticamente (actas nuevas): 0
[ACTUALIZAR PAGOS · AUTO] ⏱ PASO 3 (llenar causas): 0.0s
[ACTUALIZAR PAGOS · AUTO] ================================================================================
[ACTUALIZAR PAGOS · AUTO] PASO 4: ORDENANDO POR FECHA Y ACTA_NUMERO
[ACTUALIZAR PAGOS · AUTO] ================================================================================
[ACTUALIZAR PAGOS · AUTO] ✓ Pagos ordenados correctamente
[ACTUALIZAR PAGOS · AUTO]   • Primera entrada: Acta=173779, Fecha=07/07/2025
[ACTUALIZAR PAGOS · AUTO]   • Última entrada: Acta=293026, Fecha=10/04/2026
[ACTUALIZAR PAGOS · AUTO] 📝 Escribiendo archivo de salida...
[ACTUALIZAR PAGOS · AUTO]   ✅ Archivo escrito: backend/descargas/pagos/2026-07-24/PAGOS 20260724 104823.txt
[ACTUALIZAR PAGOS · AUTO]   ✅ Total registros: 882
[ACTUALIZAR PAGOS · AUTO] ⏱ PASO 4 (ordenar y escribir): 0.0s
[ACTUALIZAR PAGOS · AUTO] ================================================================================
[ACTUALIZAR PAGOS · AUTO] ✅ PROCESO COMPLETADO EXITOSAMENTE
[ACTUALIZAR PAGOS · AUTO] ================================================================================
[ACTUALIZAR PAGOS · AUTO] 📊 RESUMEN FINAL DEL PROCESAMIENTO:
[ACTUALIZAR PAGOS · AUTO]   ENTRADA:
[ACTUALIZAR PAGOS · AUTO]     • Pagos originales: 16982
[ACTUALIZAR PAGOS · AUTO]     • Multas SIGEMI cargadas: 103527
[ACTUALIZAR PAGOS · AUTO]     • Multas Juzgado cargadas: 40059
[ACTUALIZAR PAGOS · AUTO]     • Causas simplificadas (usadas para el cruce): 103198
[ACTUALIZAR PAGOS · AUTO]   PROCESO:
[ACTUALIZAR PAGOS · AUTO]     • Pagos rechazados sigemi: 14037
[ACTUALIZAR PAGOS · AUTO]     • Pagos rechazados juzgado: 2938
[ACTUALIZAR PAGOS · AUTO]   SALIDA:
[ACTUALIZAR PAGOS · AUTO]     • Pagos desactualizados procesados: 7
[ACTUALIZAR PAGOS · AUTO]     • Archivo final: backend/descargas/pagos/2026-07-24/PAGOS 20260724 104823.txt
[ACTUALIZAR PAGOS · AUTO]     • Ordenados por fecha: SÍ ✓
[ACTUALIZAR PAGOS · AUTO]     • Todos con ACTA_NUMERO: SÍ ✓
[ACTUALIZAR PAGOS · AUTO]     • Todos con CAUSA_NUMERO: SÍ ✓
[ACTUALIZAR PAGOS · AUTO] ✅ TXT de pagos (ya cruzado con actas y causas) generado en: backend/descargas/pagos/2026-07-24/PAGOS 20260724 104823.txt
[ACTUALIZAR PAGOS · AUTO] 🧹 TXT de pagos crudo eliminado (ya usado en el cruce): backend/descargas/pagos/2026-07-24/PAGOS DESCARGADOS.txt
[ACTUALIZAR PAGOS · AUTO] 🧹 Excel MULTAS_SIGEMI_CRUCE eliminado (ya usado en el cruce): backend/descargas/cache_actas_cruce/MULTAS_SIGEMI_CRUCE.xlsx
[ACTUALIZAR PAGOS · AUTO] 🧹 Excel MULTAS_JUZGADO_CRUCE eliminado (ya usado en el cruce): backend/descargas/cache_actas_cruce/MULTAS_JUZGADO_CRUCE.xlsx
[ACTUALIZAR PAGOS · AUTO] ✅ CompararActasPaso finalizado. (⏱ 51.6s)
[ACTUALIZAR PAGOS · AUTO] ✓ [CompararActasPaso] Completado.
[ACTUALIZAR PAGOS · AUTO] ▶ [CargarPagosPaso] Iniciando...
[ACTUALIZAR PAGOS · AUTO] ==================================================
[ACTUALIZAR PAGOS · AUTO] 🚀 PASO: CargarPagosPaso
[ACTUALIZAR PAGOS · AUTO] ==================================================
[ACTUALIZAR PAGOS · AUTO] 📤 Subiendo TXT de pagos al SEMyT...
[ACTUALIZAR PAGOS · AUTO] ✅ Importación de pagos completada con éxito.
[ACTUALIZAR PAGOS · AUTO] ✅ Archivo TXT de pagos cargado en el SEMyT correctamente.
[ACTUALIZAR PAGOS · AUTO] ✅ CargarPagosPaso finalizado. (⏱ 2.7s)
[ACTUALIZAR PAGOS · AUTO] ✓ [CargarPagosPaso] Completado.
[ACTUALIZAR PAGOS · AUTO] === Ejecución finalizada con éxito ===
🤖 [Automático] Es hora de actualizar pagos. Arrancando...
[ACTUALIZAR PAGOS · AUTO] === Inicio de ejecución: pagos ===
[ACTUALIZAR PAGOS · AUTO] ▶ [LoginSemytPaso] Iniciando...
[ACTUALIZAR PAGOS · AUTO] ==================================================
[ACTUALIZAR PAGOS · AUTO] 🚀 PASO: LoginSemytPaso
[ACTUALIZAR PAGOS · AUTO] ==================================================
[ACTUALIZAR PAGOS · AUTO] Abriendo SEMyT...
⏳ [Automático] Tocaba disparar 'pagos' pero ya hay una ejecución en curso (Actualizar pagos); esperando a que termine; se reintenta en breve sin perder el turno.
[ACTUALIZAR PAGOS · AUTO] ✅ [SEMyT] Sesión existente detectada. Login omitido.
[ACTUALIZAR PAGOS · AUTO] ✅ LoginSemytPaso finalizado. (⏱ 38.1s)
[ACTUALIZAR PAGOS · AUTO] ✓ [LoginSemytPaso] Completado.
[ACTUALIZAR PAGOS · AUTO] ▶ [LoginJuzgadoPaso] Iniciando...
[ACTUALIZAR PAGOS · AUTO] ==================================================
[ACTUALIZAR PAGOS · AUTO] 🚀 PASO: LoginJuzgadoPaso
[ACTUALIZAR PAGOS · AUTO] ==================================================
[ACTUALIZAR PAGOS · AUTO] Abriendo sitio municipalidad (CiDi)...
[ACTUALIZAR PAGOS · AUTO] ✅ [Juzgado] Sesión existente detectada. Login omitido.
[ACTUALIZAR PAGOS · AUTO] ✅ LoginJuzgadoPaso finalizado. (⏱ 1.9s)
[ACTUALIZAR PAGOS · AUTO] ✓ [LoginJuzgadoPaso] Completado.
[ACTUALIZAR PAGOS · AUTO] ▶ [DescargasParalelasPaso] Iniciando...
[ACTUALIZAR PAGOS · AUTO] ==================================================
[ACTUALIZAR PAGOS · AUTO] 🚀 PASO: DescargasParalelasPaso
[ACTUALIZAR PAGOS · AUTO] ==================================================
[ACTUALIZAR PAGOS · AUTO] 📤 Arrancando las 3 descargas en paralelo (mismo browser, páginas separadas)...
[ACTUALIZAR PAGOS · AUTO] Fecha Desde: 27/06/2024
[ACTUALIZAR PAGOS · AUTO] Fecha Hasta: 24/11/2025
[ACTUALIZAR PAGOS · AUTO] Fecha Desde: 25/11/2025
[ACTUALIZAR PAGOS · AUTO] Fecha Hasta: 24/07/2026
[ACTUALIZAR PAGOS · AUTO] Descargando Excel...
[ACTUALIZAR PAGOS · AUTO] Descargando Excel...
[ACTUALIZAR PAGOS · AUTO] ✅ TXT de pagos descargado en: backend/descargas/pagos/2026-07-24/PAGOS DESCARGADOS.txt
[ACTUALIZAR PAGOS · AUTO] ⏱ [pagos_txt] completado en 38.0s
[ACTUALIZAR PAGOS · AUTO] Archivo descargado en: backend/descargas/cache_actas_cruce/MULTAS_JUZGADO_CRUCE.xlsx
[ACTUALIZAR PAGOS · AUTO] ⏱ [actas_juzgado] completado en 56.4s
[ACTUALIZAR PAGOS · AUTO] Archivo descargado en: backend/descargas/cache_actas_cruce/MULTAS_SIGEMI_CRUCE.xlsx
[ACTUALIZAR PAGOS · AUTO] ⏱ [actas_sigemi] completado en 92.1s
[ACTUALIZAR PAGOS · AUTO] ⏱ TOTAL descargas en paralelo: 92.1s
[ACTUALIZAR PAGOS · AUTO] ✅ DescargasParalelasPaso finalizado. (⏱ 93.6s)
[ACTUALIZAR PAGOS · AUTO] ✓ [DescargasParalelasPaso] Completado.
[ACTUALIZAR PAGOS · AUTO] ▶ [CompararActasPaso] Iniciando...
[ACTUALIZAR PAGOS · AUTO] ==================================================
[ACTUALIZAR PAGOS · AUTO] 🚀 PASO: CompararActasPaso
[ACTUALIZAR PAGOS · AUTO] ==================================================
[ACTUALIZAR PAGOS · AUTO] 🔍 Comparando actas del SEMyT contra pagos del Juzgado...
[ACTUALIZAR PAGOS · AUTO] ================================================================================
[ACTUALIZAR PAGOS · AUTO] INICIANDO PROCESO DE GENERACIÓN DE PAGOS DESACTUALIZADOS
[ACTUALIZAR PAGOS · AUTO] ================================================================================
[ACTUALIZAR PAGOS · AUTO] 📂 Cargando archivos...
[ACTUALIZAR PAGOS · AUTO]   ✓ Pagos: 17014 registros
[ACTUALIZAR PAGOS · AUTO]   ✓ Excel SIGEMI (multas vencidas viejas): 103526 registros
[ACTUALIZAR PAGOS · AUTO]   ✓ Excel Juzgado (multas vencidas nuevas): 40053 registros
[ACTUALIZAR PAGOS · AUTO] ================================================================================
[ACTUALIZAR PAGOS · AUTO] PASO 1: LLENANDO ACTA_NUMERO (búsqueda por patente + fecha, con desempate por hora)
[ACTUALIZAR PAGOS · AUTO] ================================================================================
[ACTUALIZAR PAGOS · AUTO] 📊 ESTADÍSTICAS DE LLENADO DE ACTAS:
[ACTUALIZAR PAGOS · AUTO]   • Pagos con acta ORIGINAL: 2954
[ACTUALIZAR PAGOS · AUTO]   • Pagos SIN acta (buscados): 14060
[ACTUALIZAR PAGOS · AUTO]   • Pagos LLENADOS exitosamente: 22
[ACTUALIZAR PAGOS · AUTO]   • Pagos NO encontrados en multas: 14038
[ACTUALIZAR PAGOS · AUTO]   • Pagos SIN RESOLVER por desbalance de cantidades: 0
[ACTUALIZAR PAGOS · AUTO] ================================================================================
[ACTUALIZAR PAGOS · AUTO] PASO 1: LLENANDO ACTA_NUMERO (búsqueda por patente + fecha, con desempate por hora)
[ACTUALIZAR PAGOS · AUTO] ================================================================================
[ACTUALIZAR PAGOS · AUTO] 📊 ESTADÍSTICAS DE LLENADO DE ACTAS:
[ACTUALIZAR PAGOS · AUTO]   • Pagos con acta ORIGINAL: 2976
[ACTUALIZAR PAGOS · AUTO]   • Pagos SIN acta (buscados): 14038
[ACTUALIZAR PAGOS · AUTO]   • Pagos LLENADOS exitosamente: 0
[ACTUALIZAR PAGOS · AUTO]   • Pagos NO encontrados en multas: 14038
[ACTUALIZAR PAGOS · AUTO]   • Pagos SIN RESOLVER por desbalance de cantidades: 0
[ACTUALIZAR PAGOS · AUTO] ⏱ PASO 1 (llenar actas): 16.7s
[ACTUALIZAR PAGOS · AUTO] ================================================================================
[ACTUALIZAR PAGOS · AUTO] PASO 2: FILTRANDO PAGOS CON ACTA_NUMERO COMPLETO
[ACTUALIZAR PAGOS · AUTO] ================================================================================
[ACTUALIZAR PAGOS · AUTO] 📊 ESTADÍSTICAS DE FILTRADO:
[ACTUALIZAR PAGOS · AUTO]   • Pagos TOTALES al inicio: 17014
[ACTUALIZAR PAGOS · AUTO]   • Pagos CON acta (MANTIENEN): 2976
[ACTUALIZAR PAGOS · AUTO]   • Pagos RECHAZADOS (sin coincidencias): 14038
[ACTUALIZAR PAGOS · AUTO] ⚠️  Se eliminaron 14038 registros sin número de acta
[ACTUALIZAR PAGOS · AUTO]      (recordá: esto incluye tanto pagos ya actualizados/pagados
[ACTUALIZAR PAGOS · AUTO]       como pagos que quedaron sin resolver por desbalance en el Paso 1)
[ACTUALIZAR PAGOS · AUTO] ================================================================================
[ACTUALIZAR PAGOS · AUTO] PASO 2-bis: CONFIRMANDO VIGENCIA DE PAGOS DEL SISTEMA NUEVO (contra MULTAS_JUZGADO_CRUCE)
[ACTUALIZAR PAGOS · AUTO] ================================================================================
[ACTUALIZAR PAGOS · AUTO]   ⚠ 2944 pago(s) del sistema nuevo descartados: su acta ya no figura como vencida en MULTAS_JUZGADO_CRUCE (SEMyT ya los actualizó).
[ACTUALIZAR PAGOS · AUTO]   • Pagos del sistema nuevo descartados por ya estar actualizados: 2944
[ACTUALIZAR PAGOS · AUTO] ⏱ PASO 2 (filtrar): 1.1s
[ACTUALIZAR PAGOS · AUTO] 📂 Cargando maestro de causas SIGEMI...
[ACTUALIZAR PAGOS · AUTO]   ✓ Causas totales (maestro): 134069 registros
[ACTUALIZAR PAGOS · AUTO] ⏱ PASO 2.5 (causas simplificado): 0.1s
[ACTUALIZAR PAGOS · AUTO] ================================================================================
[ACTUALIZAR PAGOS · AUTO] PASO 2.5: ARMANDO causas.txt SIMPLIFICADO (cruce contra total_causas_sigemi.txt)
[ACTUALIZAR PAGOS · AUTO] ================================================================================
[ACTUALIZAR PAGOS · AUTO]   • Actas vencidas viejas (multas): 103526
[ACTUALIZAR PAGOS · AUTO]   • Causas totales en el maestro SIGEMI: 134069
[ACTUALIZAR PAGOS · AUTO]   • Causas que coinciden (simplificado): 103197
[ACTUALIZAR PAGOS · AUTO]   ✅ Archivo escrito: backend/descargas/causas/causas.txt
[ACTUALIZAR PAGOS · AUTO] ⏱ PASO 2.5 (causas simplificado): 2.3s
[ACTUALIZAR PAGOS · AUTO] ================================================================================
[ACTUALIZAR PAGOS · AUTO] PASO 3: LLENANDO CAUSA_NUMERO (según fecha de cambio de sistema, cruzando por acta + año)
[ACTUALIZAR PAGOS · AUTO] ================================================================================
[ACTUALIZAR PAGOS · AUTO] 📊 ESTADÍSTICAS DE LLENADO DE CAUSAS:
[ACTUALIZAR PAGOS · AUTO]   • Pagos con causa ORIGINAL: 10
[ACTUALIZAR PAGOS · AUTO]   • Causas encontradas en SIGEMI (actas viejas): 22
[ACTUALIZAR PAGOS · AUTO]   • Causas NO encontradas en SIGEMI: 0
[ACTUALIZAR PAGOS · AUTO]   • Causas asignadas automáticamente (actas nuevas): 0
[ACTUALIZAR PAGOS · AUTO] ⏱ PASO 3 (llenar causas): 0.0s
[ACTUALIZAR PAGOS · AUTO] ================================================================================
[ACTUALIZAR PAGOS · AUTO] PASO 4: ORDENANDO POR FECHA Y ACTA_NUMERO
[ACTUALIZAR PAGOS · AUTO] ================================================================================
[ACTUALIZAR PAGOS · AUTO] ✓ Pagos ordenados correctamente
[ACTUALIZAR PAGOS · AUTO]   • Primera entrada: Acta=1392, Fecha=28/06/2024
[ACTUALIZAR PAGOS · AUTO]   • Última entrada: Acta=312642, Fecha=13/05/2026
[ACTUALIZAR PAGOS · AUTO] 📝 Escribiendo archivo de salida...
[ACTUALIZAR PAGOS · AUTO]   ✅ Archivo escrito: backend/descargas/pagos/2026-07-24/PAGOS 20260724 110139.txt
[ACTUALIZAR PAGOS · AUTO]   ✅ Total registros: 3541
[ACTUALIZAR PAGOS · AUTO] ⏱ PASO 4 (ordenar y escribir): 0.0s
[ACTUALIZAR PAGOS · AUTO] ================================================================================
[ACTUALIZAR PAGOS · AUTO] ✅ PROCESO COMPLETADO EXITOSAMENTE
[ACTUALIZAR PAGOS · AUTO] ================================================================================
[ACTUALIZAR PAGOS · AUTO] 📊 RESUMEN FINAL DEL PROCESAMIENTO:
[ACTUALIZAR PAGOS · AUTO]   ENTRADA:
[ACTUALIZAR PAGOS · AUTO]     • Pagos originales: 17014
[ACTUALIZAR PAGOS · AUTO]     • Multas SIGEMI cargadas: 103526
[ACTUALIZAR PAGOS · AUTO]     • Multas Juzgado cargadas: 40053
[ACTUALIZAR PAGOS · AUTO]     • Causas simplificadas (usadas para el cruce): 103197
[ACTUALIZAR PAGOS · AUTO]   PROCESO:
[ACTUALIZAR PAGOS · AUTO]     • Pagos rechazados sigemi: 14038
[ACTUALIZAR PAGOS · AUTO]     • Pagos rechazados juzgado: 2944
[ACTUALIZAR PAGOS · AUTO]   SALIDA:
[ACTUALIZAR PAGOS · AUTO]     • Pagos desactualizados procesados: 32
[ACTUALIZAR PAGOS · AUTO]     • Archivo final: backend/descargas/pagos/2026-07-24/PAGOS 20260724 110139.txt
[ACTUALIZAR PAGOS · AUTO]     • Ordenados por fecha: SÍ ✓
[ACTUALIZAR PAGOS · AUTO]     • Todos con ACTA_NUMERO: SÍ ✓
[ACTUALIZAR PAGOS · AUTO]     • Todos con CAUSA_NUMERO: SÍ ✓
[ACTUALIZAR PAGOS · AUTO] ✅ TXT de pagos (ya cruzado con actas y causas) generado en: backend/descargas/pagos/2026-07-24/PAGOS 20260724 110139.txt
[ACTUALIZAR PAGOS · AUTO] 🧹 TXT de pagos crudo eliminado (ya usado en el cruce): backend/descargas/pagos/2026-07-24/PAGOS DESCARGADOS.txt
[ACTUALIZAR PAGOS · AUTO] 🧹 Excel MULTAS_SIGEMI_CRUCE eliminado (ya usado en el cruce): backend/descargas/cache_actas_cruce/MULTAS_SIGEMI_CRUCE.xlsx
[ACTUALIZAR PAGOS · AUTO] 🧹 Excel MULTAS_JUZGADO_CRUCE eliminado (ya usado en el cruce): backend/descargas/cache_actas_cruce/MULTAS_JUZGADO_CRUCE.xlsx
[ACTUALIZAR PAGOS · AUTO] ✅ CompararActasPaso finalizado. (⏱ 47.1s)
[ACTUALIZAR PAGOS · AUTO] ✓ [CompararActasPaso] Completado.
[ACTUALIZAR PAGOS · AUTO] ▶ [CargarPagosPaso] Iniciando...
[ACTUALIZAR PAGOS · AUTO] ==================================================
[ACTUALIZAR PAGOS · AUTO] 🚀 PASO: CargarPagosPaso
[ACTUALIZAR PAGOS · AUTO] ==================================================
[ACTUALIZAR PAGOS · AUTO] 📤 Subiendo TXT de pagos al SEMyT...
[ACTUALIZAR PAGOS · AUTO] ✅ Importación de pagos completada con éxito.
[ACTUALIZAR PAGOS · AUTO] ✅ Archivo TXT de pagos cargado en el SEMyT correctamente.
[ACTUALIZAR PAGOS · AUTO] ✅ CargarPagosPaso finalizado. (⏱ 3.1s)
[ACTUALIZAR PAGOS · AUTO] ✓ [CargarPagosPaso] Completado.
[ACTUALIZAR PAGOS · AUTO] === Ejecución finalizada con éxito ===
🤖 [Automático] Es hora de actualizar pagos. Arrancando...
[ACTUALIZAR PAGOS · AUTO] === Inicio de ejecución: pagos ===
[ACTUALIZAR PAGOS · AUTO] ▶ [LoginSemytPaso] Iniciando...
[ACTUALIZAR PAGOS · AUTO] ==================================================
[ACTUALIZAR PAGOS · AUTO] 🚀 PASO: LoginSemytPaso
[ACTUALIZAR PAGOS · AUTO] ==================================================
[ACTUALIZAR PAGOS · AUTO] Abriendo SEMyT...
⏳ [Automático] Tocaba disparar 'pagos' pero ya hay una ejecución en curso (Actualizar pagos); esperando a que termine; se reintenta en breve sin perder el turno.
[ACTUALIZAR PAGOS · AUTO] ✅ [SEMyT] Sesión existente detectada. Login omitido.
[ACTUALIZAR PAGOS · AUTO] ✅ LoginSemytPaso finalizado. (⏱ 27.1s)
[ACTUALIZAR PAGOS · AUTO] ✓ [LoginSemytPaso] Completado.
[ACTUALIZAR PAGOS · AUTO] ▶ [LoginJuzgadoPaso] Iniciando...
[ACTUALIZAR PAGOS · AUTO] ==================================================
[ACTUALIZAR PAGOS · AUTO] 🚀 PASO: LoginJuzgadoPaso
[ACTUALIZAR PAGOS · AUTO] ==================================================
[ACTUALIZAR PAGOS · AUTO] Abriendo sitio municipalidad (CiDi)...
[ACTUALIZAR PAGOS · AUTO] ✅ [Juzgado] Sesión existente detectada. Login omitido.
[ACTUALIZAR PAGOS · AUTO] ✅ LoginJuzgadoPaso finalizado. (⏱ 1.4s)
[ACTUALIZAR PAGOS · AUTO] ✓ [LoginJuzgadoPaso] Completado.
[ACTUALIZAR PAGOS · AUTO] ▶ [DescargasParalelasPaso] Iniciando...
[ACTUALIZAR PAGOS · AUTO] ==================================================
[ACTUALIZAR PAGOS · AUTO] 🚀 PASO: DescargasParalelasPaso
[ACTUALIZAR PAGOS · AUTO] ==================================================
[ACTUALIZAR PAGOS · AUTO] 📤 Arrancando las 3 descargas en paralelo (mismo browser, páginas separadas)...
[ACTUALIZAR PAGOS · AUTO] Fecha Desde: 27/06/2024
[ACTUALIZAR PAGOS · AUTO] Fecha Hasta: 24/11/2025
[ACTUALIZAR PAGOS · AUTO] Fecha Desde: 25/11/2025
[ACTUALIZAR PAGOS · AUTO] Fecha Hasta: 24/07/2026
[ACTUALIZAR PAGOS · AUTO] Descargando Excel...
[ACTUALIZAR PAGOS · AUTO] Descargando Excel...
[ACTUALIZAR PAGOS · AUTO] ✅ TXT de pagos descargado en: backend/descargas/pagos/2026-07-24/PAGOS DESCARGADOS.txt
[ACTUALIZAR PAGOS · AUTO] ⏱ [pagos_txt] completado en 23.2s
[ACTUALIZAR PAGOS · AUTO] Archivo descargado en: backend/descargas/cache_actas_cruce/MULTAS_JUZGADO_CRUCE.xlsx
[ACTUALIZAR PAGOS · AUTO] ⏱ [actas_juzgado] completado en 32.0s
[ACTUALIZAR PAGOS · AUTO] Archivo descargado en: backend/descargas/cache_actas_cruce/MULTAS_SIGEMI_CRUCE.xlsx
[ACTUALIZAR PAGOS · AUTO] ⏱ [actas_sigemi] completado en 76.8s
[ACTUALIZAR PAGOS · AUTO] ⏱ TOTAL descargas en paralelo: 76.8s
[ACTUALIZAR PAGOS · AUTO] ✅ DescargasParalelasPaso finalizado. (⏱ 78.3s)
[ACTUALIZAR PAGOS · AUTO] ✓ [DescargasParalelasPaso] Completado.
[ACTUALIZAR PAGOS · AUTO] ▶ [CompararActasPaso] Iniciando...
[ACTUALIZAR PAGOS · AUTO] ==================================================
[ACTUALIZAR PAGOS · AUTO] 🚀 PASO: CompararActasPaso
[ACTUALIZAR PAGOS · AUTO] ==================================================
[ACTUALIZAR PAGOS · AUTO] 🔍 Comparando actas del SEMyT contra pagos del Juzgado...
[ACTUALIZAR PAGOS · AUTO] ================================================================================
[ACTUALIZAR PAGOS · AUTO] INICIANDO PROCESO DE GENERACIÓN DE PAGOS DESACTUALIZADOS
[ACTUALIZAR PAGOS · AUTO] ================================================================================
[ACTUALIZAR PAGOS · AUTO] 📂 Cargando archivos...
[ACTUALIZAR PAGOS · AUTO]   ✓ Pagos: 17028 registros
[ACTUALIZAR PAGOS · AUTO]   ✓ Excel SIGEMI (multas vencidas viejas): 103504 registros
[ACTUALIZAR PAGOS · AUTO]   ✓ Excel Juzgado (multas vencidas nuevas): 40043 registros
[ACTUALIZAR PAGOS · AUTO] ================================================================================
[ACTUALIZAR PAGOS · AUTO] PASO 1: LLENANDO ACTA_NUMERO (búsqueda por patente + fecha, con desempate por hora)
[ACTUALIZAR PAGOS · AUTO] ================================================================================
[ACTUALIZAR PAGOS · AUTO] 📊 ESTADÍSTICAS DE LLENADO DE ACTAS:
[ACTUALIZAR PAGOS · AUTO]   • Pagos con acta ORIGINAL: 2957
[ACTUALIZAR PAGOS · AUTO]   • Pagos SIN acta (buscados): 14071
[ACTUALIZAR PAGOS · AUTO]   • Pagos LLENADOS exitosamente: 11
[ACTUALIZAR PAGOS · AUTO]   • Pagos NO encontrados en multas: 14060
[ACTUALIZAR PAGOS · AUTO]   • Pagos SIN RESOLVER por desbalance de cantidades: 0
[ACTUALIZAR PAGOS · AUTO] ================================================================================
[ACTUALIZAR PAGOS · AUTO] PASO 1: LLENANDO ACTA_NUMERO (búsqueda por patente + fecha, con desempate por hora)
[ACTUALIZAR PAGOS · AUTO] ================================================================================
[ACTUALIZAR PAGOS · AUTO] 📊 ESTADÍSTICAS DE LLENADO DE ACTAS:
[ACTUALIZAR PAGOS · AUTO]   • Pagos con acta ORIGINAL: 2968
[ACTUALIZAR PAGOS · AUTO]   • Pagos SIN acta (buscados): 14060
[ACTUALIZAR PAGOS · AUTO]   • Pagos LLENADOS exitosamente: 0
[ACTUALIZAR PAGOS · AUTO]   • Pagos NO encontrados en multas: 14060
[ACTUALIZAR PAGOS · AUTO]   • Pagos SIN RESOLVER por desbalance de cantidades: 0
[ACTUALIZAR PAGOS · AUTO] ⏱ PASO 1 (llenar actas): 20.0s
[ACTUALIZAR PAGOS · AUTO] ================================================================================
[ACTUALIZAR PAGOS · AUTO] PASO 2: FILTRANDO PAGOS CON ACTA_NUMERO COMPLETO
[ACTUALIZAR PAGOS · AUTO] ================================================================================
[ACTUALIZAR PAGOS · AUTO] 📊 ESTADÍSTICAS DE FILTRADO:
[ACTUALIZAR PAGOS · AUTO]   • Pagos TOTALES al inicio: 17028
[ACTUALIZAR PAGOS · AUTO]   • Pagos CON acta (MANTIENEN): 2968
[ACTUALIZAR PAGOS · AUTO]   • Pagos RECHAZADOS (sin coincidencias): 14060
[ACTUALIZAR PAGOS · AUTO] ⚠️  Se eliminaron 14060 registros sin número de acta
[ACTUALIZAR PAGOS · AUTO]      (recordá: esto incluye tanto pagos ya actualizados/pagados
[ACTUALIZAR PAGOS · AUTO]       como pagos que quedaron sin resolver por desbalance en el Paso 1)
[ACTUALIZAR PAGOS · AUTO] ================================================================================
[ACTUALIZAR PAGOS · AUTO] PASO 2-bis: CONFIRMANDO VIGENCIA DE PAGOS DEL SISTEMA NUEVO (contra MULTAS_JUZGADO_CRUCE)
[ACTUALIZAR PAGOS · AUTO] ================================================================================
[ACTUALIZAR PAGOS · AUTO]   ⚠ 2954 pago(s) del sistema nuevo descartados: su acta ya no figura como vencida en MULTAS_JUZGADO_CRUCE (SEMyT ya los actualizó).
[ACTUALIZAR PAGOS · AUTO]   • Pagos del sistema nuevo descartados por ya estar actualizados: 2954
[ACTUALIZAR PAGOS · AUTO] ⏱ PASO 2 (filtrar): 1.4s
[ACTUALIZAR PAGOS · AUTO] 📂 Cargando maestro de causas SIGEMI...
[ACTUALIZAR PAGOS · AUTO]   ✓ Causas totales (maestro): 134069 registros
[ACTUALIZAR PAGOS · AUTO] ⏱ PASO 2.5 (causas simplificado): 0.2s
[ACTUALIZAR PAGOS · AUTO] ================================================================================
[ACTUALIZAR PAGOS · AUTO] PASO 2.5: ARMANDO causas.txt SIMPLIFICADO (cruce contra total_causas_sigemi.txt)
[ACTUALIZAR PAGOS · AUTO] ================================================================================
[ACTUALIZAR PAGOS · AUTO]   • Actas vencidas viejas (multas): 103504
[ACTUALIZAR PAGOS · AUTO]   • Causas totales en el maestro SIGEMI: 134069
[ACTUALIZAR PAGOS · AUTO]   • Causas que coinciden (simplificado): 103175
[ACTUALIZAR PAGOS · AUTO]   ✅ Archivo escrito: backend/descargas/causas/causas.txt
[ACTUALIZAR PAGOS · AUTO] ⏱ PASO 2.5 (causas simplificado): 2.5s
[ACTUALIZAR PAGOS · AUTO] ================================================================================
[ACTUALIZAR PAGOS · AUTO] PASO 3: LLENANDO CAUSA_NUMERO (según fecha de cambio de sistema, cruzando por acta + año)
[ACTUALIZAR PAGOS · AUTO] ================================================================================
[ACTUALIZAR PAGOS · AUTO] 📊 ESTADÍSTICAS DE LLENADO DE CAUSAS:
[ACTUALIZAR PAGOS · AUTO]   • Pagos con causa ORIGINAL: 3
[ACTUALIZAR PAGOS · AUTO]   • Causas encontradas en SIGEMI (actas viejas): 11
[ACTUALIZAR PAGOS · AUTO]   • Causas NO encontradas en SIGEMI: 0
[ACTUALIZAR PAGOS · AUTO]   • Causas asignadas automáticamente (actas nuevas): 0
[ACTUALIZAR PAGOS · AUTO] ⏱ PASO 3 (llenar causas): 0.0s
[ACTUALIZAR PAGOS · AUTO] ================================================================================
[ACTUALIZAR PAGOS · AUTO] PASO 4: ORDENANDO POR FECHA Y ACTA_NUMERO
[ACTUALIZAR PAGOS · AUTO] ================================================================================
[ACTUALIZAR PAGOS · AUTO] ✓ Pagos ordenados correctamente
[ACTUALIZAR PAGOS · AUTO]   • Primera entrada: Acta=100131, Fecha=13/01/2025
[ACTUALIZAR PAGOS · AUTO]   • Última entrada: Acta=277942, Fecha=11/03/2026
[ACTUALIZAR PAGOS · AUTO] 📝 Escribiendo archivo de salida...
[ACTUALIZAR PAGOS · AUTO]   ✅ Archivo escrito: backend/descargas/pagos/2026-07-24/PAGOS 20260724 111431.txt
[ACTUALIZAR PAGOS · AUTO]   ✅ Total registros: 1585
[ACTUALIZAR PAGOS · AUTO] ⏱ PASO 4 (ordenar y escribir): 0.0s
[ACTUALIZAR PAGOS · AUTO] ================================================================================
[ACTUALIZAR PAGOS · AUTO] ✅ PROCESO COMPLETADO EXITOSAMENTE
[ACTUALIZAR PAGOS · AUTO] ================================================================================
[ACTUALIZAR PAGOS · AUTO] 📊 RESUMEN FINAL DEL PROCESAMIENTO:
[ACTUALIZAR PAGOS · AUTO]   ENTRADA:
[ACTUALIZAR PAGOS · AUTO]     • Pagos originales: 17028
[ACTUALIZAR PAGOS · AUTO]     • Multas SIGEMI cargadas: 103504
[ACTUALIZAR PAGOS · AUTO]     • Multas Juzgado cargadas: 40043
[ACTUALIZAR PAGOS · AUTO]     • Causas simplificadas (usadas para el cruce): 103175
[ACTUALIZAR PAGOS · AUTO]   PROCESO:
[ACTUALIZAR PAGOS · AUTO]     • Pagos rechazados sigemi: 14060
[ACTUALIZAR PAGOS · AUTO]     • Pagos rechazados juzgado: 2954
[ACTUALIZAR PAGOS · AUTO]   SALIDA:
[ACTUALIZAR PAGOS · AUTO]     • Pagos desactualizados procesados: 14
[ACTUALIZAR PAGOS · AUTO]     • Archivo final: backend/descargas/pagos/2026-07-24/PAGOS 20260724 111431.txt
[ACTUALIZAR PAGOS · AUTO]     • Ordenados por fecha: SÍ ✓
[ACTUALIZAR PAGOS · AUTO]     • Todos con ACTA_NUMERO: SÍ ✓
[ACTUALIZAR PAGOS · AUTO]     • Todos con CAUSA_NUMERO: SÍ ✓
[ACTUALIZAR PAGOS · AUTO] ✅ TXT de pagos (ya cruzado con actas y causas) generado en: backend/descargas/pagos/2026-07-24/PAGOS 20260724 111431.txt
[ACTUALIZAR PAGOS · AUTO] 🧹 TXT de pagos crudo eliminado (ya usado en el cruce): backend/descargas/pagos/2026-07-24/PAGOS DESCARGADOS.txt
[ACTUALIZAR PAGOS · AUTO] 🧹 Excel MULTAS_SIGEMI_CRUCE eliminado (ya usado en el cruce): backend/descargas/cache_actas_cruce/MULTAS_SIGEMI_CRUCE.xlsx
[ACTUALIZAR PAGOS · AUTO] 🧹 Excel MULTAS_JUZGADO_CRUCE eliminado (ya usado en el cruce): backend/descargas/cache_actas_cruce/MULTAS_JUZGADO_CRUCE.xlsx
[ACTUALIZAR PAGOS · AUTO] ✅ CompararActasPaso finalizado. (⏱ 54.3s)
[ACTUALIZAR PAGOS · AUTO] ✓ [CompararActasPaso] Completado.
[ACTUALIZAR PAGOS · AUTO] ▶ [CargarPagosPaso] Iniciando...
[ACTUALIZAR PAGOS · AUTO] ==================================================
[ACTUALIZAR PAGOS · AUTO] 🚀 PASO: CargarPagosPaso
[ACTUALIZAR PAGOS · AUTO] ==================================================
[ACTUALIZAR PAGOS · AUTO] 📤 Subiendo TXT de pagos al SEMyT...
[ACTUALIZAR PAGOS · AUTO] ✅ Importación de pagos completada con éxito.
[ACTUALIZAR PAGOS · AUTO] ✅ Archivo TXT de pagos cargado en el SEMyT correctamente.
[ACTUALIZAR PAGOS · AUTO] ✅ CargarPagosPaso finalizado. (⏱ 3.6s)
[ACTUALIZAR PAGOS · AUTO] ✓ [CargarPagosPaso] Completado.
[ACTUALIZAR PAGOS · AUTO] === Ejecución finalizada con éxito ===
🤖 [Automático] Es hora de actualizar pagos. Arrancando...
[ACTUALIZAR PAGOS · AUTO] === Inicio de ejecución: pagos ===
[ACTUALIZAR PAGOS · AUTO] ▶ [LoginSemytPaso] Iniciando...
[ACTUALIZAR PAGOS · AUTO] ==================================================
[ACTUALIZAR PAGOS · AUTO] 🚀 PASO: LoginSemytPaso
[ACTUALIZAR PAGOS · AUTO] ==================================================
[ACTUALIZAR PAGOS · AUTO] Abriendo SEMyT...
⏳ [Automático] Tocaba disparar 'pagos' pero ya hay una ejecución en curso (Actualizar pagos); esperando a que termine; se reintenta en breve sin perder el turno.
[ACTUALIZAR PAGOS · AUTO] ✅ [SEMyT] Sesión existente detectada. Login omitido.
[ACTUALIZAR PAGOS · AUTO] ✅ LoginSemytPaso finalizado. (⏱ 27.6s)
[ACTUALIZAR PAGOS · AUTO] ✓ [LoginSemytPaso] Completado.
[ACTUALIZAR PAGOS · AUTO] ▶ [LoginJuzgadoPaso] Iniciando...
[ACTUALIZAR PAGOS · AUTO] ==================================================
[ACTUALIZAR PAGOS · AUTO] 🚀 PASO: LoginJuzgadoPaso
[ACTUALIZAR PAGOS · AUTO] ==================================================
[ACTUALIZAR PAGOS · AUTO] Abriendo sitio municipalidad (CiDi)...
[ACTUALIZAR PAGOS · AUTO] ✅ [Juzgado] Sesión existente detectada. Login omitido.
[ACTUALIZAR PAGOS · AUTO] ✅ LoginJuzgadoPaso finalizado. (⏱ 1.9s)
[ACTUALIZAR PAGOS · AUTO] ✓ [LoginJuzgadoPaso] Completado.
[ACTUALIZAR PAGOS · AUTO] ▶ [DescargasParalelasPaso] Iniciando...
[ACTUALIZAR PAGOS · AUTO] ==================================================
[ACTUALIZAR PAGOS · AUTO] 🚀 PASO: DescargasParalelasPaso
[ACTUALIZAR PAGOS · AUTO] ==================================================
[ACTUALIZAR PAGOS · AUTO] 📤 Arrancando las 3 descargas en paralelo (mismo browser, páginas separadas)...
[ACTUALIZAR PAGOS · AUTO] Fecha Desde: 27/06/2024
[ACTUALIZAR PAGOS · AUTO] Fecha Hasta: 24/11/2025
[ACTUALIZAR PAGOS · AUTO] Fecha Desde: 25/11/2025
[ACTUALIZAR PAGOS · AUTO] Fecha Hasta: 24/07/2026
[ACTUALIZAR PAGOS · AUTO] Descargando Excel...
[ACTUALIZAR PAGOS · AUTO] Descargando Excel...
[ACTUALIZAR PAGOS · AUTO] Archivo descargado en: backend/descargas/cache_actas_cruce/MULTAS_JUZGADO_CRUCE.xlsx
[ACTUALIZAR PAGOS · AUTO] ⏱ [actas_juzgado] completado en 26.8s
[ACTUALIZAR PAGOS · AUTO] Archivo descargado en: backend/descargas/cache_actas_cruce/MULTAS_SIGEMI_CRUCE.xlsx
[ACTUALIZAR PAGOS · AUTO] ⏱ [actas_sigemi] completado en 57.7s
[ACTUALIZAR PAGOS · AUTO] ✅ TXT de pagos descargado en: backend/descargas/pagos/2026-07-24/PAGOS DESCARGADOS.txt
[ACTUALIZAR PAGOS · AUTO] ⏱ [pagos_txt] completado en 57.8s
[ACTUALIZAR PAGOS · AUTO] ⏱ TOTAL descargas en paralelo: 57.8s
[ACTUALIZAR PAGOS · AUTO] ✅ DescargasParalelasPaso finalizado. (⏱ 59.2s)
[ACTUALIZAR PAGOS · AUTO] ✓ [DescargasParalelasPaso] Completado.
[ACTUALIZAR PAGOS · AUTO] ▶ [CompararActasPaso] Iniciando...
[ACTUALIZAR PAGOS · AUTO] ==================================================
[ACTUALIZAR PAGOS · AUTO] 🚀 PASO: CompararActasPaso
[ACTUALIZAR PAGOS · AUTO] ==================================================
[ACTUALIZAR PAGOS · AUTO] 🔍 Comparando actas del SEMyT contra pagos del Juzgado...
[ACTUALIZAR PAGOS · AUTO] ================================================================================
[ACTUALIZAR PAGOS · AUTO] INICIANDO PROCESO DE GENERACIÓN DE PAGOS DESACTUALIZADOS
[ACTUALIZAR PAGOS · AUTO] ================================================================================
[ACTUALIZAR PAGOS · AUTO] 📂 Cargando archivos...
[ACTUALIZAR PAGOS · AUTO]   ✓ Pagos: 17050 registros
[ACTUALIZAR PAGOS · AUTO]   ✓ Excel SIGEMI (multas vencidas viejas): 103493 registros
[ACTUALIZAR PAGOS · AUTO]   ✓ Excel Juzgado (multas vencidas nuevas): 40040 registros
[ACTUALIZAR PAGOS · AUTO] ================================================================================
[ACTUALIZAR PAGOS · AUTO] PASO 1: LLENANDO ACTA_NUMERO (búsqueda por patente + fecha, con desempate por hora)
[ACTUALIZAR PAGOS · AUTO] ================================================================================
[ACTUALIZAR PAGOS · AUTO] 📊 ESTADÍSTICAS DE LLENADO DE ACTAS:
[ACTUALIZAR PAGOS · AUTO]   • Pagos con acta ORIGINAL: 2970
[ACTUALIZAR PAGOS · AUTO]   • Pagos SIN acta (buscados): 14080
[ACTUALIZAR PAGOS · AUTO]   • Pagos LLENADOS exitosamente: 9
[ACTUALIZAR PAGOS · AUTO]   • Pagos NO encontrados en multas: 14071
[ACTUALIZAR PAGOS · AUTO]   • Pagos SIN RESOLVER por desbalance de cantidades: 0
[ACTUALIZAR PAGOS · AUTO] ================================================================================
[ACTUALIZAR PAGOS · AUTO] PASO 1: LLENANDO ACTA_NUMERO (búsqueda por patente + fecha, con desempate por hora)
[ACTUALIZAR PAGOS · AUTO] ================================================================================
[ACTUALIZAR PAGOS · AUTO] 📊 ESTADÍSTICAS DE LLENADO DE ACTAS:
[ACTUALIZAR PAGOS · AUTO]   • Pagos con acta ORIGINAL: 2979
[ACTUALIZAR PAGOS · AUTO]   • Pagos SIN acta (buscados): 14071
[ACTUALIZAR PAGOS · AUTO]   • Pagos LLENADOS exitosamente: 0
[ACTUALIZAR PAGOS · AUTO]   • Pagos NO encontrados en multas: 14071
[ACTUALIZAR PAGOS · AUTO]   • Pagos SIN RESOLVER por desbalance de cantidades: 0
[ACTUALIZAR PAGOS · AUTO] ⏱ PASO 1 (llenar actas): 19.9s
[ACTUALIZAR PAGOS · AUTO] ================================================================================
[ACTUALIZAR PAGOS · AUTO] PASO 2: FILTRANDO PAGOS CON ACTA_NUMERO COMPLETO
[ACTUALIZAR PAGOS · AUTO] ================================================================================
[ACTUALIZAR PAGOS · AUTO] 📊 ESTADÍSTICAS DE FILTRADO:
[ACTUALIZAR PAGOS · AUTO]   • Pagos TOTALES al inicio: 17050
[ACTUALIZAR PAGOS · AUTO]   • Pagos CON acta (MANTIENEN): 2979
[ACTUALIZAR PAGOS · AUTO]   • Pagos RECHAZADOS (sin coincidencias): 14071
[ACTUALIZAR PAGOS · AUTO] ⚠️  Se eliminaron 14071 registros sin número de acta
[ACTUALIZAR PAGOS · AUTO]      (recordá: esto incluye tanto pagos ya actualizados/pagados
[ACTUALIZAR PAGOS · AUTO]       como pagos que quedaron sin resolver por desbalance en el Paso 1)
[ACTUALIZAR PAGOS · AUTO] ================================================================================
[ACTUALIZAR PAGOS · AUTO] PASO 2-bis: CONFIRMANDO VIGENCIA DE PAGOS DEL SISTEMA NUEVO (contra MULTAS_JUZGADO_CRUCE)
[ACTUALIZAR PAGOS · AUTO] ================================================================================
[ACTUALIZAR PAGOS · AUTO]   ⚠ 2957 pago(s) del sistema nuevo descartados: su acta ya no figura como vencida en MULTAS_JUZGADO_CRUCE (SEMyT ya los actualizó).
[ACTUALIZAR PAGOS · AUTO]   • Pagos del sistema nuevo descartados por ya estar actualizados: 2957
[ACTUALIZAR PAGOS · AUTO] ⏱ PASO 2 (filtrar): 1.3s
[ACTUALIZAR PAGOS · AUTO] 📂 Cargando maestro de causas SIGEMI...
[ACTUALIZAR PAGOS · AUTO]   ✓ Causas totales (maestro): 134069 registros
[ACTUALIZAR PAGOS · AUTO] ⏱ PASO 2.5 (causas simplificado): 0.2s
[ACTUALIZAR PAGOS · AUTO] ================================================================================
[ACTUALIZAR PAGOS · AUTO] PASO 2.5: ARMANDO causas.txt SIMPLIFICADO (cruce contra total_causas_sigemi.txt)
[ACTUALIZAR PAGOS · AUTO] ================================================================================
[ACTUALIZAR PAGOS · AUTO]   • Actas vencidas viejas (multas): 103493
[ACTUALIZAR PAGOS · AUTO]   • Causas totales en el maestro SIGEMI: 134069
[ACTUALIZAR PAGOS · AUTO]   • Causas que coinciden (simplificado): 103164
[ACTUALIZAR PAGOS · AUTO]   ✅ Archivo escrito: backend/descargas/causas/causas.txt
[ACTUALIZAR PAGOS · AUTO] ⏱ PASO 2.5 (causas simplificado): 2.8s
[ACTUALIZAR PAGOS · AUTO] ================================================================================
[ACTUALIZAR PAGOS · AUTO] PASO 3: LLENANDO CAUSA_NUMERO (según fecha de cambio de sistema, cruzando por acta + año)
[ACTUALIZAR PAGOS · AUTO] ================================================================================
[ACTUALIZAR PAGOS · AUTO] 📊 ESTADÍSTICAS DE LLENADO DE CAUSAS:
[ACTUALIZAR PAGOS · AUTO]   • Pagos con causa ORIGINAL: 13
[ACTUALIZAR PAGOS · AUTO]   • Causas encontradas en SIGEMI (actas viejas): 9
[ACTUALIZAR PAGOS · AUTO]   • Causas NO encontradas en SIGEMI: 0
[ACTUALIZAR PAGOS · AUTO]   • Causas asignadas automáticamente (actas nuevas): 0
[ACTUALIZAR PAGOS · AUTO] ⏱ PASO 3 (llenar causas): 0.0s
[ACTUALIZAR PAGOS · AUTO] ================================================================================
[ACTUALIZAR PAGOS · AUTO] PASO 4: ORDENANDO POR FECHA Y ACTA_NUMERO
[ACTUALIZAR PAGOS · AUTO] ================================================================================
[ACTUALIZAR PAGOS · AUTO] ✓ Pagos ordenados correctamente
[ACTUALIZAR PAGOS · AUTO]   • Primera entrada: Acta=12272, Fecha=17/07/2024
[ACTUALIZAR PAGOS · AUTO]   • Última entrada: Acta=289806, Fecha=07/04/2026
[ACTUALIZAR PAGOS · AUTO] 📝 Escribiendo archivo de salida...
[ACTUALIZAR PAGOS · AUTO]   ✅ Archivo escrito: backend/descargas/pagos/2026-07-24/PAGOS 20260724 112702.txt
[ACTUALIZAR PAGOS · AUTO]   ✅ Total registros: 2288
[ACTUALIZAR PAGOS · AUTO] ⏱ PASO 4 (ordenar y escribir): 0.0s
[ACTUALIZAR PAGOS · AUTO] ================================================================================
[ACTUALIZAR PAGOS · AUTO] ✅ PROCESO COMPLETADO EXITOSAMENTE
[ACTUALIZAR PAGOS · AUTO] ================================================================================
[ACTUALIZAR PAGOS · AUTO] 📊 RESUMEN FINAL DEL PROCESAMIENTO:
[ACTUALIZAR PAGOS · AUTO]   ENTRADA:
[ACTUALIZAR PAGOS · AUTO]     • Pagos originales: 17050
[ACTUALIZAR PAGOS · AUTO]     • Multas SIGEMI cargadas: 103493
[ACTUALIZAR PAGOS · AUTO]     • Multas Juzgado cargadas: 40040
[ACTUALIZAR PAGOS · AUTO]     • Causas simplificadas (usadas para el cruce): 103164
[ACTUALIZAR PAGOS · AUTO]   PROCESO:
[ACTUALIZAR PAGOS · AUTO]     • Pagos rechazados sigemi: 14071
[ACTUALIZAR PAGOS · AUTO]     • Pagos rechazados juzgado: 2957
[ACTUALIZAR PAGOS · AUTO]   SALIDA:
[ACTUALIZAR PAGOS · AUTO]     • Pagos desactualizados procesados: 22
[ACTUALIZAR PAGOS · AUTO]     • Archivo final: backend/descargas/pagos/2026-07-24/PAGOS 20260724 112702.txt
[ACTUALIZAR PAGOS · AUTO]     • Ordenados por fecha: SÍ ✓
[ACTUALIZAR PAGOS · AUTO]     • Todos con ACTA_NUMERO: SÍ ✓
[ACTUALIZAR PAGOS · AUTO]     • Todos con CAUSA_NUMERO: SÍ ✓
[ACTUALIZAR PAGOS · AUTO] ✅ TXT de pagos (ya cruzado con actas y causas) generado en: backend/descargas/pagos/2026-07-24/PAGOS 20260724 112702.txt
[ACTUALIZAR PAGOS · AUTO] 🧹 TXT de pagos crudo eliminado (ya usado en el cruce): backend/descargas/pagos/2026-07-24/PAGOS DESCARGADOS.txt
[ACTUALIZAR PAGOS · AUTO] 🧹 Excel MULTAS_SIGEMI_CRUCE eliminado (ya usado en el cruce): backend/descargas/cache_actas_cruce/MULTAS_SIGEMI_CRUCE.xlsx
[ACTUALIZAR PAGOS · AUTO] 🧹 Excel MULTAS_JUZGADO_CRUCE eliminado (ya usado en el cruce): backend/descargas/cache_actas_cruce/MULTAS_JUZGADO_CRUCE.xlsx
[ACTUALIZAR PAGOS · AUTO] ✅ CompararActasPaso finalizado. (⏱ 54.6s)
[ACTUALIZAR PAGOS · AUTO] ✓ [CompararActasPaso] Completado.
[ACTUALIZAR PAGOS · AUTO] ▶ [CargarPagosPaso] Iniciando...
[ACTUALIZAR PAGOS · AUTO] ==================================================
[ACTUALIZAR PAGOS · AUTO] 🚀 PASO: CargarPagosPaso
[ACTUALIZAR PAGOS · AUTO] ==================================================
[ACTUALIZAR PAGOS · AUTO] 📤 Subiendo TXT de pagos al SEMyT...
[ACTUALIZAR PAGOS · AUTO] ✅ Importación de pagos completada con éxito.
[ACTUALIZAR PAGOS · AUTO] ✅ Archivo TXT de pagos cargado en el SEMyT correctamente.
[ACTUALIZAR PAGOS · AUTO] ✅ CargarPagosPaso finalizado. (⏱ 2.8s)
[ACTUALIZAR PAGOS · AUTO] ✓ [CargarPagosPaso] Completado.
[ACTUALIZAR PAGOS · AUTO] === Ejecución finalizada con éxito ===
🤖 [Automático] Es hora de actualizar pagos. Arrancando...
[ACTUALIZAR PAGOS · AUTO] === Inicio de ejecución: pagos ===
[ACTUALIZAR PAGOS · AUTO] ▶ [LoginSemytPaso] Iniciando...
[ACTUALIZAR PAGOS · AUTO] ==================================================
[ACTUALIZAR PAGOS · AUTO] 🚀 PASO: LoginSemytPaso
[ACTUALIZAR PAGOS · AUTO] ==================================================
[ACTUALIZAR PAGOS · AUTO] Abriendo SEMyT...
[ACTUALIZAR PAGOS · AUTO] ✅ [SEMyT] Sesión existente detectada. Login omitido.
[ACTUALIZAR PAGOS · AUTO] ✅ LoginSemytPaso finalizado. (⏱ 9.4s)
[ACTUALIZAR PAGOS · AUTO] ✓ [LoginSemytPaso] Completado.
[ACTUALIZAR PAGOS · AUTO] ▶ [LoginJuzgadoPaso] Iniciando...
[ACTUALIZAR PAGOS · AUTO] ==================================================
[ACTUALIZAR PAGOS · AUTO] 🚀 PASO: LoginJuzgadoPaso
[ACTUALIZAR PAGOS · AUTO] ==================================================
[ACTUALIZAR PAGOS · AUTO] Abriendo sitio municipalidad (CiDi)...
[ACTUALIZAR PAGOS · AUTO] ✅ [Juzgado] Sesión existente detectada. Login omitido.
[ACTUALIZAR PAGOS · AUTO] ✅ LoginJuzgadoPaso finalizado. (⏱ 1.2s)
[ACTUALIZAR PAGOS · AUTO] ✓ [LoginJuzgadoPaso] Completado.
[ACTUALIZAR PAGOS · AUTO] ▶ [DescargasParalelasPaso] Iniciando...
[ACTUALIZAR PAGOS · AUTO] ==================================================
[ACTUALIZAR PAGOS · AUTO] 🚀 PASO: DescargasParalelasPaso
[ACTUALIZAR PAGOS · AUTO] ==================================================
[ACTUALIZAR PAGOS · AUTO] 📤 Arrancando las 3 descargas en paralelo (mismo browser, páginas separadas)...
[ACTUALIZAR PAGOS · AUTO] Fecha Desde: 27/06/2024
[ACTUALIZAR PAGOS · AUTO] Fecha Hasta: 24/11/2025
[ACTUALIZAR PAGOS · AUTO] Fecha Desde: 25/11/2025
[ACTUALIZAR PAGOS · AUTO] Fecha Hasta: 24/07/2026
[ACTUALIZAR PAGOS · AUTO] Descargando Excel...
[ACTUALIZAR PAGOS · AUTO] Descargando Excel...
⏳ [Automático] Tocaba disparar 'pagos' pero ya hay una ejecución en curso (Actualizar pagos); esperando a que termine; se reintenta en breve sin perder el turno.
[ACTUALIZAR PAGOS · AUTO] Archivo descargado en: backend/descargas/cache_actas_cruce/MULTAS_JUZGADO_CRUCE.xlsx
[ACTUALIZAR PAGOS · AUTO] ⏱ [actas_juzgado] completado en 22.8s
[ACTUALIZAR PAGOS · AUTO] ✅ TXT de pagos descargado en: backend/descargas/pagos/2026-07-24/PAGOS DESCARGADOS.txt
[ACTUALIZAR PAGOS · AUTO] ⏱ [pagos_txt] completado en 39.4s
[ACTUALIZAR PAGOS · AUTO] Archivo descargado en: backend/descargas/cache_actas_cruce/MULTAS_SIGEMI_CRUCE.xlsx
[ACTUALIZAR PAGOS · AUTO] ⏱ [actas_sigemi] completado en 60.7s
[ACTUALIZAR PAGOS · AUTO] ⏱ TOTAL descargas en paralelo: 60.7s
[ACTUALIZAR PAGOS · AUTO] ✅ DescargasParalelasPaso finalizado. (⏱ 62.1s)
[ACTUALIZAR PAGOS · AUTO] ✓ [DescargasParalelasPaso] Completado.
[ACTUALIZAR PAGOS · AUTO] ▶ [CompararActasPaso] Iniciando...
[ACTUALIZAR PAGOS · AUTO] ==================================================
[ACTUALIZAR PAGOS · AUTO] 🚀 PASO: CompararActasPaso
[ACTUALIZAR PAGOS · AUTO] ==================================================
[ACTUALIZAR PAGOS · AUTO] 🔍 Comparando actas del SEMyT contra pagos del Juzgado...
[ACTUALIZAR PAGOS · AUTO] ================================================================================
[ACTUALIZAR PAGOS · AUTO] INICIANDO PROCESO DE GENERACIÓN DE PAGOS DESACTUALIZADOS
[ACTUALIZAR PAGOS · AUTO] ================================================================================
[ACTUALIZAR PAGOS · AUTO] 📂 Cargando archivos...
[ACTUALIZAR PAGOS · AUTO]   ✓ Pagos: 17052 registros
[ACTUALIZAR PAGOS · AUTO]   ✓ Excel SIGEMI (multas vencidas viejas): 103483 registros
[ACTUALIZAR PAGOS · AUTO]   ✓ Excel Juzgado (multas vencidas nuevas): 40028 registros
[ACTUALIZAR PAGOS · AUTO] ================================================================================
[ACTUALIZAR PAGOS · AUTO] PASO 1: LLENANDO ACTA_NUMERO (búsqueda por patente + fecha, con desempate por hora)
[ACTUALIZAR PAGOS · AUTO] ================================================================================
[ACTUALIZAR PAGOS · AUTO] 📊 ESTADÍSTICAS DE LLENADO DE ACTAS:
[ACTUALIZAR PAGOS · AUTO]   • Pagos con acta ORIGINAL: 2972
[ACTUALIZAR PAGOS · AUTO]   • Pagos SIN acta (buscados): 14080
[ACTUALIZAR PAGOS · AUTO]   • Pagos LLENADOS exitosamente: 0
[ACTUALIZAR PAGOS · AUTO]   • Pagos NO encontrados en multas: 14080
[ACTUALIZAR PAGOS · AUTO]   • Pagos SIN RESOLVER por desbalance de cantidades: 0
[ACTUALIZAR PAGOS · AUTO] ================================================================================
[ACTUALIZAR PAGOS · AUTO] PASO 1: LLENANDO ACTA_NUMERO (búsqueda por patente + fecha, con desempate por hora)
[ACTUALIZAR PAGOS · AUTO] ================================================================================
[ACTUALIZAR PAGOS · AUTO] 📊 ESTADÍSTICAS DE LLENADO DE ACTAS:
[ACTUALIZAR PAGOS · AUTO]   • Pagos con acta ORIGINAL: 2972
[ACTUALIZAR PAGOS · AUTO]   • Pagos SIN acta (buscados): 14080
[ACTUALIZAR PAGOS · AUTO]   • Pagos LLENADOS exitosamente: 0
[ACTUALIZAR PAGOS · AUTO]   • Pagos NO encontrados en multas: 14080
[ACTUALIZAR PAGOS · AUTO]   • Pagos SIN RESOLVER por desbalance de cantidades: 0
[ACTUALIZAR PAGOS · AUTO] ⏱ PASO 1 (llenar actas): 19.8s
[ACTUALIZAR PAGOS · AUTO] ================================================================================
[ACTUALIZAR PAGOS · AUTO] PASO 2: FILTRANDO PAGOS CON ACTA_NUMERO COMPLETO
[ACTUALIZAR PAGOS · AUTO] ================================================================================
[ACTUALIZAR PAGOS · AUTO] 📊 ESTADÍSTICAS DE FILTRADO:
[ACTUALIZAR PAGOS · AUTO]   • Pagos TOTALES al inicio: 17052
[ACTUALIZAR PAGOS · AUTO]   • Pagos CON acta (MANTIENEN): 2972
[ACTUALIZAR PAGOS · AUTO]   • Pagos RECHAZADOS (sin coincidencias): 14080
[ACTUALIZAR PAGOS · AUTO] ⚠️  Se eliminaron 14080 registros sin número de acta
[ACTUALIZAR PAGOS · AUTO]      (recordá: esto incluye tanto pagos ya actualizados/pagados
[ACTUALIZAR PAGOS · AUTO]       como pagos que quedaron sin resolver por desbalance en el Paso 1)
[ACTUALIZAR PAGOS · AUTO] ================================================================================
[ACTUALIZAR PAGOS · AUTO] PASO 2-bis: CONFIRMANDO VIGENCIA DE PAGOS DEL SISTEMA NUEVO (contra MULTAS_JUZGADO_CRUCE)
[ACTUALIZAR PAGOS · AUTO] ================================================================================
[ACTUALIZAR PAGOS · AUTO]   ⚠ 2969 pago(s) del sistema nuevo descartados: su acta ya no figura como vencida en MULTAS_JUZGADO_CRUCE (SEMyT ya los actualizó).
[ACTUALIZAR PAGOS · AUTO]   • Pagos del sistema nuevo descartados por ya estar actualizados: 2969
[ACTUALIZAR PAGOS · AUTO] ⏱ PASO 2 (filtrar): 1.4s
[ACTUALIZAR PAGOS · AUTO] 📂 Cargando maestro de causas SIGEMI...
[ACTUALIZAR PAGOS · AUTO]   ✓ Causas totales (maestro): 134069 registros
[ACTUALIZAR PAGOS · AUTO] ⏱ PASO 2.5 (causas simplificado): 0.2s
[ACTUALIZAR PAGOS · AUTO] ================================================================================
[ACTUALIZAR PAGOS · AUTO] PASO 2.5: ARMANDO causas.txt SIMPLIFICADO (cruce contra total_causas_sigemi.txt)
[ACTUALIZAR PAGOS · AUTO] ================================================================================
[ACTUALIZAR PAGOS · AUTO]   • Actas vencidas viejas (multas): 103483
[ACTUALIZAR PAGOS · AUTO]   • Causas totales en el maestro SIGEMI: 134069
[ACTUALIZAR PAGOS · AUTO]   • Causas que coinciden (simplificado): 103155
[ACTUALIZAR PAGOS · AUTO]   ✅ Archivo escrito: backend/descargas/causas/causas.txt
[ACTUALIZAR PAGOS · AUTO] ⏱ PASO 2.5 (causas simplificado): 3.0s
[ACTUALIZAR PAGOS · AUTO] ================================================================================
[ACTUALIZAR PAGOS · AUTO] PASO 3: LLENANDO CAUSA_NUMERO (según fecha de cambio de sistema, cruzando por acta + año)
[ACTUALIZAR PAGOS · AUTO] ================================================================================
[ACTUALIZAR PAGOS · AUTO] 📊 ESTADÍSTICAS DE LLENADO DE CAUSAS:
[ACTUALIZAR PAGOS · AUTO]   • Pagos con causa ORIGINAL: 3
[ACTUALIZAR PAGOS · AUTO]   • Causas encontradas en SIGEMI (actas viejas): 0
[ACTUALIZAR PAGOS · AUTO]   • Causas NO encontradas en SIGEMI: 0
[ACTUALIZAR PAGOS · AUTO]   • Causas asignadas automáticamente (actas nuevas): 0
[ACTUALIZAR PAGOS · AUTO] ⏱ PASO 3 (llenar causas): 0.0s
[ACTUALIZAR PAGOS · AUTO] ================================================================================
[ACTUALIZAR PAGOS · AUTO] PASO 4: ORDENANDO POR FECHA Y ACTA_NUMERO
[ACTUALIZAR PAGOS · AUTO] ================================================================================
[ACTUALIZAR PAGOS · AUTO] ✓ Pagos ordenados correctamente
[ACTUALIZAR PAGOS · AUTO]   • Primera entrada: Acta=351213, Fecha=18/11/2025
[ACTUALIZAR PAGOS · AUTO]   • Última entrada: Acta=279078, Fecha=12/03/2026
[ACTUALIZAR PAGOS · AUTO] 📝 Escribiendo archivo de salida...
[ACTUALIZAR PAGOS · AUTO]   ✅ Archivo escrito: backend/descargas/pagos/2026-07-24/PAGOS 20260724 113919.txt
[ACTUALIZAR PAGOS · AUTO]   ✅ Total registros: 467
[ACTUALIZAR PAGOS · AUTO] ⏱ PASO 4 (ordenar y escribir): 0.0s
[ACTUALIZAR PAGOS · AUTO] ================================================================================
[ACTUALIZAR PAGOS · AUTO] ✅ PROCESO COMPLETADO EXITOSAMENTE
[ACTUALIZAR PAGOS · AUTO] ================================================================================
[ACTUALIZAR PAGOS · AUTO] 📊 RESUMEN FINAL DEL PROCESAMIENTO:
[ACTUALIZAR PAGOS · AUTO]   ENTRADA:
[ACTUALIZAR PAGOS · AUTO]     • Pagos originales: 17052
[ACTUALIZAR PAGOS · AUTO]     • Multas SIGEMI cargadas: 103483
[ACTUALIZAR PAGOS · AUTO]     • Multas Juzgado cargadas: 40028
[ACTUALIZAR PAGOS · AUTO]     • Causas simplificadas (usadas para el cruce): 103155
[ACTUALIZAR PAGOS · AUTO]   PROCESO:
[ACTUALIZAR PAGOS · AUTO]     • Pagos rechazados sigemi: 14080
[ACTUALIZAR PAGOS · AUTO]     • Pagos rechazados juzgado: 2969
[ACTUALIZAR PAGOS · AUTO]   SALIDA:
[ACTUALIZAR PAGOS · AUTO]     • Pagos desactualizados procesados: 3
[ACTUALIZAR PAGOS · AUTO]     • Archivo final: backend/descargas/pagos/2026-07-24/PAGOS 20260724 113919.txt
[ACTUALIZAR PAGOS · AUTO]     • Ordenados por fecha: SÍ ✓
[ACTUALIZAR PAGOS · AUTO]     • Todos con ACTA_NUMERO: SÍ ✓
[ACTUALIZAR PAGOS · AUTO]     • Todos con CAUSA_NUMERO: SÍ ✓
[ACTUALIZAR PAGOS · AUTO] ✅ TXT de pagos (ya cruzado con actas y causas) generado en: backend/descargas/pagos/2026-07-24/PAGOS 20260724 113919.txt
[ACTUALIZAR PAGOS · AUTO] 🧹 TXT de pagos crudo eliminado (ya usado en el cruce): backend/descargas/pagos/2026-07-24/PAGOS DESCARGADOS.txt
[ACTUALIZAR PAGOS · AUTO] 🧹 Excel MULTAS_SIGEMI_CRUCE eliminado (ya usado en el cruce): backend/descargas/cache_actas_cruce/MULTAS_SIGEMI_CRUCE.xlsx
[ACTUALIZAR PAGOS · AUTO] 🧹 Excel MULTAS_JUZGADO_CRUCE eliminado (ya usado en el cruce): backend/descargas/cache_actas_cruce/MULTAS_JUZGADO_CRUCE.xlsx
[ACTUALIZAR PAGOS · AUTO] ✅ CompararActasPaso finalizado. (⏱ 53.7s)
[ACTUALIZAR PAGOS · AUTO] ✓ [CompararActasPaso] Completado.
[ACTUALIZAR PAGOS · AUTO] ▶ [CargarPagosPaso] Iniciando...
[ACTUALIZAR PAGOS · AUTO] ==================================================
[ACTUALIZAR PAGOS · AUTO] 🚀 PASO: CargarPagosPaso
[ACTUALIZAR PAGOS · AUTO] ==================================================
[ACTUALIZAR PAGOS · AUTO] 📤 Subiendo TXT de pagos al SEMyT...
[ACTUALIZAR PAGOS · AUTO] ✅ Importación de pagos completada con éxito.
[ACTUALIZAR PAGOS · AUTO] ✅ Archivo TXT de pagos cargado en el SEMyT correctamente.
[ACTUALIZAR PAGOS · AUTO] ✅ CargarPagosPaso finalizado. (⏱ 3.0s)
[ACTUALIZAR PAGOS · AUTO] ✓ [CargarPagosPaso] Completado.
[ACTUALIZAR PAGOS · AUTO] === Ejecución finalizada con éxito ===
🤖 [Automático] Es hora de actualizar pagos. Arrancando...
[ACTUALIZAR PAGOS · AUTO] === Inicio de ejecución: pagos ===
[ACTUALIZAR PAGOS · AUTO] ▶ [LoginSemytPaso] Iniciando...
[ACTUALIZAR PAGOS · AUTO] ==================================================
[ACTUALIZAR PAGOS · AUTO] 🚀 PASO: LoginSemytPaso
[ACTUALIZAR PAGOS · AUTO] ==================================================
[ACTUALIZAR PAGOS · AUTO] Abriendo SEMyT...
⏳ [Automático] Tocaba disparar 'pagos' pero ya hay una ejecución en curso (Actualizar pagos); esperando a que termine; se reintenta en breve sin perder el turno.
[ACTUALIZAR PAGOS · AUTO] ✅ [SEMyT] Sesión existente detectada. Login omitido.
[ACTUALIZAR PAGOS · AUTO] ✅ LoginSemytPaso finalizado. (⏱ 26.0s)
[ACTUALIZAR PAGOS · AUTO] ✓ [LoginSemytPaso] Completado.
[ACTUALIZAR PAGOS · AUTO] ▶ [LoginJuzgadoPaso] Iniciando...
[ACTUALIZAR PAGOS · AUTO] ==================================================
[ACTUALIZAR PAGOS · AUTO] 🚀 PASO: LoginJuzgadoPaso
[ACTUALIZAR PAGOS · AUTO] ==================================================
[ACTUALIZAR PAGOS · AUTO] Abriendo sitio municipalidad (CiDi)...
[ACTUALIZAR PAGOS · AUTO] ✅ [Juzgado] Sesión existente detectada. Login omitido.
[ACTUALIZAR PAGOS · AUTO] ✅ LoginJuzgadoPaso finalizado. (⏱ 1.6s)
[ACTUALIZAR PAGOS · AUTO] ✓ [LoginJuzgadoPaso] Completado.
[ACTUALIZAR PAGOS · AUTO] ▶ [DescargasParalelasPaso] Iniciando...
[ACTUALIZAR PAGOS · AUTO] ==================================================
[ACTUALIZAR PAGOS · AUTO] 🚀 PASO: DescargasParalelasPaso
[ACTUALIZAR PAGOS · AUTO] ==================================================
[ACTUALIZAR PAGOS · AUTO] 📤 Arrancando las 3 descargas en paralelo (mismo browser, páginas separadas)...
[ACTUALIZAR PAGOS · AUTO] Fecha Desde: 27/06/2024
[ACTUALIZAR PAGOS · AUTO] Fecha Hasta: 24/11/2025
[ACTUALIZAR PAGOS · AUTO] Fecha Desde: 25/11/2025
[ACTUALIZAR PAGOS · AUTO] Fecha Hasta: 24/07/2026
[ACTUALIZAR PAGOS · AUTO] Descargando Excel...
[ACTUALIZAR PAGOS · AUTO] Descargando Excel...
[ACTUALIZAR PAGOS · AUTO] Archivo descargado en: backend/descargas/cache_actas_cruce/MULTAS_JUZGADO_CRUCE.xlsx
[ACTUALIZAR PAGOS · AUTO] ⏱ [actas_juzgado] completado en 32.7s
[ACTUALIZAR PAGOS · AUTO] ✅ TXT de pagos descargado en: backend/descargas/pagos/2026-07-24/PAGOS DESCARGADOS.txt
[ACTUALIZAR PAGOS · AUTO] ⏱ [pagos_txt] completado en 32.8s
[ACTUALIZAR PAGOS · AUTO] Archivo descargado en: backend/descargas/cache_actas_cruce/MULTAS_SIGEMI_CRUCE.xlsx
[ACTUALIZAR PAGOS · AUTO] ⏱ [actas_sigemi] completado en 74.5s
[ACTUALIZAR PAGOS · AUTO] ⏱ TOTAL descargas en paralelo: 74.5s
[ACTUALIZAR PAGOS · AUTO] ✅ DescargasParalelasPaso finalizado. (⏱ 75.6s)
[ACTUALIZAR PAGOS · AUTO] ✓ [DescargasParalelasPaso] Completado.
[ACTUALIZAR PAGOS · AUTO] ▶ [CompararActasPaso] Iniciando...
[ACTUALIZAR PAGOS · AUTO] ==================================================
[ACTUALIZAR PAGOS · AUTO] 🚀 PASO: CompararActasPaso
[ACTUALIZAR PAGOS · AUTO] ==================================================
[ACTUALIZAR PAGOS · AUTO] 🔍 Comparando actas del SEMyT contra pagos del Juzgado...
[ACTUALIZAR PAGOS · AUTO] ================================================================================
[ACTUALIZAR PAGOS · AUTO] INICIANDO PROCESO DE GENERACIÓN DE PAGOS DESACTUALIZADOS
[ACTUALIZAR PAGOS · AUTO] ================================================================================
[ACTUALIZAR PAGOS · AUTO] 📂 Cargando archivos...
[ACTUALIZAR PAGOS · AUTO]   ✓ Pagos: 17066 registros
[ACTUALIZAR PAGOS · AUTO]   ✓ Excel SIGEMI (multas vencidas viejas): 103483 registros
[ACTUALIZAR PAGOS · AUTO]   ✓ Excel Juzgado (multas vencidas nuevas): 40026 registros
[ACTUALIZAR PAGOS · AUTO] ================================================================================
[ACTUALIZAR PAGOS · AUTO] PASO 1: LLENANDO ACTA_NUMERO (búsqueda por patente + fecha, con desempate por hora)
[ACTUALIZAR PAGOS · AUTO] ================================================================================
[ACTUALIZAR PAGOS · AUTO] 📊 ESTADÍSTICAS DE LLENADO DE ACTAS:
[ACTUALIZAR PAGOS · AUTO]   • Pagos con acta ORIGINAL: 2982
[ACTUALIZAR PAGOS · AUTO]   • Pagos SIN acta (buscados): 14084
[ACTUALIZAR PAGOS · AUTO]   • Pagos LLENADOS exitosamente: 4
[ACTUALIZAR PAGOS · AUTO]   • Pagos NO encontrados en multas: 14080
[ACTUALIZAR PAGOS · AUTO]   • Pagos SIN RESOLVER por desbalance de cantidades: 0
[ACTUALIZAR PAGOS · AUTO] ================================================================================
[ACTUALIZAR PAGOS · AUTO] PASO 1: LLENANDO ACTA_NUMERO (búsqueda por patente + fecha, con desempate por hora)
[ACTUALIZAR PAGOS · AUTO] ================================================================================
[ACTUALIZAR PAGOS · AUTO] 📊 ESTADÍSTICAS DE LLENADO DE ACTAS:
[ACTUALIZAR PAGOS · AUTO]   • Pagos con acta ORIGINAL: 2986
[ACTUALIZAR PAGOS · AUTO]   • Pagos SIN acta (buscados): 14080
[ACTUALIZAR PAGOS · AUTO]   • Pagos LLENADOS exitosamente: 0
[ACTUALIZAR PAGOS · AUTO]   • Pagos NO encontrados en multas: 14080
[ACTUALIZAR PAGOS · AUTO]   • Pagos SIN RESOLVER por desbalance de cantidades: 0
[ACTUALIZAR PAGOS · AUTO] ⏱ PASO 1 (llenar actas): 19.3s
[ACTUALIZAR PAGOS · AUTO] ================================================================================
[ACTUALIZAR PAGOS · AUTO] PASO 2: FILTRANDO PAGOS CON ACTA_NUMERO COMPLETO
[ACTUALIZAR PAGOS · AUTO] ================================================================================
[ACTUALIZAR PAGOS · AUTO] 📊 ESTADÍSTICAS DE FILTRADO:
[ACTUALIZAR PAGOS · AUTO]   • Pagos TOTALES al inicio: 17066
[ACTUALIZAR PAGOS · AUTO]   • Pagos CON acta (MANTIENEN): 2986
[ACTUALIZAR PAGOS · AUTO]   • Pagos RECHAZADOS (sin coincidencias): 14080
[ACTUALIZAR PAGOS · AUTO] ⚠️  Se eliminaron 14080 registros sin número de acta
[ACTUALIZAR PAGOS · AUTO]      (recordá: esto incluye tanto pagos ya actualizados/pagados
[ACTUALIZAR PAGOS · AUTO]       como pagos que quedaron sin resolver por desbalance en el Paso 1)
[ACTUALIZAR PAGOS · AUTO] ================================================================================
[ACTUALIZAR PAGOS · AUTO] PASO 2-bis: CONFIRMANDO VIGENCIA DE PAGOS DEL SISTEMA NUEVO (contra MULTAS_JUZGADO_CRUCE)
[ACTUALIZAR PAGOS · AUTO] ================================================================================
[ACTUALIZAR PAGOS · AUTO]   ⚠ 2972 pago(s) del sistema nuevo descartados: su acta ya no figura como vencida en MULTAS_JUZGADO_CRUCE (SEMyT ya los actualizó).
[ACTUALIZAR PAGOS · AUTO]   • Pagos del sistema nuevo descartados por ya estar actualizados: 2972
[ACTUALIZAR PAGOS · AUTO] ⏱ PASO 2 (filtrar): 1.1s
[ACTUALIZAR PAGOS · AUTO] 📂 Cargando maestro de causas SIGEMI...
[ACTUALIZAR PAGOS · AUTO]   ✓ Causas totales (maestro): 134069 registros
[ACTUALIZAR PAGOS · AUTO] ⏱ PASO 2.5 (causas simplificado): 0.2s
[ACTUALIZAR PAGOS · AUTO] ================================================================================
[ACTUALIZAR PAGOS · AUTO] PASO 2.5: ARMANDO causas.txt SIMPLIFICADO (cruce contra total_causas_sigemi.txt)
[ACTUALIZAR PAGOS · AUTO] ================================================================================
[ACTUALIZAR PAGOS · AUTO]   • Actas vencidas viejas (multas): 103483
[ACTUALIZAR PAGOS · AUTO]   • Causas totales en el maestro SIGEMI: 134069
[ACTUALIZAR PAGOS · AUTO]   • Causas que coinciden (simplificado): 103155
[ACTUALIZAR PAGOS · AUTO]   ✅ Archivo escrito: backend/descargas/causas/causas.txt
[ACTUALIZAR PAGOS · AUTO] ⏱ PASO 2.5 (causas simplificado): 2.7s
[ACTUALIZAR PAGOS · AUTO] ================================================================================
[ACTUALIZAR PAGOS · AUTO] PASO 3: LLENANDO CAUSA_NUMERO (según fecha de cambio de sistema, cruzando por acta + año)
[ACTUALIZAR PAGOS · AUTO] ================================================================================
[ACTUALIZAR PAGOS · AUTO] 📊 ESTADÍSTICAS DE LLENADO DE CAUSAS:
[ACTUALIZAR PAGOS · AUTO]   • Pagos con causa ORIGINAL: 10
[ACTUALIZAR PAGOS · AUTO]   • Causas encontradas en SIGEMI (actas viejas): 4
[ACTUALIZAR PAGOS · AUTO]   • Causas NO encontradas en SIGEMI: 0
[ACTUALIZAR PAGOS · AUTO]   • Causas asignadas automáticamente (actas nuevas): 0
[ACTUALIZAR PAGOS · AUTO] ⏱ PASO 3 (llenar causas): 0.0s
[ACTUALIZAR PAGOS · AUTO] ================================================================================
[ACTUALIZAR PAGOS · AUTO] PASO 4: ORDENANDO POR FECHA Y ACTA_NUMERO
[ACTUALIZAR PAGOS · AUTO] ================================================================================
[ACTUALIZAR PAGOS · AUTO] ✓ Pagos ordenados correctamente
[ACTUALIZAR PAGOS · AUTO]   • Primera entrada: Acta=52130, Fecha=25/09/2024
[ACTUALIZAR PAGOS · AUTO]   • Última entrada: Acta=312246, Fecha=12/05/2026
[ACTUALIZAR PAGOS · AUTO] 📝 Escribiendo archivo de salida...
[ACTUALIZAR PAGOS · AUTO]   ✅ Archivo escrito: backend/descargas/pagos/2026-07-24/PAGOS 20260724 115209.txt
[ACTUALIZAR PAGOS · AUTO]   ✅ Total registros: 1634
[ACTUALIZAR PAGOS · AUTO] ⏱ PASO 4 (ordenar y escribir): 0.0s
[ACTUALIZAR PAGOS · AUTO] ================================================================================
[ACTUALIZAR PAGOS · AUTO] ✅ PROCESO COMPLETADO EXITOSAMENTE
[ACTUALIZAR PAGOS · AUTO] ================================================================================
[ACTUALIZAR PAGOS · AUTO] 📊 RESUMEN FINAL DEL PROCESAMIENTO:
[ACTUALIZAR PAGOS · AUTO]   ENTRADA:
[ACTUALIZAR PAGOS · AUTO]     • Pagos originales: 17066
[ACTUALIZAR PAGOS · AUTO]     • Multas SIGEMI cargadas: 103483
[ACTUALIZAR PAGOS · AUTO]     • Multas Juzgado cargadas: 40026
[ACTUALIZAR PAGOS · AUTO]     • Causas simplificadas (usadas para el cruce): 103155
[ACTUALIZAR PAGOS · AUTO]   PROCESO:
[ACTUALIZAR PAGOS · AUTO]     • Pagos rechazados sigemi: 14080
[ACTUALIZAR PAGOS · AUTO]     • Pagos rechazados juzgado: 2972
[ACTUALIZAR PAGOS · AUTO]   SALIDA:
[ACTUALIZAR PAGOS · AUTO]     • Pagos desactualizados procesados: 14
[ACTUALIZAR PAGOS · AUTO]     • Archivo final: backend/descargas/pagos/2026-07-24/PAGOS 20260724 115209.txt
[ACTUALIZAR PAGOS · AUTO]     • Ordenados por fecha: SÍ ✓
[ACTUALIZAR PAGOS · AUTO]     • Todos con ACTA_NUMERO: SÍ ✓
[ACTUALIZAR PAGOS · AUTO]     • Todos con CAUSA_NUMERO: SÍ ✓
[ACTUALIZAR PAGOS · AUTO] ✅ TXT de pagos (ya cruzado con actas y causas) generado en: backend/descargas/pagos/2026-07-24/PAGOS 20260724 115209.txt
[ACTUALIZAR PAGOS · AUTO] 🧹 TXT de pagos crudo eliminado (ya usado en el cruce): backend/descargas/pagos/2026-07-24/PAGOS DESCARGADOS.txt
[ACTUALIZAR PAGOS · AUTO] 🧹 Excel MULTAS_SIGEMI_CRUCE eliminado (ya usado en el cruce): backend/descargas/cache_actas_cruce/MULTAS_SIGEMI_CRUCE.xlsx
[ACTUALIZAR PAGOS · AUTO] 🧹 Excel MULTAS_JUZGADO_CRUCE eliminado (ya usado en el cruce): backend/descargas/cache_actas_cruce/MULTAS_JUZGADO_CRUCE.xlsx
[ACTUALIZAR PAGOS · AUTO] ✅ CompararActasPaso finalizado. (⏱ 51.7s)
[ACTUALIZAR PAGOS · AUTO] ✓ [CompararActasPaso] Completado.
[ACTUALIZAR PAGOS · AUTO] ▶ [CargarPagosPaso] Iniciando...
[ACTUALIZAR PAGOS · AUTO] ==================================================
[ACTUALIZAR PAGOS · AUTO] 🚀 PASO: CargarPagosPaso
[ACTUALIZAR PAGOS · AUTO] ==================================================
[ACTUALIZAR PAGOS · AUTO] 📤 Subiendo TXT de pagos al SEMyT...
[ACTUALIZAR PAGOS · AUTO] ✅ Importación de pagos completada con éxito.
[ACTUALIZAR PAGOS · AUTO] ✅ Archivo TXT de pagos cargado en el SEMyT correctamente.
[ACTUALIZAR PAGOS · AUTO] ✅ CargarPagosPaso finalizado. (⏱ 3.1s)
[ACTUALIZAR PAGOS · AUTO] ✓ [CargarPagosPaso] Completado.
[ACTUALIZAR PAGOS · AUTO] === Ejecución finalizada con éxito ===
🤖 [Automático] Es hora de actualizar pagos. Arrancando...
[ACTUALIZAR PAGOS · AUTO] === Inicio de ejecución: pagos ===
[ACTUALIZAR PAGOS · AUTO] ▶ [LoginSemytPaso] Iniciando...
[ACTUALIZAR PAGOS · AUTO] ==================================================
[ACTUALIZAR PAGOS · AUTO] 🚀 PASO: LoginSemytPaso
[ACTUALIZAR PAGOS · AUTO] ==================================================
[ACTUALIZAR PAGOS · AUTO] Abriendo SEMyT...
⏳ [Automático] Tocaba disparar 'pagos' pero ya hay una ejecución en curso (Actualizar pagos); esperando a que termine; se reintenta en breve sin perder el turno.
[ACTUALIZAR PAGOS · AUTO] ✅ [SEMyT] Sesión existente detectada. Login omitido.
[ACTUALIZAR PAGOS · AUTO] ✅ LoginSemytPaso finalizado. (⏱ 30.1s)
[ACTUALIZAR PAGOS · AUTO] ✓ [LoginSemytPaso] Completado.
[ACTUALIZAR PAGOS · AUTO] ▶ [LoginJuzgadoPaso] Iniciando...
[ACTUALIZAR PAGOS · AUTO] ==================================================
[ACTUALIZAR PAGOS · AUTO] 🚀 PASO: LoginJuzgadoPaso
[ACTUALIZAR PAGOS · AUTO] ==================================================
[ACTUALIZAR PAGOS · AUTO] Abriendo sitio municipalidad (CiDi)...
[ACTUALIZAR PAGOS · AUTO] ✅ [Juzgado] Sesión existente detectada. Login omitido.
[ACTUALIZAR PAGOS · AUTO] ✅ LoginJuzgadoPaso finalizado. (⏱ 1.5s)
[ACTUALIZAR PAGOS · AUTO] ✓ [LoginJuzgadoPaso] Completado.
[ACTUALIZAR PAGOS · AUTO] ▶ [DescargasParalelasPaso] Iniciando...
[ACTUALIZAR PAGOS · AUTO] ==================================================
[ACTUALIZAR PAGOS · AUTO] 🚀 PASO: DescargasParalelasPaso
[ACTUALIZAR PAGOS · AUTO] ==================================================
[ACTUALIZAR PAGOS · AUTO] 📤 Arrancando las 3 descargas en paralelo (mismo browser, páginas separadas)...
[ACTUALIZAR PAGOS · AUTO] Fecha Desde: 27/06/2024
[ACTUALIZAR PAGOS · AUTO] Fecha Hasta: 24/11/2025
[ACTUALIZAR PAGOS · AUTO] Fecha Desde: 25/11/2025
[ACTUALIZAR PAGOS · AUTO] Fecha Hasta: 24/07/2026
[ACTUALIZAR PAGOS · AUTO] Descargando Excel...
[ACTUALIZAR PAGOS · AUTO] Descargando Excel...
[ACTUALIZAR PAGOS · AUTO] Archivo descargado en: backend/descargas/cache_actas_cruce/MULTAS_JUZGADO_CRUCE.xlsx
[ACTUALIZAR PAGOS · AUTO] ⏱ [actas_juzgado] completado en 37.1s
[ACTUALIZAR PAGOS · AUTO] ✅ TXT de pagos descargado en: backend/descargas/pagos/2026-07-24/PAGOS DESCARGADOS.txt
[ACTUALIZAR PAGOS · AUTO] ⏱ [pagos_txt] completado en 37.3s
[ACTUALIZAR PAGOS · AUTO] Archivo descargado en: backend/descargas/cache_actas_cruce/MULTAS_SIGEMI_CRUCE.xlsx
[ACTUALIZAR PAGOS · AUTO] ⏱ [actas_sigemi] completado en 81.6s
[ACTUALIZAR PAGOS · AUTO] ⏱ TOTAL descargas en paralelo: 81.6s
[ACTUALIZAR PAGOS · AUTO] ✅ DescargasParalelasPaso finalizado. (⏱ 83.1s)
[ACTUALIZAR PAGOS · AUTO] ✓ [DescargasParalelasPaso] Completado.
[ACTUALIZAR PAGOS · AUTO] ▶ [CompararActasPaso] Iniciando...
[ACTUALIZAR PAGOS · AUTO] ==================================================
[ACTUALIZAR PAGOS · AUTO] 🚀 PASO: CompararActasPaso
[ACTUALIZAR PAGOS · AUTO] ==================================================
[ACTUALIZAR PAGOS · AUTO] 🔍 Comparando actas del SEMyT contra pagos del Juzgado...
[ACTUALIZAR PAGOS · AUTO] ================================================================================
[ACTUALIZAR PAGOS · AUTO] INICIANDO PROCESO DE GENERACIÓN DE PAGOS DESACTUALIZADOS
[ACTUALIZAR PAGOS · AUTO] ================================================================================
[ACTUALIZAR PAGOS · AUTO] 📂 Cargando archivos...
[ACTUALIZAR PAGOS · AUTO]   ✓ Pagos: 17072 registros
[ACTUALIZAR PAGOS · AUTO]   ✓ Excel SIGEMI (multas vencidas viejas): 103478 registros
[ACTUALIZAR PAGOS · AUTO]   ✓ Excel Juzgado (multas vencidas nuevas): 40017 registros
[ACTUALIZAR PAGOS · AUTO] ================================================================================
[ACTUALIZAR PAGOS · AUTO] PASO 1: LLENANDO ACTA_NUMERO (búsqueda por patente + fecha, con desempate por hora)
[ACTUALIZAR PAGOS · AUTO] ================================================================================
[ACTUALIZAR PAGOS · AUTO] 📊 ESTADÍSTICAS DE LLENADO DE ACTAS:
[ACTUALIZAR PAGOS · AUTO]   • Pagos con acta ORIGINAL: 2986
[ACTUALIZAR PAGOS · AUTO]   • Pagos SIN acta (buscados): 14086
[ACTUALIZAR PAGOS · AUTO]   • Pagos LLENADOS exitosamente: 1
[ACTUALIZAR PAGOS · AUTO]   • Pagos NO encontrados en multas: 14085
[ACTUALIZAR PAGOS · AUTO]   • Pagos SIN RESOLVER por desbalance de cantidades: 0
[ACTUALIZAR PAGOS · AUTO] ================================================================================
[ACTUALIZAR PAGOS · AUTO] PASO 1: LLENANDO ACTA_NUMERO (búsqueda por patente + fecha, con desempate por hora)
[ACTUALIZAR PAGOS · AUTO] ================================================================================
[ACTUALIZAR PAGOS · AUTO] 📊 ESTADÍSTICAS DE LLENADO DE ACTAS:
[ACTUALIZAR PAGOS · AUTO]   • Pagos con acta ORIGINAL: 2987
[ACTUALIZAR PAGOS · AUTO]   • Pagos SIN acta (buscados): 14085
[ACTUALIZAR PAGOS · AUTO]   • Pagos LLENADOS exitosamente: 0
[ACTUALIZAR PAGOS · AUTO]   • Pagos NO encontrados en multas: 14085
[ACTUALIZAR PAGOS · AUTO]   • Pagos SIN RESOLVER por desbalance de cantidades: 0
[ACTUALIZAR PAGOS · AUTO] ⏱ PASO 1 (llenar actas): 17.2s
[ACTUALIZAR PAGOS · AUTO] ================================================================================
[ACTUALIZAR PAGOS · AUTO] PASO 2: FILTRANDO PAGOS CON ACTA_NUMERO COMPLETO
[ACTUALIZAR PAGOS · AUTO] ================================================================================
[ACTUALIZAR PAGOS · AUTO] 📊 ESTADÍSTICAS DE FILTRADO:
[ACTUALIZAR PAGOS · AUTO]   • Pagos TOTALES al inicio: 17072
[ACTUALIZAR PAGOS · AUTO]   • Pagos CON acta (MANTIENEN): 2987
[ACTUALIZAR PAGOS · AUTO]   • Pagos RECHAZADOS (sin coincidencias): 14085
[ACTUALIZAR PAGOS · AUTO] ⚠️  Se eliminaron 14085 registros sin número de acta
[ACTUALIZAR PAGOS · AUTO]      (recordá: esto incluye tanto pagos ya actualizados/pagados
[ACTUALIZAR PAGOS · AUTO]       como pagos que quedaron sin resolver por desbalance en el Paso 1)
[ACTUALIZAR PAGOS · AUTO] ================================================================================
[ACTUALIZAR PAGOS · AUTO] PASO 2-bis: CONFIRMANDO VIGENCIA DE PAGOS DEL SISTEMA NUEVO (contra MULTAS_JUZGADO_CRUCE)
[ACTUALIZAR PAGOS · AUTO] ================================================================================
[ACTUALIZAR PAGOS · AUTO]   ⚠ 2981 pago(s) del sistema nuevo descartados: su acta ya no figura como vencida en MULTAS_JUZGADO_CRUCE (SEMyT ya los actualizó).
[ACTUALIZAR PAGOS · AUTO]   • Pagos del sistema nuevo descartados por ya estar actualizados: 2981
[ACTUALIZAR PAGOS · AUTO] ⏱ PASO 2 (filtrar): 1.4s
[ACTUALIZAR PAGOS · AUTO] 📂 Cargando maestro de causas SIGEMI...
[ACTUALIZAR PAGOS · AUTO]   ✓ Causas totales (maestro): 134069 registros
[ACTUALIZAR PAGOS · AUTO] ⏱ PASO 2.5 (causas simplificado): 0.2s
[ACTUALIZAR PAGOS · AUTO] ================================================================================
[ACTUALIZAR PAGOS · AUTO] PASO 2.5: ARMANDO causas.txt SIMPLIFICADO (cruce contra total_causas_sigemi.txt)
[ACTUALIZAR PAGOS · AUTO] ================================================================================
[ACTUALIZAR PAGOS · AUTO]   • Actas vencidas viejas (multas): 103478
[ACTUALIZAR PAGOS · AUTO]   • Causas totales en el maestro SIGEMI: 134069
[ACTUALIZAR PAGOS · AUTO]   • Causas que coinciden (simplificado): 103150
[ACTUALIZAR PAGOS · AUTO]   ✅ Archivo escrito: backend/descargas/causas/causas.txt
[ACTUALIZAR PAGOS · AUTO] ⏱ PASO 2.5 (causas simplificado): 3.0s
[ACTUALIZAR PAGOS · AUTO] ================================================================================
[ACTUALIZAR PAGOS · AUTO] PASO 3: LLENANDO CAUSA_NUMERO (según fecha de cambio de sistema, cruzando por acta + año)
[ACTUALIZAR PAGOS · AUTO] ================================================================================
[ACTUALIZAR PAGOS · AUTO] 📊 ESTADÍSTICAS DE LLENADO DE CAUSAS:
[ACTUALIZAR PAGOS · AUTO]   • Pagos con causa ORIGINAL: 5
[ACTUALIZAR PAGOS · AUTO]   • Causas encontradas en SIGEMI (actas viejas): 1
[ACTUALIZAR PAGOS · AUTO]   • Causas NO encontradas en SIGEMI: 0
[ACTUALIZAR PAGOS · AUTO]   • Causas asignadas automáticamente (actas nuevas): 0
[ACTUALIZAR PAGOS · AUTO] ⏱ PASO 3 (llenar causas): 0.0s
[ACTUALIZAR PAGOS · AUTO] ================================================================================
[ACTUALIZAR PAGOS · AUTO] PASO 4: ORDENANDO POR FECHA Y ACTA_NUMERO
[ACTUALIZAR PAGOS · AUTO] ================================================================================
[ACTUALIZAR PAGOS · AUTO] ✓ Pagos ordenados correctamente
[ACTUALIZAR PAGOS · AUTO]   • Primera entrada: Acta=195020, Fecha=27/08/2025
[ACTUALIZAR PAGOS · AUTO]   • Última entrada: Acta=315810, Fecha=18/05/2026
[ACTUALIZAR PAGOS · AUTO] 📝 Escribiendo archivo de salida...
[ACTUALIZAR PAGOS · AUTO]   ✅ Archivo escrito: backend/descargas/pagos/2026-07-24/PAGOS 20260724 120509.txt
[ACTUALIZAR PAGOS · AUTO]   ✅ Total registros: 742
[ACTUALIZAR PAGOS · AUTO] ⏱ PASO 4 (ordenar y escribir): 0.0s
[ACTUALIZAR PAGOS · AUTO] ================================================================================
[ACTUALIZAR PAGOS · AUTO] ✅ PROCESO COMPLETADO EXITOSAMENTE
[ACTUALIZAR PAGOS · AUTO] ================================================================================
[ACTUALIZAR PAGOS · AUTO] 📊 RESUMEN FINAL DEL PROCESAMIENTO:
[ACTUALIZAR PAGOS · AUTO]   ENTRADA:
[ACTUALIZAR PAGOS · AUTO]     • Pagos originales: 17072
[ACTUALIZAR PAGOS · AUTO]     • Multas SIGEMI cargadas: 103478
[ACTUALIZAR PAGOS · AUTO]     • Multas Juzgado cargadas: 40017
[ACTUALIZAR PAGOS · AUTO]     • Causas simplificadas (usadas para el cruce): 103150
[ACTUALIZAR PAGOS · AUTO]   PROCESO:
[ACTUALIZAR PAGOS · AUTO]     • Pagos rechazados sigemi: 14085
[ACTUALIZAR PAGOS · AUTO]     • Pagos rechazados juzgado: 2981
[ACTUALIZAR PAGOS · AUTO]   SALIDA:
[ACTUALIZAR PAGOS · AUTO]     • Pagos desactualizados procesados: 6
[ACTUALIZAR PAGOS · AUTO]     • Archivo final: backend/descargas/pagos/2026-07-24/PAGOS 20260724 120509.txt
[ACTUALIZAR PAGOS · AUTO]     • Ordenados por fecha: SÍ ✓
[ACTUALIZAR PAGOS · AUTO]     • Todos con ACTA_NUMERO: SÍ ✓
[ACTUALIZAR PAGOS · AUTO]     • Todos con CAUSA_NUMERO: SÍ ✓
[ACTUALIZAR PAGOS · AUTO] ✅ TXT de pagos (ya cruzado con actas y causas) generado en: backend/descargas/pagos/2026-07-24/PAGOS 20260724 120509.txt
[ACTUALIZAR PAGOS · AUTO] 🧹 TXT de pagos crudo eliminado (ya usado en el cruce): backend/descargas/pagos/2026-07-24/PAGOS DESCARGADOS.txt
[ACTUALIZAR PAGOS · AUTO] 🧹 Excel MULTAS_SIGEMI_CRUCE eliminado (ya usado en el cruce): backend/descargas/cache_actas_cruce/MULTAS_SIGEMI_CRUCE.xlsx
[ACTUALIZAR PAGOS · AUTO] 🧹 Excel MULTAS_JUZGADO_CRUCE eliminado (ya usado en el cruce): backend/descargas/cache_actas_cruce/MULTAS_JUZGADO_CRUCE.xlsx
[ACTUALIZAR PAGOS · AUTO] ✅ CompararActasPaso finalizado. (⏱ 46.8s)
[ACTUALIZAR PAGOS · AUTO] ✓ [CompararActasPaso] Completado.
[ACTUALIZAR PAGOS · AUTO] ▶ [CargarPagosPaso] Iniciando...
[ACTUALIZAR PAGOS · AUTO] ==================================================
[ACTUALIZAR PAGOS · AUTO] 🚀 PASO: CargarPagosPaso
[ACTUALIZAR PAGOS · AUTO] ==================================================
[ACTUALIZAR PAGOS · AUTO] 📤 Subiendo TXT de pagos al SEMyT...
[ACTUALIZAR PAGOS · AUTO] ✅ Importación de pagos completada con éxito.
[ACTUALIZAR PAGOS · AUTO] ✅ Archivo TXT de pagos cargado en el SEMyT correctamente.
[ACTUALIZAR PAGOS · AUTO] ✅ CargarPagosPaso finalizado. (⏱ 2.8s)
[ACTUALIZAR PAGOS · AUTO] ✓ [CargarPagosPaso] Completado.
[ACTUALIZAR PAGOS · AUTO] === Ejecución finalizada con éxito ===
🤖 [Automático] Es hora de actualizar pagos. Arrancando...
[ACTUALIZAR PAGOS · AUTO] === Inicio de ejecución: pagos ===
[ACTUALIZAR PAGOS · AUTO] ▶ [LoginSemytPaso] Iniciando...
[ACTUALIZAR PAGOS · AUTO] ==================================================
[ACTUALIZAR PAGOS · AUTO] 🚀 PASO: LoginSemytPaso
[ACTUALIZAR PAGOS · AUTO] ==================================================
[ACTUALIZAR PAGOS · AUTO] Abriendo SEMyT...
⏳ [Automático] Tocaba disparar 'pagos' pero ya hay una ejecución en curso (Actualizar pagos); esperando a que termine; se reintenta en breve sin perder el turno.
[ACTUALIZAR PAGOS · AUTO] ✅ [SEMyT] Sesión existente detectada. Login omitido.
[ACTUALIZAR PAGOS · AUTO] ✅ LoginSemytPaso finalizado. (⏱ 25.6s)
[ACTUALIZAR PAGOS · AUTO] ✓ [LoginSemytPaso] Completado.
[ACTUALIZAR PAGOS · AUTO] ▶ [LoginJuzgadoPaso] Iniciando...
[ACTUALIZAR PAGOS · AUTO] ==================================================
[ACTUALIZAR PAGOS · AUTO] 🚀 PASO: LoginJuzgadoPaso
[ACTUALIZAR PAGOS · AUTO] ==================================================
[ACTUALIZAR PAGOS · AUTO] Abriendo sitio municipalidad (CiDi)...
[ACTUALIZAR PAGOS · AUTO] ✅ [Juzgado] Sesión existente detectada. Login omitido.
[ACTUALIZAR PAGOS · AUTO] ✅ LoginJuzgadoPaso finalizado. (⏱ 1.5s)
[ACTUALIZAR PAGOS · AUTO] ✓ [LoginJuzgadoPaso] Completado.
[ACTUALIZAR PAGOS · AUTO] ▶ [DescargasParalelasPaso] Iniciando...
[ACTUALIZAR PAGOS · AUTO] ==================================================
[ACTUALIZAR PAGOS · AUTO] 🚀 PASO: DescargasParalelasPaso
[ACTUALIZAR PAGOS · AUTO] ==================================================
[ACTUALIZAR PAGOS · AUTO] 📤 Arrancando las 3 descargas en paralelo (mismo browser, páginas separadas)...
[ACTUALIZAR PAGOS · AUTO] Fecha Desde: 27/06/2024
[ACTUALIZAR PAGOS · AUTO] Fecha Hasta: 24/11/2025
[ACTUALIZAR PAGOS · AUTO] Fecha Desde: 25/11/2025
[ACTUALIZAR PAGOS · AUTO] Fecha Hasta: 24/07/2026
[ACTUALIZAR PAGOS · AUTO] Descargando Excel...
[ACTUALIZAR PAGOS · AUTO] Descargando Excel...
[ACTUALIZAR PAGOS · AUTO] Archivo descargado en: backend/descargas/cache_actas_cruce/MULTAS_JUZGADO_CRUCE.xlsx
[ACTUALIZAR PAGOS · AUTO] ⏱ [actas_juzgado] completado en 27.7s
[ACTUALIZAR PAGOS · AUTO] ✅ TXT de pagos descargado en: backend/descargas/pagos/2026-07-24/PAGOS DESCARGADOS.txt
[ACTUALIZAR PAGOS · AUTO] ⏱ [pagos_txt] completado en 35.2s
[ACTUALIZAR PAGOS · AUTO] Archivo descargado en: backend/descargas/cache_actas_cruce/MULTAS_SIGEMI_CRUCE.xlsx
[ACTUALIZAR PAGOS · AUTO] ⏱ [actas_sigemi] completado en 66.1s
[ACTUALIZAR PAGOS · AUTO] ⏱ TOTAL descargas en paralelo: 66.1s
[ACTUALIZAR PAGOS · AUTO] ✅ DescargasParalelasPaso finalizado. (⏱ 67.3s)
[ACTUALIZAR PAGOS · AUTO] ✓ [DescargasParalelasPaso] Completado.
[ACTUALIZAR PAGOS · AUTO] ▶ [CompararActasPaso] Iniciando...
[ACTUALIZAR PAGOS · AUTO] ==================================================
[ACTUALIZAR PAGOS · AUTO] 🚀 PASO: CompararActasPaso
[ACTUALIZAR PAGOS · AUTO] ==================================================
[ACTUALIZAR PAGOS · AUTO] 🔍 Comparando actas del SEMyT contra pagos del Juzgado...
[ACTUALIZAR PAGOS · AUTO] ================================================================================
[ACTUALIZAR PAGOS · AUTO] INICIANDO PROCESO DE GENERACIÓN DE PAGOS DESACTUALIZADOS
[ACTUALIZAR PAGOS · AUTO] ================================================================================
[ACTUALIZAR PAGOS · AUTO] 📂 Cargando archivos...
[ACTUALIZAR PAGOS · AUTO]   ✓ Pagos: 17091 registros
[ACTUALIZAR PAGOS · AUTO]   ✓ Excel SIGEMI (multas vencidas viejas): 103477 registros
[ACTUALIZAR PAGOS · AUTO]   ✓ Excel Juzgado (multas vencidas nuevas): 40013 registros
[ACTUALIZAR PAGOS · AUTO] ================================================================================
[ACTUALIZAR PAGOS · AUTO] PASO 1: LLENANDO ACTA_NUMERO (búsqueda por patente + fecha, con desempate por hora)
[ACTUALIZAR PAGOS · AUTO] ================================================================================
[ACTUALIZAR PAGOS · AUTO] 📊 ESTADÍSTICAS DE LLENADO DE ACTAS:
[ACTUALIZAR PAGOS · AUTO]   • Pagos con acta ORIGINAL: 2997
[ACTUALIZAR PAGOS · AUTO]   • Pagos SIN acta (buscados): 14094
[ACTUALIZAR PAGOS · AUTO]   • Pagos LLENADOS exitosamente: 8
[ACTUALIZAR PAGOS · AUTO]   • Pagos NO encontrados en multas: 14086
[ACTUALIZAR PAGOS · AUTO]   • Pagos SIN RESOLVER por desbalance de cantidades: 0
[ACTUALIZAR PAGOS · AUTO] ================================================================================
[ACTUALIZAR PAGOS · AUTO] PASO 1: LLENANDO ACTA_NUMERO (búsqueda por patente + fecha, con desempate por hora)
[ACTUALIZAR PAGOS · AUTO] ================================================================================
[ACTUALIZAR PAGOS · AUTO] 📊 ESTADÍSTICAS DE LLENADO DE ACTAS:
[ACTUALIZAR PAGOS · AUTO]   • Pagos con acta ORIGINAL: 3005
[ACTUALIZAR PAGOS · AUTO]   • Pagos SIN acta (buscados): 14086
[ACTUALIZAR PAGOS · AUTO]   • Pagos LLENADOS exitosamente: 0
[ACTUALIZAR PAGOS · AUTO]   • Pagos NO encontrados en multas: 14086
[ACTUALIZAR PAGOS · AUTO]   • Pagos SIN RESOLVER por desbalance de cantidades: 0
[ACTUALIZAR PAGOS · AUTO] ⏱ PASO 1 (llenar actas): 19.3s
[ACTUALIZAR PAGOS · AUTO] ================================================================================
[ACTUALIZAR PAGOS · AUTO] PASO 2: FILTRANDO PAGOS CON ACTA_NUMERO COMPLETO
[ACTUALIZAR PAGOS · AUTO] ================================================================================
[ACTUALIZAR PAGOS · AUTO] 📊 ESTADÍSTICAS DE FILTRADO:
[ACTUALIZAR PAGOS · AUTO]   • Pagos TOTALES al inicio: 17091
[ACTUALIZAR PAGOS · AUTO]   • Pagos CON acta (MANTIENEN): 3005
[ACTUALIZAR PAGOS · AUTO]   • Pagos RECHAZADOS (sin coincidencias): 14086
[ACTUALIZAR PAGOS · AUTO] ⚠️  Se eliminaron 14086 registros sin número de acta
[ACTUALIZAR PAGOS · AUTO]      (recordá: esto incluye tanto pagos ya actualizados/pagados
[ACTUALIZAR PAGOS · AUTO]       como pagos que quedaron sin resolver por desbalance en el Paso 1)
[ACTUALIZAR PAGOS · AUTO] ================================================================================
[ACTUALIZAR PAGOS · AUTO] PASO 2-bis: CONFIRMANDO VIGENCIA DE PAGOS DEL SISTEMA NUEVO (contra MULTAS_JUZGADO_CRUCE)
[ACTUALIZAR PAGOS · AUTO] ================================================================================
[ACTUALIZAR PAGOS · AUTO]   ⚠ 2985 pago(s) del sistema nuevo descartados: su acta ya no figura como vencida en MULTAS_JUZGADO_CRUCE (SEMyT ya los actualizó).
[ACTUALIZAR PAGOS · AUTO]   • Pagos del sistema nuevo descartados por ya estar actualizados: 2985
[ACTUALIZAR PAGOS · AUTO] ⏱ PASO 2 (filtrar): 1.4s
[ACTUALIZAR PAGOS · AUTO] 📂 Cargando maestro de causas SIGEMI...
[ACTUALIZAR PAGOS · AUTO]   ✓ Causas totales (maestro): 134069 registros
[ACTUALIZAR PAGOS · AUTO] ⏱ PASO 2.5 (causas simplificado): 0.2s
[ACTUALIZAR PAGOS · AUTO] ================================================================================
[ACTUALIZAR PAGOS · AUTO] PASO 2.5: ARMANDO causas.txt SIMPLIFICADO (cruce contra total_causas_sigemi.txt)
[ACTUALIZAR PAGOS · AUTO] ================================================================================
[ACTUALIZAR PAGOS · AUTO]   • Actas vencidas viejas (multas): 103477
[ACTUALIZAR PAGOS · AUTO]   • Causas totales en el maestro SIGEMI: 134069
[ACTUALIZAR PAGOS · AUTO]   • Causas que coinciden (simplificado): 103149
[ACTUALIZAR PAGOS · AUTO]   ✅ Archivo escrito: backend/descargas/causas/causas.txt
[ACTUALIZAR PAGOS · AUTO] ⏱ PASO 2.5 (causas simplificado): 3.3s
[ACTUALIZAR PAGOS · AUTO] ================================================================================
[ACTUALIZAR PAGOS · AUTO] PASO 3: LLENANDO CAUSA_NUMERO (según fecha de cambio de sistema, cruzando por acta + año)
[ACTUALIZAR PAGOS · AUTO] ================================================================================
[ACTUALIZAR PAGOS · AUTO] 📊 ESTADÍSTICAS DE LLENADO DE CAUSAS:
[ACTUALIZAR PAGOS · AUTO]   • Pagos con causa ORIGINAL: 12
[ACTUALIZAR PAGOS · AUTO]   • Causas encontradas en SIGEMI (actas viejas): 8
[ACTUALIZAR PAGOS · AUTO]   • Causas NO encontradas en SIGEMI: 0
[ACTUALIZAR PAGOS · AUTO]   • Causas asignadas automáticamente (actas nuevas): 0
[ACTUALIZAR PAGOS · AUTO] ⏱ PASO 3 (llenar causas): 0.0s
[ACTUALIZAR PAGOS · AUTO] ================================================================================
[ACTUALIZAR PAGOS · AUTO] PASO 4: ORDENANDO POR FECHA Y ACTA_NUMERO
[ACTUALIZAR PAGOS · AUTO] ================================================================================
[ACTUALIZAR PAGOS · AUTO] ✓ Pagos ordenados correctamente
[ACTUALIZAR PAGOS · AUTO]   • Primera entrada: Acta=51251, Fecha=24/09/2024
[ACTUALIZAR PAGOS · AUTO]   • Última entrada: Acta=316638, Fecha=19/05/2026
[ACTUALIZAR PAGOS · AUTO] 📝 Escribiendo archivo de salida...
[ACTUALIZAR PAGOS · AUTO]   ✅ Archivo escrito: backend/descargas/pagos/2026-07-24/PAGOS 20260724 121737.txt
[ACTUALIZAR PAGOS · AUTO]   ✅ Total registros: 2360
[ACTUALIZAR PAGOS · AUTO] ⏱ PASO 4 (ordenar y escribir): 0.0s
[ACTUALIZAR PAGOS · AUTO] ================================================================================
[ACTUALIZAR PAGOS · AUTO] ✅ PROCESO COMPLETADO EXITOSAMENTE
[ACTUALIZAR PAGOS · AUTO] ================================================================================
[ACTUALIZAR PAGOS · AUTO] 📊 RESUMEN FINAL DEL PROCESAMIENTO:
[ACTUALIZAR PAGOS · AUTO]   ENTRADA:
[ACTUALIZAR PAGOS · AUTO]     • Pagos originales: 17091
[ACTUALIZAR PAGOS · AUTO]     • Multas SIGEMI cargadas: 103477
[ACTUALIZAR PAGOS · AUTO]     • Multas Juzgado cargadas: 40013
[ACTUALIZAR PAGOS · AUTO]     • Causas simplificadas (usadas para el cruce): 103149
[ACTUALIZAR PAGOS · AUTO]   PROCESO:
[ACTUALIZAR PAGOS · AUTO]     • Pagos rechazados sigemi: 14086
[ACTUALIZAR PAGOS · AUTO]     • Pagos rechazados juzgado: 2985
[ACTUALIZAR PAGOS · AUTO]   SALIDA:
[ACTUALIZAR PAGOS · AUTO]     • Pagos desactualizados procesados: 20
[ACTUALIZAR PAGOS · AUTO]     • Archivo final: backend/descargas/pagos/2026-07-24/PAGOS 20260724 121737.txt
[ACTUALIZAR PAGOS · AUTO]     • Ordenados por fecha: SÍ ✓
[ACTUALIZAR PAGOS · AUTO]     • Todos con ACTA_NUMERO: SÍ ✓
[ACTUALIZAR PAGOS · AUTO]     • Todos con CAUSA_NUMERO: SÍ ✓
[ACTUALIZAR PAGOS · AUTO] ✅ TXT de pagos (ya cruzado con actas y causas) generado en: backend/descargas/pagos/2026-07-24/PAGOS 20260724 121737.txt
[ACTUALIZAR PAGOS · AUTO] 🧹 TXT de pagos crudo eliminado (ya usado en el cruce): backend/descargas/pagos/2026-07-24/PAGOS DESCARGADOS.txt
[ACTUALIZAR PAGOS · AUTO] 🧹 Excel MULTAS_SIGEMI_CRUCE eliminado (ya usado en el cruce): backend/descargas/cache_actas_cruce/MULTAS_SIGEMI_CRUCE.xlsx
[ACTUALIZAR PAGOS · AUTO] 🧹 Excel MULTAS_JUZGADO_CRUCE eliminado (ya usado en el cruce): backend/descargas/cache_actas_cruce/MULTAS_JUZGADO_CRUCE.xlsx
[ACTUALIZAR PAGOS · AUTO] ✅ CompararActasPaso finalizado. (⏱ 53.0s)
[ACTUALIZAR PAGOS · AUTO] ✓ [CompararActasPaso] Completado.
[ACTUALIZAR PAGOS · AUTO] ▶ [CargarPagosPaso] Iniciando...
[ACTUALIZAR PAGOS · AUTO] ==================================================
[ACTUALIZAR PAGOS · AUTO] 🚀 PASO: CargarPagosPaso
[ACTUALIZAR PAGOS · AUTO] ==================================================
[ACTUALIZAR PAGOS · AUTO] 📤 Subiendo TXT de pagos al SEMyT...
[ACTUALIZAR PAGOS · AUTO] ✅ Importación de pagos completada con éxito.
[ACTUALIZAR PAGOS · AUTO] ✅ Archivo TXT de pagos cargado en el SEMyT correctamente.
[ACTUALIZAR PAGOS · AUTO] ✅ CargarPagosPaso finalizado. (⏱ 3.1s)
[ACTUALIZAR PAGOS · AUTO] ✓ [CargarPagosPaso] Completado.
[ACTUALIZAR PAGOS · AUTO] === Ejecución finalizada con éxito ===
🤖 [Automático] Es hora de actualizar pagos. Arrancando...
[ACTUALIZAR PAGOS · AUTO] === Inicio de ejecución: pagos ===
[ACTUALIZAR PAGOS · AUTO] ▶ [LoginSemytPaso] Iniciando...
[ACTUALIZAR PAGOS · AUTO] ==================================================
[ACTUALIZAR PAGOS · AUTO] 🚀 PASO: LoginSemytPaso
[ACTUALIZAR PAGOS · AUTO] ==================================================
[ACTUALIZAR PAGOS · AUTO] Abriendo SEMyT...
⏳ [Automático] Tocaba disparar 'pagos' pero ya hay una ejecución en curso (Actualizar pagos); esperando a que termine; se reintenta en breve sin perder el turno.
[ACTUALIZAR PAGOS · AUTO] ✅ [SEMyT] Sesión existente detectada. Login omitido.
[ACTUALIZAR PAGOS · AUTO] ✅ LoginSemytPaso finalizado. (⏱ 33.5s)
[ACTUALIZAR PAGOS · AUTO] ✓ [LoginSemytPaso] Completado.
[ACTUALIZAR PAGOS · AUTO] ▶ [LoginJuzgadoPaso] Iniciando...
[ACTUALIZAR PAGOS · AUTO] ==================================================
[ACTUALIZAR PAGOS · AUTO] 🚀 PASO: LoginJuzgadoPaso
[ACTUALIZAR PAGOS · AUTO] ==================================================
[ACTUALIZAR PAGOS · AUTO] Abriendo sitio municipalidad (CiDi)...
[ACTUALIZAR PAGOS · AUTO] ✅ [Juzgado] Sesión existente detectada. Login omitido.
[ACTUALIZAR PAGOS · AUTO] ✅ LoginJuzgadoPaso finalizado. (⏱ 1.2s)
[ACTUALIZAR PAGOS · AUTO] ✓ [LoginJuzgadoPaso] Completado.
[ACTUALIZAR PAGOS · AUTO] ▶ [DescargasParalelasPaso] Iniciando...
[ACTUALIZAR PAGOS · AUTO] ==================================================
[ACTUALIZAR PAGOS · AUTO] 🚀 PASO: DescargasParalelasPaso
[ACTUALIZAR PAGOS · AUTO] ==================================================
[ACTUALIZAR PAGOS · AUTO] 📤 Arrancando las 3 descargas en paralelo (mismo browser, páginas separadas)...
[ACTUALIZAR PAGOS · AUTO] Fecha Desde: 27/06/2024
[ACTUALIZAR PAGOS · AUTO] Fecha Hasta: 24/11/2025
[ACTUALIZAR PAGOS · AUTO] Fecha Desde: 25/11/2025
[ACTUALIZAR PAGOS · AUTO] Fecha Hasta: 24/07/2026
[ACTUALIZAR PAGOS · AUTO] Descargando Excel...
[ACTUALIZAR PAGOS · AUTO] Descargando Excel...
[ACTUALIZAR PAGOS · AUTO] ✅ TXT de pagos descargado en: backend/descargas/pagos/2026-07-24/PAGOS DESCARGADOS.txt
[ACTUALIZAR PAGOS · AUTO] ⏱ [pagos_txt] completado en 25.3s
[ACTUALIZAR PAGOS · AUTO] Archivo descargado en: backend/descargas/cache_actas_cruce/MULTAS_JUZGADO_CRUCE.xlsx
[ACTUALIZAR PAGOS · AUTO] ⏱ [actas_juzgado] completado en 34.5s
[ACTUALIZAR PAGOS · AUTO] Archivo descargado en: backend/descargas/cache_actas_cruce/MULTAS_SIGEMI_CRUCE.xlsx
[ACTUALIZAR PAGOS · AUTO] ⏱ [actas_sigemi] completado en 69.2s
[ACTUALIZAR PAGOS · AUTO] ⏱ TOTAL descargas en paralelo: 69.2s
[ACTUALIZAR PAGOS · AUTO] ✅ DescargasParalelasPaso finalizado. (⏱ 70.5s)
[ACTUALIZAR PAGOS · AUTO] ✓ [DescargasParalelasPaso] Completado.
[ACTUALIZAR PAGOS · AUTO] ▶ [CompararActasPaso] Iniciando...
[ACTUALIZAR PAGOS · AUTO] ==================================================
[ACTUALIZAR PAGOS · AUTO] 🚀 PASO: CompararActasPaso
[ACTUALIZAR PAGOS · AUTO] ==================================================
[ACTUALIZAR PAGOS · AUTO] 🔍 Comparando actas del SEMyT contra pagos del Juzgado...
[ACTUALIZAR PAGOS · AUTO] ================================================================================
[ACTUALIZAR PAGOS · AUTO] INICIANDO PROCESO DE GENERACIÓN DE PAGOS DESACTUALIZADOS
[ACTUALIZAR PAGOS · AUTO] ================================================================================
[ACTUALIZAR PAGOS · AUTO] 📂 Cargando archivos...
[ACTUALIZAR PAGOS · AUTO]   ✓ Pagos: 17098 registros
[ACTUALIZAR PAGOS · AUTO]   ✓ Excel SIGEMI (multas vencidas viejas): 103469 registros
[ACTUALIZAR PAGOS · AUTO]   ✓ Excel Juzgado (multas vencidas nuevas): 40002 registros
[ACTUALIZAR PAGOS · AUTO] ================================================================================
[ACTUALIZAR PAGOS · AUTO] PASO 1: LLENANDO ACTA_NUMERO (búsqueda por patente + fecha, con desempate por hora)
[ACTUALIZAR PAGOS · AUTO] ================================================================================
[ACTUALIZAR PAGOS · AUTO] 📊 ESTADÍSTICAS DE LLENADO DE ACTAS:
[ACTUALIZAR PAGOS · AUTO]   • Pagos con acta ORIGINAL: 3002
[ACTUALIZAR PAGOS · AUTO]   • Pagos SIN acta (buscados): 14096
[ACTUALIZAR PAGOS · AUTO]   • Pagos LLENADOS exitosamente: 2
[ACTUALIZAR PAGOS · AUTO]   • Pagos NO encontrados en multas: 14094
[ACTUALIZAR PAGOS · AUTO]   • Pagos SIN RESOLVER por desbalance de cantidades: 0
[ACTUALIZAR PAGOS · AUTO] ================================================================================
[ACTUALIZAR PAGOS · AUTO] PASO 1: LLENANDO ACTA_NUMERO (búsqueda por patente + fecha, con desempate por hora)
[ACTUALIZAR PAGOS · AUTO] ================================================================================
[ACTUALIZAR PAGOS · AUTO] 📊 ESTADÍSTICAS DE LLENADO DE ACTAS:
[ACTUALIZAR PAGOS · AUTO]   • Pagos con acta ORIGINAL: 3004
[ACTUALIZAR PAGOS · AUTO]   • Pagos SIN acta (buscados): 14094
[ACTUALIZAR PAGOS · AUTO]   • Pagos LLENADOS exitosamente: 0
[ACTUALIZAR PAGOS · AUTO]   • Pagos NO encontrados en multas: 14094
[ACTUALIZAR PAGOS · AUTO]   • Pagos SIN RESOLVER por desbalance de cantidades: 0
[ACTUALIZAR PAGOS · AUTO] ⏱ PASO 1 (llenar actas): 19.4s
[ACTUALIZAR PAGOS · AUTO] ================================================================================
[ACTUALIZAR PAGOS · AUTO] PASO 2: FILTRANDO PAGOS CON ACTA_NUMERO COMPLETO
[ACTUALIZAR PAGOS · AUTO] ================================================================================
[ACTUALIZAR PAGOS · AUTO] 📊 ESTADÍSTICAS DE FILTRADO:
[ACTUALIZAR PAGOS · AUTO]   • Pagos TOTALES al inicio: 17098
[ACTUALIZAR PAGOS · AUTO]   • Pagos CON acta (MANTIENEN): 3004
[ACTUALIZAR PAGOS · AUTO]   • Pagos RECHAZADOS (sin coincidencias): 14094
[ACTUALIZAR PAGOS · AUTO] ⚠️  Se eliminaron 14094 registros sin número de acta
[ACTUALIZAR PAGOS · AUTO]      (recordá: esto incluye tanto pagos ya actualizados/pagados
[ACTUALIZAR PAGOS · AUTO]       como pagos que quedaron sin resolver por desbalance en el Paso 1)
[ACTUALIZAR PAGOS · AUTO] ================================================================================
[ACTUALIZAR PAGOS · AUTO] PASO 2-bis: CONFIRMANDO VIGENCIA DE PAGOS DEL SISTEMA NUEVO (contra MULTAS_JUZGADO_CRUCE)
[ACTUALIZAR PAGOS · AUTO] ================================================================================
[ACTUALIZAR PAGOS · AUTO]   ⚠ 2996 pago(s) del sistema nuevo descartados: su acta ya no figura como vencida en MULTAS_JUZGADO_CRUCE (SEMyT ya los actualizó).
[ACTUALIZAR PAGOS · AUTO]   • Pagos del sistema nuevo descartados por ya estar actualizados: 2996
[ACTUALIZAR PAGOS · AUTO] ⏱ PASO 2 (filtrar): 1.1s
[ACTUALIZAR PAGOS · AUTO] 📂 Cargando maestro de causas SIGEMI...
[ACTUALIZAR PAGOS · AUTO]   ✓ Causas totales (maestro): 134069 registros
[ACTUALIZAR PAGOS · AUTO] ⏱ PASO 2.5 (causas simplificado): 0.2s
[ACTUALIZAR PAGOS · AUTO] ================================================================================
[ACTUALIZAR PAGOS · AUTO] PASO 2.5: ARMANDO causas.txt SIMPLIFICADO (cruce contra total_causas_sigemi.txt)
[ACTUALIZAR PAGOS · AUTO] ================================================================================
[ACTUALIZAR PAGOS · AUTO]   • Actas vencidas viejas (multas): 103469
[ACTUALIZAR PAGOS · AUTO]   • Causas totales en el maestro SIGEMI: 134069
[ACTUALIZAR PAGOS · AUTO]   • Causas que coinciden (simplificado): 103141
[ACTUALIZAR PAGOS · AUTO]   ✅ Archivo escrito: backend/descargas/causas/causas.txt
[ACTUALIZAR PAGOS · AUTO] ⏱ PASO 2.5 (causas simplificado): 2.4s
[ACTUALIZAR PAGOS · AUTO] ================================================================================
[ACTUALIZAR PAGOS · AUTO] PASO 3: LLENANDO CAUSA_NUMERO (según fecha de cambio de sistema, cruzando por acta + año)
[ACTUALIZAR PAGOS · AUTO] ================================================================================
[ACTUALIZAR PAGOS · AUTO] 📊 ESTADÍSTICAS DE LLENADO DE CAUSAS:
[ACTUALIZAR PAGOS · AUTO]   • Pagos con causa ORIGINAL: 6
[ACTUALIZAR PAGOS · AUTO]   • Causas encontradas en SIGEMI (actas viejas): 2
[ACTUALIZAR PAGOS · AUTO]   • Causas NO encontradas en SIGEMI: 0
[ACTUALIZAR PAGOS · AUTO]   • Causas asignadas automáticamente (actas nuevas): 0
[ACTUALIZAR PAGOS · AUTO] ⏱ PASO 3 (llenar causas): 0.0s
[ACTUALIZAR PAGOS · AUTO] ================================================================================
[ACTUALIZAR PAGOS · AUTO] PASO 4: ORDENANDO POR FECHA Y ACTA_NUMERO
[ACTUALIZAR PAGOS · AUTO] ================================================================================
[ACTUALIZAR PAGOS · AUTO] ✓ Pagos ordenados correctamente
[ACTUALIZAR PAGOS · AUTO]   • Primera entrada: Acta=10689, Fecha=15/07/2024
[ACTUALIZAR PAGOS · AUTO]   • Última entrada: Acta=279757, Fecha=13/03/2026
[ACTUALIZAR PAGOS · AUTO] 📝 Escribiendo archivo de salida...
[ACTUALIZAR PAGOS · AUTO]   ✅ Archivo escrito: backend/descargas/pagos/2026-07-24/PAGOS 20260724 123022.txt
[ACTUALIZAR PAGOS · AUTO]   ✅ Total registros: 1001
[ACTUALIZAR PAGOS · AUTO] ⏱ PASO 4 (ordenar y escribir): 0.0s
[ACTUALIZAR PAGOS · AUTO] ================================================================================
[ACTUALIZAR PAGOS · AUTO] ✅ PROCESO COMPLETADO EXITOSAMENTE
[ACTUALIZAR PAGOS · AUTO] ================================================================================
[ACTUALIZAR PAGOS · AUTO] 📊 RESUMEN FINAL DEL PROCESAMIENTO:
[ACTUALIZAR PAGOS · AUTO]   ENTRADA:
[ACTUALIZAR PAGOS · AUTO]     • Pagos originales: 17098
[ACTUALIZAR PAGOS · AUTO]     • Multas SIGEMI cargadas: 103469
[ACTUALIZAR PAGOS · AUTO]     • Multas Juzgado cargadas: 40002
[ACTUALIZAR PAGOS · AUTO]     • Causas simplificadas (usadas para el cruce): 103141
[ACTUALIZAR PAGOS · AUTO]   PROCESO:
[ACTUALIZAR PAGOS · AUTO]     • Pagos rechazados sigemi: 14094
[ACTUALIZAR PAGOS · AUTO]     • Pagos rechazados juzgado: 2996
[ACTUALIZAR PAGOS · AUTO]   SALIDA:
[ACTUALIZAR PAGOS · AUTO]     • Pagos desactualizados procesados: 8
[ACTUALIZAR PAGOS · AUTO]     • Archivo final: backend/descargas/pagos/2026-07-24/PAGOS 20260724 123022.txt
[ACTUALIZAR PAGOS · AUTO]     • Ordenados por fecha: SÍ ✓
[ACTUALIZAR PAGOS · AUTO]     • Todos con ACTA_NUMERO: SÍ ✓
[ACTUALIZAR PAGOS · AUTO]     • Todos con CAUSA_NUMERO: SÍ ✓
[ACTUALIZAR PAGOS · AUTO] ✅ TXT de pagos (ya cruzado con actas y causas) generado en: backend/descargas/pagos/2026-07-24/PAGOS 20260724 123022.txt
[ACTUALIZAR PAGOS · AUTO] 🧹 TXT de pagos crudo eliminado (ya usado en el cruce): backend/descargas/pagos/2026-07-24/PAGOS DESCARGADOS.txt
[ACTUALIZAR PAGOS · AUTO] 🧹 Excel MULTAS_SIGEMI_CRUCE eliminado (ya usado en el cruce): backend/descargas/cache_actas_cruce/MULTAS_SIGEMI_CRUCE.xlsx
[ACTUALIZAR PAGOS · AUTO] 🧹 Excel MULTAS_JUZGADO_CRUCE eliminado (ya usado en el cruce): backend/descargas/cache_actas_cruce/MULTAS_JUZGADO_CRUCE.xlsx
[ACTUALIZAR PAGOS · AUTO] ✅ CompararActasPaso finalizado. (⏱ 50.9s)
[ACTUALIZAR PAGOS · AUTO] ✓ [CompararActasPaso] Completado.
[ACTUALIZAR PAGOS · AUTO] ▶ [CargarPagosPaso] Iniciando...
[ACTUALIZAR PAGOS · AUTO] ==================================================
[ACTUALIZAR PAGOS · AUTO] 🚀 PASO: CargarPagosPaso
[ACTUALIZAR PAGOS · AUTO] ==================================================
[ACTUALIZAR PAGOS · AUTO] 📤 Subiendo TXT de pagos al SEMyT...
[ACTUALIZAR PAGOS · AUTO] ✅ Importación de pagos completada con éxito.
[ACTUALIZAR PAGOS · AUTO] ✅ Archivo TXT de pagos cargado en el SEMyT correctamente.
[ACTUALIZAR PAGOS · AUTO] ✅ CargarPagosPaso finalizado. (⏱ 2.6s)
[ACTUALIZAR PAGOS · AUTO] ✓ [CargarPagosPaso] Completado.
[ACTUALIZAR PAGOS · AUTO] === Ejecución finalizada con éxito ===
🤖 [Automático] Es hora de actualizar pagos. Arrancando...
[ACTUALIZAR PAGOS · AUTO] === Inicio de ejecución: pagos ===
[ACTUALIZAR PAGOS · AUTO] ▶ [LoginSemytPaso] Iniciando...
[ACTUALIZAR PAGOS · AUTO] ==================================================
[ACTUALIZAR PAGOS · AUTO] 🚀 PASO: LoginSemytPaso
[ACTUALIZAR PAGOS · AUTO] ==================================================
[ACTUALIZAR PAGOS · AUTO] Abriendo SEMyT...
⏳ [Automático] Tocaba disparar 'pagos' pero ya hay una ejecución en curso (Actualizar pagos); esperando a que termine; se reintenta en breve sin perder el turno.
[ACTUALIZAR PAGOS · AUTO] ✅ [SEMyT] Sesión existente detectada. Login omitido.
[ACTUALIZAR PAGOS · AUTO] ✅ LoginSemytPaso finalizado. (⏱ 16.8s)
[ACTUALIZAR PAGOS · AUTO] ✓ [LoginSemytPaso] Completado.
[ACTUALIZAR PAGOS · AUTO] ▶ [LoginJuzgadoPaso] Iniciando...
[ACTUALIZAR PAGOS · AUTO] ==================================================
[ACTUALIZAR PAGOS · AUTO] 🚀 PASO: LoginJuzgadoPaso
[ACTUALIZAR PAGOS · AUTO] ==================================================
[ACTUALIZAR PAGOS · AUTO] Abriendo sitio municipalidad (CiDi)...
[ACTUALIZAR PAGOS · AUTO] ✅ [Juzgado] Sesión existente detectada. Login omitido.
[ACTUALIZAR PAGOS · AUTO] ✅ LoginJuzgadoPaso finalizado. (⏱ 1.3s)
[ACTUALIZAR PAGOS · AUTO] ✓ [LoginJuzgadoPaso] Completado.
[ACTUALIZAR PAGOS · AUTO] ▶ [DescargasParalelasPaso] Iniciando...
[ACTUALIZAR PAGOS · AUTO] ==================================================
[ACTUALIZAR PAGOS · AUTO] 🚀 PASO: DescargasParalelasPaso
[ACTUALIZAR PAGOS · AUTO] ==================================================
[ACTUALIZAR PAGOS · AUTO] 📤 Arrancando las 3 descargas en paralelo (mismo browser, páginas separadas)...
[ACTUALIZAR PAGOS · AUTO] Fecha Desde: 27/06/2024
[ACTUALIZAR PAGOS · AUTO] Fecha Hasta: 24/11/2025
[ACTUALIZAR PAGOS · AUTO] Fecha Desde: 25/11/2025
[ACTUALIZAR PAGOS · AUTO] Fecha Hasta: 24/07/2026
[ACTUALIZAR PAGOS · AUTO] Descargando Excel...
[ACTUALIZAR PAGOS · AUTO] Descargando Excel...
[ACTUALIZAR PAGOS · AUTO] Archivo descargado en: backend/descargas/cache_actas_cruce/MULTAS_JUZGADO_CRUCE.xlsx
[ACTUALIZAR PAGOS · AUTO] ⏱ [actas_juzgado] completado en 30.2s
[ACTUALIZAR PAGOS · AUTO] ✅ TXT de pagos descargado en: backend/descargas/pagos/2026-07-24/PAGOS DESCARGADOS.txt
[ACTUALIZAR PAGOS · AUTO] ⏱ [pagos_txt] completado en 30.3s
[ACTUALIZAR PAGOS · AUTO] Archivo descargado en: backend/descargas/cache_actas_cruce/MULTAS_SIGEMI_CRUCE.xlsx
[ACTUALIZAR PAGOS · AUTO] ⏱ [actas_sigemi] completado en 72.7s
[ACTUALIZAR PAGOS · AUTO] ⏱ TOTAL descargas en paralelo: 72.7s
[ACTUALIZAR PAGOS · AUTO] ✅ DescargasParalelasPaso finalizado. (⏱ 74.1s)
[ACTUALIZAR PAGOS · AUTO] ✓ [DescargasParalelasPaso] Completado.
[ACTUALIZAR PAGOS · AUTO] ▶ [CompararActasPaso] Iniciando...
[ACTUALIZAR PAGOS · AUTO] ==================================================
[ACTUALIZAR PAGOS · AUTO] 🚀 PASO: CompararActasPaso
[ACTUALIZAR PAGOS · AUTO] ==================================================
[ACTUALIZAR PAGOS · AUTO] 🔍 Comparando actas del SEMyT contra pagos del Juzgado...
[ACTUALIZAR PAGOS · AUTO] ================================================================================
[ACTUALIZAR PAGOS · AUTO] INICIANDO PROCESO DE GENERACIÓN DE PAGOS DESACTUALIZADOS
[ACTUALIZAR PAGOS · AUTO] ================================================================================
[ACTUALIZAR PAGOS · AUTO] 📂 Cargando archivos...
[ACTUALIZAR PAGOS · AUTO]   ✓ Pagos: 17102 registros
[ACTUALIZAR PAGOS · AUTO]   ✓ Excel SIGEMI (multas vencidas viejas): 103467 registros
[ACTUALIZAR PAGOS · AUTO]   ✓ Excel Juzgado (multas vencidas nuevas): 39997 registros
[ACTUALIZAR PAGOS · AUTO] ================================================================================
[ACTUALIZAR PAGOS · AUTO] PASO 1: LLENANDO ACTA_NUMERO (búsqueda por patente + fecha, con desempate por hora)
[ACTUALIZAR PAGOS · AUTO] ================================================================================
[ACTUALIZAR PAGOS · AUTO] 📊 ESTADÍSTICAS DE LLENADO DE ACTAS:
[ACTUALIZAR PAGOS · AUTO]   • Pagos con acta ORIGINAL: 3006
[ACTUALIZAR PAGOS · AUTO]   • Pagos SIN acta (buscados): 14096
[ACTUALIZAR PAGOS · AUTO]   • Pagos LLENADOS exitosamente: 0
[ACTUALIZAR PAGOS · AUTO]   • Pagos NO encontrados en multas: 14096
[ACTUALIZAR PAGOS · AUTO]   • Pagos SIN RESOLVER por desbalance de cantidades: 0
[ACTUALIZAR PAGOS · AUTO] ================================================================================
[ACTUALIZAR PAGOS · AUTO] PASO 1: LLENANDO ACTA_NUMERO (búsqueda por patente + fecha, con desempate por hora)
[ACTUALIZAR PAGOS · AUTO] ================================================================================
[ACTUALIZAR PAGOS · AUTO] 📊 ESTADÍSTICAS DE LLENADO DE ACTAS:
[ACTUALIZAR PAGOS · AUTO]   • Pagos con acta ORIGINAL: 3006
[ACTUALIZAR PAGOS · AUTO]   • Pagos SIN acta (buscados): 14096
[ACTUALIZAR PAGOS · AUTO]   • Pagos LLENADOS exitosamente: 0
[ACTUALIZAR PAGOS · AUTO]   • Pagos NO encontrados en multas: 14096
[ACTUALIZAR PAGOS · AUTO]   • Pagos SIN RESOLVER por desbalance de cantidades: 0
[ACTUALIZAR PAGOS · AUTO] ⏱ PASO 1 (llenar actas): 19.9s
[ACTUALIZAR PAGOS · AUTO] ================================================================================
[ACTUALIZAR PAGOS · AUTO] PASO 2: FILTRANDO PAGOS CON ACTA_NUMERO COMPLETO
[ACTUALIZAR PAGOS · AUTO] ================================================================================
[ACTUALIZAR PAGOS · AUTO] 📊 ESTADÍSTICAS DE FILTRADO:
[ACTUALIZAR PAGOS · AUTO]   • Pagos TOTALES al inicio: 17102
[ACTUALIZAR PAGOS · AUTO]   • Pagos CON acta (MANTIENEN): 3006
[ACTUALIZAR PAGOS · AUTO]   • Pagos RECHAZADOS (sin coincidencias): 14096
[ACTUALIZAR PAGOS · AUTO] ⚠️  Se eliminaron 14096 registros sin número de acta
[ACTUALIZAR PAGOS · AUTO]      (recordá: esto incluye tanto pagos ya actualizados/pagados
[ACTUALIZAR PAGOS · AUTO]       como pagos que quedaron sin resolver por desbalance en el Paso 1)
[ACTUALIZAR PAGOS · AUTO] ================================================================================
[ACTUALIZAR PAGOS · AUTO] PASO 2-bis: CONFIRMANDO VIGENCIA DE PAGOS DEL SISTEMA NUEVO (contra MULTAS_JUZGADO_CRUCE)
[ACTUALIZAR PAGOS · AUTO] ================================================================================
[ACTUALIZAR PAGOS · AUTO]   ⚠ 3001 pago(s) del sistema nuevo descartados: su acta ya no figura como vencida en MULTAS_JUZGADO_CRUCE (SEMyT ya los actualizó).
[ACTUALIZAR PAGOS · AUTO]   • Pagos del sistema nuevo descartados por ya estar actualizados: 3001
[ACTUALIZAR PAGOS · AUTO] ⏱ PASO 2 (filtrar): 1.4s
[ACTUALIZAR PAGOS · AUTO] 📂 Cargando maestro de causas SIGEMI...
[ACTUALIZAR PAGOS · AUTO]   ✓ Causas totales (maestro): 134069 registros
[ACTUALIZAR PAGOS · AUTO] ⏱ PASO 2.5 (causas simplificado): 0.2s
[ACTUALIZAR PAGOS · AUTO] ================================================================================
[ACTUALIZAR PAGOS · AUTO] PASO 2.5: ARMANDO causas.txt SIMPLIFICADO (cruce contra total_causas_sigemi.txt)
[ACTUALIZAR PAGOS · AUTO] ================================================================================
[ACTUALIZAR PAGOS · AUTO]   • Actas vencidas viejas (multas): 103467
[ACTUALIZAR PAGOS · AUTO]   • Causas totales en el maestro SIGEMI: 134069
[ACTUALIZAR PAGOS · AUTO]   • Causas que coinciden (simplificado): 103139
[ACTUALIZAR PAGOS · AUTO]   ✅ Archivo escrito: backend/descargas/causas/causas.txt
[ACTUALIZAR PAGOS · AUTO] ⏱ PASO 2.5 (causas simplificado): 3.0s
[ACTUALIZAR PAGOS · AUTO] ================================================================================
[ACTUALIZAR PAGOS · AUTO] PASO 3: LLENANDO CAUSA_NUMERO (según fecha de cambio de sistema, cruzando por acta + año)
[ACTUALIZAR PAGOS · AUTO] ================================================================================
[ACTUALIZAR PAGOS · AUTO] 📊 ESTADÍSTICAS DE LLENADO DE CAUSAS:
[ACTUALIZAR PAGOS · AUTO]   • Pagos con causa ORIGINAL: 5
[ACTUALIZAR PAGOS · AUTO]   • Causas encontradas en SIGEMI (actas viejas): 0
[ACTUALIZAR PAGOS · AUTO]   • Causas NO encontradas en SIGEMI: 0
[ACTUALIZAR PAGOS · AUTO]   • Causas asignadas automáticamente (actas nuevas): 0
[ACTUALIZAR PAGOS · AUTO] ⏱ PASO 3 (llenar causas): 0.0s
[ACTUALIZAR PAGOS · AUTO] ================================================================================
[ACTUALIZAR PAGOS · AUTO] PASO 4: ORDENANDO POR FECHA Y ACTA_NUMERO
[ACTUALIZAR PAGOS · AUTO] ================================================================================
[ACTUALIZAR PAGOS · AUTO] ✓ Pagos ordenados correctamente
[ACTUALIZAR PAGOS · AUTO]   • Primera entrada: Acta=351213, Fecha=18/11/2025
[ACTUALIZAR PAGOS · AUTO]   • Última entrada: Acta=278740, Fecha=12/03/2026
[ACTUALIZAR PAGOS · AUTO] 📝 Escribiendo archivo de salida...
[ACTUALIZAR PAGOS · AUTO]   ✅ Archivo escrito: backend/descargas/pagos/2026-07-24/PAGOS 20260724 124258.txt
[ACTUALIZAR PAGOS · AUTO]   ✅ Total registros: 671
[ACTUALIZAR PAGOS · AUTO] ⏱ PASO 4 (ordenar y escribir): 0.0s
[ACTUALIZAR PAGOS · AUTO] ================================================================================
[ACTUALIZAR PAGOS · AUTO] ✅ PROCESO COMPLETADO EXITOSAMENTE
[ACTUALIZAR PAGOS · AUTO] ================================================================================
[ACTUALIZAR PAGOS · AUTO] 📊 RESUMEN FINAL DEL PROCESAMIENTO:
[ACTUALIZAR PAGOS · AUTO]   ENTRADA:
[ACTUALIZAR PAGOS · AUTO]     • Pagos originales: 17102
[ACTUALIZAR PAGOS · AUTO]     • Multas SIGEMI cargadas: 103467
[ACTUALIZAR PAGOS · AUTO]     • Multas Juzgado cargadas: 39997
[ACTUALIZAR PAGOS · AUTO]     • Causas simplificadas (usadas para el cruce): 103139
[ACTUALIZAR PAGOS · AUTO]   PROCESO:
[ACTUALIZAR PAGOS · AUTO]     • Pagos rechazados sigemi: 14096
[ACTUALIZAR PAGOS · AUTO]     • Pagos rechazados juzgado: 3001
[ACTUALIZAR PAGOS · AUTO]   SALIDA:
[ACTUALIZAR PAGOS · AUTO]     • Pagos desactualizados procesados: 5
[ACTUALIZAR PAGOS · AUTO]     • Archivo final: backend/descargas/pagos/2026-07-24/PAGOS 20260724 124258.txt
[ACTUALIZAR PAGOS · AUTO]     • Ordenados por fecha: SÍ ✓
[ACTUALIZAR PAGOS · AUTO]     • Todos con ACTA_NUMERO: SÍ ✓
[ACTUALIZAR PAGOS · AUTO]     • Todos con CAUSA_NUMERO: SÍ ✓
[ACTUALIZAR PAGOS · AUTO] ✅ TXT de pagos (ya cruzado con actas y causas) generado en: backend/descargas/pagos/2026-07-24/PAGOS 20260724 124258.txt
[ACTUALIZAR PAGOS · AUTO] 🧹 TXT de pagos crudo eliminado (ya usado en el cruce): backend/descargas/pagos/2026-07-24/PAGOS DESCARGADOS.txt
[ACTUALIZAR PAGOS · AUTO] 🧹 Excel MULTAS_SIGEMI_CRUCE eliminado (ya usado en el cruce): backend/descargas/cache_actas_cruce/MULTAS_SIGEMI_CRUCE.xlsx
[ACTUALIZAR PAGOS · AUTO] 🧹 Excel MULTAS_JUZGADO_CRUCE eliminado (ya usado en el cruce): backend/descargas/cache_actas_cruce/MULTAS_JUZGADO_CRUCE.xlsx
[ACTUALIZAR PAGOS · AUTO] ✅ CompararActasPaso finalizado. (⏱ 55.0s)
[ACTUALIZAR PAGOS · AUTO] ✓ [CompararActasPaso] Completado.
[ACTUALIZAR PAGOS · AUTO] ▶ [CargarPagosPaso] Iniciando...
[ACTUALIZAR PAGOS · AUTO] ==================================================
[ACTUALIZAR PAGOS · AUTO] 🚀 PASO: CargarPagosPaso
[ACTUALIZAR PAGOS · AUTO] ==================================================
[ACTUALIZAR PAGOS · AUTO] 📤 Subiendo TXT de pagos al SEMyT...
[ACTUALIZAR PAGOS · AUTO] ✅ Importación de pagos completada con éxito.
[ACTUALIZAR PAGOS · AUTO] ✅ Archivo TXT de pagos cargado en el SEMyT correctamente.
[ACTUALIZAR PAGOS · AUTO] ✅ CargarPagosPaso finalizado. (⏱ 3.1s)
[ACTUALIZAR PAGOS · AUTO] ✓ [CargarPagosPaso] Completado.
[ACTUALIZAR PAGOS · AUTO] === Ejecución finalizada con éxito ===
🤖 [Automático] Es hora de actualizar pagos. Arrancando...
[ACTUALIZAR PAGOS · AUTO] === Inicio de ejecución: pagos ===
[ACTUALIZAR PAGOS · AUTO] ▶ [LoginSemytPaso] Iniciando...
[ACTUALIZAR PAGOS · AUTO] ==================================================
[ACTUALIZAR PAGOS · AUTO] 🚀 PASO: LoginSemytPaso
[ACTUALIZAR PAGOS · AUTO] ==================================================
[ACTUALIZAR PAGOS · AUTO] Abriendo SEMyT...
⏳ [Automático] Tocaba disparar 'pagos' pero ya hay una ejecución en curso (Actualizar pagos); esperando a que termine; se reintenta en breve sin perder el turno.
[ACTUALIZAR PAGOS · AUTO] ✅ [SEMyT] Sesión existente detectada. Login omitido.
[ACTUALIZAR PAGOS · AUTO] ✅ LoginSemytPaso finalizado. (⏱ 24.4s)
[ACTUALIZAR PAGOS · AUTO] ✓ [LoginSemytPaso] Completado.
[ACTUALIZAR PAGOS · AUTO] ▶ [LoginJuzgadoPaso] Iniciando...
[ACTUALIZAR PAGOS · AUTO] ==================================================
[ACTUALIZAR PAGOS · AUTO] 🚀 PASO: LoginJuzgadoPaso
[ACTUALIZAR PAGOS · AUTO] ==================================================
[ACTUALIZAR PAGOS · AUTO] Abriendo sitio municipalidad (CiDi)...
[ACTUALIZAR PAGOS · AUTO] ✅ [Juzgado] Sesión existente detectada. Login omitido.
[ACTUALIZAR PAGOS · AUTO] ✅ LoginJuzgadoPaso finalizado. (⏱ 1.5s)
[ACTUALIZAR PAGOS · AUTO] ✓ [LoginJuzgadoPaso] Completado.
[ACTUALIZAR PAGOS · AUTO] ▶ [DescargasParalelasPaso] Iniciando...
[ACTUALIZAR PAGOS · AUTO] ==================================================
[ACTUALIZAR PAGOS · AUTO] 🚀 PASO: DescargasParalelasPaso
[ACTUALIZAR PAGOS · AUTO] ==================================================
[ACTUALIZAR PAGOS · AUTO] 📤 Arrancando las 3 descargas en paralelo (mismo browser, páginas separadas)...
[ACTUALIZAR PAGOS · AUTO] Fecha Desde: 27/06/2024
[ACTUALIZAR PAGOS · AUTO] Fecha Hasta: 24/11/2025
[ACTUALIZAR PAGOS · AUTO] Fecha Desde: 25/11/2025
[ACTUALIZAR PAGOS · AUTO] Fecha Hasta: 24/07/2026
[ACTUALIZAR PAGOS · AUTO] Descargando Excel...
[ACTUALIZAR PAGOS · AUTO] Descargando Excel...
[ACTUALIZAR PAGOS · AUTO] Archivo descargado en: backend/descargas/cache_actas_cruce/MULTAS_JUZGADO_CRUCE.xlsx
[ACTUALIZAR PAGOS · AUTO] ⏱ [actas_juzgado] completado en 31.9s
[ACTUALIZAR PAGOS · AUTO] ✅ TXT de pagos descargado en: backend/descargas/pagos/2026-07-24/PAGOS DESCARGADOS.txt
[ACTUALIZAR PAGOS · AUTO] ⏱ [pagos_txt] completado en 32.0s
[ACTUALIZAR PAGOS · AUTO] Archivo descargado en: backend/descargas/cache_actas_cruce/MULTAS_SIGEMI_CRUCE.xlsx
[ACTUALIZAR PAGOS · AUTO] ⏱ [actas_sigemi] completado en 68.9s
[ACTUALIZAR PAGOS · AUTO] ⏱ TOTAL descargas en paralelo: 68.9s
[ACTUALIZAR PAGOS · AUTO] ✅ DescargasParalelasPaso finalizado. (⏱ 70.2s)
[ACTUALIZAR PAGOS · AUTO] ✓ [DescargasParalelasPaso] Completado.
[ACTUALIZAR PAGOS · AUTO] ▶ [CompararActasPaso] Iniciando...
[ACTUALIZAR PAGOS · AUTO] ==================================================
[ACTUALIZAR PAGOS · AUTO] 🚀 PASO: CompararActasPaso
[ACTUALIZAR PAGOS · AUTO] ==================================================
[ACTUALIZAR PAGOS · AUTO] 🔍 Comparando actas del SEMyT contra pagos del Juzgado...
[ACTUALIZAR PAGOS · AUTO] ================================================================================
[ACTUALIZAR PAGOS · AUTO] INICIANDO PROCESO DE GENERACIÓN DE PAGOS DESACTUALIZADOS
[ACTUALIZAR PAGOS · AUTO] ================================================================================
[ACTUALIZAR PAGOS · AUTO] 📂 Cargando archivos...
[ACTUALIZAR PAGOS · AUTO]   ✓ Pagos: 17106 registros
[ACTUALIZAR PAGOS · AUTO]   ✓ Excel SIGEMI (multas vencidas viejas): 103467 registros
[ACTUALIZAR PAGOS · AUTO]   ✓ Excel Juzgado (multas vencidas nuevas): 39993 registros
[ACTUALIZAR PAGOS · AUTO] ================================================================================
[ACTUALIZAR PAGOS · AUTO] PASO 1: LLENANDO ACTA_NUMERO (búsqueda por patente + fecha, con desempate por hora)
[ACTUALIZAR PAGOS · AUTO] ================================================================================
[ACTUALIZAR PAGOS · AUTO] 📊 ESTADÍSTICAS DE LLENADO DE ACTAS:
[ACTUALIZAR PAGOS · AUTO]   • Pagos con acta ORIGINAL: 3007
[ACTUALIZAR PAGOS · AUTO]   • Pagos SIN acta (buscados): 14099
[ACTUALIZAR PAGOS · AUTO]   • Pagos LLENADOS exitosamente: 3
[ACTUALIZAR PAGOS · AUTO]   • Pagos NO encontrados en multas: 14096
[ACTUALIZAR PAGOS · AUTO]   • Pagos SIN RESOLVER por desbalance de cantidades: 0
[ACTUALIZAR PAGOS · AUTO] ================================================================================
[ACTUALIZAR PAGOS · AUTO] PASO 1: LLENANDO ACTA_NUMERO (búsqueda por patente + fecha, con desempate por hora)
[ACTUALIZAR PAGOS · AUTO] ================================================================================
[ACTUALIZAR PAGOS · AUTO] 📊 ESTADÍSTICAS DE LLENADO DE ACTAS:
[ACTUALIZAR PAGOS · AUTO]   • Pagos con acta ORIGINAL: 3010
[ACTUALIZAR PAGOS · AUTO]   • Pagos SIN acta (buscados): 14096
[ACTUALIZAR PAGOS · AUTO]   • Pagos LLENADOS exitosamente: 0
[ACTUALIZAR PAGOS · AUTO]   • Pagos NO encontrados en multas: 14096
[ACTUALIZAR PAGOS · AUTO]   • Pagos SIN RESOLVER por desbalance de cantidades: 0
[ACTUALIZAR PAGOS · AUTO] ⏱ PASO 1 (llenar actas): 15.8s
[ACTUALIZAR PAGOS · AUTO] ================================================================================
[ACTUALIZAR PAGOS · AUTO] PASO 2: FILTRANDO PAGOS CON ACTA_NUMERO COMPLETO
[ACTUALIZAR PAGOS · AUTO] ================================================================================
[ACTUALIZAR PAGOS · AUTO] 📊 ESTADÍSTICAS DE FILTRADO:
[ACTUALIZAR PAGOS · AUTO]   • Pagos TOTALES al inicio: 17106
[ACTUALIZAR PAGOS · AUTO]   • Pagos CON acta (MANTIENEN): 3010
[ACTUALIZAR PAGOS · AUTO]   • Pagos RECHAZADOS (sin coincidencias): 14096
[ACTUALIZAR PAGOS · AUTO] ⚠️  Se eliminaron 14096 registros sin número de acta
[ACTUALIZAR PAGOS · AUTO]      (recordá: esto incluye tanto pagos ya actualizados/pagados
[ACTUALIZAR PAGOS · AUTO]       como pagos que quedaron sin resolver por desbalance en el Paso 1)
[ACTUALIZAR PAGOS · AUTO] ================================================================================
[ACTUALIZAR PAGOS · AUTO] PASO 2-bis: CONFIRMANDO VIGENCIA DE PAGOS DEL SISTEMA NUEVO (contra MULTAS_JUZGADO_CRUCE)
[ACTUALIZAR PAGOS · AUTO] ================================================================================
[ACTUALIZAR PAGOS · AUTO]   ⚠ 3005 pago(s) del sistema nuevo descartados: su acta ya no figura como vencida en MULTAS_JUZGADO_CRUCE (SEMyT ya los actualizó).
[ACTUALIZAR PAGOS · AUTO]   • Pagos del sistema nuevo descartados por ya estar actualizados: 3005
[ACTUALIZAR PAGOS · AUTO] ⏱ PASO 2 (filtrar): 1.4s
[ACTUALIZAR PAGOS · AUTO] 📂 Cargando maestro de causas SIGEMI...
[ACTUALIZAR PAGOS · AUTO]   ✓ Causas totales (maestro): 134069 registros
[ACTUALIZAR PAGOS · AUTO] ⏱ PASO 2.5 (causas simplificado): 0.1s
[ACTUALIZAR PAGOS · AUTO] ================================================================================
[ACTUALIZAR PAGOS · AUTO] PASO 2.5: ARMANDO causas.txt SIMPLIFICADO (cruce contra total_causas_sigemi.txt)
[ACTUALIZAR PAGOS · AUTO] ================================================================================
[ACTUALIZAR PAGOS · AUTO]   • Actas vencidas viejas (multas): 103467
[ACTUALIZAR PAGOS · AUTO]   • Causas totales en el maestro SIGEMI: 134069
[ACTUALIZAR PAGOS · AUTO]   • Causas que coinciden (simplificado): 103139
[ACTUALIZAR PAGOS · AUTO]   ✅ Archivo escrito: backend/descargas/causas/causas.txt
[ACTUALIZAR PAGOS · AUTO] ⏱ PASO 2.5 (causas simplificado): 2.5s
[ACTUALIZAR PAGOS · AUTO] ================================================================================
[ACTUALIZAR PAGOS · AUTO] PASO 3: LLENANDO CAUSA_NUMERO (según fecha de cambio de sistema, cruzando por acta + año)
[ACTUALIZAR PAGOS · AUTO] ================================================================================
[ACTUALIZAR PAGOS · AUTO] 📊 ESTADÍSTICAS DE LLENADO DE CAUSAS:
[ACTUALIZAR PAGOS · AUTO]   • Pagos con causa ORIGINAL: 2
[ACTUALIZAR PAGOS · AUTO]   • Causas encontradas en SIGEMI (actas viejas): 3
[ACTUALIZAR PAGOS · AUTO]   • Causas NO encontradas en SIGEMI: 0
[ACTUALIZAR PAGOS · AUTO]   • Causas asignadas automáticamente (actas nuevas): 0
[ACTUALIZAR PAGOS · AUTO] ⏱ PASO 3 (llenar causas): 0.0s
[ACTUALIZAR PAGOS · AUTO] ================================================================================
[ACTUALIZAR PAGOS · AUTO] PASO 4: ORDENANDO POR FECHA Y ACTA_NUMERO
[ACTUALIZAR PAGOS · AUTO] ================================================================================
[ACTUALIZAR PAGOS · AUTO] ✓ Pagos ordenados correctamente
[ACTUALIZAR PAGOS · AUTO]   • Primera entrada: Acta=177193, Fecha=18/07/2025
[ACTUALIZAR PAGOS · AUTO]   • Última entrada: Acta=268137, Fecha=19/02/2026
[ACTUALIZAR PAGOS · AUTO] 📝 Escribiendo archivo de salida...
[ACTUALIZAR PAGOS · AUTO]   ✅ Archivo escrito: backend/descargas/pagos/2026-07-24/PAGOS 20260724 125535.txt
[ACTUALIZAR PAGOS · AUTO]   ✅ Total registros: 696
[ACTUALIZAR PAGOS · AUTO] ⏱ PASO 4 (ordenar y escribir): 0.0s
[ACTUALIZAR PAGOS · AUTO] ================================================================================
[ACTUALIZAR PAGOS · AUTO] ✅ PROCESO COMPLETADO EXITOSAMENTE
[ACTUALIZAR PAGOS · AUTO] ================================================================================
[ACTUALIZAR PAGOS · AUTO] 📊 RESUMEN FINAL DEL PROCESAMIENTO:
[ACTUALIZAR PAGOS · AUTO]   ENTRADA:
[ACTUALIZAR PAGOS · AUTO]     • Pagos originales: 17106
[ACTUALIZAR PAGOS · AUTO]     • Multas SIGEMI cargadas: 103467
[ACTUALIZAR PAGOS · AUTO]     • Multas Juzgado cargadas: 39993
[ACTUALIZAR PAGOS · AUTO]     • Causas simplificadas (usadas para el cruce): 103139
[ACTUALIZAR PAGOS · AUTO]   PROCESO:
[ACTUALIZAR PAGOS · AUTO]     • Pagos rechazados sigemi: 14096
[ACTUALIZAR PAGOS · AUTO]     • Pagos rechazados juzgado: 3005
[ACTUALIZAR PAGOS · AUTO]   SALIDA:
[ACTUALIZAR PAGOS · AUTO]     • Pagos desactualizados procesados: 5
[ACTUALIZAR PAGOS · AUTO]     • Archivo final: backend/descargas/pagos/2026-07-24/PAGOS 20260724 125535.txt
[ACTUALIZAR PAGOS · AUTO]     • Ordenados por fecha: SÍ ✓
[ACTUALIZAR PAGOS · AUTO]     • Todos con ACTA_NUMERO: SÍ ✓
[ACTUALIZAR PAGOS · AUTO]     • Todos con CAUSA_NUMERO: SÍ ✓
[ACTUALIZAR PAGOS · AUTO] ✅ TXT de pagos (ya cruzado con actas y causas) generado en: backend/descargas/pagos/2026-07-24/PAGOS 20260724 125535.txt
[ACTUALIZAR PAGOS · AUTO] 🧹 TXT de pagos crudo eliminado (ya usado en el cruce): backend/descargas/pagos/2026-07-24/PAGOS DESCARGADOS.txt
[ACTUALIZAR PAGOS · AUTO] 🧹 Excel MULTAS_SIGEMI_CRUCE eliminado (ya usado en el cruce): backend/descargas/cache_actas_cruce/MULTAS_SIGEMI_CRUCE.xlsx
[ACTUALIZAR PAGOS · AUTO] 🧹 Excel MULTAS_JUZGADO_CRUCE eliminado (ya usado en el cruce): backend/descargas/cache_actas_cruce/MULTAS_JUZGADO_CRUCE.xlsx
[ACTUALIZAR PAGOS · AUTO] ✅ CompararActasPaso finalizado. (⏱ 44.8s)
[ACTUALIZAR PAGOS · AUTO] ✓ [CompararActasPaso] Completado.
[ACTUALIZAR PAGOS · AUTO] ▶ [CargarPagosPaso] Iniciando...
[ACTUALIZAR PAGOS · AUTO] ==================================================
[ACTUALIZAR PAGOS · AUTO] 🚀 PASO: CargarPagosPaso
[ACTUALIZAR PAGOS · AUTO] ==================================================
[ACTUALIZAR PAGOS · AUTO] 📤 Subiendo TXT de pagos al SEMyT...
[ACTUALIZAR PAGOS · AUTO] ✅ Importación de pagos completada con éxito.
[ACTUALIZAR PAGOS · AUTO] ✅ Archivo TXT de pagos cargado en el SEMyT correctamente.
[ACTUALIZAR PAGOS · AUTO] ✅ CargarPagosPaso finalizado. (⏱ 2.7s)
[ACTUALIZAR PAGOS · AUTO] ✓ [CargarPagosPaso] Completado.
[ACTUALIZAR PAGOS · AUTO] === Ejecución finalizada con éxito ===
🤖 [Automático] Es hora de actualizar pagos. Arrancando...
[ACTUALIZAR PAGOS · AUTO] === Inicio de ejecución: pagos ===
[ACTUALIZAR PAGOS · AUTO] ▶ [LoginSemytPaso] Iniciando...
[ACTUALIZAR PAGOS · AUTO] ==================================================
[ACTUALIZAR PAGOS · AUTO] 🚀 PASO: LoginSemytPaso
[ACTUALIZAR PAGOS · AUTO] ==================================================
[ACTUALIZAR PAGOS · AUTO] Abriendo SEMyT...
⏳ [Automático] Tocaba disparar 'pagos' pero ya hay una ejecución en curso (Actualizar pagos); esperando a que termine; se reintenta en breve sin perder el turno.
[ACTUALIZAR PAGOS · AUTO] ✅ [SEMyT] Sesión existente detectada. Login omitido.
[ACTUALIZAR PAGOS · AUTO] ✅ LoginSemytPaso finalizado. (⏱ 15.1s)
[ACTUALIZAR PAGOS · AUTO] ✓ [LoginSemytPaso] Completado.
[ACTUALIZAR PAGOS · AUTO] ▶ [LoginJuzgadoPaso] Iniciando...
[ACTUALIZAR PAGOS · AUTO] ==================================================
[ACTUALIZAR PAGOS · AUTO] 🚀 PASO: LoginJuzgadoPaso
[ACTUALIZAR PAGOS · AUTO] ==================================================
[ACTUALIZAR PAGOS · AUTO] Abriendo sitio municipalidad (CiDi)...
[ACTUALIZAR PAGOS · AUTO] ✅ [Juzgado] Sesión existente detectada. Login omitido.
[ACTUALIZAR PAGOS · AUTO] ✅ LoginJuzgadoPaso finalizado. (⏱ 2.3s)
[ACTUALIZAR PAGOS · AUTO] ✓ [LoginJuzgadoPaso] Completado.
[ACTUALIZAR PAGOS · AUTO] ▶ [DescargasParalelasPaso] Iniciando...
[ACTUALIZAR PAGOS · AUTO] ==================================================
[ACTUALIZAR PAGOS · AUTO] 🚀 PASO: DescargasParalelasPaso
[ACTUALIZAR PAGOS · AUTO] ==================================================
[ACTUALIZAR PAGOS · AUTO] 📤 Arrancando las 3 descargas en paralelo (mismo browser, páginas separadas)...
[ACTUALIZAR PAGOS · AUTO] Fecha Desde: 27/06/2024
[ACTUALIZAR PAGOS · AUTO] Fecha Hasta: 24/11/2025
[ACTUALIZAR PAGOS · AUTO] Fecha Desde: 25/11/2025
[ACTUALIZAR PAGOS · AUTO] Fecha Hasta: 24/07/2026
[ACTUALIZAR PAGOS · AUTO] Descargando Excel...
[ACTUALIZAR PAGOS · AUTO] Descargando Excel...
[ACTUALIZAR PAGOS · AUTO] ✅ TXT de pagos descargado en: backend/descargas/pagos/2026-07-24/PAGOS DESCARGADOS.txt
[ACTUALIZAR PAGOS · AUTO] ⏱ [pagos_txt] completado en 24.1s
[ACTUALIZAR PAGOS · AUTO] Archivo descargado en: backend/descargas/cache_actas_cruce/MULTAS_JUZGADO_CRUCE.xlsx
[ACTUALIZAR PAGOS · AUTO] ⏱ [actas_juzgado] completado en 42.6s
[ACTUALIZAR PAGOS · AUTO] Archivo descargado en: backend/descargas/cache_actas_cruce/MULTAS_SIGEMI_CRUCE.xlsx
[ACTUALIZAR PAGOS · AUTO] ⏱ [actas_sigemi] completado en 68.2s
[ACTUALIZAR PAGOS · AUTO] ⏱ TOTAL descargas en paralelo: 68.2s
[ACTUALIZAR PAGOS · AUTO] ✅ DescargasParalelasPaso finalizado. (⏱ 69.7s)
[ACTUALIZAR PAGOS · AUTO] ✓ [DescargasParalelasPaso] Completado.
[ACTUALIZAR PAGOS · AUTO] ▶ [CompararActasPaso] Iniciando...
[ACTUALIZAR PAGOS · AUTO] ==================================================
[ACTUALIZAR PAGOS · AUTO] 🚀 PASO: CompararActasPaso
[ACTUALIZAR PAGOS · AUTO] ==================================================
[ACTUALIZAR PAGOS · AUTO] 🔍 Comparando actas del SEMyT contra pagos del Juzgado...
[ACTUALIZAR PAGOS · AUTO] ================================================================================
[ACTUALIZAR PAGOS · AUTO] INICIANDO PROCESO DE GENERACIÓN DE PAGOS DESACTUALIZADOS
[ACTUALIZAR PAGOS · AUTO] ================================================================================
[ACTUALIZAR PAGOS · AUTO] 📂 Cargando archivos...
[ACTUALIZAR PAGOS · AUTO]   ✓ Pagos: 17114 registros
[ACTUALIZAR PAGOS · AUTO]   ✓ Excel SIGEMI (multas vencidas viejas): 103464 registros
[ACTUALIZAR PAGOS · AUTO]   ✓ Excel Juzgado (multas vencidas nuevas): 39992 registros
[ACTUALIZAR PAGOS · AUTO] ================================================================================
[ACTUALIZAR PAGOS · AUTO] PASO 1: LLENANDO ACTA_NUMERO (búsqueda por patente + fecha, con desempate por hora)
[ACTUALIZAR PAGOS · AUTO] ================================================================================
[ACTUALIZAR PAGOS · AUTO] 📊 ESTADÍSTICAS DE LLENADO DE ACTAS:
[ACTUALIZAR PAGOS · AUTO]   • Pagos con acta ORIGINAL: 3012
[ACTUALIZAR PAGOS · AUTO]   • Pagos SIN acta (buscados): 14102
[ACTUALIZAR PAGOS · AUTO]   • Pagos LLENADOS exitosamente: 3
[ACTUALIZAR PAGOS · AUTO]   • Pagos NO encontrados en multas: 14099
[ACTUALIZAR PAGOS · AUTO]   • Pagos SIN RESOLVER por desbalance de cantidades: 0
[ACTUALIZAR PAGOS · AUTO] ================================================================================
[ACTUALIZAR PAGOS · AUTO] PASO 1: LLENANDO ACTA_NUMERO (búsqueda por patente + fecha, con desempate por hora)
[ACTUALIZAR PAGOS · AUTO] ================================================================================
[ACTUALIZAR PAGOS · AUTO] 📊 ESTADÍSTICAS DE LLENADO DE ACTAS:
[ACTUALIZAR PAGOS · AUTO]   • Pagos con acta ORIGINAL: 3015
[ACTUALIZAR PAGOS · AUTO]   • Pagos SIN acta (buscados): 14099
[ACTUALIZAR PAGOS · AUTO]   • Pagos LLENADOS exitosamente: 0
[ACTUALIZAR PAGOS · AUTO]   • Pagos NO encontrados en multas: 14099
[ACTUALIZAR PAGOS · AUTO]   • Pagos SIN RESOLVER por desbalance de cantidades: 0
[ACTUALIZAR PAGOS · AUTO] ⏱ PASO 1 (llenar actas): 18.7s
[ACTUALIZAR PAGOS · AUTO] ================================================================================
[ACTUALIZAR PAGOS · AUTO] PASO 2: FILTRANDO PAGOS CON ACTA_NUMERO COMPLETO
[ACTUALIZAR PAGOS · AUTO] ================================================================================
[ACTUALIZAR PAGOS · AUTO] 📊 ESTADÍSTICAS DE FILTRADO:
[ACTUALIZAR PAGOS · AUTO]   • Pagos TOTALES al inicio: 17114
[ACTUALIZAR PAGOS · AUTO]   • Pagos CON acta (MANTIENEN): 3015
[ACTUALIZAR PAGOS · AUTO]   • Pagos RECHAZADOS (sin coincidencias): 14099
[ACTUALIZAR PAGOS · AUTO] ⚠️  Se eliminaron 14099 registros sin número de acta
[ACTUALIZAR PAGOS · AUTO]      (recordá: esto incluye tanto pagos ya actualizados/pagados
[ACTUALIZAR PAGOS · AUTO]       como pagos que quedaron sin resolver por desbalance en el Paso 1)
[ACTUALIZAR PAGOS · AUTO] ================================================================================
[ACTUALIZAR PAGOS · AUTO] PASO 2-bis: CONFIRMANDO VIGENCIA DE PAGOS DEL SISTEMA NUEVO (contra MULTAS_JUZGADO_CRUCE)
[ACTUALIZAR PAGOS · AUTO] ================================================================================
[ACTUALIZAR PAGOS · AUTO]   ⚠ 3006 pago(s) del sistema nuevo descartados: su acta ya no figura como vencida en MULTAS_JUZGADO_CRUCE (SEMyT ya los actualizó).
[ACTUALIZAR PAGOS · AUTO]   • Pagos del sistema nuevo descartados por ya estar actualizados: 3006
[ACTUALIZAR PAGOS · AUTO] ⏱ PASO 2 (filtrar): 1.4s
[ACTUALIZAR PAGOS · AUTO] 📂 Cargando maestro de causas SIGEMI...
[ACTUALIZAR PAGOS · AUTO]   ✓ Causas totales (maestro): 134069 registros
[ACTUALIZAR PAGOS · AUTO] ⏱ PASO 2.5 (causas simplificado): 0.2s
[ACTUALIZAR PAGOS · AUTO] ================================================================================
[ACTUALIZAR PAGOS · AUTO] PASO 2.5: ARMANDO causas.txt SIMPLIFICADO (cruce contra total_causas_sigemi.txt)
[ACTUALIZAR PAGOS · AUTO] ================================================================================
[ACTUALIZAR PAGOS · AUTO]   • Actas vencidas viejas (multas): 103464
[ACTUALIZAR PAGOS · AUTO]   • Causas totales en el maestro SIGEMI: 134069
[ACTUALIZAR PAGOS · AUTO]   • Causas que coinciden (simplificado): 103136
[ACTUALIZAR PAGOS · AUTO]   ✅ Archivo escrito: backend/descargas/causas/causas.txt
[ACTUALIZAR PAGOS · AUTO] ⏱ PASO 2.5 (causas simplificado): 2.9s
[ACTUALIZAR PAGOS · AUTO] ================================================================================
[ACTUALIZAR PAGOS · AUTO] PASO 3: LLENANDO CAUSA_NUMERO (según fecha de cambio de sistema, cruzando por acta + año)
[ACTUALIZAR PAGOS · AUTO] ================================================================================
[ACTUALIZAR PAGOS · AUTO] 📊 ESTADÍSTICAS DE LLENADO DE CAUSAS:
[ACTUALIZAR PAGOS · AUTO]   • Pagos con causa ORIGINAL: 6
[ACTUALIZAR PAGOS · AUTO]   • Causas encontradas en SIGEMI (actas viejas): 3
[ACTUALIZAR PAGOS · AUTO]   • Causas NO encontradas en SIGEMI: 0
[ACTUALIZAR PAGOS · AUTO]   • Causas asignadas automáticamente (actas nuevas): 0
[ACTUALIZAR PAGOS · AUTO] ⏱ PASO 3 (llenar causas): 0.0s
[ACTUALIZAR PAGOS · AUTO] ================================================================================
[ACTUALIZAR PAGOS · AUTO] PASO 4: ORDENANDO POR FECHA Y ACTA_NUMERO
[ACTUALIZAR PAGOS · AUTO] ================================================================================
[ACTUALIZAR PAGOS · AUTO] ✓ Pagos ordenados correctamente
[ACTUALIZAR PAGOS · AUTO]   • Primera entrada: Acta=189445, Fecha=13/08/2025
[ACTUALIZAR PAGOS · AUTO]   • Última entrada: Acta=272751, Fecha=27/02/2026
[ACTUALIZAR PAGOS · AUTO] 📝 Escribiendo archivo de salida...
[ACTUALIZAR PAGOS · AUTO]   ✅ Archivo escrito: backend/descargas/pagos/2026-07-24/PAGOS 20260724 130800.txt
[ACTUALIZAR PAGOS · AUTO]   ✅ Total registros: 1115
[ACTUALIZAR PAGOS · AUTO] ⏱ PASO 4 (ordenar y escribir): 0.0s
[ACTUALIZAR PAGOS · AUTO] ================================================================================
[ACTUALIZAR PAGOS · AUTO] ✅ PROCESO COMPLETADO EXITOSAMENTE
[ACTUALIZAR PAGOS · AUTO] ================================================================================
[ACTUALIZAR PAGOS · AUTO] 📊 RESUMEN FINAL DEL PROCESAMIENTO:
[ACTUALIZAR PAGOS · AUTO]   ENTRADA:
[ACTUALIZAR PAGOS · AUTO]     • Pagos originales: 17114
[ACTUALIZAR PAGOS · AUTO]     • Multas SIGEMI cargadas: 103464
[ACTUALIZAR PAGOS · AUTO]     • Multas Juzgado cargadas: 39992
[ACTUALIZAR PAGOS · AUTO]     • Causas simplificadas (usadas para el cruce): 103136
[ACTUALIZAR PAGOS · AUTO]   PROCESO:
[ACTUALIZAR PAGOS · AUTO]     • Pagos rechazados sigemi: 14099
[ACTUALIZAR PAGOS · AUTO]     • Pagos rechazados juzgado: 3006
[ACTUALIZAR PAGOS · AUTO]   SALIDA:
[ACTUALIZAR PAGOS · AUTO]     • Pagos desactualizados procesados: 9
[ACTUALIZAR PAGOS · AUTO]     • Archivo final: backend/descargas/pagos/2026-07-24/PAGOS 20260724 130800.txt
[ACTUALIZAR PAGOS · AUTO]     • Ordenados por fecha: SÍ ✓
[ACTUALIZAR PAGOS · AUTO]     • Todos con ACTA_NUMERO: SÍ ✓
[ACTUALIZAR PAGOS · AUTO]     • Todos con CAUSA_NUMERO: SÍ ✓
[ACTUALIZAR PAGOS · AUTO] ✅ TXT de pagos (ya cruzado con actas y causas) generado en: backend/descargas/pagos/2026-07-24/PAGOS 20260724 130800.txt
[ACTUALIZAR PAGOS · AUTO] 🧹 TXT de pagos crudo eliminado (ya usado en el cruce): backend/descargas/pagos/2026-07-24/PAGOS DESCARGADOS.txt
[ACTUALIZAR PAGOS · AUTO] 🧹 Excel MULTAS_SIGEMI_CRUCE eliminado (ya usado en el cruce): backend/descargas/cache_actas_cruce/MULTAS_SIGEMI_CRUCE.xlsx
[ACTUALIZAR PAGOS · AUTO] 🧹 Excel MULTAS_JUZGADO_CRUCE eliminado (ya usado en el cruce): backend/descargas/cache_actas_cruce/MULTAS_JUZGADO_CRUCE.xlsx
[ACTUALIZAR PAGOS · AUTO] ✅ CompararActasPaso finalizado. (⏱ 51.1s)
[ACTUALIZAR PAGOS · AUTO] ✓ [CompararActasPaso] Completado.
[ACTUALIZAR PAGOS · AUTO] ▶ [CargarPagosPaso] Iniciando...
[ACTUALIZAR PAGOS · AUTO] ==================================================
[ACTUALIZAR PAGOS · AUTO] 🚀 PASO: CargarPagosPaso
[ACTUALIZAR PAGOS · AUTO] ==================================================
[ACTUALIZAR PAGOS · AUTO] 📤 Subiendo TXT de pagos al SEMyT...
[ACTUALIZAR PAGOS · AUTO] ✅ Importación de pagos completada con éxito.
[ACTUALIZAR PAGOS · AUTO] ✅ Archivo TXT de pagos cargado en el SEMyT correctamente.
[ACTUALIZAR PAGOS · AUTO] ✅ CargarPagosPaso finalizado. (⏱ 3.3s)
[ACTUALIZAR PAGOS · AUTO] ✓ [CargarPagosPaso] Completado.
[ACTUALIZAR PAGOS · AUTO] === Ejecución finalizada con éxito ===
🤖 [Automático] Es hora de actualizar pagos. Arrancando...
[ACTUALIZAR PAGOS · AUTO] === Inicio de ejecución: pagos ===
[ACTUALIZAR PAGOS · AUTO] ▶ [LoginSemytPaso] Iniciando...
[ACTUALIZAR PAGOS · AUTO] ==================================================
[ACTUALIZAR PAGOS · AUTO] 🚀 PASO: LoginSemytPaso
[ACTUALIZAR PAGOS · AUTO] ==================================================
[ACTUALIZAR PAGOS · AUTO] Abriendo SEMyT...
[ACTUALIZAR PAGOS · AUTO] ✅ [SEMyT] Sesión existente detectada. Login omitido.
⏳ [Automático] Tocaba disparar 'pagos' pero ya hay una ejecución en curso (Actualizar pagos); esperando a que termine; se reintenta en breve sin perder el turno.
[ACTUALIZAR PAGOS · AUTO] ✅ LoginSemytPaso finalizado. (⏱ 12.2s)
[ACTUALIZAR PAGOS · AUTO] ✓ [LoginSemytPaso] Completado.
[ACTUALIZAR PAGOS · AUTO] ▶ [LoginJuzgadoPaso] Iniciando...
[ACTUALIZAR PAGOS · AUTO] ==================================================
[ACTUALIZAR PAGOS · AUTO] 🚀 PASO: LoginJuzgadoPaso
[ACTUALIZAR PAGOS · AUTO] ==================================================
[ACTUALIZAR PAGOS · AUTO] Abriendo sitio municipalidad (CiDi)...
[ACTUALIZAR PAGOS · AUTO] ✅ [Juzgado] Sesión existente detectada. Login omitido.
[ACTUALIZAR PAGOS · AUTO] ✅ LoginJuzgadoPaso finalizado. (⏱ 1.6s)
[ACTUALIZAR PAGOS · AUTO] ✓ [LoginJuzgadoPaso] Completado.
[ACTUALIZAR PAGOS · AUTO] ▶ [DescargasParalelasPaso] Iniciando...
[ACTUALIZAR PAGOS · AUTO] ==================================================
[ACTUALIZAR PAGOS · AUTO] 🚀 PASO: DescargasParalelasPaso
[ACTUALIZAR PAGOS · AUTO] ==================================================
[ACTUALIZAR PAGOS · AUTO] 📤 Arrancando las 3 descargas en paralelo (mismo browser, páginas separadas)...
[ACTUALIZAR PAGOS · AUTO] Fecha Desde: 27/06/2024
[ACTUALIZAR PAGOS · AUTO] Fecha Hasta: 24/11/2025
[ACTUALIZAR PAGOS · AUTO] Fecha Desde: 25/11/2025
[ACTUALIZAR PAGOS · AUTO] Fecha Hasta: 24/07/2026
[ACTUALIZAR PAGOS · AUTO] Descargando Excel...
[ACTUALIZAR PAGOS · AUTO] Descargando Excel...
[ACTUALIZAR PAGOS · AUTO] Archivo descargado en: backend/descargas/cache_actas_cruce/MULTAS_JUZGADO_CRUCE.xlsx
[ACTUALIZAR PAGOS · AUTO] ⏱ [actas_juzgado] completado en 27.3s
[ACTUALIZAR PAGOS · AUTO] ✅ TXT de pagos descargado en: backend/descargas/pagos/2026-07-24/PAGOS DESCARGADOS.txt
[ACTUALIZAR PAGOS · AUTO] ⏱ [pagos_txt] completado en 27.4s
[ACTUALIZAR PAGOS · AUTO] Archivo descargado en: backend/descargas/cache_actas_cruce/MULTAS_SIGEMI_CRUCE.xlsx
[ACTUALIZAR PAGOS · AUTO] ⏱ [actas_sigemi] completado en 57.1s
[ACTUALIZAR PAGOS · AUTO] ⏱ TOTAL descargas en paralelo: 57.1s
[ACTUALIZAR PAGOS · AUTO] ✅ DescargasParalelasPaso finalizado. (⏱ 58.9s)
[ACTUALIZAR PAGOS · AUTO] ✓ [DescargasParalelasPaso] Completado.
[ACTUALIZAR PAGOS · AUTO] ▶ [CompararActasPaso] Iniciando...
[ACTUALIZAR PAGOS · AUTO] ==================================================
[ACTUALIZAR PAGOS · AUTO] 🚀 PASO: CompararActasPaso
[ACTUALIZAR PAGOS · AUTO] ==================================================
[ACTUALIZAR PAGOS · AUTO] 🔍 Comparando actas del SEMyT contra pagos del Juzgado...
[ACTUALIZAR PAGOS · AUTO] ================================================================================
[ACTUALIZAR PAGOS · AUTO] INICIANDO PROCESO DE GENERACIÓN DE PAGOS DESACTUALIZADOS
[ACTUALIZAR PAGOS · AUTO] ================================================================================
[ACTUALIZAR PAGOS · AUTO] 📂 Cargando archivos...
[ACTUALIZAR PAGOS · AUTO]   ✓ Pagos: 17130 registros
[ACTUALIZAR PAGOS · AUTO]   ✓ Excel SIGEMI (multas vencidas viejas): 103461 registros
[ACTUALIZAR PAGOS · AUTO]   ✓ Excel Juzgado (multas vencidas nuevas): 39987 registros
[ACTUALIZAR PAGOS · AUTO] ================================================================================
[ACTUALIZAR PAGOS · AUTO] PASO 1: LLENANDO ACTA_NUMERO (búsqueda por patente + fecha, con desempate por hora)
[ACTUALIZAR PAGOS · AUTO] ================================================================================
[ACTUALIZAR PAGOS · AUTO] 📊 ESTADÍSTICAS DE LLENADO DE ACTAS:
[ACTUALIZAR PAGOS · AUTO]   • Pagos con acta ORIGINAL: 3027
[ACTUALIZAR PAGOS · AUTO]   • Pagos SIN acta (buscados): 14103
[ACTUALIZAR PAGOS · AUTO]   • Pagos LLENADOS exitosamente: 1
[ACTUALIZAR PAGOS · AUTO]   • Pagos NO encontrados en multas: 14102
[ACTUALIZAR PAGOS · AUTO]   • Pagos SIN RESOLVER por desbalance de cantidades: 0
[ACTUALIZAR PAGOS · AUTO] ================================================================================
[ACTUALIZAR PAGOS · AUTO] PASO 1: LLENANDO ACTA_NUMERO (búsqueda por patente + fecha, con desempate por hora)
[ACTUALIZAR PAGOS · AUTO] ================================================================================
[ACTUALIZAR PAGOS · AUTO] 📊 ESTADÍSTICAS DE LLENADO DE ACTAS:
[ACTUALIZAR PAGOS · AUTO]   • Pagos con acta ORIGINAL: 3028
[ACTUALIZAR PAGOS · AUTO]   • Pagos SIN acta (buscados): 14102
[ACTUALIZAR PAGOS · AUTO]   • Pagos LLENADOS exitosamente: 0
[ACTUALIZAR PAGOS · AUTO]   • Pagos NO encontrados en multas: 14102
[ACTUALIZAR PAGOS · AUTO]   • Pagos SIN RESOLVER por desbalance de cantidades: 0
[ACTUALIZAR PAGOS · AUTO] ⏱ PASO 1 (llenar actas): 18.8s
[ACTUALIZAR PAGOS · AUTO] ================================================================================
[ACTUALIZAR PAGOS · AUTO] PASO 2: FILTRANDO PAGOS CON ACTA_NUMERO COMPLETO
[ACTUALIZAR PAGOS · AUTO] ================================================================================
[ACTUALIZAR PAGOS · AUTO] 📊 ESTADÍSTICAS DE FILTRADO:
[ACTUALIZAR PAGOS · AUTO]   • Pagos TOTALES al inicio: 17130
[ACTUALIZAR PAGOS · AUTO]   • Pagos CON acta (MANTIENEN): 3028
[ACTUALIZAR PAGOS · AUTO]   • Pagos RECHAZADOS (sin coincidencias): 14102
[ACTUALIZAR PAGOS · AUTO] ⚠️  Se eliminaron 14102 registros sin número de acta
[ACTUALIZAR PAGOS · AUTO]      (recordá: esto incluye tanto pagos ya actualizados/pagados
[ACTUALIZAR PAGOS · AUTO]       como pagos que quedaron sin resolver por desbalance en el Paso 1)
[ACTUALIZAR PAGOS · AUTO] ================================================================================
[ACTUALIZAR PAGOS · AUTO] PASO 2-bis: CONFIRMANDO VIGENCIA DE PAGOS DEL SISTEMA NUEVO (contra MULTAS_JUZGADO_CRUCE)
[ACTUALIZAR PAGOS · AUTO] ================================================================================
[ACTUALIZAR PAGOS · AUTO]   ⚠ 3011 pago(s) del sistema nuevo descartados: su acta ya no figura como vencida en MULTAS_JUZGADO_CRUCE (SEMyT ya los actualizó).
[ACTUALIZAR PAGOS · AUTO]   • Pagos del sistema nuevo descartados por ya estar actualizados: 3011
[ACTUALIZAR PAGOS · AUTO] ⏱ PASO 2 (filtrar): 1.4s
[ACTUALIZAR PAGOS · AUTO] 📂 Cargando maestro de causas SIGEMI...
[ACTUALIZAR PAGOS · AUTO]   ✓ Causas totales (maestro): 134069 registros
[ACTUALIZAR PAGOS · AUTO] ⏱ PASO 2.5 (causas simplificado): 0.2s
[ACTUALIZAR PAGOS · AUTO] ================================================================================
[ACTUALIZAR PAGOS · AUTO] PASO 2.5: ARMANDO causas.txt SIMPLIFICADO (cruce contra total_causas_sigemi.txt)
[ACTUALIZAR PAGOS · AUTO] ================================================================================
[ACTUALIZAR PAGOS · AUTO]   • Actas vencidas viejas (multas): 103461
[ACTUALIZAR PAGOS · AUTO]   • Causas totales en el maestro SIGEMI: 134069
[ACTUALIZAR PAGOS · AUTO]   • Causas que coinciden (simplificado): 103133
[ACTUALIZAR PAGOS · AUTO]   ✅ Archivo escrito: backend/descargas/causas/causas.txt
[ACTUALIZAR PAGOS · AUTO] ⏱ PASO 2.5 (causas simplificado): 2.9s
[ACTUALIZAR PAGOS · AUTO] ================================================================================
[ACTUALIZAR PAGOS · AUTO] PASO 3: LLENANDO CAUSA_NUMERO (según fecha de cambio de sistema, cruzando por acta + año)
[ACTUALIZAR PAGOS · AUTO] ================================================================================
[ACTUALIZAR PAGOS · AUTO] 📊 ESTADÍSTICAS DE LLENADO DE CAUSAS:
[ACTUALIZAR PAGOS · AUTO]   • Pagos con causa ORIGINAL: 16
[ACTUALIZAR PAGOS · AUTO]   • Causas encontradas en SIGEMI (actas viejas): 1
[ACTUALIZAR PAGOS · AUTO]   • Causas NO encontradas en SIGEMI: 0
[ACTUALIZAR PAGOS · AUTO]   • Causas asignadas automáticamente (actas nuevas): 0
[ACTUALIZAR PAGOS · AUTO] ⏱ PASO 3 (llenar causas): 0.0s
[ACTUALIZAR PAGOS · AUTO] ================================================================================
[ACTUALIZAR PAGOS · AUTO] PASO 4: ORDENANDO POR FECHA Y ACTA_NUMERO
[ACTUALIZAR PAGOS · AUTO] ================================================================================
[ACTUALIZAR PAGOS · AUTO] ✓ Pagos ordenados correctamente
[ACTUALIZAR PAGOS · AUTO]   • Primera entrada: Acta=37332, Fecha=28/08/2024
[ACTUALIZAR PAGOS · AUTO]   • Última entrada: Acta=316923, Fecha=19/05/2026
[ACTUALIZAR PAGOS · AUTO] 📝 Escribiendo archivo de salida...
[ACTUALIZAR PAGOS · AUTO]   ✅ Archivo escrito: backend/descargas/pagos/2026-07-24/PAGOS 20260724 132604.txt
[ACTUALIZAR PAGOS · AUTO]   ✅ Total registros: 2035
[ACTUALIZAR PAGOS · AUTO] ⏱ PASO 4 (ordenar y escribir): 0.0s
[ACTUALIZAR PAGOS · AUTO] ================================================================================
[ACTUALIZAR PAGOS · AUTO] ✅ PROCESO COMPLETADO EXITOSAMENTE
[ACTUALIZAR PAGOS · AUTO] ================================================================================
[ACTUALIZAR PAGOS · AUTO] 📊 RESUMEN FINAL DEL PROCESAMIENTO:
[ACTUALIZAR PAGOS · AUTO]   ENTRADA:
[ACTUALIZAR PAGOS · AUTO]     • Pagos originales: 17130
[ACTUALIZAR PAGOS · AUTO]     • Multas SIGEMI cargadas: 103461
[ACTUALIZAR PAGOS · AUTO]     • Multas Juzgado cargadas: 39987
[ACTUALIZAR PAGOS · AUTO]     • Causas simplificadas (usadas para el cruce): 103133
[ACTUALIZAR PAGOS · AUTO]   PROCESO:
[ACTUALIZAR PAGOS · AUTO]     • Pagos rechazados sigemi: 14102
[ACTUALIZAR PAGOS · AUTO]     • Pagos rechazados juzgado: 3011
[ACTUALIZAR PAGOS · AUTO]   SALIDA:
[ACTUALIZAR PAGOS · AUTO]     • Pagos desactualizados procesados: 17
[ACTUALIZAR PAGOS · AUTO]     • Archivo final: backend/descargas/pagos/2026-07-24/PAGOS 20260724 132604.txt
[ACTUALIZAR PAGOS · AUTO]     • Ordenados por fecha: SÍ ✓
[ACTUALIZAR PAGOS · AUTO]     • Todos con ACTA_NUMERO: SÍ ✓
[ACTUALIZAR PAGOS · AUTO]     • Todos con CAUSA_NUMERO: SÍ ✓
[ACTUALIZAR PAGOS · AUTO] ✅ TXT de pagos (ya cruzado con actas y causas) generado en: backend/descargas/pagos/2026-07-24/PAGOS 20260724 132604.txt
[ACTUALIZAR PAGOS · AUTO] 🧹 TXT de pagos crudo eliminado (ya usado en el cruce): backend/descargas/pagos/2026-07-24/PAGOS DESCARGADOS.txt
[ACTUALIZAR PAGOS · AUTO] 🧹 Excel MULTAS_SIGEMI_CRUCE eliminado (ya usado en el cruce): backend/descargas/cache_actas_cruce/MULTAS_SIGEMI_CRUCE.xlsx
[ACTUALIZAR PAGOS · AUTO] 🧹 Excel MULTAS_JUZGADO_CRUCE eliminado (ya usado en el cruce): backend/descargas/cache_actas_cruce/MULTAS_JUZGADO_CRUCE.xlsx
[ACTUALIZAR PAGOS · AUTO] ✅ CompararActasPaso finalizado. (⏱ 52.0s)
[ACTUALIZAR PAGOS · AUTO] ✓ [CompararActasPaso] Completado.
[ACTUALIZAR PAGOS · AUTO] ▶ [CargarPagosPaso] Iniciando...
[ACTUALIZAR PAGOS · AUTO] ==================================================
[ACTUALIZAR PAGOS · AUTO] 🚀 PASO: CargarPagosPaso
[ACTUALIZAR PAGOS · AUTO] ==================================================
[ACTUALIZAR PAGOS · AUTO] 📤 Subiendo TXT de pagos al SEMyT...
[ACTUALIZAR PAGOS · AUTO] ❌ Error en el paso [CargarPagosPaso]: TimeoutError: Locator.click: Timeout 10000ms exceeded.
[ACTUALIZAR PAGOS · AUTO] Call log:
[ACTUALIZAR PAGOS · AUTO]   - waiting for locator("text=Nueva importación de archivo")
[ACTUALIZAR PAGOS · AUTO]     - locator resolved to <span class="mat-button-wrapper"> Nueva importación de archivo </span>
[ACTUALIZAR PAGOS · AUTO]   - attempting click action
[ACTUALIZAR PAGOS · AUTO]     - waiting for element to be visible, enabled and stable
[ACTUALIZAR PAGOS · AUTO]     - element is visible, enabled and stable
[ACTUALIZAR PAGOS · AUTO]     - scrolling into view if needed
[ACTUALIZAR PAGOS · AUTO]     - done scrolling
[ACTUALIZAR PAGOS · AUTO]     - <div class="swal2-container swal2-center swal2-backdrop-show">…</div> intercepts pointer events
[ACTUALIZAR PAGOS · AUTO]   - retrying click action
[ACTUALIZAR PAGOS · AUTO]     - waiting for element to be visible, enabled and stable
[ACTUALIZAR PAGOS · AUTO]     - element is visible, enabled and stable
[ACTUALIZAR PAGOS · AUTO]     - scrolling into view if needed
[ACTUALIZAR PAGOS · AUTO]     - done scrolling
[ACTUALIZAR PAGOS · AUTO]     - <div tabindex="-1" role="dialog" aria-modal="true" aria-live="assertive" aria-labelledby="swal2-title" aria-describedby="swal2-content" class="swal2-popup swal2-modal swal2-show">…</div> from <div class="swal2-container swal2-center swal2-backdrop-show">…</div> subtree intercepts pointer events
[ACTUALIZAR PAGOS · AUTO]   - retrying click action
[ACTUALIZAR PAGOS · AUTO]     - waiting 20ms
[ACTUALIZAR PAGOS · AUTO]     2 × waiting for element to be visible, enabled and stable
[ACTUALIZAR PAGOS · AUTO]       - element is visible, enabled and stable
[ACTUALIZAR PAGOS · AUTO]       - scrolling into view if needed
[ACTUALIZAR PAGOS · AUTO]       - done scrolling
[ACTUALIZAR PAGOS · AUTO]       - <div tabindex="-1" role="dialog" aria-modal="true" aria-live="assertive" aria-labelledby="swal2-title" aria-describedby="swal2-content" class="swal2-popup swal2-modal swal2-show">…</div> from <div class="swal2-container swal2-center swal2-backdrop-show">…</div> subtree intercepts pointer events
[ACTUALIZAR PAGOS · AUTO]     - retrying click action
[ACTUALIZAR PAGOS · AUTO]       - waiting 100ms
[ACTUALIZAR PAGOS · AUTO]     12 × waiting for element to be visible, enabled and stable
[ACTUALIZAR PAGOS · AUTO]        - element is visible, enabled and stable
[ACTUALIZAR PAGOS · AUTO]        - scrolling into view if needed
[ACTUALIZAR PAGOS · AUTO]        - done scrolling
[ACTUALIZAR PAGOS · AUTO]        - <div tabindex="-1" role="dialog" aria-modal="true" aria-live="assertive" aria-labelledby="swal2-title" aria-describedby="swal2-content" class="swal2-popup swal2-modal swal2-show">…</div> from <div class="swal2-container swal2-center swal2-backdrop-show">…</div> subtree intercepts pointer events
[ACTUALIZAR PAGOS · AUTO]      - retrying click action
[ACTUALIZAR PAGOS · AUTO]        - waiting 500ms
[ACTUALIZAR PAGOS · AUTO] ❌ === ERROR: TimeoutError: Locator.click: Timeout 10000ms exceeded.
[ACTUALIZAR PAGOS · AUTO] Call log:
[ACTUALIZAR PAGOS · AUTO]   - waiting for locator("text=Nueva importación de archivo")
[ACTUALIZAR PAGOS · AUTO]     - locator resolved to <span class="mat-button-wrapper"> Nueva importación de archivo </span>
[ACTUALIZAR PAGOS · AUTO]   - attempting click action
[ACTUALIZAR PAGOS · AUTO]     - waiting for element to be visible, enabled and stable
[ACTUALIZAR PAGOS · AUTO]     - element is visible, enabled and stable
[ACTUALIZAR PAGOS · AUTO]     - scrolling into view if needed
[ACTUALIZAR PAGOS · AUTO]     - done scrolling
[ACTUALIZAR PAGOS · AUTO]     - <div class="swal2-container swal2-center swal2-backdrop-show">…</div> intercepts pointer events
[ACTUALIZAR PAGOS · AUTO]   - retrying click action
[ACTUALIZAR PAGOS · AUTO]     - waiting for element to be visible, enabled and stable
[ACTUALIZAR PAGOS · AUTO]     - element is visible, enabled and stable
[ACTUALIZAR PAGOS · AUTO]     - scrolling into view if needed
[ACTUALIZAR PAGOS · AUTO]     - done scrolling
[ACTUALIZAR PAGOS · AUTO]     - <div tabindex="-1" role="dialog" aria-modal="true" aria-live="assertive" aria-labelledby="swal2-title" aria-describedby="swal2-content" class="swal2-popup swal2-modal swal2-show">…</div> from <div class="swal2-container swal2-center swal2-backdrop-show">…</div> subtree intercepts pointer events
[ACTUALIZAR PAGOS · AUTO]   - retrying click action
[ACTUALIZAR PAGOS · AUTO]     - waiting 20ms
[ACTUALIZAR PAGOS · AUTO]     2 × waiting for element to be visible, enabled and stable
[ACTUALIZAR PAGOS · AUTO]       - element is visible, enabled and stable
[ACTUALIZAR PAGOS · AUTO]       - scrolling into view if needed
[ACTUALIZAR PAGOS · AUTO]       - done scrolling
[ACTUALIZAR PAGOS · AUTO]       - <div tabindex="-1" role="dialog" aria-modal="true" aria-live="assertive" aria-labelledby="swal2-title" aria-describedby="swal2-content" class="swal2-popup swal2-modal swal2-show">…</div> from <div class="swal2-container swal2-center swal2-backdrop-show">…</div> subtree intercepts pointer events
[ACTUALIZAR PAGOS · AUTO]     - retrying click action
[ACTUALIZAR PAGOS · AUTO]       - waiting 100ms
[ACTUALIZAR PAGOS · AUTO]     12 × waiting for element to be visible, enabled and stable
[ACTUALIZAR PAGOS · AUTO]        - element is visible, enabled and stable
[ACTUALIZAR PAGOS · AUTO]        - scrolling into view if needed
[ACTUALIZAR PAGOS · AUTO]        - done scrolling
[ACTUALIZAR PAGOS · AUTO]        - <div tabindex="-1" role="dialog" aria-modal="true" aria-live="assertive" aria-labelledby="swal2-title" aria-describedby="swal2-content" class="swal2-popup swal2-modal swal2-show">…</div> from <div class="swal2-container swal2-center swal2-backdrop-show">…</div> subtree intercepts pointer events
[ACTUALIZAR PAGOS · AUTO]      - retrying click action
[ACTUALIZAR PAGOS · AUTO]        - waiting 500ms
[ACTUALIZAR PAGOS · AUTO]  ===
[ACTUALIZAR PAGOS · AUTO] Traceback (most recent call last):
[ACTUALIZAR PAGOS · AUTO]   File "/Users/nicolascesolari/Downloads/proyectoJuzgado(perfect) /backend/orquestador/trabajador.py", line 87, in ejecutar_worker
[ACTUALIZAR PAGOS · AUTO]     contexto_resultado = asyncio.run(
[ACTUALIZAR PAGOS · AUTO]         _correr_tipo(tipo, origen, fecha_desde_multas_manual, archivo_creado)
[ACTUALIZAR PAGOS · AUTO]     )
[ACTUALIZAR PAGOS · AUTO]   File "/Library/Frameworks/Python.framework/Versions/3.14/lib/python3.14/asyncio/runners.py", line 205, in run
[ACTUALIZAR PAGOS · AUTO]     return runner.run(main)
[ACTUALIZAR PAGOS · AUTO]            ~~~~~~~~~~^^^^^^
[ACTUALIZAR PAGOS · AUTO]   File "/Library/Frameworks/Python.framework/Versions/3.14/lib/python3.14/asyncio/runners.py", line 128, in run
[ACTUALIZAR PAGOS · AUTO]     return self._loop.run_until_complete(task)
[ACTUALIZAR PAGOS · AUTO]            ~~~~~~~~~~~~~~~~~~~~~~~~~~~~~^^^^^^
[ACTUALIZAR PAGOS · AUTO]   File "/Library/Frameworks/Python.framework/Versions/3.14/lib/python3.14/asyncio/base_events.py", line 719, in run_until_complete
[ACTUALIZAR PAGOS · AUTO]     return future.result()
[ACTUALIZAR PAGOS · AUTO]            ~~~~~~~~~~~~~^^
[ACTUALIZAR PAGOS · AUTO]   File "/Users/nicolascesolari/Downloads/proyectoJuzgado(perfect) /backend/orquestador/trabajador.py", line 146, in _correr_tipo
[ACTUALIZAR PAGOS · AUTO]     return await PagosWorkflow(navegador).ejecutar(archivo_fn=archivo_creado,cerrar_navegador_al_final=False,)
[ACTUALIZAR PAGOS · AUTO]            ^^^^^^^^^^^^^^^^^^^^^^^^^^^^^^^^^^^^^^^^^^^^^^^^^^^^^^^^^^^^^^^^^^^^^^^^^^^^^^^^^^^^^^^^^^^^^^^^^^^
[ACTUALIZAR PAGOS · AUTO]   File "/Users/nicolascesolari/Downloads/proyectoJuzgado(perfect) /backend/workflows/workflow_base.py", line 35, in ejecutar
[ACTUALIZAR PAGOS · AUTO]     await paso.ejecutar(contexto)
[ACTUALIZAR PAGOS · AUTO]   File "/Users/nicolascesolari/Downloads/proyectoJuzgado(perfect) /backend/pasos/cargar_pagos_paso.py", line 22, in ejecutar
[ACTUALIZAR PAGOS · AUTO]     resultado = await service.subir_txt_pagos(contexto.pagina_semyt, ruta_txt)
[ACTUALIZAR PAGOS · AUTO]                 ^^^^^^^^^^^^^^^^^^^^^^^^^^^^^^^^^^^^^^^^^^^^^^^^^^^^^^^^^^^^^^
[ACTUALIZAR PAGOS · AUTO]   File "/Users/nicolascesolari/Downloads/proyectoJuzgado(perfect) /backend/services/pagos_service.py", line 33, in subir_txt_pagos
[ACTUALIZAR PAGOS · AUTO]     return await page.importar_txt(ruta_txt)
[ACTUALIZAR PAGOS · AUTO]            ^^^^^^^^^^^^^^^^^^^^^^^^^^^^^^^^^
[ACTUALIZAR PAGOS · AUTO]   File "/Users/nicolascesolari/Downloads/proyectoJuzgado(perfect) /backend/pages/importar_pagos_page.py", line 33, in importar_txt
[ACTUALIZAR PAGOS · AUTO]     await self.boton_subir_archivo.click(timeout=10000)
[ACTUALIZAR PAGOS · AUTO]   File "/Library/Frameworks/Python.framework/Versions/3.14/lib/python3.14/site-packages/playwright/async_api/_generated.py", line 17449, in click
[ACTUALIZAR PAGOS · AUTO]     await self._impl_obj.click(
[ACTUALIZAR PAGOS · AUTO]     ...<10 lines>...
[ACTUALIZAR PAGOS · AUTO]     )
[ACTUALIZAR PAGOS · AUTO]   File "/Library/Frameworks/Python.framework/Versions/3.14/lib/python3.14/site-packages/playwright/_impl/_locator.py", line 163, in click
[ACTUALIZAR PAGOS · AUTO]     return await self._frame._click(self._selector, strict=True, **params)
[ACTUALIZAR PAGOS · AUTO]            ^^^^^^^^^^^^^^^^^^^^^^^^^^^^^^^^^^^^^^^^^^^^^^^^^^^^^^^^^^^^^^^
[ACTUALIZAR PAGOS · AUTO]   File "/Library/Frameworks/Python.framework/Versions/3.14/lib/python3.14/site-packages/playwright/_impl/_frame.py", line 569, in _click
[ACTUALIZAR PAGOS · AUTO]     await self._channel.send("click", self._timeout, locals_to_params(locals()))
[ACTUALIZAR PAGOS · AUTO]   File "/Library/Frameworks/Python.framework/Versions/3.14/lib/python3.14/site-packages/playwright/_impl/_connection.py", line 69, in send
[ACTUALIZAR PAGOS · AUTO]     return await self._connection.wrap_api_call(
[ACTUALIZAR PAGOS · AUTO]            ^^^^^^^^^^^^^^^^^^^^^^^^^^^^^^^^^^^^^
[ACTUALIZAR PAGOS · AUTO]     ...<3 lines>...
[ACTUALIZAR PAGOS · AUTO]     )
[ACTUALIZAR PAGOS · AUTO]     ^
[ACTUALIZAR PAGOS · AUTO]   File "/Library/Frameworks/Python.framework/Versions/3.14/lib/python3.14/site-packages/playwright/_impl/_connection.py", line 559, in wrap_api_call
[ACTUALIZAR PAGOS · AUTO]     raise rewrite_error(error, f"{parsed_st['apiName']}: {error}") from None
[ACTUALIZAR PAGOS · AUTO] playwright._impl._errors.TimeoutError: Locator.click: Timeout 10000ms exceeded.
[ACTUALIZAR PAGOS · AUTO] Call log:
[ACTUALIZAR PAGOS · AUTO]   - waiting for locator("text=Nueva importación de archivo")
[ACTUALIZAR PAGOS · AUTO]     - locator resolved to <span class="mat-button-wrapper"> Nueva importación de archivo </span>
[ACTUALIZAR PAGOS · AUTO]   - attempting click action
[ACTUALIZAR PAGOS · AUTO]     - waiting for element to be visible, enabled and stable
[ACTUALIZAR PAGOS · AUTO]     - element is visible, enabled and stable
[ACTUALIZAR PAGOS · AUTO]     - scrolling into view if needed
[ACTUALIZAR PAGOS · AUTO]     - done scrolling
[ACTUALIZAR PAGOS · AUTO]     - <div class="swal2-container swal2-center swal2-backdrop-show">…</div> intercepts pointer events
[ACTUALIZAR PAGOS · AUTO]   - retrying click action
[ACTUALIZAR PAGOS · AUTO]     - waiting for element to be visible, enabled and stable
[ACTUALIZAR PAGOS · AUTO]     - element is visible, enabled and stable
[ACTUALIZAR PAGOS · AUTO]     - scrolling into view if needed
[ACTUALIZAR PAGOS · AUTO]     - done scrolling
[ACTUALIZAR PAGOS · AUTO]     - <div tabindex="-1" role="dialog" aria-modal="true" aria-live="assertive" aria-labelledby="swal2-title" aria-describedby="swal2-content" class="swal2-popup swal2-modal swal2-show">…</div> from <div class="swal2-container swal2-center swal2-backdrop-show">…</div> subtree intercepts pointer events
[ACTUALIZAR PAGOS · AUTO]   - retrying click action
[ACTUALIZAR PAGOS · AUTO]     - waiting 20ms
[ACTUALIZAR PAGOS · AUTO]     2 × waiting for element to be visible, enabled and stable
[ACTUALIZAR PAGOS · AUTO]       - element is visible, enabled and stable
[ACTUALIZAR PAGOS · AUTO]       - scrolling into view if needed
[ACTUALIZAR PAGOS · AUTO]       - done scrolling
[ACTUALIZAR PAGOS · AUTO]       - <div tabindex="-1" role="dialog" aria-modal="true" aria-live="assertive" aria-labelledby="swal2-title" aria-describedby="swal2-content" class="swal2-popup swal2-modal swal2-show">…</div> from <div class="swal2-container swal2-center swal2-backdrop-show">…</div> subtree intercepts pointer events
[ACTUALIZAR PAGOS · AUTO]     - retrying click action
[ACTUALIZAR PAGOS · AUTO]       - waiting 100ms
[ACTUALIZAR PAGOS · AUTO]     12 × waiting for element to be visible, enabled and stable
[ACTUALIZAR PAGOS · AUTO]        - element is visible, enabled and stable
[ACTUALIZAR PAGOS · AUTO]        - scrolling into view if needed
[ACTUALIZAR PAGOS · AUTO]        - done scrolling
[ACTUALIZAR PAGOS · AUTO]        - <div tabindex="-1" role="dialog" aria-modal="true" aria-live="assertive" aria-labelledby="swal2-title" aria-describedby="swal2-content" class="swal2-popup swal2-modal swal2-show">…</div> from <div class="swal2-container swal2-center swal2-backdrop-show">…</div> subtree intercepts pointer events
[ACTUALIZAR PAGOS · AUTO]      - retrying click action
[ACTUALIZAR PAGOS · AUTO]        - waiting 500ms
ℹ El log detallado de esta corrida no se conservó en disco (no se llegó a subir ningún archivo).
❌ [Automático] 'pagos' falló (intento 1 de 4). Se reintenta a las 13:36.
🤖 [Automático] Es hora de actualizar pagos (reintento 1 de 3). Arrancando...
[ACTUALIZAR PAGOS · AUTO] === Inicio de ejecución: pagos ===
[ACTUALIZAR PAGOS · AUTO] ▶ [LoginSemytPaso] Iniciando...
[ACTUALIZAR PAGOS · AUTO] ==================================================
[ACTUALIZAR PAGOS · AUTO] 🚀 PASO: LoginSemytPaso
[ACTUALIZAR PAGOS · AUTO] ==================================================
[ACTUALIZAR PAGOS · AUTO] Abriendo SEMyT...
[ACTUALIZAR PAGOS · AUTO] ✅ [SEMyT] Sesión existente detectada. Login omitido.
[ACTUALIZAR PAGOS · AUTO] ✅ LoginSemytPaso finalizado. (⏱ 4.5s)
[ACTUALIZAR PAGOS · AUTO] ✓ [LoginSemytPaso] Completado.
[ACTUALIZAR PAGOS · AUTO] ▶ [LoginJuzgadoPaso] Iniciando...
[ACTUALIZAR PAGOS · AUTO] ==================================================
[ACTUALIZAR PAGOS · AUTO] 🚀 PASO: LoginJuzgadoPaso
[ACTUALIZAR PAGOS · AUTO] ==================================================
[ACTUALIZAR PAGOS · AUTO] Abriendo sitio municipalidad (CiDi)...
[ACTUALIZAR PAGOS · AUTO] ✅ [Juzgado] Sesión existente detectada. Login omitido.
[ACTUALIZAR PAGOS · AUTO] ✅ LoginJuzgadoPaso finalizado. (⏱ 1.6s)
[ACTUALIZAR PAGOS · AUTO] ✓ [LoginJuzgadoPaso] Completado.
[ACTUALIZAR PAGOS · AUTO] ▶ [DescargasParalelasPaso] Iniciando...
[ACTUALIZAR PAGOS · AUTO] ==================================================
[ACTUALIZAR PAGOS · AUTO] 🚀 PASO: DescargasParalelasPaso
[ACTUALIZAR PAGOS · AUTO] ==================================================
[ACTUALIZAR PAGOS · AUTO] 📤 Arrancando las 3 descargas en paralelo (mismo browser, páginas separadas)...
[ACTUALIZAR PAGOS · AUTO] Fecha Desde: 27/06/2024
[ACTUALIZAR PAGOS · AUTO] Fecha Hasta: 24/11/2025
[ACTUALIZAR PAGOS · AUTO] Fecha Desde: 25/11/2025
[ACTUALIZAR PAGOS · AUTO] Fecha Hasta: 24/07/2026
[ACTUALIZAR PAGOS · AUTO] Descargando Excel...
[ACTUALIZAR PAGOS · AUTO] Descargando Excel...
⏳ [Automático] Tocaba disparar 'pagos' pero ya hay una ejecución en curso (Actualizar pagos); esperando a que termine; se reintenta en breve sin perder el turno.
[ACTUALIZAR PAGOS · AUTO] Archivo descargado en: backend/descargas/cache_actas_cruce/MULTAS_JUZGADO_CRUCE.xlsx
[ACTUALIZAR PAGOS · AUTO] ⏱ [actas_juzgado] completado en 19.0s
[ACTUALIZAR PAGOS · AUTO] Archivo descargado en: backend/descargas/cache_actas_cruce/MULTAS_SIGEMI_CRUCE.xlsx
[ACTUALIZAR PAGOS · AUTO] ⏱ [actas_sigemi] completado en 39.2s
[ACTUALIZAR PAGOS · AUTO] ✅ TXT de pagos descargado en: backend/descargas/pagos/2026-07-24/PAGOS DESCARGADOS.txt
[ACTUALIZAR PAGOS · AUTO] ⏱ [pagos_txt] completado en 39.3s
[ACTUALIZAR PAGOS · AUTO] ⏱ TOTAL descargas en paralelo: 39.3s
[ACTUALIZAR PAGOS · AUTO] ✅ DescargasParalelasPaso finalizado. (⏱ 40.8s)
[ACTUALIZAR PAGOS · AUTO] ✓ [DescargasParalelasPaso] Completado.
[ACTUALIZAR PAGOS · AUTO] ▶ [CompararActasPaso] Iniciando...
[ACTUALIZAR PAGOS · AUTO] ==================================================
[ACTUALIZAR PAGOS · AUTO] 🚀 PASO: CompararActasPaso
[ACTUALIZAR PAGOS · AUTO] ==================================================
[ACTUALIZAR PAGOS · AUTO] 🔍 Comparando actas del SEMyT contra pagos del Juzgado...
[ACTUALIZAR PAGOS · AUTO] ================================================================================
[ACTUALIZAR PAGOS · AUTO] INICIANDO PROCESO DE GENERACIÓN DE PAGOS DESACTUALIZADOS
[ACTUALIZAR PAGOS · AUTO] ================================================================================
[ACTUALIZAR PAGOS · AUTO] 📂 Cargando archivos...
[ACTUALIZAR PAGOS · AUTO]   ✓ Pagos: 17134 registros
[ACTUALIZAR PAGOS · AUTO]   ✓ Excel SIGEMI (multas vencidas viejas): 103461 registros
[ACTUALIZAR PAGOS · AUTO]   ✓ Excel Juzgado (multas vencidas nuevas): 39983 registros
[ACTUALIZAR PAGOS · AUTO] ================================================================================
[ACTUALIZAR PAGOS · AUTO] PASO 1: LLENANDO ACTA_NUMERO (búsqueda por patente + fecha, con desempate por hora)
[ACTUALIZAR PAGOS · AUTO] ================================================================================
[ACTUALIZAR PAGOS · AUTO] 📊 ESTADÍSTICAS DE LLENADO DE ACTAS:
[ACTUALIZAR PAGOS · AUTO]   • Pagos con acta ORIGINAL: 3030
[ACTUALIZAR PAGOS · AUTO]   • Pagos SIN acta (buscados): 14104
[ACTUALIZAR PAGOS · AUTO]   • Pagos LLENADOS exitosamente: 2
[ACTUALIZAR PAGOS · AUTO]   • Pagos NO encontrados en multas: 14102
[ACTUALIZAR PAGOS · AUTO]   • Pagos SIN RESOLVER por desbalance de cantidades: 0
[ACTUALIZAR PAGOS · AUTO] ================================================================================
[ACTUALIZAR PAGOS · AUTO] PASO 1: LLENANDO ACTA_NUMERO (búsqueda por patente + fecha, con desempate por hora)
[ACTUALIZAR PAGOS · AUTO] ================================================================================
[ACTUALIZAR PAGOS · AUTO] 📊 ESTADÍSTICAS DE LLENADO DE ACTAS:
[ACTUALIZAR PAGOS · AUTO]   • Pagos con acta ORIGINAL: 3032
[ACTUALIZAR PAGOS · AUTO]   • Pagos SIN acta (buscados): 14102
[ACTUALIZAR PAGOS · AUTO]   • Pagos LLENADOS exitosamente: 0
[ACTUALIZAR PAGOS · AUTO]   • Pagos NO encontrados en multas: 14102
[ACTUALIZAR PAGOS · AUTO]   • Pagos SIN RESOLVER por desbalance de cantidades: 0
[ACTUALIZAR PAGOS · AUTO] ⏱ PASO 1 (llenar actas): 19.8s
[ACTUALIZAR PAGOS · AUTO] ================================================================================
[ACTUALIZAR PAGOS · AUTO] PASO 2: FILTRANDO PAGOS CON ACTA_NUMERO COMPLETO
[ACTUALIZAR PAGOS · AUTO] ================================================================================
[ACTUALIZAR PAGOS · AUTO] 📊 ESTADÍSTICAS DE FILTRADO:
[ACTUALIZAR PAGOS · AUTO]   • Pagos TOTALES al inicio: 17134
[ACTUALIZAR PAGOS · AUTO]   • Pagos CON acta (MANTIENEN): 3032
[ACTUALIZAR PAGOS · AUTO]   • Pagos RECHAZADOS (sin coincidencias): 14102
[ACTUALIZAR PAGOS · AUTO] ⚠️  Se eliminaron 14102 registros sin número de acta
[ACTUALIZAR PAGOS · AUTO]      (recordá: esto incluye tanto pagos ya actualizados/pagados
[ACTUALIZAR PAGOS · AUTO]       como pagos que quedaron sin resolver por desbalance en el Paso 1)
[ACTUALIZAR PAGOS · AUTO] ================================================================================
[ACTUALIZAR PAGOS · AUTO] PASO 2-bis: CONFIRMANDO VIGENCIA DE PAGOS DEL SISTEMA NUEVO (contra MULTAS_JUZGADO_CRUCE)
[ACTUALIZAR PAGOS · AUTO] ================================================================================
[ACTUALIZAR PAGOS · AUTO]   ⚠ 3015 pago(s) del sistema nuevo descartados: su acta ya no figura como vencida en MULTAS_JUZGADO_CRUCE (SEMyT ya los actualizó).
[ACTUALIZAR PAGOS · AUTO]   • Pagos del sistema nuevo descartados por ya estar actualizados: 3015
[ACTUALIZAR PAGOS · AUTO] ⏱ PASO 2 (filtrar): 1.4s
[ACTUALIZAR PAGOS · AUTO] 📂 Cargando maestro de causas SIGEMI...
[ACTUALIZAR PAGOS · AUTO]   ✓ Causas totales (maestro): 134069 registros
[ACTUALIZAR PAGOS · AUTO] ⏱ PASO 2.5 (causas simplificado): 0.2s
[ACTUALIZAR PAGOS · AUTO] ================================================================================
[ACTUALIZAR PAGOS · AUTO] PASO 2.5: ARMANDO causas.txt SIMPLIFICADO (cruce contra total_causas_sigemi.txt)
[ACTUALIZAR PAGOS · AUTO] ================================================================================
[ACTUALIZAR PAGOS · AUTO]   • Actas vencidas viejas (multas): 103461
[ACTUALIZAR PAGOS · AUTO]   • Causas totales en el maestro SIGEMI: 134069
[ACTUALIZAR PAGOS · AUTO]   • Causas que coinciden (simplificado): 103133
[ACTUALIZAR PAGOS · AUTO]   ✅ Archivo escrito: backend/descargas/causas/causas.txt
[ACTUALIZAR PAGOS · AUTO] ⏱ PASO 2.5 (causas simplificado): 3.0s
[ACTUALIZAR PAGOS · AUTO] ================================================================================
[ACTUALIZAR PAGOS · AUTO] PASO 3: LLENANDO CAUSA_NUMERO (según fecha de cambio de sistema, cruzando por acta + año)
[ACTUALIZAR PAGOS · AUTO] ================================================================================
[ACTUALIZAR PAGOS · AUTO] 📊 ESTADÍSTICAS DE LLENADO DE CAUSAS:
[ACTUALIZAR PAGOS · AUTO]   • Pagos con causa ORIGINAL: 15
[ACTUALIZAR PAGOS · AUTO]   • Causas encontradas en SIGEMI (actas viejas): 2
[ACTUALIZAR PAGOS · AUTO]   • Causas NO encontradas en SIGEMI: 0
[ACTUALIZAR PAGOS · AUTO]   • Causas asignadas automáticamente (actas nuevas): 0
[ACTUALIZAR PAGOS · AUTO] ⏱ PASO 3 (llenar causas): 0.0s
[ACTUALIZAR PAGOS · AUTO] ================================================================================
[ACTUALIZAR PAGOS · AUTO] PASO 4: ORDENANDO POR FECHA Y ACTA_NUMERO
[ACTUALIZAR PAGOS · AUTO] ================================================================================
[ACTUALIZAR PAGOS · AUTO] ✓ Pagos ordenados correctamente
[ACTUALIZAR PAGOS · AUTO]   • Primera entrada: Acta=37332, Fecha=28/08/2024
[ACTUALIZAR PAGOS · AUTO]   • Última entrada: Acta=316923, Fecha=19/05/2026
[ACTUALIZAR PAGOS · AUTO] 📝 Escribiendo archivo de salida...
[ACTUALIZAR PAGOS · AUTO]   ✅ Archivo escrito: backend/descargas/pagos/2026-07-24/PAGOS 20260724 134405.txt
[ACTUALIZAR PAGOS · AUTO]   ✅ Total registros: 2048
[ACTUALIZAR PAGOS · AUTO] ⏱ PASO 4 (ordenar y escribir): 0.0s
[ACTUALIZAR PAGOS · AUTO] ================================================================================
[ACTUALIZAR PAGOS · AUTO] ✅ PROCESO COMPLETADO EXITOSAMENTE
[ACTUALIZAR PAGOS · AUTO] ================================================================================
[ACTUALIZAR PAGOS · AUTO] 📊 RESUMEN FINAL DEL PROCESAMIENTO:
[ACTUALIZAR PAGOS · AUTO]   ENTRADA:
[ACTUALIZAR PAGOS · AUTO]     • Pagos originales: 17134
[ACTUALIZAR PAGOS · AUTO]     • Multas SIGEMI cargadas: 103461
[ACTUALIZAR PAGOS · AUTO]     • Multas Juzgado cargadas: 39983
[ACTUALIZAR PAGOS · AUTO]     • Causas simplificadas (usadas para el cruce): 103133
[ACTUALIZAR PAGOS · AUTO]   PROCESO:
[ACTUALIZAR PAGOS · AUTO]     • Pagos rechazados sigemi: 14102
[ACTUALIZAR PAGOS · AUTO]     • Pagos rechazados juzgado: 3015
[ACTUALIZAR PAGOS · AUTO]   SALIDA:
[ACTUALIZAR PAGOS · AUTO]     • Pagos desactualizados procesados: 17
[ACTUALIZAR PAGOS · AUTO]     • Archivo final: backend/descargas/pagos/2026-07-24/PAGOS 20260724 134405.txt
[ACTUALIZAR PAGOS · AUTO]     • Ordenados por fecha: SÍ ✓
[ACTUALIZAR PAGOS · AUTO]     • Todos con ACTA_NUMERO: SÍ ✓
[ACTUALIZAR PAGOS · AUTO]     • Todos con CAUSA_NUMERO: SÍ ✓
[ACTUALIZAR PAGOS · AUTO] ✅ TXT de pagos (ya cruzado con actas y causas) generado en: backend/descargas/pagos/2026-07-24/PAGOS 20260724 134405.txt
[ACTUALIZAR PAGOS · AUTO] 🧹 TXT de pagos crudo eliminado (ya usado en el cruce): backend/descargas/pagos/2026-07-24/PAGOS DESCARGADOS.txt
[ACTUALIZAR PAGOS · AUTO] 🧹 Excel MULTAS_SIGEMI_CRUCE eliminado (ya usado en el cruce): backend/descargas/cache_actas_cruce/MULTAS_SIGEMI_CRUCE.xlsx
[ACTUALIZAR PAGOS · AUTO] 🧹 Excel MULTAS_JUZGADO_CRUCE eliminado (ya usado en el cruce): backend/descargas/cache_actas_cruce/MULTAS_JUZGADO_CRUCE.xlsx
[ACTUALIZAR PAGOS · AUTO] ✅ CompararActasPaso finalizado. (⏱ 51.9s)
[ACTUALIZAR PAGOS · AUTO] ✓ [CompararActasPaso] Completado.
[ACTUALIZAR PAGOS · AUTO] ▶ [CargarPagosPaso] Iniciando...
[ACTUALIZAR PAGOS · AUTO] ==================================================
[ACTUALIZAR PAGOS · AUTO] 🚀 PASO: CargarPagosPaso
[ACTUALIZAR PAGOS · AUTO] ==================================================
[ACTUALIZAR PAGOS · AUTO] 📤 Subiendo TXT de pagos al SEMyT...
[ACTUALIZAR PAGOS · AUTO] ✅ Importación de pagos completada con éxito.
[ACTUALIZAR PAGOS · AUTO] ✅ Archivo TXT de pagos cargado en el SEMyT correctamente.
[ACTUALIZAR PAGOS · AUTO] ✅ CargarPagosPaso finalizado. (⏱ 3.1s)
[ACTUALIZAR PAGOS · AUTO] ✓ [CargarPagosPaso] Completado.
[ACTUALIZAR PAGOS · AUTO] === Ejecución finalizada con éxito ===
✅ [Automático] 'pagos' terminó bien en el reintento 1.
🤖 [Automático] Es hora de actualizar pagos. Arrancando...
[ACTUALIZAR PAGOS · AUTO] === Inicio de ejecución: pagos ===
[ACTUALIZAR PAGOS · AUTO] ▶ [LoginSemytPaso] Iniciando...
[ACTUALIZAR PAGOS · AUTO] ==================================================
[ACTUALIZAR PAGOS · AUTO] 🚀 PASO: LoginSemytPaso
[ACTUALIZAR PAGOS · AUTO] ==================================================
[ACTUALIZAR PAGOS · AUTO] Abriendo SEMyT...
[ACTUALIZAR PAGOS · AUTO] ✅ [SEMyT] Sesión existente detectada. Login omitido.
[ACTUALIZAR PAGOS · AUTO] ✅ LoginSemytPaso finalizado. (⏱ 4.4s)
[ACTUALIZAR PAGOS · AUTO] ✓ [LoginSemytPaso] Completado.
[ACTUALIZAR PAGOS · AUTO] ▶ [LoginJuzgadoPaso] Iniciando...
[ACTUALIZAR PAGOS · AUTO] ==================================================
[ACTUALIZAR PAGOS · AUTO] 🚀 PASO: LoginJuzgadoPaso
[ACTUALIZAR PAGOS · AUTO] ==================================================
[ACTUALIZAR PAGOS · AUTO] Abriendo sitio municipalidad (CiDi)...
[ACTUALIZAR PAGOS · AUTO] ✅ [Juzgado] Sesión existente detectada. Login omitido.
[ACTUALIZAR PAGOS · AUTO] ✅ LoginJuzgadoPaso finalizado. (⏱ 1.5s)
[ACTUALIZAR PAGOS · AUTO] ✓ [LoginJuzgadoPaso] Completado.
[ACTUALIZAR PAGOS · AUTO] ▶ [DescargasParalelasPaso] Iniciando...
[ACTUALIZAR PAGOS · AUTO] ==================================================
[ACTUALIZAR PAGOS · AUTO] 🚀 PASO: DescargasParalelasPaso
[ACTUALIZAR PAGOS · AUTO] ==================================================
[ACTUALIZAR PAGOS · AUTO] 📤 Arrancando las 3 descargas en paralelo (mismo browser, páginas separadas)...
[ACTUALIZAR PAGOS · AUTO] Fecha Desde: 27/06/2024
[ACTUALIZAR PAGOS · AUTO] Fecha Hasta: 24/11/2025
[ACTUALIZAR PAGOS · AUTO] Fecha Desde: 25/11/2025
[ACTUALIZAR PAGOS · AUTO] Fecha Hasta: 24/07/2026
[ACTUALIZAR PAGOS · AUTO] Descargando Excel...
[ACTUALIZAR PAGOS · AUTO] Descargando Excel...
⏳ [Automático] Tocaba disparar 'pagos' pero ya hay una ejecución en curso (Actualizar pagos); esperando a que termine; se reintenta en breve sin perder el turno.
[ACTUALIZAR PAGOS · AUTO] Archivo descargado en: backend/descargas/cache_actas_cruce/MULTAS_JUZGADO_CRUCE.xlsx
[ACTUALIZAR PAGOS · AUTO] ⏱ [actas_juzgado] completado en 19.1s
[ACTUALIZAR PAGOS · AUTO] Archivo descargado en: backend/descargas/cache_actas_cruce/MULTAS_SIGEMI_CRUCE.xlsx
[ACTUALIZAR PAGOS · AUTO] ⏱ [actas_sigemi] completado en 40.5s
[ACTUALIZAR PAGOS · AUTO] ✅ TXT de pagos descargado en: backend/descargas/pagos/2026-07-24/PAGOS DESCARGADOS.txt
[ACTUALIZAR PAGOS · AUTO] ⏱ [pagos_txt] completado en 40.6s
[ACTUALIZAR PAGOS · AUTO] ⏱ TOTAL descargas en paralelo: 40.6s
[ACTUALIZAR PAGOS · AUTO] ✅ DescargasParalelasPaso finalizado. (⏱ 42.4s)
[ACTUALIZAR PAGOS · AUTO] ✓ [DescargasParalelasPaso] Completado.
[ACTUALIZAR PAGOS · AUTO] ▶ [CompararActasPaso] Iniciando...
[ACTUALIZAR PAGOS · AUTO] ==================================================
[ACTUALIZAR PAGOS · AUTO] 🚀 PASO: CompararActasPaso
[ACTUALIZAR PAGOS · AUTO] ==================================================
[ACTUALIZAR PAGOS · AUTO] 🔍 Comparando actas del SEMyT contra pagos del Juzgado...
[ACTUALIZAR PAGOS · AUTO] ================================================================================
[ACTUALIZAR PAGOS · AUTO] INICIANDO PROCESO DE GENERACIÓN DE PAGOS DESACTUALIZADOS
[ACTUALIZAR PAGOS · AUTO] ================================================================================
[ACTUALIZAR PAGOS · AUTO] 📂 Cargando archivos...
[ACTUALIZAR PAGOS · AUTO]   ✓ Pagos: 17134 registros
[ACTUALIZAR PAGOS · AUTO]   ✓ Excel SIGEMI (multas vencidas viejas): 103459 registros
[ACTUALIZAR PAGOS · AUTO]   ✓ Excel Juzgado (multas vencidas nuevas): 39969 registros
[ACTUALIZAR PAGOS · AUTO] ================================================================================
[ACTUALIZAR PAGOS · AUTO] PASO 1: LLENANDO ACTA_NUMERO (búsqueda por patente + fecha, con desempate por hora)
[ACTUALIZAR PAGOS · AUTO] ================================================================================
[ACTUALIZAR PAGOS · AUTO] 📊 ESTADÍSTICAS DE LLENADO DE ACTAS:
[ACTUALIZAR PAGOS · AUTO]   • Pagos con acta ORIGINAL: 3030
[ACTUALIZAR PAGOS · AUTO]   • Pagos SIN acta (buscados): 14104
[ACTUALIZAR PAGOS · AUTO]   • Pagos LLENADOS exitosamente: 0
[ACTUALIZAR PAGOS · AUTO]   • Pagos NO encontrados en multas: 14104
[ACTUALIZAR PAGOS · AUTO]   • Pagos SIN RESOLVER por desbalance de cantidades: 0
[ACTUALIZAR PAGOS · AUTO] ================================================================================
[ACTUALIZAR PAGOS · AUTO] PASO 1: LLENANDO ACTA_NUMERO (búsqueda por patente + fecha, con desempate por hora)
[ACTUALIZAR PAGOS · AUTO] ================================================================================
[ACTUALIZAR PAGOS · AUTO] 📊 ESTADÍSTICAS DE LLENADO DE ACTAS:
[ACTUALIZAR PAGOS · AUTO]   • Pagos con acta ORIGINAL: 3030
[ACTUALIZAR PAGOS · AUTO]   • Pagos SIN acta (buscados): 14104
[ACTUALIZAR PAGOS · AUTO]   • Pagos LLENADOS exitosamente: 0
[ACTUALIZAR PAGOS · AUTO]   • Pagos NO encontrados en multas: 14104
[ACTUALIZAR PAGOS · AUTO]   • Pagos SIN RESOLVER por desbalance de cantidades: 0
[ACTUALIZAR PAGOS · AUTO] ⏱ PASO 1 (llenar actas): 18.5s
[ACTUALIZAR PAGOS · AUTO] ================================================================================
[ACTUALIZAR PAGOS · AUTO] PASO 2: FILTRANDO PAGOS CON ACTA_NUMERO COMPLETO
[ACTUALIZAR PAGOS · AUTO] ================================================================================
[ACTUALIZAR PAGOS · AUTO] 📊 ESTADÍSTICAS DE FILTRADO:
[ACTUALIZAR PAGOS · AUTO]   • Pagos TOTALES al inicio: 17134
[ACTUALIZAR PAGOS · AUTO]   • Pagos CON acta (MANTIENEN): 3030
[ACTUALIZAR PAGOS · AUTO]   • Pagos RECHAZADOS (sin coincidencias): 14104
[ACTUALIZAR PAGOS · AUTO] ⚠️  Se eliminaron 14104 registros sin número de acta
[ACTUALIZAR PAGOS · AUTO]      (recordá: esto incluye tanto pagos ya actualizados/pagados
[ACTUALIZAR PAGOS · AUTO]       como pagos que quedaron sin resolver por desbalance en el Paso 1)
[ACTUALIZAR PAGOS · AUTO] ================================================================================
[ACTUALIZAR PAGOS · AUTO] PASO 2-bis: CONFIRMANDO VIGENCIA DE PAGOS DEL SISTEMA NUEVO (contra MULTAS_JUZGADO_CRUCE)
[ACTUALIZAR PAGOS · AUTO] ================================================================================
[ACTUALIZAR PAGOS · AUTO]   ⚠ 3029 pago(s) del sistema nuevo descartados: su acta ya no figura como vencida en MULTAS_JUZGADO_CRUCE (SEMyT ya los actualizó).
[ACTUALIZAR PAGOS · AUTO]   • Pagos del sistema nuevo descartados por ya estar actualizados: 3029
[ACTUALIZAR PAGOS · AUTO] ⏱ PASO 2 (filtrar): 1.2s
[ACTUALIZAR PAGOS · AUTO] 📂 Cargando maestro de causas SIGEMI...
[ACTUALIZAR PAGOS · AUTO]   ✓ Causas totales (maestro): 134069 registros
[ACTUALIZAR PAGOS · AUTO] ⏱ PASO 2.5 (causas simplificado): 0.2s
[ACTUALIZAR PAGOS · AUTO] ================================================================================
[ACTUALIZAR PAGOS · AUTO] PASO 2.5: ARMANDO causas.txt SIMPLIFICADO (cruce contra total_causas_sigemi.txt)
[ACTUALIZAR PAGOS · AUTO] ================================================================================
[ACTUALIZAR PAGOS · AUTO]   • Actas vencidas viejas (multas): 103459
[ACTUALIZAR PAGOS · AUTO]   • Causas totales en el maestro SIGEMI: 134069
[ACTUALIZAR PAGOS · AUTO]   • Causas que coinciden (simplificado): 103131
[ACTUALIZAR PAGOS · AUTO]   ✅ Archivo escrito: backend/descargas/causas/causas.txt
[ACTUALIZAR PAGOS · AUTO] ⏱ PASO 2.5 (causas simplificado): 2.7s
[ACTUALIZAR PAGOS · AUTO] ================================================================================
[ACTUALIZAR PAGOS · AUTO] PASO 3: LLENANDO CAUSA_NUMERO (según fecha de cambio de sistema, cruzando por acta + año)
[ACTUALIZAR PAGOS · AUTO] ================================================================================
[ACTUALIZAR PAGOS · AUTO] 📊 ESTADÍSTICAS DE LLENADO DE CAUSAS:
[ACTUALIZAR PAGOS · AUTO]   • Pagos con causa ORIGINAL: 1
[ACTUALIZAR PAGOS · AUTO]   • Causas encontradas en SIGEMI (actas viejas): 0
[ACTUALIZAR PAGOS · AUTO]   • Causas NO encontradas en SIGEMI: 0
[ACTUALIZAR PAGOS · AUTO]   • Causas asignadas automáticamente (actas nuevas): 0
[ACTUALIZAR PAGOS · AUTO] ⏱ PASO 3 (llenar causas): 0.0s
[ACTUALIZAR PAGOS · AUTO] ================================================================================
[ACTUALIZAR PAGOS · AUTO] PASO 4: ORDENANDO POR FECHA Y ACTA_NUMERO
[ACTUALIZAR PAGOS · AUTO] ================================================================================
[ACTUALIZAR PAGOS · AUTO] ✓ Pagos ordenados correctamente
[ACTUALIZAR PAGOS · AUTO]   • Primera entrada: Acta=351213, Fecha=18/11/2025
[ACTUALIZAR PAGOS · AUTO]   • Última entrada: Acta=351213, Fecha=18/11/2025
[ACTUALIZAR PAGOS · AUTO] 📝 Escribiendo archivo de salida...
[ACTUALIZAR PAGOS · AUTO]   ✅ Archivo escrito: backend/descargas/pagos/2026-07-24/PAGOS 20260724 135555.txt
[ACTUALIZAR PAGOS · AUTO]   ✅ Total registros: 247
[ACTUALIZAR PAGOS · AUTO] ⏱ PASO 4 (ordenar y escribir): 0.0s
[ACTUALIZAR PAGOS · AUTO] ================================================================================
[ACTUALIZAR PAGOS · AUTO] ✅ PROCESO COMPLETADO EXITOSAMENTE
[ACTUALIZAR PAGOS · AUTO] ================================================================================
[ACTUALIZAR PAGOS · AUTO] 📊 RESUMEN FINAL DEL PROCESAMIENTO:
[ACTUALIZAR PAGOS · AUTO]   ENTRADA:
[ACTUALIZAR PAGOS · AUTO]     • Pagos originales: 17134
[ACTUALIZAR PAGOS · AUTO]     • Multas SIGEMI cargadas: 103459
[ACTUALIZAR PAGOS · AUTO]     • Multas Juzgado cargadas: 39969
[ACTUALIZAR PAGOS · AUTO]     • Causas simplificadas (usadas para el cruce): 103131
[ACTUALIZAR PAGOS · AUTO]   PROCESO:
[ACTUALIZAR PAGOS · AUTO]     • Pagos rechazados sigemi: 14104
[ACTUALIZAR PAGOS · AUTO]     • Pagos rechazados juzgado: 3029
[ACTUALIZAR PAGOS · AUTO]   SALIDA:
[ACTUALIZAR PAGOS · AUTO]     • Pagos desactualizados procesados: 1
[ACTUALIZAR PAGOS · AUTO]     • Archivo final: backend/descargas/pagos/2026-07-24/PAGOS 20260724 135555.txt
[ACTUALIZAR PAGOS · AUTO]     • Ordenados por fecha: SÍ ✓
[ACTUALIZAR PAGOS · AUTO]     • Todos con ACTA_NUMERO: SÍ ✓
[ACTUALIZAR PAGOS · AUTO]     • Todos con CAUSA_NUMERO: SÍ ✓
[ACTUALIZAR PAGOS · AUTO] ✅ TXT de pagos (ya cruzado con actas y causas) generado en: backend/descargas/pagos/2026-07-24/PAGOS 20260724 135555.txt
[ACTUALIZAR PAGOS · AUTO] 🧹 TXT de pagos crudo eliminado (ya usado en el cruce): backend/descargas/pagos/2026-07-24/PAGOS DESCARGADOS.txt
[ACTUALIZAR PAGOS · AUTO] 🧹 Excel MULTAS_SIGEMI_CRUCE eliminado (ya usado en el cruce): backend/descargas/cache_actas_cruce/MULTAS_SIGEMI_CRUCE.xlsx
[ACTUALIZAR PAGOS · AUTO] 🧹 Excel MULTAS_JUZGADO_CRUCE eliminado (ya usado en el cruce): backend/descargas/cache_actas_cruce/MULTAS_JUZGADO_CRUCE.xlsx
[ACTUALIZAR PAGOS · AUTO] ✅ CompararActasPaso finalizado. (⏱ 51.5s)
[ACTUALIZAR PAGOS · AUTO] ✓ [CompararActasPaso] Completado.
[ACTUALIZAR PAGOS · AUTO] ▶ [CargarPagosPaso] Iniciando...
[ACTUALIZAR PAGOS · AUTO] ==================================================
[ACTUALIZAR PAGOS · AUTO] 🚀 PASO: CargarPagosPaso
[ACTUALIZAR PAGOS · AUTO] ==================================================
[ACTUALIZAR PAGOS · AUTO] 📤 Subiendo TXT de pagos al SEMyT...
[ACTUALIZAR PAGOS · AUTO] ❌ No se encontraron actas para actualizar.
[ACTUALIZAR PAGOS · AUTO] 🧹 TXT sin actualizaciones eliminado: backend/descargas/pagos/2026-07-24/PAGOS 20260724 135555.txt
[ACTUALIZAR PAGOS · AUTO] ❌ No hubo pagos para actualizar. El TXT descargado fue eliminado.
[ACTUALIZAR PAGOS · AUTO] ✅ CargarPagosPaso finalizado. (⏱ 3.0s)
[ACTUALIZAR PAGOS · AUTO] ✓ [CargarPagosPaso] Completado.
[ACTUALIZAR PAGOS · AUTO] === Ejecución finalizada con éxito ===
[ACTUALIZAR PAGOS · AUTO] ℹ No se subió ningún archivo a ningún sistema externo en esta corrida: por política, el log detallado no se conserva en disco.
🤖 [Automático] Es hora de actualizar pagos. Arrancando...
[ACTUALIZAR PAGOS · AUTO] === Inicio de ejecución: pagos ===
[ACTUALIZAR PAGOS · AUTO] ▶ [LoginSemytPaso] Iniciando...
[ACTUALIZAR PAGOS · AUTO] ==================================================
[ACTUALIZAR PAGOS · AUTO] 🚀 PASO: LoginSemytPaso
[ACTUALIZAR PAGOS · AUTO] ==================================================
[ACTUALIZAR PAGOS · AUTO] Abriendo SEMyT...
[ACTUALIZAR PAGOS · AUTO] ✅ [SEMyT] Sesión existente detectada. Login omitido.
[ACTUALIZAR PAGOS · AUTO] ✅ LoginSemytPaso finalizado. (⏱ 4.1s)
[ACTUALIZAR PAGOS · AUTO] ✓ [LoginSemytPaso] Completado.
[ACTUALIZAR PAGOS · AUTO] ▶ [LoginJuzgadoPaso] Iniciando...
[ACTUALIZAR PAGOS · AUTO] ==================================================
[ACTUALIZAR PAGOS · AUTO] 🚀 PASO: LoginJuzgadoPaso
[ACTUALIZAR PAGOS · AUTO] ==================================================
[ACTUALIZAR PAGOS · AUTO] Abriendo sitio municipalidad (CiDi)...
[ACTUALIZAR PAGOS · AUTO] ✅ [Juzgado] Sesión existente detectada. Login omitido.
[ACTUALIZAR PAGOS · AUTO] ✅ LoginJuzgadoPaso finalizado. (⏱ 1.4s)
[ACTUALIZAR PAGOS · AUTO] ✓ [LoginJuzgadoPaso] Completado.
[ACTUALIZAR PAGOS · AUTO] ▶ [DescargasParalelasPaso] Iniciando...
[ACTUALIZAR PAGOS · AUTO] ==================================================
[ACTUALIZAR PAGOS · AUTO] 🚀 PASO: DescargasParalelasPaso
[ACTUALIZAR PAGOS · AUTO] ==================================================
[ACTUALIZAR PAGOS · AUTO] 📤 Arrancando las 3 descargas en paralelo (mismo browser, páginas separadas)...
[ACTUALIZAR PAGOS · AUTO] Fecha Desde: 27/06/2024
[ACTUALIZAR PAGOS · AUTO] Fecha Hasta: 24/11/2025
[ACTUALIZAR PAGOS · AUTO] Fecha Desde: 25/11/2025
[ACTUALIZAR PAGOS · AUTO] Fecha Hasta: 24/07/2026
[ACTUALIZAR PAGOS · AUTO] Descargando Excel...
[ACTUALIZAR PAGOS · AUTO] Descargando Excel...
⏳ [Automático] Tocaba disparar 'pagos' pero ya hay una ejecución en curso (Actualizar pagos); esperando a que termine; se reintenta en breve sin perder el turno.
[ACTUALIZAR PAGOS · AUTO] Archivo descargado en: backend/descargas/cache_actas_cruce/MULTAS_JUZGADO_CRUCE.xlsx
[ACTUALIZAR PAGOS · AUTO] ⏱ [actas_juzgado] completado en 18.7s
[ACTUALIZAR PAGOS · AUTO] Archivo descargado en: backend/descargas/cache_actas_cruce/MULTAS_SIGEMI_CRUCE.xlsx
[ACTUALIZAR PAGOS · AUTO] ⏱ [actas_sigemi] completado en 38.7s
[ACTUALIZAR PAGOS · AUTO] ✅ TXT de pagos descargado en: backend/descargas/pagos/2026-07-24/PAGOS DESCARGADOS.txt
[ACTUALIZAR PAGOS · AUTO] ⏱ [pagos_txt] completado en 38.8s
[ACTUALIZAR PAGOS · AUTO] ⏱ TOTAL descargas en paralelo: 38.8s
[ACTUALIZAR PAGOS · AUTO] ✅ DescargasParalelasPaso finalizado. (⏱ 40.1s)
[ACTUALIZAR PAGOS · AUTO] ✓ [DescargasParalelasPaso] Completado.
[ACTUALIZAR PAGOS · AUTO] ▶ [CompararActasPaso] Iniciando...
[ACTUALIZAR PAGOS · AUTO] ==================================================
[ACTUALIZAR PAGOS · AUTO] 🚀 PASO: CompararActasPaso
[ACTUALIZAR PAGOS · AUTO] ==================================================
[ACTUALIZAR PAGOS · AUTO] 🔍 Comparando actas del SEMyT contra pagos del Juzgado...
[ACTUALIZAR PAGOS · AUTO] ================================================================================
[ACTUALIZAR PAGOS · AUTO] INICIANDO PROCESO DE GENERACIÓN DE PAGOS DESACTUALIZADOS
[ACTUALIZAR PAGOS · AUTO] ================================================================================
[ACTUALIZAR PAGOS · AUTO] 📂 Cargando archivos...
[ACTUALIZAR PAGOS · AUTO]   ✓ Pagos: 17135 registros
[ACTUALIZAR PAGOS · AUTO]   ✓ Excel SIGEMI (multas vencidas viejas): 103459 registros
[ACTUALIZAR PAGOS · AUTO]   ✓ Excel Juzgado (multas vencidas nuevas): 39969 registros
[ACTUALIZAR PAGOS · AUTO] ================================================================================
[ACTUALIZAR PAGOS · AUTO] PASO 1: LLENANDO ACTA_NUMERO (búsqueda por patente + fecha, con desempate por hora)
[ACTUALIZAR PAGOS · AUTO] ================================================================================
[ACTUALIZAR PAGOS · AUTO] 📊 ESTADÍSTICAS DE LLENADO DE ACTAS:
[ACTUALIZAR PAGOS · AUTO]   • Pagos con acta ORIGINAL: 3031
[ACTUALIZAR PAGOS · AUTO]   • Pagos SIN acta (buscados): 14104
[ACTUALIZAR PAGOS · AUTO]   • Pagos LLENADOS exitosamente: 0
[ACTUALIZAR PAGOS · AUTO]   • Pagos NO encontrados en multas: 14104
[ACTUALIZAR PAGOS · AUTO]   • Pagos SIN RESOLVER por desbalance de cantidades: 0
[ACTUALIZAR PAGOS · AUTO] ================================================================================
[ACTUALIZAR PAGOS · AUTO] PASO 1: LLENANDO ACTA_NUMERO (búsqueda por patente + fecha, con desempate por hora)
[ACTUALIZAR PAGOS · AUTO] ================================================================================
[ACTUALIZAR PAGOS · AUTO] 📊 ESTADÍSTICAS DE LLENADO DE ACTAS:
[ACTUALIZAR PAGOS · AUTO]   • Pagos con acta ORIGINAL: 3031
[ACTUALIZAR PAGOS · AUTO]   • Pagos SIN acta (buscados): 14104
[ACTUALIZAR PAGOS · AUTO]   • Pagos LLENADOS exitosamente: 0
[ACTUALIZAR PAGOS · AUTO]   • Pagos NO encontrados en multas: 14104
[ACTUALIZAR PAGOS · AUTO]   • Pagos SIN RESOLVER por desbalance de cantidades: 0
[ACTUALIZAR PAGOS · AUTO] ⏱ PASO 1 (llenar actas): 17.5s
[ACTUALIZAR PAGOS · AUTO] ================================================================================
[ACTUALIZAR PAGOS · AUTO] PASO 2: FILTRANDO PAGOS CON ACTA_NUMERO COMPLETO
[ACTUALIZAR PAGOS · AUTO] ================================================================================
[ACTUALIZAR PAGOS · AUTO] 📊 ESTADÍSTICAS DE FILTRADO:
[ACTUALIZAR PAGOS · AUTO]   • Pagos TOTALES al inicio: 17135
[ACTUALIZAR PAGOS · AUTO]   • Pagos CON acta (MANTIENEN): 3031
[ACTUALIZAR PAGOS · AUTO]   • Pagos RECHAZADOS (sin coincidencias): 14104
[ACTUALIZAR PAGOS · AUTO] ⚠️  Se eliminaron 14104 registros sin número de acta
[ACTUALIZAR PAGOS · AUTO]      (recordá: esto incluye tanto pagos ya actualizados/pagados
[ACTUALIZAR PAGOS · AUTO]       como pagos que quedaron sin resolver por desbalance en el Paso 1)
[ACTUALIZAR PAGOS · AUTO] ================================================================================
[ACTUALIZAR PAGOS · AUTO] PASO 2-bis: CONFIRMANDO VIGENCIA DE PAGOS DEL SISTEMA NUEVO (contra MULTAS_JUZGADO_CRUCE)
[ACTUALIZAR PAGOS · AUTO] ================================================================================
[ACTUALIZAR PAGOS · AUTO]   ⚠ 3030 pago(s) del sistema nuevo descartados: su acta ya no figura como vencida en MULTAS_JUZGADO_CRUCE (SEMyT ya los actualizó).
[ACTUALIZAR PAGOS · AUTO]   • Pagos del sistema nuevo descartados por ya estar actualizados: 3030
[ACTUALIZAR PAGOS · AUTO] ⏱ PASO 2 (filtrar): 1.2s
[ACTUALIZAR PAGOS · AUTO] 📂 Cargando maestro de causas SIGEMI...
[ACTUALIZAR PAGOS · AUTO]   ✓ Causas totales (maestro): 134069 registros
[ACTUALIZAR PAGOS · AUTO] ⏱ PASO 2.5 (causas simplificado): 0.2s
[ACTUALIZAR PAGOS · AUTO] ================================================================================
[ACTUALIZAR PAGOS · AUTO] PASO 2.5: ARMANDO causas.txt SIMPLIFICADO (cruce contra total_causas_sigemi.txt)
[ACTUALIZAR PAGOS · AUTO] ================================================================================
[ACTUALIZAR PAGOS · AUTO]   • Actas vencidas viejas (multas): 103459
[ACTUALIZAR PAGOS · AUTO]   • Causas totales en el maestro SIGEMI: 134069
[ACTUALIZAR PAGOS · AUTO]   • Causas que coinciden (simplificado): 103131
[ACTUALIZAR PAGOS · AUTO]   ✅ Archivo escrito: backend/descargas/causas/causas.txt
[ACTUALIZAR PAGOS · AUTO] ⏱ PASO 2.5 (causas simplificado): 2.8s
[ACTUALIZAR PAGOS · AUTO] ================================================================================
[ACTUALIZAR PAGOS · AUTO] PASO 3: LLENANDO CAUSA_NUMERO (según fecha de cambio de sistema, cruzando por acta + año)
[ACTUALIZAR PAGOS · AUTO] ================================================================================
[ACTUALIZAR PAGOS · AUTO] 📊 ESTADÍSTICAS DE LLENADO DE CAUSAS:
[ACTUALIZAR PAGOS · AUTO]   • Pagos con causa ORIGINAL: 1
[ACTUALIZAR PAGOS · AUTO]   • Causas encontradas en SIGEMI (actas viejas): 0
[ACTUALIZAR PAGOS · AUTO]   • Causas NO encontradas en SIGEMI: 0
[ACTUALIZAR PAGOS · AUTO]   • Causas asignadas automáticamente (actas nuevas): 0
[ACTUALIZAR PAGOS · AUTO] ⏱ PASO 3 (llenar causas): 0.0s
[ACTUALIZAR PAGOS · AUTO] ================================================================================
[ACTUALIZAR PAGOS · AUTO] PASO 4: ORDENANDO POR FECHA Y ACTA_NUMERO
[ACTUALIZAR PAGOS · AUTO] ================================================================================
[ACTUALIZAR PAGOS · AUTO] ✓ Pagos ordenados correctamente
[ACTUALIZAR PAGOS · AUTO]   • Primera entrada: Acta=351213, Fecha=18/11/2025
[ACTUALIZAR PAGOS · AUTO]   • Última entrada: Acta=351213, Fecha=18/11/2025
[ACTUALIZAR PAGOS · AUTO] 📝 Escribiendo archivo de salida...
[ACTUALIZAR PAGOS · AUTO]   ✅ Archivo escrito: backend/descargas/pagos/2026-07-24/PAGOS 20260724 140740.txt
[ACTUALIZAR PAGOS · AUTO]   ✅ Total registros: 247
[ACTUALIZAR PAGOS · AUTO] ⏱ PASO 4 (ordenar y escribir): 0.0s
[ACTUALIZAR PAGOS · AUTO] ================================================================================
[ACTUALIZAR PAGOS · AUTO] ✅ PROCESO COMPLETADO EXITOSAMENTE
[ACTUALIZAR PAGOS · AUTO] ================================================================================
[ACTUALIZAR PAGOS · AUTO] 📊 RESUMEN FINAL DEL PROCESAMIENTO:
[ACTUALIZAR PAGOS · AUTO]   ENTRADA:
[ACTUALIZAR PAGOS · AUTO]     • Pagos originales: 17135
[ACTUALIZAR PAGOS · AUTO]     • Multas SIGEMI cargadas: 103459
[ACTUALIZAR PAGOS · AUTO]     • Multas Juzgado cargadas: 39969
[ACTUALIZAR PAGOS · AUTO]     • Causas simplificadas (usadas para el cruce): 103131
[ACTUALIZAR PAGOS · AUTO]   PROCESO:
[ACTUALIZAR PAGOS · AUTO]     • Pagos rechazados sigemi: 14104
[ACTUALIZAR PAGOS · AUTO]     • Pagos rechazados juzgado: 3030
[ACTUALIZAR PAGOS · AUTO]   SALIDA:
[ACTUALIZAR PAGOS · AUTO]     • Pagos desactualizados procesados: 1
[ACTUALIZAR PAGOS · AUTO]     • Archivo final: backend/descargas/pagos/2026-07-24/PAGOS 20260724 140740.txt
[ACTUALIZAR PAGOS · AUTO]     • Ordenados por fecha: SÍ ✓
[ACTUALIZAR PAGOS · AUTO]     • Todos con ACTA_NUMERO: SÍ ✓
[ACTUALIZAR PAGOS · AUTO]     • Todos con CAUSA_NUMERO: SÍ ✓
[ACTUALIZAR PAGOS · AUTO] ✅ TXT de pagos (ya cruzado con actas y causas) generado en: backend/descargas/pagos/2026-07-24/PAGOS 20260724 140740.txt
[ACTUALIZAR PAGOS · AUTO] 🧹 TXT de pagos crudo eliminado (ya usado en el cruce): backend/descargas/pagos/2026-07-24/PAGOS DESCARGADOS.txt
[ACTUALIZAR PAGOS · AUTO] 🧹 Excel MULTAS_SIGEMI_CRUCE eliminado (ya usado en el cruce): backend/descargas/cache_actas_cruce/MULTAS_SIGEMI_CRUCE.xlsx
[ACTUALIZAR PAGOS · AUTO] 🧹 Excel MULTAS_JUZGADO_CRUCE eliminado (ya usado en el cruce): backend/descargas/cache_actas_cruce/MULTAS_JUZGADO_CRUCE.xlsx
[ACTUALIZAR PAGOS · AUTO] ✅ CompararActasPaso finalizado. (⏱ 48.2s)
[ACTUALIZAR PAGOS · AUTO] ✓ [CompararActasPaso] Completado.
[ACTUALIZAR PAGOS · AUTO] ▶ [CargarPagosPaso] Iniciando...
[ACTUALIZAR PAGOS · AUTO] ==================================================
[ACTUALIZAR PAGOS · AUTO] 🚀 PASO: CargarPagosPaso
[ACTUALIZAR PAGOS · AUTO] ==================================================
[ACTUALIZAR PAGOS · AUTO] 📤 Subiendo TXT de pagos al SEMyT...
[ACTUALIZAR PAGOS · AUTO] ❌ No se encontraron actas para actualizar.
[ACTUALIZAR PAGOS · AUTO] 🧹 TXT sin actualizaciones eliminado: backend/descargas/pagos/2026-07-24/PAGOS 20260724 140740.txt
[ACTUALIZAR PAGOS · AUTO] ❌ No hubo pagos para actualizar. El TXT descargado fue eliminado.
[ACTUALIZAR PAGOS · AUTO] ✅ CargarPagosPaso finalizado. (⏱ 2.6s)
[ACTUALIZAR PAGOS · AUTO] ✓ [CargarPagosPaso] Completado.
[ACTUALIZAR PAGOS · AUTO] === Ejecución finalizada con éxito ===
[ACTUALIZAR PAGOS · AUTO] ℹ No se subió ningún archivo a ningún sistema externo en esta corrida: por política, el log detallado no se conserva en disco.
🤖 [Automático] Es hora de actualizar pagos. Arrancando...
[ACTUALIZAR PAGOS · AUTO] === Inicio de ejecución: pagos ===
[ACTUALIZAR PAGOS · AUTO] ▶ [LoginSemytPaso] Iniciando...
[ACTUALIZAR PAGOS · AUTO] ==================================================
[ACTUALIZAR PAGOS · AUTO] 🚀 PASO: LoginSemytPaso
[ACTUALIZAR PAGOS · AUTO] ==================================================
[ACTUALIZAR PAGOS · AUTO] Abriendo SEMyT...
[ACTUALIZAR PAGOS · AUTO] ✅ [SEMyT] Sesión existente detectada. Login omitido.
[ACTUALIZAR PAGOS · AUTO] ✅ LoginSemytPaso finalizado. (⏱ 4.9s)
[ACTUALIZAR PAGOS · AUTO] ✓ [LoginSemytPaso] Completado.
[ACTUALIZAR PAGOS · AUTO] ▶ [LoginJuzgadoPaso] Iniciando...
[ACTUALIZAR PAGOS · AUTO] ==================================================
[ACTUALIZAR PAGOS · AUTO] 🚀 PASO: LoginJuzgadoPaso
[ACTUALIZAR PAGOS · AUTO] ==================================================
[ACTUALIZAR PAGOS · AUTO] Abriendo sitio municipalidad (CiDi)...
[ACTUALIZAR PAGOS · AUTO] ✅ [Juzgado] Sesión existente detectada. Login omitido.
[ACTUALIZAR PAGOS · AUTO] ✅ LoginJuzgadoPaso finalizado. (⏱ 1.7s)
[ACTUALIZAR PAGOS · AUTO] ✓ [LoginJuzgadoPaso] Completado.
[ACTUALIZAR PAGOS · AUTO] ▶ [DescargasParalelasPaso] Iniciando...
[ACTUALIZAR PAGOS · AUTO] ==================================================
[ACTUALIZAR PAGOS · AUTO] 🚀 PASO: DescargasParalelasPaso
[ACTUALIZAR PAGOS · AUTO] ==================================================
[ACTUALIZAR PAGOS · AUTO] 📤 Arrancando las 3 descargas en paralelo (mismo browser, páginas separadas)...
[ACTUALIZAR PAGOS · AUTO] Fecha Desde: 27/06/2024
[ACTUALIZAR PAGOS · AUTO] Fecha Hasta: 24/11/2025
[ACTUALIZAR PAGOS · AUTO] Fecha Desde: 25/11/2025
[ACTUALIZAR PAGOS · AUTO] Fecha Hasta: 24/07/2026
[ACTUALIZAR PAGOS · AUTO] Descargando Excel...
[ACTUALIZAR PAGOS · AUTO] Descargando Excel...
⏳ [Automático] Tocaba disparar 'pagos' pero ya hay una ejecución en curso (Actualizar pagos); esperando a que termine; se reintenta en breve sin perder el turno.
[ACTUALIZAR PAGOS · AUTO] Archivo descargado en: backend/descargas/cache_actas_cruce/MULTAS_JUZGADO_CRUCE.xlsx
[ACTUALIZAR PAGOS · AUTO] ⏱ [actas_juzgado] completado en 18.2s
[ACTUALIZAR PAGOS · AUTO] Archivo descargado en: backend/descargas/cache_actas_cruce/MULTAS_SIGEMI_CRUCE.xlsx
[ACTUALIZAR PAGOS · AUTO] ⏱ [actas_sigemi] completado en 39.6s
[ACTUALIZAR PAGOS · AUTO] ✅ TXT de pagos descargado en: backend/descargas/pagos/2026-07-24/PAGOS DESCARGADOS.txt
[ACTUALIZAR PAGOS · AUTO] ⏱ [pagos_txt] completado en 39.7s
[ACTUALIZAR PAGOS · AUTO] ⏱ TOTAL descargas en paralelo: 39.7s
[ACTUALIZAR PAGOS · AUTO] ✅ DescargasParalelasPaso finalizado. (⏱ 41.3s)
[ACTUALIZAR PAGOS · AUTO] ✓ [DescargasParalelasPaso] Completado.
[ACTUALIZAR PAGOS · AUTO] ▶ [CompararActasPaso] Iniciando...
[ACTUALIZAR PAGOS · AUTO] ==================================================
[ACTUALIZAR PAGOS · AUTO] 🚀 PASO: CompararActasPaso
[ACTUALIZAR PAGOS · AUTO] ==================================================
[ACTUALIZAR PAGOS · AUTO] 🔍 Comparando actas del SEMyT contra pagos del Juzgado...
[ACTUALIZAR PAGOS · AUTO] ================================================================================
[ACTUALIZAR PAGOS · AUTO] INICIANDO PROCESO DE GENERACIÓN DE PAGOS DESACTUALIZADOS
[ACTUALIZAR PAGOS · AUTO] ================================================================================
[ACTUALIZAR PAGOS · AUTO] 📂 Cargando archivos...
[ACTUALIZAR PAGOS · AUTO]   ✓ Pagos: 17136 registros
[ACTUALIZAR PAGOS · AUTO]   ✓ Excel SIGEMI (multas vencidas viejas): 103459 registros
[ACTUALIZAR PAGOS · AUTO]   ✓ Excel Juzgado (multas vencidas nuevas): 39969 registros
[ACTUALIZAR PAGOS · AUTO] ================================================================================
[ACTUALIZAR PAGOS · AUTO] PASO 1: LLENANDO ACTA_NUMERO (búsqueda por patente + fecha, con desempate por hora)
[ACTUALIZAR PAGOS · AUTO] ================================================================================
[ACTUALIZAR PAGOS · AUTO] 📊 ESTADÍSTICAS DE LLENADO DE ACTAS:
[ACTUALIZAR PAGOS · AUTO]   • Pagos con acta ORIGINAL: 3032
[ACTUALIZAR PAGOS · AUTO]   • Pagos SIN acta (buscados): 14104
[ACTUALIZAR PAGOS · AUTO]   • Pagos LLENADOS exitosamente: 0
[ACTUALIZAR PAGOS · AUTO]   • Pagos NO encontrados en multas: 14104
[ACTUALIZAR PAGOS · AUTO]   • Pagos SIN RESOLVER por desbalance de cantidades: 0
[ACTUALIZAR PAGOS · AUTO] ================================================================================
[ACTUALIZAR PAGOS · AUTO] PASO 1: LLENANDO ACTA_NUMERO (búsqueda por patente + fecha, con desempate por hora)
[ACTUALIZAR PAGOS · AUTO] ================================================================================
[ACTUALIZAR PAGOS · AUTO] 📊 ESTADÍSTICAS DE LLENADO DE ACTAS:
[ACTUALIZAR PAGOS · AUTO]   • Pagos con acta ORIGINAL: 3032
[ACTUALIZAR PAGOS · AUTO]   • Pagos SIN acta (buscados): 14104
[ACTUALIZAR PAGOS · AUTO]   • Pagos LLENADOS exitosamente: 0
[ACTUALIZAR PAGOS · AUTO]   • Pagos NO encontrados en multas: 14104
[ACTUALIZAR PAGOS · AUTO]   • Pagos SIN RESOLVER por desbalance de cantidades: 0
[ACTUALIZAR PAGOS · AUTO] ⏱ PASO 1 (llenar actas): 18.4s
[ACTUALIZAR PAGOS · AUTO] ================================================================================
[ACTUALIZAR PAGOS · AUTO] PASO 2: FILTRANDO PAGOS CON ACTA_NUMERO COMPLETO
[ACTUALIZAR PAGOS · AUTO] ================================================================================
[ACTUALIZAR PAGOS · AUTO] 📊 ESTADÍSTICAS DE FILTRADO:
[ACTUALIZAR PAGOS · AUTO]   • Pagos TOTALES al inicio: 17136
[ACTUALIZAR PAGOS · AUTO]   • Pagos CON acta (MANTIENEN): 3032
[ACTUALIZAR PAGOS · AUTO]   • Pagos RECHAZADOS (sin coincidencias): 14104
[ACTUALIZAR PAGOS · AUTO] ⚠️  Se eliminaron 14104 registros sin número de acta
[ACTUALIZAR PAGOS · AUTO]      (recordá: esto incluye tanto pagos ya actualizados/pagados
[ACTUALIZAR PAGOS · AUTO]       como pagos que quedaron sin resolver por desbalance en el Paso 1)
[ACTUALIZAR PAGOS · AUTO] ================================================================================
[ACTUALIZAR PAGOS · AUTO] PASO 2-bis: CONFIRMANDO VIGENCIA DE PAGOS DEL SISTEMA NUEVO (contra MULTAS_JUZGADO_CRUCE)
[ACTUALIZAR PAGOS · AUTO] ================================================================================
[ACTUALIZAR PAGOS · AUTO]   ⚠ 3030 pago(s) del sistema nuevo descartados: su acta ya no figura como vencida en MULTAS_JUZGADO_CRUCE (SEMyT ya los actualizó).
[ACTUALIZAR PAGOS · AUTO]   • Pagos del sistema nuevo descartados por ya estar actualizados: 3030
[ACTUALIZAR PAGOS · AUTO] ⏱ PASO 2 (filtrar): 1.0s
[ACTUALIZAR PAGOS · AUTO] 📂 Cargando maestro de causas SIGEMI...
[ACTUALIZAR PAGOS · AUTO]   ✓ Causas totales (maestro): 134069 registros
[ACTUALIZAR PAGOS · AUTO] ⏱ PASO 2.5 (causas simplificado): 0.2s
[ACTUALIZAR PAGOS · AUTO] ================================================================================
[ACTUALIZAR PAGOS · AUTO] PASO 2.5: ARMANDO causas.txt SIMPLIFICADO (cruce contra total_causas_sigemi.txt)
[ACTUALIZAR PAGOS · AUTO] ================================================================================
[ACTUALIZAR PAGOS · AUTO]   • Actas vencidas viejas (multas): 103459
[ACTUALIZAR PAGOS · AUTO]   • Causas totales en el maestro SIGEMI: 134069
[ACTUALIZAR PAGOS · AUTO]   • Causas que coinciden (simplificado): 103131
[ACTUALIZAR PAGOS · AUTO]   ✅ Archivo escrito: backend/descargas/causas/causas.txt
[ACTUALIZAR PAGOS · AUTO] ⏱ PASO 2.5 (causas simplificado): 2.9s
[ACTUALIZAR PAGOS · AUTO] ================================================================================
[ACTUALIZAR PAGOS · AUTO] PASO 3: LLENANDO CAUSA_NUMERO (según fecha de cambio de sistema, cruzando por acta + año)
[ACTUALIZAR PAGOS · AUTO] ================================================================================
[ACTUALIZAR PAGOS · AUTO] 📊 ESTADÍSTICAS DE LLENADO DE CAUSAS:
[ACTUALIZAR PAGOS · AUTO]   • Pagos con causa ORIGINAL: 2
[ACTUALIZAR PAGOS · AUTO]   • Causas encontradas en SIGEMI (actas viejas): 0
[ACTUALIZAR PAGOS · AUTO]   • Causas NO encontradas en SIGEMI: 0
[ACTUALIZAR PAGOS · AUTO]   • Causas asignadas automáticamente (actas nuevas): 0
[ACTUALIZAR PAGOS · AUTO] ⏱ PASO 3 (llenar causas): 0.0s
[ACTUALIZAR PAGOS · AUTO] ================================================================================
[ACTUALIZAR PAGOS · AUTO] PASO 4: ORDENANDO POR FECHA Y ACTA_NUMERO
[ACTUALIZAR PAGOS · AUTO] ================================================================================
[ACTUALIZAR PAGOS · AUTO] ✓ Pagos ordenados correctamente
[ACTUALIZAR PAGOS · AUTO]   • Primera entrada: Acta=351213, Fecha=18/11/2025
[ACTUALIZAR PAGOS · AUTO]   • Última entrada: Acta=242028, Fecha=04/12/2025
[ACTUALIZAR PAGOS · AUTO] 📝 Escribiendo archivo de salida...
[ACTUALIZAR PAGOS · AUTO]   ✅ Archivo escrito: backend/descargas/pagos/2026-07-24/PAGOS 20260724 141932.txt
[ACTUALIZAR PAGOS · AUTO]   ✅ Total registros: 367
[ACTUALIZAR PAGOS · AUTO] ⏱ PASO 4 (ordenar y escribir): 0.0s
[ACTUALIZAR PAGOS · AUTO] ================================================================================
[ACTUALIZAR PAGOS · AUTO] ✅ PROCESO COMPLETADO EXITOSAMENTE
[ACTUALIZAR PAGOS · AUTO] ================================================================================
[ACTUALIZAR PAGOS · AUTO] 📊 RESUMEN FINAL DEL PROCESAMIENTO:
[ACTUALIZAR PAGOS · AUTO]   ENTRADA:
[ACTUALIZAR PAGOS · AUTO]     • Pagos originales: 17136
[ACTUALIZAR PAGOS · AUTO]     • Multas SIGEMI cargadas: 103459
[ACTUALIZAR PAGOS · AUTO]     • Multas Juzgado cargadas: 39969
[ACTUALIZAR PAGOS · AUTO]     • Causas simplificadas (usadas para el cruce): 103131
[ACTUALIZAR PAGOS · AUTO]   PROCESO:
[ACTUALIZAR PAGOS · AUTO]     • Pagos rechazados sigemi: 14104
[ACTUALIZAR PAGOS · AUTO]     • Pagos rechazados juzgado: 3030
[ACTUALIZAR PAGOS · AUTO]   SALIDA:
[ACTUALIZAR PAGOS · AUTO]     • Pagos desactualizados procesados: 2
[ACTUALIZAR PAGOS · AUTO]     • Archivo final: backend/descargas/pagos/2026-07-24/PAGOS 20260724 141932.txt
[ACTUALIZAR PAGOS · AUTO]     • Ordenados por fecha: SÍ ✓
[ACTUALIZAR PAGOS · AUTO]     • Todos con ACTA_NUMERO: SÍ ✓
[ACTUALIZAR PAGOS · AUTO]     • Todos con CAUSA_NUMERO: SÍ ✓
[ACTUALIZAR PAGOS · AUTO] ✅ TXT de pagos (ya cruzado con actas y causas) generado en: backend/descargas/pagos/2026-07-24/PAGOS 20260724 141932.txt
[ACTUALIZAR PAGOS · AUTO] 🧹 TXT de pagos crudo eliminado (ya usado en el cruce): backend/descargas/pagos/2026-07-24/PAGOS DESCARGADOS.txt
[ACTUALIZAR PAGOS · AUTO] 🧹 Excel MULTAS_SIGEMI_CRUCE eliminado (ya usado en el cruce): backend/descargas/cache_actas_cruce/MULTAS_SIGEMI_CRUCE.xlsx
[ACTUALIZAR PAGOS · AUTO] 🧹 Excel MULTAS_JUZGADO_CRUCE eliminado (ya usado en el cruce): backend/descargas/cache_actas_cruce/MULTAS_JUZGADO_CRUCE.xlsx
[ACTUALIZAR PAGOS · AUTO] ✅ CompararActasPaso finalizado. (⏱ 50.5s)
[ACTUALIZAR PAGOS · AUTO] ✓ [CompararActasPaso] Completado.
[ACTUALIZAR PAGOS · AUTO] ▶ [CargarPagosPaso] Iniciando...
[ACTUALIZAR PAGOS · AUTO] ==================================================
[ACTUALIZAR PAGOS · AUTO] 🚀 PASO: CargarPagosPaso
[ACTUALIZAR PAGOS · AUTO] ==================================================
[ACTUALIZAR PAGOS · AUTO] 📤 Subiendo TXT de pagos al SEMyT...
[ACTUALIZAR PAGOS · AUTO] ✅ Importación de pagos completada con éxito.
[ACTUALIZAR PAGOS · AUTO] ✅ Archivo TXT de pagos cargado en el SEMyT correctamente.
[ACTUALIZAR PAGOS · AUTO] ✅ CargarPagosPaso finalizado. (⏱ 3.6s)
[ACTUALIZAR PAGOS · AUTO] ✓ [CargarPagosPaso] Completado.
[ACTUALIZAR PAGOS · AUTO] === Ejecución finalizada con éxito ===
🤖 [Automático] Es hora de actualizar pagos. Arrancando...
[ACTUALIZAR PAGOS · AUTO] === Inicio de ejecución: pagos ===
[ACTUALIZAR PAGOS · AUTO] ▶ [LoginSemytPaso] Iniciando...
[ACTUALIZAR PAGOS · AUTO] ==================================================
[ACTUALIZAR PAGOS · AUTO] 🚀 PASO: LoginSemytPaso
[ACTUALIZAR PAGOS · AUTO] ==================================================
[ACTUALIZAR PAGOS · AUTO] Abriendo SEMyT...
[ACTUALIZAR PAGOS · AUTO] ✅ [SEMyT] Sesión existente detectada. Login omitido.
[ACTUALIZAR PAGOS · AUTO] ✅ LoginSemytPaso finalizado. (⏱ 4.2s)
[ACTUALIZAR PAGOS · AUTO] ✓ [LoginSemytPaso] Completado.
[ACTUALIZAR PAGOS · AUTO] ▶ [LoginJuzgadoPaso] Iniciando...
[ACTUALIZAR PAGOS · AUTO] ==================================================
[ACTUALIZAR PAGOS · AUTO] 🚀 PASO: LoginJuzgadoPaso
[ACTUALIZAR PAGOS · AUTO] ==================================================
[ACTUALIZAR PAGOS · AUTO] Abriendo sitio municipalidad (CiDi)...
[ACTUALIZAR PAGOS · AUTO] ✅ [Juzgado] Sesión existente detectada. Login omitido.
[ACTUALIZAR PAGOS · AUTO] ✅ LoginJuzgadoPaso finalizado. (⏱ 1.6s)
[ACTUALIZAR PAGOS · AUTO] ✓ [LoginJuzgadoPaso] Completado.
[ACTUALIZAR PAGOS · AUTO] ▶ [DescargasParalelasPaso] Iniciando...
[ACTUALIZAR PAGOS · AUTO] ==================================================
[ACTUALIZAR PAGOS · AUTO] 🚀 PASO: DescargasParalelasPaso
[ACTUALIZAR PAGOS · AUTO] ==================================================
[ACTUALIZAR PAGOS · AUTO] 📤 Arrancando las 3 descargas en paralelo (mismo browser, páginas separadas)...
[ACTUALIZAR PAGOS · AUTO] Fecha Desde: 27/06/2024
[ACTUALIZAR PAGOS · AUTO] Fecha Hasta: 24/11/2025
[ACTUALIZAR PAGOS · AUTO] Fecha Desde: 25/11/2025
[ACTUALIZAR PAGOS · AUTO] Fecha Hasta: 24/07/2026
[ACTUALIZAR PAGOS · AUTO] Descargando Excel...
[ACTUALIZAR PAGOS · AUTO] Descargando Excel...
⏳ [Automático] Tocaba disparar 'pagos' pero ya hay una ejecución en curso (Actualizar pagos); esperando a que termine; se reintenta en breve sin perder el turno.
[ACTUALIZAR PAGOS · AUTO] Archivo descargado en: backend/descargas/cache_actas_cruce/MULTAS_JUZGADO_CRUCE.xlsx
[ACTUALIZAR PAGOS · AUTO] ⏱ [actas_juzgado] completado en 19.8s
[ACTUALIZAR PAGOS · AUTO] Archivo descargado en: backend/descargas/cache_actas_cruce/MULTAS_SIGEMI_CRUCE.xlsx
[ACTUALIZAR PAGOS · AUTO] ⏱ [actas_sigemi] completado en 41.4s
[ACTUALIZAR PAGOS · AUTO] ✅ TXT de pagos descargado en: backend/descargas/pagos/2026-07-24/PAGOS DESCARGADOS.txt
[ACTUALIZAR PAGOS · AUTO] ⏱ [pagos_txt] completado en 41.5s
[ACTUALIZAR PAGOS · AUTO] ⏱ TOTAL descargas en paralelo: 41.5s
[ACTUALIZAR PAGOS · AUTO] ✅ DescargasParalelasPaso finalizado. (⏱ 42.9s)
[ACTUALIZAR PAGOS · AUTO] ✓ [DescargasParalelasPaso] Completado.
[ACTUALIZAR PAGOS · AUTO] ▶ [CompararActasPaso] Iniciando...
[ACTUALIZAR PAGOS · AUTO] ==================================================
[ACTUALIZAR PAGOS · AUTO] 🚀 PASO: CompararActasPaso
[ACTUALIZAR PAGOS · AUTO] ==================================================
[ACTUALIZAR PAGOS · AUTO] 🔍 Comparando actas del SEMyT contra pagos del Juzgado...
[ACTUALIZAR PAGOS · AUTO] ================================================================================
[ACTUALIZAR PAGOS · AUTO] INICIANDO PROCESO DE GENERACIÓN DE PAGOS DESACTUALIZADOS
[ACTUALIZAR PAGOS · AUTO] ================================================================================
[ACTUALIZAR PAGOS · AUTO] 📂 Cargando archivos...
[ACTUALIZAR PAGOS · AUTO]   ✓ Pagos: 17136 registros
[ACTUALIZAR PAGOS · AUTO]   ✓ Excel SIGEMI (multas vencidas viejas): 103459 registros
[ACTUALIZAR PAGOS · AUTO]   ✓ Excel Juzgado (multas vencidas nuevas): 39968 registros
[ACTUALIZAR PAGOS · AUTO] ================================================================================
[ACTUALIZAR PAGOS · AUTO] PASO 1: LLENANDO ACTA_NUMERO (búsqueda por patente + fecha, con desempate por hora)
[ACTUALIZAR PAGOS · AUTO] ================================================================================
[ACTUALIZAR PAGOS · AUTO] 📊 ESTADÍSTICAS DE LLENADO DE ACTAS:
[ACTUALIZAR PAGOS · AUTO]   • Pagos con acta ORIGINAL: 3032
[ACTUALIZAR PAGOS · AUTO]   • Pagos SIN acta (buscados): 14104
[ACTUALIZAR PAGOS · AUTO]   • Pagos LLENADOS exitosamente: 0
[ACTUALIZAR PAGOS · AUTO]   • Pagos NO encontrados en multas: 14104
[ACTUALIZAR PAGOS · AUTO]   • Pagos SIN RESOLVER por desbalance de cantidades: 0
[ACTUALIZAR PAGOS · AUTO] ================================================================================
[ACTUALIZAR PAGOS · AUTO] PASO 1: LLENANDO ACTA_NUMERO (búsqueda por patente + fecha, con desempate por hora)
[ACTUALIZAR PAGOS · AUTO] ================================================================================
[ACTUALIZAR PAGOS · AUTO] 📊 ESTADÍSTICAS DE LLENADO DE ACTAS:
[ACTUALIZAR PAGOS · AUTO]   • Pagos con acta ORIGINAL: 3032
[ACTUALIZAR PAGOS · AUTO]   • Pagos SIN acta (buscados): 14104
[ACTUALIZAR PAGOS · AUTO]   • Pagos LLENADOS exitosamente: 0
[ACTUALIZAR PAGOS · AUTO]   • Pagos NO encontrados en multas: 14104
[ACTUALIZAR PAGOS · AUTO]   • Pagos SIN RESOLVER por desbalance de cantidades: 0
[ACTUALIZAR PAGOS · AUTO] ⏱ PASO 1 (llenar actas): 18.6s
[ACTUALIZAR PAGOS · AUTO] ================================================================================
[ACTUALIZAR PAGOS · AUTO] PASO 2: FILTRANDO PAGOS CON ACTA_NUMERO COMPLETO
[ACTUALIZAR PAGOS · AUTO] ================================================================================
[ACTUALIZAR PAGOS · AUTO] 📊 ESTADÍSTICAS DE FILTRADO:
[ACTUALIZAR PAGOS · AUTO]   • Pagos TOTALES al inicio: 17136
[ACTUALIZAR PAGOS · AUTO]   • Pagos CON acta (MANTIENEN): 3032
[ACTUALIZAR PAGOS · AUTO]   • Pagos RECHAZADOS (sin coincidencias): 14104
[ACTUALIZAR PAGOS · AUTO] ⚠️  Se eliminaron 14104 registros sin número de acta
[ACTUALIZAR PAGOS · AUTO]      (recordá: esto incluye tanto pagos ya actualizados/pagados
[ACTUALIZAR PAGOS · AUTO]       como pagos que quedaron sin resolver por desbalance en el Paso 1)
[ACTUALIZAR PAGOS · AUTO] ================================================================================
[ACTUALIZAR PAGOS · AUTO] PASO 2-bis: CONFIRMANDO VIGENCIA DE PAGOS DEL SISTEMA NUEVO (contra MULTAS_JUZGADO_CRUCE)
[ACTUALIZAR PAGOS · AUTO] ================================================================================
[ACTUALIZAR PAGOS · AUTO]   ⚠ 3031 pago(s) del sistema nuevo descartados: su acta ya no figura como vencida en MULTAS_JUZGADO_CRUCE (SEMyT ya los actualizó).
[ACTUALIZAR PAGOS · AUTO]   • Pagos del sistema nuevo descartados por ya estar actualizados: 3031
[ACTUALIZAR PAGOS · AUTO] ⏱ PASO 2 (filtrar): 1.2s
[ACTUALIZAR PAGOS · AUTO] 📂 Cargando maestro de causas SIGEMI...
[ACTUALIZAR PAGOS · AUTO]   ✓ Causas totales (maestro): 134069 registros
[ACTUALIZAR PAGOS · AUTO] ⏱ PASO 2.5 (causas simplificado): 0.1s
[ACTUALIZAR PAGOS · AUTO] ================================================================================
[ACTUALIZAR PAGOS · AUTO] PASO 2.5: ARMANDO causas.txt SIMPLIFICADO (cruce contra total_causas_sigemi.txt)
[ACTUALIZAR PAGOS · AUTO] ================================================================================
[ACTUALIZAR PAGOS · AUTO]   • Actas vencidas viejas (multas): 103459
[ACTUALIZAR PAGOS · AUTO]   • Causas totales en el maestro SIGEMI: 134069
[ACTUALIZAR PAGOS · AUTO]   • Causas que coinciden (simplificado): 103131
[ACTUALIZAR PAGOS · AUTO]   ✅ Archivo escrito: backend/descargas/causas/causas.txt
[ACTUALIZAR PAGOS · AUTO] ⏱ PASO 2.5 (causas simplificado): 2.6s
[ACTUALIZAR PAGOS · AUTO] ================================================================================
[ACTUALIZAR PAGOS · AUTO] PASO 3: LLENANDO CAUSA_NUMERO (según fecha de cambio de sistema, cruzando por acta + año)
[ACTUALIZAR PAGOS · AUTO] ================================================================================
[ACTUALIZAR PAGOS · AUTO] 📊 ESTADÍSTICAS DE LLENADO DE CAUSAS:
[ACTUALIZAR PAGOS · AUTO]   • Pagos con causa ORIGINAL: 1
[ACTUALIZAR PAGOS · AUTO]   • Causas encontradas en SIGEMI (actas viejas): 0
[ACTUALIZAR PAGOS · AUTO]   • Causas NO encontradas en SIGEMI: 0
[ACTUALIZAR PAGOS · AUTO]   • Causas asignadas automáticamente (actas nuevas): 0
[ACTUALIZAR PAGOS · AUTO] ⏱ PASO 3 (llenar causas): 0.0s
[ACTUALIZAR PAGOS · AUTO] ================================================================================
[ACTUALIZAR PAGOS · AUTO] PASO 4: ORDENANDO POR FECHA Y ACTA_NUMERO
[ACTUALIZAR PAGOS · AUTO] ================================================================================
[ACTUALIZAR PAGOS · AUTO] ✓ Pagos ordenados correctamente
[ACTUALIZAR PAGOS · AUTO]   • Primera entrada: Acta=351213, Fecha=18/11/2025
[ACTUALIZAR PAGOS · AUTO]   • Última entrada: Acta=351213, Fecha=18/11/2025
[ACTUALIZAR PAGOS · AUTO] 📝 Escribiendo archivo de salida...
[ACTUALIZAR PAGOS · AUTO]   ✅ Archivo escrito: backend/descargas/pagos/2026-07-24/PAGOS 20260724 143124.txt
[ACTUALIZAR PAGOS · AUTO]   ✅ Total registros: 247
[ACTUALIZAR PAGOS · AUTO] ⏱ PASO 4 (ordenar y escribir): 0.0s
[ACTUALIZAR PAGOS · AUTO] ================================================================================
[ACTUALIZAR PAGOS · AUTO] ✅ PROCESO COMPLETADO EXITOSAMENTE
[ACTUALIZAR PAGOS · AUTO] ================================================================================
[ACTUALIZAR PAGOS · AUTO] 📊 RESUMEN FINAL DEL PROCESAMIENTO:
[ACTUALIZAR PAGOS · AUTO]   ENTRADA:
[ACTUALIZAR PAGOS · AUTO]     • Pagos originales: 17136
[ACTUALIZAR PAGOS · AUTO]     • Multas SIGEMI cargadas: 103459
[ACTUALIZAR PAGOS · AUTO]     • Multas Juzgado cargadas: 39968
[ACTUALIZAR PAGOS · AUTO]     • Causas simplificadas (usadas para el cruce): 103131
[ACTUALIZAR PAGOS · AUTO]   PROCESO:
[ACTUALIZAR PAGOS · AUTO]     • Pagos rechazados sigemi: 14104
[ACTUALIZAR PAGOS · AUTO]     • Pagos rechazados juzgado: 3031
[ACTUALIZAR PAGOS · AUTO]   SALIDA:
[ACTUALIZAR PAGOS · AUTO]     • Pagos desactualizados procesados: 1
[ACTUALIZAR PAGOS · AUTO]     • Archivo final: backend/descargas/pagos/2026-07-24/PAGOS 20260724 143124.txt
[ACTUALIZAR PAGOS · AUTO]     • Ordenados por fecha: SÍ ✓
[ACTUALIZAR PAGOS · AUTO]     • Todos con ACTA_NUMERO: SÍ ✓
[ACTUALIZAR PAGOS · AUTO]     • Todos con CAUSA_NUMERO: SÍ ✓
[ACTUALIZAR PAGOS · AUTO] ✅ TXT de pagos (ya cruzado con actas y causas) generado en: backend/descargas/pagos/2026-07-24/PAGOS 20260724 143124.txt
[ACTUALIZAR PAGOS · AUTO] 🧹 TXT de pagos crudo eliminado (ya usado en el cruce): backend/descargas/pagos/2026-07-24/PAGOS DESCARGADOS.txt
[ACTUALIZAR PAGOS · AUTO] 🧹 Excel MULTAS_SIGEMI_CRUCE eliminado (ya usado en el cruce): backend/descargas/cache_actas_cruce/MULTAS_SIGEMI_CRUCE.xlsx
[ACTUALIZAR PAGOS · AUTO] 🧹 Excel MULTAS_JUZGADO_CRUCE eliminado (ya usado en el cruce): backend/descargas/cache_actas_cruce/MULTAS_JUZGADO_CRUCE.xlsx
[ACTUALIZAR PAGOS · AUTO] ✅ CompararActasPaso finalizado. (⏱ 51.1s)
[ACTUALIZAR PAGOS · AUTO] ✓ [CompararActasPaso] Completado.
[ACTUALIZAR PAGOS · AUTO] ▶ [CargarPagosPaso] Iniciando...
[ACTUALIZAR PAGOS · AUTO] ==================================================
[ACTUALIZAR PAGOS · AUTO] 🚀 PASO: CargarPagosPaso
[ACTUALIZAR PAGOS · AUTO] ==================================================
[ACTUALIZAR PAGOS · AUTO] 📤 Subiendo TXT de pagos al SEMyT...
[ACTUALIZAR PAGOS · AUTO] ❌ No se encontraron actas para actualizar.
[ACTUALIZAR PAGOS · AUTO] 🧹 TXT sin actualizaciones eliminado: backend/descargas/pagos/2026-07-24/PAGOS 20260724 143124.txt
[ACTUALIZAR PAGOS · AUTO] ❌ No hubo pagos para actualizar. El TXT descargado fue eliminado.
[ACTUALIZAR PAGOS · AUTO] ✅ CargarPagosPaso finalizado. (⏱ 3.2s)
[ACTUALIZAR PAGOS · AUTO] ✓ [CargarPagosPaso] Completado.
[ACTUALIZAR PAGOS · AUTO] === Ejecución finalizada con éxito ===
[ACTUALIZAR PAGOS · AUTO] ℹ No se subió ningún archivo a ningún sistema externo en esta corrida: por política, el log detallado no se conserva en disco.
🤖 [Automático] Es hora de actualizar pagos. Arrancando...
[ACTUALIZAR PAGOS · AUTO] === Inicio de ejecución: pagos ===
[ACTUALIZAR PAGOS · AUTO] ▶ [LoginSemytPaso] Iniciando...
[ACTUALIZAR PAGOS · AUTO] ==================================================
[ACTUALIZAR PAGOS · AUTO] 🚀 PASO: LoginSemytPaso
[ACTUALIZAR PAGOS · AUTO] ==================================================
[ACTUALIZAR PAGOS · AUTO] Abriendo SEMyT...
[ACTUALIZAR PAGOS · AUTO] ✅ [SEMyT] Sesión existente detectada. Login omitido.
[ACTUALIZAR PAGOS · AUTO] ✅ LoginSemytPaso finalizado. (⏱ 4.4s)
[ACTUALIZAR PAGOS · AUTO] ✓ [LoginSemytPaso] Completado.
[ACTUALIZAR PAGOS · AUTO] ▶ [LoginJuzgadoPaso] Iniciando...
[ACTUALIZAR PAGOS · AUTO] ==================================================
[ACTUALIZAR PAGOS · AUTO] 🚀 PASO: LoginJuzgadoPaso
[ACTUALIZAR PAGOS · AUTO] ==================================================
[ACTUALIZAR PAGOS · AUTO] Abriendo sitio municipalidad (CiDi)...
[ACTUALIZAR PAGOS · AUTO] ✅ [Juzgado] Sesión existente detectada. Login omitido.
[ACTUALIZAR PAGOS · AUTO] ✅ LoginJuzgadoPaso finalizado. (⏱ 1.4s)
[ACTUALIZAR PAGOS · AUTO] ✓ [LoginJuzgadoPaso] Completado.
[ACTUALIZAR PAGOS · AUTO] ▶ [DescargasParalelasPaso] Iniciando...
[ACTUALIZAR PAGOS · AUTO] ==================================================
[ACTUALIZAR PAGOS · AUTO] 🚀 PASO: DescargasParalelasPaso
[ACTUALIZAR PAGOS · AUTO] ==================================================
[ACTUALIZAR PAGOS · AUTO] 📤 Arrancando las 3 descargas en paralelo (mismo browser, páginas separadas)...
[ACTUALIZAR PAGOS · AUTO] Fecha Desde: 27/06/2024
[ACTUALIZAR PAGOS · AUTO] Fecha Hasta: 24/11/2025
[ACTUALIZAR PAGOS · AUTO] Fecha Desde: 25/11/2025
[ACTUALIZAR PAGOS · AUTO] Fecha Hasta: 24/07/2026
[ACTUALIZAR PAGOS · AUTO] Descargando Excel...
[ACTUALIZAR PAGOS · AUTO] Descargando Excel...
⏳ [Automático] Tocaba disparar 'pagos' pero ya hay una ejecución en curso (Actualizar pagos); esperando a que termine; se reintenta en breve sin perder el turno.
[ACTUALIZAR PAGOS · AUTO] ✅ TXT de pagos descargado en: backend/descargas/pagos/2026-07-24/PAGOS DESCARGADOS.txt
[ACTUALIZAR PAGOS · AUTO] ⏱ [pagos_txt] completado en 21.8s
[ACTUALIZAR PAGOS · AUTO] Archivo descargado en: backend/descargas/cache_actas_cruce/MULTAS_JUZGADO_CRUCE.xlsx
[ACTUALIZAR PAGOS · AUTO] ⏱ [actas_juzgado] completado en 33.2s
[ACTUALIZAR PAGOS · AUTO] Archivo descargado en: backend/descargas/cache_actas_cruce/MULTAS_SIGEMI_CRUCE.xlsx
[ACTUALIZAR PAGOS · AUTO] ⏱ [actas_sigemi] completado en 52.4s
[ACTUALIZAR PAGOS · AUTO] ⏱ TOTAL descargas en paralelo: 52.4s
[ACTUALIZAR PAGOS · AUTO] ✅ DescargasParalelasPaso finalizado. (⏱ 53.9s)
[ACTUALIZAR PAGOS · AUTO] ✓ [DescargasParalelasPaso] Completado.
[ACTUALIZAR PAGOS · AUTO] ▶ [CompararActasPaso] Iniciando...
[ACTUALIZAR PAGOS · AUTO] ==================================================
[ACTUALIZAR PAGOS · AUTO] 🚀 PASO: CompararActasPaso
[ACTUALIZAR PAGOS · AUTO] ==================================================
[ACTUALIZAR PAGOS · AUTO] 🔍 Comparando actas del SEMyT contra pagos del Juzgado...
[ACTUALIZAR PAGOS · AUTO] ================================================================================
[ACTUALIZAR PAGOS · AUTO] INICIANDO PROCESO DE GENERACIÓN DE PAGOS DESACTUALIZADOS
[ACTUALIZAR PAGOS · AUTO] ================================================================================
[ACTUALIZAR PAGOS · AUTO] 📂 Cargando archivos...
[ACTUALIZAR PAGOS · AUTO]   ✓ Pagos: 17137 registros
[ACTUALIZAR PAGOS · AUTO]   ✓ Excel SIGEMI (multas vencidas viejas): 103459 registros
[ACTUALIZAR PAGOS · AUTO]   ✓ Excel Juzgado (multas vencidas nuevas): 39968 registros
[ACTUALIZAR PAGOS · AUTO] ================================================================================
[ACTUALIZAR PAGOS · AUTO] PASO 1: LLENANDO ACTA_NUMERO (búsqueda por patente + fecha, con desempate por hora)
[ACTUALIZAR PAGOS · AUTO] ================================================================================
[ACTUALIZAR PAGOS · AUTO] 📊 ESTADÍSTICAS DE LLENADO DE ACTAS:
[ACTUALIZAR PAGOS · AUTO]   • Pagos con acta ORIGINAL: 3032
[ACTUALIZAR PAGOS · AUTO]   • Pagos SIN acta (buscados): 14105
[ACTUALIZAR PAGOS · AUTO]   • Pagos LLENADOS exitosamente: 1
[ACTUALIZAR PAGOS · AUTO]   • Pagos NO encontrados en multas: 14104
[ACTUALIZAR PAGOS · AUTO]   • Pagos SIN RESOLVER por desbalance de cantidades: 0
[ACTUALIZAR PAGOS · AUTO] ================================================================================
[ACTUALIZAR PAGOS · AUTO] PASO 1: LLENANDO ACTA_NUMERO (búsqueda por patente + fecha, con desempate por hora)
[ACTUALIZAR PAGOS · AUTO] ================================================================================
[ACTUALIZAR PAGOS · AUTO] 📊 ESTADÍSTICAS DE LLENADO DE ACTAS:
[ACTUALIZAR PAGOS · AUTO]   • Pagos con acta ORIGINAL: 3033
[ACTUALIZAR PAGOS · AUTO]   • Pagos SIN acta (buscados): 14104
[ACTUALIZAR PAGOS · AUTO]   • Pagos LLENADOS exitosamente: 0
[ACTUALIZAR PAGOS · AUTO]   • Pagos NO encontrados en multas: 14104
[ACTUALIZAR PAGOS · AUTO]   • Pagos SIN RESOLVER por desbalance de cantidades: 0
[ACTUALIZAR PAGOS · AUTO] ⏱ PASO 1 (llenar actas): 17.5s
[ACTUALIZAR PAGOS · AUTO] ================================================================================
[ACTUALIZAR PAGOS · AUTO] PASO 2: FILTRANDO PAGOS CON ACTA_NUMERO COMPLETO
[ACTUALIZAR PAGOS · AUTO] ================================================================================
[ACTUALIZAR PAGOS · AUTO] 📊 ESTADÍSTICAS DE FILTRADO:
[ACTUALIZAR PAGOS · AUTO]   • Pagos TOTALES al inicio: 17137
[ACTUALIZAR PAGOS · AUTO]   • Pagos CON acta (MANTIENEN): 3033
[ACTUALIZAR PAGOS · AUTO]   • Pagos RECHAZADOS (sin coincidencias): 14104
[ACTUALIZAR PAGOS · AUTO] ⚠️  Se eliminaron 14104 registros sin número de acta
[ACTUALIZAR PAGOS · AUTO]      (recordá: esto incluye tanto pagos ya actualizados/pagados
[ACTUALIZAR PAGOS · AUTO]       como pagos que quedaron sin resolver por desbalance en el Paso 1)
[ACTUALIZAR PAGOS · AUTO] ================================================================================
[ACTUALIZAR PAGOS · AUTO] PASO 2-bis: CONFIRMANDO VIGENCIA DE PAGOS DEL SISTEMA NUEVO (contra MULTAS_JUZGADO_CRUCE)
[ACTUALIZAR PAGOS · AUTO] ================================================================================
[ACTUALIZAR PAGOS · AUTO]   ⚠ 3031 pago(s) del sistema nuevo descartados: su acta ya no figura como vencida en MULTAS_JUZGADO_CRUCE (SEMyT ya los actualizó).
[ACTUALIZAR PAGOS · AUTO]   • Pagos del sistema nuevo descartados por ya estar actualizados: 3031
[ACTUALIZAR PAGOS · AUTO] ⏱ PASO 2 (filtrar): 1.1s
[ACTUALIZAR PAGOS · AUTO] 📂 Cargando maestro de causas SIGEMI...
[ACTUALIZAR PAGOS · AUTO]   ✓ Causas totales (maestro): 134069 registros
[ACTUALIZAR PAGOS · AUTO] ⏱ PASO 2.5 (causas simplificado): 0.1s
[ACTUALIZAR PAGOS · AUTO] ================================================================================
[ACTUALIZAR PAGOS · AUTO] PASO 2.5: ARMANDO causas.txt SIMPLIFICADO (cruce contra total_causas_sigemi.txt)
[ACTUALIZAR PAGOS · AUTO] ================================================================================
[ACTUALIZAR PAGOS · AUTO]   • Actas vencidas viejas (multas): 103459
[ACTUALIZAR PAGOS · AUTO]   • Causas totales en el maestro SIGEMI: 134069
[ACTUALIZAR PAGOS · AUTO]   • Causas que coinciden (simplificado): 103131
[ACTUALIZAR PAGOS · AUTO]   ✅ Archivo escrito: backend/descargas/causas/causas.txt
[ACTUALIZAR PAGOS · AUTO] ⏱ PASO 2.5 (causas simplificado): 2.6s
[ACTUALIZAR PAGOS · AUTO] ================================================================================
[ACTUALIZAR PAGOS · AUTO] PASO 3: LLENANDO CAUSA_NUMERO (según fecha de cambio de sistema, cruzando por acta + año)
[ACTUALIZAR PAGOS · AUTO] ================================================================================
[ACTUALIZAR PAGOS · AUTO] 📊 ESTADÍSTICAS DE LLENADO DE CAUSAS:
[ACTUALIZAR PAGOS · AUTO]   • Pagos con causa ORIGINAL: 1
[ACTUALIZAR PAGOS · AUTO]   • Causas encontradas en SIGEMI (actas viejas): 1
[ACTUALIZAR PAGOS · AUTO]   • Causas NO encontradas en SIGEMI: 0
[ACTUALIZAR PAGOS · AUTO]   • Causas asignadas automáticamente (actas nuevas): 0
[ACTUALIZAR PAGOS · AUTO] ⏱ PASO 3 (llenar causas): 0.0s
[ACTUALIZAR PAGOS · AUTO] ================================================================================
[ACTUALIZAR PAGOS · AUTO] PASO 4: ORDENANDO POR FECHA Y ACTA_NUMERO
[ACTUALIZAR PAGOS · AUTO] ================================================================================
[ACTUALIZAR PAGOS · AUTO] ✓ Pagos ordenados correctamente
[ACTUALIZAR PAGOS · AUTO]   • Primera entrada: Acta=207146, Fecha=18/09/2025
[ACTUALIZAR PAGOS · AUTO]   • Última entrada: Acta=351213, Fecha=18/11/2025
[ACTUALIZAR PAGOS · AUTO] 📝 Escribiendo archivo de salida...
[ACTUALIZAR PAGOS · AUTO]   ✅ Archivo escrito: backend/descargas/pagos/2026-07-24/PAGOS 20260724 144326.txt
[ACTUALIZAR PAGOS · AUTO]   ✅ Total registros: 353
[ACTUALIZAR PAGOS · AUTO] ⏱ PASO 4 (ordenar y escribir): 0.0s
[ACTUALIZAR PAGOS · AUTO] ================================================================================
[ACTUALIZAR PAGOS · AUTO] ✅ PROCESO COMPLETADO EXITOSAMENTE
[ACTUALIZAR PAGOS · AUTO] ================================================================================
[ACTUALIZAR PAGOS · AUTO] 📊 RESUMEN FINAL DEL PROCESAMIENTO:
[ACTUALIZAR PAGOS · AUTO]   ENTRADA:
[ACTUALIZAR PAGOS · AUTO]     • Pagos originales: 17137
[ACTUALIZAR PAGOS · AUTO]     • Multas SIGEMI cargadas: 103459
[ACTUALIZAR PAGOS · AUTO]     • Multas Juzgado cargadas: 39968
[ACTUALIZAR PAGOS · AUTO]     • Causas simplificadas (usadas para el cruce): 103131
[ACTUALIZAR PAGOS · AUTO]   PROCESO:
[ACTUALIZAR PAGOS · AUTO]     • Pagos rechazados sigemi: 14104
[ACTUALIZAR PAGOS · AUTO]     • Pagos rechazados juzgado: 3031
[ACTUALIZAR PAGOS · AUTO]   SALIDA:
[ACTUALIZAR PAGOS · AUTO]     • Pagos desactualizados procesados: 2
[ACTUALIZAR PAGOS · AUTO]     • Archivo final: backend/descargas/pagos/2026-07-24/PAGOS 20260724 144326.txt
[ACTUALIZAR PAGOS · AUTO]     • Ordenados por fecha: SÍ ✓
[ACTUALIZAR PAGOS · AUTO]     • Todos con ACTA_NUMERO: SÍ ✓
[ACTUALIZAR PAGOS · AUTO]     • Todos con CAUSA_NUMERO: SÍ ✓
[ACTUALIZAR PAGOS · AUTO] ✅ TXT de pagos (ya cruzado con actas y causas) generado en: backend/descargas/pagos/2026-07-24/PAGOS 20260724 144326.txt
[ACTUALIZAR PAGOS · AUTO] 🧹 TXT de pagos crudo eliminado (ya usado en el cruce): backend/descargas/pagos/2026-07-24/PAGOS DESCARGADOS.txt
[ACTUALIZAR PAGOS · AUTO] 🧹 Excel MULTAS_SIGEMI_CRUCE eliminado (ya usado en el cruce): backend/descargas/cache_actas_cruce/MULTAS_SIGEMI_CRUCE.xlsx
[ACTUALIZAR PAGOS · AUTO] 🧹 Excel MULTAS_JUZGADO_CRUCE eliminado (ya usado en el cruce): backend/descargas/cache_actas_cruce/MULTAS_JUZGADO_CRUCE.xlsx
[ACTUALIZAR PAGOS · AUTO] ✅ CompararActasPaso finalizado. (⏱ 46.8s)
[ACTUALIZAR PAGOS · AUTO] ✓ [CompararActasPaso] Completado.
[ACTUALIZAR PAGOS · AUTO] ▶ [CargarPagosPaso] Iniciando...
[ACTUALIZAR PAGOS · AUTO] ==================================================
[ACTUALIZAR PAGOS · AUTO] 🚀 PASO: CargarPagosPaso
[ACTUALIZAR PAGOS · AUTO] ==================================================
[ACTUALIZAR PAGOS · AUTO] 📤 Subiendo TXT de pagos al SEMyT...
[ACTUALIZAR PAGOS · AUTO] ✅ Importación de pagos completada con éxito.
[ACTUALIZAR PAGOS · AUTO] ✅ Archivo TXT de pagos cargado en el SEMyT correctamente.
[ACTUALIZAR PAGOS · AUTO] ✅ CargarPagosPaso finalizado. (⏱ 2.6s)
[ACTUALIZAR PAGOS · AUTO] ✓ [CargarPagosPaso] Completado.
[ACTUALIZAR PAGOS · AUTO] === Ejecución finalizada con éxito ===
🤖 [Automático] Es hora de actualizar pagos. Arrancando...
[ACTUALIZAR PAGOS · AUTO] === Inicio de ejecución: pagos ===
[ACTUALIZAR PAGOS · AUTO] ▶ [LoginSemytPaso] Iniciando...
[ACTUALIZAR PAGOS · AUTO] ==================================================
[ACTUALIZAR PAGOS · AUTO] 🚀 PASO: LoginSemytPaso
[ACTUALIZAR PAGOS · AUTO] ==================================================
[ACTUALIZAR PAGOS · AUTO] Abriendo SEMyT...
[ACTUALIZAR PAGOS · AUTO] ✅ [SEMyT] Sesión existente detectada. Login omitido.
[ACTUALIZAR PAGOS · AUTO] ✅ LoginSemytPaso finalizado. (⏱ 4.8s)
[ACTUALIZAR PAGOS · AUTO] ✓ [LoginSemytPaso] Completado.
[ACTUALIZAR PAGOS · AUTO] ▶ [LoginJuzgadoPaso] Iniciando...
[ACTUALIZAR PAGOS · AUTO] ==================================================
[ACTUALIZAR PAGOS · AUTO] 🚀 PASO: LoginJuzgadoPaso
[ACTUALIZAR PAGOS · AUTO] ==================================================
[ACTUALIZAR PAGOS · AUTO] Abriendo sitio municipalidad (CiDi)...
[ACTUALIZAR PAGOS · AUTO] ✅ [Juzgado] Sesión existente detectada. Login omitido.
[ACTUALIZAR PAGOS · AUTO] ✅ LoginJuzgadoPaso finalizado. (⏱ 1.3s)
[ACTUALIZAR PAGOS · AUTO] ✓ [LoginJuzgadoPaso] Completado.
[ACTUALIZAR PAGOS · AUTO] ▶ [DescargasParalelasPaso] Iniciando...
[ACTUALIZAR PAGOS · AUTO] ==================================================
[ACTUALIZAR PAGOS · AUTO] 🚀 PASO: DescargasParalelasPaso
[ACTUALIZAR PAGOS · AUTO] ==================================================
[ACTUALIZAR PAGOS · AUTO] 📤 Arrancando las 3 descargas en paralelo (mismo browser, páginas separadas)...
[ACTUALIZAR PAGOS · AUTO] Fecha Desde: 27/06/2024
[ACTUALIZAR PAGOS · AUTO] Fecha Hasta: 24/11/2025
[ACTUALIZAR PAGOS · AUTO] Fecha Desde: 25/11/2025
[ACTUALIZAR PAGOS · AUTO] Fecha Hasta: 24/07/2026
[ACTUALIZAR PAGOS · AUTO] Descargando Excel...
[ACTUALIZAR PAGOS · AUTO] Descargando Excel...
⏳ [Automático] Tocaba disparar 'pagos' pero ya hay una ejecución en curso (Actualizar pagos); esperando a que termine; se reintenta en breve sin perder el turno.
[ACTUALIZAR PAGOS · AUTO] Archivo descargado en: backend/descargas/cache_actas_cruce/MULTAS_JUZGADO_CRUCE.xlsx
[ACTUALIZAR PAGOS · AUTO] ⏱ [actas_juzgado] completado en 19.1s
[ACTUALIZAR PAGOS · AUTO] ✅ TXT de pagos descargado en: backend/descargas/pagos/2026-07-24/PAGOS DESCARGADOS.txt
[ACTUALIZAR PAGOS · AUTO] ⏱ [pagos_txt] completado en 20.3s
[ACTUALIZAR PAGOS · AUTO] Archivo descargado en: backend/descargas/cache_actas_cruce/MULTAS_SIGEMI_CRUCE.xlsx
[ACTUALIZAR PAGOS · AUTO] ⏱ [actas_sigemi] completado en 36.5s
[ACTUALIZAR PAGOS · AUTO] ⏱ TOTAL descargas en paralelo: 36.5s
[ACTUALIZAR PAGOS · AUTO] ✅ DescargasParalelasPaso finalizado. (⏱ 37.9s)
[ACTUALIZAR PAGOS · AUTO] ✓ [DescargasParalelasPaso] Completado.
[ACTUALIZAR PAGOS · AUTO] ▶ [CompararActasPaso] Iniciando...
[ACTUALIZAR PAGOS · AUTO] ==================================================
[ACTUALIZAR PAGOS · AUTO] 🚀 PASO: CompararActasPaso
[ACTUALIZAR PAGOS · AUTO] ==================================================
[ACTUALIZAR PAGOS · AUTO] 🔍 Comparando actas del SEMyT contra pagos del Juzgado...
[ACTUALIZAR PAGOS · AUTO] ================================================================================
[ACTUALIZAR PAGOS · AUTO] INICIANDO PROCESO DE GENERACIÓN DE PAGOS DESACTUALIZADOS
[ACTUALIZAR PAGOS · AUTO] ================================================================================
[ACTUALIZAR PAGOS · AUTO] 📂 Cargando archivos...
[ACTUALIZAR PAGOS · AUTO]   ✓ Pagos: 17140 registros
[ACTUALIZAR PAGOS · AUTO]   ✓ Excel SIGEMI (multas vencidas viejas): 103458 registros
[ACTUALIZAR PAGOS · AUTO]   ✓ Excel Juzgado (multas vencidas nuevas): 39968 registros
[ACTUALIZAR PAGOS · AUTO] ================================================================================
[ACTUALIZAR PAGOS · AUTO] PASO 1: LLENANDO ACTA_NUMERO (búsqueda por patente + fecha, con desempate por hora)
[ACTUALIZAR PAGOS · AUTO] ================================================================================
[ACTUALIZAR PAGOS · AUTO] 📊 ESTADÍSTICAS DE LLENADO DE ACTAS:
[ACTUALIZAR PAGOS · AUTO]   • Pagos con acta ORIGINAL: 3035
[ACTUALIZAR PAGOS · AUTO]   • Pagos SIN acta (buscados): 14105
[ACTUALIZAR PAGOS · AUTO]   • Pagos LLENADOS exitosamente: 0
[ACTUALIZAR PAGOS · AUTO]   • Pagos NO encontrados en multas: 14105
[ACTUALIZAR PAGOS · AUTO]   • Pagos SIN RESOLVER por desbalance de cantidades: 0
[ACTUALIZAR PAGOS · AUTO] ================================================================================
[ACTUALIZAR PAGOS · AUTO] PASO 1: LLENANDO ACTA_NUMERO (búsqueda por patente + fecha, con desempate por hora)
[ACTUALIZAR PAGOS · AUTO] ================================================================================
[ACTUALIZAR PAGOS · AUTO] 📊 ESTADÍSTICAS DE LLENADO DE ACTAS:
[ACTUALIZAR PAGOS · AUTO]   • Pagos con acta ORIGINAL: 3035
[ACTUALIZAR PAGOS · AUTO]   • Pagos SIN acta (buscados): 14105
[ACTUALIZAR PAGOS · AUTO]   • Pagos LLENADOS exitosamente: 0
[ACTUALIZAR PAGOS · AUTO]   • Pagos NO encontrados en multas: 14105
[ACTUALIZAR PAGOS · AUTO]   • Pagos SIN RESOLVER por desbalance de cantidades: 0
[ACTUALIZAR PAGOS · AUTO] ⏱ PASO 1 (llenar actas): 14.6s
[ACTUALIZAR PAGOS · AUTO] ================================================================================
[ACTUALIZAR PAGOS · AUTO] PASO 2: FILTRANDO PAGOS CON ACTA_NUMERO COMPLETO
[ACTUALIZAR PAGOS · AUTO] ================================================================================
[ACTUALIZAR PAGOS · AUTO] 📊 ESTADÍSTICAS DE FILTRADO:
[ACTUALIZAR PAGOS · AUTO]   • Pagos TOTALES al inicio: 17140
[ACTUALIZAR PAGOS · AUTO]   • Pagos CON acta (MANTIENEN): 3035
[ACTUALIZAR PAGOS · AUTO]   • Pagos RECHAZADOS (sin coincidencias): 14105
[ACTUALIZAR PAGOS · AUTO] ⚠️  Se eliminaron 14105 registros sin número de acta
[ACTUALIZAR PAGOS · AUTO]      (recordá: esto incluye tanto pagos ya actualizados/pagados
[ACTUALIZAR PAGOS · AUTO]       como pagos que quedaron sin resolver por desbalance en el Paso 1)
[ACTUALIZAR PAGOS · AUTO] ================================================================================
[ACTUALIZAR PAGOS · AUTO] PASO 2-bis: CONFIRMANDO VIGENCIA DE PAGOS DEL SISTEMA NUEVO (contra MULTAS_JUZGADO_CRUCE)
[ACTUALIZAR PAGOS · AUTO] ================================================================================
[ACTUALIZAR PAGOS · AUTO]   ⚠ 3031 pago(s) del sistema nuevo descartados: su acta ya no figura como vencida en MULTAS_JUZGADO_CRUCE (SEMyT ya los actualizó).
[ACTUALIZAR PAGOS · AUTO]   • Pagos del sistema nuevo descartados por ya estar actualizados: 3031
[ACTUALIZAR PAGOS · AUTO] ⏱ PASO 2 (filtrar): 1.0s
[ACTUALIZAR PAGOS · AUTO] 📂 Cargando maestro de causas SIGEMI...
[ACTUALIZAR PAGOS · AUTO]   ✓ Causas totales (maestro): 134069 registros
[ACTUALIZAR PAGOS · AUTO] ⏱ PASO 2.5 (causas simplificado): 0.1s
[ACTUALIZAR PAGOS · AUTO] ================================================================================
[ACTUALIZAR PAGOS · AUTO] PASO 2.5: ARMANDO causas.txt SIMPLIFICADO (cruce contra total_causas_sigemi.txt)
[ACTUALIZAR PAGOS · AUTO] ================================================================================
[ACTUALIZAR PAGOS · AUTO]   • Actas vencidas viejas (multas): 103458
[ACTUALIZAR PAGOS · AUTO]   • Causas totales en el maestro SIGEMI: 134069
[ACTUALIZAR PAGOS · AUTO]   • Causas que coinciden (simplificado): 103130
[ACTUALIZAR PAGOS · AUTO]   ✅ Archivo escrito: backend/descargas/causas/causas.txt
[ACTUALIZAR PAGOS · AUTO] ⏱ PASO 2.5 (causas simplificado): 2.3s
[ACTUALIZAR PAGOS · AUTO] ================================================================================
[ACTUALIZAR PAGOS · AUTO] PASO 3: LLENANDO CAUSA_NUMERO (según fecha de cambio de sistema, cruzando por acta + año)
[ACTUALIZAR PAGOS · AUTO] ================================================================================
[ACTUALIZAR PAGOS · AUTO] 📊 ESTADÍSTICAS DE LLENADO DE CAUSAS:
[ACTUALIZAR PAGOS · AUTO]   • Pagos con causa ORIGINAL: 4
[ACTUALIZAR PAGOS · AUTO]   • Causas encontradas en SIGEMI (actas viejas): 0
[ACTUALIZAR PAGOS · AUTO]   • Causas NO encontradas en SIGEMI: 0
[ACTUALIZAR PAGOS · AUTO]   • Causas asignadas automáticamente (actas nuevas): 0
[ACTUALIZAR PAGOS · AUTO] ⏱ PASO 3 (llenar causas): 0.0s
[ACTUALIZAR PAGOS · AUTO] ================================================================================
[ACTUALIZAR PAGOS · AUTO] PASO 4: ORDENANDO POR FECHA Y ACTA_NUMERO
[ACTUALIZAR PAGOS · AUTO] ================================================================================
[ACTUALIZAR PAGOS · AUTO] ✓ Pagos ordenados correctamente
[ACTUALIZAR PAGOS · AUTO]   • Primera entrada: Acta=351213, Fecha=18/11/2025
[ACTUALIZAR PAGOS · AUTO]   • Última entrada: Acta=279340, Fecha=13/03/2026
[ACTUALIZAR PAGOS · AUTO] 📝 Escribiendo archivo de salida...
[ACTUALIZAR PAGOS · AUTO]   ✅ Archivo escrito: backend/descargas/pagos/2026-07-24/PAGOS 20260724 145514.txt
[ACTUALIZAR PAGOS · AUTO]   ✅ Total registros: 580
[ACTUALIZAR PAGOS · AUTO] ⏱ PASO 4 (ordenar y escribir): 0.0s
[ACTUALIZAR PAGOS · AUTO] ================================================================================
[ACTUALIZAR PAGOS · AUTO] ✅ PROCESO COMPLETADO EXITOSAMENTE
[ACTUALIZAR PAGOS · AUTO] ================================================================================
[ACTUALIZAR PAGOS · AUTO] 📊 RESUMEN FINAL DEL PROCESAMIENTO:
[ACTUALIZAR PAGOS · AUTO]   ENTRADA:
[ACTUALIZAR PAGOS · AUTO]     • Pagos originales: 17140
[ACTUALIZAR PAGOS · AUTO]     • Multas SIGEMI cargadas: 103458
[ACTUALIZAR PAGOS · AUTO]     • Multas Juzgado cargadas: 39968
[ACTUALIZAR PAGOS · AUTO]     • Causas simplificadas (usadas para el cruce): 103130
[ACTUALIZAR PAGOS · AUTO]   PROCESO:
[ACTUALIZAR PAGOS · AUTO]     • Pagos rechazados sigemi: 14105
[ACTUALIZAR PAGOS · AUTO]     • Pagos rechazados juzgado: 3031
[ACTUALIZAR PAGOS · AUTO]   SALIDA:
[ACTUALIZAR PAGOS · AUTO]     • Pagos desactualizados procesados: 4
[ACTUALIZAR PAGOS · AUTO]     • Archivo final: backend/descargas/pagos/2026-07-24/PAGOS 20260724 145514.txt
[ACTUALIZAR PAGOS · AUTO]     • Ordenados por fecha: SÍ ✓
[ACTUALIZAR PAGOS · AUTO]     • Todos con ACTA_NUMERO: SÍ ✓
[ACTUALIZAR PAGOS · AUTO]     • Todos con CAUSA_NUMERO: SÍ ✓
[ACTUALIZAR PAGOS · AUTO] ✅ TXT de pagos (ya cruzado con actas y causas) generado en: backend/descargas/pagos/2026-07-24/PAGOS 20260724 145514.txt
[ACTUALIZAR PAGOS · AUTO] 🧹 TXT de pagos crudo eliminado (ya usado en el cruce): backend/descargas/pagos/2026-07-24/PAGOS DESCARGADOS.txt
[ACTUALIZAR PAGOS · AUTO] 🧹 Excel MULTAS_SIGEMI_CRUCE eliminado (ya usado en el cruce): backend/descargas/cache_actas_cruce/MULTAS_SIGEMI_CRUCE.xlsx
[ACTUALIZAR PAGOS · AUTO] 🧹 Excel MULTAS_JUZGADO_CRUCE eliminado (ya usado en el cruce): backend/descargas/cache_actas_cruce/MULTAS_JUZGADO_CRUCE.xlsx
[ACTUALIZAR PAGOS · AUTO] ✅ CompararActasPaso finalizado. (⏱ 40.1s)
[ACTUALIZAR PAGOS · AUTO] ✓ [CompararActasPaso] Completado.
[ACTUALIZAR PAGOS · AUTO] ▶ [CargarPagosPaso] Iniciando...
[ACTUALIZAR PAGOS · AUTO] ==================================================
[ACTUALIZAR PAGOS · AUTO] 🚀 PASO: CargarPagosPaso
[ACTUALIZAR PAGOS · AUTO] ==================================================
[ACTUALIZAR PAGOS · AUTO] 📤 Subiendo TXT de pagos al SEMyT...
[ACTUALIZAR PAGOS · AUTO] ✅ Importación de pagos completada con éxito.
[ACTUALIZAR PAGOS · AUTO] ✅ Archivo TXT de pagos cargado en el SEMyT correctamente.
[ACTUALIZAR PAGOS · AUTO] ✅ CargarPagosPaso finalizado. (⏱ 2.3s)
[ACTUALIZAR PAGOS · AUTO] ✓ [CargarPagosPaso] Completado.
[ACTUALIZAR PAGOS · AUTO] === Ejecución finalizada con éxito ===
🤖 [Automático] Es hora de actualizar pagos. Arrancando...
[ACTUALIZAR PAGOS · AUTO] === Inicio de ejecución: pagos ===
[ACTUALIZAR PAGOS · AUTO] ▶ [LoginSemytPaso] Iniciando...
[ACTUALIZAR PAGOS · AUTO] ==================================================
[ACTUALIZAR PAGOS · AUTO] 🚀 PASO: LoginSemytPaso
[ACTUALIZAR PAGOS · AUTO] ==================================================
[ACTUALIZAR PAGOS · AUTO] Abriendo SEMyT...
[ACTUALIZAR PAGOS · AUTO] ✅ [SEMyT] Sesión existente detectada. Login omitido.
[ACTUALIZAR PAGOS · AUTO] ✅ LoginSemytPaso finalizado. (⏱ 3.7s)
[ACTUALIZAR PAGOS · AUTO] ✓ [LoginSemytPaso] Completado.
[ACTUALIZAR PAGOS · AUTO] ▶ [LoginJuzgadoPaso] Iniciando...
[ACTUALIZAR PAGOS · AUTO] ==================================================
[ACTUALIZAR PAGOS · AUTO] 🚀 PASO: LoginJuzgadoPaso
[ACTUALIZAR PAGOS · AUTO] ==================================================
[ACTUALIZAR PAGOS · AUTO] Abriendo sitio municipalidad (CiDi)...
[ACTUALIZAR PAGOS · AUTO] ✅ [Juzgado] Sesión existente detectada. Login omitido.
[ACTUALIZAR PAGOS · AUTO] ✅ LoginJuzgadoPaso finalizado. (⏱ 2.1s)
[ACTUALIZAR PAGOS · AUTO] ✓ [LoginJuzgadoPaso] Completado.
[ACTUALIZAR PAGOS · AUTO] ▶ [DescargasParalelasPaso] Iniciando...
[ACTUALIZAR PAGOS · AUTO] ==================================================
[ACTUALIZAR PAGOS · AUTO] 🚀 PASO: DescargasParalelasPaso
[ACTUALIZAR PAGOS · AUTO] ==================================================
[ACTUALIZAR PAGOS · AUTO] 📤 Arrancando las 3 descargas en paralelo (mismo browser, páginas separadas)...
[ACTUALIZAR PAGOS · AUTO] Fecha Desde: 27/06/2024
[ACTUALIZAR PAGOS · AUTO] Fecha Hasta: 24/11/2025
[ACTUALIZAR PAGOS · AUTO] Fecha Desde: 25/11/2025
[ACTUALIZAR PAGOS · AUTO] Fecha Hasta: 24/07/2026
[ACTUALIZAR PAGOS · AUTO] Descargando Excel...
[ACTUALIZAR PAGOS · AUTO] Descargando Excel...
⏳ [Automático] Tocaba disparar 'pagos' pero ya hay una ejecución en curso (Actualizar pagos); esperando a que termine; se reintenta en breve sin perder el turno.
[ACTUALIZAR PAGOS · AUTO] Archivo descargado en: backend/descargas/cache_actas_cruce/MULTAS_JUZGADO_CRUCE.xlsx
[ACTUALIZAR PAGOS · AUTO] ⏱ [actas_juzgado] completado en 18.4s
[ACTUALIZAR PAGOS · AUTO] Archivo descargado en: backend/descargas/cache_actas_cruce/MULTAS_SIGEMI_CRUCE.xlsx
[ACTUALIZAR PAGOS · AUTO] ⏱ [actas_sigemi] completado en 36.4s
[ACTUALIZAR PAGOS · AUTO] ✅ TXT de pagos descargado en: backend/descargas/pagos/2026-07-24/PAGOS DESCARGADOS.txt
[ACTUALIZAR PAGOS · AUTO] ⏱ [pagos_txt] completado en 36.5s
[ACTUALIZAR PAGOS · AUTO] ⏱ TOTAL descargas en paralelo: 36.5s
[ACTUALIZAR PAGOS · AUTO] ✅ DescargasParalelasPaso finalizado. (⏱ 37.8s)
[ACTUALIZAR PAGOS · AUTO] ✓ [DescargasParalelasPaso] Completado.
[ACTUALIZAR PAGOS · AUTO] ▶ [CompararActasPaso] Iniciando...
[ACTUALIZAR PAGOS · AUTO] ==================================================
[ACTUALIZAR PAGOS · AUTO] 🚀 PASO: CompararActasPaso
[ACTUALIZAR PAGOS · AUTO] ==================================================
[ACTUALIZAR PAGOS · AUTO] 🔍 Comparando actas del SEMyT contra pagos del Juzgado...
[ACTUALIZAR PAGOS · AUTO] ================================================================================
[ACTUALIZAR PAGOS · AUTO] INICIANDO PROCESO DE GENERACIÓN DE PAGOS DESACTUALIZADOS
[ACTUALIZAR PAGOS · AUTO] ================================================================================
[ACTUALIZAR PAGOS · AUTO] 📂 Cargando archivos...
[ACTUALIZAR PAGOS · AUTO]   ✓ Pagos: 17146 registros
[ACTUALIZAR PAGOS · AUTO]   ✓ Excel SIGEMI (multas vencidas viejas): 103458 registros
[ACTUALIZAR PAGOS · AUTO]   ✓ Excel Juzgado (multas vencidas nuevas): 39965 registros
[ACTUALIZAR PAGOS · AUTO] ================================================================================
[ACTUALIZAR PAGOS · AUTO] PASO 1: LLENANDO ACTA_NUMERO (búsqueda por patente + fecha, con desempate por hora)
[ACTUALIZAR PAGOS · AUTO] ================================================================================
[ACTUALIZAR PAGOS · AUTO] 📊 ESTADÍSTICAS DE LLENADO DE ACTAS:
[ACTUALIZAR PAGOS · AUTO]   • Pagos con acta ORIGINAL: 3038
[ACTUALIZAR PAGOS · AUTO]   • Pagos SIN acta (buscados): 14108
[ACTUALIZAR PAGOS · AUTO]   • Pagos LLENADOS exitosamente: 3
[ACTUALIZAR PAGOS · AUTO]   • Pagos NO encontrados en multas: 14105
[ACTUALIZAR PAGOS · AUTO]   • Pagos SIN RESOLVER por desbalance de cantidades: 0
[ACTUALIZAR PAGOS · AUTO] ================================================================================
[ACTUALIZAR PAGOS · AUTO] PASO 1: LLENANDO ACTA_NUMERO (búsqueda por patente + fecha, con desempate por hora)
[ACTUALIZAR PAGOS · AUTO] ================================================================================
[ACTUALIZAR PAGOS · AUTO] 📊 ESTADÍSTICAS DE LLENADO DE ACTAS:
[ACTUALIZAR PAGOS · AUTO]   • Pagos con acta ORIGINAL: 3041
[ACTUALIZAR PAGOS · AUTO]   • Pagos SIN acta (buscados): 14105
[ACTUALIZAR PAGOS · AUTO]   • Pagos LLENADOS exitosamente: 0
[ACTUALIZAR PAGOS · AUTO]   • Pagos NO encontrados en multas: 14105
[ACTUALIZAR PAGOS · AUTO]   • Pagos SIN RESOLVER por desbalance de cantidades: 0
[ACTUALIZAR PAGOS · AUTO] ⏱ PASO 1 (llenar actas): 14.7s
[ACTUALIZAR PAGOS · AUTO] ================================================================================
[ACTUALIZAR PAGOS · AUTO] PASO 2: FILTRANDO PAGOS CON ACTA_NUMERO COMPLETO
[ACTUALIZAR PAGOS · AUTO] ================================================================================
[ACTUALIZAR PAGOS · AUTO] 📊 ESTADÍSTICAS DE FILTRADO:
[ACTUALIZAR PAGOS · AUTO]   • Pagos TOTALES al inicio: 17146
[ACTUALIZAR PAGOS · AUTO]   • Pagos CON acta (MANTIENEN): 3041
[ACTUALIZAR PAGOS · AUTO]   • Pagos RECHAZADOS (sin coincidencias): 14105
[ACTUALIZAR PAGOS · AUTO] ⚠️  Se eliminaron 14105 registros sin número de acta
[ACTUALIZAR PAGOS · AUTO]      (recordá: esto incluye tanto pagos ya actualizados/pagados
[ACTUALIZAR PAGOS · AUTO]       como pagos que quedaron sin resolver por desbalance en el Paso 1)
[ACTUALIZAR PAGOS · AUTO] ================================================================================
[ACTUALIZAR PAGOS · AUTO] PASO 2-bis: CONFIRMANDO VIGENCIA DE PAGOS DEL SISTEMA NUEVO (contra MULTAS_JUZGADO_CRUCE)
[ACTUALIZAR PAGOS · AUTO] ================================================================================
[ACTUALIZAR PAGOS · AUTO]   ⚠ 3034 pago(s) del sistema nuevo descartados: su acta ya no figura como vencida en MULTAS_JUZGADO_CRUCE (SEMyT ya los actualizó).
[ACTUALIZAR PAGOS · AUTO]   • Pagos del sistema nuevo descartados por ya estar actualizados: 3034
[ACTUALIZAR PAGOS · AUTO] ⏱ PASO 2 (filtrar): 1.0s
[ACTUALIZAR PAGOS · AUTO] 📂 Cargando maestro de causas SIGEMI...
[ACTUALIZAR PAGOS · AUTO]   ✓ Causas totales (maestro): 134069 registros
[ACTUALIZAR PAGOS · AUTO] ⏱ PASO 2.5 (causas simplificado): 0.1s
[ACTUALIZAR PAGOS · AUTO] ================================================================================
[ACTUALIZAR PAGOS · AUTO] PASO 2.5: ARMANDO causas.txt SIMPLIFICADO (cruce contra total_causas_sigemi.txt)
[ACTUALIZAR PAGOS · AUTO] ================================================================================
[ACTUALIZAR PAGOS · AUTO]   • Actas vencidas viejas (multas): 103458
[ACTUALIZAR PAGOS · AUTO]   • Causas totales en el maestro SIGEMI: 134069
[ACTUALIZAR PAGOS · AUTO]   • Causas que coinciden (simplificado): 103130
[ACTUALIZAR PAGOS · AUTO]   ✅ Archivo escrito: backend/descargas/causas/causas.txt
[ACTUALIZAR PAGOS · AUTO] ⏱ PASO 2.5 (causas simplificado): 2.4s
[ACTUALIZAR PAGOS · AUTO] ================================================================================
[ACTUALIZAR PAGOS · AUTO] PASO 3: LLENANDO CAUSA_NUMERO (según fecha de cambio de sistema, cruzando por acta + año)
[ACTUALIZAR PAGOS · AUTO] ================================================================================
[ACTUALIZAR PAGOS · AUTO] 📊 ESTADÍSTICAS DE LLENADO DE CAUSAS:
[ACTUALIZAR PAGOS · AUTO]   • Pagos con causa ORIGINAL: 4
[ACTUALIZAR PAGOS · AUTO]   • Causas encontradas en SIGEMI (actas viejas): 3
[ACTUALIZAR PAGOS · AUTO]   • Causas NO encontradas en SIGEMI: 0
[ACTUALIZAR PAGOS · AUTO]   • Causas asignadas automáticamente (actas nuevas): 0
[ACTUALIZAR PAGOS · AUTO] ⏱ PASO 3 (llenar causas): 0.0s
[ACTUALIZAR PAGOS · AUTO] ================================================================================
[ACTUALIZAR PAGOS · AUTO] PASO 4: ORDENANDO POR FECHA Y ACTA_NUMERO
[ACTUALIZAR PAGOS · AUTO] ================================================================================
[ACTUALIZAR PAGOS · AUTO] ✓ Pagos ordenados correctamente
[ACTUALIZAR PAGOS · AUTO]   • Primera entrada: Acta=121771, Fecha=12/03/2025
[ACTUALIZAR PAGOS · AUTO]   • Última entrada: Acta=278429, Fecha=11/03/2026
[ACTUALIZAR PAGOS · AUTO] 📝 Escribiendo archivo de salida...
[ACTUALIZAR PAGOS · AUTO]   ✅ Archivo escrito: backend/descargas/pagos/2026-07-24/PAGOS 20260724 150649.txt
[ACTUALIZAR PAGOS · AUTO]   ✅ Total registros: 858
[ACTUALIZAR PAGOS · AUTO] ⏱ PASO 4 (ordenar y escribir): 0.0s
[ACTUALIZAR PAGOS · AUTO] ================================================================================
[ACTUALIZAR PAGOS · AUTO] ✅ PROCESO COMPLETADO EXITOSAMENTE
[ACTUALIZAR PAGOS · AUTO] ================================================================================
[ACTUALIZAR PAGOS · AUTO] 📊 RESUMEN FINAL DEL PROCESAMIENTO:
[ACTUALIZAR PAGOS · AUTO]   ENTRADA:
[ACTUALIZAR PAGOS · AUTO]     • Pagos originales: 17146
[ACTUALIZAR PAGOS · AUTO]     • Multas SIGEMI cargadas: 103458
[ACTUALIZAR PAGOS · AUTO]     • Multas Juzgado cargadas: 39965
[ACTUALIZAR PAGOS · AUTO]     • Causas simplificadas (usadas para el cruce): 103130
[ACTUALIZAR PAGOS · AUTO]   PROCESO:
[ACTUALIZAR PAGOS · AUTO]     • Pagos rechazados sigemi: 14105
[ACTUALIZAR PAGOS · AUTO]     • Pagos rechazados juzgado: 3034
[ACTUALIZAR PAGOS · AUTO]   SALIDA:
[ACTUALIZAR PAGOS · AUTO]     • Pagos desactualizados procesados: 7
[ACTUALIZAR PAGOS · AUTO]     • Archivo final: backend/descargas/pagos/2026-07-24/PAGOS 20260724 150649.txt
[ACTUALIZAR PAGOS · AUTO]     • Ordenados por fecha: SÍ ✓
[ACTUALIZAR PAGOS · AUTO]     • Todos con ACTA_NUMERO: SÍ ✓
[ACTUALIZAR PAGOS · AUTO]     • Todos con CAUSA_NUMERO: SÍ ✓
[ACTUALIZAR PAGOS · AUTO] ✅ TXT de pagos (ya cruzado con actas y causas) generado en: backend/descargas/pagos/2026-07-24/PAGOS 20260724 150649.txt
[ACTUALIZAR PAGOS · AUTO] 🧹 TXT de pagos crudo eliminado (ya usado en el cruce): backend/descargas/pagos/2026-07-24/PAGOS DESCARGADOS.txt
[ACTUALIZAR PAGOS · AUTO] 🧹 Excel MULTAS_SIGEMI_CRUCE eliminado (ya usado en el cruce): backend/descargas/cache_actas_cruce/MULTAS_SIGEMI_CRUCE.xlsx
[ACTUALIZAR PAGOS · AUTO] 🧹 Excel MULTAS_JUZGADO_CRUCE eliminado (ya usado en el cruce): backend/descargas/cache_actas_cruce/MULTAS_JUZGADO_CRUCE.xlsx
[ACTUALIZAR PAGOS · AUTO] ✅ CompararActasPaso finalizado. (⏱ 41.2s)
[ACTUALIZAR PAGOS · AUTO] ✓ [CompararActasPaso] Completado.
[ACTUALIZAR PAGOS · AUTO] ▶ [CargarPagosPaso] Iniciando...
[ACTUALIZAR PAGOS · AUTO] ==================================================
[ACTUALIZAR PAGOS · AUTO] 🚀 PASO: CargarPagosPaso
[ACTUALIZAR PAGOS · AUTO] ==================================================
[ACTUALIZAR PAGOS · AUTO] 📤 Subiendo TXT de pagos al SEMyT...
[ACTUALIZAR PAGOS · AUTO] ✅ Importación de pagos completada con éxito.
[ACTUALIZAR PAGOS · AUTO] ✅ Archivo TXT de pagos cargado en el SEMyT correctamente.
[ACTUALIZAR PAGOS · AUTO] ✅ CargarPagosPaso finalizado. (⏱ 3.2s)
[ACTUALIZAR PAGOS · AUTO] ✓ [CargarPagosPaso] Completado.
[ACTUALIZAR PAGOS · AUTO] === Ejecución finalizada con éxito ===
🤖 [Automático] Es hora de actualizar pagos. Arrancando...
[ACTUALIZAR PAGOS · AUTO] === Inicio de ejecución: pagos ===
[ACTUALIZAR PAGOS · AUTO] ▶ [LoginSemytPaso] Iniciando...
[ACTUALIZAR PAGOS · AUTO] ==================================================
[ACTUALIZAR PAGOS · AUTO] 🚀 PASO: LoginSemytPaso
[ACTUALIZAR PAGOS · AUTO] ==================================================
[ACTUALIZAR PAGOS · AUTO] Abriendo SEMyT...
[ACTUALIZAR PAGOS · AUTO] ✅ [SEMyT] Sesión existente detectada. Login omitido.
[ACTUALIZAR PAGOS · AUTO] ✅ LoginSemytPaso finalizado. (⏱ 3.8s)
[ACTUALIZAR PAGOS · AUTO] ✓ [LoginSemytPaso] Completado.
[ACTUALIZAR PAGOS · AUTO] ▶ [LoginJuzgadoPaso] Iniciando...
[ACTUALIZAR PAGOS · AUTO] ==================================================
[ACTUALIZAR PAGOS · AUTO] 🚀 PASO: LoginJuzgadoPaso
[ACTUALIZAR PAGOS · AUTO] ==================================================
[ACTUALIZAR PAGOS · AUTO] Abriendo sitio municipalidad (CiDi)...
[ACTUALIZAR PAGOS · AUTO] ✅ [Juzgado] Sesión existente detectada. Login omitido.
[ACTUALIZAR PAGOS · AUTO] ✅ LoginJuzgadoPaso finalizado. (⏱ 1.1s)
[ACTUALIZAR PAGOS · AUTO] ✓ [LoginJuzgadoPaso] Completado.
[ACTUALIZAR PAGOS · AUTO] ▶ [DescargasParalelasPaso] Iniciando...
[ACTUALIZAR PAGOS · AUTO] ==================================================
[ACTUALIZAR PAGOS · AUTO] 🚀 PASO: DescargasParalelasPaso
[ACTUALIZAR PAGOS · AUTO] ==================================================
[ACTUALIZAR PAGOS · AUTO] 📤 Arrancando las 3 descargas en paralelo (mismo browser, páginas separadas)...
[ACTUALIZAR PAGOS · AUTO] Fecha Desde: 27/06/2024
[ACTUALIZAR PAGOS · AUTO] Fecha Hasta: 24/11/2025
[ACTUALIZAR PAGOS · AUTO] Fecha Desde: 25/11/2025
[ACTUALIZAR PAGOS · AUTO] Fecha Hasta: 24/07/2026
[ACTUALIZAR PAGOS · AUTO] Descargando Excel...
[ACTUALIZAR PAGOS · AUTO] Descargando Excel...
⏳ [Automático] Tocaba disparar 'pagos' pero ya hay una ejecución en curso (Actualizar pagos); esperando a que termine; se reintenta en breve sin perder el turno.
[ACTUALIZAR PAGOS · AUTO] Archivo descargado en: backend/descargas/cache_actas_cruce/MULTAS_JUZGADO_CRUCE.xlsx
[ACTUALIZAR PAGOS · AUTO] ⏱ [actas_juzgado] completado en 18.4s
[ACTUALIZAR PAGOS · AUTO] Archivo descargado en: backend/descargas/cache_actas_cruce/MULTAS_SIGEMI_CRUCE.xlsx
[ACTUALIZAR PAGOS · AUTO] ⏱ [actas_sigemi] completado en 39.6s
[ACTUALIZAR PAGOS · AUTO] ✅ TXT de pagos descargado en: backend/descargas/pagos/2026-07-24/PAGOS DESCARGADOS.txt
[ACTUALIZAR PAGOS · AUTO] ⏱ [pagos_txt] completado en 39.8s
[ACTUALIZAR PAGOS · AUTO] ⏱ TOTAL descargas en paralelo: 39.8s
[ACTUALIZAR PAGOS · AUTO] ✅ DescargasParalelasPaso finalizado. (⏱ 41.9s)
[ACTUALIZAR PAGOS · AUTO] ✓ [DescargasParalelasPaso] Completado.
[ACTUALIZAR PAGOS · AUTO] ▶ [CompararActasPaso] Iniciando...
[ACTUALIZAR PAGOS · AUTO] ==================================================
[ACTUALIZAR PAGOS · AUTO] 🚀 PASO: CompararActasPaso
[ACTUALIZAR PAGOS · AUTO] ==================================================
[ACTUALIZAR PAGOS · AUTO] 🔍 Comparando actas del SEMyT contra pagos del Juzgado...
[ACTUALIZAR PAGOS · AUTO] ================================================================================
[ACTUALIZAR PAGOS · AUTO] INICIANDO PROCESO DE GENERACIÓN DE PAGOS DESACTUALIZADOS
[ACTUALIZAR PAGOS · AUTO] ================================================================================
[ACTUALIZAR PAGOS · AUTO] 📂 Cargando archivos...
[ACTUALIZAR PAGOS · AUTO]   ✓ Pagos: 17151 registros
[ACTUALIZAR PAGOS · AUTO]   ✓ Excel SIGEMI (multas vencidas viejas): 103455 registros
[ACTUALIZAR PAGOS · AUTO]   ✓ Excel Juzgado (multas vencidas nuevas): 39962 registros
[ACTUALIZAR PAGOS · AUTO] ================================================================================
[ACTUALIZAR PAGOS · AUTO] PASO 1: LLENANDO ACTA_NUMERO (búsqueda por patente + fecha, con desempate por hora)
[ACTUALIZAR PAGOS · AUTO] ================================================================================
[ACTUALIZAR PAGOS · AUTO] 📊 ESTADÍSTICAS DE LLENADO DE ACTAS:
[ACTUALIZAR PAGOS · AUTO]   • Pagos con acta ORIGINAL: 3042
[ACTUALIZAR PAGOS · AUTO]   • Pagos SIN acta (buscados): 14109
[ACTUALIZAR PAGOS · AUTO]   • Pagos LLENADOS exitosamente: 1
[ACTUALIZAR PAGOS · AUTO]   • Pagos NO encontrados en multas: 14108
[ACTUALIZAR PAGOS · AUTO]   • Pagos SIN RESOLVER por desbalance de cantidades: 0
[ACTUALIZAR PAGOS · AUTO] ================================================================================
[ACTUALIZAR PAGOS · AUTO] PASO 1: LLENANDO ACTA_NUMERO (búsqueda por patente + fecha, con desempate por hora)
[ACTUALIZAR PAGOS · AUTO] ================================================================================
[ACTUALIZAR PAGOS · AUTO] 📊 ESTADÍSTICAS DE LLENADO DE ACTAS:
[ACTUALIZAR PAGOS · AUTO]   • Pagos con acta ORIGINAL: 3043
[ACTUALIZAR PAGOS · AUTO]   • Pagos SIN acta (buscados): 14108
[ACTUALIZAR PAGOS · AUTO]   • Pagos LLENADOS exitosamente: 0
[ACTUALIZAR PAGOS · AUTO]   • Pagos NO encontrados en multas: 14108
[ACTUALIZAR PAGOS · AUTO]   • Pagos SIN RESOLVER por desbalance de cantidades: 0
[ACTUALIZAR PAGOS · AUTO] ⏱ PASO 1 (llenar actas): 17.4s
[ACTUALIZAR PAGOS · AUTO] ================================================================================
[ACTUALIZAR PAGOS · AUTO] PASO 2: FILTRANDO PAGOS CON ACTA_NUMERO COMPLETO
[ACTUALIZAR PAGOS · AUTO] ================================================================================
[ACTUALIZAR PAGOS · AUTO] 📊 ESTADÍSTICAS DE FILTRADO:
[ACTUALIZAR PAGOS · AUTO]   • Pagos TOTALES al inicio: 17151
[ACTUALIZAR PAGOS · AUTO]   • Pagos CON acta (MANTIENEN): 3043
[ACTUALIZAR PAGOS · AUTO]   • Pagos RECHAZADOS (sin coincidencias): 14108
[ACTUALIZAR PAGOS · AUTO] ⚠️  Se eliminaron 14108 registros sin número de acta
[ACTUALIZAR PAGOS · AUTO]      (recordá: esto incluye tanto pagos ya actualizados/pagados
[ACTUALIZAR PAGOS · AUTO]       como pagos que quedaron sin resolver por desbalance en el Paso 1)
[ACTUALIZAR PAGOS · AUTO] ================================================================================
[ACTUALIZAR PAGOS · AUTO] PASO 2-bis: CONFIRMANDO VIGENCIA DE PAGOS DEL SISTEMA NUEVO (contra MULTAS_JUZGADO_CRUCE)
[ACTUALIZAR PAGOS · AUTO] ================================================================================
[ACTUALIZAR PAGOS · AUTO]   ⚠ 3037 pago(s) del sistema nuevo descartados: su acta ya no figura como vencida en MULTAS_JUZGADO_CRUCE (SEMyT ya los actualizó).
[ACTUALIZAR PAGOS · AUTO]   • Pagos del sistema nuevo descartados por ya estar actualizados: 3037
[ACTUALIZAR PAGOS · AUTO] ⏱ PASO 2 (filtrar): 1.1s
[ACTUALIZAR PAGOS · AUTO] 📂 Cargando maestro de causas SIGEMI...
[ACTUALIZAR PAGOS · AUTO]   ✓ Causas totales (maestro): 134069 registros
[ACTUALIZAR PAGOS · AUTO] ⏱ PASO 2.5 (causas simplificado): 0.2s
[ACTUALIZAR PAGOS · AUTO] ================================================================================
[ACTUALIZAR PAGOS · AUTO] PASO 2.5: ARMANDO causas.txt SIMPLIFICADO (cruce contra total_causas_sigemi.txt)
[ACTUALIZAR PAGOS · AUTO] ================================================================================
[ACTUALIZAR PAGOS · AUTO]   • Actas vencidas viejas (multas): 103455
[ACTUALIZAR PAGOS · AUTO]   • Causas totales en el maestro SIGEMI: 134069
[ACTUALIZAR PAGOS · AUTO]   • Causas que coinciden (simplificado): 103127
[ACTUALIZAR PAGOS · AUTO]   ✅ Archivo escrito: backend/descargas/causas/causas.txt
[ACTUALIZAR PAGOS · AUTO] ⏱ PASO 2.5 (causas simplificado): 2.5s
[ACTUALIZAR PAGOS · AUTO] ================================================================================
[ACTUALIZAR PAGOS · AUTO] PASO 3: LLENANDO CAUSA_NUMERO (según fecha de cambio de sistema, cruzando por acta + año)
[ACTUALIZAR PAGOS · AUTO] ================================================================================
[ACTUALIZAR PAGOS · AUTO] 📊 ESTADÍSTICAS DE LLENADO DE CAUSAS:
[ACTUALIZAR PAGOS · AUTO]   • Pagos con causa ORIGINAL: 5
[ACTUALIZAR PAGOS · AUTO]   • Causas encontradas en SIGEMI (actas viejas): 1
[ACTUALIZAR PAGOS · AUTO]   • Causas NO encontradas en SIGEMI: 0
[ACTUALIZAR PAGOS · AUTO]   • Causas asignadas automáticamente (actas nuevas): 0
[ACTUALIZAR PAGOS · AUTO] ⏱ PASO 3 (llenar causas): 0.0s
[ACTUALIZAR PAGOS · AUTO] ================================================================================
[ACTUALIZAR PAGOS · AUTO] PASO 4: ORDENANDO POR FECHA Y ACTA_NUMERO
[ACTUALIZAR PAGOS · AUTO] ================================================================================
[ACTUALIZAR PAGOS · AUTO] ✓ Pagos ordenados correctamente
[ACTUALIZAR PAGOS · AUTO]   • Primera entrada: Acta=351213, Fecha=18/11/2025
[ACTUALIZAR PAGOS · AUTO]   • Última entrada: Acta=264406, Fecha=10/02/2026
[ACTUALIZAR PAGOS · AUTO] 📝 Escribiendo archivo de salida...
[ACTUALIZAR PAGOS · AUTO]   ✅ Archivo escrito: backend/descargas/pagos/2026-07-24/PAGOS 20260724 151829.txt
[ACTUALIZAR PAGOS · AUTO]   ✅ Total registros: 811
[ACTUALIZAR PAGOS · AUTO] ⏱ PASO 4 (ordenar y escribir): 0.0s
[ACTUALIZAR PAGOS · AUTO] ================================================================================
[ACTUALIZAR PAGOS · AUTO] ✅ PROCESO COMPLETADO EXITOSAMENTE
[ACTUALIZAR PAGOS · AUTO] ================================================================================
[ACTUALIZAR PAGOS · AUTO] 📊 RESUMEN FINAL DEL PROCESAMIENTO:
[ACTUALIZAR PAGOS · AUTO]   ENTRADA:
[ACTUALIZAR PAGOS · AUTO]     • Pagos originales: 17151
[ACTUALIZAR PAGOS · AUTO]     • Multas SIGEMI cargadas: 103455
[ACTUALIZAR PAGOS · AUTO]     • Multas Juzgado cargadas: 39962
[ACTUALIZAR PAGOS · AUTO]     • Causas simplificadas (usadas para el cruce): 103127
[ACTUALIZAR PAGOS · AUTO]   PROCESO:
[ACTUALIZAR PAGOS · AUTO]     • Pagos rechazados sigemi: 14108
[ACTUALIZAR PAGOS · AUTO]     • Pagos rechazados juzgado: 3037
[ACTUALIZAR PAGOS · AUTO]   SALIDA:
[ACTUALIZAR PAGOS · AUTO]     • Pagos desactualizados procesados: 6
[ACTUALIZAR PAGOS · AUTO]     • Archivo final: backend/descargas/pagos/2026-07-24/PAGOS 20260724 151829.txt
[ACTUALIZAR PAGOS · AUTO]     • Ordenados por fecha: SÍ ✓
[ACTUALIZAR PAGOS · AUTO]     • Todos con ACTA_NUMERO: SÍ ✓
[ACTUALIZAR PAGOS · AUTO]     • Todos con CAUSA_NUMERO: SÍ ✓
[ACTUALIZAR PAGOS · AUTO] ✅ TXT de pagos (ya cruzado con actas y causas) generado en: backend/descargas/pagos/2026-07-24/PAGOS 20260724 151829.txt
[ACTUALIZAR PAGOS · AUTO] 🧹 TXT de pagos crudo eliminado (ya usado en el cruce): backend/descargas/pagos/2026-07-24/PAGOS DESCARGADOS.txt
[ACTUALIZAR PAGOS · AUTO] 🧹 Excel MULTAS_SIGEMI_CRUCE eliminado (ya usado en el cruce): backend/descargas/cache_actas_cruce/MULTAS_SIGEMI_CRUCE.xlsx
[ACTUALIZAR PAGOS · AUTO] 🧹 Excel MULTAS_JUZGADO_CRUCE eliminado (ya usado en el cruce): backend/descargas/cache_actas_cruce/MULTAS_JUZGADO_CRUCE.xlsx
[ACTUALIZAR PAGOS · AUTO] ✅ CompararActasPaso finalizado. (⏱ 46.8s)
[ACTUALIZAR PAGOS · AUTO] ✓ [CompararActasPaso] Completado.
[ACTUALIZAR PAGOS · AUTO] ▶ [CargarPagosPaso] Iniciando...
[ACTUALIZAR PAGOS · AUTO] ==================================================
[ACTUALIZAR PAGOS · AUTO] 🚀 PASO: CargarPagosPaso
[ACTUALIZAR PAGOS · AUTO] ==================================================
[ACTUALIZAR PAGOS · AUTO] 📤 Subiendo TXT de pagos al SEMyT...
[ACTUALIZAR PAGOS · AUTO] ✅ Importación de pagos completada con éxito.
[ACTUALIZAR PAGOS · AUTO] ✅ Archivo TXT de pagos cargado en el SEMyT correctamente.
[ACTUALIZAR PAGOS · AUTO] ✅ CargarPagosPaso finalizado. (⏱ 4.4s)
[ACTUALIZAR PAGOS · AUTO] ✓ [CargarPagosPaso] Completado.
[ACTUALIZAR PAGOS · AUTO] === Ejecución finalizada con éxito ===
🤖 [Automático] Es hora de actualizar pagos. Arrancando...
[ACTUALIZAR PAGOS · AUTO] === Inicio de ejecución: pagos ===
[ACTUALIZAR PAGOS · AUTO] ▶ [LoginSemytPaso] Iniciando...
[ACTUALIZAR PAGOS · AUTO] ==================================================
[ACTUALIZAR PAGOS · AUTO] 🚀 PASO: LoginSemytPaso
[ACTUALIZAR PAGOS · AUTO] ==================================================
[ACTUALIZAR PAGOS · AUTO] Abriendo SEMyT...
[ACTUALIZAR PAGOS · AUTO] ✅ [SEMyT] Sesión existente detectada. Login omitido.
[ACTUALIZAR PAGOS · AUTO] ✅ LoginSemytPaso finalizado. (⏱ 4.4s)
[ACTUALIZAR PAGOS · AUTO] ✓ [LoginSemytPaso] Completado.
[ACTUALIZAR PAGOS · AUTO] ▶ [LoginJuzgadoPaso] Iniciando...
[ACTUALIZAR PAGOS · AUTO] ==================================================
[ACTUALIZAR PAGOS · AUTO] 🚀 PASO: LoginJuzgadoPaso
[ACTUALIZAR PAGOS · AUTO] ==================================================
[ACTUALIZAR PAGOS · AUTO] Abriendo sitio municipalidad (CiDi)...
[ACTUALIZAR PAGOS · AUTO] ✅ [Juzgado] Sesión existente detectada. Login omitido.
[ACTUALIZAR PAGOS · AUTO] ✅ LoginJuzgadoPaso finalizado. (⏱ 1.1s)
[ACTUALIZAR PAGOS · AUTO] ✓ [LoginJuzgadoPaso] Completado.
[ACTUALIZAR PAGOS · AUTO] ▶ [DescargasParalelasPaso] Iniciando...
[ACTUALIZAR PAGOS · AUTO] ==================================================
[ACTUALIZAR PAGOS · AUTO] 🚀 PASO: DescargasParalelasPaso
[ACTUALIZAR PAGOS · AUTO] ==================================================
[ACTUALIZAR PAGOS · AUTO] 📤 Arrancando las 3 descargas en paralelo (mismo browser, páginas separadas)...
[ACTUALIZAR PAGOS · AUTO] Fecha Desde: 27/06/2024
[ACTUALIZAR PAGOS · AUTO] Fecha Hasta: 24/11/2025
[ACTUALIZAR PAGOS · AUTO] Fecha Desde: 25/11/2025
[ACTUALIZAR PAGOS · AUTO] Fecha Hasta: 24/07/2026
[ACTUALIZAR PAGOS · AUTO] Descargando Excel...
[ACTUALIZAR PAGOS · AUTO] Descargando Excel...
⏳ [Automático] Tocaba disparar 'pagos' pero ya hay una ejecución en curso (Actualizar pagos); esperando a que termine; se reintenta en breve sin perder el turno.
[ACTUALIZAR PAGOS · AUTO] Archivo descargado en: backend/descargas/cache_actas_cruce/MULTAS_JUZGADO_CRUCE.xlsx
[ACTUALIZAR PAGOS · AUTO] ⏱ [actas_juzgado] completado en 19.0s
[ACTUALIZAR PAGOS · AUTO] Archivo descargado en: backend/descargas/cache_actas_cruce/MULTAS_SIGEMI_CRUCE.xlsx
[ACTUALIZAR PAGOS · AUTO] ⏱ [actas_sigemi] completado en 39.3s
[ACTUALIZAR PAGOS · AUTO] ✅ TXT de pagos descargado en: backend/descargas/pagos/2026-07-24/PAGOS DESCARGADOS.txt
[ACTUALIZAR PAGOS · AUTO] ⏱ [pagos_txt] completado en 39.4s
[ACTUALIZAR PAGOS · AUTO] ⏱ TOTAL descargas en paralelo: 39.4s
[ACTUALIZAR PAGOS · AUTO] ✅ DescargasParalelasPaso finalizado. (⏱ 40.7s)
[ACTUALIZAR PAGOS · AUTO] ✓ [DescargasParalelasPaso] Completado.
[ACTUALIZAR PAGOS · AUTO] ▶ [CompararActasPaso] Iniciando...
[ACTUALIZAR PAGOS · AUTO] ==================================================
[ACTUALIZAR PAGOS · AUTO] 🚀 PASO: CompararActasPaso
[ACTUALIZAR PAGOS · AUTO] ==================================================
[ACTUALIZAR PAGOS · AUTO] 🔍 Comparando actas del SEMyT contra pagos del Juzgado...
[ACTUALIZAR PAGOS · AUTO] ================================================================================
[ACTUALIZAR PAGOS · AUTO] INICIANDO PROCESO DE GENERACIÓN DE PAGOS DESACTUALIZADOS
[ACTUALIZAR PAGOS · AUTO] ================================================================================
[ACTUALIZAR PAGOS · AUTO] 📂 Cargando archivos...
[ACTUALIZAR PAGOS · AUTO]   ✓ Pagos: 17157 registros
[ACTUALIZAR PAGOS · AUTO]   ✓ Excel SIGEMI (multas vencidas viejas): 103454 registros
[ACTUALIZAR PAGOS · AUTO]   ✓ Excel Juzgado (multas vencidas nuevas): 39958 registros
[ACTUALIZAR PAGOS · AUTO] ================================================================================
[ACTUALIZAR PAGOS · AUTO] PASO 1: LLENANDO ACTA_NUMERO (búsqueda por patente + fecha, con desempate por hora)
[ACTUALIZAR PAGOS · AUTO] ================================================================================
[ACTUALIZAR PAGOS · AUTO] 📊 ESTADÍSTICAS DE LLENADO DE ACTAS:
[ACTUALIZAR PAGOS · AUTO]   • Pagos con acta ORIGINAL: 3045
[ACTUALIZAR PAGOS · AUTO]   • Pagos SIN acta (buscados): 14112
[ACTUALIZAR PAGOS · AUTO]   • Pagos LLENADOS exitosamente: 3
[ACTUALIZAR PAGOS · AUTO]   • Pagos NO encontrados en multas: 14109
[ACTUALIZAR PAGOS · AUTO]   • Pagos SIN RESOLVER por desbalance de cantidades: 0
[ACTUALIZAR PAGOS · AUTO] ================================================================================
[ACTUALIZAR PAGOS · AUTO] PASO 1: LLENANDO ACTA_NUMERO (búsqueda por patente + fecha, con desempate por hora)
[ACTUALIZAR PAGOS · AUTO] ================================================================================
[ACTUALIZAR PAGOS · AUTO] 📊 ESTADÍSTICAS DE LLENADO DE ACTAS:
[ACTUALIZAR PAGOS · AUTO]   • Pagos con acta ORIGINAL: 3048
[ACTUALIZAR PAGOS · AUTO]   • Pagos SIN acta (buscados): 14109
[ACTUALIZAR PAGOS · AUTO]   • Pagos LLENADOS exitosamente: 0
[ACTUALIZAR PAGOS · AUTO]   • Pagos NO encontrados en multas: 14109
[ACTUALIZAR PAGOS · AUTO]   • Pagos SIN RESOLVER por desbalance de cantidades: 0
[ACTUALIZAR PAGOS · AUTO] ⏱ PASO 1 (llenar actas): 16.4s
[ACTUALIZAR PAGOS · AUTO] ================================================================================
[ACTUALIZAR PAGOS · AUTO] PASO 2: FILTRANDO PAGOS CON ACTA_NUMERO COMPLETO
[ACTUALIZAR PAGOS · AUTO] ================================================================================
[ACTUALIZAR PAGOS · AUTO] 📊 ESTADÍSTICAS DE FILTRADO:
[ACTUALIZAR PAGOS · AUTO]   • Pagos TOTALES al inicio: 17157
[ACTUALIZAR PAGOS · AUTO]   • Pagos CON acta (MANTIENEN): 3048
[ACTUALIZAR PAGOS · AUTO]   • Pagos RECHAZADOS (sin coincidencias): 14109
[ACTUALIZAR PAGOS · AUTO] ⚠️  Se eliminaron 14109 registros sin número de acta
[ACTUALIZAR PAGOS · AUTO]      (recordá: esto incluye tanto pagos ya actualizados/pagados
[ACTUALIZAR PAGOS · AUTO]       como pagos que quedaron sin resolver por desbalance en el Paso 1)
[ACTUALIZAR PAGOS · AUTO] ================================================================================
[ACTUALIZAR PAGOS · AUTO] PASO 2-bis: CONFIRMANDO VIGENCIA DE PAGOS DEL SISTEMA NUEVO (contra MULTAS_JUZGADO_CRUCE)
[ACTUALIZAR PAGOS · AUTO] ================================================================================
[ACTUALIZAR PAGOS · AUTO]   ⚠ 3041 pago(s) del sistema nuevo descartados: su acta ya no figura como vencida en MULTAS_JUZGADO_CRUCE (SEMyT ya los actualizó).
[ACTUALIZAR PAGOS · AUTO]   • Pagos del sistema nuevo descartados por ya estar actualizados: 3041
[ACTUALIZAR PAGOS · AUTO] ⏱ PASO 2 (filtrar): 1.1s
[ACTUALIZAR PAGOS · AUTO] 📂 Cargando maestro de causas SIGEMI...
[ACTUALIZAR PAGOS · AUTO]   ✓ Causas totales (maestro): 134069 registros
[ACTUALIZAR PAGOS · AUTO] ⏱ PASO 2.5 (causas simplificado): 0.1s
[ACTUALIZAR PAGOS · AUTO] ================================================================================
[ACTUALIZAR PAGOS · AUTO] PASO 2.5: ARMANDO causas.txt SIMPLIFICADO (cruce contra total_causas_sigemi.txt)
[ACTUALIZAR PAGOS · AUTO] ================================================================================
[ACTUALIZAR PAGOS · AUTO]   • Actas vencidas viejas (multas): 103454
[ACTUALIZAR PAGOS · AUTO]   • Causas totales en el maestro SIGEMI: 134069
[ACTUALIZAR PAGOS · AUTO]   • Causas que coinciden (simplificado): 103126
[ACTUALIZAR PAGOS · AUTO]   ✅ Archivo escrito: backend/descargas/causas/causas.txt
[ACTUALIZAR PAGOS · AUTO] ⏱ PASO 2.5 (causas simplificado): 2.5s
[ACTUALIZAR PAGOS · AUTO] ================================================================================
[ACTUALIZAR PAGOS · AUTO] PASO 3: LLENANDO CAUSA_NUMERO (según fecha de cambio de sistema, cruzando por acta + año)
[ACTUALIZAR PAGOS · AUTO] ================================================================================
[ACTUALIZAR PAGOS · AUTO] 📊 ESTADÍSTICAS DE LLENADO DE CAUSAS:
[ACTUALIZAR PAGOS · AUTO]   • Pagos con causa ORIGINAL: 4
[ACTUALIZAR PAGOS · AUTO]   • Causas encontradas en SIGEMI (actas viejas): 3
[ACTUALIZAR PAGOS · AUTO]   • Causas NO encontradas en SIGEMI: 0
[ACTUALIZAR PAGOS · AUTO]   • Causas asignadas automáticamente (actas nuevas): 0
[ACTUALIZAR PAGOS · AUTO] ⏱ PASO 3 (llenar causas): 0.0s
[ACTUALIZAR PAGOS · AUTO] ================================================================================
[ACTUALIZAR PAGOS · AUTO] PASO 4: ORDENANDO POR FECHA Y ACTA_NUMERO
[ACTUALIZAR PAGOS · AUTO] ================================================================================
[ACTUALIZAR PAGOS · AUTO] ✓ Pagos ordenados correctamente
[ACTUALIZAR PAGOS · AUTO]   • Primera entrada: Acta=9063, Fecha=12/07/2024
[ACTUALIZAR PAGOS · AUTO]   • Última entrada: Acta=256985, Fecha=16/01/2026
[ACTUALIZAR PAGOS · AUTO] 📝 Escribiendo archivo de salida...
[ACTUALIZAR PAGOS · AUTO]   ✅ Archivo escrito: backend/descargas/pagos/2026-07-24/PAGOS 20260724 153020.txt
[ACTUALIZAR PAGOS · AUTO]   ✅ Total registros: 909
[ACTUALIZAR PAGOS · AUTO] ⏱ PASO 4 (ordenar y escribir): 0.0s
[ACTUALIZAR PAGOS · AUTO] ================================================================================
[ACTUALIZAR PAGOS · AUTO] ✅ PROCESO COMPLETADO EXITOSAMENTE
[ACTUALIZAR PAGOS · AUTO] ================================================================================
[ACTUALIZAR PAGOS · AUTO] 📊 RESUMEN FINAL DEL PROCESAMIENTO:
[ACTUALIZAR PAGOS · AUTO]   ENTRADA:
[ACTUALIZAR PAGOS · AUTO]     • Pagos originales: 17157
[ACTUALIZAR PAGOS · AUTO]     • Multas SIGEMI cargadas: 103454
[ACTUALIZAR PAGOS · AUTO]     • Multas Juzgado cargadas: 39958
[ACTUALIZAR PAGOS · AUTO]     • Causas simplificadas (usadas para el cruce): 103126
[ACTUALIZAR PAGOS · AUTO]   PROCESO:
[ACTUALIZAR PAGOS · AUTO]     • Pagos rechazados sigemi: 14109
[ACTUALIZAR PAGOS · AUTO]     • Pagos rechazados juzgado: 3041
[ACTUALIZAR PAGOS · AUTO]   SALIDA:
[ACTUALIZAR PAGOS · AUTO]     • Pagos desactualizados procesados: 7
[ACTUALIZAR PAGOS · AUTO]     • Archivo final: backend/descargas/pagos/2026-07-24/PAGOS 20260724 153020.txt
[ACTUALIZAR PAGOS · AUTO]     • Ordenados por fecha: SÍ ✓
[ACTUALIZAR PAGOS · AUTO]     • Todos con ACTA_NUMERO: SÍ ✓
[ACTUALIZAR PAGOS · AUTO]     • Todos con CAUSA_NUMERO: SÍ ✓
[ACTUALIZAR PAGOS · AUTO] ✅ TXT de pagos (ya cruzado con actas y causas) generado en: backend/descargas/pagos/2026-07-24/PAGOS 20260724 153020.txt
[ACTUALIZAR PAGOS · AUTO] 🧹 TXT de pagos crudo eliminado (ya usado en el cruce): backend/descargas/pagos/2026-07-24/PAGOS DESCARGADOS.txt
[ACTUALIZAR PAGOS · AUTO] 🧹 Excel MULTAS_SIGEMI_CRUCE eliminado (ya usado en el cruce): backend/descargas/cache_actas_cruce/MULTAS_SIGEMI_CRUCE.xlsx
[ACTUALIZAR PAGOS · AUTO] 🧹 Excel MULTAS_JUZGADO_CRUCE eliminado (ya usado en el cruce): backend/descargas/cache_actas_cruce/MULTAS_JUZGADO_CRUCE.xlsx
[ACTUALIZAR PAGOS · AUTO] ✅ CompararActasPaso finalizado. (⏱ 46.1s)
[ACTUALIZAR PAGOS · AUTO] ✓ [CompararActasPaso] Completado.
[ACTUALIZAR PAGOS · AUTO] ▶ [CargarPagosPaso] Iniciando...
[ACTUALIZAR PAGOS · AUTO] ==================================================
[ACTUALIZAR PAGOS · AUTO] 🚀 PASO: CargarPagosPaso
[ACTUALIZAR PAGOS · AUTO] ==================================================
[ACTUALIZAR PAGOS · AUTO] 📤 Subiendo TXT de pagos al SEMyT...
[ACTUALIZAR PAGOS · AUTO] ✅ Importación de pagos completada con éxito.
[ACTUALIZAR PAGOS · AUTO] ✅ Archivo TXT de pagos cargado en el SEMyT correctamente.
[ACTUALIZAR PAGOS · AUTO] ✅ CargarPagosPaso finalizado. (⏱ 3.8s)
[ACTUALIZAR PAGOS · AUTO] ✓ [CargarPagosPaso] Completado.
[ACTUALIZAR PAGOS · AUTO] === Ejecución finalizada con éxito ===
🤖 [Automático] Es hora de actualizar pagos. Arrancando...
[ACTUALIZAR PAGOS · AUTO] === Inicio de ejecución: pagos ===
[ACTUALIZAR PAGOS · AUTO] ▶ [LoginSemytPaso] Iniciando...
[ACTUALIZAR PAGOS · AUTO] ==================================================
[ACTUALIZAR PAGOS · AUTO] 🚀 PASO: LoginSemytPaso
[ACTUALIZAR PAGOS · AUTO] ==================================================
[ACTUALIZAR PAGOS · AUTO] Abriendo SEMyT...
[ACTUALIZAR PAGOS · AUTO] ✅ [SEMyT] Sesión existente detectada. Login omitido.
[ACTUALIZAR PAGOS · AUTO] ✅ LoginSemytPaso finalizado. (⏱ 4.0s)
[ACTUALIZAR PAGOS · AUTO] ✓ [LoginSemytPaso] Completado.
[ACTUALIZAR PAGOS · AUTO] ▶ [LoginJuzgadoPaso] Iniciando...
[ACTUALIZAR PAGOS · AUTO] ==================================================
[ACTUALIZAR PAGOS · AUTO] 🚀 PASO: LoginJuzgadoPaso
[ACTUALIZAR PAGOS · AUTO] ==================================================
[ACTUALIZAR PAGOS · AUTO] Abriendo sitio municipalidad (CiDi)...
[ACTUALIZAR PAGOS · AUTO] ✅ [Juzgado] Sesión existente detectada. Login omitido.
[ACTUALIZAR PAGOS · AUTO] ✅ LoginJuzgadoPaso finalizado. (⏱ 1.1s)
[ACTUALIZAR PAGOS · AUTO] ✓ [LoginJuzgadoPaso] Completado.
[ACTUALIZAR PAGOS · AUTO] ▶ [DescargasParalelasPaso] Iniciando...
[ACTUALIZAR PAGOS · AUTO] ==================================================
[ACTUALIZAR PAGOS · AUTO] 🚀 PASO: DescargasParalelasPaso
[ACTUALIZAR PAGOS · AUTO] ==================================================
[ACTUALIZAR PAGOS · AUTO] 📤 Arrancando las 3 descargas en paralelo (mismo browser, páginas separadas)...
[ACTUALIZAR PAGOS · AUTO] Fecha Desde: 27/06/2024
[ACTUALIZAR PAGOS · AUTO] Fecha Hasta: 24/11/2025
[ACTUALIZAR PAGOS · AUTO] Fecha Desde: 25/11/2025
[ACTUALIZAR PAGOS · AUTO] Fecha Hasta: 24/07/2026
[ACTUALIZAR PAGOS · AUTO] Descargando Excel...
[ACTUALIZAR PAGOS · AUTO] Descargando Excel...
⏳ [Automático] Tocaba disparar 'pagos' pero ya hay una ejecución en curso (Actualizar pagos); esperando a que termine; se reintenta en breve sin perder el turno.
[ACTUALIZAR PAGOS · AUTO] Archivo descargado en: backend/descargas/cache_actas_cruce/MULTAS_JUZGADO_CRUCE.xlsx
[ACTUALIZAR PAGOS · AUTO] ⏱ [actas_juzgado] completado en 19.1s
[ACTUALIZAR PAGOS · AUTO] Archivo descargado en: backend/descargas/cache_actas_cruce/MULTAS_SIGEMI_CRUCE.xlsx
[ACTUALIZAR PAGOS · AUTO] ⏱ [actas_sigemi] completado en 39.4s
[ACTUALIZAR PAGOS · AUTO] ✅ TXT de pagos descargado en: backend/descargas/pagos/2026-07-24/PAGOS DESCARGADOS.txt
[ACTUALIZAR PAGOS · AUTO] ⏱ [pagos_txt] completado en 39.6s
[ACTUALIZAR PAGOS · AUTO] ⏱ TOTAL descargas en paralelo: 39.6s
[ACTUALIZAR PAGOS · AUTO] ✅ DescargasParalelasPaso finalizado. (⏱ 40.9s)
[ACTUALIZAR PAGOS · AUTO] ✓ [DescargasParalelasPaso] Completado.
[ACTUALIZAR PAGOS · AUTO] ▶ [CompararActasPaso] Iniciando...
[ACTUALIZAR PAGOS · AUTO] ==================================================
[ACTUALIZAR PAGOS · AUTO] 🚀 PASO: CompararActasPaso
[ACTUALIZAR PAGOS · AUTO] ==================================================
[ACTUALIZAR PAGOS · AUTO] 🔍 Comparando actas del SEMyT contra pagos del Juzgado...
[ACTUALIZAR PAGOS · AUTO] ================================================================================
[ACTUALIZAR PAGOS · AUTO] INICIANDO PROCESO DE GENERACIÓN DE PAGOS DESACTUALIZADOS
[ACTUALIZAR PAGOS · AUTO] ================================================================================
[ACTUALIZAR PAGOS · AUTO] 📂 Cargando archivos...
[ACTUALIZAR PAGOS · AUTO]   ✓ Pagos: 17160 registros
[ACTUALIZAR PAGOS · AUTO]   ✓ Excel SIGEMI (multas vencidas viejas): 103451 registros
[ACTUALIZAR PAGOS · AUTO]   ✓ Excel Juzgado (multas vencidas nuevas): 39955 registros
[ACTUALIZAR PAGOS · AUTO] ================================================================================
[ACTUALIZAR PAGOS · AUTO] PASO 1: LLENANDO ACTA_NUMERO (búsqueda por patente + fecha, con desempate por hora)
[ACTUALIZAR PAGOS · AUTO] ================================================================================
[ACTUALIZAR PAGOS · AUTO] 📊 ESTADÍSTICAS DE LLENADO DE ACTAS:
[ACTUALIZAR PAGOS · AUTO]   • Pagos con acta ORIGINAL: 3045
[ACTUALIZAR PAGOS · AUTO]   • Pagos SIN acta (buscados): 14115
[ACTUALIZAR PAGOS · AUTO]   • Pagos LLENADOS exitosamente: 3
[ACTUALIZAR PAGOS · AUTO]   • Pagos NO encontrados en multas: 14112
[ACTUALIZAR PAGOS · AUTO]   • Pagos SIN RESOLVER por desbalance de cantidades: 0
[ACTUALIZAR PAGOS · AUTO] ================================================================================
[ACTUALIZAR PAGOS · AUTO] PASO 1: LLENANDO ACTA_NUMERO (búsqueda por patente + fecha, con desempate por hora)
[ACTUALIZAR PAGOS · AUTO] ================================================================================
[ACTUALIZAR PAGOS · AUTO] 📊 ESTADÍSTICAS DE LLENADO DE ACTAS:
[ACTUALIZAR PAGOS · AUTO]   • Pagos con acta ORIGINAL: 3048
[ACTUALIZAR PAGOS · AUTO]   • Pagos SIN acta (buscados): 14112
[ACTUALIZAR PAGOS · AUTO]   • Pagos LLENADOS exitosamente: 0
[ACTUALIZAR PAGOS · AUTO]   • Pagos NO encontrados en multas: 14112
[ACTUALIZAR PAGOS · AUTO]   • Pagos SIN RESOLVER por desbalance de cantidades: 0
[ACTUALIZAR PAGOS · AUTO] ⏱ PASO 1 (llenar actas): 17.3s
[ACTUALIZAR PAGOS · AUTO] ================================================================================
[ACTUALIZAR PAGOS · AUTO] PASO 2: FILTRANDO PAGOS CON ACTA_NUMERO COMPLETO
[ACTUALIZAR PAGOS · AUTO] ================================================================================
[ACTUALIZAR PAGOS · AUTO] 📊 ESTADÍSTICAS DE FILTRADO:
[ACTUALIZAR PAGOS · AUTO]   • Pagos TOTALES al inicio: 17160
[ACTUALIZAR PAGOS · AUTO]   • Pagos CON acta (MANTIENEN): 3048
[ACTUALIZAR PAGOS · AUTO]   • Pagos RECHAZADOS (sin coincidencias): 14112
[ACTUALIZAR PAGOS · AUTO] ⚠️  Se eliminaron 14112 registros sin número de acta
[ACTUALIZAR PAGOS · AUTO]      (recordá: esto incluye tanto pagos ya actualizados/pagados
[ACTUALIZAR PAGOS · AUTO]       como pagos que quedaron sin resolver por desbalance en el Paso 1)
[ACTUALIZAR PAGOS · AUTO] ================================================================================
[ACTUALIZAR PAGOS · AUTO] PASO 2-bis: CONFIRMANDO VIGENCIA DE PAGOS DEL SISTEMA NUEVO (contra MULTAS_JUZGADO_CRUCE)
[ACTUALIZAR PAGOS · AUTO] ================================================================================
[ACTUALIZAR PAGOS · AUTO]   ⚠ 3044 pago(s) del sistema nuevo descartados: su acta ya no figura como vencida en MULTAS_JUZGADO_CRUCE (SEMyT ya los actualizó).
[ACTUALIZAR PAGOS · AUTO]   • Pagos del sistema nuevo descartados por ya estar actualizados: 3044
[ACTUALIZAR PAGOS · AUTO] ⏱ PASO 2 (filtrar): 1.5s
[ACTUALIZAR PAGOS · AUTO] 📂 Cargando maestro de causas SIGEMI...
[ACTUALIZAR PAGOS · AUTO]   ✓ Causas totales (maestro): 134069 registros
[ACTUALIZAR PAGOS · AUTO] ⏱ PASO 2.5 (causas simplificado): 0.2s
[ACTUALIZAR PAGOS · AUTO] ================================================================================
[ACTUALIZAR PAGOS · AUTO] PASO 2.5: ARMANDO causas.txt SIMPLIFICADO (cruce contra total_causas_sigemi.txt)
[ACTUALIZAR PAGOS · AUTO] ================================================================================
[ACTUALIZAR PAGOS · AUTO]   • Actas vencidas viejas (multas): 103451
[ACTUALIZAR PAGOS · AUTO]   • Causas totales en el maestro SIGEMI: 134069
[ACTUALIZAR PAGOS · AUTO]   • Causas que coinciden (simplificado): 103123
[ACTUALIZAR PAGOS · AUTO]   ✅ Archivo escrito: backend/descargas/causas/causas.txt
[ACTUALIZAR PAGOS · AUTO] ⏱ PASO 2.5 (causas simplificado): 2.5s
[ACTUALIZAR PAGOS · AUTO] ================================================================================
[ACTUALIZAR PAGOS · AUTO] PASO 3: LLENANDO CAUSA_NUMERO (según fecha de cambio de sistema, cruzando por acta + año)
[ACTUALIZAR PAGOS · AUTO] ================================================================================
[ACTUALIZAR PAGOS · AUTO] 📊 ESTADÍSTICAS DE LLENADO DE CAUSAS:
[ACTUALIZAR PAGOS · AUTO]   • Pagos con causa ORIGINAL: 1
[ACTUALIZAR PAGOS · AUTO]   • Causas encontradas en SIGEMI (actas viejas): 3
[ACTUALIZAR PAGOS · AUTO]   • Causas NO encontradas en SIGEMI: 0
[ACTUALIZAR PAGOS · AUTO]   • Causas asignadas automáticamente (actas nuevas): 0
[ACTUALIZAR PAGOS · AUTO] ⏱ PASO 3 (llenar causas): 0.0s
[ACTUALIZAR PAGOS · AUTO] ================================================================================
[ACTUALIZAR PAGOS · AUTO] PASO 4: ORDENANDO POR FECHA Y ACTA_NUMERO
[ACTUALIZAR PAGOS · AUTO] ================================================================================
[ACTUALIZAR PAGOS · AUTO] ✓ Pagos ordenados correctamente
[ACTUALIZAR PAGOS · AUTO]   • Primera entrada: Acta=155781, Fecha=27/05/2025
[ACTUALIZAR PAGOS · AUTO]   • Última entrada: Acta=351213, Fecha=18/11/2025
[ACTUALIZAR PAGOS · AUTO] 📝 Escribiendo archivo de salida...
[ACTUALIZAR PAGOS · AUTO]   ✅ Archivo escrito: backend/descargas/pagos/2026-07-24/PAGOS 20260724 154213.txt
[ACTUALIZAR PAGOS · AUTO]   ✅ Total registros: 555
[ACTUALIZAR PAGOS · AUTO] ⏱ PASO 4 (ordenar y escribir): 0.0s
[ACTUALIZAR PAGOS · AUTO] ================================================================================
[ACTUALIZAR PAGOS · AUTO] ✅ PROCESO COMPLETADO EXITOSAMENTE
[ACTUALIZAR PAGOS · AUTO] ================================================================================
[ACTUALIZAR PAGOS · AUTO] 📊 RESUMEN FINAL DEL PROCESAMIENTO:
[ACTUALIZAR PAGOS · AUTO]   ENTRADA:
[ACTUALIZAR PAGOS · AUTO]     • Pagos originales: 17160
[ACTUALIZAR PAGOS · AUTO]     • Multas SIGEMI cargadas: 103451
[ACTUALIZAR PAGOS · AUTO]     • Multas Juzgado cargadas: 39955
[ACTUALIZAR PAGOS · AUTO]     • Causas simplificadas (usadas para el cruce): 103123
[ACTUALIZAR PAGOS · AUTO]   PROCESO:
[ACTUALIZAR PAGOS · AUTO]     • Pagos rechazados sigemi: 14112
[ACTUALIZAR PAGOS · AUTO]     • Pagos rechazados juzgado: 3044
[ACTUALIZAR PAGOS · AUTO]   SALIDA:
[ACTUALIZAR PAGOS · AUTO]     • Pagos desactualizados procesados: 4
[ACTUALIZAR PAGOS · AUTO]     • Archivo final: backend/descargas/pagos/2026-07-24/PAGOS 20260724 154213.txt
[ACTUALIZAR PAGOS · AUTO]     • Ordenados por fecha: SÍ ✓
[ACTUALIZAR PAGOS · AUTO]     • Todos con ACTA_NUMERO: SÍ ✓
[ACTUALIZAR PAGOS · AUTO]     • Todos con CAUSA_NUMERO: SÍ ✓
[ACTUALIZAR PAGOS · AUTO] ✅ TXT de pagos (ya cruzado con actas y causas) generado en: backend/descargas/pagos/2026-07-24/PAGOS 20260724 154213.txt
[ACTUALIZAR PAGOS · AUTO] 🧹 TXT de pagos crudo eliminado (ya usado en el cruce): backend/descargas/pagos/2026-07-24/PAGOS DESCARGADOS.txt
[ACTUALIZAR PAGOS · AUTO] 🧹 Excel MULTAS_SIGEMI_CRUCE eliminado (ya usado en el cruce): backend/descargas/cache_actas_cruce/MULTAS_SIGEMI_CRUCE.xlsx
[ACTUALIZAR PAGOS · AUTO] 🧹 Excel MULTAS_JUZGADO_CRUCE eliminado (ya usado en el cruce): backend/descargas/cache_actas_cruce/MULTAS_JUZGADO_CRUCE.xlsx
[ACTUALIZAR PAGOS · AUTO] ✅ CompararActasPaso finalizado. (⏱ 48.4s)
[ACTUALIZAR PAGOS · AUTO] ✓ [CompararActasPaso] Completado.
[ACTUALIZAR PAGOS · AUTO] ▶ [CargarPagosPaso] Iniciando...
[ACTUALIZAR PAGOS · AUTO] ==================================================
[ACTUALIZAR PAGOS · AUTO] 🚀 PASO: CargarPagosPaso
[ACTUALIZAR PAGOS · AUTO] ==================================================
[ACTUALIZAR PAGOS · AUTO] 📤 Subiendo TXT de pagos al SEMyT...
[ACTUALIZAR PAGOS · AUTO] ✅ Importación de pagos completada con éxito.
[ACTUALIZAR PAGOS · AUTO] ✅ Archivo TXT de pagos cargado en el SEMyT correctamente.
[ACTUALIZAR PAGOS · AUTO] ✅ CargarPagosPaso finalizado. (⏱ 3.5s)
[ACTUALIZAR PAGOS · AUTO] ✓ [CargarPagosPaso] Completado.
[ACTUALIZAR PAGOS · AUTO] === Ejecución finalizada con éxito ===
🤖 [Automático] Es hora de actualizar pagos. Arrancando...
[ACTUALIZAR PAGOS · AUTO] === Inicio de ejecución: pagos ===
[ACTUALIZAR PAGOS · AUTO] ▶ [LoginSemytPaso] Iniciando...
[ACTUALIZAR PAGOS · AUTO] ==================================================
[ACTUALIZAR PAGOS · AUTO] 🚀 PASO: LoginSemytPaso
[ACTUALIZAR PAGOS · AUTO] ==================================================
[ACTUALIZAR PAGOS · AUTO] Abriendo SEMyT...
[ACTUALIZAR PAGOS · AUTO] ✅ [SEMyT] Sesión existente detectada. Login omitido.
[ACTUALIZAR PAGOS · AUTO] ✅ LoginSemytPaso finalizado. (⏱ 4.0s)
[ACTUALIZAR PAGOS · AUTO] ✓ [LoginSemytPaso] Completado.
[ACTUALIZAR PAGOS · AUTO] ▶ [LoginJuzgadoPaso] Iniciando...
[ACTUALIZAR PAGOS · AUTO] ==================================================
[ACTUALIZAR PAGOS · AUTO] 🚀 PASO: LoginJuzgadoPaso
[ACTUALIZAR PAGOS · AUTO] ==================================================
[ACTUALIZAR PAGOS · AUTO] Abriendo sitio municipalidad (CiDi)...
[ACTUALIZAR PAGOS · AUTO] ✅ [Juzgado] Sesión existente detectada. Login omitido.
[ACTUALIZAR PAGOS · AUTO] ✅ LoginJuzgadoPaso finalizado. (⏱ 1.2s)
[ACTUALIZAR PAGOS · AUTO] ✓ [LoginJuzgadoPaso] Completado.
[ACTUALIZAR PAGOS · AUTO] ▶ [DescargasParalelasPaso] Iniciando...
[ACTUALIZAR PAGOS · AUTO] ==================================================
[ACTUALIZAR PAGOS · AUTO] 🚀 PASO: DescargasParalelasPaso
[ACTUALIZAR PAGOS · AUTO] ==================================================
[ACTUALIZAR PAGOS · AUTO] 📤 Arrancando las 3 descargas en paralelo (mismo browser, páginas separadas)...
[ACTUALIZAR PAGOS · AUTO] Fecha Desde: 27/06/2024
[ACTUALIZAR PAGOS · AUTO] Fecha Hasta: 24/11/2025
[ACTUALIZAR PAGOS · AUTO] Fecha Desde: 25/11/2025
[ACTUALIZAR PAGOS · AUTO] Fecha Hasta: 24/07/2026
[ACTUALIZAR PAGOS · AUTO] Descargando Excel...
[ACTUALIZAR PAGOS · AUTO] Descargando Excel...
⏳ [Automático] Tocaba disparar 'pagos' pero ya hay una ejecución en curso (Actualizar pagos); esperando a que termine; se reintenta en breve sin perder el turno.
[ACTUALIZAR PAGOS · AUTO] Archivo descargado en: backend/descargas/cache_actas_cruce/MULTAS_JUZGADO_CRUCE.xlsx
[ACTUALIZAR PAGOS · AUTO] ⏱ [actas_juzgado] completado en 18.7s
[ACTUALIZAR PAGOS · AUTO] Archivo descargado en: backend/descargas/cache_actas_cruce/MULTAS_SIGEMI_CRUCE.xlsx
[ACTUALIZAR PAGOS · AUTO] ⏱ [actas_sigemi] completado en 38.2s
[ACTUALIZAR PAGOS · AUTO] ✅ TXT de pagos descargado en: backend/descargas/pagos/2026-07-24/PAGOS DESCARGADOS.txt
[ACTUALIZAR PAGOS · AUTO] ⏱ [pagos_txt] completado en 38.3s
[ACTUALIZAR PAGOS · AUTO] ⏱ TOTAL descargas en paralelo: 38.3s
[ACTUALIZAR PAGOS · AUTO] ✅ DescargasParalelasPaso finalizado. (⏱ 39.6s)
[ACTUALIZAR PAGOS · AUTO] ✓ [DescargasParalelasPaso] Completado.
[ACTUALIZAR PAGOS · AUTO] ▶ [CompararActasPaso] Iniciando...
[ACTUALIZAR PAGOS · AUTO] ==================================================
[ACTUALIZAR PAGOS · AUTO] 🚀 PASO: CompararActasPaso
[ACTUALIZAR PAGOS · AUTO] ==================================================
[ACTUALIZAR PAGOS · AUTO] 🔍 Comparando actas del SEMyT contra pagos del Juzgado...
[ACTUALIZAR PAGOS · AUTO] ================================================================================
[ACTUALIZAR PAGOS · AUTO] INICIANDO PROCESO DE GENERACIÓN DE PAGOS DESACTUALIZADOS
[ACTUALIZAR PAGOS · AUTO] ================================================================================
[ACTUALIZAR PAGOS · AUTO] 📂 Cargando archivos...
[ACTUALIZAR PAGOS · AUTO]   ✓ Pagos: 17163 registros
[ACTUALIZAR PAGOS · AUTO]   ✓ Excel SIGEMI (multas vencidas viejas): 103448 registros
[ACTUALIZAR PAGOS · AUTO]   ✓ Excel Juzgado (multas vencidas nuevas): 39955 registros
[ACTUALIZAR PAGOS · AUTO] ================================================================================
[ACTUALIZAR PAGOS · AUTO] PASO 1: LLENANDO ACTA_NUMERO (búsqueda por patente + fecha, con desempate por hora)
[ACTUALIZAR PAGOS · AUTO] ================================================================================
[ACTUALIZAR PAGOS · AUTO] 📊 ESTADÍSTICAS DE LLENADO DE ACTAS:
[ACTUALIZAR PAGOS · AUTO]   • Pagos con acta ORIGINAL: 3047
[ACTUALIZAR PAGOS · AUTO]   • Pagos SIN acta (buscados): 14116
[ACTUALIZAR PAGOS · AUTO]   • Pagos LLENADOS exitosamente: 1
[ACTUALIZAR PAGOS · AUTO]   • Pagos NO encontrados en multas: 14115
[ACTUALIZAR PAGOS · AUTO]   • Pagos SIN RESOLVER por desbalance de cantidades: 0
[ACTUALIZAR PAGOS · AUTO] ================================================================================
[ACTUALIZAR PAGOS · AUTO] PASO 1: LLENANDO ACTA_NUMERO (búsqueda por patente + fecha, con desempate por hora)
[ACTUALIZAR PAGOS · AUTO] ================================================================================
[ACTUALIZAR PAGOS · AUTO] 📊 ESTADÍSTICAS DE LLENADO DE ACTAS:
[ACTUALIZAR PAGOS · AUTO]   • Pagos con acta ORIGINAL: 3048
[ACTUALIZAR PAGOS · AUTO]   • Pagos SIN acta (buscados): 14115
[ACTUALIZAR PAGOS · AUTO]   • Pagos LLENADOS exitosamente: 0
[ACTUALIZAR PAGOS · AUTO]   • Pagos NO encontrados en multas: 14115
[ACTUALIZAR PAGOS · AUTO]   • Pagos SIN RESOLVER por desbalance de cantidades: 0
[ACTUALIZAR PAGOS · AUTO] ⏱ PASO 1 (llenar actas): 16.9s
[ACTUALIZAR PAGOS · AUTO] ================================================================================
[ACTUALIZAR PAGOS · AUTO] PASO 2: FILTRANDO PAGOS CON ACTA_NUMERO COMPLETO
[ACTUALIZAR PAGOS · AUTO] ================================================================================
[ACTUALIZAR PAGOS · AUTO] 📊 ESTADÍSTICAS DE FILTRADO:
[ACTUALIZAR PAGOS · AUTO]   • Pagos TOTALES al inicio: 17163
[ACTUALIZAR PAGOS · AUTO]   • Pagos CON acta (MANTIENEN): 3048
[ACTUALIZAR PAGOS · AUTO]   • Pagos RECHAZADOS (sin coincidencias): 14115
[ACTUALIZAR PAGOS · AUTO] ⚠️  Se eliminaron 14115 registros sin número de acta
[ACTUALIZAR PAGOS · AUTO]      (recordá: esto incluye tanto pagos ya actualizados/pagados
[ACTUALIZAR PAGOS · AUTO]       como pagos que quedaron sin resolver por desbalance en el Paso 1)
[ACTUALIZAR PAGOS · AUTO] ================================================================================
[ACTUALIZAR PAGOS · AUTO] PASO 2-bis: CONFIRMANDO VIGENCIA DE PAGOS DEL SISTEMA NUEVO (contra MULTAS_JUZGADO_CRUCE)
[ACTUALIZAR PAGOS · AUTO] ================================================================================
[ACTUALIZAR PAGOS · AUTO]   ⚠ 3044 pago(s) del sistema nuevo descartados: su acta ya no figura como vencida en MULTAS_JUZGADO_CRUCE (SEMyT ya los actualizó).
[ACTUALIZAR PAGOS · AUTO]   • Pagos del sistema nuevo descartados por ya estar actualizados: 3044
[ACTUALIZAR PAGOS · AUTO] ⏱ PASO 2 (filtrar): 1.4s
[ACTUALIZAR PAGOS · AUTO] 📂 Cargando maestro de causas SIGEMI...
[ACTUALIZAR PAGOS · AUTO]   ✓ Causas totales (maestro): 134069 registros
[ACTUALIZAR PAGOS · AUTO] ⏱ PASO 2.5 (causas simplificado): 0.2s
[ACTUALIZAR PAGOS · AUTO] ================================================================================
[ACTUALIZAR PAGOS · AUTO] PASO 2.5: ARMANDO causas.txt SIMPLIFICADO (cruce contra total_causas_sigemi.txt)
[ACTUALIZAR PAGOS · AUTO] ================================================================================
[ACTUALIZAR PAGOS · AUTO]   • Actas vencidas viejas (multas): 103448
[ACTUALIZAR PAGOS · AUTO]   • Causas totales en el maestro SIGEMI: 134069
[ACTUALIZAR PAGOS · AUTO]   • Causas que coinciden (simplificado): 103120
[ACTUALIZAR PAGOS · AUTO]   ✅ Archivo escrito: backend/descargas/causas/causas.txt
[ACTUALIZAR PAGOS · AUTO] ⏱ PASO 2.5 (causas simplificado): 2.9s
[ACTUALIZAR PAGOS · AUTO] ================================================================================
[ACTUALIZAR PAGOS · AUTO] PASO 3: LLENANDO CAUSA_NUMERO (según fecha de cambio de sistema, cruzando por acta + año)
[ACTUALIZAR PAGOS · AUTO] ================================================================================
[ACTUALIZAR PAGOS · AUTO] 📊 ESTADÍSTICAS DE LLENADO DE CAUSAS:
[ACTUALIZAR PAGOS · AUTO]   • Pagos con causa ORIGINAL: 3
[ACTUALIZAR PAGOS · AUTO]   • Causas encontradas en SIGEMI (actas viejas): 1
[ACTUALIZAR PAGOS · AUTO]   • Causas NO encontradas en SIGEMI: 0
[ACTUALIZAR PAGOS · AUTO]   • Causas asignadas automáticamente (actas nuevas): 0
[ACTUALIZAR PAGOS · AUTO] ⏱ PASO 3 (llenar causas): 0.0s
[ACTUALIZAR PAGOS · AUTO] ================================================================================
[ACTUALIZAR PAGOS · AUTO] PASO 4: ORDENANDO POR FECHA Y ACTA_NUMERO
[ACTUALIZAR PAGOS · AUTO] ================================================================================
[ACTUALIZAR PAGOS · AUTO] ✓ Pagos ordenados correctamente
[ACTUALIZAR PAGOS · AUTO]   • Primera entrada: Acta=10740, Fecha=15/07/2024
[ACTUALIZAR PAGOS · AUTO]   • Última entrada: Acta=276662, Fecha=09/03/2026
[ACTUALIZAR PAGOS · AUTO] 📝 Escribiendo archivo de salida...
[ACTUALIZAR PAGOS · AUTO]   ✅ Archivo escrito: backend/descargas/pagos/2026-07-24/PAGOS 20260724 155402.txt
[ACTUALIZAR PAGOS · AUTO]   ✅ Total registros: 574
[ACTUALIZAR PAGOS · AUTO] ⏱ PASO 4 (ordenar y escribir): 0.0s
[ACTUALIZAR PAGOS · AUTO] ================================================================================
[ACTUALIZAR PAGOS · AUTO] ✅ PROCESO COMPLETADO EXITOSAMENTE
[ACTUALIZAR PAGOS · AUTO] ================================================================================
[ACTUALIZAR PAGOS · AUTO] 📊 RESUMEN FINAL DEL PROCESAMIENTO:
[ACTUALIZAR PAGOS · AUTO]   ENTRADA:
[ACTUALIZAR PAGOS · AUTO]     • Pagos originales: 17163
[ACTUALIZAR PAGOS · AUTO]     • Multas SIGEMI cargadas: 103448
[ACTUALIZAR PAGOS · AUTO]     • Multas Juzgado cargadas: 39955
[ACTUALIZAR PAGOS · AUTO]     • Causas simplificadas (usadas para el cruce): 103120
[ACTUALIZAR PAGOS · AUTO]   PROCESO:
[ACTUALIZAR PAGOS · AUTO]     • Pagos rechazados sigemi: 14115
[ACTUALIZAR PAGOS · AUTO]     • Pagos rechazados juzgado: 3044
[ACTUALIZAR PAGOS · AUTO]   SALIDA:
[ACTUALIZAR PAGOS · AUTO]     • Pagos desactualizados procesados: 4
[ACTUALIZAR PAGOS · AUTO]     • Archivo final: backend/descargas/pagos/2026-07-24/PAGOS 20260724 155402.txt
[ACTUALIZAR PAGOS · AUTO]     • Ordenados por fecha: SÍ ✓
[ACTUALIZAR PAGOS · AUTO]     • Todos con ACTA_NUMERO: SÍ ✓
[ACTUALIZAR PAGOS · AUTO]     • Todos con CAUSA_NUMERO: SÍ ✓
[ACTUALIZAR PAGOS · AUTO] ✅ TXT de pagos (ya cruzado con actas y causas) generado en: backend/descargas/pagos/2026-07-24/PAGOS 20260724 155402.txt
[ACTUALIZAR PAGOS · AUTO] 🧹 TXT de pagos crudo eliminado (ya usado en el cruce): backend/descargas/pagos/2026-07-24/PAGOS DESCARGADOS.txt
[ACTUALIZAR PAGOS · AUTO] 🧹 Excel MULTAS_SIGEMI_CRUCE eliminado (ya usado en el cruce): backend/descargas/cache_actas_cruce/MULTAS_SIGEMI_CRUCE.xlsx
[ACTUALIZAR PAGOS · AUTO] 🧹 Excel MULTAS_JUZGADO_CRUCE eliminado (ya usado en el cruce): backend/descargas/cache_actas_cruce/MULTAS_JUZGADO_CRUCE.xlsx
[ACTUALIZAR PAGOS · AUTO] ✅ CompararActasPaso finalizado. (⏱ 47.7s)
[ACTUALIZAR PAGOS · AUTO] ✓ [CompararActasPaso] Completado.
[ACTUALIZAR PAGOS · AUTO] ▶ [CargarPagosPaso] Iniciando...
[ACTUALIZAR PAGOS · AUTO] ==================================================
[ACTUALIZAR PAGOS · AUTO] 🚀 PASO: CargarPagosPaso
[ACTUALIZAR PAGOS · AUTO] ==================================================
[ACTUALIZAR PAGOS · AUTO] 📤 Subiendo TXT de pagos al SEMyT...
[ACTUALIZAR PAGOS · AUTO] ✅ Importación de pagos completada con éxito.
[ACTUALIZAR PAGOS · AUTO] ✅ Archivo TXT de pagos cargado en el SEMyT correctamente.
[ACTUALIZAR PAGOS · AUTO] ✅ CargarPagosPaso finalizado. (⏱ 4.1s)
[ACTUALIZAR PAGOS · AUTO] ✓ [CargarPagosPaso] Completado.
[ACTUALIZAR PAGOS · AUTO] === Ejecución finalizada con éxito ===
🤖 [Automático] Es hora de actualizar pagos. Arrancando...
[ACTUALIZAR PAGOS · AUTO] === Inicio de ejecución: pagos ===
[ACTUALIZAR PAGOS · AUTO] ▶ [LoginSemytPaso] Iniciando...
[ACTUALIZAR PAGOS · AUTO] ==================================================
[ACTUALIZAR PAGOS · AUTO] 🚀 PASO: LoginSemytPaso
[ACTUALIZAR PAGOS · AUTO] ==================================================
[ACTUALIZAR PAGOS · AUTO] Abriendo SEMyT...
[ACTUALIZAR PAGOS · AUTO] ✅ [SEMyT] Sesión existente detectada. Login omitido.
[ACTUALIZAR PAGOS · AUTO] ✅ LoginSemytPaso finalizado. (⏱ 4.6s)
[ACTUALIZAR PAGOS · AUTO] ✓ [LoginSemytPaso] Completado.
[ACTUALIZAR PAGOS · AUTO] ▶ [LoginJuzgadoPaso] Iniciando...
[ACTUALIZAR PAGOS · AUTO] ==================================================
[ACTUALIZAR PAGOS · AUTO] 🚀 PASO: LoginJuzgadoPaso
[ACTUALIZAR PAGOS · AUTO] ==================================================
[ACTUALIZAR PAGOS · AUTO] Abriendo sitio municipalidad (CiDi)...
[ACTUALIZAR PAGOS · AUTO] ✅ [Juzgado] Sesión existente detectada. Login omitido.
[ACTUALIZAR PAGOS · AUTO] ✅ LoginJuzgadoPaso finalizado. (⏱ 1.1s)
[ACTUALIZAR PAGOS · AUTO] ✓ [LoginJuzgadoPaso] Completado.
[ACTUALIZAR PAGOS · AUTO] ▶ [DescargasParalelasPaso] Iniciando...
[ACTUALIZAR PAGOS · AUTO] ==================================================
[ACTUALIZAR PAGOS · AUTO] 🚀 PASO: DescargasParalelasPaso
[ACTUALIZAR PAGOS · AUTO] ==================================================
[ACTUALIZAR PAGOS · AUTO] 📤 Arrancando las 3 descargas en paralelo (mismo browser, páginas separadas)...
[ACTUALIZAR PAGOS · AUTO] Fecha Desde: 27/06/2024
[ACTUALIZAR PAGOS · AUTO] Fecha Hasta: 24/11/2025
[ACTUALIZAR PAGOS · AUTO] Fecha Desde: 25/11/2025
[ACTUALIZAR PAGOS · AUTO] Fecha Hasta: 24/07/2026
[ACTUALIZAR PAGOS · AUTO] Descargando Excel...
[ACTUALIZAR PAGOS · AUTO] Descargando Excel...
⏳ [Automático] Tocaba disparar 'pagos' pero ya hay una ejecución en curso (Actualizar pagos); esperando a que termine; se reintenta en breve sin perder el turno.
[ACTUALIZAR PAGOS · AUTO] ✅ TXT de pagos descargado en: backend/descargas/pagos/2026-07-24/PAGOS DESCARGADOS.txt
[ACTUALIZAR PAGOS · AUTO] ⏱ [pagos_txt] completado en 23.9s
[ACTUALIZAR PAGOS · AUTO] Archivo descargado en: backend/descargas/cache_actas_cruce/MULTAS_JUZGADO_CRUCE.xlsx
[ACTUALIZAR PAGOS · AUTO] ⏱ [actas_juzgado] completado en 38.5s
[ACTUALIZAR PAGOS · AUTO] Archivo descargado en: backend/descargas/cache_actas_cruce/MULTAS_SIGEMI_CRUCE.xlsx
[ACTUALIZAR PAGOS · AUTO] ⏱ [actas_sigemi] completado en 57.6s
[ACTUALIZAR PAGOS · AUTO] ⏱ TOTAL descargas en paralelo: 57.6s
[ACTUALIZAR PAGOS · AUTO] ✅ DescargasParalelasPaso finalizado. (⏱ 58.9s)
[ACTUALIZAR PAGOS · AUTO] ✓ [DescargasParalelasPaso] Completado.
[ACTUALIZAR PAGOS · AUTO] ▶ [CompararActasPaso] Iniciando...
[ACTUALIZAR PAGOS · AUTO] ==================================================
[ACTUALIZAR PAGOS · AUTO] 🚀 PASO: CompararActasPaso
[ACTUALIZAR PAGOS · AUTO] ==================================================
[ACTUALIZAR PAGOS · AUTO] 🔍 Comparando actas del SEMyT contra pagos del Juzgado...
[ACTUALIZAR PAGOS · AUTO] ================================================================================
[ACTUALIZAR PAGOS · AUTO] INICIANDO PROCESO DE GENERACIÓN DE PAGOS DESACTUALIZADOS
[ACTUALIZAR PAGOS · AUTO] ================================================================================
[ACTUALIZAR PAGOS · AUTO] 📂 Cargando archivos...
[ACTUALIZAR PAGOS · AUTO]   ✓ Pagos: 17164 registros
[ACTUALIZAR PAGOS · AUTO]   ✓ Excel SIGEMI (multas vencidas viejas): 103447 registros
[ACTUALIZAR PAGOS · AUTO]   ✓ Excel Juzgado (multas vencidas nuevas): 39953 registros
[ACTUALIZAR PAGOS · AUTO] ================================================================================
[ACTUALIZAR PAGOS · AUTO] PASO 1: LLENANDO ACTA_NUMERO (búsqueda por patente + fecha, con desempate por hora)
[ACTUALIZAR PAGOS · AUTO] ================================================================================
[ACTUALIZAR PAGOS · AUTO] 📊 ESTADÍSTICAS DE LLENADO DE ACTAS:
[ACTUALIZAR PAGOS · AUTO]   • Pagos con acta ORIGINAL: 3048
[ACTUALIZAR PAGOS · AUTO]   • Pagos SIN acta (buscados): 14116
[ACTUALIZAR PAGOS · AUTO]   • Pagos LLENADOS exitosamente: 0
[ACTUALIZAR PAGOS · AUTO]   • Pagos NO encontrados en multas: 14116
[ACTUALIZAR PAGOS · AUTO]   • Pagos SIN RESOLVER por desbalance de cantidades: 0
[ACTUALIZAR PAGOS · AUTO] ================================================================================
[ACTUALIZAR PAGOS · AUTO] PASO 1: LLENANDO ACTA_NUMERO (búsqueda por patente + fecha, con desempate por hora)
[ACTUALIZAR PAGOS · AUTO] ================================================================================
[ACTUALIZAR PAGOS · AUTO] 📊 ESTADÍSTICAS DE LLENADO DE ACTAS:
[ACTUALIZAR PAGOS · AUTO]   • Pagos con acta ORIGINAL: 3048
[ACTUALIZAR PAGOS · AUTO]   • Pagos SIN acta (buscados): 14116
[ACTUALIZAR PAGOS · AUTO]   • Pagos LLENADOS exitosamente: 0
[ACTUALIZAR PAGOS · AUTO]   • Pagos NO encontrados en multas: 14116
[ACTUALIZAR PAGOS · AUTO]   • Pagos SIN RESOLVER por desbalance de cantidades: 0
[ACTUALIZAR PAGOS · AUTO] ⏱ PASO 1 (llenar actas): 17.4s
[ACTUALIZAR PAGOS · AUTO] ================================================================================
[ACTUALIZAR PAGOS · AUTO] PASO 2: FILTRANDO PAGOS CON ACTA_NUMERO COMPLETO
[ACTUALIZAR PAGOS · AUTO] ================================================================================
[ACTUALIZAR PAGOS · AUTO] 📊 ESTADÍSTICAS DE FILTRADO:
[ACTUALIZAR PAGOS · AUTO]   • Pagos TOTALES al inicio: 17164
[ACTUALIZAR PAGOS · AUTO]   • Pagos CON acta (MANTIENEN): 3048
[ACTUALIZAR PAGOS · AUTO]   • Pagos RECHAZADOS (sin coincidencias): 14116
[ACTUALIZAR PAGOS · AUTO] ⚠️  Se eliminaron 14116 registros sin número de acta
[ACTUALIZAR PAGOS · AUTO]      (recordá: esto incluye tanto pagos ya actualizados/pagados
[ACTUALIZAR PAGOS · AUTO]       como pagos que quedaron sin resolver por desbalance en el Paso 1)
[ACTUALIZAR PAGOS · AUTO] ================================================================================
[ACTUALIZAR PAGOS · AUTO] PASO 2-bis: CONFIRMANDO VIGENCIA DE PAGOS DEL SISTEMA NUEVO (contra MULTAS_JUZGADO_CRUCE)
[ACTUALIZAR PAGOS · AUTO] ================================================================================
[ACTUALIZAR PAGOS · AUTO]   ⚠ 3046 pago(s) del sistema nuevo descartados: su acta ya no figura como vencida en MULTAS_JUZGADO_CRUCE (SEMyT ya los actualizó).
[ACTUALIZAR PAGOS · AUTO]   • Pagos del sistema nuevo descartados por ya estar actualizados: 3046
[ACTUALIZAR PAGOS · AUTO] ⏱ PASO 2 (filtrar): 1.0s
[ACTUALIZAR PAGOS · AUTO] 📂 Cargando maestro de causas SIGEMI...
[ACTUALIZAR PAGOS · AUTO]   ✓ Causas totales (maestro): 134069 registros
[ACTUALIZAR PAGOS · AUTO] ⏱ PASO 2.5 (causas simplificado): 0.1s
[ACTUALIZAR PAGOS · AUTO] ================================================================================
[ACTUALIZAR PAGOS · AUTO] PASO 2.5: ARMANDO causas.txt SIMPLIFICADO (cruce contra total_causas_sigemi.txt)
[ACTUALIZAR PAGOS · AUTO] ================================================================================
[ACTUALIZAR PAGOS · AUTO]   • Actas vencidas viejas (multas): 103447
[ACTUALIZAR PAGOS · AUTO]   • Causas totales en el maestro SIGEMI: 134069
[ACTUALIZAR PAGOS · AUTO]   • Causas que coinciden (simplificado): 103119
[ACTUALIZAR PAGOS · AUTO]   ✅ Archivo escrito: backend/descargas/causas/causas.txt
[ACTUALIZAR PAGOS · AUTO] ⏱ PASO 2.5 (causas simplificado): 2.3s
[ACTUALIZAR PAGOS · AUTO] ================================================================================
[ACTUALIZAR PAGOS · AUTO] PASO 3: LLENANDO CAUSA_NUMERO (según fecha de cambio de sistema, cruzando por acta + año)
[ACTUALIZAR PAGOS · AUTO] ================================================================================
[ACTUALIZAR PAGOS · AUTO] 📊 ESTADÍSTICAS DE LLENADO DE CAUSAS:
[ACTUALIZAR PAGOS · AUTO]   • Pagos con causa ORIGINAL: 2
[ACTUALIZAR PAGOS · AUTO]   • Causas encontradas en SIGEMI (actas viejas): 0
[ACTUALIZAR PAGOS · AUTO]   • Causas NO encontradas en SIGEMI: 0
[ACTUALIZAR PAGOS · AUTO]   • Causas asignadas automáticamente (actas nuevas): 0
[ACTUALIZAR PAGOS · AUTO] ⏱ PASO 3 (llenar causas): 0.0s
[ACTUALIZAR PAGOS · AUTO] ================================================================================
[ACTUALIZAR PAGOS · AUTO] PASO 4: ORDENANDO POR FECHA Y ACTA_NUMERO
[ACTUALIZAR PAGOS · AUTO] ================================================================================
[ACTUALIZAR PAGOS · AUTO] ✓ Pagos ordenados correctamente
[ACTUALIZAR PAGOS · AUTO]   • Primera entrada: Acta=351213, Fecha=18/11/2025
[ACTUALIZAR PAGOS · AUTO]   • Última entrada: Acta=274530, Fecha=03/03/2026
[ACTUALIZAR PAGOS · AUTO] 📝 Escribiendo archivo de salida...
[ACTUALIZAR PAGOS · AUTO]   ✅ Archivo escrito: backend/descargas/pagos/2026-07-24/PAGOS 20260724 160614.txt
[ACTUALIZAR PAGOS · AUTO]   ✅ Total registros: 351
[ACTUALIZAR PAGOS · AUTO] ⏱ PASO 4 (ordenar y escribir): 0.0s
[ACTUALIZAR PAGOS · AUTO] ================================================================================
[ACTUALIZAR PAGOS · AUTO] ✅ PROCESO COMPLETADO EXITOSAMENTE
[ACTUALIZAR PAGOS · AUTO] ================================================================================
[ACTUALIZAR PAGOS · AUTO] 📊 RESUMEN FINAL DEL PROCESAMIENTO:
[ACTUALIZAR PAGOS · AUTO]   ENTRADA:
[ACTUALIZAR PAGOS · AUTO]     • Pagos originales: 17164
[ACTUALIZAR PAGOS · AUTO]     • Multas SIGEMI cargadas: 103447
[ACTUALIZAR PAGOS · AUTO]     • Multas Juzgado cargadas: 39953
[ACTUALIZAR PAGOS · AUTO]     • Causas simplificadas (usadas para el cruce): 103119
[ACTUALIZAR PAGOS · AUTO]   PROCESO:
[ACTUALIZAR PAGOS · AUTO]     • Pagos rechazados sigemi: 14116
[ACTUALIZAR PAGOS · AUTO]     • Pagos rechazados juzgado: 3046
[ACTUALIZAR PAGOS · AUTO]   SALIDA:
[ACTUALIZAR PAGOS · AUTO]     • Pagos desactualizados procesados: 2
[ACTUALIZAR PAGOS · AUTO]     • Archivo final: backend/descargas/pagos/2026-07-24/PAGOS 20260724 160614.txt
[ACTUALIZAR PAGOS · AUTO]     • Ordenados por fecha: SÍ ✓
[ACTUALIZAR PAGOS · AUTO]     • Todos con ACTA_NUMERO: SÍ ✓
[ACTUALIZAR PAGOS · AUTO]     • Todos con CAUSA_NUMERO: SÍ ✓
[ACTUALIZAR PAGOS · AUTO] ✅ TXT de pagos (ya cruzado con actas y causas) generado en: backend/descargas/pagos/2026-07-24/PAGOS 20260724 160614.txt
[ACTUALIZAR PAGOS · AUTO] 🧹 TXT de pagos crudo eliminado (ya usado en el cruce): backend/descargas/pagos/2026-07-24/PAGOS DESCARGADOS.txt
[ACTUALIZAR PAGOS · AUTO] 🧹 Excel MULTAS_SIGEMI_CRUCE eliminado (ya usado en el cruce): backend/descargas/cache_actas_cruce/MULTAS_SIGEMI_CRUCE.xlsx
[ACTUALIZAR PAGOS · AUTO] 🧹 Excel MULTAS_JUZGADO_CRUCE eliminado (ya usado en el cruce): backend/descargas/cache_actas_cruce/MULTAS_JUZGADO_CRUCE.xlsx
[ACTUALIZAR PAGOS · AUTO] ✅ CompararActasPaso finalizado. (⏱ 46.4s)
[ACTUALIZAR PAGOS · AUTO] ✓ [CompararActasPaso] Completado.
[ACTUALIZAR PAGOS · AUTO] ▶ [CargarPagosPaso] Iniciando...
[ACTUALIZAR PAGOS · AUTO] ==================================================
[ACTUALIZAR PAGOS · AUTO] 🚀 PASO: CargarPagosPaso
[ACTUALIZAR PAGOS · AUTO] ==================================================
[ACTUALIZAR PAGOS · AUTO] 📤 Subiendo TXT de pagos al SEMyT...
[ACTUALIZAR PAGOS · AUTO] ✅ Importación de pagos completada con éxito.
[ACTUALIZAR PAGOS · AUTO] ✅ Archivo TXT de pagos cargado en el SEMyT correctamente.
[ACTUALIZAR PAGOS · AUTO] ✅ CargarPagosPaso finalizado. (⏱ 4.1s)
[ACTUALIZAR PAGOS · AUTO] ✓ [CargarPagosPaso] Completado.
[ACTUALIZAR PAGOS · AUTO] === Ejecución finalizada con éxito ===
🤖 [Automático] Es hora de actualizar pagos. Arrancando...
[ACTUALIZAR PAGOS · AUTO] === Inicio de ejecución: pagos ===
[ACTUALIZAR PAGOS · AUTO] ▶ [LoginSemytPaso] Iniciando...
[ACTUALIZAR PAGOS · AUTO] ==================================================
[ACTUALIZAR PAGOS · AUTO] 🚀 PASO: LoginSemytPaso
[ACTUALIZAR PAGOS · AUTO] ==================================================
[ACTUALIZAR PAGOS · AUTO] Abriendo SEMyT...
[ACTUALIZAR PAGOS · AUTO] ✅ [SEMyT] Sesión existente detectada. Login omitido.
[ACTUALIZAR PAGOS · AUTO] ✅ LoginSemytPaso finalizado. (⏱ 4.4s)
[ACTUALIZAR PAGOS · AUTO] ✓ [LoginSemytPaso] Completado.
[ACTUALIZAR PAGOS · AUTO] ▶ [LoginJuzgadoPaso] Iniciando...
[ACTUALIZAR PAGOS · AUTO] ==================================================
[ACTUALIZAR PAGOS · AUTO] 🚀 PASO: LoginJuzgadoPaso
[ACTUALIZAR PAGOS · AUTO] ==================================================
[ACTUALIZAR PAGOS · AUTO] Abriendo sitio municipalidad (CiDi)...
[ACTUALIZAR PAGOS · AUTO] ✅ [Juzgado] Sesión existente detectada. Login omitido.
[ACTUALIZAR PAGOS · AUTO] ✅ LoginJuzgadoPaso finalizado. (⏱ 1.3s)
[ACTUALIZAR PAGOS · AUTO] ✓ [LoginJuzgadoPaso] Completado.
[ACTUALIZAR PAGOS · AUTO] ▶ [DescargasParalelasPaso] Iniciando...
[ACTUALIZAR PAGOS · AUTO] ==================================================
[ACTUALIZAR PAGOS · AUTO] 🚀 PASO: DescargasParalelasPaso
[ACTUALIZAR PAGOS · AUTO] ==================================================
[ACTUALIZAR PAGOS · AUTO] 📤 Arrancando las 3 descargas en paralelo (mismo browser, páginas separadas)...
[ACTUALIZAR PAGOS · AUTO] Fecha Desde: 27/06/2024
[ACTUALIZAR PAGOS · AUTO] Fecha Hasta: 24/11/2025
[ACTUALIZAR PAGOS · AUTO] Fecha Desde: 25/11/2025
[ACTUALIZAR PAGOS · AUTO] Fecha Hasta: 24/07/2026
[ACTUALIZAR PAGOS · AUTO] Descargando Excel...
[ACTUALIZAR PAGOS · AUTO] Descargando Excel...
⏳ [Automático] Tocaba disparar 'pagos' pero ya hay una ejecución en curso (Actualizar pagos); esperando a que termine; se reintenta en breve sin perder el turno.
[ACTUALIZAR PAGOS · AUTO] Archivo descargado en: backend/descargas/cache_actas_cruce/MULTAS_JUZGADO_CRUCE.xlsx
[ACTUALIZAR PAGOS · AUTO] ⏱ [actas_juzgado] completado en 19.6s
[ACTUALIZAR PAGOS · AUTO] Archivo descargado en: backend/descargas/cache_actas_cruce/MULTAS_SIGEMI_CRUCE.xlsx
[ACTUALIZAR PAGOS · AUTO] ⏱ [actas_sigemi] completado en 42.3s
[ACTUALIZAR PAGOS · AUTO] ✅ TXT de pagos descargado en: backend/descargas/pagos/2026-07-24/PAGOS DESCARGADOS.txt
[ACTUALIZAR PAGOS · AUTO] ⏱ [pagos_txt] completado en 53.9s
[ACTUALIZAR PAGOS · AUTO] ⏱ TOTAL descargas en paralelo: 53.9s
[ACTUALIZAR PAGOS · AUTO] ✅ DescargasParalelasPaso finalizado. (⏱ 55.1s)
[ACTUALIZAR PAGOS · AUTO] ✓ [DescargasParalelasPaso] Completado.
[ACTUALIZAR PAGOS · AUTO] ▶ [CompararActasPaso] Iniciando...
[ACTUALIZAR PAGOS · AUTO] ==================================================
[ACTUALIZAR PAGOS · AUTO] 🚀 PASO: CompararActasPaso
[ACTUALIZAR PAGOS · AUTO] ==================================================
[ACTUALIZAR PAGOS · AUTO] 🔍 Comparando actas del SEMyT contra pagos del Juzgado...
[ACTUALIZAR PAGOS · AUTO] ================================================================================
[ACTUALIZAR PAGOS · AUTO] INICIANDO PROCESO DE GENERACIÓN DE PAGOS DESACTUALIZADOS
[ACTUALIZAR PAGOS · AUTO] ================================================================================
[ACTUALIZAR PAGOS · AUTO] 📂 Cargando archivos...
[ACTUALIZAR PAGOS · AUTO]   ✓ Pagos: 17166 registros
[ACTUALIZAR PAGOS · AUTO]   ✓ Excel SIGEMI (multas vencidas viejas): 103447 registros
[ACTUALIZAR PAGOS · AUTO]   ✓ Excel Juzgado (multas vencidas nuevas): 39952 registros
[ACTUALIZAR PAGOS · AUTO] ================================================================================
[ACTUALIZAR PAGOS · AUTO] PASO 1: LLENANDO ACTA_NUMERO (búsqueda por patente + fecha, con desempate por hora)
[ACTUALIZAR PAGOS · AUTO] ================================================================================
[ACTUALIZAR PAGOS · AUTO] 📊 ESTADÍSTICAS DE LLENADO DE ACTAS:
[ACTUALIZAR PAGOS · AUTO]   • Pagos con acta ORIGINAL: 3050
[ACTUALIZAR PAGOS · AUTO]   • Pagos SIN acta (buscados): 14116
[ACTUALIZAR PAGOS · AUTO]   • Pagos LLENADOS exitosamente: 0
[ACTUALIZAR PAGOS · AUTO]   • Pagos NO encontrados en multas: 14116
[ACTUALIZAR PAGOS · AUTO]   • Pagos SIN RESOLVER por desbalance de cantidades: 0
[ACTUALIZAR PAGOS · AUTO] ================================================================================
[ACTUALIZAR PAGOS · AUTO] PASO 1: LLENANDO ACTA_NUMERO (búsqueda por patente + fecha, con desempate por hora)
[ACTUALIZAR PAGOS · AUTO] ================================================================================
[ACTUALIZAR PAGOS · AUTO] 📊 ESTADÍSTICAS DE LLENADO DE ACTAS:
[ACTUALIZAR PAGOS · AUTO]   • Pagos con acta ORIGINAL: 3050
[ACTUALIZAR PAGOS · AUTO]   • Pagos SIN acta (buscados): 14116
[ACTUALIZAR PAGOS · AUTO]   • Pagos LLENADOS exitosamente: 0
[ACTUALIZAR PAGOS · AUTO]   • Pagos NO encontrados en multas: 14116
[ACTUALIZAR PAGOS · AUTO]   • Pagos SIN RESOLVER por desbalance de cantidades: 0
[ACTUALIZAR PAGOS · AUTO] ⏱ PASO 1 (llenar actas): 16.6s
[ACTUALIZAR PAGOS · AUTO] ================================================================================
[ACTUALIZAR PAGOS · AUTO] PASO 2: FILTRANDO PAGOS CON ACTA_NUMERO COMPLETO
[ACTUALIZAR PAGOS · AUTO] ================================================================================
[ACTUALIZAR PAGOS · AUTO] 📊 ESTADÍSTICAS DE FILTRADO:
[ACTUALIZAR PAGOS · AUTO]   • Pagos TOTALES al inicio: 17166
[ACTUALIZAR PAGOS · AUTO]   • Pagos CON acta (MANTIENEN): 3050
[ACTUALIZAR PAGOS · AUTO]   • Pagos RECHAZADOS (sin coincidencias): 14116
[ACTUALIZAR PAGOS · AUTO] ⚠️  Se eliminaron 14116 registros sin número de acta
[ACTUALIZAR PAGOS · AUTO]      (recordá: esto incluye tanto pagos ya actualizados/pagados
[ACTUALIZAR PAGOS · AUTO]       como pagos que quedaron sin resolver por desbalance en el Paso 1)
[ACTUALIZAR PAGOS · AUTO] ================================================================================
[ACTUALIZAR PAGOS · AUTO] PASO 2-bis: CONFIRMANDO VIGENCIA DE PAGOS DEL SISTEMA NUEVO (contra MULTAS_JUZGADO_CRUCE)
[ACTUALIZAR PAGOS · AUTO] ================================================================================
[ACTUALIZAR PAGOS · AUTO]   ⚠ 3047 pago(s) del sistema nuevo descartados: su acta ya no figura como vencida en MULTAS_JUZGADO_CRUCE (SEMyT ya los actualizó).
[ACTUALIZAR PAGOS · AUTO]   • Pagos del sistema nuevo descartados por ya estar actualizados: 3047
[ACTUALIZAR PAGOS · AUTO] ⏱ PASO 2 (filtrar): 1.4s
[ACTUALIZAR PAGOS · AUTO] 📂 Cargando maestro de causas SIGEMI...
[ACTUALIZAR PAGOS · AUTO]   ✓ Causas totales (maestro): 134069 registros
[ACTUALIZAR PAGOS · AUTO] ⏱ PASO 2.5 (causas simplificado): 0.2s
[ACTUALIZAR PAGOS · AUTO] ================================================================================
[ACTUALIZAR PAGOS · AUTO] PASO 2.5: ARMANDO causas.txt SIMPLIFICADO (cruce contra total_causas_sigemi.txt)
[ACTUALIZAR PAGOS · AUTO] ================================================================================
[ACTUALIZAR PAGOS · AUTO]   • Actas vencidas viejas (multas): 103447
[ACTUALIZAR PAGOS · AUTO]   • Causas totales en el maestro SIGEMI: 134069
[ACTUALIZAR PAGOS · AUTO]   • Causas que coinciden (simplificado): 103119
[ACTUALIZAR PAGOS · AUTO]   ✅ Archivo escrito: backend/descargas/causas/causas.txt
[ACTUALIZAR PAGOS · AUTO] ⏱ PASO 2.5 (causas simplificado): 2.4s
[ACTUALIZAR PAGOS · AUTO] ================================================================================
[ACTUALIZAR PAGOS · AUTO] PASO 3: LLENANDO CAUSA_NUMERO (según fecha de cambio de sistema, cruzando por acta + año)
[ACTUALIZAR PAGOS · AUTO] ================================================================================
[ACTUALIZAR PAGOS · AUTO] 📊 ESTADÍSTICAS DE LLENADO DE CAUSAS:
[ACTUALIZAR PAGOS · AUTO]   • Pagos con causa ORIGINAL: 3
[ACTUALIZAR PAGOS · AUTO]   • Causas encontradas en SIGEMI (actas viejas): 0
[ACTUALIZAR PAGOS · AUTO]   • Causas NO encontradas en SIGEMI: 0
[ACTUALIZAR PAGOS · AUTO]   • Causas asignadas automáticamente (actas nuevas): 0
[ACTUALIZAR PAGOS · AUTO] ⏱ PASO 3 (llenar causas): 0.0s
[ACTUALIZAR PAGOS · AUTO] ================================================================================
[ACTUALIZAR PAGOS · AUTO] PASO 4: ORDENANDO POR FECHA Y ACTA_NUMERO
[ACTUALIZAR PAGOS · AUTO] ================================================================================
[ACTUALIZAR PAGOS · AUTO] ✓ Pagos ordenados correctamente
[ACTUALIZAR PAGOS · AUTO]   • Primera entrada: Acta=351213, Fecha=18/11/2025
[ACTUALIZAR PAGOS · AUTO]   • Última entrada: Acta=278892, Fecha=12/03/2026
[ACTUALIZAR PAGOS · AUTO] 📝 Escribiendo archivo de salida...
[ACTUALIZAR PAGOS · AUTO]   ✅ Archivo escrito: backend/descargas/pagos/2026-07-24/PAGOS 20260724 161818.txt
[ACTUALIZAR PAGOS · AUTO]   ✅ Total registros: 458
[ACTUALIZAR PAGOS · AUTO] ⏱ PASO 4 (ordenar y escribir): 0.0s
[ACTUALIZAR PAGOS · AUTO] ================================================================================
[ACTUALIZAR PAGOS · AUTO] ✅ PROCESO COMPLETADO EXITOSAMENTE
[ACTUALIZAR PAGOS · AUTO] ================================================================================
[ACTUALIZAR PAGOS · AUTO] 📊 RESUMEN FINAL DEL PROCESAMIENTO:
[ACTUALIZAR PAGOS · AUTO]   ENTRADA:
[ACTUALIZAR PAGOS · AUTO]     • Pagos originales: 17166
[ACTUALIZAR PAGOS · AUTO]     • Multas SIGEMI cargadas: 103447
[ACTUALIZAR PAGOS · AUTO]     • Multas Juzgado cargadas: 39952
[ACTUALIZAR PAGOS · AUTO]     • Causas simplificadas (usadas para el cruce): 103119
[ACTUALIZAR PAGOS · AUTO]   PROCESO:
[ACTUALIZAR PAGOS · AUTO]     • Pagos rechazados sigemi: 14116
[ACTUALIZAR PAGOS · AUTO]     • Pagos rechazados juzgado: 3047
[ACTUALIZAR PAGOS · AUTO]   SALIDA:
[ACTUALIZAR PAGOS · AUTO]     • Pagos desactualizados procesados: 3
[ACTUALIZAR PAGOS · AUTO]     • Archivo final: backend/descargas/pagos/2026-07-24/PAGOS 20260724 161818.txt
[ACTUALIZAR PAGOS · AUTO]     • Ordenados por fecha: SÍ ✓
[ACTUALIZAR PAGOS · AUTO]     • Todos con ACTA_NUMERO: SÍ ✓
[ACTUALIZAR PAGOS · AUTO]     • Todos con CAUSA_NUMERO: SÍ ✓
[ACTUALIZAR PAGOS · AUTO] ✅ TXT de pagos (ya cruzado con actas y causas) generado en: backend/descargas/pagos/2026-07-24/PAGOS 20260724 161818.txt
[ACTUALIZAR PAGOS · AUTO] 🧹 TXT de pagos crudo eliminado (ya usado en el cruce): backend/descargas/pagos/2026-07-24/PAGOS DESCARGADOS.txt
[ACTUALIZAR PAGOS · AUTO] 🧹 Excel MULTAS_SIGEMI_CRUCE eliminado (ya usado en el cruce): backend/descargas/cache_actas_cruce/MULTAS_SIGEMI_CRUCE.xlsx
[ACTUALIZAR PAGOS · AUTO] 🧹 Excel MULTAS_JUZGADO_CRUCE eliminado (ya usado en el cruce): backend/descargas/cache_actas_cruce/MULTAS_JUZGADO_CRUCE.xlsx
[ACTUALIZAR PAGOS · AUTO] ✅ CompararActasPaso finalizado. (⏱ 46.6s)
[ACTUALIZAR PAGOS · AUTO] ✓ [CompararActasPaso] Completado.
[ACTUALIZAR PAGOS · AUTO] ▶ [CargarPagosPaso] Iniciando...
[ACTUALIZAR PAGOS · AUTO] ==================================================
[ACTUALIZAR PAGOS · AUTO] 🚀 PASO: CargarPagosPaso
[ACTUALIZAR PAGOS · AUTO] ==================================================
[ACTUALIZAR PAGOS · AUTO] 📤 Subiendo TXT de pagos al SEMyT...
[ACTUALIZAR PAGOS · AUTO] ✅ Importación de pagos completada con éxito.
[ACTUALIZAR PAGOS · AUTO] ✅ Archivo TXT de pagos cargado en el SEMyT correctamente.
[ACTUALIZAR PAGOS · AUTO] ✅ CargarPagosPaso finalizado. (⏱ 4.6s)
[ACTUALIZAR PAGOS · AUTO] ✓ [CargarPagosPaso] Completado.
[ACTUALIZAR PAGOS · AUTO] === Ejecución finalizada con éxito ===
🤖 [Automático] Es hora de actualizar pagos. Arrancando...
[ACTUALIZAR PAGOS · AUTO] === Inicio de ejecución: pagos ===
[ACTUALIZAR PAGOS · AUTO] ▶ [LoginSemytPaso] Iniciando...
[ACTUALIZAR PAGOS · AUTO] ==================================================
[ACTUALIZAR PAGOS · AUTO] 🚀 PASO: LoginSemytPaso
[ACTUALIZAR PAGOS · AUTO] ==================================================
[ACTUALIZAR PAGOS · AUTO] Abriendo SEMyT...
[ACTUALIZAR PAGOS · AUTO] ✅ [SEMyT] Sesión existente detectada. Login omitido.
[ACTUALIZAR PAGOS · AUTO] ✅ LoginSemytPaso finalizado. (⏱ 4.0s)
[ACTUALIZAR PAGOS · AUTO] ✓ [LoginSemytPaso] Completado.
[ACTUALIZAR PAGOS · AUTO] ▶ [LoginJuzgadoPaso] Iniciando...
[ACTUALIZAR PAGOS · AUTO] ==================================================
[ACTUALIZAR PAGOS · AUTO] 🚀 PASO: LoginJuzgadoPaso
[ACTUALIZAR PAGOS · AUTO] ==================================================
[ACTUALIZAR PAGOS · AUTO] Abriendo sitio municipalidad (CiDi)...
[ACTUALIZAR PAGOS · AUTO] ✅ [Juzgado] Sesión existente detectada. Login omitido.
[ACTUALIZAR PAGOS · AUTO] ✅ LoginJuzgadoPaso finalizado. (⏱ 1.3s)
[ACTUALIZAR PAGOS · AUTO] ✓ [LoginJuzgadoPaso] Completado.
[ACTUALIZAR PAGOS · AUTO] ▶ [DescargasParalelasPaso] Iniciando...
[ACTUALIZAR PAGOS · AUTO] ==================================================
[ACTUALIZAR PAGOS · AUTO] 🚀 PASO: DescargasParalelasPaso
[ACTUALIZAR PAGOS · AUTO] ==================================================
[ACTUALIZAR PAGOS · AUTO] 📤 Arrancando las 3 descargas en paralelo (mismo browser, páginas separadas)...
[ACTUALIZAR PAGOS · AUTO] Fecha Desde: 27/06/2024
[ACTUALIZAR PAGOS · AUTO] Fecha Hasta: 24/11/2025
[ACTUALIZAR PAGOS · AUTO] Fecha Desde: 25/11/2025
[ACTUALIZAR PAGOS · AUTO] Fecha Hasta: 24/07/2026
[ACTUALIZAR PAGOS · AUTO] Descargando Excel...
[ACTUALIZAR PAGOS · AUTO] Descargando Excel...
⏳ [Automático] Tocaba disparar 'pagos' pero ya hay una ejecución en curso (Actualizar pagos); esperando a que termine; se reintenta en breve sin perder el turno.
[ACTUALIZAR PAGOS · AUTO] Archivo descargado en: backend/descargas/cache_actas_cruce/MULTAS_JUZGADO_CRUCE.xlsx
[ACTUALIZAR PAGOS · AUTO] ⏱ [actas_juzgado] completado en 19.3s
[ACTUALIZAR PAGOS · AUTO] Archivo descargado en: backend/descargas/cache_actas_cruce/MULTAS_SIGEMI_CRUCE.xlsx
[ACTUALIZAR PAGOS · AUTO] ⏱ [actas_sigemi] completado en 40.6s
[ACTUALIZAR PAGOS · AUTO] ✅ TXT de pagos descargado en: backend/descargas/pagos/2026-07-24/PAGOS DESCARGADOS.txt
[ACTUALIZAR PAGOS · AUTO] ⏱ [pagos_txt] completado en 40.7s
[ACTUALIZAR PAGOS · AUTO] ⏱ TOTAL descargas en paralelo: 40.7s
[ACTUALIZAR PAGOS · AUTO] ✅ DescargasParalelasPaso finalizado. (⏱ 42.0s)
[ACTUALIZAR PAGOS · AUTO] ✓ [DescargasParalelasPaso] Completado.
[ACTUALIZAR PAGOS · AUTO] ▶ [CompararActasPaso] Iniciando...
[ACTUALIZAR PAGOS · AUTO] ==================================================
[ACTUALIZAR PAGOS · AUTO] 🚀 PASO: CompararActasPaso
[ACTUALIZAR PAGOS · AUTO] ==================================================
[ACTUALIZAR PAGOS · AUTO] 🔍 Comparando actas del SEMyT contra pagos del Juzgado...
[ACTUALIZAR PAGOS · AUTO] ================================================================================
[ACTUALIZAR PAGOS · AUTO] INICIANDO PROCESO DE GENERACIÓN DE PAGOS DESACTUALIZADOS
[ACTUALIZAR PAGOS · AUTO] ================================================================================
[ACTUALIZAR PAGOS · AUTO] 📂 Cargando archivos...
[ACTUALIZAR PAGOS · AUTO]   ✓ Pagos: 17168 registros
[ACTUALIZAR PAGOS · AUTO]   ✓ Excel SIGEMI (multas vencidas viejas): 103447 registros
[ACTUALIZAR PAGOS · AUTO]   ✓ Excel Juzgado (multas vencidas nuevas): 39950 registros
[ACTUALIZAR PAGOS · AUTO] ================================================================================
[ACTUALIZAR PAGOS · AUTO] PASO 1: LLENANDO ACTA_NUMERO (búsqueda por patente + fecha, con desempate por hora)
[ACTUALIZAR PAGOS · AUTO] ================================================================================
[ACTUALIZAR PAGOS · AUTO] 📊 ESTADÍSTICAS DE LLENADO DE ACTAS:
[ACTUALIZAR PAGOS · AUTO]   • Pagos con acta ORIGINAL: 3052
[ACTUALIZAR PAGOS · AUTO]   • Pagos SIN acta (buscados): 14116
[ACTUALIZAR PAGOS · AUTO]   • Pagos LLENADOS exitosamente: 0
[ACTUALIZAR PAGOS · AUTO]   • Pagos NO encontrados en multas: 14116
[ACTUALIZAR PAGOS · AUTO]   • Pagos SIN RESOLVER por desbalance de cantidades: 0
[ACTUALIZAR PAGOS · AUTO] ================================================================================
[ACTUALIZAR PAGOS · AUTO] PASO 1: LLENANDO ACTA_NUMERO (búsqueda por patente + fecha, con desempate por hora)
[ACTUALIZAR PAGOS · AUTO] ================================================================================
[ACTUALIZAR PAGOS · AUTO] 📊 ESTADÍSTICAS DE LLENADO DE ACTAS:
[ACTUALIZAR PAGOS · AUTO]   • Pagos con acta ORIGINAL: 3052
[ACTUALIZAR PAGOS · AUTO]   • Pagos SIN acta (buscados): 14116
[ACTUALIZAR PAGOS · AUTO]   • Pagos LLENADOS exitosamente: 0
[ACTUALIZAR PAGOS · AUTO]   • Pagos NO encontrados en multas: 14116
[ACTUALIZAR PAGOS · AUTO]   • Pagos SIN RESOLVER por desbalance de cantidades: 0
[ACTUALIZAR PAGOS · AUTO] ⏱ PASO 1 (llenar actas): 16.4s
[ACTUALIZAR PAGOS · AUTO] ================================================================================
[ACTUALIZAR PAGOS · AUTO] PASO 2: FILTRANDO PAGOS CON ACTA_NUMERO COMPLETO
[ACTUALIZAR PAGOS · AUTO] ================================================================================
[ACTUALIZAR PAGOS · AUTO] 📊 ESTADÍSTICAS DE FILTRADO:
[ACTUALIZAR PAGOS · AUTO]   • Pagos TOTALES al inicio: 17168
[ACTUALIZAR PAGOS · AUTO]   • Pagos CON acta (MANTIENEN): 3052
[ACTUALIZAR PAGOS · AUTO]   • Pagos RECHAZADOS (sin coincidencias): 14116
[ACTUALIZAR PAGOS · AUTO] ⚠️  Se eliminaron 14116 registros sin número de acta
[ACTUALIZAR PAGOS · AUTO]      (recordá: esto incluye tanto pagos ya actualizados/pagados
[ACTUALIZAR PAGOS · AUTO]       como pagos que quedaron sin resolver por desbalance en el Paso 1)
[ACTUALIZAR PAGOS · AUTO] ================================================================================
[ACTUALIZAR PAGOS · AUTO] PASO 2-bis: CONFIRMANDO VIGENCIA DE PAGOS DEL SISTEMA NUEVO (contra MULTAS_JUZGADO_CRUCE)
[ACTUALIZAR PAGOS · AUTO] ================================================================================
[ACTUALIZAR PAGOS · AUTO]   ⚠ 3049 pago(s) del sistema nuevo descartados: su acta ya no figura como vencida en MULTAS_JUZGADO_CRUCE (SEMyT ya los actualizó).
[ACTUALIZAR PAGOS · AUTO]   • Pagos del sistema nuevo descartados por ya estar actualizados: 3049
[ACTUALIZAR PAGOS · AUTO] ⏱ PASO 2 (filtrar): 1.4s
[ACTUALIZAR PAGOS · AUTO] 📂 Cargando maestro de causas SIGEMI...
[ACTUALIZAR PAGOS · AUTO]   ✓ Causas totales (maestro): 134069 registros
[ACTUALIZAR PAGOS · AUTO] ⏱ PASO 2.5 (causas simplificado): 0.2s
[ACTUALIZAR PAGOS · AUTO] ================================================================================
[ACTUALIZAR PAGOS · AUTO] PASO 2.5: ARMANDO causas.txt SIMPLIFICADO (cruce contra total_causas_sigemi.txt)
[ACTUALIZAR PAGOS · AUTO] ================================================================================
[ACTUALIZAR PAGOS · AUTO]   • Actas vencidas viejas (multas): 103447
[ACTUALIZAR PAGOS · AUTO]   • Causas totales en el maestro SIGEMI: 134069
[ACTUALIZAR PAGOS · AUTO]   • Causas que coinciden (simplificado): 103119
[ACTUALIZAR PAGOS · AUTO]   ✅ Archivo escrito: backend/descargas/causas/causas.txt
[ACTUALIZAR PAGOS · AUTO] ⏱ PASO 2.5 (causas simplificado): 2.6s
[ACTUALIZAR PAGOS · AUTO] ================================================================================
[ACTUALIZAR PAGOS · AUTO] PASO 3: LLENANDO CAUSA_NUMERO (según fecha de cambio de sistema, cruzando por acta + año)
[ACTUALIZAR PAGOS · AUTO] ================================================================================
[ACTUALIZAR PAGOS · AUTO] 📊 ESTADÍSTICAS DE LLENADO DE CAUSAS:
[ACTUALIZAR PAGOS · AUTO]   • Pagos con causa ORIGINAL: 3
[ACTUALIZAR PAGOS · AUTO]   • Causas encontradas en SIGEMI (actas viejas): 0
[ACTUALIZAR PAGOS · AUTO]   • Causas NO encontradas en SIGEMI: 0
[ACTUALIZAR PAGOS · AUTO]   • Causas asignadas automáticamente (actas nuevas): 0
[ACTUALIZAR PAGOS · AUTO] ⏱ PASO 3 (llenar causas): 0.0s
[ACTUALIZAR PAGOS · AUTO] ================================================================================
[ACTUALIZAR PAGOS · AUTO] PASO 4: ORDENANDO POR FECHA Y ACTA_NUMERO
[ACTUALIZAR PAGOS · AUTO] ================================================================================
[ACTUALIZAR PAGOS · AUTO] ✓ Pagos ordenados correctamente
[ACTUALIZAR PAGOS · AUTO]   • Primera entrada: Acta=351213, Fecha=18/11/2025
[ACTUALIZAR PAGOS · AUTO]   • Última entrada: Acta=296614, Fecha=17/04/2026
[ACTUALIZAR PAGOS · AUTO] 📝 Escribiendo archivo de salida...
[ACTUALIZAR PAGOS · AUTO]   ✅ Archivo escrito: backend/descargas/pagos/2026-07-24/PAGOS 20260724 163013.txt
[ACTUALIZAR PAGOS · AUTO]   ✅ Total registros: 467
[ACTUALIZAR PAGOS · AUTO] ⏱ PASO 4 (ordenar y escribir): 0.0s
[ACTUALIZAR PAGOS · AUTO] ================================================================================
[ACTUALIZAR PAGOS · AUTO] ✅ PROCESO COMPLETADO EXITOSAMENTE
[ACTUALIZAR PAGOS · AUTO] ================================================================================
[ACTUALIZAR PAGOS · AUTO] 📊 RESUMEN FINAL DEL PROCESAMIENTO:
[ACTUALIZAR PAGOS · AUTO]   ENTRADA:
[ACTUALIZAR PAGOS · AUTO]     • Pagos originales: 17168
[ACTUALIZAR PAGOS · AUTO]     • Multas SIGEMI cargadas: 103447
[ACTUALIZAR PAGOS · AUTO]     • Multas Juzgado cargadas: 39950
[ACTUALIZAR PAGOS · AUTO]     • Causas simplificadas (usadas para el cruce): 103119
[ACTUALIZAR PAGOS · AUTO]   PROCESO:
[ACTUALIZAR PAGOS · AUTO]     • Pagos rechazados sigemi: 14116
[ACTUALIZAR PAGOS · AUTO]     • Pagos rechazados juzgado: 3049
[ACTUALIZAR PAGOS · AUTO]   SALIDA:
[ACTUALIZAR PAGOS · AUTO]     • Pagos desactualizados procesados: 3
[ACTUALIZAR PAGOS · AUTO]     • Archivo final: backend/descargas/pagos/2026-07-24/PAGOS 20260724 163013.txt
[ACTUALIZAR PAGOS · AUTO]     • Ordenados por fecha: SÍ ✓
[ACTUALIZAR PAGOS · AUTO]     • Todos con ACTA_NUMERO: SÍ ✓
[ACTUALIZAR PAGOS · AUTO]     • Todos con CAUSA_NUMERO: SÍ ✓
[ACTUALIZAR PAGOS · AUTO] ✅ TXT de pagos (ya cruzado con actas y causas) generado en: backend/descargas/pagos/2026-07-24/PAGOS 20260724 163013.txt
[ACTUALIZAR PAGOS · AUTO] 🧹 TXT de pagos crudo eliminado (ya usado en el cruce): backend/descargas/pagos/2026-07-24/PAGOS DESCARGADOS.txt
[ACTUALIZAR PAGOS · AUTO] 🧹 Excel MULTAS_SIGEMI_CRUCE eliminado (ya usado en el cruce): backend/descargas/cache_actas_cruce/MULTAS_SIGEMI_CRUCE.xlsx
[ACTUALIZAR PAGOS · AUTO] 🧹 Excel MULTAS_JUZGADO_CRUCE eliminado (ya usado en el cruce): backend/descargas/cache_actas_cruce/MULTAS_JUZGADO_CRUCE.xlsx
[ACTUALIZAR PAGOS · AUTO] ✅ CompararActasPaso finalizado. (⏱ 46.8s)
[ACTUALIZAR PAGOS · AUTO] ✓ [CompararActasPaso] Completado.
[ACTUALIZAR PAGOS · AUTO] ▶ [CargarPagosPaso] Iniciando...
[ACTUALIZAR PAGOS · AUTO] ==================================================
[ACTUALIZAR PAGOS · AUTO] 🚀 PASO: CargarPagosPaso
[ACTUALIZAR PAGOS · AUTO] ==================================================
[ACTUALIZAR PAGOS · AUTO] 📤 Subiendo TXT de pagos al SEMyT...
[ACTUALIZAR PAGOS · AUTO] ✅ Importación de pagos completada con éxito.
[ACTUALIZAR PAGOS · AUTO] ✅ Archivo TXT de pagos cargado en el SEMyT correctamente.
[ACTUALIZAR PAGOS · AUTO] ✅ CargarPagosPaso finalizado. (⏱ 3.1s)
[ACTUALIZAR PAGOS · AUTO] ✓ [CargarPagosPaso] Completado.
[ACTUALIZAR PAGOS · AUTO] === Ejecución finalizada con éxito ===
🤖 [Automático] Es hora de actualizar pagos. Arrancando...
[ACTUALIZAR PAGOS · AUTO] === Inicio de ejecución: pagos ===
[ACTUALIZAR PAGOS · AUTO] ▶ [LoginSemytPaso] Iniciando...
[ACTUALIZAR PAGOS · AUTO] ==================================================
[ACTUALIZAR PAGOS · AUTO] 🚀 PASO: LoginSemytPaso
[ACTUALIZAR PAGOS · AUTO] ==================================================
[ACTUALIZAR PAGOS · AUTO] Abriendo SEMyT...
[ACTUALIZAR PAGOS · AUTO] ✅ [SEMyT] Sesión existente detectada. Login omitido.
[ACTUALIZAR PAGOS · AUTO] ✅ LoginSemytPaso finalizado. (⏱ 4.0s)
[ACTUALIZAR PAGOS · AUTO] ✓ [LoginSemytPaso] Completado.
[ACTUALIZAR PAGOS · AUTO] ▶ [LoginJuzgadoPaso] Iniciando...
[ACTUALIZAR PAGOS · AUTO] ==================================================
[ACTUALIZAR PAGOS · AUTO] 🚀 PASO: LoginJuzgadoPaso
[ACTUALIZAR PAGOS · AUTO] ==================================================
[ACTUALIZAR PAGOS · AUTO] Abriendo sitio municipalidad (CiDi)...
[ACTUALIZAR PAGOS · AUTO] ✅ [Juzgado] Sesión existente detectada. Login omitido.
[ACTUALIZAR PAGOS · AUTO] ✅ LoginJuzgadoPaso finalizado. (⏱ 1.3s)
[ACTUALIZAR PAGOS · AUTO] ✓ [LoginJuzgadoPaso] Completado.
[ACTUALIZAR PAGOS · AUTO] ▶ [DescargasParalelasPaso] Iniciando...
[ACTUALIZAR PAGOS · AUTO] ==================================================
[ACTUALIZAR PAGOS · AUTO] 🚀 PASO: DescargasParalelasPaso
[ACTUALIZAR PAGOS · AUTO] ==================================================
[ACTUALIZAR PAGOS · AUTO] 📤 Arrancando las 3 descargas en paralelo (mismo browser, páginas separadas)...
[ACTUALIZAR PAGOS · AUTO] Fecha Desde: 27/06/2024
[ACTUALIZAR PAGOS · AUTO] Fecha Hasta: 24/11/2025
[ACTUALIZAR PAGOS · AUTO] Fecha Desde: 25/11/2025
[ACTUALIZAR PAGOS · AUTO] Fecha Hasta: 24/07/2026
[ACTUALIZAR PAGOS · AUTO] Descargando Excel...
[ACTUALIZAR PAGOS · AUTO] Descargando Excel...
⏳ [Automático] Tocaba disparar 'pagos' pero ya hay una ejecución en curso (Actualizar pagos); esperando a que termine; se reintenta en breve sin perder el turno.
[ACTUALIZAR PAGOS · AUTO] Archivo descargado en: backend/descargas/cache_actas_cruce/MULTAS_JUZGADO_CRUCE.xlsx
[ACTUALIZAR PAGOS · AUTO] ⏱ [actas_juzgado] completado en 19.7s
[ACTUALIZAR PAGOS · AUTO] Archivo descargado en: backend/descargas/cache_actas_cruce/MULTAS_SIGEMI_CRUCE.xlsx
[ACTUALIZAR PAGOS · AUTO] ⏱ [actas_sigemi] completado en 39.3s
[ACTUALIZAR PAGOS · AUTO] ✅ TXT de pagos descargado en: backend/descargas/pagos/2026-07-24/PAGOS DESCARGADOS.txt
[ACTUALIZAR PAGOS · AUTO] ⏱ [pagos_txt] completado en 39.4s
[ACTUALIZAR PAGOS · AUTO] ⏱ TOTAL descargas en paralelo: 39.4s
[ACTUALIZAR PAGOS · AUTO] ✅ DescargasParalelasPaso finalizado. (⏱ 41.1s)
[ACTUALIZAR PAGOS · AUTO] ✓ [DescargasParalelasPaso] Completado.
[ACTUALIZAR PAGOS · AUTO] ▶ [CompararActasPaso] Iniciando...
[ACTUALIZAR PAGOS · AUTO] ==================================================
[ACTUALIZAR PAGOS · AUTO] 🚀 PASO: CompararActasPaso
[ACTUALIZAR PAGOS · AUTO] ==================================================
[ACTUALIZAR PAGOS · AUTO] 🔍 Comparando actas del SEMyT contra pagos del Juzgado...
[ACTUALIZAR PAGOS · AUTO] ================================================================================
[ACTUALIZAR PAGOS · AUTO] INICIANDO PROCESO DE GENERACIÓN DE PAGOS DESACTUALIZADOS
[ACTUALIZAR PAGOS · AUTO] ================================================================================
[ACTUALIZAR PAGOS · AUTO] 📂 Cargando archivos...
[ACTUALIZAR PAGOS · AUTO]   ✓ Pagos: 17170 registros
[ACTUALIZAR PAGOS · AUTO]   ✓ Excel SIGEMI (multas vencidas viejas): 103447 registros
[ACTUALIZAR PAGOS · AUTO]   ✓ Excel Juzgado (multas vencidas nuevas): 39948 registros
[ACTUALIZAR PAGOS · AUTO] ================================================================================
[ACTUALIZAR PAGOS · AUTO] PASO 1: LLENANDO ACTA_NUMERO (búsqueda por patente + fecha, con desempate por hora)
[ACTUALIZAR PAGOS · AUTO] ================================================================================
[ACTUALIZAR PAGOS · AUTO] 📊 ESTADÍSTICAS DE LLENADO DE ACTAS:
[ACTUALIZAR PAGOS · AUTO]   • Pagos con acta ORIGINAL: 3052
[ACTUALIZAR PAGOS · AUTO]   • Pagos SIN acta (buscados): 14118
[ACTUALIZAR PAGOS · AUTO]   • Pagos LLENADOS exitosamente: 2
[ACTUALIZAR PAGOS · AUTO]   • Pagos NO encontrados en multas: 14116
[ACTUALIZAR PAGOS · AUTO]   • Pagos SIN RESOLVER por desbalance de cantidades: 0
[ACTUALIZAR PAGOS · AUTO] ================================================================================
[ACTUALIZAR PAGOS · AUTO] PASO 1: LLENANDO ACTA_NUMERO (búsqueda por patente + fecha, con desempate por hora)
[ACTUALIZAR PAGOS · AUTO] ================================================================================
[ACTUALIZAR PAGOS · AUTO] 📊 ESTADÍSTICAS DE LLENADO DE ACTAS:
[ACTUALIZAR PAGOS · AUTO]   • Pagos con acta ORIGINAL: 3054
[ACTUALIZAR PAGOS · AUTO]   • Pagos SIN acta (buscados): 14116
[ACTUALIZAR PAGOS · AUTO]   • Pagos LLENADOS exitosamente: 0
[ACTUALIZAR PAGOS · AUTO]   • Pagos NO encontrados en multas: 14116
[ACTUALIZAR PAGOS · AUTO]   • Pagos SIN RESOLVER por desbalance de cantidades: 0
[ACTUALIZAR PAGOS · AUTO] ⏱ PASO 1 (llenar actas): 17.2s
[ACTUALIZAR PAGOS · AUTO] ================================================================================
[ACTUALIZAR PAGOS · AUTO] PASO 2: FILTRANDO PAGOS CON ACTA_NUMERO COMPLETO
[ACTUALIZAR PAGOS · AUTO] ================================================================================
[ACTUALIZAR PAGOS · AUTO] 📊 ESTADÍSTICAS DE FILTRADO:
[ACTUALIZAR PAGOS · AUTO]   • Pagos TOTALES al inicio: 17170
[ACTUALIZAR PAGOS · AUTO]   • Pagos CON acta (MANTIENEN): 3054
[ACTUALIZAR PAGOS · AUTO]   • Pagos RECHAZADOS (sin coincidencias): 14116
[ACTUALIZAR PAGOS · AUTO] ⚠️  Se eliminaron 14116 registros sin número de acta
[ACTUALIZAR PAGOS · AUTO]      (recordá: esto incluye tanto pagos ya actualizados/pagados
[ACTUALIZAR PAGOS · AUTO]       como pagos que quedaron sin resolver por desbalance en el Paso 1)
[ACTUALIZAR PAGOS · AUTO] ================================================================================
[ACTUALIZAR PAGOS · AUTO] PASO 2-bis: CONFIRMANDO VIGENCIA DE PAGOS DEL SISTEMA NUEVO (contra MULTAS_JUZGADO_CRUCE)
[ACTUALIZAR PAGOS · AUTO] ================================================================================
[ACTUALIZAR PAGOS · AUTO]   ⚠ 3051 pago(s) del sistema nuevo descartados: su acta ya no figura como vencida en MULTAS_JUZGADO_CRUCE (SEMyT ya los actualizó).
[ACTUALIZAR PAGOS · AUTO]   • Pagos del sistema nuevo descartados por ya estar actualizados: 3051
[ACTUALIZAR PAGOS · AUTO] ⏱ PASO 2 (filtrar): 1.0s
[ACTUALIZAR PAGOS · AUTO] 📂 Cargando maestro de causas SIGEMI...
[ACTUALIZAR PAGOS · AUTO]   ✓ Causas totales (maestro): 134069 registros
[ACTUALIZAR PAGOS · AUTO] ⏱ PASO 2.5 (causas simplificado): 0.1s
[ACTUALIZAR PAGOS · AUTO] ================================================================================
[ACTUALIZAR PAGOS · AUTO] PASO 2.5: ARMANDO causas.txt SIMPLIFICADO (cruce contra total_causas_sigemi.txt)
[ACTUALIZAR PAGOS · AUTO] ================================================================================
[ACTUALIZAR PAGOS · AUTO]   • Actas vencidas viejas (multas): 103447
[ACTUALIZAR PAGOS · AUTO]   • Causas totales en el maestro SIGEMI: 134069
[ACTUALIZAR PAGOS · AUTO]   • Causas que coinciden (simplificado): 103119
[ACTUALIZAR PAGOS · AUTO]   ✅ Archivo escrito: backend/descargas/causas/causas.txt
[ACTUALIZAR PAGOS · AUTO] ⏱ PASO 2.5 (causas simplificado): 2.3s
[ACTUALIZAR PAGOS · AUTO] ================================================================================
[ACTUALIZAR PAGOS · AUTO] PASO 3: LLENANDO CAUSA_NUMERO (según fecha de cambio de sistema, cruzando por acta + año)
[ACTUALIZAR PAGOS · AUTO] ================================================================================
[ACTUALIZAR PAGOS · AUTO] 📊 ESTADÍSTICAS DE LLENADO DE CAUSAS:
[ACTUALIZAR PAGOS · AUTO]   • Pagos con causa ORIGINAL: 1
[ACTUALIZAR PAGOS · AUTO]   • Causas encontradas en SIGEMI (actas viejas): 2
[ACTUALIZAR PAGOS · AUTO]   • Causas NO encontradas en SIGEMI: 0
[ACTUALIZAR PAGOS · AUTO]   • Causas asignadas automáticamente (actas nuevas): 0
[ACTUALIZAR PAGOS · AUTO] ⏱ PASO 3 (llenar causas): 0.0s
[ACTUALIZAR PAGOS · AUTO] ================================================================================
[ACTUALIZAR PAGOS · AUTO] PASO 4: ORDENANDO POR FECHA Y ACTA_NUMERO
[ACTUALIZAR PAGOS · AUTO] ================================================================================
[ACTUALIZAR PAGOS · AUTO] ✓ Pagos ordenados correctamente
[ACTUALIZAR PAGOS · AUTO]   • Primera entrada: Acta=11918, Fecha=17/07/2024
[ACTUALIZAR PAGOS · AUTO]   • Última entrada: Acta=351213, Fecha=18/11/2025
[ACTUALIZAR PAGOS · AUTO] 📝 Escribiendo archivo de salida...
[ACTUALIZAR PAGOS · AUTO]   ✅ Archivo escrito: backend/descargas/pagos/2026-07-24/PAGOS 20260724 164203.txt
[ACTUALIZAR PAGOS · AUTO]   ✅ Total registros: 463
[ACTUALIZAR PAGOS · AUTO] ⏱ PASO 4 (ordenar y escribir): 0.0s
[ACTUALIZAR PAGOS · AUTO] ================================================================================
[ACTUALIZAR PAGOS · AUTO] ✅ PROCESO COMPLETADO EXITOSAMENTE
[ACTUALIZAR PAGOS · AUTO] ================================================================================
[ACTUALIZAR PAGOS · AUTO] 📊 RESUMEN FINAL DEL PROCESAMIENTO:
[ACTUALIZAR PAGOS · AUTO]   ENTRADA:
[ACTUALIZAR PAGOS · AUTO]     • Pagos originales: 17170
[ACTUALIZAR PAGOS · AUTO]     • Multas SIGEMI cargadas: 103447
[ACTUALIZAR PAGOS · AUTO]     • Multas Juzgado cargadas: 39948
[ACTUALIZAR PAGOS · AUTO]     • Causas simplificadas (usadas para el cruce): 103119
[ACTUALIZAR PAGOS · AUTO]   PROCESO:
[ACTUALIZAR PAGOS · AUTO]     • Pagos rechazados sigemi: 14116
[ACTUALIZAR PAGOS · AUTO]     • Pagos rechazados juzgado: 3051
[ACTUALIZAR PAGOS · AUTO]   SALIDA:
[ACTUALIZAR PAGOS · AUTO]     • Pagos desactualizados procesados: 3
[ACTUALIZAR PAGOS · AUTO]     • Archivo final: backend/descargas/pagos/2026-07-24/PAGOS 20260724 164203.txt
[ACTUALIZAR PAGOS · AUTO]     • Ordenados por fecha: SÍ ✓
[ACTUALIZAR PAGOS · AUTO]     • Todos con ACTA_NUMERO: SÍ ✓
[ACTUALIZAR PAGOS · AUTO]     • Todos con CAUSA_NUMERO: SÍ ✓
[ACTUALIZAR PAGOS · AUTO] ✅ TXT de pagos (ya cruzado con actas y causas) generado en: backend/descargas/pagos/2026-07-24/PAGOS 20260724 164203.txt
[ACTUALIZAR PAGOS · AUTO] 🧹 TXT de pagos crudo eliminado (ya usado en el cruce): backend/descargas/pagos/2026-07-24/PAGOS DESCARGADOS.txt
[ACTUALIZAR PAGOS · AUTO] 🧹 Excel MULTAS_SIGEMI_CRUCE eliminado (ya usado en el cruce): backend/descargas/cache_actas_cruce/MULTAS_SIGEMI_CRUCE.xlsx
[ACTUALIZAR PAGOS · AUTO] 🧹 Excel MULTAS_JUZGADO_CRUCE eliminado (ya usado en el cruce): backend/descargas/cache_actas_cruce/MULTAS_JUZGADO_CRUCE.xlsx
[ACTUALIZAR PAGOS · AUTO] ✅ CompararActasPaso finalizado. (⏱ 46.6s)
[ACTUALIZAR PAGOS · AUTO] ✓ [CompararActasPaso] Completado.
[ACTUALIZAR PAGOS · AUTO] ▶ [CargarPagosPaso] Iniciando...
[ACTUALIZAR PAGOS · AUTO] ==================================================
[ACTUALIZAR PAGOS · AUTO] 🚀 PASO: CargarPagosPaso
[ACTUALIZAR PAGOS · AUTO] ==================================================
[ACTUALIZAR PAGOS · AUTO] 📤 Subiendo TXT de pagos al SEMyT...
[ACTUALIZAR PAGOS · AUTO] ✅ Importación de pagos completada con éxito.
[ACTUALIZAR PAGOS · AUTO] ✅ Archivo TXT de pagos cargado en el SEMyT correctamente.
[ACTUALIZAR PAGOS · AUTO] ✅ CargarPagosPaso finalizado. (⏱ 3.3s)
[ACTUALIZAR PAGOS · AUTO] ✓ [CargarPagosPaso] Completado.
[ACTUALIZAR PAGOS · AUTO] === Ejecución finalizada con éxito ===
🤖 [Automático] Es hora de actualizar pagos. Arrancando...
[ACTUALIZAR PAGOS · AUTO] === Inicio de ejecución: pagos ===
[ACTUALIZAR PAGOS · AUTO] ▶ [LoginSemytPaso] Iniciando...
[ACTUALIZAR PAGOS · AUTO] ==================================================
[ACTUALIZAR PAGOS · AUTO] 🚀 PASO: LoginSemytPaso
[ACTUALIZAR PAGOS · AUTO] ==================================================
[ACTUALIZAR PAGOS · AUTO] Abriendo SEMyT...
[ACTUALIZAR PAGOS · AUTO] ✅ [SEMyT] Sesión existente detectada. Login omitido.
[ACTUALIZAR PAGOS · AUTO] ✅ LoginSemytPaso finalizado. (⏱ 4.7s)
[ACTUALIZAR PAGOS · AUTO] ✓ [LoginSemytPaso] Completado.
[ACTUALIZAR PAGOS · AUTO] ▶ [LoginJuzgadoPaso] Iniciando...
[ACTUALIZAR PAGOS · AUTO] ==================================================
[ACTUALIZAR PAGOS · AUTO] 🚀 PASO: LoginJuzgadoPaso
[ACTUALIZAR PAGOS · AUTO] ==================================================
[ACTUALIZAR PAGOS · AUTO] Abriendo sitio municipalidad (CiDi)...
[ACTUALIZAR PAGOS · AUTO] ✅ [Juzgado] Sesión existente detectada. Login omitido.
[ACTUALIZAR PAGOS · AUTO] ✅ LoginJuzgadoPaso finalizado. (⏱ 1.1s)
[ACTUALIZAR PAGOS · AUTO] ✓ [LoginJuzgadoPaso] Completado.
[ACTUALIZAR PAGOS · AUTO] ▶ [DescargasParalelasPaso] Iniciando...
[ACTUALIZAR PAGOS · AUTO] ==================================================
[ACTUALIZAR PAGOS · AUTO] 🚀 PASO: DescargasParalelasPaso
[ACTUALIZAR PAGOS · AUTO] ==================================================
[ACTUALIZAR PAGOS · AUTO] 📤 Arrancando las 3 descargas en paralelo (mismo browser, páginas separadas)...
[ACTUALIZAR PAGOS · AUTO] Fecha Desde: 27/06/2024
[ACTUALIZAR PAGOS · AUTO] Fecha Hasta: 24/11/2025
[ACTUALIZAR PAGOS · AUTO] Fecha Desde: 25/11/2025
[ACTUALIZAR PAGOS · AUTO] Fecha Hasta: 24/07/2026
[ACTUALIZAR PAGOS · AUTO] Descargando Excel...
[ACTUALIZAR PAGOS · AUTO] Descargando Excel...
⏳ [Automático] Tocaba disparar 'pagos' pero ya hay una ejecución en curso (Actualizar pagos); esperando a que termine; se reintenta en breve sin perder el turno.
[ACTUALIZAR PAGOS · AUTO] Archivo descargado en: backend/descargas/cache_actas_cruce/MULTAS_JUZGADO_CRUCE.xlsx
[ACTUALIZAR PAGOS · AUTO] ⏱ [actas_juzgado] completado en 20.3s
[ACTUALIZAR PAGOS · AUTO] Archivo descargado en: backend/descargas/cache_actas_cruce/MULTAS_SIGEMI_CRUCE.xlsx
[ACTUALIZAR PAGOS · AUTO] ⏱ [actas_sigemi] completado en 41.5s
[ACTUALIZAR PAGOS · AUTO] ✅ TXT de pagos descargado en: backend/descargas/pagos/2026-07-24/PAGOS DESCARGADOS.txt
[ACTUALIZAR PAGOS · AUTO] ⏱ [pagos_txt] completado en 41.7s
[ACTUALIZAR PAGOS · AUTO] ⏱ TOTAL descargas en paralelo: 41.7s
[ACTUALIZAR PAGOS · AUTO] ✅ DescargasParalelasPaso finalizado. (⏱ 43.1s)
[ACTUALIZAR PAGOS · AUTO] ✓ [DescargasParalelasPaso] Completado.
[ACTUALIZAR PAGOS · AUTO] ▶ [CompararActasPaso] Iniciando...
[ACTUALIZAR PAGOS · AUTO] ==================================================
[ACTUALIZAR PAGOS · AUTO] 🚀 PASO: CompararActasPaso
[ACTUALIZAR PAGOS · AUTO] ==================================================
[ACTUALIZAR PAGOS · AUTO] 🔍 Comparando actas del SEMyT contra pagos del Juzgado...
[ACTUALIZAR PAGOS · AUTO] ================================================================================
[ACTUALIZAR PAGOS · AUTO] INICIANDO PROCESO DE GENERACIÓN DE PAGOS DESACTUALIZADOS
[ACTUALIZAR PAGOS · AUTO] ================================================================================
[ACTUALIZAR PAGOS · AUTO] 📂 Cargando archivos...
[ACTUALIZAR PAGOS · AUTO]   ✓ Pagos: 17171 registros
[ACTUALIZAR PAGOS · AUTO]   ✓ Excel SIGEMI (multas vencidas viejas): 103445 registros
[ACTUALIZAR PAGOS · AUTO]   ✓ Excel Juzgado (multas vencidas nuevas): 39948 registros
[ACTUALIZAR PAGOS · AUTO] ================================================================================
[ACTUALIZAR PAGOS · AUTO] PASO 1: LLENANDO ACTA_NUMERO (búsqueda por patente + fecha, con desempate por hora)
[ACTUALIZAR PAGOS · AUTO] ================================================================================
[ACTUALIZAR PAGOS · AUTO] 📊 ESTADÍSTICAS DE LLENADO DE ACTAS:
[ACTUALIZAR PAGOS · AUTO]   • Pagos con acta ORIGINAL: 3053
[ACTUALIZAR PAGOS · AUTO]   • Pagos SIN acta (buscados): 14118
[ACTUALIZAR PAGOS · AUTO]   • Pagos LLENADOS exitosamente: 0
[ACTUALIZAR PAGOS · AUTO]   • Pagos NO encontrados en multas: 14118
[ACTUALIZAR PAGOS · AUTO]   • Pagos SIN RESOLVER por desbalance de cantidades: 0
[ACTUALIZAR PAGOS · AUTO] ================================================================================
[ACTUALIZAR PAGOS · AUTO] PASO 1: LLENANDO ACTA_NUMERO (búsqueda por patente + fecha, con desempate por hora)
[ACTUALIZAR PAGOS · AUTO] ================================================================================
[ACTUALIZAR PAGOS · AUTO] 📊 ESTADÍSTICAS DE LLENADO DE ACTAS:
[ACTUALIZAR PAGOS · AUTO]   • Pagos con acta ORIGINAL: 3053
[ACTUALIZAR PAGOS · AUTO]   • Pagos SIN acta (buscados): 14118
[ACTUALIZAR PAGOS · AUTO]   • Pagos LLENADOS exitosamente: 0
[ACTUALIZAR PAGOS · AUTO]   • Pagos NO encontrados en multas: 14118
[ACTUALIZAR PAGOS · AUTO]   • Pagos SIN RESOLVER por desbalance de cantidades: 0
[ACTUALIZAR PAGOS · AUTO] ⏱ PASO 1 (llenar actas): 16.8s
[ACTUALIZAR PAGOS · AUTO] ================================================================================
[ACTUALIZAR PAGOS · AUTO] PASO 2: FILTRANDO PAGOS CON ACTA_NUMERO COMPLETO
[ACTUALIZAR PAGOS · AUTO] ================================================================================
[ACTUALIZAR PAGOS · AUTO] 📊 ESTADÍSTICAS DE FILTRADO:
[ACTUALIZAR PAGOS · AUTO]   • Pagos TOTALES al inicio: 17171
[ACTUALIZAR PAGOS · AUTO]   • Pagos CON acta (MANTIENEN): 3053
[ACTUALIZAR PAGOS · AUTO]   • Pagos RECHAZADOS (sin coincidencias): 14118
[ACTUALIZAR PAGOS · AUTO] ⚠️  Se eliminaron 14118 registros sin número de acta
[ACTUALIZAR PAGOS · AUTO]      (recordá: esto incluye tanto pagos ya actualizados/pagados
[ACTUALIZAR PAGOS · AUTO]       como pagos que quedaron sin resolver por desbalance en el Paso 1)
[ACTUALIZAR PAGOS · AUTO] ================================================================================
[ACTUALIZAR PAGOS · AUTO] PASO 2-bis: CONFIRMANDO VIGENCIA DE PAGOS DEL SISTEMA NUEVO (contra MULTAS_JUZGADO_CRUCE)
[ACTUALIZAR PAGOS · AUTO] ================================================================================
[ACTUALIZAR PAGOS · AUTO]   ⚠ 3051 pago(s) del sistema nuevo descartados: su acta ya no figura como vencida en MULTAS_JUZGADO_CRUCE (SEMyT ya los actualizó).
[ACTUALIZAR PAGOS · AUTO]   • Pagos del sistema nuevo descartados por ya estar actualizados: 3051
[ACTUALIZAR PAGOS · AUTO] ⏱ PASO 2 (filtrar): 0.8s
[ACTUALIZAR PAGOS · AUTO] 📂 Cargando maestro de causas SIGEMI...
[ACTUALIZAR PAGOS · AUTO]   ✓ Causas totales (maestro): 134069 registros
[ACTUALIZAR PAGOS · AUTO] ⏱ PASO 2.5 (causas simplificado): 0.1s
[ACTUALIZAR PAGOS · AUTO] ================================================================================
[ACTUALIZAR PAGOS · AUTO] PASO 2.5: ARMANDO causas.txt SIMPLIFICADO (cruce contra total_causas_sigemi.txt)
[ACTUALIZAR PAGOS · AUTO] ================================================================================
[ACTUALIZAR PAGOS · AUTO]   • Actas vencidas viejas (multas): 103445
[ACTUALIZAR PAGOS · AUTO]   • Causas totales en el maestro SIGEMI: 134069
[ACTUALIZAR PAGOS · AUTO]   • Causas que coinciden (simplificado): 103117
[ACTUALIZAR PAGOS · AUTO]   ✅ Archivo escrito: backend/descargas/causas/causas.txt
[ACTUALIZAR PAGOS · AUTO] ⏱ PASO 2.5 (causas simplificado): 2.4s
[ACTUALIZAR PAGOS · AUTO] ================================================================================
[ACTUALIZAR PAGOS · AUTO] PASO 3: LLENANDO CAUSA_NUMERO (según fecha de cambio de sistema, cruzando por acta + año)
[ACTUALIZAR PAGOS · AUTO] ================================================================================
[ACTUALIZAR PAGOS · AUTO] 📊 ESTADÍSTICAS DE LLENADO DE CAUSAS:
[ACTUALIZAR PAGOS · AUTO]   • Pagos con causa ORIGINAL: 2
[ACTUALIZAR PAGOS · AUTO]   • Causas encontradas en SIGEMI (actas viejas): 0
[ACTUALIZAR PAGOS · AUTO]   • Causas NO encontradas en SIGEMI: 0
[ACTUALIZAR PAGOS · AUTO]   • Causas asignadas automáticamente (actas nuevas): 0
[ACTUALIZAR PAGOS · AUTO] ⏱ PASO 3 (llenar causas): 0.0s
[ACTUALIZAR PAGOS · AUTO] ================================================================================
[ACTUALIZAR PAGOS · AUTO] PASO 4: ORDENANDO POR FECHA Y ACTA_NUMERO
[ACTUALIZAR PAGOS · AUTO] ================================================================================
[ACTUALIZAR PAGOS · AUTO] ✓ Pagos ordenados correctamente
[ACTUALIZAR PAGOS · AUTO]   • Primera entrada: Acta=351213, Fecha=18/11/2025
[ACTUALIZAR PAGOS · AUTO]   • Última entrada: Acta=260817, Fecha=02/02/2026
[ACTUALIZAR PAGOS · AUTO] 📝 Escribiendo archivo de salida...
[ACTUALIZAR PAGOS · AUTO]   ✅ Archivo escrito: backend/descargas/pagos/2026-07-24/PAGOS 20260724 165359.txt
[ACTUALIZAR PAGOS · AUTO]   ✅ Total registros: 351
[ACTUALIZAR PAGOS · AUTO] ⏱ PASO 4 (ordenar y escribir): 0.0s
[ACTUALIZAR PAGOS · AUTO] ================================================================================
[ACTUALIZAR PAGOS · AUTO] ✅ PROCESO COMPLETADO EXITOSAMENTE
[ACTUALIZAR PAGOS · AUTO] ================================================================================
[ACTUALIZAR PAGOS · AUTO] 📊 RESUMEN FINAL DEL PROCESAMIENTO:
[ACTUALIZAR PAGOS · AUTO]   ENTRADA:
[ACTUALIZAR PAGOS · AUTO]     • Pagos originales: 17171
[ACTUALIZAR PAGOS · AUTO]     • Multas SIGEMI cargadas: 103445
[ACTUALIZAR PAGOS · AUTO]     • Multas Juzgado cargadas: 39948
[ACTUALIZAR PAGOS · AUTO]     • Causas simplificadas (usadas para el cruce): 103117
[ACTUALIZAR PAGOS · AUTO]   PROCESO:
[ACTUALIZAR PAGOS · AUTO]     • Pagos rechazados sigemi: 14118
[ACTUALIZAR PAGOS · AUTO]     • Pagos rechazados juzgado: 3051
[ACTUALIZAR PAGOS · AUTO]   SALIDA:
[ACTUALIZAR PAGOS · AUTO]     • Pagos desactualizados procesados: 2
[ACTUALIZAR PAGOS · AUTO]     • Archivo final: backend/descargas/pagos/2026-07-24/PAGOS 20260724 165359.txt
[ACTUALIZAR PAGOS · AUTO]     • Ordenados por fecha: SÍ ✓
[ACTUALIZAR PAGOS · AUTO]     • Todos con ACTA_NUMERO: SÍ ✓
[ACTUALIZAR PAGOS · AUTO]     • Todos con CAUSA_NUMERO: SÍ ✓
[ACTUALIZAR PAGOS · AUTO] ✅ TXT de pagos (ya cruzado con actas y causas) generado en: backend/descargas/pagos/2026-07-24/PAGOS 20260724 165359.txt
[ACTUALIZAR PAGOS · AUTO] 🧹 TXT de pagos crudo eliminado (ya usado en el cruce): backend/descargas/pagos/2026-07-24/PAGOS DESCARGADOS.txt
[ACTUALIZAR PAGOS · AUTO] 🧹 Excel MULTAS_SIGEMI_CRUCE eliminado (ya usado en el cruce): backend/descargas/cache_actas_cruce/MULTAS_SIGEMI_CRUCE.xlsx
[ACTUALIZAR PAGOS · AUTO] 🧹 Excel MULTAS_JUZGADO_CRUCE eliminado (ya usado en el cruce): backend/descargas/cache_actas_cruce/MULTAS_JUZGADO_CRUCE.xlsx
[ACTUALIZAR PAGOS · AUTO] ✅ CompararActasPaso finalizado. (⏱ 46.3s)
[ACTUALIZAR PAGOS · AUTO] ✓ [CompararActasPaso] Completado.
[ACTUALIZAR PAGOS · AUTO] ▶ [CargarPagosPaso] Iniciando...
[ACTUALIZAR PAGOS · AUTO] ==================================================
[ACTUALIZAR PAGOS · AUTO] 🚀 PASO: CargarPagosPaso
[ACTUALIZAR PAGOS · AUTO] ==================================================
[ACTUALIZAR PAGOS · AUTO] 📤 Subiendo TXT de pagos al SEMyT...
[ACTUALIZAR PAGOS · AUTO] ✅ Importación de pagos completada con éxito.
[ACTUALIZAR PAGOS · AUTO] ✅ Archivo TXT de pagos cargado en el SEMyT correctamente.
[ACTUALIZAR PAGOS · AUTO] ✅ CargarPagosPaso finalizado. (⏱ 3.4s)
[ACTUALIZAR PAGOS · AUTO] ✓ [CargarPagosPaso] Completado.
[ACTUALIZAR PAGOS · AUTO] === Ejecución finalizada con éxito ===
🤖 [Automático] Es hora de actualizar pagos. Arrancando...
[ACTUALIZAR PAGOS · AUTO] === Inicio de ejecución: pagos ===
[ACTUALIZAR PAGOS · AUTO] ▶ [LoginSemytPaso] Iniciando...
[ACTUALIZAR PAGOS · AUTO] ==================================================
[ACTUALIZAR PAGOS · AUTO] 🚀 PASO: LoginSemytPaso
[ACTUALIZAR PAGOS · AUTO] ==================================================
[ACTUALIZAR PAGOS · AUTO] Abriendo SEMyT...
[ACTUALIZAR PAGOS · AUTO] ✅ [SEMyT] Sesión existente detectada. Login omitido.
[ACTUALIZAR PAGOS · AUTO] ✅ LoginSemytPaso finalizado. (⏱ 4.5s)
[ACTUALIZAR PAGOS · AUTO] ✓ [LoginSemytPaso] Completado.
[ACTUALIZAR PAGOS · AUTO] ▶ [LoginJuzgadoPaso] Iniciando...
[ACTUALIZAR PAGOS · AUTO] ==================================================
[ACTUALIZAR PAGOS · AUTO] 🚀 PASO: LoginJuzgadoPaso
[ACTUALIZAR PAGOS · AUTO] ==================================================
[ACTUALIZAR PAGOS · AUTO] Abriendo sitio municipalidad (CiDi)...
[ACTUALIZAR PAGOS · AUTO] ✅ [Juzgado] Sesión existente detectada. Login omitido.
[ACTUALIZAR PAGOS · AUTO] ✅ LoginJuzgadoPaso finalizado. (⏱ 1.6s)
[ACTUALIZAR PAGOS · AUTO] ✓ [LoginJuzgadoPaso] Completado.
[ACTUALIZAR PAGOS · AUTO] ▶ [DescargasParalelasPaso] Iniciando...
[ACTUALIZAR PAGOS · AUTO] ==================================================
[ACTUALIZAR PAGOS · AUTO] 🚀 PASO: DescargasParalelasPaso
[ACTUALIZAR PAGOS · AUTO] ==================================================
[ACTUALIZAR PAGOS · AUTO] 📤 Arrancando las 3 descargas en paralelo (mismo browser, páginas separadas)...
[ACTUALIZAR PAGOS · AUTO] Fecha Desde: 27/06/2024
[ACTUALIZAR PAGOS · AUTO] Fecha Hasta: 24/11/2025
[ACTUALIZAR PAGOS · AUTO] Fecha Desde: 25/11/2025
[ACTUALIZAR PAGOS · AUTO] Fecha Hasta: 24/07/2026
[ACTUALIZAR PAGOS · AUTO] Descargando Excel...
[ACTUALIZAR PAGOS · AUTO] Descargando Excel...
⏳ [Automático] Tocaba disparar 'pagos' pero ya hay una ejecución en curso (Actualizar pagos); esperando a que termine; se reintenta en breve sin perder el turno.
[ACTUALIZAR PAGOS · AUTO] Archivo descargado en: backend/descargas/cache_actas_cruce/MULTAS_JUZGADO_CRUCE.xlsx
[ACTUALIZAR PAGOS · AUTO] ⏱ [actas_juzgado] completado en 20.0s
[ACTUALIZAR PAGOS · AUTO] Archivo descargado en: backend/descargas/cache_actas_cruce/MULTAS_SIGEMI_CRUCE.xlsx
[ACTUALIZAR PAGOS · AUTO] ⏱ [actas_sigemi] completado en 43.1s
[ACTUALIZAR PAGOS · AUTO] ✅ TXT de pagos descargado en: backend/descargas/pagos/2026-07-24/PAGOS DESCARGADOS.txt
[ACTUALIZAR PAGOS · AUTO] ⏱ [pagos_txt] completado en 43.2s
[ACTUALIZAR PAGOS · AUTO] ⏱ TOTAL descargas en paralelo: 43.2s
[ACTUALIZAR PAGOS · AUTO] ✅ DescargasParalelasPaso finalizado. (⏱ 44.5s)
[ACTUALIZAR PAGOS · AUTO] ✓ [DescargasParalelasPaso] Completado.
[ACTUALIZAR PAGOS · AUTO] ▶ [CompararActasPaso] Iniciando...
[ACTUALIZAR PAGOS · AUTO] ==================================================
[ACTUALIZAR PAGOS · AUTO] 🚀 PASO: CompararActasPaso
[ACTUALIZAR PAGOS · AUTO] ==================================================
[ACTUALIZAR PAGOS · AUTO] 🔍 Comparando actas del SEMyT contra pagos del Juzgado...
[ACTUALIZAR PAGOS · AUTO] ================================================================================
[ACTUALIZAR PAGOS · AUTO] INICIANDO PROCESO DE GENERACIÓN DE PAGOS DESACTUALIZADOS
[ACTUALIZAR PAGOS · AUTO] ================================================================================
[ACTUALIZAR PAGOS · AUTO] 📂 Cargando archivos...
[ACTUALIZAR PAGOS · AUTO]   ✓ Pagos: 17195 registros
[ACTUALIZAR PAGOS · AUTO]   ✓ Excel SIGEMI (multas vencidas viejas): 103445 registros
[ACTUALIZAR PAGOS · AUTO]   ✓ Excel Juzgado (multas vencidas nuevas): 39947 registros
[ACTUALIZAR PAGOS · AUTO] ================================================================================
[ACTUALIZAR PAGOS · AUTO] PASO 1: LLENANDO ACTA_NUMERO (búsqueda por patente + fecha, con desempate por hora)
[ACTUALIZAR PAGOS · AUTO] ================================================================================
[ACTUALIZAR PAGOS · AUTO] 📊 ESTADÍSTICAS DE LLENADO DE ACTAS:
[ACTUALIZAR PAGOS · AUTO]   • Pagos con acta ORIGINAL: 3076
[ACTUALIZAR PAGOS · AUTO]   • Pagos SIN acta (buscados): 14119
[ACTUALIZAR PAGOS · AUTO]   • Pagos LLENADOS exitosamente: 1
[ACTUALIZAR PAGOS · AUTO]   • Pagos NO encontrados en multas: 14118
[ACTUALIZAR PAGOS · AUTO]   • Pagos SIN RESOLVER por desbalance de cantidades: 0
[ACTUALIZAR PAGOS · AUTO] ================================================================================
[ACTUALIZAR PAGOS · AUTO] PASO 1: LLENANDO ACTA_NUMERO (búsqueda por patente + fecha, con desempate por hora)
[ACTUALIZAR PAGOS · AUTO] ================================================================================
[ACTUALIZAR PAGOS · AUTO] 📊 ESTADÍSTICAS DE LLENADO DE ACTAS:
[ACTUALIZAR PAGOS · AUTO]   • Pagos con acta ORIGINAL: 3077
[ACTUALIZAR PAGOS · AUTO]   • Pagos SIN acta (buscados): 14118
[ACTUALIZAR PAGOS · AUTO]   • Pagos LLENADOS exitosamente: 0
[ACTUALIZAR PAGOS · AUTO]   • Pagos NO encontrados en multas: 14118
[ACTUALIZAR PAGOS · AUTO]   • Pagos SIN RESOLVER por desbalance de cantidades: 0
[ACTUALIZAR PAGOS · AUTO] ⏱ PASO 1 (llenar actas): 17.3s
[ACTUALIZAR PAGOS · AUTO] ================================================================================
[ACTUALIZAR PAGOS · AUTO] PASO 2: FILTRANDO PAGOS CON ACTA_NUMERO COMPLETO
[ACTUALIZAR PAGOS · AUTO] ================================================================================
[ACTUALIZAR PAGOS · AUTO] 📊 ESTADÍSTICAS DE FILTRADO:
[ACTUALIZAR PAGOS · AUTO]   • Pagos TOTALES al inicio: 17195
[ACTUALIZAR PAGOS · AUTO]   • Pagos CON acta (MANTIENEN): 3077
[ACTUALIZAR PAGOS · AUTO]   • Pagos RECHAZADOS (sin coincidencias): 14118
[ACTUALIZAR PAGOS · AUTO] ⚠️  Se eliminaron 14118 registros sin número de acta
[ACTUALIZAR PAGOS · AUTO]      (recordá: esto incluye tanto pagos ya actualizados/pagados
[ACTUALIZAR PAGOS · AUTO]       como pagos que quedaron sin resolver por desbalance en el Paso 1)
[ACTUALIZAR PAGOS · AUTO] ================================================================================
[ACTUALIZAR PAGOS · AUTO] PASO 2-bis: CONFIRMANDO VIGENCIA DE PAGOS DEL SISTEMA NUEVO (contra MULTAS_JUZGADO_CRUCE)
[ACTUALIZAR PAGOS · AUTO] ================================================================================
[ACTUALIZAR PAGOS · AUTO]   ⚠ 3053 pago(s) del sistema nuevo descartados: su acta ya no figura como vencida en MULTAS_JUZGADO_CRUCE (SEMyT ya los actualizó).
[ACTUALIZAR PAGOS · AUTO]   • Pagos del sistema nuevo descartados por ya estar actualizados: 3053
[ACTUALIZAR PAGOS · AUTO] ⏱ PASO 2 (filtrar): 1.4s
[ACTUALIZAR PAGOS · AUTO] 📂 Cargando maestro de causas SIGEMI...
[ACTUALIZAR PAGOS · AUTO]   ✓ Causas totales (maestro): 134069 registros
[ACTUALIZAR PAGOS · AUTO] ⏱ PASO 2.5 (causas simplificado): 0.2s
[ACTUALIZAR PAGOS · AUTO] ================================================================================
[ACTUALIZAR PAGOS · AUTO] PASO 2.5: ARMANDO causas.txt SIMPLIFICADO (cruce contra total_causas_sigemi.txt)
[ACTUALIZAR PAGOS · AUTO] ================================================================================
[ACTUALIZAR PAGOS · AUTO]   • Actas vencidas viejas (multas): 103445
[ACTUALIZAR PAGOS · AUTO]   • Causas totales en el maestro SIGEMI: 134069
[ACTUALIZAR PAGOS · AUTO]   • Causas que coinciden (simplificado): 103117
[ACTUALIZAR PAGOS · AUTO]   ✅ Archivo escrito: backend/descargas/causas/causas.txt
[ACTUALIZAR PAGOS · AUTO] ⏱ PASO 2.5 (causas simplificado): 2.6s
[ACTUALIZAR PAGOS · AUTO] ================================================================================
[ACTUALIZAR PAGOS · AUTO] PASO 3: LLENANDO CAUSA_NUMERO (según fecha de cambio de sistema, cruzando por acta + año)
[ACTUALIZAR PAGOS · AUTO] ================================================================================
[ACTUALIZAR PAGOS · AUTO] 📊 ESTADÍSTICAS DE LLENADO DE CAUSAS:
[ACTUALIZAR PAGOS · AUTO]   • Pagos con causa ORIGINAL: 23
[ACTUALIZAR PAGOS · AUTO]   • Causas encontradas en SIGEMI (actas viejas): 1
[ACTUALIZAR PAGOS · AUTO]   • Causas NO encontradas en SIGEMI: 0
[ACTUALIZAR PAGOS · AUTO]   • Causas asignadas automáticamente (actas nuevas): 0
[ACTUALIZAR PAGOS · AUTO] ⏱ PASO 3 (llenar causas): 0.0s
[ACTUALIZAR PAGOS · AUTO] ================================================================================
[ACTUALIZAR PAGOS · AUTO] PASO 4: ORDENANDO POR FECHA Y ACTA_NUMERO
[ACTUALIZAR PAGOS · AUTO] ================================================================================
[ACTUALIZAR PAGOS · AUTO] ✓ Pagos ordenados correctamente
[ACTUALIZAR PAGOS · AUTO]   • Primera entrada: Acta=205294, Fecha=16/09/2025
[ACTUALIZAR PAGOS · AUTO]   • Última entrada: Acta=317254, Fecha=20/05/2026
[ACTUALIZAR PAGOS · AUTO] 📝 Escribiendo archivo de salida...
[ACTUALIZAR PAGOS · AUTO]   ✅ Archivo escrito: backend/descargas/pagos/2026-07-24/PAGOS 20260724 170553.txt
[ACTUALIZAR PAGOS · AUTO]   ✅ Total registros: 2579
[ACTUALIZAR PAGOS · AUTO] ⏱ PASO 4 (ordenar y escribir): 0.0s
[ACTUALIZAR PAGOS · AUTO] ================================================================================
[ACTUALIZAR PAGOS · AUTO] ✅ PROCESO COMPLETADO EXITOSAMENTE
[ACTUALIZAR PAGOS · AUTO] ================================================================================
[ACTUALIZAR PAGOS · AUTO] 📊 RESUMEN FINAL DEL PROCESAMIENTO:
[ACTUALIZAR PAGOS · AUTO]   ENTRADA:
[ACTUALIZAR PAGOS · AUTO]     • Pagos originales: 17195
[ACTUALIZAR PAGOS · AUTO]     • Multas SIGEMI cargadas: 103445
[ACTUALIZAR PAGOS · AUTO]     • Multas Juzgado cargadas: 39947
[ACTUALIZAR PAGOS · AUTO]     • Causas simplificadas (usadas para el cruce): 103117
[ACTUALIZAR PAGOS · AUTO]   PROCESO:
[ACTUALIZAR PAGOS · AUTO]     • Pagos rechazados sigemi: 14118
[ACTUALIZAR PAGOS · AUTO]     • Pagos rechazados juzgado: 3053
[ACTUALIZAR PAGOS · AUTO]   SALIDA:
[ACTUALIZAR PAGOS · AUTO]     • Pagos desactualizados procesados: 24
[ACTUALIZAR PAGOS · AUTO]     • Archivo final: backend/descargas/pagos/2026-07-24/PAGOS 20260724 170553.txt
[ACTUALIZAR PAGOS · AUTO]     • Ordenados por fecha: SÍ ✓
[ACTUALIZAR PAGOS · AUTO]     • Todos con ACTA_NUMERO: SÍ ✓
[ACTUALIZAR PAGOS · AUTO]     • Todos con CAUSA_NUMERO: SÍ ✓
[ACTUALIZAR PAGOS · AUTO] ✅ TXT de pagos (ya cruzado con actas y causas) generado en: backend/descargas/pagos/2026-07-24/PAGOS 20260724 170553.txt
[ACTUALIZAR PAGOS · AUTO] 🧹 TXT de pagos crudo eliminado (ya usado en el cruce): backend/descargas/pagos/2026-07-24/PAGOS DESCARGADOS.txt
[ACTUALIZAR PAGOS · AUTO] 🧹 Excel MULTAS_SIGEMI_CRUCE eliminado (ya usado en el cruce): backend/descargas/cache_actas_cruce/MULTAS_SIGEMI_CRUCE.xlsx
[ACTUALIZAR PAGOS · AUTO] 🧹 Excel MULTAS_JUZGADO_CRUCE eliminado (ya usado en el cruce): backend/descargas/cache_actas_cruce/MULTAS_JUZGADO_CRUCE.xlsx
[ACTUALIZAR PAGOS · AUTO] ✅ CompararActasPaso finalizado. (⏱ 48.3s)
[ACTUALIZAR PAGOS · AUTO] ✓ [CompararActasPaso] Completado.
[ACTUALIZAR PAGOS · AUTO] ▶ [CargarPagosPaso] Iniciando...
[ACTUALIZAR PAGOS · AUTO] ==================================================
[ACTUALIZAR PAGOS · AUTO] 🚀 PASO: CargarPagosPaso
[ACTUALIZAR PAGOS · AUTO] ==================================================
[ACTUALIZAR PAGOS · AUTO] 📤 Subiendo TXT de pagos al SEMyT...
[ACTUALIZAR PAGOS · AUTO] ✅ Importación de pagos completada con éxito.
[ACTUALIZAR PAGOS · AUTO] ✅ Archivo TXT de pagos cargado en el SEMyT correctamente.
[ACTUALIZAR PAGOS · AUTO] ✅ CargarPagosPaso finalizado. (⏱ 3.8s)
[ACTUALIZAR PAGOS · AUTO] ✓ [CargarPagosPaso] Completado.
[ACTUALIZAR PAGOS · AUTO] === Ejecución finalizada con éxito ===
🤖 [Automático] Es hora de actualizar pagos. Arrancando...
[ACTUALIZAR PAGOS · AUTO] === Inicio de ejecución: pagos ===
[ACTUALIZAR PAGOS · AUTO] ▶ [LoginSemytPaso] Iniciando...
[ACTUALIZAR PAGOS · AUTO] ==================================================
[ACTUALIZAR PAGOS · AUTO] 🚀 PASO: LoginSemytPaso
[ACTUALIZAR PAGOS · AUTO] ==================================================
[ACTUALIZAR PAGOS · AUTO] Abriendo SEMyT...
[ACTUALIZAR PAGOS · AUTO] ✅ [SEMyT] Sesión existente detectada. Login omitido.
[ACTUALIZAR PAGOS · AUTO] ✅ LoginSemytPaso finalizado. (⏱ 5.5s)
[ACTUALIZAR PAGOS · AUTO] ✓ [LoginSemytPaso] Completado.
[ACTUALIZAR PAGOS · AUTO] ▶ [LoginJuzgadoPaso] Iniciando...
[ACTUALIZAR PAGOS · AUTO] ==================================================
[ACTUALIZAR PAGOS · AUTO] 🚀 PASO: LoginJuzgadoPaso
[ACTUALIZAR PAGOS · AUTO] ==================================================
[ACTUALIZAR PAGOS · AUTO] Abriendo sitio municipalidad (CiDi)...
[ACTUALIZAR PAGOS · AUTO] ✅ [Juzgado] Sesión existente detectada. Login omitido.
[ACTUALIZAR PAGOS · AUTO] ✅ LoginJuzgadoPaso finalizado. (⏱ 1.3s)
[ACTUALIZAR PAGOS · AUTO] ✓ [LoginJuzgadoPaso] Completado.
[ACTUALIZAR PAGOS · AUTO] ▶ [DescargasParalelasPaso] Iniciando...
[ACTUALIZAR PAGOS · AUTO] ==================================================
[ACTUALIZAR PAGOS · AUTO] 🚀 PASO: DescargasParalelasPaso
[ACTUALIZAR PAGOS · AUTO] ==================================================
[ACTUALIZAR PAGOS · AUTO] 📤 Arrancando las 3 descargas en paralelo (mismo browser, páginas separadas)...
[ACTUALIZAR PAGOS · AUTO] Fecha Desde: 27/06/2024
[ACTUALIZAR PAGOS · AUTO] Fecha Hasta: 24/11/2025
[ACTUALIZAR PAGOS · AUTO] Fecha Desde: 25/11/2025
[ACTUALIZAR PAGOS · AUTO] Fecha Hasta: 24/07/2026
[ACTUALIZAR PAGOS · AUTO] Descargando Excel...
[ACTUALIZAR PAGOS · AUTO] Descargando Excel...
⏳ [Automático] Tocaba disparar 'pagos' pero ya hay una ejecución en curso (Actualizar pagos); esperando a que termine; se reintenta en breve sin perder el turno.
[ACTUALIZAR PAGOS · AUTO] Archivo descargado en: backend/descargas/cache_actas_cruce/MULTAS_JUZGADO_CRUCE.xlsx
[ACTUALIZAR PAGOS · AUTO] ⏱ [actas_juzgado] completado en 19.3s
[ACTUALIZAR PAGOS · AUTO] ✅ TXT de pagos descargado en: backend/descargas/pagos/2026-07-24/PAGOS DESCARGADOS.txt
[ACTUALIZAR PAGOS · AUTO] ⏱ [pagos_txt] completado en 22.7s
[ACTUALIZAR PAGOS · AUTO] Archivo descargado en: backend/descargas/cache_actas_cruce/MULTAS_SIGEMI_CRUCE.xlsx
[ACTUALIZAR PAGOS · AUTO] ⏱ [actas_sigemi] completado en 42.6s
[ACTUALIZAR PAGOS · AUTO] ⏱ TOTAL descargas en paralelo: 42.6s
[ACTUALIZAR PAGOS · AUTO] ✅ DescargasParalelasPaso finalizado. (⏱ 44.3s)
[ACTUALIZAR PAGOS · AUTO] ✓ [DescargasParalelasPaso] Completado.
[ACTUALIZAR PAGOS · AUTO] ▶ [CompararActasPaso] Iniciando...
[ACTUALIZAR PAGOS · AUTO] ==================================================
[ACTUALIZAR PAGOS · AUTO] 🚀 PASO: CompararActasPaso
[ACTUALIZAR PAGOS · AUTO] ==================================================
[ACTUALIZAR PAGOS · AUTO] 🔍 Comparando actas del SEMyT contra pagos del Juzgado...
[ACTUALIZAR PAGOS · AUTO] ================================================================================
[ACTUALIZAR PAGOS · AUTO] INICIANDO PROCESO DE GENERACIÓN DE PAGOS DESACTUALIZADOS
[ACTUALIZAR PAGOS · AUTO] ================================================================================
[ACTUALIZAR PAGOS · AUTO] 📂 Cargando archivos...
[ACTUALIZAR PAGOS · AUTO]   ✓ Pagos: 17195 registros
[ACTUALIZAR PAGOS · AUTO]   ✓ Excel SIGEMI (multas vencidas viejas): 103443 registros
[ACTUALIZAR PAGOS · AUTO]   ✓ Excel Juzgado (multas vencidas nuevas): 39921 registros
[ACTUALIZAR PAGOS · AUTO] ================================================================================
[ACTUALIZAR PAGOS · AUTO] PASO 1: LLENANDO ACTA_NUMERO (búsqueda por patente + fecha, con desempate por hora)
[ACTUALIZAR PAGOS · AUTO] ================================================================================
[ACTUALIZAR PAGOS · AUTO] 📊 ESTADÍSTICAS DE LLENADO DE ACTAS:
[ACTUALIZAR PAGOS · AUTO]   • Pagos con acta ORIGINAL: 3076
[ACTUALIZAR PAGOS · AUTO]   • Pagos SIN acta (buscados): 14119
[ACTUALIZAR PAGOS · AUTO]   • Pagos LLENADOS exitosamente: 0
[ACTUALIZAR PAGOS · AUTO]   • Pagos NO encontrados en multas: 14119
[ACTUALIZAR PAGOS · AUTO]   • Pagos SIN RESOLVER por desbalance de cantidades: 0
[ACTUALIZAR PAGOS · AUTO] ================================================================================
[ACTUALIZAR PAGOS · AUTO] PASO 1: LLENANDO ACTA_NUMERO (búsqueda por patente + fecha, con desempate por hora)
[ACTUALIZAR PAGOS · AUTO] ================================================================================
[ACTUALIZAR PAGOS · AUTO] 📊 ESTADÍSTICAS DE LLENADO DE ACTAS:
[ACTUALIZAR PAGOS · AUTO]   • Pagos con acta ORIGINAL: 3076
[ACTUALIZAR PAGOS · AUTO]   • Pagos SIN acta (buscados): 14119
[ACTUALIZAR PAGOS · AUTO]   • Pagos LLENADOS exitosamente: 0
[ACTUALIZAR PAGOS · AUTO]   • Pagos NO encontrados en multas: 14119
[ACTUALIZAR PAGOS · AUTO]   • Pagos SIN RESOLVER por desbalance de cantidades: 0
[ACTUALIZAR PAGOS · AUTO] ⏱ PASO 1 (llenar actas): 17.4s
[ACTUALIZAR PAGOS · AUTO] ================================================================================
[ACTUALIZAR PAGOS · AUTO] PASO 2: FILTRANDO PAGOS CON ACTA_NUMERO COMPLETO
[ACTUALIZAR PAGOS · AUTO] ================================================================================
[ACTUALIZAR PAGOS · AUTO] 📊 ESTADÍSTICAS DE FILTRADO:
[ACTUALIZAR PAGOS · AUTO]   • Pagos TOTALES al inicio: 17195
[ACTUALIZAR PAGOS · AUTO]   • Pagos CON acta (MANTIENEN): 3076
[ACTUALIZAR PAGOS · AUTO]   • Pagos RECHAZADOS (sin coincidencias): 14119
[ACTUALIZAR PAGOS · AUTO] ⚠️  Se eliminaron 14119 registros sin número de acta
[ACTUALIZAR PAGOS · AUTO]      (recordá: esto incluye tanto pagos ya actualizados/pagados
[ACTUALIZAR PAGOS · AUTO]       como pagos que quedaron sin resolver por desbalance en el Paso 1)
[ACTUALIZAR PAGOS · AUTO] ================================================================================
[ACTUALIZAR PAGOS · AUTO] PASO 2-bis: CONFIRMANDO VIGENCIA DE PAGOS DEL SISTEMA NUEVO (contra MULTAS_JUZGADO_CRUCE)
[ACTUALIZAR PAGOS · AUTO] ================================================================================
[ACTUALIZAR PAGOS · AUTO]   ⚠ 3075 pago(s) del sistema nuevo descartados: su acta ya no figura como vencida en MULTAS_JUZGADO_CRUCE (SEMyT ya los actualizó).
[ACTUALIZAR PAGOS · AUTO]   • Pagos del sistema nuevo descartados por ya estar actualizados: 3075
[ACTUALIZAR PAGOS · AUTO] ⏱ PASO 2 (filtrar): 1.1s
[ACTUALIZAR PAGOS · AUTO] 📂 Cargando maestro de causas SIGEMI...
[ACTUALIZAR PAGOS · AUTO]   ✓ Causas totales (maestro): 134069 registros
[ACTUALIZAR PAGOS · AUTO] ⏱ PASO 2.5 (causas simplificado): 0.1s
[ACTUALIZAR PAGOS · AUTO] ================================================================================
[ACTUALIZAR PAGOS · AUTO] PASO 2.5: ARMANDO causas.txt SIMPLIFICADO (cruce contra total_causas_sigemi.txt)
[ACTUALIZAR PAGOS · AUTO] ================================================================================
[ACTUALIZAR PAGOS · AUTO]   • Actas vencidas viejas (multas): 103443
[ACTUALIZAR PAGOS · AUTO]   • Causas totales en el maestro SIGEMI: 134069
[ACTUALIZAR PAGOS · AUTO]   • Causas que coinciden (simplificado): 103115
[ACTUALIZAR PAGOS · AUTO]   ✅ Archivo escrito: backend/descargas/causas/causas.txt
[ACTUALIZAR PAGOS · AUTO] ⏱ PASO 2.5 (causas simplificado): 2.5s
[ACTUALIZAR PAGOS · AUTO] ================================================================================
[ACTUALIZAR PAGOS · AUTO] PASO 3: LLENANDO CAUSA_NUMERO (según fecha de cambio de sistema, cruzando por acta + año)
[ACTUALIZAR PAGOS · AUTO] ================================================================================
[ACTUALIZAR PAGOS · AUTO] 📊 ESTADÍSTICAS DE LLENADO DE CAUSAS:
[ACTUALIZAR PAGOS · AUTO]   • Pagos con causa ORIGINAL: 1
[ACTUALIZAR PAGOS · AUTO]   • Causas encontradas en SIGEMI (actas viejas): 0
[ACTUALIZAR PAGOS · AUTO]   • Causas NO encontradas en SIGEMI: 0
[ACTUALIZAR PAGOS · AUTO]   • Causas asignadas automáticamente (actas nuevas): 0
[ACTUALIZAR PAGOS · AUTO] ⏱ PASO 3 (llenar causas): 0.0s
[ACTUALIZAR PAGOS · AUTO] ================================================================================
[ACTUALIZAR PAGOS · AUTO] PASO 4: ORDENANDO POR FECHA Y ACTA_NUMERO
[ACTUALIZAR PAGOS · AUTO] ================================================================================
[ACTUALIZAR PAGOS · AUTO] ✓ Pagos ordenados correctamente
[ACTUALIZAR PAGOS · AUTO]   • Primera entrada: Acta=351213, Fecha=18/11/2025
[ACTUALIZAR PAGOS · AUTO]   • Última entrada: Acta=351213, Fecha=18/11/2025
[ACTUALIZAR PAGOS · AUTO] 📝 Escribiendo archivo de salida...
[ACTUALIZAR PAGOS · AUTO]   ✅ Archivo escrito: backend/descargas/pagos/2026-07-24/PAGOS 20260724 171746.txt
[ACTUALIZAR PAGOS · AUTO]   ✅ Total registros: 247
[ACTUALIZAR PAGOS · AUTO] ⏱ PASO 4 (ordenar y escribir): 0.0s
[ACTUALIZAR PAGOS · AUTO] ================================================================================
[ACTUALIZAR PAGOS · AUTO] ✅ PROCESO COMPLETADO EXITOSAMENTE
[ACTUALIZAR PAGOS · AUTO] ================================================================================
[ACTUALIZAR PAGOS · AUTO] 📊 RESUMEN FINAL DEL PROCESAMIENTO:
[ACTUALIZAR PAGOS · AUTO]   ENTRADA:
[ACTUALIZAR PAGOS · AUTO]     • Pagos originales: 17195
[ACTUALIZAR PAGOS · AUTO]     • Multas SIGEMI cargadas: 103443
[ACTUALIZAR PAGOS · AUTO]     • Multas Juzgado cargadas: 39921
[ACTUALIZAR PAGOS · AUTO]     • Causas simplificadas (usadas para el cruce): 103115
[ACTUALIZAR PAGOS · AUTO]   PROCESO:
[ACTUALIZAR PAGOS · AUTO]     • Pagos rechazados sigemi: 14119
[ACTUALIZAR PAGOS · AUTO]     • Pagos rechazados juzgado: 3075
[ACTUALIZAR PAGOS · AUTO]   SALIDA:
[ACTUALIZAR PAGOS · AUTO]     • Pagos desactualizados procesados: 1
[ACTUALIZAR PAGOS · AUTO]     • Archivo final: backend/descargas/pagos/2026-07-24/PAGOS 20260724 171746.txt
[ACTUALIZAR PAGOS · AUTO]     • Ordenados por fecha: SÍ ✓
[ACTUALIZAR PAGOS · AUTO]     • Todos con ACTA_NUMERO: SÍ ✓
[ACTUALIZAR PAGOS · AUTO]     • Todos con CAUSA_NUMERO: SÍ ✓
[ACTUALIZAR PAGOS · AUTO] ✅ TXT de pagos (ya cruzado con actas y causas) generado en: backend/descargas/pagos/2026-07-24/PAGOS 20260724 171746.txt
[ACTUALIZAR PAGOS · AUTO] 🧹 TXT de pagos crudo eliminado (ya usado en el cruce): backend/descargas/pagos/2026-07-24/PAGOS DESCARGADOS.txt
[ACTUALIZAR PAGOS · AUTO] 🧹 Excel MULTAS_SIGEMI_CRUCE eliminado (ya usado en el cruce): backend/descargas/cache_actas_cruce/MULTAS_SIGEMI_CRUCE.xlsx
[ACTUALIZAR PAGOS · AUTO] 🧹 Excel MULTAS_JUZGADO_CRUCE eliminado (ya usado en el cruce): backend/descargas/cache_actas_cruce/MULTAS_JUZGADO_CRUCE.xlsx
[ACTUALIZAR PAGOS · AUTO] ✅ CompararActasPaso finalizado. (⏱ 45.9s)
[ACTUALIZAR PAGOS · AUTO] ✓ [CompararActasPaso] Completado.
[ACTUALIZAR PAGOS · AUTO] ▶ [CargarPagosPaso] Iniciando...
[ACTUALIZAR PAGOS · AUTO] ==================================================
[ACTUALIZAR PAGOS · AUTO] 🚀 PASO: CargarPagosPaso
[ACTUALIZAR PAGOS · AUTO] ==================================================
[ACTUALIZAR PAGOS · AUTO] 📤 Subiendo TXT de pagos al SEMyT...
[ACTUALIZAR PAGOS · AUTO] ❌ No se encontraron actas para actualizar.
[ACTUALIZAR PAGOS · AUTO] 🧹 TXT sin actualizaciones eliminado: backend/descargas/pagos/2026-07-24/PAGOS 20260724 171746.txt
[ACTUALIZAR PAGOS · AUTO] ❌ No hubo pagos para actualizar. El TXT descargado fue eliminado.
[ACTUALIZAR PAGOS · AUTO] ✅ CargarPagosPaso finalizado. (⏱ 3.4s)
[ACTUALIZAR PAGOS · AUTO] ✓ [CargarPagosPaso] Completado.
[ACTUALIZAR PAGOS · AUTO] === Ejecución finalizada con éxito ===
[ACTUALIZAR PAGOS · AUTO] ℹ No se subió ningún archivo a ningún sistema externo en esta corrida: por política, el log detallado no se conserva en disco.
🤖 [Automático] Es hora de actualizar pagos. Arrancando...
[ACTUALIZAR PAGOS · AUTO] === Inicio de ejecución: pagos ===
[ACTUALIZAR PAGOS · AUTO] ▶ [LoginSemytPaso] Iniciando...
[ACTUALIZAR PAGOS · AUTO] ==================================================
[ACTUALIZAR PAGOS · AUTO] 🚀 PASO: LoginSemytPaso
[ACTUALIZAR PAGOS · AUTO] ==================================================
[ACTUALIZAR PAGOS · AUTO] Abriendo SEMyT...
[ACTUALIZAR PAGOS · AUTO] ✅ [SEMyT] Sesión existente detectada. Login omitido.
[ACTUALIZAR PAGOS · AUTO] ✅ LoginSemytPaso finalizado. (⏱ 4.5s)
[ACTUALIZAR PAGOS · AUTO] ✓ [LoginSemytPaso] Completado.
[ACTUALIZAR PAGOS · AUTO] ▶ [LoginJuzgadoPaso] Iniciando...
[ACTUALIZAR PAGOS · AUTO] ==================================================
[ACTUALIZAR PAGOS · AUTO] 🚀 PASO: LoginJuzgadoPaso
[ACTUALIZAR PAGOS · AUTO] ==================================================
[ACTUALIZAR PAGOS · AUTO] Abriendo sitio municipalidad (CiDi)...
[ACTUALIZAR PAGOS · AUTO] ✅ [Juzgado] Sesión existente detectada. Login omitido.
[ACTUALIZAR PAGOS · AUTO] ✅ LoginJuzgadoPaso finalizado. (⏱ 1.1s)
[ACTUALIZAR PAGOS · AUTO] ✓ [LoginJuzgadoPaso] Completado.
[ACTUALIZAR PAGOS · AUTO] ▶ [DescargasParalelasPaso] Iniciando...
[ACTUALIZAR PAGOS · AUTO] ==================================================
[ACTUALIZAR PAGOS · AUTO] 🚀 PASO: DescargasParalelasPaso
[ACTUALIZAR PAGOS · AUTO] ==================================================
[ACTUALIZAR PAGOS · AUTO] 📤 Arrancando las 3 descargas en paralelo (mismo browser, páginas separadas)...
[ACTUALIZAR PAGOS · AUTO] Fecha Desde: 27/06/2024
[ACTUALIZAR PAGOS · AUTO] Fecha Hasta: 24/11/2025
[ACTUALIZAR PAGOS · AUTO] Fecha Desde: 25/11/2025
[ACTUALIZAR PAGOS · AUTO] Fecha Hasta: 24/07/2026
[ACTUALIZAR PAGOS · AUTO] Descargando Excel...
[ACTUALIZAR PAGOS · AUTO] Descargando Excel...
⏳ [Automático] Tocaba disparar 'pagos' pero ya hay una ejecución en curso (Actualizar pagos); esperando a que termine; se reintenta en breve sin perder el turno.
[ACTUALIZAR PAGOS · AUTO] Archivo descargado en: backend/descargas/cache_actas_cruce/MULTAS_JUZGADO_CRUCE.xlsx
[ACTUALIZAR PAGOS · AUTO] ⏱ [actas_juzgado] completado en 20.6s
[ACTUALIZAR PAGOS · AUTO] ✅ TXT de pagos descargado en: backend/descargas/pagos/2026-07-24/PAGOS DESCARGADOS.txt
[ACTUALIZAR PAGOS · AUTO] ⏱ [pagos_txt] completado en 23.1s
[ACTUALIZAR PAGOS · AUTO] Archivo descargado en: backend/descargas/cache_actas_cruce/MULTAS_SIGEMI_CRUCE.xlsx
[ACTUALIZAR PAGOS · AUTO] ⏱ [actas_sigemi] completado en 44.3s
[ACTUALIZAR PAGOS · AUTO] ⏱ TOTAL descargas en paralelo: 44.3s
[ACTUALIZAR PAGOS · AUTO] ✅ DescargasParalelasPaso finalizado. (⏱ 45.6s)
[ACTUALIZAR PAGOS · AUTO] ✓ [DescargasParalelasPaso] Completado.
[ACTUALIZAR PAGOS · AUTO] ▶ [CompararActasPaso] Iniciando...
[ACTUALIZAR PAGOS · AUTO] ==================================================
[ACTUALIZAR PAGOS · AUTO] 🚀 PASO: CompararActasPaso
[ACTUALIZAR PAGOS · AUTO] ==================================================
[ACTUALIZAR PAGOS · AUTO] 🔍 Comparando actas del SEMyT contra pagos del Juzgado...
[ACTUALIZAR PAGOS · AUTO] ================================================================================
[ACTUALIZAR PAGOS · AUTO] INICIANDO PROCESO DE GENERACIÓN DE PAGOS DESACTUALIZADOS
[ACTUALIZAR PAGOS · AUTO] ================================================================================
[ACTUALIZAR PAGOS · AUTO] 📂 Cargando archivos...
[ACTUALIZAR PAGOS · AUTO]   ✓ Pagos: 17196 registros
[ACTUALIZAR PAGOS · AUTO]   ✓ Excel SIGEMI (multas vencidas viejas): 103443 registros
[ACTUALIZAR PAGOS · AUTO]   ✓ Excel Juzgado (multas vencidas nuevas): 39921 registros
[ACTUALIZAR PAGOS · AUTO] ================================================================================
[ACTUALIZAR PAGOS · AUTO] PASO 1: LLENANDO ACTA_NUMERO (búsqueda por patente + fecha, con desempate por hora)
[ACTUALIZAR PAGOS · AUTO] ================================================================================
[ACTUALIZAR PAGOS · AUTO] 📊 ESTADÍSTICAS DE LLENADO DE ACTAS:
[ACTUALIZAR PAGOS · AUTO]   • Pagos con acta ORIGINAL: 3077
[ACTUALIZAR PAGOS · AUTO]   • Pagos SIN acta (buscados): 14119
[ACTUALIZAR PAGOS · AUTO]   • Pagos LLENADOS exitosamente: 0
[ACTUALIZAR PAGOS · AUTO]   • Pagos NO encontrados en multas: 14119
[ACTUALIZAR PAGOS · AUTO]   • Pagos SIN RESOLVER por desbalance de cantidades: 0
[ACTUALIZAR PAGOS · AUTO] ================================================================================
[ACTUALIZAR PAGOS · AUTO] PASO 1: LLENANDO ACTA_NUMERO (búsqueda por patente + fecha, con desempate por hora)
[ACTUALIZAR PAGOS · AUTO] ================================================================================
[ACTUALIZAR PAGOS · AUTO] 📊 ESTADÍSTICAS DE LLENADO DE ACTAS:
[ACTUALIZAR PAGOS · AUTO]   • Pagos con acta ORIGINAL: 3077
[ACTUALIZAR PAGOS · AUTO]   • Pagos SIN acta (buscados): 14119
[ACTUALIZAR PAGOS · AUTO]   • Pagos LLENADOS exitosamente: 0
[ACTUALIZAR PAGOS · AUTO]   • Pagos NO encontrados en multas: 14119
[ACTUALIZAR PAGOS · AUTO]   • Pagos SIN RESOLVER por desbalance de cantidades: 0
[ACTUALIZAR PAGOS · AUTO] ⏱ PASO 1 (llenar actas): 15.9s
[ACTUALIZAR PAGOS · AUTO] ================================================================================
[ACTUALIZAR PAGOS · AUTO] PASO 2: FILTRANDO PAGOS CON ACTA_NUMERO COMPLETO
[ACTUALIZAR PAGOS · AUTO] ================================================================================
[ACTUALIZAR PAGOS · AUTO] 📊 ESTADÍSTICAS DE FILTRADO:
[ACTUALIZAR PAGOS · AUTO]   • Pagos TOTALES al inicio: 17196
[ACTUALIZAR PAGOS · AUTO]   • Pagos CON acta (MANTIENEN): 3077
[ACTUALIZAR PAGOS · AUTO]   • Pagos RECHAZADOS (sin coincidencias): 14119
[ACTUALIZAR PAGOS · AUTO] ⚠️  Se eliminaron 14119 registros sin número de acta
[ACTUALIZAR PAGOS · AUTO]      (recordá: esto incluye tanto pagos ya actualizados/pagados
[ACTUALIZAR PAGOS · AUTO]       como pagos que quedaron sin resolver por desbalance en el Paso 1)
[ACTUALIZAR PAGOS · AUTO] ================================================================================
[ACTUALIZAR PAGOS · AUTO] PASO 2-bis: CONFIRMANDO VIGENCIA DE PAGOS DEL SISTEMA NUEVO (contra MULTAS_JUZGADO_CRUCE)
[ACTUALIZAR PAGOS · AUTO] ================================================================================
[ACTUALIZAR PAGOS · AUTO]   ⚠ 3075 pago(s) del sistema nuevo descartados: su acta ya no figura como vencida en MULTAS_JUZGADO_CRUCE (SEMyT ya los actualizó).
[ACTUALIZAR PAGOS · AUTO]   • Pagos del sistema nuevo descartados por ya estar actualizados: 3075
[ACTUALIZAR PAGOS · AUTO] ⏱ PASO 2 (filtrar): 1.3s
[ACTUALIZAR PAGOS · AUTO] 📂 Cargando maestro de causas SIGEMI...
[ACTUALIZAR PAGOS · AUTO]   ✓ Causas totales (maestro): 134069 registros
[ACTUALIZAR PAGOS · AUTO] ⏱ PASO 2.5 (causas simplificado): 0.2s
[ACTUALIZAR PAGOS · AUTO] ================================================================================
[ACTUALIZAR PAGOS · AUTO] PASO 2.5: ARMANDO causas.txt SIMPLIFICADO (cruce contra total_causas_sigemi.txt)
[ACTUALIZAR PAGOS · AUTO] ================================================================================
[ACTUALIZAR PAGOS · AUTO]   • Actas vencidas viejas (multas): 103443
[ACTUALIZAR PAGOS · AUTO]   • Causas totales en el maestro SIGEMI: 134069
[ACTUALIZAR PAGOS · AUTO]   • Causas que coinciden (simplificado): 103115
[ACTUALIZAR PAGOS · AUTO]   ✅ Archivo escrito: backend/descargas/causas/causas.txt
[ACTUALIZAR PAGOS · AUTO] ⏱ PASO 2.5 (causas simplificado): 2.6s
[ACTUALIZAR PAGOS · AUTO] ================================================================================
[ACTUALIZAR PAGOS · AUTO] PASO 3: LLENANDO CAUSA_NUMERO (según fecha de cambio de sistema, cruzando por acta + año)
[ACTUALIZAR PAGOS · AUTO] ================================================================================
[ACTUALIZAR PAGOS · AUTO] 📊 ESTADÍSTICAS DE LLENADO DE CAUSAS:
[ACTUALIZAR PAGOS · AUTO]   • Pagos con causa ORIGINAL: 2
[ACTUALIZAR PAGOS · AUTO]   • Causas encontradas en SIGEMI (actas viejas): 0
[ACTUALIZAR PAGOS · AUTO]   • Causas NO encontradas en SIGEMI: 0
[ACTUALIZAR PAGOS · AUTO]   • Causas asignadas automáticamente (actas nuevas): 0
[ACTUALIZAR PAGOS · AUTO] ⏱ PASO 3 (llenar causas): 0.0s
[ACTUALIZAR PAGOS · AUTO] ================================================================================
[ACTUALIZAR PAGOS · AUTO] PASO 4: ORDENANDO POR FECHA Y ACTA_NUMERO
[ACTUALIZAR PAGOS · AUTO] ================================================================================
[ACTUALIZAR PAGOS · AUTO] ✓ Pagos ordenados correctamente
[ACTUALIZAR PAGOS · AUTO]   • Primera entrada: Acta=351213, Fecha=18/11/2025
[ACTUALIZAR PAGOS · AUTO]   • Última entrada: Acta=275148, Fecha=04/03/2026
[ACTUALIZAR PAGOS · AUTO] 📝 Escribiendo archivo de salida...
[ACTUALIZAR PAGOS · AUTO]   ✅ Archivo escrito: backend/descargas/pagos/2026-07-24/PAGOS 20260724 172939.txt
[ACTUALIZAR PAGOS · AUTO]   ✅ Total registros: 347
[ACTUALIZAR PAGOS · AUTO] ⏱ PASO 4 (ordenar y escribir): 0.0s
[ACTUALIZAR PAGOS · AUTO] ================================================================================
[ACTUALIZAR PAGOS · AUTO] ✅ PROCESO COMPLETADO EXITOSAMENTE
[ACTUALIZAR PAGOS · AUTO] ================================================================================
[ACTUALIZAR PAGOS · AUTO] 📊 RESUMEN FINAL DEL PROCESAMIENTO:
[ACTUALIZAR PAGOS · AUTO]   ENTRADA:
[ACTUALIZAR PAGOS · AUTO]     • Pagos originales: 17196
[ACTUALIZAR PAGOS · AUTO]     • Multas SIGEMI cargadas: 103443
[ACTUALIZAR PAGOS · AUTO]     • Multas Juzgado cargadas: 39921
[ACTUALIZAR PAGOS · AUTO]     • Causas simplificadas (usadas para el cruce): 103115
[ACTUALIZAR PAGOS · AUTO]   PROCESO:
[ACTUALIZAR PAGOS · AUTO]     • Pagos rechazados sigemi: 14119
[ACTUALIZAR PAGOS · AUTO]     • Pagos rechazados juzgado: 3075
[ACTUALIZAR PAGOS · AUTO]   SALIDA:
[ACTUALIZAR PAGOS · AUTO]     • Pagos desactualizados procesados: 2
[ACTUALIZAR PAGOS · AUTO]     • Archivo final: backend/descargas/pagos/2026-07-24/PAGOS 20260724 172939.txt
[ACTUALIZAR PAGOS · AUTO]     • Ordenados por fecha: SÍ ✓
[ACTUALIZAR PAGOS · AUTO]     • Todos con ACTA_NUMERO: SÍ ✓
[ACTUALIZAR PAGOS · AUTO]     • Todos con CAUSA_NUMERO: SÍ ✓
[ACTUALIZAR PAGOS · AUTO] ✅ TXT de pagos (ya cruzado con actas y causas) generado en: backend/descargas/pagos/2026-07-24/PAGOS 20260724 172939.txt
[ACTUALIZAR PAGOS · AUTO] 🧹 TXT de pagos crudo eliminado (ya usado en el cruce): backend/descargas/pagos/2026-07-24/PAGOS DESCARGADOS.txt
[ACTUALIZAR PAGOS · AUTO] 🧹 Excel MULTAS_SIGEMI_CRUCE eliminado (ya usado en el cruce): backend/descargas/cache_actas_cruce/MULTAS_SIGEMI_CRUCE.xlsx
[ACTUALIZAR PAGOS · AUTO] 🧹 Excel MULTAS_JUZGADO_CRUCE eliminado (ya usado en el cruce): backend/descargas/cache_actas_cruce/MULTAS_JUZGADO_CRUCE.xlsx
[ACTUALIZAR PAGOS · AUTO] ✅ CompararActasPaso finalizado. (⏱ 45.8s)
[ACTUALIZAR PAGOS · AUTO] ✓ [CompararActasPaso] Completado.
[ACTUALIZAR PAGOS · AUTO] ▶ [CargarPagosPaso] Iniciando...
[ACTUALIZAR PAGOS · AUTO] ==================================================
[ACTUALIZAR PAGOS · AUTO] 🚀 PASO: CargarPagosPaso
[ACTUALIZAR PAGOS · AUTO] ==================================================
[ACTUALIZAR PAGOS · AUTO] 📤 Subiendo TXT de pagos al SEMyT...
[ACTUALIZAR PAGOS · AUTO] ✅ Importación de pagos completada con éxito.
[ACTUALIZAR PAGOS · AUTO] ✅ Archivo TXT de pagos cargado en el SEMyT correctamente.
[ACTUALIZAR PAGOS · AUTO] ✅ CargarPagosPaso finalizado. (⏱ 3.5s)
[ACTUALIZAR PAGOS · AUTO] ✓ [CargarPagosPaso] Completado.
[ACTUALIZAR PAGOS · AUTO] === Ejecución finalizada con éxito ===
🤖 [Automático] Es hora de actualizar pagos. Arrancando...
[ACTUALIZAR PAGOS · AUTO] === Inicio de ejecución: pagos ===
[ACTUALIZAR PAGOS · AUTO] ▶ [LoginSemytPaso] Iniciando...
[ACTUALIZAR PAGOS · AUTO] ==================================================
[ACTUALIZAR PAGOS · AUTO] 🚀 PASO: LoginSemytPaso
[ACTUALIZAR PAGOS · AUTO] ==================================================
[ACTUALIZAR PAGOS · AUTO] Abriendo SEMyT...
[ACTUALIZAR PAGOS · AUTO] ✅ [SEMyT] Sesión existente detectada. Login omitido.
[ACTUALIZAR PAGOS · AUTO] ✅ LoginSemytPaso finalizado. (⏱ 5.2s)
[ACTUALIZAR PAGOS · AUTO] ✓ [LoginSemytPaso] Completado.
[ACTUALIZAR PAGOS · AUTO] ▶ [LoginJuzgadoPaso] Iniciando...
[ACTUALIZAR PAGOS · AUTO] ==================================================
[ACTUALIZAR PAGOS · AUTO] 🚀 PASO: LoginJuzgadoPaso
[ACTUALIZAR PAGOS · AUTO] ==================================================
[ACTUALIZAR PAGOS · AUTO] Abriendo sitio municipalidad (CiDi)...
[ACTUALIZAR PAGOS · AUTO] ✅ [Juzgado] Sesión existente detectada. Login omitido.
[ACTUALIZAR PAGOS · AUTO] ✅ LoginJuzgadoPaso finalizado. (⏱ 1.6s)
[ACTUALIZAR PAGOS · AUTO] ✓ [LoginJuzgadoPaso] Completado.
[ACTUALIZAR PAGOS · AUTO] ▶ [DescargasParalelasPaso] Iniciando...
[ACTUALIZAR PAGOS · AUTO] ==================================================
[ACTUALIZAR PAGOS · AUTO] 🚀 PASO: DescargasParalelasPaso
[ACTUALIZAR PAGOS · AUTO] ==================================================
[ACTUALIZAR PAGOS · AUTO] 📤 Arrancando las 3 descargas en paralelo (mismo browser, páginas separadas)...
[ACTUALIZAR PAGOS · AUTO] Fecha Desde: 27/06/2024
[ACTUALIZAR PAGOS · AUTO] Fecha Hasta: 24/11/2025
[ACTUALIZAR PAGOS · AUTO] Fecha Desde: 25/11/2025
[ACTUALIZAR PAGOS · AUTO] Fecha Hasta: 24/07/2026
[ACTUALIZAR PAGOS · AUTO] Descargando Excel...
[ACTUALIZAR PAGOS · AUTO] Descargando Excel...
⏳ [Automático] Tocaba disparar 'pagos' pero ya hay una ejecución en curso (Actualizar pagos); esperando a que termine; se reintenta en breve sin perder el turno.
[ACTUALIZAR PAGOS · AUTO] ✅ TXT de pagos descargado en: backend/descargas/pagos/2026-07-24/PAGOS DESCARGADOS.txt
[ACTUALIZAR PAGOS · AUTO] ⏱ [pagos_txt] completado en 23.6s
[ACTUALIZAR PAGOS · AUTO] Archivo descargado en: backend/descargas/cache_actas_cruce/MULTAS_SIGEMI_CRUCE.xlsx
[ACTUALIZAR PAGOS · AUTO] ⏱ [actas_sigemi] completado en 51.1s
[ACTUALIZAR PAGOS · AUTO] Archivo descargado en: backend/descargas/cache_actas_cruce/MULTAS_JUZGADO_CRUCE.xlsx
[ACTUALIZAR PAGOS · AUTO] ⏱ [actas_juzgado] completado en 57.9s
[ACTUALIZAR PAGOS · AUTO] ⏱ TOTAL descargas en paralelo: 57.9s
[ACTUALIZAR PAGOS · AUTO] ✅ DescargasParalelasPaso finalizado. (⏱ 59.5s)
[ACTUALIZAR PAGOS · AUTO] ✓ [DescargasParalelasPaso] Completado.
[ACTUALIZAR PAGOS · AUTO] ▶ [CompararActasPaso] Iniciando...
[ACTUALIZAR PAGOS · AUTO] ==================================================
[ACTUALIZAR PAGOS · AUTO] 🚀 PASO: CompararActasPaso
[ACTUALIZAR PAGOS · AUTO] ==================================================
[ACTUALIZAR PAGOS · AUTO] 🔍 Comparando actas del SEMyT contra pagos del Juzgado...
[ACTUALIZAR PAGOS · AUTO] ================================================================================
[ACTUALIZAR PAGOS · AUTO] INICIANDO PROCESO DE GENERACIÓN DE PAGOS DESACTUALIZADOS
[ACTUALIZAR PAGOS · AUTO] ================================================================================
[ACTUALIZAR PAGOS · AUTO] 📂 Cargando archivos...
[ACTUALIZAR PAGOS · AUTO]   ✓ Pagos: 17200 registros
[ACTUALIZAR PAGOS · AUTO]   ✓ Excel SIGEMI (multas vencidas viejas): 103443 registros
[ACTUALIZAR PAGOS · AUTO]   ✓ Excel Juzgado (multas vencidas nuevas): 39920 registros
[ACTUALIZAR PAGOS · AUTO] ================================================================================
[ACTUALIZAR PAGOS · AUTO] PASO 1: LLENANDO ACTA_NUMERO (búsqueda por patente + fecha, con desempate por hora)
[ACTUALIZAR PAGOS · AUTO] ================================================================================
[ACTUALIZAR PAGOS · AUTO] 📊 ESTADÍSTICAS DE LLENADO DE ACTAS:
[ACTUALIZAR PAGOS · AUTO]   • Pagos con acta ORIGINAL: 3081
[ACTUALIZAR PAGOS · AUTO]   • Pagos SIN acta (buscados): 14119
[ACTUALIZAR PAGOS · AUTO]   • Pagos LLENADOS exitosamente: 0
[ACTUALIZAR PAGOS · AUTO]   • Pagos NO encontrados en multas: 14119
[ACTUALIZAR PAGOS · AUTO]   • Pagos SIN RESOLVER por desbalance de cantidades: 0
[ACTUALIZAR PAGOS · AUTO] ================================================================================
[ACTUALIZAR PAGOS · AUTO] PASO 1: LLENANDO ACTA_NUMERO (búsqueda por patente + fecha, con desempate por hora)
[ACTUALIZAR PAGOS · AUTO] ================================================================================
[ACTUALIZAR PAGOS · AUTO] 📊 ESTADÍSTICAS DE LLENADO DE ACTAS:
[ACTUALIZAR PAGOS · AUTO]   • Pagos con acta ORIGINAL: 3081
[ACTUALIZAR PAGOS · AUTO]   • Pagos SIN acta (buscados): 14119
[ACTUALIZAR PAGOS · AUTO]   • Pagos LLENADOS exitosamente: 0
[ACTUALIZAR PAGOS · AUTO]   • Pagos NO encontrados en multas: 14119
[ACTUALIZAR PAGOS · AUTO]   • Pagos SIN RESOLVER por desbalance de cantidades: 0
[ACTUALIZAR PAGOS · AUTO] ⏱ PASO 1 (llenar actas): 16.6s
[ACTUALIZAR PAGOS · AUTO] ================================================================================
[ACTUALIZAR PAGOS · AUTO] PASO 2: FILTRANDO PAGOS CON ACTA_NUMERO COMPLETO
[ACTUALIZAR PAGOS · AUTO] ================================================================================
[ACTUALIZAR PAGOS · AUTO] 📊 ESTADÍSTICAS DE FILTRADO:
[ACTUALIZAR PAGOS · AUTO]   • Pagos TOTALES al inicio: 17200
[ACTUALIZAR PAGOS · AUTO]   • Pagos CON acta (MANTIENEN): 3081
[ACTUALIZAR PAGOS · AUTO]   • Pagos RECHAZADOS (sin coincidencias): 14119
[ACTUALIZAR PAGOS · AUTO] ⚠️  Se eliminaron 14119 registros sin número de acta
[ACTUALIZAR PAGOS · AUTO]      (recordá: esto incluye tanto pagos ya actualizados/pagados
[ACTUALIZAR PAGOS · AUTO]       como pagos que quedaron sin resolver por desbalance en el Paso 1)
[ACTUALIZAR PAGOS · AUTO] ================================================================================
[ACTUALIZAR PAGOS · AUTO] PASO 2-bis: CONFIRMANDO VIGENCIA DE PAGOS DEL SISTEMA NUEVO (contra MULTAS_JUZGADO_CRUCE)
[ACTUALIZAR PAGOS · AUTO] ================================================================================
[ACTUALIZAR PAGOS · AUTO]   ⚠ 3076 pago(s) del sistema nuevo descartados: su acta ya no figura como vencida en MULTAS_JUZGADO_CRUCE (SEMyT ya los actualizó).
[ACTUALIZAR PAGOS · AUTO]   • Pagos del sistema nuevo descartados por ya estar actualizados: 3076
[ACTUALIZAR PAGOS · AUTO] ⏱ PASO 2 (filtrar): 1.1s
[ACTUALIZAR PAGOS · AUTO] 📂 Cargando maestro de causas SIGEMI...
[ACTUALIZAR PAGOS · AUTO]   ✓ Causas totales (maestro): 134069 registros
[ACTUALIZAR PAGOS · AUTO] ⏱ PASO 2.5 (causas simplificado): 0.1s
[ACTUALIZAR PAGOS · AUTO] ================================================================================
[ACTUALIZAR PAGOS · AUTO] PASO 2.5: ARMANDO causas.txt SIMPLIFICADO (cruce contra total_causas_sigemi.txt)
[ACTUALIZAR PAGOS · AUTO] ================================================================================
[ACTUALIZAR PAGOS · AUTO]   • Actas vencidas viejas (multas): 103443
[ACTUALIZAR PAGOS · AUTO]   • Causas totales en el maestro SIGEMI: 134069
[ACTUALIZAR PAGOS · AUTO]   • Causas que coinciden (simplificado): 103115
[ACTUALIZAR PAGOS · AUTO]   ✅ Archivo escrito: backend/descargas/causas/causas.txt
[ACTUALIZAR PAGOS · AUTO] ⏱ PASO 2.5 (causas simplificado): 2.3s
[ACTUALIZAR PAGOS · AUTO] ================================================================================
[ACTUALIZAR PAGOS · AUTO] PASO 3: LLENANDO CAUSA_NUMERO (según fecha de cambio de sistema, cruzando por acta + año)
[ACTUALIZAR PAGOS · AUTO] ================================================================================
[ACTUALIZAR PAGOS · AUTO] 📊 ESTADÍSTICAS DE LLENADO DE CAUSAS:
[ACTUALIZAR PAGOS · AUTO]   • Pagos con causa ORIGINAL: 5
[ACTUALIZAR PAGOS · AUTO]   • Causas encontradas en SIGEMI (actas viejas): 0
[ACTUALIZAR PAGOS · AUTO]   • Causas NO encontradas en SIGEMI: 0
[ACTUALIZAR PAGOS · AUTO]   • Causas asignadas automáticamente (actas nuevas): 0
[ACTUALIZAR PAGOS · AUTO] ⏱ PASO 3 (llenar causas): 0.0s
[ACTUALIZAR PAGOS · AUTO] ================================================================================
[ACTUALIZAR PAGOS · AUTO] PASO 4: ORDENANDO POR FECHA Y ACTA_NUMERO
[ACTUALIZAR PAGOS · AUTO] ================================================================================
[ACTUALIZAR PAGOS · AUTO] ✓ Pagos ordenados correctamente
[ACTUALIZAR PAGOS · AUTO]   • Primera entrada: Acta=351213, Fecha=18/11/2025
[ACTUALIZAR PAGOS · AUTO]   • Última entrada: Acta=292714, Fecha=10/04/2026
[ACTUALIZAR PAGOS · AUTO] 📝 Escribiendo archivo de salida...
[ACTUALIZAR PAGOS · AUTO]   ✅ Archivo escrito: backend/descargas/pagos/2026-07-24/PAGOS 20260724 174147.txt
[ACTUALIZAR PAGOS · AUTO]   ✅ Total registros: 678
[ACTUALIZAR PAGOS · AUTO] ⏱ PASO 4 (ordenar y escribir): 0.0s
[ACTUALIZAR PAGOS · AUTO] ================================================================================
[ACTUALIZAR PAGOS · AUTO] ✅ PROCESO COMPLETADO EXITOSAMENTE
[ACTUALIZAR PAGOS · AUTO] ================================================================================
[ACTUALIZAR PAGOS · AUTO] 📊 RESUMEN FINAL DEL PROCESAMIENTO:
[ACTUALIZAR PAGOS · AUTO]   ENTRADA:
[ACTUALIZAR PAGOS · AUTO]     • Pagos originales: 17200
[ACTUALIZAR PAGOS · AUTO]     • Multas SIGEMI cargadas: 103443
[ACTUALIZAR PAGOS · AUTO]     • Multas Juzgado cargadas: 39920
[ACTUALIZAR PAGOS · AUTO]     • Causas simplificadas (usadas para el cruce): 103115
[ACTUALIZAR PAGOS · AUTO]   PROCESO:
[ACTUALIZAR PAGOS · AUTO]     • Pagos rechazados sigemi: 14119
[ACTUALIZAR PAGOS · AUTO]     • Pagos rechazados juzgado: 3076
[ACTUALIZAR PAGOS · AUTO]   SALIDA:
[ACTUALIZAR PAGOS · AUTO]     • Pagos desactualizados procesados: 5
[ACTUALIZAR PAGOS · AUTO]     • Archivo final: backend/descargas/pagos/2026-07-24/PAGOS 20260724 174147.txt
[ACTUALIZAR PAGOS · AUTO]     • Ordenados por fecha: SÍ ✓
[ACTUALIZAR PAGOS · AUTO]     • Todos con ACTA_NUMERO: SÍ ✓
[ACTUALIZAR PAGOS · AUTO]     • Todos con CAUSA_NUMERO: SÍ ✓
[ACTUALIZAR PAGOS · AUTO] ✅ TXT de pagos (ya cruzado con actas y causas) generado en: backend/descargas/pagos/2026-07-24/PAGOS 20260724 174147.txt
[ACTUALIZAR PAGOS · AUTO] 🧹 TXT de pagos crudo eliminado (ya usado en el cruce): backend/descargas/pagos/2026-07-24/PAGOS DESCARGADOS.txt
[ACTUALIZAR PAGOS · AUTO] 🧹 Excel MULTAS_SIGEMI_CRUCE eliminado (ya usado en el cruce): backend/descargas/cache_actas_cruce/MULTAS_SIGEMI_CRUCE.xlsx
[ACTUALIZAR PAGOS · AUTO] 🧹 Excel MULTAS_JUZGADO_CRUCE eliminado (ya usado en el cruce): backend/descargas/cache_actas_cruce/MULTAS_JUZGADO_CRUCE.xlsx
[ACTUALIZAR PAGOS · AUTO] ✅ CompararActasPaso finalizado. (⏱ 45.8s)
[ACTUALIZAR PAGOS · AUTO] ✓ [CompararActasPaso] Completado.
[ACTUALIZAR PAGOS · AUTO] ▶ [CargarPagosPaso] Iniciando...
[ACTUALIZAR PAGOS · AUTO] ==================================================
[ACTUALIZAR PAGOS · AUTO] 🚀 PASO: CargarPagosPaso
[ACTUALIZAR PAGOS · AUTO] ==================================================
[ACTUALIZAR PAGOS · AUTO] 📤 Subiendo TXT de pagos al SEMyT...
[ACTUALIZAR PAGOS · AUTO] ✅ Importación de pagos completada con éxito.
[ACTUALIZAR PAGOS · AUTO] ✅ Archivo TXT de pagos cargado en el SEMyT correctamente.
[ACTUALIZAR PAGOS · AUTO] ✅ CargarPagosPaso finalizado. (⏱ 3.1s)
[ACTUALIZAR PAGOS · AUTO] ✓ [CargarPagosPaso] Completado.
[ACTUALIZAR PAGOS · AUTO] === Ejecución finalizada con éxito ===
🤖 [Automático] Es hora de actualizar pagos. Arrancando...
[ACTUALIZAR PAGOS · AUTO] === Inicio de ejecución: pagos ===
[ACTUALIZAR PAGOS · AUTO] ▶ [LoginSemytPaso] Iniciando...
[ACTUALIZAR PAGOS · AUTO] ==================================================
[ACTUALIZAR PAGOS · AUTO] 🚀 PASO: LoginSemytPaso
[ACTUALIZAR PAGOS · AUTO] ==================================================
[ACTUALIZAR PAGOS · AUTO] Abriendo SEMyT...
[ACTUALIZAR PAGOS · AUTO] ✅ [SEMyT] Sesión existente detectada. Login omitido.
[ACTUALIZAR PAGOS · AUTO] ✅ LoginSemytPaso finalizado. (⏱ 4.2s)
[ACTUALIZAR PAGOS · AUTO] ✓ [LoginSemytPaso] Completado.
[ACTUALIZAR PAGOS · AUTO] ▶ [LoginJuzgadoPaso] Iniciando...
[ACTUALIZAR PAGOS · AUTO] ==================================================
[ACTUALIZAR PAGOS · AUTO] 🚀 PASO: LoginJuzgadoPaso
[ACTUALIZAR PAGOS · AUTO] ==================================================
[ACTUALIZAR PAGOS · AUTO] Abriendo sitio municipalidad (CiDi)...
[ACTUALIZAR PAGOS · AUTO] ✅ [Juzgado] Sesión existente detectada. Login omitido.
[ACTUALIZAR PAGOS · AUTO] ✅ LoginJuzgadoPaso finalizado. (⏱ 1.2s)
[ACTUALIZAR PAGOS · AUTO] ✓ [LoginJuzgadoPaso] Completado.
[ACTUALIZAR PAGOS · AUTO] ▶ [DescargasParalelasPaso] Iniciando...
[ACTUALIZAR PAGOS · AUTO] ==================================================
[ACTUALIZAR PAGOS · AUTO] 🚀 PASO: DescargasParalelasPaso
[ACTUALIZAR PAGOS · AUTO] ==================================================
[ACTUALIZAR PAGOS · AUTO] 📤 Arrancando las 3 descargas en paralelo (mismo browser, páginas separadas)...
[ACTUALIZAR PAGOS · AUTO] Fecha Desde: 27/06/2024
[ACTUALIZAR PAGOS · AUTO] Fecha Hasta: 24/11/2025
[ACTUALIZAR PAGOS · AUTO] Fecha Desde: 25/11/2025
[ACTUALIZAR PAGOS · AUTO] Fecha Hasta: 24/07/2026
[ACTUALIZAR PAGOS · AUTO] Descargando Excel...
[ACTUALIZAR PAGOS · AUTO] Descargando Excel...
⏳ [Automático] Tocaba disparar 'pagos' pero ya hay una ejecución en curso (Actualizar pagos); esperando a que termine; se reintenta en breve sin perder el turno.
[ACTUALIZAR PAGOS · AUTO] Archivo descargado en: backend/descargas/cache_actas_cruce/MULTAS_JUZGADO_CRUCE.xlsx
[ACTUALIZAR PAGOS · AUTO] ⏱ [actas_juzgado] completado en 19.7s
[ACTUALIZAR PAGOS · AUTO] ✅ TXT de pagos descargado en: backend/descargas/pagos/2026-07-24/PAGOS DESCARGADOS.txt
[ACTUALIZAR PAGOS · AUTO] ⏱ [pagos_txt] completado en 23.6s
[ACTUALIZAR PAGOS · AUTO] Archivo descargado en: backend/descargas/cache_actas_cruce/MULTAS_SIGEMI_CRUCE.xlsx
[ACTUALIZAR PAGOS · AUTO] ⏱ [actas_sigemi] completado en 42.4s
[ACTUALIZAR PAGOS · AUTO] ⏱ TOTAL descargas en paralelo: 42.5s
[ACTUALIZAR PAGOS · AUTO] ✅ DescargasParalelasPaso finalizado. (⏱ 43.8s)
[ACTUALIZAR PAGOS · AUTO] ✓ [DescargasParalelasPaso] Completado.
[ACTUALIZAR PAGOS · AUTO] ▶ [CompararActasPaso] Iniciando...
[ACTUALIZAR PAGOS · AUTO] ==================================================
[ACTUALIZAR PAGOS · AUTO] 🚀 PASO: CompararActasPaso
[ACTUALIZAR PAGOS · AUTO] ==================================================
[ACTUALIZAR PAGOS · AUTO] 🔍 Comparando actas del SEMyT contra pagos del Juzgado...
[ACTUALIZAR PAGOS · AUTO] ================================================================================
[ACTUALIZAR PAGOS · AUTO] INICIANDO PROCESO DE GENERACIÓN DE PAGOS DESACTUALIZADOS
[ACTUALIZAR PAGOS · AUTO] ================================================================================
[ACTUALIZAR PAGOS · AUTO] 📂 Cargando archivos...
[ACTUALIZAR PAGOS · AUTO]   ✓ Pagos: 17200 registros
[ACTUALIZAR PAGOS · AUTO]   ✓ Excel SIGEMI (multas vencidas viejas): 103442 registros
[ACTUALIZAR PAGOS · AUTO]   ✓ Excel Juzgado (multas vencidas nuevas): 39914 registros
[ACTUALIZAR PAGOS · AUTO] ================================================================================
[ACTUALIZAR PAGOS · AUTO] PASO 1: LLENANDO ACTA_NUMERO (búsqueda por patente + fecha, con desempate por hora)
[ACTUALIZAR PAGOS · AUTO] ================================================================================
[ACTUALIZAR PAGOS · AUTO] 📊 ESTADÍSTICAS DE LLENADO DE ACTAS:
[ACTUALIZAR PAGOS · AUTO]   • Pagos con acta ORIGINAL: 3081
[ACTUALIZAR PAGOS · AUTO]   • Pagos SIN acta (buscados): 14119
[ACTUALIZAR PAGOS · AUTO]   • Pagos LLENADOS exitosamente: 0
[ACTUALIZAR PAGOS · AUTO]   • Pagos NO encontrados en multas: 14119
[ACTUALIZAR PAGOS · AUTO]   • Pagos SIN RESOLVER por desbalance de cantidades: 0
[ACTUALIZAR PAGOS · AUTO] ================================================================================
[ACTUALIZAR PAGOS · AUTO] PASO 1: LLENANDO ACTA_NUMERO (búsqueda por patente + fecha, con desempate por hora)
[ACTUALIZAR PAGOS · AUTO] ================================================================================
[ACTUALIZAR PAGOS · AUTO] 📊 ESTADÍSTICAS DE LLENADO DE ACTAS:
[ACTUALIZAR PAGOS · AUTO]   • Pagos con acta ORIGINAL: 3081
[ACTUALIZAR PAGOS · AUTO]   • Pagos SIN acta (buscados): 14119
[ACTUALIZAR PAGOS · AUTO]   • Pagos LLENADOS exitosamente: 0
[ACTUALIZAR PAGOS · AUTO]   • Pagos NO encontrados en multas: 14119
[ACTUALIZAR PAGOS · AUTO]   • Pagos SIN RESOLVER por desbalance de cantidades: 0
[ACTUALIZAR PAGOS · AUTO] ⏱ PASO 1 (llenar actas): 16.1s
[ACTUALIZAR PAGOS · AUTO] ================================================================================
[ACTUALIZAR PAGOS · AUTO] PASO 2: FILTRANDO PAGOS CON ACTA_NUMERO COMPLETO
[ACTUALIZAR PAGOS · AUTO] ================================================================================
[ACTUALIZAR PAGOS · AUTO] 📊 ESTADÍSTICAS DE FILTRADO:
[ACTUALIZAR PAGOS · AUTO]   • Pagos TOTALES al inicio: 17200
[ACTUALIZAR PAGOS · AUTO]   • Pagos CON acta (MANTIENEN): 3081
[ACTUALIZAR PAGOS · AUTO]   • Pagos RECHAZADOS (sin coincidencias): 14119
[ACTUALIZAR PAGOS · AUTO] ⚠️  Se eliminaron 14119 registros sin número de acta
[ACTUALIZAR PAGOS · AUTO]      (recordá: esto incluye tanto pagos ya actualizados/pagados
[ACTUALIZAR PAGOS · AUTO]       como pagos que quedaron sin resolver por desbalance en el Paso 1)
[ACTUALIZAR PAGOS · AUTO] ================================================================================
[ACTUALIZAR PAGOS · AUTO] PASO 2-bis: CONFIRMANDO VIGENCIA DE PAGOS DEL SISTEMA NUEVO (contra MULTAS_JUZGADO_CRUCE)
[ACTUALIZAR PAGOS · AUTO] ================================================================================
[ACTUALIZAR PAGOS · AUTO]   ⚠ 3080 pago(s) del sistema nuevo descartados: su acta ya no figura como vencida en MULTAS_JUZGADO_CRUCE (SEMyT ya los actualizó).
[ACTUALIZAR PAGOS · AUTO]   • Pagos del sistema nuevo descartados por ya estar actualizados: 3080
[ACTUALIZAR PAGOS · AUTO] ⏱ PASO 2 (filtrar): 1.3s
[ACTUALIZAR PAGOS · AUTO] 📂 Cargando maestro de causas SIGEMI...
[ACTUALIZAR PAGOS · AUTO]   ✓ Causas totales (maestro): 134069 registros
[ACTUALIZAR PAGOS · AUTO] ⏱ PASO 2.5 (causas simplificado): 0.2s
[ACTUALIZAR PAGOS · AUTO] ================================================================================
[ACTUALIZAR PAGOS · AUTO] PASO 2.5: ARMANDO causas.txt SIMPLIFICADO (cruce contra total_causas_sigemi.txt)
[ACTUALIZAR PAGOS · AUTO] ================================================================================
[ACTUALIZAR PAGOS · AUTO]   • Actas vencidas viejas (multas): 103442
[ACTUALIZAR PAGOS · AUTO]   • Causas totales en el maestro SIGEMI: 134069
[ACTUALIZAR PAGOS · AUTO]   • Causas que coinciden (simplificado): 103114
[ACTUALIZAR PAGOS · AUTO]   ✅ Archivo escrito: backend/descargas/causas/causas.txt
[ACTUALIZAR PAGOS · AUTO] ⏱ PASO 2.5 (causas simplificado): 2.4s
[ACTUALIZAR PAGOS · AUTO] ================================================================================
[ACTUALIZAR PAGOS · AUTO] PASO 3: LLENANDO CAUSA_NUMERO (según fecha de cambio de sistema, cruzando por acta + año)
[ACTUALIZAR PAGOS · AUTO] ================================================================================
[ACTUALIZAR PAGOS · AUTO] 📊 ESTADÍSTICAS DE LLENADO DE CAUSAS:
[ACTUALIZAR PAGOS · AUTO]   • Pagos con causa ORIGINAL: 1
[ACTUALIZAR PAGOS · AUTO]   • Causas encontradas en SIGEMI (actas viejas): 0
[ACTUALIZAR PAGOS · AUTO]   • Causas NO encontradas en SIGEMI: 0
[ACTUALIZAR PAGOS · AUTO]   • Causas asignadas automáticamente (actas nuevas): 0
[ACTUALIZAR PAGOS · AUTO] ⏱ PASO 3 (llenar causas): 0.0s
[ACTUALIZAR PAGOS · AUTO] ================================================================================
[ACTUALIZAR PAGOS · AUTO] PASO 4: ORDENANDO POR FECHA Y ACTA_NUMERO
[ACTUALIZAR PAGOS · AUTO] ================================================================================
[ACTUALIZAR PAGOS · AUTO] ✓ Pagos ordenados correctamente
[ACTUALIZAR PAGOS · AUTO]   • Primera entrada: Acta=351213, Fecha=18/11/2025
[ACTUALIZAR PAGOS · AUTO]   • Última entrada: Acta=351213, Fecha=18/11/2025
[ACTUALIZAR PAGOS · AUTO] 📝 Escribiendo archivo de salida...
[ACTUALIZAR PAGOS · AUTO]   ✅ Archivo escrito: backend/descargas/pagos/2026-07-24/PAGOS 20260724 175337.txt
[ACTUALIZAR PAGOS · AUTO]   ✅ Total registros: 247
[ACTUALIZAR PAGOS · AUTO] ⏱ PASO 4 (ordenar y escribir): 0.0s
[ACTUALIZAR PAGOS · AUTO] ================================================================================
[ACTUALIZAR PAGOS · AUTO] ✅ PROCESO COMPLETADO EXITOSAMENTE
[ACTUALIZAR PAGOS · AUTO] ================================================================================
[ACTUALIZAR PAGOS · AUTO] 📊 RESUMEN FINAL DEL PROCESAMIENTO:
[ACTUALIZAR PAGOS · AUTO]   ENTRADA:
[ACTUALIZAR PAGOS · AUTO]     • Pagos originales: 17200
[ACTUALIZAR PAGOS · AUTO]     • Multas SIGEMI cargadas: 103442
[ACTUALIZAR PAGOS · AUTO]     • Multas Juzgado cargadas: 39914
[ACTUALIZAR PAGOS · AUTO]     • Causas simplificadas (usadas para el cruce): 103114
[ACTUALIZAR PAGOS · AUTO]   PROCESO:
[ACTUALIZAR PAGOS · AUTO]     • Pagos rechazados sigemi: 14119
[ACTUALIZAR PAGOS · AUTO]     • Pagos rechazados juzgado: 3080
[ACTUALIZAR PAGOS · AUTO]   SALIDA:
[ACTUALIZAR PAGOS · AUTO]     • Pagos desactualizados procesados: 1
[ACTUALIZAR PAGOS · AUTO]     • Archivo final: backend/descargas/pagos/2026-07-24/PAGOS 20260724 175337.txt
[ACTUALIZAR PAGOS · AUTO]     • Ordenados por fecha: SÍ ✓
[ACTUALIZAR PAGOS · AUTO]     • Todos con ACTA_NUMERO: SÍ ✓
[ACTUALIZAR PAGOS · AUTO]     • Todos con CAUSA_NUMERO: SÍ ✓
[ACTUALIZAR PAGOS · AUTO] ✅ TXT de pagos (ya cruzado con actas y causas) generado en: backend/descargas/pagos/2026-07-24/PAGOS 20260724 175337.txt
[ACTUALIZAR PAGOS · AUTO] 🧹 TXT de pagos crudo eliminado (ya usado en el cruce): backend/descargas/pagos/2026-07-24/PAGOS DESCARGADOS.txt
[ACTUALIZAR PAGOS · AUTO] 🧹 Excel MULTAS_SIGEMI_CRUCE eliminado (ya usado en el cruce): backend/descargas/cache_actas_cruce/MULTAS_SIGEMI_CRUCE.xlsx
[ACTUALIZAR PAGOS · AUTO] 🧹 Excel MULTAS_JUZGADO_CRUCE eliminado (ya usado en el cruce): backend/descargas/cache_actas_cruce/MULTAS_JUZGADO_CRUCE.xlsx
[ACTUALIZAR PAGOS · AUTO] ✅ CompararActasPaso finalizado. (⏱ 45.0s)
[ACTUALIZAR PAGOS · AUTO] ✓ [CompararActasPaso] Completado.
[ACTUALIZAR PAGOS · AUTO] ▶ [CargarPagosPaso] Iniciando...
[ACTUALIZAR PAGOS · AUTO] ==================================================
[ACTUALIZAR PAGOS · AUTO] 🚀 PASO: CargarPagosPaso
[ACTUALIZAR PAGOS · AUTO] ==================================================
[ACTUALIZAR PAGOS · AUTO] 📤 Subiendo TXT de pagos al SEMyT...
[ACTUALIZAR PAGOS · AUTO] ❌ No se encontraron actas para actualizar.
[ACTUALIZAR PAGOS · AUTO] 🧹 TXT sin actualizaciones eliminado: backend/descargas/pagos/2026-07-24/PAGOS 20260724 175337.txt
[ACTUALIZAR PAGOS · AUTO] ❌ No hubo pagos para actualizar. El TXT descargado fue eliminado.
[ACTUALIZAR PAGOS · AUTO] ✅ CargarPagosPaso finalizado. (⏱ 3.9s)
[ACTUALIZAR PAGOS · AUTO] ✓ [CargarPagosPaso] Completado.
[ACTUALIZAR PAGOS · AUTO] === Ejecución finalizada con éxito ===
[ACTUALIZAR PAGOS · AUTO] ℹ No se subió ningún archivo a ningún sistema externo en esta corrida: por política, el log detallado no se conserva en disco.
🤖 [Automático] Es hora de actualizar pagos. Arrancando...
[ACTUALIZAR PAGOS · AUTO] === Inicio de ejecución: pagos ===
[ACTUALIZAR PAGOS · AUTO] ▶ [LoginSemytPaso] Iniciando...
[ACTUALIZAR PAGOS · AUTO] ==================================================
[ACTUALIZAR PAGOS · AUTO] 🚀 PASO: LoginSemytPaso
[ACTUALIZAR PAGOS · AUTO] ==================================================
[ACTUALIZAR PAGOS · AUTO] Abriendo SEMyT...
[ACTUALIZAR PAGOS · AUTO] ✅ [SEMyT] Sesión existente detectada. Login omitido.
[ACTUALIZAR PAGOS · AUTO] ✅ LoginSemytPaso finalizado. (⏱ 4.2s)
[ACTUALIZAR PAGOS · AUTO] ✓ [LoginSemytPaso] Completado.
[ACTUALIZAR PAGOS · AUTO] ▶ [LoginJuzgadoPaso] Iniciando...
[ACTUALIZAR PAGOS · AUTO] ==================================================
[ACTUALIZAR PAGOS · AUTO] 🚀 PASO: LoginJuzgadoPaso
[ACTUALIZAR PAGOS · AUTO] ==================================================
[ACTUALIZAR PAGOS · AUTO] Abriendo sitio municipalidad (CiDi)...
[ACTUALIZAR PAGOS · AUTO] ✅ [Juzgado] Sesión existente detectada. Login omitido.
[ACTUALIZAR PAGOS · AUTO] ✅ LoginJuzgadoPaso finalizado. (⏱ 1.3s)
[ACTUALIZAR PAGOS · AUTO] ✓ [LoginJuzgadoPaso] Completado.
[ACTUALIZAR PAGOS · AUTO] ▶ [DescargasParalelasPaso] Iniciando...
[ACTUALIZAR PAGOS · AUTO] ==================================================
[ACTUALIZAR PAGOS · AUTO] 🚀 PASO: DescargasParalelasPaso
[ACTUALIZAR PAGOS · AUTO] ==================================================
[ACTUALIZAR PAGOS · AUTO] 📤 Arrancando las 3 descargas en paralelo (mismo browser, páginas separadas)...
[ACTUALIZAR PAGOS · AUTO] Fecha Desde: 27/06/2024
[ACTUALIZAR PAGOS · AUTO] Fecha Hasta: 24/11/2025
[ACTUALIZAR PAGOS · AUTO] Fecha Desde: 25/11/2025
[ACTUALIZAR PAGOS · AUTO] Fecha Hasta: 24/07/2026
[ACTUALIZAR PAGOS · AUTO] Descargando Excel...
[ACTUALIZAR PAGOS · AUTO] Descargando Excel...
⏳ [Automático] Tocaba disparar 'pagos' pero ya hay una ejecución en curso (Actualizar pagos); esperando a que termine; se reintenta en breve sin perder el turno.
[ACTUALIZAR PAGOS · AUTO] Archivo descargado en: backend/descargas/cache_actas_cruce/MULTAS_JUZGADO_CRUCE.xlsx
[ACTUALIZAR PAGOS · AUTO] ⏱ [actas_juzgado] completado en 20.6s
[ACTUALIZAR PAGOS · AUTO] Archivo descargado en: backend/descargas/cache_actas_cruce/MULTAS_SIGEMI_CRUCE.xlsx
[ACTUALIZAR PAGOS · AUTO] ⏱ [actas_sigemi] completado en 41.5s
[ACTUALIZAR PAGOS · AUTO] ✅ TXT de pagos descargado en: backend/descargas/pagos/2026-07-24/PAGOS DESCARGADOS.txt
[ACTUALIZAR PAGOS · AUTO] ⏱ [pagos_txt] completado en 41.6s
[ACTUALIZAR PAGOS · AUTO] ⏱ TOTAL descargas en paralelo: 41.6s
[ACTUALIZAR PAGOS · AUTO] ✅ DescargasParalelasPaso finalizado. (⏱ 43.1s)
[ACTUALIZAR PAGOS · AUTO] ✓ [DescargasParalelasPaso] Completado.
[ACTUALIZAR PAGOS · AUTO] ▶ [CompararActasPaso] Iniciando...
[ACTUALIZAR PAGOS · AUTO] ==================================================
[ACTUALIZAR PAGOS · AUTO] 🚀 PASO: CompararActasPaso
[ACTUALIZAR PAGOS · AUTO] ==================================================
[ACTUALIZAR PAGOS · AUTO] 🔍 Comparando actas del SEMyT contra pagos del Juzgado...
[ACTUALIZAR PAGOS · AUTO] ================================================================================
[ACTUALIZAR PAGOS · AUTO] INICIANDO PROCESO DE GENERACIÓN DE PAGOS DESACTUALIZADOS
[ACTUALIZAR PAGOS · AUTO] ================================================================================
[ACTUALIZAR PAGOS · AUTO] 📂 Cargando archivos...
[ACTUALIZAR PAGOS · AUTO]   ✓ Pagos: 17201 registros
[ACTUALIZAR PAGOS · AUTO]   ✓ Excel SIGEMI (multas vencidas viejas): 103442 registros
[ACTUALIZAR PAGOS · AUTO]   ✓ Excel Juzgado (multas vencidas nuevas): 39914 registros
[ACTUALIZAR PAGOS · AUTO] ================================================================================
[ACTUALIZAR PAGOS · AUTO] PASO 1: LLENANDO ACTA_NUMERO (búsqueda por patente + fecha, con desempate por hora)
[ACTUALIZAR PAGOS · AUTO] ================================================================================
[ACTUALIZAR PAGOS · AUTO] 📊 ESTADÍSTICAS DE LLENADO DE ACTAS:
[ACTUALIZAR PAGOS · AUTO]   • Pagos con acta ORIGINAL: 3082
[ACTUALIZAR PAGOS · AUTO]   • Pagos SIN acta (buscados): 14119
[ACTUALIZAR PAGOS · AUTO]   • Pagos LLENADOS exitosamente: 0
[ACTUALIZAR PAGOS · AUTO]   • Pagos NO encontrados en multas: 14119
[ACTUALIZAR PAGOS · AUTO]   • Pagos SIN RESOLVER por desbalance de cantidades: 0
[ACTUALIZAR PAGOS · AUTO] ================================================================================
[ACTUALIZAR PAGOS · AUTO] PASO 1: LLENANDO ACTA_NUMERO (búsqueda por patente + fecha, con desempate por hora)
[ACTUALIZAR PAGOS · AUTO] ================================================================================
[ACTUALIZAR PAGOS · AUTO] 📊 ESTADÍSTICAS DE LLENADO DE ACTAS:
[ACTUALIZAR PAGOS · AUTO]   • Pagos con acta ORIGINAL: 3082
[ACTUALIZAR PAGOS · AUTO]   • Pagos SIN acta (buscados): 14119
[ACTUALIZAR PAGOS · AUTO]   • Pagos LLENADOS exitosamente: 0
[ACTUALIZAR PAGOS · AUTO]   • Pagos NO encontrados en multas: 14119
[ACTUALIZAR PAGOS · AUTO]   • Pagos SIN RESOLVER por desbalance de cantidades: 0
[ACTUALIZAR PAGOS · AUTO] ⏱ PASO 1 (llenar actas): 16.9s
[ACTUALIZAR PAGOS · AUTO] ================================================================================
[ACTUALIZAR PAGOS · AUTO] PASO 2: FILTRANDO PAGOS CON ACTA_NUMERO COMPLETO
[ACTUALIZAR PAGOS · AUTO] ================================================================================
[ACTUALIZAR PAGOS · AUTO] 📊 ESTADÍSTICAS DE FILTRADO:
[ACTUALIZAR PAGOS · AUTO]   • Pagos TOTALES al inicio: 17201
[ACTUALIZAR PAGOS · AUTO]   • Pagos CON acta (MANTIENEN): 3082
[ACTUALIZAR PAGOS · AUTO]   • Pagos RECHAZADOS (sin coincidencias): 14119
[ACTUALIZAR PAGOS · AUTO] ⚠️  Se eliminaron 14119 registros sin número de acta
[ACTUALIZAR PAGOS · AUTO]      (recordá: esto incluye tanto pagos ya actualizados/pagados
[ACTUALIZAR PAGOS · AUTO]       como pagos que quedaron sin resolver por desbalance en el Paso 1)
[ACTUALIZAR PAGOS · AUTO] ================================================================================
[ACTUALIZAR PAGOS · AUTO] PASO 2-bis: CONFIRMANDO VIGENCIA DE PAGOS DEL SISTEMA NUEVO (contra MULTAS_JUZGADO_CRUCE)
[ACTUALIZAR PAGOS · AUTO] ================================================================================
[ACTUALIZAR PAGOS · AUTO]   ⚠ 3080 pago(s) del sistema nuevo descartados: su acta ya no figura como vencida en MULTAS_JUZGADO_CRUCE (SEMyT ya los actualizó).
[ACTUALIZAR PAGOS · AUTO]   • Pagos del sistema nuevo descartados por ya estar actualizados: 3080
[ACTUALIZAR PAGOS · AUTO] ⏱ PASO 2 (filtrar): 1.2s
[ACTUALIZAR PAGOS · AUTO] 📂 Cargando maestro de causas SIGEMI...
[ACTUALIZAR PAGOS · AUTO]   ✓ Causas totales (maestro): 134069 registros
[ACTUALIZAR PAGOS · AUTO] ⏱ PASO 2.5 (causas simplificado): 0.1s
[ACTUALIZAR PAGOS · AUTO] ================================================================================
[ACTUALIZAR PAGOS · AUTO] PASO 2.5: ARMANDO causas.txt SIMPLIFICADO (cruce contra total_causas_sigemi.txt)
[ACTUALIZAR PAGOS · AUTO] ================================================================================
[ACTUALIZAR PAGOS · AUTO]   • Actas vencidas viejas (multas): 103442
[ACTUALIZAR PAGOS · AUTO]   • Causas totales en el maestro SIGEMI: 134069
[ACTUALIZAR PAGOS · AUTO]   • Causas que coinciden (simplificado): 103114
[ACTUALIZAR PAGOS · AUTO]   ✅ Archivo escrito: backend/descargas/causas/causas.txt
[ACTUALIZAR PAGOS · AUTO] ⏱ PASO 2.5 (causas simplificado): 2.2s
[ACTUALIZAR PAGOS · AUTO] ================================================================================
[ACTUALIZAR PAGOS · AUTO] PASO 3: LLENANDO CAUSA_NUMERO (según fecha de cambio de sistema, cruzando por acta + año)
[ACTUALIZAR PAGOS · AUTO] ================================================================================
[ACTUALIZAR PAGOS · AUTO] 📊 ESTADÍSTICAS DE LLENADO DE CAUSAS:
[ACTUALIZAR PAGOS · AUTO]   • Pagos con causa ORIGINAL: 2
[ACTUALIZAR PAGOS · AUTO]   • Causas encontradas en SIGEMI (actas viejas): 0
[ACTUALIZAR PAGOS · AUTO]   • Causas NO encontradas en SIGEMI: 0
[ACTUALIZAR PAGOS · AUTO]   • Causas asignadas automáticamente (actas nuevas): 0
[ACTUALIZAR PAGOS · AUTO] ⏱ PASO 3 (llenar causas): 0.0s
[ACTUALIZAR PAGOS · AUTO] ================================================================================
[ACTUALIZAR PAGOS · AUTO] PASO 4: ORDENANDO POR FECHA Y ACTA_NUMERO
[ACTUALIZAR PAGOS · AUTO] ================================================================================
[ACTUALIZAR PAGOS · AUTO] ✓ Pagos ordenados correctamente
[ACTUALIZAR PAGOS · AUTO]   • Primera entrada: Acta=351213, Fecha=18/11/2025
[ACTUALIZAR PAGOS · AUTO]   • Última entrada: Acta=280589, Fecha=16/03/2026
[ACTUALIZAR PAGOS · AUTO] 📝 Escribiendo archivo de salida...
[ACTUALIZAR PAGOS · AUTO]   ✅ Archivo escrito: backend/descargas/pagos/2026-07-24/PAGOS 20260724 180529.txt
[ACTUALIZAR PAGOS · AUTO]   ✅ Total registros: 344
[ACTUALIZAR PAGOS · AUTO] ⏱ PASO 4 (ordenar y escribir): 0.0s
[ACTUALIZAR PAGOS · AUTO] ================================================================================
[ACTUALIZAR PAGOS · AUTO] ✅ PROCESO COMPLETADO EXITOSAMENTE
[ACTUALIZAR PAGOS · AUTO] ================================================================================
[ACTUALIZAR PAGOS · AUTO] 📊 RESUMEN FINAL DEL PROCESAMIENTO:
[ACTUALIZAR PAGOS · AUTO]   ENTRADA:
[ACTUALIZAR PAGOS · AUTO]     • Pagos originales: 17201
[ACTUALIZAR PAGOS · AUTO]     • Multas SIGEMI cargadas: 103442
[ACTUALIZAR PAGOS · AUTO]     • Multas Juzgado cargadas: 39914
[ACTUALIZAR PAGOS · AUTO]     • Causas simplificadas (usadas para el cruce): 103114
[ACTUALIZAR PAGOS · AUTO]   PROCESO:
[ACTUALIZAR PAGOS · AUTO]     • Pagos rechazados sigemi: 14119
[ACTUALIZAR PAGOS · AUTO]     • Pagos rechazados juzgado: 3080
[ACTUALIZAR PAGOS · AUTO]   SALIDA:
[ACTUALIZAR PAGOS · AUTO]     • Pagos desactualizados procesados: 2
[ACTUALIZAR PAGOS · AUTO]     • Archivo final: backend/descargas/pagos/2026-07-24/PAGOS 20260724 180529.txt
[ACTUALIZAR PAGOS · AUTO]     • Ordenados por fecha: SÍ ✓
[ACTUALIZAR PAGOS · AUTO]     • Todos con ACTA_NUMERO: SÍ ✓
[ACTUALIZAR PAGOS · AUTO]     • Todos con CAUSA_NUMERO: SÍ ✓
[ACTUALIZAR PAGOS · AUTO] ✅ TXT de pagos (ya cruzado con actas y causas) generado en: backend/descargas/pagos/2026-07-24/PAGOS 20260724 180529.txt
[ACTUALIZAR PAGOS · AUTO] 🧹 TXT de pagos crudo eliminado (ya usado en el cruce): backend/descargas/pagos/2026-07-24/PAGOS DESCARGADOS.txt
[ACTUALIZAR PAGOS · AUTO] 🧹 Excel MULTAS_SIGEMI_CRUCE eliminado (ya usado en el cruce): backend/descargas/cache_actas_cruce/MULTAS_SIGEMI_CRUCE.xlsx
[ACTUALIZAR PAGOS · AUTO] 🧹 Excel MULTAS_JUZGADO_CRUCE eliminado (ya usado en el cruce): backend/descargas/cache_actas_cruce/MULTAS_JUZGADO_CRUCE.xlsx
[ACTUALIZAR PAGOS · AUTO] ✅ CompararActasPaso finalizado. (⏱ 44.4s)
[ACTUALIZAR PAGOS · AUTO] ✓ [CompararActasPaso] Completado.
[ACTUALIZAR PAGOS · AUTO] ▶ [CargarPagosPaso] Iniciando...
[ACTUALIZAR PAGOS · AUTO] ==================================================
[ACTUALIZAR PAGOS · AUTO] 🚀 PASO: CargarPagosPaso
[ACTUALIZAR PAGOS · AUTO] ==================================================
[ACTUALIZAR PAGOS · AUTO] 📤 Subiendo TXT de pagos al SEMyT...
[ACTUALIZAR PAGOS · AUTO] ✅ Importación de pagos completada con éxito.
[ACTUALIZAR PAGOS · AUTO] ✅ Archivo TXT de pagos cargado en el SEMyT correctamente.
[ACTUALIZAR PAGOS · AUTO] ✅ CargarPagosPaso finalizado. (⏱ 4.0s)
[ACTUALIZAR PAGOS · AUTO] ✓ [CargarPagosPaso] Completado.
[ACTUALIZAR PAGOS · AUTO] === Ejecución finalizada con éxito ===
🤖 [Automático] Es hora de actualizar pagos. Arrancando...
[ACTUALIZAR PAGOS · AUTO] === Inicio de ejecución: pagos ===
[ACTUALIZAR PAGOS · AUTO] ▶ [LoginSemytPaso] Iniciando...
[ACTUALIZAR PAGOS · AUTO] ==================================================
[ACTUALIZAR PAGOS · AUTO] 🚀 PASO: LoginSemytPaso
[ACTUALIZAR PAGOS · AUTO] ==================================================
[ACTUALIZAR PAGOS · AUTO] Abriendo SEMyT...
[ACTUALIZAR PAGOS · AUTO] ✅ [SEMyT] Sesión existente detectada. Login omitido.
[ACTUALIZAR PAGOS · AUTO] ✅ LoginSemytPaso finalizado. (⏱ 4.6s)
[ACTUALIZAR PAGOS · AUTO] ✓ [LoginSemytPaso] Completado.
[ACTUALIZAR PAGOS · AUTO] ▶ [LoginJuzgadoPaso] Iniciando...
[ACTUALIZAR PAGOS · AUTO] ==================================================
[ACTUALIZAR PAGOS · AUTO] 🚀 PASO: LoginJuzgadoPaso
[ACTUALIZAR PAGOS · AUTO] ==================================================
[ACTUALIZAR PAGOS · AUTO] Abriendo sitio municipalidad (CiDi)...
[ACTUALIZAR PAGOS · AUTO] ✅ [Juzgado] Sesión existente detectada. Login omitido.
[ACTUALIZAR PAGOS · AUTO] ✅ LoginJuzgadoPaso finalizado. (⏱ 1.1s)
[ACTUALIZAR PAGOS · AUTO] ✓ [LoginJuzgadoPaso] Completado.
[ACTUALIZAR PAGOS · AUTO] ▶ [DescargasParalelasPaso] Iniciando...
[ACTUALIZAR PAGOS · AUTO] ==================================================
[ACTUALIZAR PAGOS · AUTO] 🚀 PASO: DescargasParalelasPaso
[ACTUALIZAR PAGOS · AUTO] ==================================================
[ACTUALIZAR PAGOS · AUTO] 📤 Arrancando las 3 descargas en paralelo (mismo browser, páginas separadas)...
[ACTUALIZAR PAGOS · AUTO] Fecha Desde: 27/06/2024
[ACTUALIZAR PAGOS · AUTO] Fecha Hasta: 24/11/2025
[ACTUALIZAR PAGOS · AUTO] Fecha Desde: 25/11/2025
[ACTUALIZAR PAGOS · AUTO] Fecha Hasta: 24/07/2026
[ACTUALIZAR PAGOS · AUTO] Descargando Excel...
[ACTUALIZAR PAGOS · AUTO] Descargando Excel...
⏳ [Automático] Tocaba disparar 'pagos' pero ya hay una ejecución en curso (Actualizar pagos); esperando a que termine; se reintenta en breve sin perder el turno.
[ACTUALIZAR PAGOS · AUTO] Archivo descargado en: backend/descargas/cache_actas_cruce/MULTAS_JUZGADO_CRUCE.xlsx
[ACTUALIZAR PAGOS · AUTO] ⏱ [actas_juzgado] completado en 18.5s
[ACTUALIZAR PAGOS · AUTO] ✅ TXT de pagos descargado en: backend/descargas/pagos/2026-07-24/PAGOS DESCARGADOS.txt
[ACTUALIZAR PAGOS · AUTO] ⏱ [pagos_txt] completado en 21.3s
[ACTUALIZAR PAGOS · AUTO] Archivo descargado en: backend/descargas/cache_actas_cruce/MULTAS_SIGEMI_CRUCE.xlsx
[ACTUALIZAR PAGOS · AUTO] ⏱ [actas_sigemi] completado en 39.8s
[ACTUALIZAR PAGOS · AUTO] ⏱ TOTAL descargas en paralelo: 39.9s
[ACTUALIZAR PAGOS · AUTO] ✅ DescargasParalelasPaso finalizado. (⏱ 41.2s)
[ACTUALIZAR PAGOS · AUTO] ✓ [DescargasParalelasPaso] Completado.
[ACTUALIZAR PAGOS · AUTO] ▶ [CompararActasPaso] Iniciando...
[ACTUALIZAR PAGOS · AUTO] ==================================================
[ACTUALIZAR PAGOS · AUTO] 🚀 PASO: CompararActasPaso
[ACTUALIZAR PAGOS · AUTO] ==================================================
[ACTUALIZAR PAGOS · AUTO] 🔍 Comparando actas del SEMyT contra pagos del Juzgado...
[ACTUALIZAR PAGOS · AUTO] ================================================================================
[ACTUALIZAR PAGOS · AUTO] INICIANDO PROCESO DE GENERACIÓN DE PAGOS DESACTUALIZADOS
[ACTUALIZAR PAGOS · AUTO] ================================================================================
[ACTUALIZAR PAGOS · AUTO] 📂 Cargando archivos...
[ACTUALIZAR PAGOS · AUTO]   ✓ Pagos: 17204 registros
[ACTUALIZAR PAGOS · AUTO]   ✓ Excel SIGEMI (multas vencidas viejas): 103442 registros
[ACTUALIZAR PAGOS · AUTO]   ✓ Excel Juzgado (multas vencidas nuevas): 39913 registros
[ACTUALIZAR PAGOS · AUTO] ================================================================================
[ACTUALIZAR PAGOS · AUTO] PASO 1: LLENANDO ACTA_NUMERO (búsqueda por patente + fecha, con desempate por hora)
[ACTUALIZAR PAGOS · AUTO] ================================================================================
[ACTUALIZAR PAGOS · AUTO] 📊 ESTADÍSTICAS DE LLENADO DE ACTAS:
[ACTUALIZAR PAGOS · AUTO]   • Pagos con acta ORIGINAL: 3084
[ACTUALIZAR PAGOS · AUTO]   • Pagos SIN acta (buscados): 14120
[ACTUALIZAR PAGOS · AUTO]   • Pagos LLENADOS exitosamente: 1
[ACTUALIZAR PAGOS · AUTO]   • Pagos NO encontrados en multas: 14119
[ACTUALIZAR PAGOS · AUTO]   • Pagos SIN RESOLVER por desbalance de cantidades: 0
[ACTUALIZAR PAGOS · AUTO] ================================================================================
[ACTUALIZAR PAGOS · AUTO] PASO 1: LLENANDO ACTA_NUMERO (búsqueda por patente + fecha, con desempate por hora)
[ACTUALIZAR PAGOS · AUTO] ================================================================================
[ACTUALIZAR PAGOS · AUTO] 📊 ESTADÍSTICAS DE LLENADO DE ACTAS:
[ACTUALIZAR PAGOS · AUTO]   • Pagos con acta ORIGINAL: 3085
[ACTUALIZAR PAGOS · AUTO]   • Pagos SIN acta (buscados): 14119
[ACTUALIZAR PAGOS · AUTO]   • Pagos LLENADOS exitosamente: 0
[ACTUALIZAR PAGOS · AUTO]   • Pagos NO encontrados en multas: 14119
[ACTUALIZAR PAGOS · AUTO]   • Pagos SIN RESOLVER por desbalance de cantidades: 0
[ACTUALIZAR PAGOS · AUTO] ⏱ PASO 1 (llenar actas): 15.0s
[ACTUALIZAR PAGOS · AUTO] ================================================================================
[ACTUALIZAR PAGOS · AUTO] PASO 2: FILTRANDO PAGOS CON ACTA_NUMERO COMPLETO
[ACTUALIZAR PAGOS · AUTO] ================================================================================
[ACTUALIZAR PAGOS · AUTO] 📊 ESTADÍSTICAS DE FILTRADO:
[ACTUALIZAR PAGOS · AUTO]   • Pagos TOTALES al inicio: 17204
[ACTUALIZAR PAGOS · AUTO]   • Pagos CON acta (MANTIENEN): 3085
[ACTUALIZAR PAGOS · AUTO]   • Pagos RECHAZADOS (sin coincidencias): 14119
[ACTUALIZAR PAGOS · AUTO] ⚠️  Se eliminaron 14119 registros sin número de acta
[ACTUALIZAR PAGOS · AUTO]      (recordá: esto incluye tanto pagos ya actualizados/pagados
[ACTUALIZAR PAGOS · AUTO]       como pagos que quedaron sin resolver por desbalance en el Paso 1)
[ACTUALIZAR PAGOS · AUTO] ================================================================================
[ACTUALIZAR PAGOS · AUTO] PASO 2-bis: CONFIRMANDO VIGENCIA DE PAGOS DEL SISTEMA NUEVO (contra MULTAS_JUZGADO_CRUCE)
[ACTUALIZAR PAGOS · AUTO] ================================================================================
[ACTUALIZAR PAGOS · AUTO]   ⚠ 3081 pago(s) del sistema nuevo descartados: su acta ya no figura como vencida en MULTAS_JUZGADO_CRUCE (SEMyT ya los actualizó).
[ACTUALIZAR PAGOS · AUTO]   • Pagos del sistema nuevo descartados por ya estar actualizados: 3081
[ACTUALIZAR PAGOS · AUTO] ⏱ PASO 2 (filtrar): 1.2s
[ACTUALIZAR PAGOS · AUTO] 📂 Cargando maestro de causas SIGEMI...
[ACTUALIZAR PAGOS · AUTO]   ✓ Causas totales (maestro): 134069 registros
[ACTUALIZAR PAGOS · AUTO] ⏱ PASO 2.5 (causas simplificado): 0.2s
[ACTUALIZAR PAGOS · AUTO] ================================================================================
[ACTUALIZAR PAGOS · AUTO] PASO 2.5: ARMANDO causas.txt SIMPLIFICADO (cruce contra total_causas_sigemi.txt)
[ACTUALIZAR PAGOS · AUTO] ================================================================================
[ACTUALIZAR PAGOS · AUTO]   • Actas vencidas viejas (multas): 103442
[ACTUALIZAR PAGOS · AUTO]   • Causas totales en el maestro SIGEMI: 134069
[ACTUALIZAR PAGOS · AUTO]   • Causas que coinciden (simplificado): 103114
[ACTUALIZAR PAGOS · AUTO]   ✅ Archivo escrito: backend/descargas/causas/causas.txt
[ACTUALIZAR PAGOS · AUTO] ⏱ PASO 2.5 (causas simplificado): 2.7s
[ACTUALIZAR PAGOS · AUTO] ================================================================================
[ACTUALIZAR PAGOS · AUTO] PASO 3: LLENANDO CAUSA_NUMERO (según fecha de cambio de sistema, cruzando por acta + año)
[ACTUALIZAR PAGOS · AUTO] ================================================================================
[ACTUALIZAR PAGOS · AUTO] 📊 ESTADÍSTICAS DE LLENADO DE CAUSAS:
[ACTUALIZAR PAGOS · AUTO]   • Pagos con causa ORIGINAL: 3
[ACTUALIZAR PAGOS · AUTO]   • Causas encontradas en SIGEMI (actas viejas): 1
[ACTUALIZAR PAGOS · AUTO]   • Causas NO encontradas en SIGEMI: 0
[ACTUALIZAR PAGOS · AUTO]   • Causas asignadas automáticamente (actas nuevas): 0
[ACTUALIZAR PAGOS · AUTO] ⏱ PASO 3 (llenar causas): 0.0s
[ACTUALIZAR PAGOS · AUTO] ================================================================================
[ACTUALIZAR PAGOS · AUTO] PASO 4: ORDENANDO POR FECHA Y ACTA_NUMERO
[ACTUALIZAR PAGOS · AUTO] ================================================================================
[ACTUALIZAR PAGOS · AUTO] ✓ Pagos ordenados correctamente
[ACTUALIZAR PAGOS · AUTO]   • Primera entrada: Acta=11631, Fecha=17/07/2024
[ACTUALIZAR PAGOS · AUTO]   • Última entrada: Acta=277785, Fecha=11/03/2026
[ACTUALIZAR PAGOS · AUTO] 📝 Escribiendo archivo de salida...
[ACTUALIZAR PAGOS · AUTO]   ✅ Archivo escrito: backend/descargas/pagos/2026-07-24/PAGOS 20260724 181721.txt
[ACTUALIZAR PAGOS · AUTO]   ✅ Total registros: 569
[ACTUALIZAR PAGOS · AUTO] ⏱ PASO 4 (ordenar y escribir): 0.0s
[ACTUALIZAR PAGOS · AUTO] ================================================================================
[ACTUALIZAR PAGOS · AUTO] ✅ PROCESO COMPLETADO EXITOSAMENTE
[ACTUALIZAR PAGOS · AUTO] ================================================================================
[ACTUALIZAR PAGOS · AUTO] 📊 RESUMEN FINAL DEL PROCESAMIENTO:
[ACTUALIZAR PAGOS · AUTO]   ENTRADA:
[ACTUALIZAR PAGOS · AUTO]     • Pagos originales: 17204
[ACTUALIZAR PAGOS · AUTO]     • Multas SIGEMI cargadas: 103442
[ACTUALIZAR PAGOS · AUTO]     • Multas Juzgado cargadas: 39913
[ACTUALIZAR PAGOS · AUTO]     • Causas simplificadas (usadas para el cruce): 103114
[ACTUALIZAR PAGOS · AUTO]   PROCESO:
[ACTUALIZAR PAGOS · AUTO]     • Pagos rechazados sigemi: 14119
[ACTUALIZAR PAGOS · AUTO]     • Pagos rechazados juzgado: 3081
[ACTUALIZAR PAGOS · AUTO]   SALIDA:
[ACTUALIZAR PAGOS · AUTO]     • Pagos desactualizados procesados: 4
[ACTUALIZAR PAGOS · AUTO]     • Archivo final: backend/descargas/pagos/2026-07-24/PAGOS 20260724 181721.txt
[ACTUALIZAR PAGOS · AUTO]     • Ordenados por fecha: SÍ ✓
[ACTUALIZAR PAGOS · AUTO]     • Todos con ACTA_NUMERO: SÍ ✓
[ACTUALIZAR PAGOS · AUTO]     • Todos con CAUSA_NUMERO: SÍ ✓
[ACTUALIZAR PAGOS · AUTO] ✅ TXT de pagos (ya cruzado con actas y causas) generado en: backend/descargas/pagos/2026-07-24/PAGOS 20260724 181721.txt
[ACTUALIZAR PAGOS · AUTO] 🧹 TXT de pagos crudo eliminado (ya usado en el cruce): backend/descargas/pagos/2026-07-24/PAGOS DESCARGADOS.txt
[ACTUALIZAR PAGOS · AUTO] 🧹 Excel MULTAS_SIGEMI_CRUCE eliminado (ya usado en el cruce): backend/descargas/cache_actas_cruce/MULTAS_SIGEMI_CRUCE.xlsx
[ACTUALIZAR PAGOS · AUTO] 🧹 Excel MULTAS_JUZGADO_CRUCE eliminado (ya usado en el cruce): backend/descargas/cache_actas_cruce/MULTAS_JUZGADO_CRUCE.xlsx
[ACTUALIZAR PAGOS · AUTO] ✅ CompararActasPaso finalizado. (⏱ 45.5s)
[ACTUALIZAR PAGOS · AUTO] ✓ [CompararActasPaso] Completado.
[ACTUALIZAR PAGOS · AUTO] ▶ [CargarPagosPaso] Iniciando...
[ACTUALIZAR PAGOS · AUTO] ==================================================
[ACTUALIZAR PAGOS · AUTO] 🚀 PASO: CargarPagosPaso
[ACTUALIZAR PAGOS · AUTO] ==================================================
[ACTUALIZAR PAGOS · AUTO] 📤 Subiendo TXT de pagos al SEMyT...
[ACTUALIZAR PAGOS · AUTO] ✅ Importación de pagos completada con éxito.
[ACTUALIZAR PAGOS · AUTO] ✅ Archivo TXT de pagos cargado en el SEMyT correctamente.
[ACTUALIZAR PAGOS · AUTO] ✅ CargarPagosPaso finalizado. (⏱ 3.1s)
[ACTUALIZAR PAGOS · AUTO] ✓ [CargarPagosPaso] Completado.
[ACTUALIZAR PAGOS · AUTO] === Ejecución finalizada con éxito ===
🤖 [Automático] Es hora de actualizar pagos. Arrancando...
[ACTUALIZAR PAGOS · AUTO] === Inicio de ejecución: pagos ===
[ACTUALIZAR PAGOS · AUTO] ▶ [LoginSemytPaso] Iniciando...
[ACTUALIZAR PAGOS · AUTO] ==================================================
[ACTUALIZAR PAGOS · AUTO] 🚀 PASO: LoginSemytPaso
[ACTUALIZAR PAGOS · AUTO] ==================================================
[ACTUALIZAR PAGOS · AUTO] Abriendo SEMyT...
[ACTUALIZAR PAGOS · AUTO] ✅ [SEMyT] Sesión existente detectada. Login omitido.
[ACTUALIZAR PAGOS · AUTO] ✅ LoginSemytPaso finalizado. (⏱ 4.6s)
[ACTUALIZAR PAGOS · AUTO] ✓ [LoginSemytPaso] Completado.
[ACTUALIZAR PAGOS · AUTO] ▶ [LoginJuzgadoPaso] Iniciando...
[ACTUALIZAR PAGOS · AUTO] ==================================================
[ACTUALIZAR PAGOS · AUTO] 🚀 PASO: LoginJuzgadoPaso
[ACTUALIZAR PAGOS · AUTO] ==================================================
[ACTUALIZAR PAGOS · AUTO] Abriendo sitio municipalidad (CiDi)...
[ACTUALIZAR PAGOS · AUTO] ✅ [Juzgado] Sesión existente detectada. Login omitido.
[ACTUALIZAR PAGOS · AUTO] ✅ LoginJuzgadoPaso finalizado. (⏱ 1.0s)
[ACTUALIZAR PAGOS · AUTO] ✓ [LoginJuzgadoPaso] Completado.
[ACTUALIZAR PAGOS · AUTO] ▶ [DescargasParalelasPaso] Iniciando...
[ACTUALIZAR PAGOS · AUTO] ==================================================
[ACTUALIZAR PAGOS · AUTO] 🚀 PASO: DescargasParalelasPaso
[ACTUALIZAR PAGOS · AUTO] ==================================================
[ACTUALIZAR PAGOS · AUTO] 📤 Arrancando las 3 descargas en paralelo (mismo browser, páginas separadas)...
[ACTUALIZAR PAGOS · AUTO] Fecha Desde: 27/06/2024
[ACTUALIZAR PAGOS · AUTO] Fecha Hasta: 24/11/2025
[ACTUALIZAR PAGOS · AUTO] Fecha Desde: 25/11/2025
[ACTUALIZAR PAGOS · AUTO] Fecha Hasta: 24/07/2026
[ACTUALIZAR PAGOS · AUTO] Descargando Excel...
[ACTUALIZAR PAGOS · AUTO] Descargando Excel...
⏳ [Automático] Tocaba disparar 'pagos' pero ya hay una ejecución en curso (Actualizar pagos); esperando a que termine; se reintenta en breve sin perder el turno.
[ACTUALIZAR PAGOS · AUTO] Archivo descargado en: backend/descargas/cache_actas_cruce/MULTAS_JUZGADO_CRUCE.xlsx
[ACTUALIZAR PAGOS · AUTO] ⏱ [actas_juzgado] completado en 18.9s
[ACTUALIZAR PAGOS · AUTO] ✅ TXT de pagos descargado en: backend/descargas/pagos/2026-07-24/PAGOS DESCARGADOS.txt
[ACTUALIZAR PAGOS · AUTO] ⏱ [pagos_txt] completado en 23.5s
[ACTUALIZAR PAGOS · AUTO] Archivo descargado en: backend/descargas/cache_actas_cruce/MULTAS_SIGEMI_CRUCE.xlsx
[ACTUALIZAR PAGOS · AUTO] ⏱ [actas_sigemi] completado en 40.3s
[ACTUALIZAR PAGOS · AUTO] ⏱ TOTAL descargas en paralelo: 40.3s
[ACTUALIZAR PAGOS · AUTO] ✅ DescargasParalelasPaso finalizado. (⏱ 41.4s)
[ACTUALIZAR PAGOS · AUTO] ✓ [DescargasParalelasPaso] Completado.
[ACTUALIZAR PAGOS · AUTO] ▶ [CompararActasPaso] Iniciando...
[ACTUALIZAR PAGOS · AUTO] ==================================================
[ACTUALIZAR PAGOS · AUTO] 🚀 PASO: CompararActasPaso
[ACTUALIZAR PAGOS · AUTO] ==================================================
[ACTUALIZAR PAGOS · AUTO] 🔍 Comparando actas del SEMyT contra pagos del Juzgado...
[ACTUALIZAR PAGOS · AUTO] ================================================================================
[ACTUALIZAR PAGOS · AUTO] INICIANDO PROCESO DE GENERACIÓN DE PAGOS DESACTUALIZADOS
[ACTUALIZAR PAGOS · AUTO] ================================================================================
[ACTUALIZAR PAGOS · AUTO] 📂 Cargando archivos...
[ACTUALIZAR PAGOS · AUTO]   ✓ Pagos: 17204 registros
[ACTUALIZAR PAGOS · AUTO]   ✓ Excel SIGEMI (multas vencidas viejas): 103441 registros
[ACTUALIZAR PAGOS · AUTO]   ✓ Excel Juzgado (multas vencidas nuevas): 39911 registros
[ACTUALIZAR PAGOS · AUTO] ================================================================================
[ACTUALIZAR PAGOS · AUTO] PASO 1: LLENANDO ACTA_NUMERO (búsqueda por patente + fecha, con desempate por hora)
[ACTUALIZAR PAGOS · AUTO] ================================================================================
[ACTUALIZAR PAGOS · AUTO] 📊 ESTADÍSTICAS DE LLENADO DE ACTAS:
[ACTUALIZAR PAGOS · AUTO]   • Pagos con acta ORIGINAL: 3084
[ACTUALIZAR PAGOS · AUTO]   • Pagos SIN acta (buscados): 14120
[ACTUALIZAR PAGOS · AUTO]   • Pagos LLENADOS exitosamente: 0
[ACTUALIZAR PAGOS · AUTO]   • Pagos NO encontrados en multas: 14120
[ACTUALIZAR PAGOS · AUTO]   • Pagos SIN RESOLVER por desbalance de cantidades: 0
[ACTUALIZAR PAGOS · AUTO] ================================================================================
[ACTUALIZAR PAGOS · AUTO] PASO 1: LLENANDO ACTA_NUMERO (búsqueda por patente + fecha, con desempate por hora)
[ACTUALIZAR PAGOS · AUTO] ================================================================================
[ACTUALIZAR PAGOS · AUTO] 📊 ESTADÍSTICAS DE LLENADO DE ACTAS:
[ACTUALIZAR PAGOS · AUTO]   • Pagos con acta ORIGINAL: 3084
[ACTUALIZAR PAGOS · AUTO]   • Pagos SIN acta (buscados): 14120
[ACTUALIZAR PAGOS · AUTO]   • Pagos LLENADOS exitosamente: 0
[ACTUALIZAR PAGOS · AUTO]   • Pagos NO encontrados en multas: 14120
[ACTUALIZAR PAGOS · AUTO]   • Pagos SIN RESOLVER por desbalance de cantidades: 0
[ACTUALIZAR PAGOS · AUTO] ⏱ PASO 1 (llenar actas): 13.4s
[ACTUALIZAR PAGOS · AUTO] ================================================================================
[ACTUALIZAR PAGOS · AUTO] PASO 2: FILTRANDO PAGOS CON ACTA_NUMERO COMPLETO
[ACTUALIZAR PAGOS · AUTO] ================================================================================
[ACTUALIZAR PAGOS · AUTO] 📊 ESTADÍSTICAS DE FILTRADO:
[ACTUALIZAR PAGOS · AUTO]   • Pagos TOTALES al inicio: 17204
[ACTUALIZAR PAGOS · AUTO]   • Pagos CON acta (MANTIENEN): 3084
[ACTUALIZAR PAGOS · AUTO]   • Pagos RECHAZADOS (sin coincidencias): 14120
[ACTUALIZAR PAGOS · AUTO] ⚠️  Se eliminaron 14120 registros sin número de acta
[ACTUALIZAR PAGOS · AUTO]      (recordá: esto incluye tanto pagos ya actualizados/pagados
[ACTUALIZAR PAGOS · AUTO]       como pagos que quedaron sin resolver por desbalance en el Paso 1)
[ACTUALIZAR PAGOS · AUTO] ================================================================================
[ACTUALIZAR PAGOS · AUTO] PASO 2-bis: CONFIRMANDO VIGENCIA DE PAGOS DEL SISTEMA NUEVO (contra MULTAS_JUZGADO_CRUCE)
[ACTUALIZAR PAGOS · AUTO] ================================================================================
[ACTUALIZAR PAGOS · AUTO]   ⚠ 3083 pago(s) del sistema nuevo descartados: su acta ya no figura como vencida en MULTAS_JUZGADO_CRUCE (SEMyT ya los actualizó).
[ACTUALIZAR PAGOS · AUTO]   • Pagos del sistema nuevo descartados por ya estar actualizados: 3083
[ACTUALIZAR PAGOS · AUTO] ⏱ PASO 2 (filtrar): 1.0s
[ACTUALIZAR PAGOS · AUTO] 📂 Cargando maestro de causas SIGEMI...
[ACTUALIZAR PAGOS · AUTO]   ✓ Causas totales (maestro): 134069 registros
[ACTUALIZAR PAGOS · AUTO] ⏱ PASO 2.5 (causas simplificado): 0.1s
[ACTUALIZAR PAGOS · AUTO] ================================================================================
[ACTUALIZAR PAGOS · AUTO] PASO 2.5: ARMANDO causas.txt SIMPLIFICADO (cruce contra total_causas_sigemi.txt)
[ACTUALIZAR PAGOS · AUTO] ================================================================================
[ACTUALIZAR PAGOS · AUTO]   • Actas vencidas viejas (multas): 103441
[ACTUALIZAR PAGOS · AUTO]   • Causas totales en el maestro SIGEMI: 134069
[ACTUALIZAR PAGOS · AUTO]   • Causas que coinciden (simplificado): 103113
[ACTUALIZAR PAGOS · AUTO]   ✅ Archivo escrito: backend/descargas/causas/causas.txt
[ACTUALIZAR PAGOS · AUTO] ⏱ PASO 2.5 (causas simplificado): 2.1s
[ACTUALIZAR PAGOS · AUTO] ================================================================================
[ACTUALIZAR PAGOS · AUTO] PASO 3: LLENANDO CAUSA_NUMERO (según fecha de cambio de sistema, cruzando por acta + año)
[ACTUALIZAR PAGOS · AUTO] ================================================================================
[ACTUALIZAR PAGOS · AUTO] 📊 ESTADÍSTICAS DE LLENADO DE CAUSAS:
[ACTUALIZAR PAGOS · AUTO]   • Pagos con causa ORIGINAL: 1
[ACTUALIZAR PAGOS · AUTO]   • Causas encontradas en SIGEMI (actas viejas): 0
[ACTUALIZAR PAGOS · AUTO]   • Causas NO encontradas en SIGEMI: 0
[ACTUALIZAR PAGOS · AUTO]   • Causas asignadas automáticamente (actas nuevas): 0
[ACTUALIZAR PAGOS · AUTO] ⏱ PASO 3 (llenar causas): 0.0s
[ACTUALIZAR PAGOS · AUTO] ================================================================================
[ACTUALIZAR PAGOS · AUTO] PASO 4: ORDENANDO POR FECHA Y ACTA_NUMERO
[ACTUALIZAR PAGOS · AUTO] ================================================================================
[ACTUALIZAR PAGOS · AUTO] ✓ Pagos ordenados correctamente
[ACTUALIZAR PAGOS · AUTO]   • Primera entrada: Acta=351213, Fecha=18/11/2025
[ACTUALIZAR PAGOS · AUTO]   • Última entrada: Acta=351213, Fecha=18/11/2025
[ACTUALIZAR PAGOS · AUTO] 📝 Escribiendo archivo de salida...
[ACTUALIZAR PAGOS · AUTO]   ✅ Archivo escrito: backend/descargas/pagos/2026-07-24/PAGOS 20260724 182911.txt
[ACTUALIZAR PAGOS · AUTO]   ✅ Total registros: 247
[ACTUALIZAR PAGOS · AUTO] ⏱ PASO 4 (ordenar y escribir): 0.0s
[ACTUALIZAR PAGOS · AUTO] ================================================================================
[ACTUALIZAR PAGOS · AUTO] ✅ PROCESO COMPLETADO EXITOSAMENTE
[ACTUALIZAR PAGOS · AUTO] ================================================================================
[ACTUALIZAR PAGOS · AUTO] 📊 RESUMEN FINAL DEL PROCESAMIENTO:
[ACTUALIZAR PAGOS · AUTO]   ENTRADA:
[ACTUALIZAR PAGOS · AUTO]     • Pagos originales: 17204
[ACTUALIZAR PAGOS · AUTO]     • Multas SIGEMI cargadas: 103441
[ACTUALIZAR PAGOS · AUTO]     • Multas Juzgado cargadas: 39911
[ACTUALIZAR PAGOS · AUTO]     • Causas simplificadas (usadas para el cruce): 103113
[ACTUALIZAR PAGOS · AUTO]   PROCESO:
[ACTUALIZAR PAGOS · AUTO]     • Pagos rechazados sigemi: 14120
[ACTUALIZAR PAGOS · AUTO]     • Pagos rechazados juzgado: 3083
[ACTUALIZAR PAGOS · AUTO]   SALIDA:
[ACTUALIZAR PAGOS · AUTO]     • Pagos desactualizados procesados: 1
[ACTUALIZAR PAGOS · AUTO]     • Archivo final: backend/descargas/pagos/2026-07-24/PAGOS 20260724 182911.txt
[ACTUALIZAR PAGOS · AUTO]     • Ordenados por fecha: SÍ ✓
[ACTUALIZAR PAGOS · AUTO]     • Todos con ACTA_NUMERO: SÍ ✓
[ACTUALIZAR PAGOS · AUTO]     • Todos con CAUSA_NUMERO: SÍ ✓
[ACTUALIZAR PAGOS · AUTO] ✅ TXT de pagos (ya cruzado con actas y causas) generado en: backend/descargas/pagos/2026-07-24/PAGOS 20260724 182911.txt
[ACTUALIZAR PAGOS · AUTO] 🧹 TXT de pagos crudo eliminado (ya usado en el cruce): backend/descargas/pagos/2026-07-24/PAGOS DESCARGADOS.txt
[ACTUALIZAR PAGOS · AUTO] 🧹 Excel MULTAS_SIGEMI_CRUCE eliminado (ya usado en el cruce): backend/descargas/cache_actas_cruce/MULTAS_SIGEMI_CRUCE.xlsx
[ACTUALIZAR PAGOS · AUTO] 🧹 Excel MULTAS_JUZGADO_CRUCE eliminado (ya usado en el cruce): backend/descargas/cache_actas_cruce/MULTAS_JUZGADO_CRUCE.xlsx
[ACTUALIZAR PAGOS · AUTO] ✅ CompararActasPaso finalizado. (⏱ 38.3s)
[ACTUALIZAR PAGOS · AUTO] ✓ [CompararActasPaso] Completado.
[ACTUALIZAR PAGOS · AUTO] ▶ [CargarPagosPaso] Iniciando...
[ACTUALIZAR PAGOS · AUTO] ==================================================
[ACTUALIZAR PAGOS · AUTO] 🚀 PASO: CargarPagosPaso
[ACTUALIZAR PAGOS · AUTO] ==================================================
[ACTUALIZAR PAGOS · AUTO] 📤 Subiendo TXT de pagos al SEMyT...
[ACTUALIZAR PAGOS · AUTO] ❌ No se encontraron actas para actualizar.
[ACTUALIZAR PAGOS · AUTO] 🧹 TXT sin actualizaciones eliminado: backend/descargas/pagos/2026-07-24/PAGOS 20260724 182911.txt
[ACTUALIZAR PAGOS · AUTO] ❌ No hubo pagos para actualizar. El TXT descargado fue eliminado.
[ACTUALIZAR PAGOS · AUTO] ✅ CargarPagosPaso finalizado. (⏱ 2.9s)
[ACTUALIZAR PAGOS · AUTO] ✓ [CargarPagosPaso] Completado.
[ACTUALIZAR PAGOS · AUTO] === Ejecución finalizada con éxito ===
[ACTUALIZAR PAGOS · AUTO] ℹ No se subió ningún archivo a ningún sistema externo en esta corrida: por política, el log detallado no se conserva en disco.
🤖 [Automático] Es hora de actualizar pagos. Arrancando...
[ACTUALIZAR PAGOS · AUTO] === Inicio de ejecución: pagos ===
[ACTUALIZAR PAGOS · AUTO] ▶ [LoginSemytPaso] Iniciando...
[ACTUALIZAR PAGOS · AUTO] ==================================================
[ACTUALIZAR PAGOS · AUTO] 🚀 PASO: LoginSemytPaso
[ACTUALIZAR PAGOS · AUTO] ==================================================
[ACTUALIZAR PAGOS · AUTO] Abriendo SEMyT...
[ACTUALIZAR PAGOS · AUTO] ✅ [SEMyT] Sesión existente detectada. Login omitido.
[ACTUALIZAR PAGOS · AUTO] ✅ LoginSemytPaso finalizado. (⏱ 4.0s)
[ACTUALIZAR PAGOS · AUTO] ✓ [LoginSemytPaso] Completado.
[ACTUALIZAR PAGOS · AUTO] ▶ [LoginJuzgadoPaso] Iniciando...
[ACTUALIZAR PAGOS · AUTO] ==================================================
[ACTUALIZAR PAGOS · AUTO] 🚀 PASO: LoginJuzgadoPaso
[ACTUALIZAR PAGOS · AUTO] ==================================================
[ACTUALIZAR PAGOS · AUTO] Abriendo sitio municipalidad (CiDi)...
[ACTUALIZAR PAGOS · AUTO] ✅ [Juzgado] Sesión existente detectada. Login omitido.
[ACTUALIZAR PAGOS · AUTO] ✅ LoginJuzgadoPaso finalizado. (⏱ 1.0s)
[ACTUALIZAR PAGOS · AUTO] ✓ [LoginJuzgadoPaso] Completado.
[ACTUALIZAR PAGOS · AUTO] ▶ [DescargasParalelasPaso] Iniciando...
[ACTUALIZAR PAGOS · AUTO] ==================================================
[ACTUALIZAR PAGOS · AUTO] 🚀 PASO: DescargasParalelasPaso
[ACTUALIZAR PAGOS · AUTO] ==================================================
[ACTUALIZAR PAGOS · AUTO] 📤 Arrancando las 3 descargas en paralelo (mismo browser, páginas separadas)...
[ACTUALIZAR PAGOS · AUTO] Fecha Desde: 27/06/2024
[ACTUALIZAR PAGOS · AUTO] Fecha Hasta: 24/11/2025
[ACTUALIZAR PAGOS · AUTO] Fecha Desde: 25/11/2025
[ACTUALIZAR PAGOS · AUTO] Fecha Hasta: 24/07/2026
[ACTUALIZAR PAGOS · AUTO] Descargando Excel...
[ACTUALIZAR PAGOS · AUTO] Descargando Excel...
⏳ [Automático] Tocaba disparar 'pagos' pero ya hay una ejecución en curso (Actualizar pagos); esperando a que termine; se reintenta en breve sin perder el turno.
[ACTUALIZAR PAGOS · AUTO] Archivo descargado en: backend/descargas/cache_actas_cruce/MULTAS_JUZGADO_CRUCE.xlsx
[ACTUALIZAR PAGOS · AUTO] ⏱ [actas_juzgado] completado en 19.5s
[ACTUALIZAR PAGOS · AUTO] Archivo descargado en: backend/descargas/cache_actas_cruce/MULTAS_SIGEMI_CRUCE.xlsx
[ACTUALIZAR PAGOS · AUTO] ⏱ [actas_sigemi] completado en 36.4s
[ACTUALIZAR PAGOS · AUTO] ✅ TXT de pagos descargado en: backend/descargas/pagos/2026-07-24/PAGOS DESCARGADOS.txt
[ACTUALIZAR PAGOS · AUTO] ⏱ [pagos_txt] completado en 36.5s
[ACTUALIZAR PAGOS · AUTO] ⏱ TOTAL descargas en paralelo: 36.5s
[ACTUALIZAR PAGOS · AUTO] ✅ DescargasParalelasPaso finalizado. (⏱ 37.7s)
[ACTUALIZAR PAGOS · AUTO] ✓ [DescargasParalelasPaso] Completado.
[ACTUALIZAR PAGOS · AUTO] ▶ [CompararActasPaso] Iniciando...
[ACTUALIZAR PAGOS · AUTO] ==================================================
[ACTUALIZAR PAGOS · AUTO] 🚀 PASO: CompararActasPaso
[ACTUALIZAR PAGOS · AUTO] ==================================================
[ACTUALIZAR PAGOS · AUTO] 🔍 Comparando actas del SEMyT contra pagos del Juzgado...
[ACTUALIZAR PAGOS · AUTO] ================================================================================
[ACTUALIZAR PAGOS · AUTO] INICIANDO PROCESO DE GENERACIÓN DE PAGOS DESACTUALIZADOS
[ACTUALIZAR PAGOS · AUTO] ================================================================================
[ACTUALIZAR PAGOS · AUTO] 📂 Cargando archivos...
[ACTUALIZAR PAGOS · AUTO]   ✓ Pagos: 17205 registros
[ACTUALIZAR PAGOS · AUTO]   ✓ Excel SIGEMI (multas vencidas viejas): 103441 registros
[ACTUALIZAR PAGOS · AUTO]   ✓ Excel Juzgado (multas vencidas nuevas): 39911 registros
[ACTUALIZAR PAGOS · AUTO] ================================================================================
[ACTUALIZAR PAGOS · AUTO] PASO 1: LLENANDO ACTA_NUMERO (búsqueda por patente + fecha, con desempate por hora)
[ACTUALIZAR PAGOS · AUTO] ================================================================================
[ACTUALIZAR PAGOS · AUTO] 📊 ESTADÍSTICAS DE LLENADO DE ACTAS:
[ACTUALIZAR PAGOS · AUTO]   • Pagos con acta ORIGINAL: 3085
[ACTUALIZAR PAGOS · AUTO]   • Pagos SIN acta (buscados): 14120
[ACTUALIZAR PAGOS · AUTO]   • Pagos LLENADOS exitosamente: 0
[ACTUALIZAR PAGOS · AUTO]   • Pagos NO encontrados en multas: 14120
[ACTUALIZAR PAGOS · AUTO]   • Pagos SIN RESOLVER por desbalance de cantidades: 0
[ACTUALIZAR PAGOS · AUTO] ================================================================================
[ACTUALIZAR PAGOS · AUTO] PASO 1: LLENANDO ACTA_NUMERO (búsqueda por patente + fecha, con desempate por hora)
[ACTUALIZAR PAGOS · AUTO] ================================================================================
[ACTUALIZAR PAGOS · AUTO] 📊 ESTADÍSTICAS DE LLENADO DE ACTAS:
[ACTUALIZAR PAGOS · AUTO]   • Pagos con acta ORIGINAL: 3085
[ACTUALIZAR PAGOS · AUTO]   • Pagos SIN acta (buscados): 14120
[ACTUALIZAR PAGOS · AUTO]   • Pagos LLENADOS exitosamente: 0
[ACTUALIZAR PAGOS · AUTO]   • Pagos NO encontrados en multas: 14120
[ACTUALIZAR PAGOS · AUTO]   • Pagos SIN RESOLVER por desbalance de cantidades: 0
[ACTUALIZAR PAGOS · AUTO] ⏱ PASO 1 (llenar actas): 14.1s
[ACTUALIZAR PAGOS · AUTO] ================================================================================
[ACTUALIZAR PAGOS · AUTO] PASO 2: FILTRANDO PAGOS CON ACTA_NUMERO COMPLETO
[ACTUALIZAR PAGOS · AUTO] ================================================================================
[ACTUALIZAR PAGOS · AUTO] 📊 ESTADÍSTICAS DE FILTRADO:
[ACTUALIZAR PAGOS · AUTO]   • Pagos TOTALES al inicio: 17205
[ACTUALIZAR PAGOS · AUTO]   • Pagos CON acta (MANTIENEN): 3085
[ACTUALIZAR PAGOS · AUTO]   • Pagos RECHAZADOS (sin coincidencias): 14120
[ACTUALIZAR PAGOS · AUTO] ⚠️  Se eliminaron 14120 registros sin número de acta
[ACTUALIZAR PAGOS · AUTO]      (recordá: esto incluye tanto pagos ya actualizados/pagados
[ACTUALIZAR PAGOS · AUTO]       como pagos que quedaron sin resolver por desbalance en el Paso 1)
[ACTUALIZAR PAGOS · AUTO] ================================================================================
[ACTUALIZAR PAGOS · AUTO] PASO 2-bis: CONFIRMANDO VIGENCIA DE PAGOS DEL SISTEMA NUEVO (contra MULTAS_JUZGADO_CRUCE)
[ACTUALIZAR PAGOS · AUTO] ================================================================================
[ACTUALIZAR PAGOS · AUTO]   ⚠ 3083 pago(s) del sistema nuevo descartados: su acta ya no figura como vencida en MULTAS_JUZGADO_CRUCE (SEMyT ya los actualizó).
[ACTUALIZAR PAGOS · AUTO]   • Pagos del sistema nuevo descartados por ya estar actualizados: 3083
[ACTUALIZAR PAGOS · AUTO] ⏱ PASO 2 (filtrar): 1.0s
[ACTUALIZAR PAGOS · AUTO] 📂 Cargando maestro de causas SIGEMI...
[ACTUALIZAR PAGOS · AUTO]   ✓ Causas totales (maestro): 134069 registros
[ACTUALIZAR PAGOS · AUTO] ⏱ PASO 2.5 (causas simplificado): 0.1s
[ACTUALIZAR PAGOS · AUTO] ================================================================================
[ACTUALIZAR PAGOS · AUTO] PASO 2.5: ARMANDO causas.txt SIMPLIFICADO (cruce contra total_causas_sigemi.txt)
[ACTUALIZAR PAGOS · AUTO] ================================================================================
[ACTUALIZAR PAGOS · AUTO]   • Actas vencidas viejas (multas): 103441
[ACTUALIZAR PAGOS · AUTO]   • Causas totales en el maestro SIGEMI: 134069
[ACTUALIZAR PAGOS · AUTO]   • Causas que coinciden (simplificado): 103113
[ACTUALIZAR PAGOS · AUTO]   ✅ Archivo escrito: backend/descargas/causas/causas.txt
[ACTUALIZAR PAGOS · AUTO] ⏱ PASO 2.5 (causas simplificado): 2.2s
[ACTUALIZAR PAGOS · AUTO] ================================================================================
[ACTUALIZAR PAGOS · AUTO] PASO 3: LLENANDO CAUSA_NUMERO (según fecha de cambio de sistema, cruzando por acta + año)
[ACTUALIZAR PAGOS · AUTO] ================================================================================
[ACTUALIZAR PAGOS · AUTO] 📊 ESTADÍSTICAS DE LLENADO DE CAUSAS:
[ACTUALIZAR PAGOS · AUTO]   • Pagos con causa ORIGINAL: 2
[ACTUALIZAR PAGOS · AUTO]   • Causas encontradas en SIGEMI (actas viejas): 0
[ACTUALIZAR PAGOS · AUTO]   • Causas NO encontradas en SIGEMI: 0
[ACTUALIZAR PAGOS · AUTO]   • Causas asignadas automáticamente (actas nuevas): 0
[ACTUALIZAR PAGOS · AUTO] ⏱ PASO 3 (llenar causas): 0.0s
[ACTUALIZAR PAGOS · AUTO] ================================================================================
[ACTUALIZAR PAGOS · AUTO] PASO 4: ORDENANDO POR FECHA Y ACTA_NUMERO
[ACTUALIZAR PAGOS · AUTO] ================================================================================
[ACTUALIZAR PAGOS · AUTO] ✓ Pagos ordenados correctamente
[ACTUALIZAR PAGOS · AUTO]   • Primera entrada: Acta=351213, Fecha=18/11/2025
[ACTUALIZAR PAGOS · AUTO]   • Última entrada: Acta=280524, Fecha=16/03/2026
[ACTUALIZAR PAGOS · AUTO] 📝 Escribiendo archivo de salida...
[ACTUALIZAR PAGOS · AUTO]   ✅ Archivo escrito: backend/descargas/pagos/2026-07-24/PAGOS 20260724 184043.txt
[ACTUALIZAR PAGOS · AUTO]   ✅ Total registros: 353
[ACTUALIZAR PAGOS · AUTO] ⏱ PASO 4 (ordenar y escribir): 0.0s
[ACTUALIZAR PAGOS · AUTO] ================================================================================
[ACTUALIZAR PAGOS · AUTO] ✅ PROCESO COMPLETADO EXITOSAMENTE
[ACTUALIZAR PAGOS · AUTO] ================================================================================
[ACTUALIZAR PAGOS · AUTO] 📊 RESUMEN FINAL DEL PROCESAMIENTO:
[ACTUALIZAR PAGOS · AUTO]   ENTRADA:
[ACTUALIZAR PAGOS · AUTO]     • Pagos originales: 17205
[ACTUALIZAR PAGOS · AUTO]     • Multas SIGEMI cargadas: 103441
[ACTUALIZAR PAGOS · AUTO]     • Multas Juzgado cargadas: 39911
[ACTUALIZAR PAGOS · AUTO]     • Causas simplificadas (usadas para el cruce): 103113
[ACTUALIZAR PAGOS · AUTO]   PROCESO:
[ACTUALIZAR PAGOS · AUTO]     • Pagos rechazados sigemi: 14120
[ACTUALIZAR PAGOS · AUTO]     • Pagos rechazados juzgado: 3083
[ACTUALIZAR PAGOS · AUTO]   SALIDA:
[ACTUALIZAR PAGOS · AUTO]     • Pagos desactualizados procesados: 2
[ACTUALIZAR PAGOS · AUTO]     • Archivo final: backend/descargas/pagos/2026-07-24/PAGOS 20260724 184043.txt
[ACTUALIZAR PAGOS · AUTO]     • Ordenados por fecha: SÍ ✓
[ACTUALIZAR PAGOS · AUTO]     • Todos con ACTA_NUMERO: SÍ ✓
[ACTUALIZAR PAGOS · AUTO]     • Todos con CAUSA_NUMERO: SÍ ✓
[ACTUALIZAR PAGOS · AUTO] ✅ TXT de pagos (ya cruzado con actas y causas) generado en: backend/descargas/pagos/2026-07-24/PAGOS 20260724 184043.txt
[ACTUALIZAR PAGOS · AUTO] 🧹 TXT de pagos crudo eliminado (ya usado en el cruce): backend/descargas/pagos/2026-07-24/PAGOS DESCARGADOS.txt
[ACTUALIZAR PAGOS · AUTO] 🧹 Excel MULTAS_SIGEMI_CRUCE eliminado (ya usado en el cruce): backend/descargas/cache_actas_cruce/MULTAS_SIGEMI_CRUCE.xlsx
[ACTUALIZAR PAGOS · AUTO] 🧹 Excel MULTAS_JUZGADO_CRUCE eliminado (ya usado en el cruce): backend/descargas/cache_actas_cruce/MULTAS_JUZGADO_CRUCE.xlsx
[ACTUALIZAR PAGOS · AUTO] ✅ CompararActasPaso finalizado. (⏱ 38.3s)
[ACTUALIZAR PAGOS · AUTO] ✓ [CompararActasPaso] Completado.
[ACTUALIZAR PAGOS · AUTO] ▶ [CargarPagosPaso] Iniciando...
[ACTUALIZAR PAGOS · AUTO] ==================================================
[ACTUALIZAR PAGOS · AUTO] 🚀 PASO: CargarPagosPaso
[ACTUALIZAR PAGOS · AUTO] ==================================================
[ACTUALIZAR PAGOS · AUTO] 📤 Subiendo TXT de pagos al SEMyT...
[ACTUALIZAR PAGOS · AUTO] ✅ Importación de pagos completada con éxito.
[ACTUALIZAR PAGOS · AUTO] ✅ Archivo TXT de pagos cargado en el SEMyT correctamente.
[ACTUALIZAR PAGOS · AUTO] ✅ CargarPagosPaso finalizado. (⏱ 3.8s)
[ACTUALIZAR PAGOS · AUTO] ✓ [CargarPagosPaso] Completado.
[ACTUALIZAR PAGOS · AUTO] === Ejecución finalizada con éxito ===
🤖 [Automático] Es hora de actualizar pagos. Arrancando...
[ACTUALIZAR PAGOS · AUTO] === Inicio de ejecución: pagos ===
[ACTUALIZAR PAGOS · AUTO] ▶ [LoginSemytPaso] Iniciando...
[ACTUALIZAR PAGOS · AUTO] ==================================================
[ACTUALIZAR PAGOS · AUTO] 🚀 PASO: LoginSemytPaso
[ACTUALIZAR PAGOS · AUTO] ==================================================
[ACTUALIZAR PAGOS · AUTO] Abriendo SEMyT...
[ACTUALIZAR PAGOS · AUTO] ✅ [SEMyT] Sesión existente detectada. Login omitido.
[ACTUALIZAR PAGOS · AUTO] ✅ LoginSemytPaso finalizado. (⏱ 4.2s)
[ACTUALIZAR PAGOS · AUTO] ✓ [LoginSemytPaso] Completado.
[ACTUALIZAR PAGOS · AUTO] ▶ [LoginJuzgadoPaso] Iniciando...
[ACTUALIZAR PAGOS · AUTO] ==================================================
[ACTUALIZAR PAGOS · AUTO] 🚀 PASO: LoginJuzgadoPaso
[ACTUALIZAR PAGOS · AUTO] ==================================================
[ACTUALIZAR PAGOS · AUTO] Abriendo sitio municipalidad (CiDi)...
[ACTUALIZAR PAGOS · AUTO] ✅ [Juzgado] Sesión existente detectada. Login omitido.
[ACTUALIZAR PAGOS · AUTO] ✅ LoginJuzgadoPaso finalizado. (⏱ 1.4s)
[ACTUALIZAR PAGOS · AUTO] ✓ [LoginJuzgadoPaso] Completado.
[ACTUALIZAR PAGOS · AUTO] ▶ [DescargasParalelasPaso] Iniciando...
[ACTUALIZAR PAGOS · AUTO] ==================================================
[ACTUALIZAR PAGOS · AUTO] 🚀 PASO: DescargasParalelasPaso
[ACTUALIZAR PAGOS · AUTO] ==================================================
[ACTUALIZAR PAGOS · AUTO] 📤 Arrancando las 3 descargas en paralelo (mismo browser, páginas separadas)...
[ACTUALIZAR PAGOS · AUTO] Fecha Desde: 27/06/2024
[ACTUALIZAR PAGOS · AUTO] Fecha Hasta: 24/11/2025
[ACTUALIZAR PAGOS · AUTO] Fecha Desde: 25/11/2025
[ACTUALIZAR PAGOS · AUTO] Fecha Hasta: 24/07/2026
[ACTUALIZAR PAGOS · AUTO] Descargando Excel...
[ACTUALIZAR PAGOS · AUTO] Descargando Excel...
⏳ [Automático] Tocaba disparar 'pagos' pero ya hay una ejecución en curso (Actualizar pagos); esperando a que termine; se reintenta en breve sin perder el turno.
[ACTUALIZAR PAGOS · AUTO] Archivo descargado en: backend/descargas/cache_actas_cruce/MULTAS_JUZGADO_CRUCE.xlsx
[ACTUALIZAR PAGOS · AUTO] ⏱ [actas_juzgado] completado en 18.4s
[ACTUALIZAR PAGOS · AUTO] Archivo descargado en: backend/descargas/cache_actas_cruce/MULTAS_SIGEMI_CRUCE.xlsx
[ACTUALIZAR PAGOS · AUTO] ⏱ [actas_sigemi] completado en 37.2s
[ACTUALIZAR PAGOS · AUTO] ✅ TXT de pagos descargado en: backend/descargas/pagos/2026-07-24/PAGOS DESCARGADOS.txt
[ACTUALIZAR PAGOS · AUTO] ⏱ [pagos_txt] completado en 37.3s
[ACTUALIZAR PAGOS · AUTO] ⏱ TOTAL descargas en paralelo: 37.3s
[ACTUALIZAR PAGOS · AUTO] ✅ DescargasParalelasPaso finalizado. (⏱ 38.5s)
[ACTUALIZAR PAGOS · AUTO] ✓ [DescargasParalelasPaso] Completado.
[ACTUALIZAR PAGOS · AUTO] ▶ [CompararActasPaso] Iniciando...
[ACTUALIZAR PAGOS · AUTO] ==================================================
[ACTUALIZAR PAGOS · AUTO] 🚀 PASO: CompararActasPaso
[ACTUALIZAR PAGOS · AUTO] ==================================================
[ACTUALIZAR PAGOS · AUTO] 🔍 Comparando actas del SEMyT contra pagos del Juzgado...
[ACTUALIZAR PAGOS · AUTO] ================================================================================
[ACTUALIZAR PAGOS · AUTO] INICIANDO PROCESO DE GENERACIÓN DE PAGOS DESACTUALIZADOS
[ACTUALIZAR PAGOS · AUTO] ================================================================================
[ACTUALIZAR PAGOS · AUTO] 📂 Cargando archivos...
[ACTUALIZAR PAGOS · AUTO]   ✓ Pagos: 17207 registros
[ACTUALIZAR PAGOS · AUTO]   ✓ Excel SIGEMI (multas vencidas viejas): 103441 registros
[ACTUALIZAR PAGOS · AUTO]   ✓ Excel Juzgado (multas vencidas nuevas): 39910 registros
[ACTUALIZAR PAGOS · AUTO] ================================================================================
[ACTUALIZAR PAGOS · AUTO] PASO 1: LLENANDO ACTA_NUMERO (búsqueda por patente + fecha, con desempate por hora)
[ACTUALIZAR PAGOS · AUTO] ================================================================================
[ACTUALIZAR PAGOS · AUTO] 📊 ESTADÍSTICAS DE LLENADO DE ACTAS:
[ACTUALIZAR PAGOS · AUTO]   • Pagos con acta ORIGINAL: 3087
[ACTUALIZAR PAGOS · AUTO]   • Pagos SIN acta (buscados): 14120
[ACTUALIZAR PAGOS · AUTO]   • Pagos LLENADOS exitosamente: 0
[ACTUALIZAR PAGOS · AUTO]   • Pagos NO encontrados en multas: 14120
[ACTUALIZAR PAGOS · AUTO]   • Pagos SIN RESOLVER por desbalance de cantidades: 0
[ACTUALIZAR PAGOS · AUTO] ================================================================================
[ACTUALIZAR PAGOS · AUTO] PASO 1: LLENANDO ACTA_NUMERO (búsqueda por patente + fecha, con desempate por hora)
[ACTUALIZAR PAGOS · AUTO] ================================================================================
[ACTUALIZAR PAGOS · AUTO] 📊 ESTADÍSTICAS DE LLENADO DE ACTAS:
[ACTUALIZAR PAGOS · AUTO]   • Pagos con acta ORIGINAL: 3087
[ACTUALIZAR PAGOS · AUTO]   • Pagos SIN acta (buscados): 14120
[ACTUALIZAR PAGOS · AUTO]   • Pagos LLENADOS exitosamente: 0
[ACTUALIZAR PAGOS · AUTO]   • Pagos NO encontrados en multas: 14120
[ACTUALIZAR PAGOS · AUTO]   • Pagos SIN RESOLVER por desbalance de cantidades: 0
[ACTUALIZAR PAGOS · AUTO] ⏱ PASO 1 (llenar actas): 14.0s
[ACTUALIZAR PAGOS · AUTO] ================================================================================
[ACTUALIZAR PAGOS · AUTO] PASO 2: FILTRANDO PAGOS CON ACTA_NUMERO COMPLETO
[ACTUALIZAR PAGOS · AUTO] ================================================================================
[ACTUALIZAR PAGOS · AUTO] 📊 ESTADÍSTICAS DE FILTRADO:
[ACTUALIZAR PAGOS · AUTO]   • Pagos TOTALES al inicio: 17207
[ACTUALIZAR PAGOS · AUTO]   • Pagos CON acta (MANTIENEN): 3087
[ACTUALIZAR PAGOS · AUTO]   • Pagos RECHAZADOS (sin coincidencias): 14120
[ACTUALIZAR PAGOS · AUTO] ⚠️  Se eliminaron 14120 registros sin número de acta
[ACTUALIZAR PAGOS · AUTO]      (recordá: esto incluye tanto pagos ya actualizados/pagados
[ACTUALIZAR PAGOS · AUTO]       como pagos que quedaron sin resolver por desbalance en el Paso 1)
[ACTUALIZAR PAGOS · AUTO] ================================================================================
[ACTUALIZAR PAGOS · AUTO] PASO 2-bis: CONFIRMANDO VIGENCIA DE PAGOS DEL SISTEMA NUEVO (contra MULTAS_JUZGADO_CRUCE)
[ACTUALIZAR PAGOS · AUTO] ================================================================================
[ACTUALIZAR PAGOS · AUTO]   ⚠ 3084 pago(s) del sistema nuevo descartados: su acta ya no figura como vencida en MULTAS_JUZGADO_CRUCE (SEMyT ya los actualizó).
[ACTUALIZAR PAGOS · AUTO]   • Pagos del sistema nuevo descartados por ya estar actualizados: 3084
[ACTUALIZAR PAGOS · AUTO] ⏱ PASO 2 (filtrar): 1.0s
[ACTUALIZAR PAGOS · AUTO] 📂 Cargando maestro de causas SIGEMI...
[ACTUALIZAR PAGOS · AUTO]   ✓ Causas totales (maestro): 134069 registros
[ACTUALIZAR PAGOS · AUTO] ⏱ PASO 2.5 (causas simplificado): 0.3s
[ACTUALIZAR PAGOS · AUTO] ================================================================================
[ACTUALIZAR PAGOS · AUTO] PASO 2.5: ARMANDO causas.txt SIMPLIFICADO (cruce contra total_causas_sigemi.txt)
[ACTUALIZAR PAGOS · AUTO] ================================================================================
[ACTUALIZAR PAGOS · AUTO]   • Actas vencidas viejas (multas): 103441
[ACTUALIZAR PAGOS · AUTO]   • Causas totales en el maestro SIGEMI: 134069
[ACTUALIZAR PAGOS · AUTO]   • Causas que coinciden (simplificado): 103113
[ACTUALIZAR PAGOS · AUTO]   ✅ Archivo escrito: backend/descargas/causas/causas.txt
[ACTUALIZAR PAGOS · AUTO] ⏱ PASO 2.5 (causas simplificado): 2.3s
[ACTUALIZAR PAGOS · AUTO] ================================================================================
[ACTUALIZAR PAGOS · AUTO] PASO 3: LLENANDO CAUSA_NUMERO (según fecha de cambio de sistema, cruzando por acta + año)
[ACTUALIZAR PAGOS · AUTO] ================================================================================
[ACTUALIZAR PAGOS · AUTO] 📊 ESTADÍSTICAS DE LLENADO DE CAUSAS:
[ACTUALIZAR PAGOS · AUTO]   • Pagos con causa ORIGINAL: 3
[ACTUALIZAR PAGOS · AUTO]   • Causas encontradas en SIGEMI (actas viejas): 0
[ACTUALIZAR PAGOS · AUTO]   • Causas NO encontradas en SIGEMI: 0
[ACTUALIZAR PAGOS · AUTO]   • Causas asignadas automáticamente (actas nuevas): 0
[ACTUALIZAR PAGOS · AUTO] ⏱ PASO 3 (llenar causas): 0.0s
[ACTUALIZAR PAGOS · AUTO] ================================================================================
[ACTUALIZAR PAGOS · AUTO] PASO 4: ORDENANDO POR FECHA Y ACTA_NUMERO
[ACTUALIZAR PAGOS · AUTO] ================================================================================
[ACTUALIZAR PAGOS · AUTO] ✓ Pagos ordenados correctamente
[ACTUALIZAR PAGOS · AUTO]   • Primera entrada: Acta=351213, Fecha=18/11/2025
[ACTUALIZAR PAGOS · AUTO]   • Última entrada: Acta=263630, Fecha=06/02/2026
[ACTUALIZAR PAGOS · AUTO] 📝 Escribiendo archivo de salida...
[ACTUALIZAR PAGOS · AUTO]   ✅ Archivo escrito: backend/descargas/pagos/2026-07-24/PAGOS 20260724 185221.txt
[ACTUALIZAR PAGOS · AUTO]   ✅ Total registros: 465
[ACTUALIZAR PAGOS · AUTO] ⏱ PASO 4 (ordenar y escribir): 0.0s
[ACTUALIZAR PAGOS · AUTO] ================================================================================
[ACTUALIZAR PAGOS · AUTO] ✅ PROCESO COMPLETADO EXITOSAMENTE
[ACTUALIZAR PAGOS · AUTO] ================================================================================
[ACTUALIZAR PAGOS · AUTO] 📊 RESUMEN FINAL DEL PROCESAMIENTO:
[ACTUALIZAR PAGOS · AUTO]   ENTRADA:
[ACTUALIZAR PAGOS · AUTO]     • Pagos originales: 17207
[ACTUALIZAR PAGOS · AUTO]     • Multas SIGEMI cargadas: 103441
[ACTUALIZAR PAGOS · AUTO]     • Multas Juzgado cargadas: 39910
[ACTUALIZAR PAGOS · AUTO]     • Causas simplificadas (usadas para el cruce): 103113
[ACTUALIZAR PAGOS · AUTO]   PROCESO:
[ACTUALIZAR PAGOS · AUTO]     • Pagos rechazados sigemi: 14120
[ACTUALIZAR PAGOS · AUTO]     • Pagos rechazados juzgado: 3084
[ACTUALIZAR PAGOS · AUTO]   SALIDA:
[ACTUALIZAR PAGOS · AUTO]     • Pagos desactualizados procesados: 3
[ACTUALIZAR PAGOS · AUTO]     • Archivo final: backend/descargas/pagos/2026-07-24/PAGOS 20260724 185221.txt
[ACTUALIZAR PAGOS · AUTO]     • Ordenados por fecha: SÍ ✓
[ACTUALIZAR PAGOS · AUTO]     • Todos con ACTA_NUMERO: SÍ ✓
[ACTUALIZAR PAGOS · AUTO]     • Todos con CAUSA_NUMERO: SÍ ✓
[ACTUALIZAR PAGOS · AUTO] ✅ TXT de pagos (ya cruzado con actas y causas) generado en: backend/descargas/pagos/2026-07-24/PAGOS 20260724 185221.txt
[ACTUALIZAR PAGOS · AUTO] 🧹 TXT de pagos crudo eliminado (ya usado en el cruce): backend/descargas/pagos/2026-07-24/PAGOS DESCARGADOS.txt
[ACTUALIZAR PAGOS · AUTO] 🧹 Excel MULTAS_SIGEMI_CRUCE eliminado (ya usado en el cruce): backend/descargas/cache_actas_cruce/MULTAS_SIGEMI_CRUCE.xlsx
[ACTUALIZAR PAGOS · AUTO] 🧹 Excel MULTAS_JUZGADO_CRUCE eliminado (ya usado en el cruce): backend/descargas/cache_actas_cruce/MULTAS_JUZGADO_CRUCE.xlsx
[ACTUALIZAR PAGOS · AUTO] ✅ CompararActasPaso finalizado. (⏱ 39.0s)
[ACTUALIZAR PAGOS · AUTO] ✓ [CompararActasPaso] Completado.
[ACTUALIZAR PAGOS · AUTO] ▶ [CargarPagosPaso] Iniciando...
[ACTUALIZAR PAGOS · AUTO] ==================================================
[ACTUALIZAR PAGOS · AUTO] 🚀 PASO: CargarPagosPaso
[ACTUALIZAR PAGOS · AUTO] ==================================================
[ACTUALIZAR PAGOS · AUTO] 📤 Subiendo TXT de pagos al SEMyT...
[ACTUALIZAR PAGOS · AUTO] ✅ Importación de pagos completada con éxito.
[ACTUALIZAR PAGOS · AUTO] ✅ Archivo TXT de pagos cargado en el SEMyT correctamente.
[ACTUALIZAR PAGOS · AUTO] ✅ CargarPagosPaso finalizado. (⏱ 4.1s)
[ACTUALIZAR PAGOS · AUTO] ✓ [CargarPagosPaso] Completado.
[ACTUALIZAR PAGOS · AUTO] === Ejecución finalizada con éxito ===
🤖 [Automático] Es hora de actualizar pagos. Arrancando...
[ACTUALIZAR PAGOS · AUTO] === Inicio de ejecución: pagos ===
[ACTUALIZAR PAGOS · AUTO] ▶ [LoginSemytPaso] Iniciando...
[ACTUALIZAR PAGOS · AUTO] ==================================================
[ACTUALIZAR PAGOS · AUTO] 🚀 PASO: LoginSemytPaso
[ACTUALIZAR PAGOS · AUTO] ==================================================
[ACTUALIZAR PAGOS · AUTO] Abriendo SEMyT...
[ACTUALIZAR PAGOS · AUTO] ✅ [SEMyT] Sesión existente detectada. Login omitido.
[ACTUALIZAR PAGOS · AUTO] ✅ LoginSemytPaso finalizado. (⏱ 3.8s)
[ACTUALIZAR PAGOS · AUTO] ✓ [LoginSemytPaso] Completado.
[ACTUALIZAR PAGOS · AUTO] ▶ [LoginJuzgadoPaso] Iniciando...
[ACTUALIZAR PAGOS · AUTO] ==================================================
[ACTUALIZAR PAGOS · AUTO] 🚀 PASO: LoginJuzgadoPaso
[ACTUALIZAR PAGOS · AUTO] ==================================================
[ACTUALIZAR PAGOS · AUTO] Abriendo sitio municipalidad (CiDi)...
[ACTUALIZAR PAGOS · AUTO] ✅ [Juzgado] Sesión existente detectada. Login omitido.
[ACTUALIZAR PAGOS · AUTO] ✅ LoginJuzgadoPaso finalizado. (⏱ 1.3s)
[ACTUALIZAR PAGOS · AUTO] ✓ [LoginJuzgadoPaso] Completado.
[ACTUALIZAR PAGOS · AUTO] ▶ [DescargasParalelasPaso] Iniciando...
[ACTUALIZAR PAGOS · AUTO] ==================================================
[ACTUALIZAR PAGOS · AUTO] 🚀 PASO: DescargasParalelasPaso
[ACTUALIZAR PAGOS · AUTO] ==================================================
[ACTUALIZAR PAGOS · AUTO] 📤 Arrancando las 3 descargas en paralelo (mismo browser, páginas separadas)...
[ACTUALIZAR PAGOS · AUTO] Fecha Desde: 27/06/2024
[ACTUALIZAR PAGOS · AUTO] Fecha Hasta: 24/11/2025
[ACTUALIZAR PAGOS · AUTO] Fecha Desde: 25/11/2025
[ACTUALIZAR PAGOS · AUTO] Fecha Hasta: 24/07/2026
[ACTUALIZAR PAGOS · AUTO] Descargando Excel...
[ACTUALIZAR PAGOS · AUTO] Descargando Excel...
⏳ [Automático] Tocaba disparar 'pagos' pero ya hay una ejecución en curso (Actualizar pagos); esperando a que termine; se reintenta en breve sin perder el turno.
[ACTUALIZAR PAGOS · AUTO] Archivo descargado en: backend/descargas/cache_actas_cruce/MULTAS_JUZGADO_CRUCE.xlsx
[ACTUALIZAR PAGOS · AUTO] ⏱ [actas_juzgado] completado en 17.0s
[ACTUALIZAR PAGOS · AUTO] Archivo descargado en: backend/descargas/cache_actas_cruce/MULTAS_SIGEMI_CRUCE.xlsx
[ACTUALIZAR PAGOS · AUTO] ⏱ [actas_sigemi] completado en 34.7s
[ACTUALIZAR PAGOS · AUTO] ✅ TXT de pagos descargado en: backend/descargas/pagos/2026-07-24/PAGOS DESCARGADOS.txt
[ACTUALIZAR PAGOS · AUTO] ⏱ [pagos_txt] completado en 34.8s
[ACTUALIZAR PAGOS · AUTO] ⏱ TOTAL descargas en paralelo: 34.8s
[ACTUALIZAR PAGOS · AUTO] ✅ DescargasParalelasPaso finalizado. (⏱ 36.0s)
[ACTUALIZAR PAGOS · AUTO] ✓ [DescargasParalelasPaso] Completado.
[ACTUALIZAR PAGOS · AUTO] ▶ [CompararActasPaso] Iniciando...
[ACTUALIZAR PAGOS · AUTO] ==================================================
[ACTUALIZAR PAGOS · AUTO] 🚀 PASO: CompararActasPaso
[ACTUALIZAR PAGOS · AUTO] ==================================================
[ACTUALIZAR PAGOS · AUTO] 🔍 Comparando actas del SEMyT contra pagos del Juzgado...
[ACTUALIZAR PAGOS · AUTO] ================================================================================
[ACTUALIZAR PAGOS · AUTO] INICIANDO PROCESO DE GENERACIÓN DE PAGOS DESACTUALIZADOS
[ACTUALIZAR PAGOS · AUTO] ================================================================================
[ACTUALIZAR PAGOS · AUTO] 📂 Cargando archivos...
[ACTUALIZAR PAGOS · AUTO]   ✓ Pagos: 17207 registros
[ACTUALIZAR PAGOS · AUTO]   ✓ Excel SIGEMI (multas vencidas viejas): 103441 registros
[ACTUALIZAR PAGOS · AUTO]   ✓ Excel Juzgado (multas vencidas nuevas): 39908 registros
[ACTUALIZAR PAGOS · AUTO] ================================================================================
[ACTUALIZAR PAGOS · AUTO] PASO 1: LLENANDO ACTA_NUMERO (búsqueda por patente + fecha, con desempate por hora)
[ACTUALIZAR PAGOS · AUTO] ================================================================================
[ACTUALIZAR PAGOS · AUTO] 📊 ESTADÍSTICAS DE LLENADO DE ACTAS:
[ACTUALIZAR PAGOS · AUTO]   • Pagos con acta ORIGINAL: 3087
[ACTUALIZAR PAGOS · AUTO]   • Pagos SIN acta (buscados): 14120
[ACTUALIZAR PAGOS · AUTO]   • Pagos LLENADOS exitosamente: 0
[ACTUALIZAR PAGOS · AUTO]   • Pagos NO encontrados en multas: 14120
[ACTUALIZAR PAGOS · AUTO]   • Pagos SIN RESOLVER por desbalance de cantidades: 0
[ACTUALIZAR PAGOS · AUTO] ================================================================================
[ACTUALIZAR PAGOS · AUTO] PASO 1: LLENANDO ACTA_NUMERO (búsqueda por patente + fecha, con desempate por hora)
[ACTUALIZAR PAGOS · AUTO] ================================================================================
[ACTUALIZAR PAGOS · AUTO] 📊 ESTADÍSTICAS DE LLENADO DE ACTAS:
[ACTUALIZAR PAGOS · AUTO]   • Pagos con acta ORIGINAL: 3087
[ACTUALIZAR PAGOS · AUTO]   • Pagos SIN acta (buscados): 14120
[ACTUALIZAR PAGOS · AUTO]   • Pagos LLENADOS exitosamente: 0
[ACTUALIZAR PAGOS · AUTO]   • Pagos NO encontrados en multas: 14120
[ACTUALIZAR PAGOS · AUTO]   • Pagos SIN RESOLVER por desbalance de cantidades: 0
[ACTUALIZAR PAGOS · AUTO] ⏱ PASO 1 (llenar actas): 14.1s
[ACTUALIZAR PAGOS · AUTO] ================================================================================
[ACTUALIZAR PAGOS · AUTO] PASO 2: FILTRANDO PAGOS CON ACTA_NUMERO COMPLETO
[ACTUALIZAR PAGOS · AUTO] ================================================================================
[ACTUALIZAR PAGOS · AUTO] 📊 ESTADÍSTICAS DE FILTRADO:
[ACTUALIZAR PAGOS · AUTO]   • Pagos TOTALES al inicio: 17207
[ACTUALIZAR PAGOS · AUTO]   • Pagos CON acta (MANTIENEN): 3087
[ACTUALIZAR PAGOS · AUTO]   • Pagos RECHAZADOS (sin coincidencias): 14120
[ACTUALIZAR PAGOS · AUTO] ⚠️  Se eliminaron 14120 registros sin número de acta
[ACTUALIZAR PAGOS · AUTO]      (recordá: esto incluye tanto pagos ya actualizados/pagados
[ACTUALIZAR PAGOS · AUTO]       como pagos que quedaron sin resolver por desbalance en el Paso 1)
[ACTUALIZAR PAGOS · AUTO] ================================================================================
[ACTUALIZAR PAGOS · AUTO] PASO 2-bis: CONFIRMANDO VIGENCIA DE PAGOS DEL SISTEMA NUEVO (contra MULTAS_JUZGADO_CRUCE)
[ACTUALIZAR PAGOS · AUTO] ================================================================================
[ACTUALIZAR PAGOS · AUTO]   ⚠ 3086 pago(s) del sistema nuevo descartados: su acta ya no figura como vencida en MULTAS_JUZGADO_CRUCE (SEMyT ya los actualizó).
[ACTUALIZAR PAGOS · AUTO]   • Pagos del sistema nuevo descartados por ya estar actualizados: 3086
[ACTUALIZAR PAGOS · AUTO] ⏱ PASO 2 (filtrar): 1.1s
[ACTUALIZAR PAGOS · AUTO] 📂 Cargando maestro de causas SIGEMI...
[ACTUALIZAR PAGOS · AUTO]   ✓ Causas totales (maestro): 134069 registros
[ACTUALIZAR PAGOS · AUTO] ⏱ PASO 2.5 (causas simplificado): 0.1s
[ACTUALIZAR PAGOS · AUTO] ================================================================================
[ACTUALIZAR PAGOS · AUTO] PASO 2.5: ARMANDO causas.txt SIMPLIFICADO (cruce contra total_causas_sigemi.txt)
[ACTUALIZAR PAGOS · AUTO] ================================================================================
[ACTUALIZAR PAGOS · AUTO]   • Actas vencidas viejas (multas): 103441
[ACTUALIZAR PAGOS · AUTO]   • Causas totales en el maestro SIGEMI: 134069
[ACTUALIZAR PAGOS · AUTO]   • Causas que coinciden (simplificado): 103113
[ACTUALIZAR PAGOS · AUTO]   ✅ Archivo escrito: backend/descargas/causas/causas.txt
[ACTUALIZAR PAGOS · AUTO] ⏱ PASO 2.5 (causas simplificado): 2.1s
[ACTUALIZAR PAGOS · AUTO] ================================================================================
[ACTUALIZAR PAGOS · AUTO] PASO 3: LLENANDO CAUSA_NUMERO (según fecha de cambio de sistema, cruzando por acta + año)
[ACTUALIZAR PAGOS · AUTO] ================================================================================
[ACTUALIZAR PAGOS · AUTO] 📊 ESTADÍSTICAS DE LLENADO DE CAUSAS:
[ACTUALIZAR PAGOS · AUTO]   • Pagos con causa ORIGINAL: 1
[ACTUALIZAR PAGOS · AUTO]   • Causas encontradas en SIGEMI (actas viejas): 0
[ACTUALIZAR PAGOS · AUTO]   • Causas NO encontradas en SIGEMI: 0
[ACTUALIZAR PAGOS · AUTO]   • Causas asignadas automáticamente (actas nuevas): 0
[ACTUALIZAR PAGOS · AUTO] ⏱ PASO 3 (llenar causas): 0.0s
[ACTUALIZAR PAGOS · AUTO] ================================================================================
[ACTUALIZAR PAGOS · AUTO] PASO 4: ORDENANDO POR FECHA Y ACTA_NUMERO
[ACTUALIZAR PAGOS · AUTO] ================================================================================
[ACTUALIZAR PAGOS · AUTO] ✓ Pagos ordenados correctamente
[ACTUALIZAR PAGOS · AUTO]   • Primera entrada: Acta=351213, Fecha=18/11/2025
[ACTUALIZAR PAGOS · AUTO]   • Última entrada: Acta=351213, Fecha=18/11/2025
[ACTUALIZAR PAGOS · AUTO] 📝 Escribiendo archivo de salida...
[ACTUALIZAR PAGOS · AUTO]   ✅ Archivo escrito: backend/descargas/pagos/2026-07-24/PAGOS 20260724 190355.txt
[ACTUALIZAR PAGOS · AUTO]   ✅ Total registros: 247
[ACTUALIZAR PAGOS · AUTO] ⏱ PASO 4 (ordenar y escribir): 0.0s
[ACTUALIZAR PAGOS · AUTO] ================================================================================
[ACTUALIZAR PAGOS · AUTO] ✅ PROCESO COMPLETADO EXITOSAMENTE
[ACTUALIZAR PAGOS · AUTO] ================================================================================
[ACTUALIZAR PAGOS · AUTO] 📊 RESUMEN FINAL DEL PROCESAMIENTO:
[ACTUALIZAR PAGOS · AUTO]   ENTRADA:
[ACTUALIZAR PAGOS · AUTO]     • Pagos originales: 17207
[ACTUALIZAR PAGOS · AUTO]     • Multas SIGEMI cargadas: 103441
[ACTUALIZAR PAGOS · AUTO]     • Multas Juzgado cargadas: 39908
[ACTUALIZAR PAGOS · AUTO]     • Causas simplificadas (usadas para el cruce): 103113
[ACTUALIZAR PAGOS · AUTO]   PROCESO:
[ACTUALIZAR PAGOS · AUTO]     • Pagos rechazados sigemi: 14120
[ACTUALIZAR PAGOS · AUTO]     • Pagos rechazados juzgado: 3086
[ACTUALIZAR PAGOS · AUTO]   SALIDA:
[ACTUALIZAR PAGOS · AUTO]     • Pagos desactualizados procesados: 1
[ACTUALIZAR PAGOS · AUTO]     • Archivo final: backend/descargas/pagos/2026-07-24/PAGOS 20260724 190355.txt
[ACTUALIZAR PAGOS · AUTO]     • Ordenados por fecha: SÍ ✓
[ACTUALIZAR PAGOS · AUTO]     • Todos con ACTA_NUMERO: SÍ ✓
[ACTUALIZAR PAGOS · AUTO]     • Todos con CAUSA_NUMERO: SÍ ✓
[ACTUALIZAR PAGOS · AUTO] ✅ TXT de pagos (ya cruzado con actas y causas) generado en: backend/descargas/pagos/2026-07-24/PAGOS 20260724 190355.txt
[ACTUALIZAR PAGOS · AUTO] 🧹 TXT de pagos crudo eliminado (ya usado en el cruce): backend/descargas/pagos/2026-07-24/PAGOS DESCARGADOS.txt
[ACTUALIZAR PAGOS · AUTO] 🧹 Excel MULTAS_SIGEMI_CRUCE eliminado (ya usado en el cruce): backend/descargas/cache_actas_cruce/MULTAS_SIGEMI_CRUCE.xlsx
[ACTUALIZAR PAGOS · AUTO] 🧹 Excel MULTAS_JUZGADO_CRUCE eliminado (ya usado en el cruce): backend/descargas/cache_actas_cruce/MULTAS_JUZGADO_CRUCE.xlsx
[ACTUALIZAR PAGOS · AUTO] ✅ CompararActasPaso finalizado. (⏱ 38.3s)
[ACTUALIZAR PAGOS · AUTO] ✓ [CompararActasPaso] Completado.
[ACTUALIZAR PAGOS · AUTO] ▶ [CargarPagosPaso] Iniciando...
[ACTUALIZAR PAGOS · AUTO] ==================================================
[ACTUALIZAR PAGOS · AUTO] 🚀 PASO: CargarPagosPaso
[ACTUALIZAR PAGOS · AUTO] ==================================================
[ACTUALIZAR PAGOS · AUTO] 📤 Subiendo TXT de pagos al SEMyT...
[ACTUALIZAR PAGOS · AUTO] ❌ No se encontraron actas para actualizar.
[ACTUALIZAR PAGOS · AUTO] 🧹 TXT sin actualizaciones eliminado: backend/descargas/pagos/2026-07-24/PAGOS 20260724 190355.txt
[ACTUALIZAR PAGOS · AUTO] ❌ No hubo pagos para actualizar. El TXT descargado fue eliminado.
[ACTUALIZAR PAGOS · AUTO] ✅ CargarPagosPaso finalizado. (⏱ 3.2s)
[ACTUALIZAR PAGOS · AUTO] ✓ [CargarPagosPaso] Completado.
[ACTUALIZAR PAGOS · AUTO] === Ejecución finalizada con éxito ===
[ACTUALIZAR PAGOS · AUTO] ℹ No se subió ningún archivo a ningún sistema externo en esta corrida: por política, el log detallado no se conserva en disco.
🤖 [Automático] Es hora de actualizar pagos. Arrancando...
[ACTUALIZAR PAGOS · AUTO] === Inicio de ejecución: pagos ===
[ACTUALIZAR PAGOS · AUTO] ▶ [LoginSemytPaso] Iniciando...
[ACTUALIZAR PAGOS · AUTO] ==================================================
[ACTUALIZAR PAGOS · AUTO] 🚀 PASO: LoginSemytPaso
[ACTUALIZAR PAGOS · AUTO] ==================================================
[ACTUALIZAR PAGOS · AUTO] Abriendo SEMyT...
[ACTUALIZAR PAGOS · AUTO] ✅ [SEMyT] Sesión existente detectada. Login omitido.
[ACTUALIZAR PAGOS · AUTO] ✅ LoginSemytPaso finalizado. (⏱ 4.2s)
[ACTUALIZAR PAGOS · AUTO] ✓ [LoginSemytPaso] Completado.
[ACTUALIZAR PAGOS · AUTO] ▶ [LoginJuzgadoPaso] Iniciando...
[ACTUALIZAR PAGOS · AUTO] ==================================================
[ACTUALIZAR PAGOS · AUTO] 🚀 PASO: LoginJuzgadoPaso
[ACTUALIZAR PAGOS · AUTO] ==================================================
[ACTUALIZAR PAGOS · AUTO] Abriendo sitio municipalidad (CiDi)...
[ACTUALIZAR PAGOS · AUTO] ✅ [Juzgado] Sesión existente detectada. Login omitido.
[ACTUALIZAR PAGOS · AUTO] ✅ LoginJuzgadoPaso finalizado. (⏱ 1.3s)
[ACTUALIZAR PAGOS · AUTO] ✓ [LoginJuzgadoPaso] Completado.
[ACTUALIZAR PAGOS · AUTO] ▶ [DescargasParalelasPaso] Iniciando...
[ACTUALIZAR PAGOS · AUTO] ==================================================
[ACTUALIZAR PAGOS · AUTO] 🚀 PASO: DescargasParalelasPaso
[ACTUALIZAR PAGOS · AUTO] ==================================================
[ACTUALIZAR PAGOS · AUTO] 📤 Arrancando las 3 descargas en paralelo (mismo browser, páginas separadas)...
[ACTUALIZAR PAGOS · AUTO] Fecha Desde: 27/06/2024
[ACTUALIZAR PAGOS · AUTO] Fecha Hasta: 24/11/2025
[ACTUALIZAR PAGOS · AUTO] Fecha Desde: 25/11/2025
[ACTUALIZAR PAGOS · AUTO] Fecha Hasta: 24/07/2026
[ACTUALIZAR PAGOS · AUTO] Descargando Excel...
[ACTUALIZAR PAGOS · AUTO] Descargando Excel...
⏳ [Automático] Tocaba disparar 'pagos' pero ya hay una ejecución en curso (Actualizar pagos); esperando a que termine; se reintenta en breve sin perder el turno.
[ACTUALIZAR PAGOS · AUTO] Archivo descargado en: backend/descargas/cache_actas_cruce/MULTAS_JUZGADO_CRUCE.xlsx
[ACTUALIZAR PAGOS · AUTO] ⏱ [actas_juzgado] completado en 19.7s
[ACTUALIZAR PAGOS · AUTO] Archivo descargado en: backend/descargas/cache_actas_cruce/MULTAS_SIGEMI_CRUCE.xlsx
[ACTUALIZAR PAGOS · AUTO] ⏱ [actas_sigemi] completado en 40.8s
[ACTUALIZAR PAGOS · AUTO] ✅ TXT de pagos descargado en: backend/descargas/pagos/2026-07-24/PAGOS DESCARGADOS.txt
[ACTUALIZAR PAGOS · AUTO] ⏱ [pagos_txt] completado en 40.9s
[ACTUALIZAR PAGOS · AUTO] ⏱ TOTAL descargas en paralelo: 40.9s
[ACTUALIZAR PAGOS · AUTO] ✅ DescargasParalelasPaso finalizado. (⏱ 42.4s)
[ACTUALIZAR PAGOS · AUTO] ✓ [DescargasParalelasPaso] Completado.
[ACTUALIZAR PAGOS · AUTO] ▶ [CompararActasPaso] Iniciando...
[ACTUALIZAR PAGOS · AUTO] ==================================================
[ACTUALIZAR PAGOS · AUTO] 🚀 PASO: CompararActasPaso
[ACTUALIZAR PAGOS · AUTO] ==================================================
[ACTUALIZAR PAGOS · AUTO] 🔍 Comparando actas del SEMyT contra pagos del Juzgado...
[ACTUALIZAR PAGOS · AUTO] ================================================================================
[ACTUALIZAR PAGOS · AUTO] INICIANDO PROCESO DE GENERACIÓN DE PAGOS DESACTUALIZADOS
[ACTUALIZAR PAGOS · AUTO] ================================================================================
[ACTUALIZAR PAGOS · AUTO] 📂 Cargando archivos...
[ACTUALIZAR PAGOS · AUTO]   ✓ Pagos: 17217 registros
[ACTUALIZAR PAGOS · AUTO]   ✓ Excel SIGEMI (multas vencidas viejas): 103441 registros
[ACTUALIZAR PAGOS · AUTO]   ✓ Excel Juzgado (multas vencidas nuevas): 39908 registros
[ACTUALIZAR PAGOS · AUTO] ================================================================================
[ACTUALIZAR PAGOS · AUTO] PASO 1: LLENANDO ACTA_NUMERO (búsqueda por patente + fecha, con desempate por hora)
[ACTUALIZAR PAGOS · AUTO] ================================================================================
[ACTUALIZAR PAGOS · AUTO] 📊 ESTADÍSTICAS DE LLENADO DE ACTAS:
[ACTUALIZAR PAGOS · AUTO]   • Pagos con acta ORIGINAL: 3092
[ACTUALIZAR PAGOS · AUTO]   • Pagos SIN acta (buscados): 14125
[ACTUALIZAR PAGOS · AUTO]   • Pagos LLENADOS exitosamente: 5
[ACTUALIZAR PAGOS · AUTO]   • Pagos NO encontrados en multas: 14120
[ACTUALIZAR PAGOS · AUTO]   • Pagos SIN RESOLVER por desbalance de cantidades: 0
[ACTUALIZAR PAGOS · AUTO] ================================================================================
[ACTUALIZAR PAGOS · AUTO] PASO 1: LLENANDO ACTA_NUMERO (búsqueda por patente + fecha, con desempate por hora)
[ACTUALIZAR PAGOS · AUTO] ================================================================================
[ACTUALIZAR PAGOS · AUTO] 📊 ESTADÍSTICAS DE LLENADO DE ACTAS:
[ACTUALIZAR PAGOS · AUTO]   • Pagos con acta ORIGINAL: 3097
[ACTUALIZAR PAGOS · AUTO]   • Pagos SIN acta (buscados): 14120
[ACTUALIZAR PAGOS · AUTO]   • Pagos LLENADOS exitosamente: 0
[ACTUALIZAR PAGOS · AUTO]   • Pagos NO encontrados en multas: 14120
[ACTUALIZAR PAGOS · AUTO]   • Pagos SIN RESOLVER por desbalance de cantidades: 0
[ACTUALIZAR PAGOS · AUTO] ⏱ PASO 1 (llenar actas): 23.9s
[ACTUALIZAR PAGOS · AUTO] ================================================================================
[ACTUALIZAR PAGOS · AUTO] PASO 2: FILTRANDO PAGOS CON ACTA_NUMERO COMPLETO
[ACTUALIZAR PAGOS · AUTO] ================================================================================
[ACTUALIZAR PAGOS · AUTO] 📊 ESTADÍSTICAS DE FILTRADO:
[ACTUALIZAR PAGOS · AUTO]   • Pagos TOTALES al inicio: 17217
[ACTUALIZAR PAGOS · AUTO]   • Pagos CON acta (MANTIENEN): 3097
[ACTUALIZAR PAGOS · AUTO]   • Pagos RECHAZADOS (sin coincidencias): 14120
[ACTUALIZAR PAGOS · AUTO] ⚠️  Se eliminaron 14120 registros sin número de acta
[ACTUALIZAR PAGOS · AUTO]      (recordá: esto incluye tanto pagos ya actualizados/pagados
[ACTUALIZAR PAGOS · AUTO]       como pagos que quedaron sin resolver por desbalance en el Paso 1)
[ACTUALIZAR PAGOS · AUTO] ================================================================================
[ACTUALIZAR PAGOS · AUTO] PASO 2-bis: CONFIRMANDO VIGENCIA DE PAGOS DEL SISTEMA NUEVO (contra MULTAS_JUZGADO_CRUCE)
[ACTUALIZAR PAGOS · AUTO] ================================================================================
[ACTUALIZAR PAGOS · AUTO]   ⚠ 3086 pago(s) del sistema nuevo descartados: su acta ya no figura como vencida en MULTAS_JUZGADO_CRUCE (SEMyT ya los actualizó).
[ACTUALIZAR PAGOS · AUTO]   • Pagos del sistema nuevo descartados por ya estar actualizados: 3086
[ACTUALIZAR PAGOS · AUTO] ⏱ PASO 2 (filtrar): 0.9s
[ACTUALIZAR PAGOS · AUTO] 📂 Cargando maestro de causas SIGEMI...
[ACTUALIZAR PAGOS · AUTO]   ✓ Causas totales (maestro): 134069 registros
[ACTUALIZAR PAGOS · AUTO] ⏱ PASO 2.5 (causas simplificado): 0.2s
[ACTUALIZAR PAGOS · AUTO] ================================================================================
[ACTUALIZAR PAGOS · AUTO] PASO 2.5: ARMANDO causas.txt SIMPLIFICADO (cruce contra total_causas_sigemi.txt)
[ACTUALIZAR PAGOS · AUTO] ================================================================================
[ACTUALIZAR PAGOS · AUTO]   • Actas vencidas viejas (multas): 103441
[ACTUALIZAR PAGOS · AUTO]   • Causas totales en el maestro SIGEMI: 134069
[ACTUALIZAR PAGOS · AUTO]   • Causas que coinciden (simplificado): 103113
[ACTUALIZAR PAGOS · AUTO]   ✅ Archivo escrito: backend/descargas/causas/causas.txt
[ACTUALIZAR PAGOS · AUTO] ⏱ PASO 2.5 (causas simplificado): 2.0s
[ACTUALIZAR PAGOS · AUTO] ================================================================================
[ACTUALIZAR PAGOS · AUTO] PASO 3: LLENANDO CAUSA_NUMERO (según fecha de cambio de sistema, cruzando por acta + año)
[ACTUALIZAR PAGOS · AUTO] ================================================================================
[ACTUALIZAR PAGOS · AUTO] 📊 ESTADÍSTICAS DE LLENADO DE CAUSAS:
[ACTUALIZAR PAGOS · AUTO]   • Pagos con causa ORIGINAL: 6
[ACTUALIZAR PAGOS · AUTO]   • Causas encontradas en SIGEMI (actas viejas): 5
[ACTUALIZAR PAGOS · AUTO]   • Causas NO encontradas en SIGEMI: 0
[ACTUALIZAR PAGOS · AUTO]   • Causas asignadas automáticamente (actas nuevas): 0
[ACTUALIZAR PAGOS · AUTO] ⏱ PASO 3 (llenar causas): 0.0s
[ACTUALIZAR PAGOS · AUTO] ================================================================================
[ACTUALIZAR PAGOS · AUTO] PASO 4: ORDENANDO POR FECHA Y ACTA_NUMERO
[ACTUALIZAR PAGOS · AUTO] ================================================================================
[ACTUALIZAR PAGOS · AUTO] ✓ Pagos ordenados correctamente
[ACTUALIZAR PAGOS · AUTO]   • Primera entrada: Acta=39891, Fecha=03/09/2024
[ACTUALIZAR PAGOS · AUTO]   • Última entrada: Acta=314220, Fecha=14/05/2026
[ACTUALIZAR PAGOS · AUTO] 📝 Escribiendo archivo de salida...
[ACTUALIZAR PAGOS · AUTO]   ✅ Archivo escrito: backend/descargas/pagos/2026-07-24/PAGOS 20260724 191538.txt
[ACTUALIZAR PAGOS · AUTO]   ✅ Total registros: 1293
[ACTUALIZAR PAGOS · AUTO] ⏱ PASO 4 (ordenar y escribir): 0.0s
[ACTUALIZAR PAGOS · AUTO] ================================================================================
[ACTUALIZAR PAGOS · AUTO] ✅ PROCESO COMPLETADO EXITOSAMENTE
[ACTUALIZAR PAGOS · AUTO] ================================================================================
[ACTUALIZAR PAGOS · AUTO] 📊 RESUMEN FINAL DEL PROCESAMIENTO:
[ACTUALIZAR PAGOS · AUTO]   ENTRADA:
[ACTUALIZAR PAGOS · AUTO]     • Pagos originales: 17217
[ACTUALIZAR PAGOS · AUTO]     • Multas SIGEMI cargadas: 103441
[ACTUALIZAR PAGOS · AUTO]     • Multas Juzgado cargadas: 39908
[ACTUALIZAR PAGOS · AUTO]     • Causas simplificadas (usadas para el cruce): 103113
[ACTUALIZAR PAGOS · AUTO]   PROCESO:
[ACTUALIZAR PAGOS · AUTO]     • Pagos rechazados sigemi: 14120
[ACTUALIZAR PAGOS · AUTO]     • Pagos rechazados juzgado: 3086
[ACTUALIZAR PAGOS · AUTO]   SALIDA:
[ACTUALIZAR PAGOS · AUTO]     • Pagos desactualizados procesados: 11
[ACTUALIZAR PAGOS · AUTO]     • Archivo final: backend/descargas/pagos/2026-07-24/PAGOS 20260724 191538.txt
[ACTUALIZAR PAGOS · AUTO]     • Ordenados por fecha: SÍ ✓
[ACTUALIZAR PAGOS · AUTO]     • Todos con ACTA_NUMERO: SÍ ✓
[ACTUALIZAR PAGOS · AUTO]     • Todos con CAUSA_NUMERO: SÍ ✓
[ACTUALIZAR PAGOS · AUTO] ✅ TXT de pagos (ya cruzado con actas y causas) generado en: backend/descargas/pagos/2026-07-24/PAGOS 20260724 191538.txt
[ACTUALIZAR PAGOS · AUTO] 🧹 TXT de pagos crudo eliminado (ya usado en el cruce): backend/descargas/pagos/2026-07-24/PAGOS DESCARGADOS.txt
[ACTUALIZAR PAGOS · AUTO] 🧹 Excel MULTAS_SIGEMI_CRUCE eliminado (ya usado en el cruce): backend/descargas/cache_actas_cruce/MULTAS_SIGEMI_CRUCE.xlsx
[ACTUALIZAR PAGOS · AUTO] 🧹 Excel MULTAS_JUZGADO_CRUCE eliminado (ya usado en el cruce): backend/descargas/cache_actas_cruce/MULTAS_JUZGADO_CRUCE.xlsx
[ACTUALIZAR PAGOS · AUTO] ✅ CompararActasPaso finalizado. (⏱ 57.3s)
[ACTUALIZAR PAGOS · AUTO] ✓ [CompararActasPaso] Completado.
[ACTUALIZAR PAGOS · AUTO] ▶ [CargarPagosPaso] Iniciando...
[ACTUALIZAR PAGOS · AUTO] ==================================================
[ACTUALIZAR PAGOS · AUTO] 🚀 PASO: CargarPagosPaso
[ACTUALIZAR PAGOS · AUTO] ==================================================
[ACTUALIZAR PAGOS · AUTO] 📤 Subiendo TXT de pagos al SEMyT...
[ACTUALIZAR PAGOS · AUTO] ✅ Importación de pagos completada con éxito.
[ACTUALIZAR PAGOS · AUTO] ✅ Archivo TXT de pagos cargado en el SEMyT correctamente.
[ACTUALIZAR PAGOS · AUTO] ✅ CargarPagosPaso finalizado. (⏱ 4.1s)
[ACTUALIZAR PAGOS · AUTO] ✓ [CargarPagosPaso] Completado.
[ACTUALIZAR PAGOS · AUTO] === Ejecución finalizada con éxito ===
🤖 [Automático] Es hora de actualizar pagos. Arrancando...
[ACTUALIZAR PAGOS · AUTO] === Inicio de ejecución: pagos ===
[ACTUALIZAR PAGOS · AUTO] ▶ [LoginSemytPaso] Iniciando...
[ACTUALIZAR PAGOS · AUTO] ==================================================
[ACTUALIZAR PAGOS · AUTO] 🚀 PASO: LoginSemytPaso
[ACTUALIZAR PAGOS · AUTO] ==================================================
[ACTUALIZAR PAGOS · AUTO] Abriendo SEMyT...
[ACTUALIZAR PAGOS · AUTO] ✅ [SEMyT] Sesión existente detectada. Login omitido.
[ACTUALIZAR PAGOS · AUTO] ✅ LoginSemytPaso finalizado. (⏱ 4.3s)
[ACTUALIZAR PAGOS · AUTO] ✓ [LoginSemytPaso] Completado.
[ACTUALIZAR PAGOS · AUTO] ▶ [LoginJuzgadoPaso] Iniciando...
[ACTUALIZAR PAGOS · AUTO] ==================================================
[ACTUALIZAR PAGOS · AUTO] 🚀 PASO: LoginJuzgadoPaso
[ACTUALIZAR PAGOS · AUTO] ==================================================
[ACTUALIZAR PAGOS · AUTO] Abriendo sitio municipalidad (CiDi)...
[ACTUALIZAR PAGOS · AUTO] ✅ [Juzgado] Sesión existente detectada. Login omitido.
[ACTUALIZAR PAGOS · AUTO] ✅ LoginJuzgadoPaso finalizado. (⏱ 1.3s)
[ACTUALIZAR PAGOS · AUTO] ✓ [LoginJuzgadoPaso] Completado.
[ACTUALIZAR PAGOS · AUTO] ▶ [DescargasParalelasPaso] Iniciando...
[ACTUALIZAR PAGOS · AUTO] ==================================================
[ACTUALIZAR PAGOS · AUTO] 🚀 PASO: DescargasParalelasPaso
[ACTUALIZAR PAGOS · AUTO] ==================================================
[ACTUALIZAR PAGOS · AUTO] 📤 Arrancando las 3 descargas en paralelo (mismo browser, páginas separadas)...
[ACTUALIZAR PAGOS · AUTO] Fecha Desde: 27/06/2024
[ACTUALIZAR PAGOS · AUTO] Fecha Hasta: 24/11/2025
[ACTUALIZAR PAGOS · AUTO] Fecha Desde: 25/11/2025
[ACTUALIZAR PAGOS · AUTO] Fecha Hasta: 24/07/2026
[ACTUALIZAR PAGOS · AUTO] Descargando Excel...
[ACTUALIZAR PAGOS · AUTO] Descargando Excel...
⏳ [Automático] Tocaba disparar 'pagos' pero ya hay una ejecución en curso (Actualizar pagos); esperando a que termine; se reintenta en breve sin perder el turno.
[ACTUALIZAR PAGOS · AUTO] Archivo descargado en: backend/descargas/cache_actas_cruce/MULTAS_JUZGADO_CRUCE.xlsx
[ACTUALIZAR PAGOS · AUTO] ⏱ [actas_juzgado] completado en 21.2s
[ACTUALIZAR PAGOS · AUTO] Archivo descargado en: backend/descargas/cache_actas_cruce/MULTAS_SIGEMI_CRUCE.xlsx
[ACTUALIZAR PAGOS · AUTO] ⏱ [actas_sigemi] completado en 41.0s
[ACTUALIZAR PAGOS · AUTO] ✅ TXT de pagos descargado en: backend/descargas/pagos/2026-07-24/PAGOS DESCARGADOS.txt
[ACTUALIZAR PAGOS · AUTO] ⏱ [pagos_txt] completado en 41.1s
[ACTUALIZAR PAGOS · AUTO] ⏱ TOTAL descargas en paralelo: 41.1s
[ACTUALIZAR PAGOS · AUTO] ✅ DescargasParalelasPaso finalizado. (⏱ 42.6s)
[ACTUALIZAR PAGOS · AUTO] ✓ [DescargasParalelasPaso] Completado.
[ACTUALIZAR PAGOS · AUTO] ▶ [CompararActasPaso] Iniciando...
[ACTUALIZAR PAGOS · AUTO] ==================================================
[ACTUALIZAR PAGOS · AUTO] 🚀 PASO: CompararActasPaso
[ACTUALIZAR PAGOS · AUTO] ==================================================
[ACTUALIZAR PAGOS · AUTO] 🔍 Comparando actas del SEMyT contra pagos del Juzgado...
[ACTUALIZAR PAGOS · AUTO] ================================================================================
[ACTUALIZAR PAGOS · AUTO] INICIANDO PROCESO DE GENERACIÓN DE PAGOS DESACTUALIZADOS
[ACTUALIZAR PAGOS · AUTO] ================================================================================
[ACTUALIZAR PAGOS · AUTO] 📂 Cargando archivos...
[ACTUALIZAR PAGOS · AUTO]   ✓ Pagos: 17225 registros
[ACTUALIZAR PAGOS · AUTO]   ✓ Excel SIGEMI (multas vencidas viejas): 103436 registros
[ACTUALIZAR PAGOS · AUTO]   ✓ Excel Juzgado (multas vencidas nuevas): 39903 registros
[ACTUALIZAR PAGOS · AUTO] ================================================================================
[ACTUALIZAR PAGOS · AUTO] PASO 1: LLENANDO ACTA_NUMERO (búsqueda por patente + fecha, con desempate por hora)
[ACTUALIZAR PAGOS · AUTO] ================================================================================
[ACTUALIZAR PAGOS · AUTO] 📊 ESTADÍSTICAS DE LLENADO DE ACTAS:
[ACTUALIZAR PAGOS · AUTO]   • Pagos con acta ORIGINAL: 3095
[ACTUALIZAR PAGOS · AUTO]   • Pagos SIN acta (buscados): 14130
[ACTUALIZAR PAGOS · AUTO]   • Pagos LLENADOS exitosamente: 4
[ACTUALIZAR PAGOS · AUTO]   • Pagos NO encontrados en multas: 14126
[ACTUALIZAR PAGOS · AUTO]   • Pagos SIN RESOLVER por desbalance de cantidades: 0
[ACTUALIZAR PAGOS · AUTO] ================================================================================
[ACTUALIZAR PAGOS · AUTO] PASO 1: LLENANDO ACTA_NUMERO (búsqueda por patente + fecha, con desempate por hora)
[ACTUALIZAR PAGOS · AUTO] ================================================================================
[ACTUALIZAR PAGOS · AUTO] 📊 ESTADÍSTICAS DE LLENADO DE ACTAS:
[ACTUALIZAR PAGOS · AUTO]   • Pagos con acta ORIGINAL: 3099
[ACTUALIZAR PAGOS · AUTO]   • Pagos SIN acta (buscados): 14126
[ACTUALIZAR PAGOS · AUTO]   • Pagos LLENADOS exitosamente: 0
[ACTUALIZAR PAGOS · AUTO]   • Pagos NO encontrados en multas: 14126
[ACTUALIZAR PAGOS · AUTO]   • Pagos SIN RESOLVER por desbalance de cantidades: 0
[ACTUALIZAR PAGOS · AUTO] ⏱ PASO 1 (llenar actas): 20.5s
[ACTUALIZAR PAGOS · AUTO] ================================================================================
[ACTUALIZAR PAGOS · AUTO] PASO 2: FILTRANDO PAGOS CON ACTA_NUMERO COMPLETO
[ACTUALIZAR PAGOS · AUTO] ================================================================================
[ACTUALIZAR PAGOS · AUTO] 📊 ESTADÍSTICAS DE FILTRADO:
[ACTUALIZAR PAGOS · AUTO]   • Pagos TOTALES al inicio: 17225
[ACTUALIZAR PAGOS · AUTO]   • Pagos CON acta (MANTIENEN): 3099
[ACTUALIZAR PAGOS · AUTO]   • Pagos RECHAZADOS (sin coincidencias): 14126
[ACTUALIZAR PAGOS · AUTO] ⚠️  Se eliminaron 14126 registros sin número de acta
[ACTUALIZAR PAGOS · AUTO]      (recordá: esto incluye tanto pagos ya actualizados/pagados
[ACTUALIZAR PAGOS · AUTO]       como pagos que quedaron sin resolver por desbalance en el Paso 1)
[ACTUALIZAR PAGOS · AUTO] ================================================================================
[ACTUALIZAR PAGOS · AUTO] PASO 2-bis: CONFIRMANDO VIGENCIA DE PAGOS DEL SISTEMA NUEVO (contra MULTAS_JUZGADO_CRUCE)
[ACTUALIZAR PAGOS · AUTO] ================================================================================
[ACTUALIZAR PAGOS · AUTO]   ⚠ 3091 pago(s) del sistema nuevo descartados: su acta ya no figura como vencida en MULTAS_JUZGADO_CRUCE (SEMyT ya los actualizó).
[ACTUALIZAR PAGOS · AUTO]   • Pagos del sistema nuevo descartados por ya estar actualizados: 3091
[ACTUALIZAR PAGOS · AUTO] ⏱ PASO 2 (filtrar): 1.4s
[ACTUALIZAR PAGOS · AUTO] 📂 Cargando maestro de causas SIGEMI...
[ACTUALIZAR PAGOS · AUTO]   ✓ Causas totales (maestro): 134069 registros
[ACTUALIZAR PAGOS · AUTO] ⏱ PASO 2.5 (causas simplificado): 0.2s
[ACTUALIZAR PAGOS · AUTO] ================================================================================
[ACTUALIZAR PAGOS · AUTO] PASO 2.5: ARMANDO causas.txt SIMPLIFICADO (cruce contra total_causas_sigemi.txt)
[ACTUALIZAR PAGOS · AUTO] ================================================================================
[ACTUALIZAR PAGOS · AUTO]   • Actas vencidas viejas (multas): 103436
[ACTUALIZAR PAGOS · AUTO]   • Causas totales en el maestro SIGEMI: 134069
[ACTUALIZAR PAGOS · AUTO]   • Causas que coinciden (simplificado): 103108
[ACTUALIZAR PAGOS · AUTO]   ✅ Archivo escrito: backend/descargas/causas/causas.txt
[ACTUALIZAR PAGOS · AUTO] ⏱ PASO 2.5 (causas simplificado): 2.9s
[ACTUALIZAR PAGOS · AUTO] ================================================================================
[ACTUALIZAR PAGOS · AUTO] PASO 3: LLENANDO CAUSA_NUMERO (según fecha de cambio de sistema, cruzando por acta + año)
[ACTUALIZAR PAGOS · AUTO] ================================================================================
[ACTUALIZAR PAGOS · AUTO] 📊 ESTADÍSTICAS DE LLENADO DE CAUSAS:
[ACTUALIZAR PAGOS · AUTO]   • Pagos con causa ORIGINAL: 4
[ACTUALIZAR PAGOS · AUTO]   • Causas encontradas en SIGEMI (actas viejas): 4
[ACTUALIZAR PAGOS · AUTO]   • Causas NO encontradas en SIGEMI: 0
[ACTUALIZAR PAGOS · AUTO]   • Causas asignadas automáticamente (actas nuevas): 0
[ACTUALIZAR PAGOS · AUTO] ⏱ PASO 3 (llenar causas): 0.0s
[ACTUALIZAR PAGOS · AUTO] ================================================================================
[ACTUALIZAR PAGOS · AUTO] PASO 4: ORDENANDO POR FECHA Y ACTA_NUMERO
[ACTUALIZAR PAGOS · AUTO] ================================================================================
[ACTUALIZAR PAGOS · AUTO] ✓ Pagos ordenados correctamente
[ACTUALIZAR PAGOS · AUTO]   • Primera entrada: Acta=30234, Fecha=14/08/2024
[ACTUALIZAR PAGOS · AUTO]   • Última entrada: Acta=280994, Fecha=17/03/2026
[ACTUALIZAR PAGOS · AUTO] 📝 Escribiendo archivo de salida...
[ACTUALIZAR PAGOS · AUTO]   ✅ Archivo escrito: backend/descargas/pagos/2026-07-24/PAGOS 20260724 192734.txt
[ACTUALIZAR PAGOS · AUTO]   ✅ Total registros: 1008
[ACTUALIZAR PAGOS · AUTO] ⏱ PASO 4 (ordenar y escribir): 0.0s
[ACTUALIZAR PAGOS · AUTO] ================================================================================
[ACTUALIZAR PAGOS · AUTO] ✅ PROCESO COMPLETADO EXITOSAMENTE
[ACTUALIZAR PAGOS · AUTO] ================================================================================
[ACTUALIZAR PAGOS · AUTO] 📊 RESUMEN FINAL DEL PROCESAMIENTO:
[ACTUALIZAR PAGOS · AUTO]   ENTRADA:
[ACTUALIZAR PAGOS · AUTO]     • Pagos originales: 17225
[ACTUALIZAR PAGOS · AUTO]     • Multas SIGEMI cargadas: 103436
[ACTUALIZAR PAGOS · AUTO]     • Multas Juzgado cargadas: 39903
[ACTUALIZAR PAGOS · AUTO]     • Causas simplificadas (usadas para el cruce): 103108
[ACTUALIZAR PAGOS · AUTO]   PROCESO:
[ACTUALIZAR PAGOS · AUTO]     • Pagos rechazados sigemi: 14126
[ACTUALIZAR PAGOS · AUTO]     • Pagos rechazados juzgado: 3091
[ACTUALIZAR PAGOS · AUTO]   SALIDA:
[ACTUALIZAR PAGOS · AUTO]     • Pagos desactualizados procesados: 8
[ACTUALIZAR PAGOS · AUTO]     • Archivo final: backend/descargas/pagos/2026-07-24/PAGOS 20260724 192734.txt
[ACTUALIZAR PAGOS · AUTO]     • Ordenados por fecha: SÍ ✓
[ACTUALIZAR PAGOS · AUTO]     • Todos con ACTA_NUMERO: SÍ ✓
[ACTUALIZAR PAGOS · AUTO]     • Todos con CAUSA_NUMERO: SÍ ✓
[ACTUALIZAR PAGOS · AUTO] ✅ TXT de pagos (ya cruzado con actas y causas) generado en: backend/descargas/pagos/2026-07-24/PAGOS 20260724 192734.txt
[ACTUALIZAR PAGOS · AUTO] 🧹 TXT de pagos crudo eliminado (ya usado en el cruce): backend/descargas/pagos/2026-07-24/PAGOS DESCARGADOS.txt
[ACTUALIZAR PAGOS · AUTO] 🧹 Excel MULTAS_SIGEMI_CRUCE eliminado (ya usado en el cruce): backend/descargas/cache_actas_cruce/MULTAS_SIGEMI_CRUCE.xlsx
[ACTUALIZAR PAGOS · AUTO] 🧹 Excel MULTAS_JUZGADO_CRUCE eliminado (ya usado en el cruce): backend/descargas/cache_actas_cruce/MULTAS_JUZGADO_CRUCE.xlsx
[ACTUALIZAR PAGOS · AUTO] ✅ CompararActasPaso finalizado. (⏱ 52.7s)
[ACTUALIZAR PAGOS · AUTO] ✓ [CompararActasPaso] Completado.
[ACTUALIZAR PAGOS · AUTO] ▶ [CargarPagosPaso] Iniciando...
[ACTUALIZAR PAGOS · AUTO] ==================================================
[ACTUALIZAR PAGOS · AUTO] 🚀 PASO: CargarPagosPaso
[ACTUALIZAR PAGOS · AUTO] ==================================================
[ACTUALIZAR PAGOS · AUTO] 📤 Subiendo TXT de pagos al SEMyT...
[ACTUALIZAR PAGOS · AUTO] ✅ Importación de pagos completada con éxito.
[ACTUALIZAR PAGOS · AUTO] ✅ Archivo TXT de pagos cargado en el SEMyT correctamente.
[ACTUALIZAR PAGOS · AUTO] ✅ CargarPagosPaso finalizado. (⏱ 4.5s)
[ACTUALIZAR PAGOS · AUTO] ✓ [CargarPagosPaso] Completado.
[ACTUALIZAR PAGOS · AUTO] === Ejecución finalizada con éxito ===

👋 Deteniendo servicio: cancelando procesos activos antes de salir...
🤖 Modo automático desactivado. (Si había una ejecución en curso disparada por el automático, no se cancela sola: cancelala desde su propia opción si querés detenerla.)
✅ Servicio detenido de forma prolija.
