
🔐 Verificando sesiones (SEMyT y Juzgado)...
▶ [LoginSemytPaso] Iniciando...

==================================================
🚀 PASO: LoginSemytPaso
==================================================
Abriendo SEMyT...
✅ [SEMyT] Sesión existente detectada. Login omitido.
✅ LoginSemytPaso finalizado. (⏱ 4.8s)

✓ [LoginSemytPaso] Completado.
▶ [LoginJuzgadoPaso] Iniciando...

==================================================
🚀 PASO: LoginJuzgadoPaso
==================================================
Abriendo sitio municipalidad (CiDi)...
✅ [Juzgado] Sesión existente detectada. Login omitido.
✅ LoginJuzgadoPaso finalizado. (⏱ 1.4s)

✓ [LoginJuzgadoPaso] Completado.
✅ Sesiones listas. Si ya estabas logueado de antes, se reutilizó la sesión guardada y no se volvió a pedir usuario/contraseña.

🤖 [Automático] Es hora de actualizar pagos. Arrancando...
🤖 Modo automático activado.
   Actualización de pagos: arrancando ya mismo.
   Combo diario de pagos + multas vencidas: DESHABILITADO (AUTOMATICO_MULTAS_HABILITADO=False)
✅ Servicio activo. Esperando la próxima ejecución programada...
[ACTUALIZAR PAGOS · AUTO] === Inicio de ejecución: pagos ===
[ACTUALIZAR PAGOS · AUTO] ▶ [LoginSemytPaso] Iniciando...
[ACTUALIZAR PAGOS · AUTO] ==================================================
[ACTUALIZAR PAGOS · AUTO] 🚀 PASO: LoginSemytPaso
[ACTUALIZAR PAGOS · AUTO] ==================================================
[ACTUALIZAR PAGOS · AUTO] Abriendo SEMyT...
[ACTUALIZAR PAGOS · AUTO] ✅ [SEMyT] Sesión existente detectada. Login omitido.
[ACTUALIZAR PAGOS · AUTO] ✅ LoginSemytPaso finalizado. (⏱ 4.0s)
[ACTUALIZAR PAGOS · AUTO] ✓ [LoginSemytPaso] Completado.
[ACTUALIZAR PAGOS · AUTO] ▶ [LoginJuzgadoPaso] Iniciando...
[ACTUALIZAR PAGOS · AUTO] ==================================================
[ACTUALIZAR PAGOS · AUTO] 🚀 PASO: LoginJuzgadoPaso
[ACTUALIZAR PAGOS · AUTO] ==================================================
[ACTUALIZAR PAGOS · AUTO] Abriendo sitio municipalidad (CiDi)...
[ACTUALIZAR PAGOS · AUTO] ✅ [Juzgado] Sesión existente detectada. Login omitido.
[ACTUALIZAR PAGOS · AUTO] ✅ LoginJuzgadoPaso finalizado. (⏱ 1.5s)
[ACTUALIZAR PAGOS · AUTO] ✓ [LoginJuzgadoPaso] Completado.
[ACTUALIZAR PAGOS · AUTO] ▶ [DescargasParalelasPaso] Iniciando...
[ACTUALIZAR PAGOS · AUTO] ==================================================
[ACTUALIZAR PAGOS · AUTO] 🚀 PASO: DescargasParalelasPaso
[ACTUALIZAR PAGOS · AUTO] ==================================================
[ACTUALIZAR PAGOS · AUTO] 📤 Arrancando las 3 descargas en paralelo (mismo browser, páginas separadas)...
[ACTUALIZAR PAGOS · AUTO] Fecha Desde: 27/06/2024
[ACTUALIZAR PAGOS · AUTO] Fecha Hasta: 24/11/2025
[ACTUALIZAR PAGOS · AUTO] Fecha Desde: 25/11/2025
[ACTUALIZAR PAGOS · AUTO] Fecha Hasta: 20/07/2026
[ACTUALIZAR PAGOS · AUTO] Descargando Excel...
[ACTUALIZAR PAGOS · AUTO] Descargando Excel...
⏳ [Automático] Tocaba disparar 'pagos' pero ya hay una ejecución en curso (Actualizar pagos); esperando a que termine; se reintenta en breve sin perder el turno.
[ACTUALIZAR PAGOS · AUTO] Archivo descargado en: backend/descargas/cache_actas_cruce/MULTAS_JUZGADO_CRUCE.xlsx
[ACTUALIZAR PAGOS · AUTO] ⏱ [actas_juzgado] completado en 19.4s
[ACTUALIZAR PAGOS · AUTO] Archivo descargado en: backend/descargas/cache_actas_cruce/MULTAS_SIGEMI_CRUCE.xlsx
[ACTUALIZAR PAGOS · AUTO] ⏱ [actas_sigemi] completado en 41.2s
[ACTUALIZAR PAGOS · AUTO] ✅ TXT de pagos descargado en: backend/descargas/pagos/2026-07-20/PAGOS DESCARGADOS.txt
[ACTUALIZAR PAGOS · AUTO] ⏱ [pagos_txt] completado en 41.2s
[ACTUALIZAR PAGOS · AUTO] ⏱ TOTAL descargas en paralelo: 41.2s
[ACTUALIZAR PAGOS · AUTO] ✅ DescargasParalelasPaso finalizado. (⏱ 42.7s)
[ACTUALIZAR PAGOS · AUTO] ✓ [DescargasParalelasPaso] Completado.
[ACTUALIZAR PAGOS · AUTO] ▶ [CompararActasPaso] Iniciando...
[ACTUALIZAR PAGOS · AUTO] ==================================================
[ACTUALIZAR PAGOS · AUTO] 🚀 PASO: CompararActasPaso
[ACTUALIZAR PAGOS · AUTO] ==================================================
[ACTUALIZAR PAGOS · AUTO] 🔍 Comparando actas del SEMyT contra pagos del Juzgado...
[ACTUALIZAR PAGOS · AUTO] ================================================================================
[ACTUALIZAR PAGOS · AUTO] INICIANDO PROCESO DE GENERACIÓN DE PAGOS DESACTUALIZADOS
[ACTUALIZAR PAGOS · AUTO] ================================================================================
[ACTUALIZAR PAGOS · AUTO] 📂 Cargando archivos...
[ACTUALIZAR PAGOS · AUTO]   ✓ Pagos: 15121 registros
[ACTUALIZAR PAGOS · AUTO]   ✓ Excel SIGEMI (multas vencidas viejas): 104283 registros
[ACTUALIZAR PAGOS · AUTO]   ✓ Excel Juzgado (multas vencidas nuevas): 39619 registros
[ACTUALIZAR PAGOS · AUTO] ================================================================================
[ACTUALIZAR PAGOS · AUTO] PASO 1: LLENANDO ACTA_NUMERO (búsqueda por patente + fecha, con desempate por hora)
[ACTUALIZAR PAGOS · AUTO] ================================================================================
[ACTUALIZAR PAGOS · AUTO] 📊 ESTADÍSTICAS DE LLENADO DE ACTAS:
[ACTUALIZAR PAGOS · AUTO]   • Pagos con acta ORIGINAL: 1857
[ACTUALIZAR PAGOS · AUTO]   • Pagos SIN acta (buscados): 13264
[ACTUALIZAR PAGOS · AUTO]   • Pagos LLENADOS exitosamente: 18
[ACTUALIZAR PAGOS · AUTO]   • Pagos NO encontrados en multas: 13246
[ACTUALIZAR PAGOS · AUTO]   • Pagos SIN RESOLVER por desbalance de cantidades: 0
[ACTUALIZAR PAGOS · AUTO] ================================================================================
[ACTUALIZAR PAGOS · AUTO] PASO 1: LLENANDO ACTA_NUMERO (búsqueda por patente + fecha, con desempate por hora)
[ACTUALIZAR PAGOS · AUTO] ================================================================================
[ACTUALIZAR PAGOS · AUTO] 📊 ESTADÍSTICAS DE LLENADO DE ACTAS:
[ACTUALIZAR PAGOS · AUTO]   • Pagos con acta ORIGINAL: 1875
[ACTUALIZAR PAGOS · AUTO]   • Pagos SIN acta (buscados): 13246
[ACTUALIZAR PAGOS · AUTO]   • Pagos LLENADOS exitosamente: 0
[ACTUALIZAR PAGOS · AUTO]   • Pagos NO encontrados en multas: 13246
[ACTUALIZAR PAGOS · AUTO]   • Pagos SIN RESOLVER por desbalance de cantidades: 0
[ACTUALIZAR PAGOS · AUTO] ⏱ PASO 1 (llenar actas): 16.3s
[ACTUALIZAR PAGOS · AUTO] ================================================================================
[ACTUALIZAR PAGOS · AUTO] PASO 2: FILTRANDO PAGOS CON ACTA_NUMERO COMPLETO
[ACTUALIZAR PAGOS · AUTO] ================================================================================
[ACTUALIZAR PAGOS · AUTO] 📊 ESTADÍSTICAS DE FILTRADO:
[ACTUALIZAR PAGOS · AUTO]   • Pagos TOTALES al inicio: 15121
[ACTUALIZAR PAGOS · AUTO]   • Pagos CON acta (MANTIENEN): 1875
[ACTUALIZAR PAGOS · AUTO]   • Pagos RECHAZADOS (sin coincidencias): 13246
[ACTUALIZAR PAGOS · AUTO] ⚠️  Se eliminaron 13246 registros sin número de acta
[ACTUALIZAR PAGOS · AUTO]      (recordá: esto incluye tanto pagos ya actualizados/pagados
[ACTUALIZAR PAGOS · AUTO]       como pagos que quedaron sin resolver por desbalance en el Paso 1)
[ACTUALIZAR PAGOS · AUTO] ================================================================================
[ACTUALIZAR PAGOS · AUTO] PASO 2-bis: CONFIRMANDO VIGENCIA DE PAGOS DEL SISTEMA NUEVO (contra MULTAS_JUZGADO_CRUCE)
[ACTUALIZAR PAGOS · AUTO] ================================================================================
[ACTUALIZAR PAGOS · AUTO]   ⚠ 1843 pago(s) del sistema nuevo descartados: su acta ya no figura como vencida en MULTAS_JUZGADO_CRUCE (SEMyT ya los actualizó).
[ACTUALIZAR PAGOS · AUTO]   • Pagos del sistema nuevo descartados por ya estar actualizados: 1843
[ACTUALIZAR PAGOS · AUTO] ⏱ PASO 2 (filtrar): 0.9s
[ACTUALIZAR PAGOS · AUTO] 📂 Cargando maestro de causas SIGEMI...
[ACTUALIZAR PAGOS · AUTO]   ✓ Causas totales (maestro): 134069 registros
[ACTUALIZAR PAGOS · AUTO] ⏱ PASO 2.5 (causas simplificado): 0.1s
[ACTUALIZAR PAGOS · AUTO] ================================================================================
[ACTUALIZAR PAGOS · AUTO] PASO 2.5: ARMANDO causas.txt SIMPLIFICADO (cruce contra total_causas_sigemi.txt)
[ACTUALIZAR PAGOS · AUTO] ================================================================================
[ACTUALIZAR PAGOS · AUTO]   • Actas vencidas viejas (multas): 104283
[ACTUALIZAR PAGOS · AUTO]   • Causas totales en el maestro SIGEMI: 134069
[ACTUALIZAR PAGOS · AUTO]   • Causas que coinciden (simplificado): 104283
[ACTUALIZAR PAGOS · AUTO]   ✅ Archivo escrito: backend/descargas/causas/causas.txt
[ACTUALIZAR PAGOS · AUTO] ⏱ PASO 2.5 (causas simplificado): 2.4s
[ACTUALIZAR PAGOS · AUTO] ================================================================================
[ACTUALIZAR PAGOS · AUTO] PASO 3: LLENANDO CAUSA_NUMERO (según fecha de cambio de sistema, cruzando por acta + año)
[ACTUALIZAR PAGOS · AUTO] ================================================================================
[ACTUALIZAR PAGOS · AUTO] 📊 ESTADÍSTICAS DE LLENADO DE CAUSAS:
[ACTUALIZAR PAGOS · AUTO]   • Pagos con causa ORIGINAL: 14
[ACTUALIZAR PAGOS · AUTO]   • Causas encontradas en SIGEMI (actas viejas): 18
[ACTUALIZAR PAGOS · AUTO]   • Causas NO encontradas en SIGEMI: 0
[ACTUALIZAR PAGOS · AUTO]   • Causas asignadas automáticamente (actas nuevas): 0
[ACTUALIZAR PAGOS · AUTO] ⏱ PASO 3 (llenar causas): 0.0s
[ACTUALIZAR PAGOS · AUTO] ================================================================================
[ACTUALIZAR PAGOS · AUTO] PASO 4: ORDENANDO POR FECHA Y ACTA_NUMERO
[ACTUALIZAR PAGOS · AUTO] ================================================================================
[ACTUALIZAR PAGOS · AUTO] ✓ Pagos ordenados correctamente
[ACTUALIZAR PAGOS · AUTO]   • Primera entrada: Acta=7802, Fecha=10/07/2024
[ACTUALIZAR PAGOS · AUTO]   • Última entrada: Acta=297964, Fecha=20/04/2026
[ACTUALIZAR PAGOS · AUTO] 📝 Escribiendo archivo de salida...
[ACTUALIZAR PAGOS · AUTO]   ✅ Archivo escrito: backend/descargas/pagos/2026-07-20/PAGOS 20260720 101103.txt
[ACTUALIZAR PAGOS · AUTO]   ✅ Total registros: 3541
[ACTUALIZAR PAGOS · AUTO] ⏱ PASO 4 (ordenar y escribir): 0.0s
[ACTUALIZAR PAGOS · AUTO] ================================================================================
[ACTUALIZAR PAGOS · AUTO] ✅ PROCESO COMPLETADO EXITOSAMENTE
[ACTUALIZAR PAGOS · AUTO] ================================================================================
[ACTUALIZAR PAGOS · AUTO] 📊 RESUMEN FINAL DEL PROCESAMIENTO:
[ACTUALIZAR PAGOS · AUTO]   ENTRADA:
[ACTUALIZAR PAGOS · AUTO]     • Pagos originales: 15121
[ACTUALIZAR PAGOS · AUTO]     • Multas SIGEMI cargadas: 104283
[ACTUALIZAR PAGOS · AUTO]     • Multas Juzgado cargadas: 39619
[ACTUALIZAR PAGOS · AUTO]     • Causas simplificadas (usadas para el cruce): 104283
[ACTUALIZAR PAGOS · AUTO]   PROCESO:
[ACTUALIZAR PAGOS · AUTO]     • Pagos rechazados sigemi: 13246
[ACTUALIZAR PAGOS · AUTO]     • Pagos rechazados juzgado: 1843
[ACTUALIZAR PAGOS · AUTO]   SALIDA:
[ACTUALIZAR PAGOS · AUTO]     • Pagos desactualizados procesados: 32
[ACTUALIZAR PAGOS · AUTO]     • Archivo final: backend/descargas/pagos/2026-07-20/PAGOS 20260720 101103.txt
[ACTUALIZAR PAGOS · AUTO]     • Ordenados por fecha: SÍ ✓
[ACTUALIZAR PAGOS · AUTO]     • Todos con ACTA_NUMERO: SÍ ✓
[ACTUALIZAR PAGOS · AUTO]     • Todos con CAUSA_NUMERO: SÍ ✓
[ACTUALIZAR PAGOS · AUTO] ✅ TXT de pagos (ya cruzado con actas y causas) generado en: backend/descargas/pagos/2026-07-20/PAGOS 20260720 101103.txt
[ACTUALIZAR PAGOS · AUTO] 🧹 TXT de pagos crudo eliminado (ya usado en el cruce): backend/descargas/pagos/2026-07-20/PAGOS DESCARGADOS.txt
[ACTUALIZAR PAGOS · AUTO] 🧹 Excel MULTAS_SIGEMI_CRUCE eliminado (ya usado en el cruce): backend/descargas/cache_actas_cruce/MULTAS_SIGEMI_CRUCE.xlsx
[ACTUALIZAR PAGOS · AUTO] 🧹 Excel MULTAS_JUZGADO_CRUCE eliminado (ya usado en el cruce): backend/descargas/cache_actas_cruce/MULTAS_JUZGADO_CRUCE.xlsx
[ACTUALIZAR PAGOS · AUTO] ✅ CompararActasPaso finalizado. (⏱ 46.5s)
[ACTUALIZAR PAGOS · AUTO] ✓ [CompararActasPaso] Completado.
[ACTUALIZAR PAGOS · AUTO] ▶ [CargarPagosPaso] Iniciando...
[ACTUALIZAR PAGOS · AUTO] ==================================================
[ACTUALIZAR PAGOS · AUTO] 🚀 PASO: CargarPagosPaso
[ACTUALIZAR PAGOS · AUTO] ==================================================
[ACTUALIZAR PAGOS · AUTO] 📤 Subiendo TXT de pagos al SEMyT...
[ACTUALIZAR PAGOS · AUTO] ✅ Importación de pagos completada con éxito.
[ACTUALIZAR PAGOS · AUTO] ✅ Archivo TXT de pagos cargado en el SEMyT correctamente.
[ACTUALIZAR PAGOS · AUTO] ✅ CargarPagosPaso finalizado. (⏱ 3.4s)
[ACTUALIZAR PAGOS · AUTO] ✓ [CargarPagosPaso] Completado.
[ACTUALIZAR PAGOS · AUTO] === Ejecución finalizada con éxito ===
🤖 [Automático] Es hora de actualizar pagos. Arrancando...
[ACTUALIZAR PAGOS · AUTO] === Inicio de ejecución: pagos ===
[ACTUALIZAR PAGOS · AUTO] ▶ [LoginSemytPaso] Iniciando...
[ACTUALIZAR PAGOS · AUTO] ==================================================
[ACTUALIZAR PAGOS · AUTO] 🚀 PASO: LoginSemytPaso
[ACTUALIZAR PAGOS · AUTO] ==================================================
[ACTUALIZAR PAGOS · AUTO] Abriendo SEMyT...
[ACTUALIZAR PAGOS · AUTO] ✅ [SEMyT] Sesión existente detectada. Login omitido.
[ACTUALIZAR PAGOS · AUTO] ✅ LoginSemytPaso finalizado. (⏱ 4.6s)
[ACTUALIZAR PAGOS · AUTO] ✓ [LoginSemytPaso] Completado.
[ACTUALIZAR PAGOS · AUTO] ▶ [LoginJuzgadoPaso] Iniciando...
[ACTUALIZAR PAGOS · AUTO] ==================================================
[ACTUALIZAR PAGOS · AUTO] 🚀 PASO: LoginJuzgadoPaso
[ACTUALIZAR PAGOS · AUTO] ==================================================
[ACTUALIZAR PAGOS · AUTO] Abriendo sitio municipalidad (CiDi)...
[ACTUALIZAR PAGOS · AUTO] ✅ [Juzgado] Sesión existente detectada. Login omitido.
[ACTUALIZAR PAGOS · AUTO] ✅ LoginJuzgadoPaso finalizado. (⏱ 1.3s)
[ACTUALIZAR PAGOS · AUTO] ✓ [LoginJuzgadoPaso] Completado.
[ACTUALIZAR PAGOS · AUTO] ▶ [DescargasParalelasPaso] Iniciando...
[ACTUALIZAR PAGOS · AUTO] ==================================================
[ACTUALIZAR PAGOS · AUTO] 🚀 PASO: DescargasParalelasPaso
[ACTUALIZAR PAGOS · AUTO] ==================================================
[ACTUALIZAR PAGOS · AUTO] 📤 Arrancando las 3 descargas en paralelo (mismo browser, páginas separadas)...
[ACTUALIZAR PAGOS · AUTO] Fecha Desde: 27/06/2024
[ACTUALIZAR PAGOS · AUTO] Fecha Hasta: 24/11/2025
[ACTUALIZAR PAGOS · AUTO] Fecha Desde: 25/11/2025
[ACTUALIZAR PAGOS · AUTO] Fecha Hasta: 20/07/2026
[ACTUALIZAR PAGOS · AUTO] Descargando Excel...
[ACTUALIZAR PAGOS · AUTO] Descargando Excel...
⏳ [Automático] Tocaba disparar 'pagos' pero ya hay una ejecución en curso (Actualizar pagos); esperando a que termine; se reintenta en breve sin perder el turno.
[ACTUALIZAR PAGOS · AUTO] Archivo descargado en: backend/descargas/cache_actas_cruce/MULTAS_JUZGADO_CRUCE.xlsx
[ACTUALIZAR PAGOS · AUTO] ⏱ [actas_juzgado] completado en 21.7s
[ACTUALIZAR PAGOS · AUTO] Archivo descargado en: backend/descargas/cache_actas_cruce/MULTAS_SIGEMI_CRUCE.xlsx
[ACTUALIZAR PAGOS · AUTO] ⏱ [actas_sigemi] completado en 45.3s
[ACTUALIZAR PAGOS · AUTO] ✅ TXT de pagos descargado en: backend/descargas/pagos/2026-07-20/PAGOS DESCARGADOS.txt
[ACTUALIZAR PAGOS · AUTO] ⏱ [pagos_txt] completado en 45.4s
[ACTUALIZAR PAGOS · AUTO] ⏱ TOTAL descargas en paralelo: 45.4s
[ACTUALIZAR PAGOS · AUTO] ✅ DescargasParalelasPaso finalizado. (⏱ 46.8s)
[ACTUALIZAR PAGOS · AUTO] ✓ [DescargasParalelasPaso] Completado.
[ACTUALIZAR PAGOS · AUTO] ▶ [CompararActasPaso] Iniciando...
[ACTUALIZAR PAGOS · AUTO] ==================================================
[ACTUALIZAR PAGOS · AUTO] 🚀 PASO: CompararActasPaso
[ACTUALIZAR PAGOS · AUTO] ==================================================
[ACTUALIZAR PAGOS · AUTO] 🔍 Comparando actas del SEMyT contra pagos del Juzgado...
[ACTUALIZAR PAGOS · AUTO] ================================================================================
[ACTUALIZAR PAGOS · AUTO] INICIANDO PROCESO DE GENERACIÓN DE PAGOS DESACTUALIZADOS
[ACTUALIZAR PAGOS · AUTO] ================================================================================
[ACTUALIZAR PAGOS · AUTO] 📂 Cargando archivos...
[ACTUALIZAR PAGOS · AUTO]   ✓ Pagos: 15132 registros
[ACTUALIZAR PAGOS · AUTO]   ✓ Excel SIGEMI (multas vencidas viejas): 104265 registros
[ACTUALIZAR PAGOS · AUTO]   ✓ Excel Juzgado (multas vencidas nuevas): 39605 registros
[ACTUALIZAR PAGOS · AUTO] ================================================================================
[ACTUALIZAR PAGOS · AUTO] PASO 1: LLENANDO ACTA_NUMERO (búsqueda por patente + fecha, con desempate por hora)
[ACTUALIZAR PAGOS · AUTO] ================================================================================
[ACTUALIZAR PAGOS · AUTO] 📊 ESTADÍSTICAS DE LLENADO DE ACTAS:
[ACTUALIZAR PAGOS · AUTO]   • Pagos con acta ORIGINAL: 1865
[ACTUALIZAR PAGOS · AUTO]   • Pagos SIN acta (buscados): 13267
[ACTUALIZAR PAGOS · AUTO]   • Pagos LLENADOS exitosamente: 3
[ACTUALIZAR PAGOS · AUTO]   • Pagos NO encontrados en multas: 13264
[ACTUALIZAR PAGOS · AUTO]   • Pagos SIN RESOLVER por desbalance de cantidades: 0
[ACTUALIZAR PAGOS · AUTO] ================================================================================
[ACTUALIZAR PAGOS · AUTO] PASO 1: LLENANDO ACTA_NUMERO (búsqueda por patente + fecha, con desempate por hora)
[ACTUALIZAR PAGOS · AUTO] ================================================================================
[ACTUALIZAR PAGOS · AUTO] 📊 ESTADÍSTICAS DE LLENADO DE ACTAS:
[ACTUALIZAR PAGOS · AUTO]   • Pagos con acta ORIGINAL: 1868
[ACTUALIZAR PAGOS · AUTO]   • Pagos SIN acta (buscados): 13264
[ACTUALIZAR PAGOS · AUTO]   • Pagos LLENADOS exitosamente: 0
[ACTUALIZAR PAGOS · AUTO]   • Pagos NO encontrados en multas: 13264
[ACTUALIZAR PAGOS · AUTO]   • Pagos SIN RESOLVER por desbalance de cantidades: 0
[ACTUALIZAR PAGOS · AUTO] ⏱ PASO 1 (llenar actas): 18.5s
[ACTUALIZAR PAGOS · AUTO] ================================================================================
[ACTUALIZAR PAGOS · AUTO] PASO 2: FILTRANDO PAGOS CON ACTA_NUMERO COMPLETO
[ACTUALIZAR PAGOS · AUTO] ================================================================================
[ACTUALIZAR PAGOS · AUTO] 📊 ESTADÍSTICAS DE FILTRADO:
[ACTUALIZAR PAGOS · AUTO]   • Pagos TOTALES al inicio: 15132
[ACTUALIZAR PAGOS · AUTO]   • Pagos CON acta (MANTIENEN): 1868
[ACTUALIZAR PAGOS · AUTO]   • Pagos RECHAZADOS (sin coincidencias): 13264
[ACTUALIZAR PAGOS · AUTO] ⚠️  Se eliminaron 13264 registros sin número de acta
[ACTUALIZAR PAGOS · AUTO]      (recordá: esto incluye tanto pagos ya actualizados/pagados
[ACTUALIZAR PAGOS · AUTO]       como pagos que quedaron sin resolver por desbalance en el Paso 1)
[ACTUALIZAR PAGOS · AUTO] ================================================================================
[ACTUALIZAR PAGOS · AUTO] PASO 2-bis: CONFIRMANDO VIGENCIA DE PAGOS DEL SISTEMA NUEVO (contra MULTAS_JUZGADO_CRUCE)
[ACTUALIZAR PAGOS · AUTO] ================================================================================
[ACTUALIZAR PAGOS · AUTO]   ⚠ 1857 pago(s) del sistema nuevo descartados: su acta ya no figura como vencida en MULTAS_JUZGADO_CRUCE (SEMyT ya los actualizó).
[ACTUALIZAR PAGOS · AUTO]   • Pagos del sistema nuevo descartados por ya estar actualizados: 1857
[ACTUALIZAR PAGOS · AUTO] ⏱ PASO 2 (filtrar): 0.9s
[ACTUALIZAR PAGOS · AUTO] 📂 Cargando maestro de causas SIGEMI...
[ACTUALIZAR PAGOS · AUTO]   ✓ Causas totales (maestro): 134069 registros
[ACTUALIZAR PAGOS · AUTO] ⏱ PASO 2.5 (causas simplificado): 0.2s
[ACTUALIZAR PAGOS · AUTO] ================================================================================
[ACTUALIZAR PAGOS · AUTO] PASO 2.5: ARMANDO causas.txt SIMPLIFICADO (cruce contra total_causas_sigemi.txt)
[ACTUALIZAR PAGOS · AUTO] ================================================================================
[ACTUALIZAR PAGOS · AUTO]   • Actas vencidas viejas (multas): 104265
[ACTUALIZAR PAGOS · AUTO]   • Causas totales en el maestro SIGEMI: 134069
[ACTUALIZAR PAGOS · AUTO]   • Causas que coinciden (simplificado): 104265
[ACTUALIZAR PAGOS · AUTO]   ✅ Archivo escrito: backend/descargas/causas/causas.txt
[ACTUALIZAR PAGOS · AUTO] ⏱ PASO 2.5 (causas simplificado): 3.1s
[ACTUALIZAR PAGOS · AUTO] ================================================================================
[ACTUALIZAR PAGOS · AUTO] PASO 3: LLENANDO CAUSA_NUMERO (según fecha de cambio de sistema, cruzando por acta + año)
[ACTUALIZAR PAGOS · AUTO] ================================================================================
[ACTUALIZAR PAGOS · AUTO] 📊 ESTADÍSTICAS DE LLENADO DE CAUSAS:
[ACTUALIZAR PAGOS · AUTO]   • Pagos con causa ORIGINAL: 8
[ACTUALIZAR PAGOS · AUTO]   • Causas encontradas en SIGEMI (actas viejas): 3
[ACTUALIZAR PAGOS · AUTO]   • Causas NO encontradas en SIGEMI: 0
[ACTUALIZAR PAGOS · AUTO]   • Causas asignadas automáticamente (actas nuevas): 0
[ACTUALIZAR PAGOS · AUTO] ⏱ PASO 3 (llenar causas): 0.0s
[ACTUALIZAR PAGOS · AUTO] ================================================================================
[ACTUALIZAR PAGOS · AUTO] PASO 4: ORDENANDO POR FECHA Y ACTA_NUMERO
[ACTUALIZAR PAGOS · AUTO] ================================================================================
[ACTUALIZAR PAGOS · AUTO] ✓ Pagos ordenados correctamente
[ACTUALIZAR PAGOS · AUTO]   • Primera entrada: Acta=36501, Fecha=27/08/2024
[ACTUALIZAR PAGOS · AUTO]   • Última entrada: Acta=259178, Fecha=23/01/2026
[ACTUALIZAR PAGOS · AUTO] 📝 Escribiendo archivo de salida...
[ACTUALIZAR PAGOS · AUTO]   ✅ Archivo escrito: backend/descargas/pagos/2026-07-20/PAGOS 20260720 102257.txt
[ACTUALIZAR PAGOS · AUTO]   ✅ Total registros: 1326
[ACTUALIZAR PAGOS · AUTO] ⏱ PASO 4 (ordenar y escribir): 0.0s
[ACTUALIZAR PAGOS · AUTO] ================================================================================
[ACTUALIZAR PAGOS · AUTO] ✅ PROCESO COMPLETADO EXITOSAMENTE
[ACTUALIZAR PAGOS · AUTO] ================================================================================
[ACTUALIZAR PAGOS · AUTO] 📊 RESUMEN FINAL DEL PROCESAMIENTO:
[ACTUALIZAR PAGOS · AUTO]   ENTRADA:
[ACTUALIZAR PAGOS · AUTO]     • Pagos originales: 15132
[ACTUALIZAR PAGOS · AUTO]     • Multas SIGEMI cargadas: 104265
[ACTUALIZAR PAGOS · AUTO]     • Multas Juzgado cargadas: 39605
[ACTUALIZAR PAGOS · AUTO]     • Causas simplificadas (usadas para el cruce): 104265
[ACTUALIZAR PAGOS · AUTO]   PROCESO:
[ACTUALIZAR PAGOS · AUTO]     • Pagos rechazados sigemi: 13264
[ACTUALIZAR PAGOS · AUTO]     • Pagos rechazados juzgado: 1857
[ACTUALIZAR PAGOS · AUTO]   SALIDA:
[ACTUALIZAR PAGOS · AUTO]     • Pagos desactualizados procesados: 11
[ACTUALIZAR PAGOS · AUTO]     • Archivo final: backend/descargas/pagos/2026-07-20/PAGOS 20260720 102257.txt
[ACTUALIZAR PAGOS · AUTO]     • Ordenados por fecha: SÍ ✓
[ACTUALIZAR PAGOS · AUTO]     • Todos con ACTA_NUMERO: SÍ ✓
[ACTUALIZAR PAGOS · AUTO]     • Todos con CAUSA_NUMERO: SÍ ✓
[ACTUALIZAR PAGOS · AUTO] ✅ TXT de pagos (ya cruzado con actas y causas) generado en: backend/descargas/pagos/2026-07-20/PAGOS 20260720 102257.txt
[ACTUALIZAR PAGOS · AUTO] 🧹 TXT de pagos crudo eliminado (ya usado en el cruce): backend/descargas/pagos/2026-07-20/PAGOS DESCARGADOS.txt
[ACTUALIZAR PAGOS · AUTO] 🧹 Excel MULTAS_SIGEMI_CRUCE eliminado (ya usado en el cruce): backend/descargas/cache_actas_cruce/MULTAS_SIGEMI_CRUCE.xlsx
[ACTUALIZAR PAGOS · AUTO] 🧹 Excel MULTAS_JUZGADO_CRUCE eliminado (ya usado en el cruce): backend/descargas/cache_actas_cruce/MULTAS_JUZGADO_CRUCE.xlsx
[ACTUALIZAR PAGOS · AUTO] ✅ CompararActasPaso finalizado. (⏱ 51.9s)
[ACTUALIZAR PAGOS · AUTO] ✓ [CompararActasPaso] Completado.
[ACTUALIZAR PAGOS · AUTO] ▶ [CargarPagosPaso] Iniciando...
[ACTUALIZAR PAGOS · AUTO] ==================================================
[ACTUALIZAR PAGOS · AUTO] 🚀 PASO: CargarPagosPaso
[ACTUALIZAR PAGOS · AUTO] ==================================================
[ACTUALIZAR PAGOS · AUTO] 📤 Subiendo TXT de pagos al SEMyT...
[ACTUALIZAR PAGOS · AUTO] ✅ Importación de pagos completada con éxito.
[ACTUALIZAR PAGOS · AUTO] ✅ Archivo TXT de pagos cargado en el SEMyT correctamente.
[ACTUALIZAR PAGOS · AUTO] ✅ CargarPagosPaso finalizado. (⏱ 2.6s)
[ACTUALIZAR PAGOS · AUTO] ✓ [CargarPagosPaso] Completado.
[ACTUALIZAR PAGOS · AUTO] === Ejecución finalizada con éxito ===
🤖 [Automático] Es hora de actualizar pagos. Arrancando...
[ACTUALIZAR PAGOS · AUTO] === Inicio de ejecución: pagos ===
[ACTUALIZAR PAGOS · AUTO] ▶ [LoginSemytPaso] Iniciando...
[ACTUALIZAR PAGOS · AUTO] ==================================================
[ACTUALIZAR PAGOS · AUTO] 🚀 PASO: LoginSemytPaso
[ACTUALIZAR PAGOS · AUTO] ==================================================
[ACTUALIZAR PAGOS · AUTO] Abriendo SEMyT...
[ACTUALIZAR PAGOS · AUTO] ✅ [SEMyT] Sesión existente detectada. Login omitido.
[ACTUALIZAR PAGOS · AUTO] ✅ LoginSemytPaso finalizado. (⏱ 4.6s)
[ACTUALIZAR PAGOS · AUTO] ✓ [LoginSemytPaso] Completado.
[ACTUALIZAR PAGOS · AUTO] ▶ [LoginJuzgadoPaso] Iniciando...
[ACTUALIZAR PAGOS · AUTO] ==================================================
[ACTUALIZAR PAGOS · AUTO] 🚀 PASO: LoginJuzgadoPaso
[ACTUALIZAR PAGOS · AUTO] ==================================================
[ACTUALIZAR PAGOS · AUTO] Abriendo sitio municipalidad (CiDi)...
[ACTUALIZAR PAGOS · AUTO] ✅ [Juzgado] Sesión existente detectada. Login omitido.
[ACTUALIZAR PAGOS · AUTO] ✅ LoginJuzgadoPaso finalizado. (⏱ 1.5s)
[ACTUALIZAR PAGOS · AUTO] ✓ [LoginJuzgadoPaso] Completado.
[ACTUALIZAR PAGOS · AUTO] ▶ [DescargasParalelasPaso] Iniciando...
[ACTUALIZAR PAGOS · AUTO] ==================================================
[ACTUALIZAR PAGOS · AUTO] 🚀 PASO: DescargasParalelasPaso
[ACTUALIZAR PAGOS · AUTO] ==================================================
[ACTUALIZAR PAGOS · AUTO] 📤 Arrancando las 3 descargas en paralelo (mismo browser, páginas separadas)...
[ACTUALIZAR PAGOS · AUTO] Fecha Desde: 27/06/2024
[ACTUALIZAR PAGOS · AUTO] Fecha Hasta: 24/11/2025
[ACTUALIZAR PAGOS · AUTO] Fecha Desde: 25/11/2025
[ACTUALIZAR PAGOS · AUTO] Fecha Hasta: 20/07/2026
[ACTUALIZAR PAGOS · AUTO] Descargando Excel...
[ACTUALIZAR PAGOS · AUTO] Descargando Excel...
⏳ [Automático] Tocaba disparar 'pagos' pero ya hay una ejecución en curso (Actualizar pagos); esperando a que termine; se reintenta en breve sin perder el turno.
[ACTUALIZAR PAGOS · AUTO] Archivo descargado en: backend/descargas/cache_actas_cruce/MULTAS_JUZGADO_CRUCE.xlsx
[ACTUALIZAR PAGOS · AUTO] ⏱ [actas_juzgado] completado en 21.2s
[ACTUALIZAR PAGOS · AUTO] ✅ TXT de pagos descargado en: backend/descargas/pagos/2026-07-20/PAGOS DESCARGADOS.txt
[ACTUALIZAR PAGOS · AUTO] ⏱ [pagos_txt] completado en 21.9s
[ACTUALIZAR PAGOS · AUTO] Archivo descargado en: backend/descargas/cache_actas_cruce/MULTAS_SIGEMI_CRUCE.xlsx
[ACTUALIZAR PAGOS · AUTO] ⏱ [actas_sigemi] completado en 46.0s
[ACTUALIZAR PAGOS · AUTO] ⏱ TOTAL descargas en paralelo: 46.0s
[ACTUALIZAR PAGOS · AUTO] ✅ DescargasParalelasPaso finalizado. (⏱ 47.3s)
[ACTUALIZAR PAGOS · AUTO] ✓ [DescargasParalelasPaso] Completado.
[ACTUALIZAR PAGOS · AUTO] ▶ [CompararActasPaso] Iniciando...
[ACTUALIZAR PAGOS · AUTO] ==================================================
[ACTUALIZAR PAGOS · AUTO] 🚀 PASO: CompararActasPaso
[ACTUALIZAR PAGOS · AUTO] ==================================================
[ACTUALIZAR PAGOS · AUTO] 🔍 Comparando actas del SEMyT contra pagos del Juzgado...
[ACTUALIZAR PAGOS · AUTO] ================================================================================
[ACTUALIZAR PAGOS · AUTO] INICIANDO PROCESO DE GENERACIÓN DE PAGOS DESACTUALIZADOS
[ACTUALIZAR PAGOS · AUTO] ================================================================================
[ACTUALIZAR PAGOS · AUTO] 📂 Cargando archivos...
[ACTUALIZAR PAGOS · AUTO]   ✓ Pagos: 15146 registros
[ACTUALIZAR PAGOS · AUTO]   ✓ Excel SIGEMI (multas vencidas viejas): 104262 registros
[ACTUALIZAR PAGOS · AUTO]   ✓ Excel Juzgado (multas vencidas nuevas): 39597 registros
[ACTUALIZAR PAGOS · AUTO] ================================================================================
[ACTUALIZAR PAGOS · AUTO] PASO 1: LLENANDO ACTA_NUMERO (búsqueda por patente + fecha, con desempate por hora)
[ACTUALIZAR PAGOS · AUTO] ================================================================================
[ACTUALIZAR PAGOS · AUTO] 📊 ESTADÍSTICAS DE LLENADO DE ACTAS:
[ACTUALIZAR PAGOS · AUTO]   • Pagos con acta ORIGINAL: 1869
[ACTUALIZAR PAGOS · AUTO]   • Pagos SIN acta (buscados): 13277
[ACTUALIZAR PAGOS · AUTO]   • Pagos LLENADOS exitosamente: 10
[ACTUALIZAR PAGOS · AUTO]   • Pagos NO encontrados en multas: 13267
[ACTUALIZAR PAGOS · AUTO]   • Pagos SIN RESOLVER por desbalance de cantidades: 0
[ACTUALIZAR PAGOS · AUTO] ================================================================================
[ACTUALIZAR PAGOS · AUTO] PASO 1: LLENANDO ACTA_NUMERO (búsqueda por patente + fecha, con desempate por hora)
[ACTUALIZAR PAGOS · AUTO] ================================================================================
[ACTUALIZAR PAGOS · AUTO] 📊 ESTADÍSTICAS DE LLENADO DE ACTAS:
[ACTUALIZAR PAGOS · AUTO]   • Pagos con acta ORIGINAL: 1879
[ACTUALIZAR PAGOS · AUTO]   • Pagos SIN acta (buscados): 13267
[ACTUALIZAR PAGOS · AUTO]   • Pagos LLENADOS exitosamente: 0
[ACTUALIZAR PAGOS · AUTO]   • Pagos NO encontrados en multas: 13267
[ACTUALIZAR PAGOS · AUTO]   • Pagos SIN RESOLVER por desbalance de cantidades: 0
[ACTUALIZAR PAGOS · AUTO] ⏱ PASO 1 (llenar actas): 18.0s
[ACTUALIZAR PAGOS · AUTO] ================================================================================
[ACTUALIZAR PAGOS · AUTO] PASO 2: FILTRANDO PAGOS CON ACTA_NUMERO COMPLETO
[ACTUALIZAR PAGOS · AUTO] ================================================================================
[ACTUALIZAR PAGOS · AUTO] 📊 ESTADÍSTICAS DE FILTRADO:
[ACTUALIZAR PAGOS · AUTO]   • Pagos TOTALES al inicio: 15146
[ACTUALIZAR PAGOS · AUTO]   • Pagos CON acta (MANTIENEN): 1879
[ACTUALIZAR PAGOS · AUTO]   • Pagos RECHAZADOS (sin coincidencias): 13267
[ACTUALIZAR PAGOS · AUTO] ⚠️  Se eliminaron 13267 registros sin número de acta
[ACTUALIZAR PAGOS · AUTO]      (recordá: esto incluye tanto pagos ya actualizados/pagados
[ACTUALIZAR PAGOS · AUTO]       como pagos que quedaron sin resolver por desbalance en el Paso 1)
[ACTUALIZAR PAGOS · AUTO] ================================================================================
[ACTUALIZAR PAGOS · AUTO] PASO 2-bis: CONFIRMANDO VIGENCIA DE PAGOS DEL SISTEMA NUEVO (contra MULTAS_JUZGADO_CRUCE)
[ACTUALIZAR PAGOS · AUTO] ================================================================================
[ACTUALIZAR PAGOS · AUTO]   ⚠ 1865 pago(s) del sistema nuevo descartados: su acta ya no figura como vencida en MULTAS_JUZGADO_CRUCE (SEMyT ya los actualizó).
[ACTUALIZAR PAGOS · AUTO]   • Pagos del sistema nuevo descartados por ya estar actualizados: 1865
[ACTUALIZAR PAGOS · AUTO] ⏱ PASO 2 (filtrar): 0.9s
[ACTUALIZAR PAGOS · AUTO] 📂 Cargando maestro de causas SIGEMI...
[ACTUALIZAR PAGOS · AUTO]   ✓ Causas totales (maestro): 134069 registros
[ACTUALIZAR PAGOS · AUTO] ⏱ PASO 2.5 (causas simplificado): 0.1s
[ACTUALIZAR PAGOS · AUTO] ================================================================================
[ACTUALIZAR PAGOS · AUTO] PASO 2.5: ARMANDO causas.txt SIMPLIFICADO (cruce contra total_causas_sigemi.txt)
[ACTUALIZAR PAGOS · AUTO] ================================================================================
[ACTUALIZAR PAGOS · AUTO]   • Actas vencidas viejas (multas): 104262
[ACTUALIZAR PAGOS · AUTO]   • Causas totales en el maestro SIGEMI: 134069
[ACTUALIZAR PAGOS · AUTO]   • Causas que coinciden (simplificado): 104262
[ACTUALIZAR PAGOS · AUTO]   ✅ Archivo escrito: backend/descargas/causas/causas.txt
[ACTUALIZAR PAGOS · AUTO] ⏱ PASO 2.5 (causas simplificado): 2.9s
[ACTUALIZAR PAGOS · AUTO] ================================================================================
[ACTUALIZAR PAGOS · AUTO] PASO 3: LLENANDO CAUSA_NUMERO (según fecha de cambio de sistema, cruzando por acta + año)
[ACTUALIZAR PAGOS · AUTO] ================================================================================
[ACTUALIZAR PAGOS · AUTO] 📊 ESTADÍSTICAS DE LLENADO DE CAUSAS:
[ACTUALIZAR PAGOS · AUTO]   • Pagos con causa ORIGINAL: 4
[ACTUALIZAR PAGOS · AUTO]   • Causas encontradas en SIGEMI (actas viejas): 10
[ACTUALIZAR PAGOS · AUTO]   • Causas NO encontradas en SIGEMI: 0
[ACTUALIZAR PAGOS · AUTO]   • Causas asignadas automáticamente (actas nuevas): 0
[ACTUALIZAR PAGOS · AUTO] ⏱ PASO 3 (llenar causas): 0.0s
[ACTUALIZAR PAGOS · AUTO] ================================================================================
[ACTUALIZAR PAGOS · AUTO] PASO 4: ORDENANDO POR FECHA Y ACTA_NUMERO
[ACTUALIZAR PAGOS · AUTO] ================================================================================
[ACTUALIZAR PAGOS · AUTO] ✓ Pagos ordenados correctamente
[ACTUALIZAR PAGOS · AUTO]   • Primera entrada: Acta=78190, Fecha=19/11/2024
[ACTUALIZAR PAGOS · AUTO]   • Última entrada: Acta=259123, Fecha=23/01/2026
[ACTUALIZAR PAGOS · AUTO] 📝 Escribiendo archivo de salida...
[ACTUALIZAR PAGOS · AUTO]   ✅ Archivo escrito: backend/descargas/pagos/2026-07-20/PAGOS 20260720 103501.txt
[ACTUALIZAR PAGOS · AUTO]   ✅ Total registros: 1651
[ACTUALIZAR PAGOS · AUTO] ⏱ PASO 4 (ordenar y escribir): 0.0s
[ACTUALIZAR PAGOS · AUTO] ================================================================================
[ACTUALIZAR PAGOS · AUTO] ✅ PROCESO COMPLETADO EXITOSAMENTE
[ACTUALIZAR PAGOS · AUTO] ================================================================================
[ACTUALIZAR PAGOS · AUTO] 📊 RESUMEN FINAL DEL PROCESAMIENTO:
[ACTUALIZAR PAGOS · AUTO]   ENTRADA:
[ACTUALIZAR PAGOS · AUTO]     • Pagos originales: 15146
[ACTUALIZAR PAGOS · AUTO]     • Multas SIGEMI cargadas: 104262
[ACTUALIZAR PAGOS · AUTO]     • Multas Juzgado cargadas: 39597
[ACTUALIZAR PAGOS · AUTO]     • Causas simplificadas (usadas para el cruce): 104262
[ACTUALIZAR PAGOS · AUTO]   PROCESO:
[ACTUALIZAR PAGOS · AUTO]     • Pagos rechazados sigemi: 13267
[ACTUALIZAR PAGOS · AUTO]     • Pagos rechazados juzgado: 1865
[ACTUALIZAR PAGOS · AUTO]   SALIDA:
[ACTUALIZAR PAGOS · AUTO]     • Pagos desactualizados procesados: 14
[ACTUALIZAR PAGOS · AUTO]     • Archivo final: backend/descargas/pagos/2026-07-20/PAGOS 20260720 103501.txt
[ACTUALIZAR PAGOS · AUTO]     • Ordenados por fecha: SÍ ✓
[ACTUALIZAR PAGOS · AUTO]     • Todos con ACTA_NUMERO: SÍ ✓
[ACTUALIZAR PAGOS · AUTO]     • Todos con CAUSA_NUMERO: SÍ ✓
[ACTUALIZAR PAGOS · AUTO] ✅ TXT de pagos (ya cruzado con actas y causas) generado en: backend/descargas/pagos/2026-07-20/PAGOS 20260720 103501.txt
[ACTUALIZAR PAGOS · AUTO] 🧹 TXT de pagos crudo eliminado (ya usado en el cruce): backend/descargas/pagos/2026-07-20/PAGOS DESCARGADOS.txt
[ACTUALIZAR PAGOS · AUTO] 🧹 Excel MULTAS_SIGEMI_CRUCE eliminado (ya usado en el cruce): backend/descargas/cache_actas_cruce/MULTAS_SIGEMI_CRUCE.xlsx
[ACTUALIZAR PAGOS · AUTO] 🧹 Excel MULTAS_JUZGADO_CRUCE eliminado (ya usado en el cruce): backend/descargas/cache_actas_cruce/MULTAS_JUZGADO_CRUCE.xlsx
[ACTUALIZAR PAGOS · AUTO] ✅ CompararActasPaso finalizado. (⏱ 50.8s)
[ACTUALIZAR PAGOS · AUTO] ✓ [CompararActasPaso] Completado.
[ACTUALIZAR PAGOS · AUTO] ▶ [CargarPagosPaso] Iniciando...
[ACTUALIZAR PAGOS · AUTO] ==================================================
[ACTUALIZAR PAGOS · AUTO] 🚀 PASO: CargarPagosPaso
[ACTUALIZAR PAGOS · AUTO] ==================================================
[ACTUALIZAR PAGOS · AUTO] 📤 Subiendo TXT de pagos al SEMyT...
[ACTUALIZAR PAGOS · AUTO] ✅ Importación de pagos completada con éxito.
[ACTUALIZAR PAGOS · AUTO] ✅ Archivo TXT de pagos cargado en el SEMyT correctamente.
[ACTUALIZAR PAGOS · AUTO] ✅ CargarPagosPaso finalizado. (⏱ 4.3s)
[ACTUALIZAR PAGOS · AUTO] ✓ [CargarPagosPaso] Completado.
[ACTUALIZAR PAGOS · AUTO] === Ejecución finalizada con éxito ===
🤖 [Automático] Es hora de actualizar pagos. Arrancando...
[ACTUALIZAR PAGOS · AUTO] === Inicio de ejecución: pagos ===
[ACTUALIZAR PAGOS · AUTO] ▶ [LoginSemytPaso] Iniciando...
[ACTUALIZAR PAGOS · AUTO] ==================================================
[ACTUALIZAR PAGOS · AUTO] 🚀 PASO: LoginSemytPaso
[ACTUALIZAR PAGOS · AUTO] ==================================================
[ACTUALIZAR PAGOS · AUTO] Abriendo SEMyT...
[ACTUALIZAR PAGOS · AUTO] ✅ [SEMyT] Sesión existente detectada. Login omitido.
[ACTUALIZAR PAGOS · AUTO] ✅ LoginSemytPaso finalizado. (⏱ 4.6s)
[ACTUALIZAR PAGOS · AUTO] ✓ [LoginSemytPaso] Completado.
[ACTUALIZAR PAGOS · AUTO] ▶ [LoginJuzgadoPaso] Iniciando...
[ACTUALIZAR PAGOS · AUTO] ==================================================
[ACTUALIZAR PAGOS · AUTO] 🚀 PASO: LoginJuzgadoPaso
[ACTUALIZAR PAGOS · AUTO] ==================================================
[ACTUALIZAR PAGOS · AUTO] Abriendo sitio municipalidad (CiDi)...
[ACTUALIZAR PAGOS · AUTO] ✅ [Juzgado] Sesión existente detectada. Login omitido.
[ACTUALIZAR PAGOS · AUTO] ✅ LoginJuzgadoPaso finalizado. (⏱ 1.2s)
[ACTUALIZAR PAGOS · AUTO] ✓ [LoginJuzgadoPaso] Completado.
[ACTUALIZAR PAGOS · AUTO] ▶ [DescargasParalelasPaso] Iniciando...
[ACTUALIZAR PAGOS · AUTO] ==================================================
[ACTUALIZAR PAGOS · AUTO] 🚀 PASO: DescargasParalelasPaso
[ACTUALIZAR PAGOS · AUTO] ==================================================
[ACTUALIZAR PAGOS · AUTO] 📤 Arrancando las 3 descargas en paralelo (mismo browser, páginas separadas)...
[ACTUALIZAR PAGOS · AUTO] Fecha Desde: 27/06/2024
[ACTUALIZAR PAGOS · AUTO] Fecha Hasta: 24/11/2025
[ACTUALIZAR PAGOS · AUTO] Fecha Desde: 25/11/2025
[ACTUALIZAR PAGOS · AUTO] Fecha Hasta: 20/07/2026
[ACTUALIZAR PAGOS · AUTO] Descargando Excel...
[ACTUALIZAR PAGOS · AUTO] Descargando Excel...
⏳ [Automático] Tocaba disparar 'pagos' pero ya hay una ejecución en curso (Actualizar pagos); esperando a que termine; se reintenta en breve sin perder el turno.
[ACTUALIZAR PAGOS · AUTO] Archivo descargado en: backend/descargas/cache_actas_cruce/MULTAS_JUZGADO_CRUCE.xlsx
[ACTUALIZAR PAGOS · AUTO] ⏱ [actas_juzgado] completado en 20.1s
[ACTUALIZAR PAGOS · AUTO] Archivo descargado en: backend/descargas/cache_actas_cruce/MULTAS_SIGEMI_CRUCE.xlsx
[ACTUALIZAR PAGOS · AUTO] ⏱ [actas_sigemi] completado en 40.4s
[ACTUALIZAR PAGOS · AUTO] ✅ TXT de pagos descargado en: backend/descargas/pagos/2026-07-20/PAGOS DESCARGADOS.txt
[ACTUALIZAR PAGOS · AUTO] ⏱ [pagos_txt] completado en 40.6s
[ACTUALIZAR PAGOS · AUTO] ⏱ TOTAL descargas en paralelo: 40.6s
[ACTUALIZAR PAGOS · AUTO] ✅ DescargasParalelasPaso finalizado. (⏱ 41.9s)
[ACTUALIZAR PAGOS · AUTO] ✓ [DescargasParalelasPaso] Completado.
[ACTUALIZAR PAGOS · AUTO] ▶ [CompararActasPaso] Iniciando...
[ACTUALIZAR PAGOS · AUTO] ==================================================
[ACTUALIZAR PAGOS · AUTO] 🚀 PASO: CompararActasPaso
[ACTUALIZAR PAGOS · AUTO] ==================================================
[ACTUALIZAR PAGOS · AUTO] 🔍 Comparando actas del SEMyT contra pagos del Juzgado...
[ACTUALIZAR PAGOS · AUTO] ================================================================================
[ACTUALIZAR PAGOS · AUTO] INICIANDO PROCESO DE GENERACIÓN DE PAGOS DESACTUALIZADOS
[ACTUALIZAR PAGOS · AUTO] ================================================================================
[ACTUALIZAR PAGOS · AUTO] 📂 Cargando archivos...
[ACTUALIZAR PAGOS · AUTO]   ✓ Pagos: 15189 registros
[ACTUALIZAR PAGOS · AUTO]   ✓ Excel SIGEMI (multas vencidas viejas): 104248 registros
[ACTUALIZAR PAGOS · AUTO]   ✓ Excel Juzgado (multas vencidas nuevas): 39593 registros
[ACTUALIZAR PAGOS · AUTO] ================================================================================
[ACTUALIZAR PAGOS · AUTO] PASO 1: LLENANDO ACTA_NUMERO (búsqueda por patente + fecha, con desempate por hora)
[ACTUALIZAR PAGOS · AUTO] ================================================================================
[ACTUALIZAR PAGOS · AUTO] 📊 ESTADÍSTICAS DE LLENADO DE ACTAS:
[ACTUALIZAR PAGOS · AUTO]   • Pagos con acta ORIGINAL: 1891
[ACTUALIZAR PAGOS · AUTO]   • Pagos SIN acta (buscados): 13298
[ACTUALIZAR PAGOS · AUTO]   • Pagos LLENADOS exitosamente: 17
[ACTUALIZAR PAGOS · AUTO]   • Pagos NO encontrados en multas: 13281
[ACTUALIZAR PAGOS · AUTO]   • Pagos SIN RESOLVER por desbalance de cantidades: 0
[ACTUALIZAR PAGOS · AUTO] ================================================================================
[ACTUALIZAR PAGOS · AUTO] PASO 1: LLENANDO ACTA_NUMERO (búsqueda por patente + fecha, con desempate por hora)
[ACTUALIZAR PAGOS · AUTO] ================================================================================
[ACTUALIZAR PAGOS · AUTO] 📊 ESTADÍSTICAS DE LLENADO DE ACTAS:
[ACTUALIZAR PAGOS · AUTO]   • Pagos con acta ORIGINAL: 1908
[ACTUALIZAR PAGOS · AUTO]   • Pagos SIN acta (buscados): 13281
[ACTUALIZAR PAGOS · AUTO]   • Pagos LLENADOS exitosamente: 0
[ACTUALIZAR PAGOS · AUTO]   • Pagos NO encontrados en multas: 13281
[ACTUALIZAR PAGOS · AUTO]   • Pagos SIN RESOLVER por desbalance de cantidades: 0
[ACTUALIZAR PAGOS · AUTO] ⏱ PASO 1 (llenar actas): 14.6s
[ACTUALIZAR PAGOS · AUTO] ================================================================================
[ACTUALIZAR PAGOS · AUTO] PASO 2: FILTRANDO PAGOS CON ACTA_NUMERO COMPLETO
[ACTUALIZAR PAGOS · AUTO] ================================================================================
[ACTUALIZAR PAGOS · AUTO] 📊 ESTADÍSTICAS DE FILTRADO:
[ACTUALIZAR PAGOS · AUTO]   • Pagos TOTALES al inicio: 15189
[ACTUALIZAR PAGOS · AUTO]   • Pagos CON acta (MANTIENEN): 1908
[ACTUALIZAR PAGOS · AUTO]   • Pagos RECHAZADOS (sin coincidencias): 13281
[ACTUALIZAR PAGOS · AUTO] ⚠️  Se eliminaron 13281 registros sin número de acta
[ACTUALIZAR PAGOS · AUTO]      (recordá: esto incluye tanto pagos ya actualizados/pagados
[ACTUALIZAR PAGOS · AUTO]       como pagos que quedaron sin resolver por desbalance en el Paso 1)
[ACTUALIZAR PAGOS · AUTO] ================================================================================
[ACTUALIZAR PAGOS · AUTO] PASO 2-bis: CONFIRMANDO VIGENCIA DE PAGOS DEL SISTEMA NUEVO (contra MULTAS_JUZGADO_CRUCE)
[ACTUALIZAR PAGOS · AUTO] ================================================================================
[ACTUALIZAR PAGOS · AUTO]   ⚠ 1869 pago(s) del sistema nuevo descartados: su acta ya no figura como vencida en MULTAS_JUZGADO_CRUCE (SEMyT ya los actualizó).
[ACTUALIZAR PAGOS · AUTO]   • Pagos del sistema nuevo descartados por ya estar actualizados: 1869
[ACTUALIZAR PAGOS · AUTO] ⏱ PASO 2 (filtrar): 0.8s
[ACTUALIZAR PAGOS · AUTO] 📂 Cargando maestro de causas SIGEMI...
[ACTUALIZAR PAGOS · AUTO]   ✓ Causas totales (maestro): 134069 registros
[ACTUALIZAR PAGOS · AUTO] ⏱ PASO 2.5 (causas simplificado): 0.1s
[ACTUALIZAR PAGOS · AUTO] ================================================================================
[ACTUALIZAR PAGOS · AUTO] PASO 2.5: ARMANDO causas.txt SIMPLIFICADO (cruce contra total_causas_sigemi.txt)
[ACTUALIZAR PAGOS · AUTO] ================================================================================
[ACTUALIZAR PAGOS · AUTO]   • Actas vencidas viejas (multas): 104248
[ACTUALIZAR PAGOS · AUTO]   • Causas totales en el maestro SIGEMI: 134069
[ACTUALIZAR PAGOS · AUTO]   • Causas que coinciden (simplificado): 104248
[ACTUALIZAR PAGOS · AUTO]   ✅ Archivo escrito: backend/descargas/causas/causas.txt
[ACTUALIZAR PAGOS · AUTO] ⏱ PASO 2.5 (causas simplificado): 2.6s
[ACTUALIZAR PAGOS · AUTO] ================================================================================
[ACTUALIZAR PAGOS · AUTO] PASO 3: LLENANDO CAUSA_NUMERO (según fecha de cambio de sistema, cruzando por acta + año)
[ACTUALIZAR PAGOS · AUTO] ================================================================================
[ACTUALIZAR PAGOS · AUTO] 📊 ESTADÍSTICAS DE LLENADO DE CAUSAS:
[ACTUALIZAR PAGOS · AUTO]   • Pagos con causa ORIGINAL: 22
[ACTUALIZAR PAGOS · AUTO]   • Causas encontradas en SIGEMI (actas viejas): 17
[ACTUALIZAR PAGOS · AUTO]   • Causas NO encontradas en SIGEMI: 0
[ACTUALIZAR PAGOS · AUTO]   • Causas asignadas automáticamente (actas nuevas): 0
[ACTUALIZAR PAGOS · AUTO] ⏱ PASO 3 (llenar causas): 0.0s
[ACTUALIZAR PAGOS · AUTO] ================================================================================
[ACTUALIZAR PAGOS · AUTO] PASO 4: ORDENANDO POR FECHA Y ACTA_NUMERO
[ACTUALIZAR PAGOS · AUTO] ================================================================================
[ACTUALIZAR PAGOS · AUTO] ✓ Pagos ordenados correctamente
[ACTUALIZAR PAGOS · AUTO]   • Primera entrada: Acta=142461, Fecha=30/04/2025
[ACTUALIZAR PAGOS · AUTO]   • Última entrada: Acta=306841, Fecha=04/05/2026
[ACTUALIZAR PAGOS · AUTO] 📝 Escribiendo archivo de salida...
[ACTUALIZAR PAGOS · AUTO]   ✅ Archivo escrito: backend/descargas/pagos/2026-07-20/PAGOS 20260720 104700.txt
[ACTUALIZAR PAGOS · AUTO]   ✅ Total registros: 4530
[ACTUALIZAR PAGOS · AUTO] ⏱ PASO 4 (ordenar y escribir): 0.0s
[ACTUALIZAR PAGOS · AUTO] ================================================================================
[ACTUALIZAR PAGOS · AUTO] ✅ PROCESO COMPLETADO EXITOSAMENTE
[ACTUALIZAR PAGOS · AUTO] ================================================================================
[ACTUALIZAR PAGOS · AUTO] 📊 RESUMEN FINAL DEL PROCESAMIENTO:
[ACTUALIZAR PAGOS · AUTO]   ENTRADA:
[ACTUALIZAR PAGOS · AUTO]     • Pagos originales: 15189
[ACTUALIZAR PAGOS · AUTO]     • Multas SIGEMI cargadas: 104248
[ACTUALIZAR PAGOS · AUTO]     • Multas Juzgado cargadas: 39593
[ACTUALIZAR PAGOS · AUTO]     • Causas simplificadas (usadas para el cruce): 104248
[ACTUALIZAR PAGOS · AUTO]   PROCESO:
[ACTUALIZAR PAGOS · AUTO]     • Pagos rechazados sigemi: 13281
[ACTUALIZAR PAGOS · AUTO]     • Pagos rechazados juzgado: 1869
[ACTUALIZAR PAGOS · AUTO]   SALIDA:
[ACTUALIZAR PAGOS · AUTO]     • Pagos desactualizados procesados: 39
[ACTUALIZAR PAGOS · AUTO]     • Archivo final: backend/descargas/pagos/2026-07-20/PAGOS 20260720 104700.txt
[ACTUALIZAR PAGOS · AUTO]     • Ordenados por fecha: SÍ ✓
[ACTUALIZAR PAGOS · AUTO]     • Todos con ACTA_NUMERO: SÍ ✓
[ACTUALIZAR PAGOS · AUTO]     • Todos con CAUSA_NUMERO: SÍ ✓
[ACTUALIZAR PAGOS · AUTO] ✅ TXT de pagos (ya cruzado con actas y causas) generado en: backend/descargas/pagos/2026-07-20/PAGOS 20260720 104700.txt
[ACTUALIZAR PAGOS · AUTO] 🧹 TXT de pagos crudo eliminado (ya usado en el cruce): backend/descargas/pagos/2026-07-20/PAGOS DESCARGADOS.txt
[ACTUALIZAR PAGOS · AUTO] 🧹 Excel MULTAS_SIGEMI_CRUCE eliminado (ya usado en el cruce): backend/descargas/cache_actas_cruce/MULTAS_SIGEMI_CRUCE.xlsx
[ACTUALIZAR PAGOS · AUTO] 🧹 Excel MULTAS_JUZGADO_CRUCE eliminado (ya usado en el cruce): backend/descargas/cache_actas_cruce/MULTAS_JUZGADO_CRUCE.xlsx
[ACTUALIZAR PAGOS · AUTO] ✅ CompararActasPaso finalizado. (⏱ 44.7s)
[ACTUALIZAR PAGOS · AUTO] ✓ [CompararActasPaso] Completado.
[ACTUALIZAR PAGOS · AUTO] ▶ [CargarPagosPaso] Iniciando...
[ACTUALIZAR PAGOS · AUTO] ==================================================
[ACTUALIZAR PAGOS · AUTO] 🚀 PASO: CargarPagosPaso
[ACTUALIZAR PAGOS · AUTO] ==================================================
[ACTUALIZAR PAGOS · AUTO] 📤 Subiendo TXT de pagos al SEMyT...
[ACTUALIZAR PAGOS · AUTO] ✅ Importación de pagos completada con éxito.
[ACTUALIZAR PAGOS · AUTO] ✅ Archivo TXT de pagos cargado en el SEMyT correctamente.
[ACTUALIZAR PAGOS · AUTO] ✅ CargarPagosPaso finalizado. (⏱ 3.2s)
[ACTUALIZAR PAGOS · AUTO] ✓ [CargarPagosPaso] Completado.
[ACTUALIZAR PAGOS · AUTO] === Ejecución finalizada con éxito ===
🤖 [Automático] Es hora de actualizar pagos. Arrancando...
[ACTUALIZAR PAGOS · AUTO] === Inicio de ejecución: pagos ===
[ACTUALIZAR PAGOS · AUTO] ▶ [LoginSemytPaso] Iniciando...
[ACTUALIZAR PAGOS · AUTO] ==================================================
[ACTUALIZAR PAGOS · AUTO] 🚀 PASO: LoginSemytPaso
[ACTUALIZAR PAGOS · AUTO] ==================================================
[ACTUALIZAR PAGOS · AUTO] Abriendo SEMyT...
[ACTUALIZAR PAGOS · AUTO] ✅ [SEMyT] Sesión existente detectada. Login omitido.
[ACTUALIZAR PAGOS · AUTO] ✅ LoginSemytPaso finalizado. (⏱ 4.3s)
[ACTUALIZAR PAGOS · AUTO] ✓ [LoginSemytPaso] Completado.
[ACTUALIZAR PAGOS · AUTO] ▶ [LoginJuzgadoPaso] Iniciando...
[ACTUALIZAR PAGOS · AUTO] ==================================================
[ACTUALIZAR PAGOS · AUTO] 🚀 PASO: LoginJuzgadoPaso
[ACTUALIZAR PAGOS · AUTO] ==================================================
[ACTUALIZAR PAGOS · AUTO] Abriendo sitio municipalidad (CiDi)...
[ACTUALIZAR PAGOS · AUTO] ✅ [Juzgado] Sesión existente detectada. Login omitido.
[ACTUALIZAR PAGOS · AUTO] ✅ LoginJuzgadoPaso finalizado. (⏱ 2.0s)
[ACTUALIZAR PAGOS · AUTO] ✓ [LoginJuzgadoPaso] Completado.
[ACTUALIZAR PAGOS · AUTO] ▶ [DescargasParalelasPaso] Iniciando...
[ACTUALIZAR PAGOS · AUTO] ==================================================
[ACTUALIZAR PAGOS · AUTO] 🚀 PASO: DescargasParalelasPaso
[ACTUALIZAR PAGOS · AUTO] ==================================================
[ACTUALIZAR PAGOS · AUTO] 📤 Arrancando las 3 descargas en paralelo (mismo browser, páginas separadas)...
[ACTUALIZAR PAGOS · AUTO] Fecha Desde: 27/06/2024
[ACTUALIZAR PAGOS · AUTO] Fecha Hasta: 24/11/2025
[ACTUALIZAR PAGOS · AUTO] Fecha Desde: 25/11/2025
[ACTUALIZAR PAGOS · AUTO] Fecha Hasta: 20/07/2026
[ACTUALIZAR PAGOS · AUTO] Descargando Excel...
[ACTUALIZAR PAGOS · AUTO] Descargando Excel...
⏳ [Automático] Tocaba disparar 'pagos' pero ya hay una ejecución en curso (Actualizar pagos); esperando a que termine; se reintenta en breve sin perder el turno.
[ACTUALIZAR PAGOS · AUTO] Archivo descargado en: backend/descargas/cache_actas_cruce/MULTAS_JUZGADO_CRUCE.xlsx
[ACTUALIZAR PAGOS · AUTO] ⏱ [actas_juzgado] completado en 18.4s
[ACTUALIZAR PAGOS · AUTO] Archivo descargado en: backend/descargas/cache_actas_cruce/MULTAS_SIGEMI_CRUCE.xlsx
[ACTUALIZAR PAGOS · AUTO] ⏱ [actas_sigemi] completado en 40.4s
[ACTUALIZAR PAGOS · AUTO] ✅ TXT de pagos descargado en: backend/descargas/pagos/2026-07-20/PAGOS DESCARGADOS.txt
[ACTUALIZAR PAGOS · AUTO] ⏱ [pagos_txt] completado en 40.5s
[ACTUALIZAR PAGOS · AUTO] ⏱ TOTAL descargas en paralelo: 40.5s
[ACTUALIZAR PAGOS · AUTO] ✅ DescargasParalelasPaso finalizado. (⏱ 41.8s)
[ACTUALIZAR PAGOS · AUTO] ✓ [DescargasParalelasPaso] Completado.
[ACTUALIZAR PAGOS · AUTO] ▶ [CompararActasPaso] Iniciando...
[ACTUALIZAR PAGOS · AUTO] ==================================================
[ACTUALIZAR PAGOS · AUTO] 🚀 PASO: CompararActasPaso
[ACTUALIZAR PAGOS · AUTO] ==================================================
[ACTUALIZAR PAGOS · AUTO] 🔍 Comparando actas del SEMyT contra pagos del Juzgado...
[ACTUALIZAR PAGOS · AUTO] ================================================================================
[ACTUALIZAR PAGOS · AUTO] INICIANDO PROCESO DE GENERACIÓN DE PAGOS DESACTUALIZADOS
[ACTUALIZAR PAGOS · AUTO] ================================================================================
[ACTUALIZAR PAGOS · AUTO] 📂 Cargando archivos...
[ACTUALIZAR PAGOS · AUTO]   ✓ Pagos: 15195 registros
[ACTUALIZAR PAGOS · AUTO]   ✓ Excel SIGEMI (multas vencidas viejas): 104231 registros
[ACTUALIZAR PAGOS · AUTO]   ✓ Excel Juzgado (multas vencidas nuevas): 39571 registros
[ACTUALIZAR PAGOS · AUTO] ================================================================================
[ACTUALIZAR PAGOS · AUTO] PASO 1: LLENANDO ACTA_NUMERO (búsqueda por patente + fecha, con desempate por hora)
[ACTUALIZAR PAGOS · AUTO] ================================================================================
[ACTUALIZAR PAGOS · AUTO] 📊 ESTADÍSTICAS DE LLENADO DE ACTAS:
[ACTUALIZAR PAGOS · AUTO]   • Pagos con acta ORIGINAL: 1895
[ACTUALIZAR PAGOS · AUTO]   • Pagos SIN acta (buscados): 13300
[ACTUALIZAR PAGOS · AUTO]   • Pagos LLENADOS exitosamente: 2
[ACTUALIZAR PAGOS · AUTO]   • Pagos NO encontrados en multas: 13298
[ACTUALIZAR PAGOS · AUTO]   • Pagos SIN RESOLVER por desbalance de cantidades: 0
[ACTUALIZAR PAGOS · AUTO] ================================================================================
[ACTUALIZAR PAGOS · AUTO] PASO 1: LLENANDO ACTA_NUMERO (búsqueda por patente + fecha, con desempate por hora)
[ACTUALIZAR PAGOS · AUTO] ================================================================================
[ACTUALIZAR PAGOS · AUTO] 📊 ESTADÍSTICAS DE LLENADO DE ACTAS:
[ACTUALIZAR PAGOS · AUTO]   • Pagos con acta ORIGINAL: 1897
[ACTUALIZAR PAGOS · AUTO]   • Pagos SIN acta (buscados): 13298
[ACTUALIZAR PAGOS · AUTO]   • Pagos LLENADOS exitosamente: 0
[ACTUALIZAR PAGOS · AUTO]   • Pagos NO encontrados en multas: 13298
[ACTUALIZAR PAGOS · AUTO]   • Pagos SIN RESOLVER por desbalance de cantidades: 0
[ACTUALIZAR PAGOS · AUTO] ⏱ PASO 1 (llenar actas): 17.1s
[ACTUALIZAR PAGOS · AUTO] ================================================================================
[ACTUALIZAR PAGOS · AUTO] PASO 2: FILTRANDO PAGOS CON ACTA_NUMERO COMPLETO
[ACTUALIZAR PAGOS · AUTO] ================================================================================
[ACTUALIZAR PAGOS · AUTO] 📊 ESTADÍSTICAS DE FILTRADO:
[ACTUALIZAR PAGOS · AUTO]   • Pagos TOTALES al inicio: 15195
[ACTUALIZAR PAGOS · AUTO]   • Pagos CON acta (MANTIENEN): 1897
[ACTUALIZAR PAGOS · AUTO]   • Pagos RECHAZADOS (sin coincidencias): 13298
[ACTUALIZAR PAGOS · AUTO] ⚠️  Se eliminaron 13298 registros sin número de acta
[ACTUALIZAR PAGOS · AUTO]      (recordá: esto incluye tanto pagos ya actualizados/pagados
[ACTUALIZAR PAGOS · AUTO]       como pagos que quedaron sin resolver por desbalance en el Paso 1)
[ACTUALIZAR PAGOS · AUTO] ================================================================================
[ACTUALIZAR PAGOS · AUTO] PASO 2-bis: CONFIRMANDO VIGENCIA DE PAGOS DEL SISTEMA NUEVO (contra MULTAS_JUZGADO_CRUCE)
[ACTUALIZAR PAGOS · AUTO] ================================================================================
[ACTUALIZAR PAGOS · AUTO]   ⚠ 1891 pago(s) del sistema nuevo descartados: su acta ya no figura como vencida en MULTAS_JUZGADO_CRUCE (SEMyT ya los actualizó).
[ACTUALIZAR PAGOS · AUTO]   • Pagos del sistema nuevo descartados por ya estar actualizados: 1891
[ACTUALIZAR PAGOS · AUTO] ⏱ PASO 2 (filtrar): 0.9s
[ACTUALIZAR PAGOS · AUTO] 📂 Cargando maestro de causas SIGEMI...
[ACTUALIZAR PAGOS · AUTO]   ✓ Causas totales (maestro): 134069 registros
[ACTUALIZAR PAGOS · AUTO] ⏱ PASO 2.5 (causas simplificado): 0.2s
[ACTUALIZAR PAGOS · AUTO] ================================================================================
[ACTUALIZAR PAGOS · AUTO] PASO 2.5: ARMANDO causas.txt SIMPLIFICADO (cruce contra total_causas_sigemi.txt)
[ACTUALIZAR PAGOS · AUTO] ================================================================================
[ACTUALIZAR PAGOS · AUTO]   • Actas vencidas viejas (multas): 104231
[ACTUALIZAR PAGOS · AUTO]   • Causas totales en el maestro SIGEMI: 134069
[ACTUALIZAR PAGOS · AUTO]   • Causas que coinciden (simplificado): 104231
[ACTUALIZAR PAGOS · AUTO]   ✅ Archivo escrito: backend/descargas/causas/causas.txt
[ACTUALIZAR PAGOS · AUTO] ⏱ PASO 2.5 (causas simplificado): 2.9s
[ACTUALIZAR PAGOS · AUTO] ================================================================================
[ACTUALIZAR PAGOS · AUTO] PASO 3: LLENANDO CAUSA_NUMERO (según fecha de cambio de sistema, cruzando por acta + año)
[ACTUALIZAR PAGOS · AUTO] ================================================================================
[ACTUALIZAR PAGOS · AUTO] 📊 ESTADÍSTICAS DE LLENADO DE CAUSAS:
[ACTUALIZAR PAGOS · AUTO]   • Pagos con causa ORIGINAL: 4
[ACTUALIZAR PAGOS · AUTO]   • Causas encontradas en SIGEMI (actas viejas): 2
[ACTUALIZAR PAGOS · AUTO]   • Causas NO encontradas en SIGEMI: 0
[ACTUALIZAR PAGOS · AUTO]   • Causas asignadas automáticamente (actas nuevas): 0
[ACTUALIZAR PAGOS · AUTO] ⏱ PASO 3 (llenar causas): 0.0s
[ACTUALIZAR PAGOS · AUTO] ================================================================================
[ACTUALIZAR PAGOS · AUTO] PASO 4: ORDENANDO POR FECHA Y ACTA_NUMERO
[ACTUALIZAR PAGOS · AUTO] ================================================================================
[ACTUALIZAR PAGOS · AUTO] ✓ Pagos ordenados correctamente
[ACTUALIZAR PAGOS · AUTO]   • Primera entrada: Acta=89088, Fecha=12/12/2024
[ACTUALIZAR PAGOS · AUTO]   • Última entrada: Acta=254253, Fecha=08/01/2026
[ACTUALIZAR PAGOS · AUTO] 📝 Escribiendo archivo de salida...
[ACTUALIZAR PAGOS · AUTO]   ✅ Archivo escrito: backend/descargas/pagos/2026-07-20/PAGOS 20260720 105850.txt
[ACTUALIZAR PAGOS · AUTO]   ✅ Total registros: 812
[ACTUALIZAR PAGOS · AUTO] ⏱ PASO 4 (ordenar y escribir): 0.0s
[ACTUALIZAR PAGOS · AUTO] ================================================================================
[ACTUALIZAR PAGOS · AUTO] ✅ PROCESO COMPLETADO EXITOSAMENTE
[ACTUALIZAR PAGOS · AUTO] ================================================================================
[ACTUALIZAR PAGOS · AUTO] 📊 RESUMEN FINAL DEL PROCESAMIENTO:
[ACTUALIZAR PAGOS · AUTO]   ENTRADA:
[ACTUALIZAR PAGOS · AUTO]     • Pagos originales: 15195
[ACTUALIZAR PAGOS · AUTO]     • Multas SIGEMI cargadas: 104231
[ACTUALIZAR PAGOS · AUTO]     • Multas Juzgado cargadas: 39571
[ACTUALIZAR PAGOS · AUTO]     • Causas simplificadas (usadas para el cruce): 104231
[ACTUALIZAR PAGOS · AUTO]   PROCESO:
[ACTUALIZAR PAGOS · AUTO]     • Pagos rechazados sigemi: 13298
[ACTUALIZAR PAGOS · AUTO]     • Pagos rechazados juzgado: 1891
[ACTUALIZAR PAGOS · AUTO]   SALIDA:
[ACTUALIZAR PAGOS · AUTO]     • Pagos desactualizados procesados: 6
[ACTUALIZAR PAGOS · AUTO]     • Archivo final: backend/descargas/pagos/2026-07-20/PAGOS 20260720 105850.txt
[ACTUALIZAR PAGOS · AUTO]     • Ordenados por fecha: SÍ ✓
[ACTUALIZAR PAGOS · AUTO]     • Todos con ACTA_NUMERO: SÍ ✓
[ACTUALIZAR PAGOS · AUTO]     • Todos con CAUSA_NUMERO: SÍ ✓
[ACTUALIZAR PAGOS · AUTO] ✅ TXT de pagos (ya cruzado con actas y causas) generado en: backend/descargas/pagos/2026-07-20/PAGOS 20260720 105850.txt
[ACTUALIZAR PAGOS · AUTO] 🧹 TXT de pagos crudo eliminado (ya usado en el cruce): backend/descargas/pagos/2026-07-20/PAGOS DESCARGADOS.txt
[ACTUALIZAR PAGOS · AUTO] 🧹 Excel MULTAS_SIGEMI_CRUCE eliminado (ya usado en el cruce): backend/descargas/cache_actas_cruce/MULTAS_SIGEMI_CRUCE.xlsx
[ACTUALIZAR PAGOS · AUTO] 🧹 Excel MULTAS_JUZGADO_CRUCE eliminado (ya usado en el cruce): backend/descargas/cache_actas_cruce/MULTAS_JUZGADO_CRUCE.xlsx
[ACTUALIZAR PAGOS · AUTO] ✅ CompararActasPaso finalizado. (⏱ 46.1s)
[ACTUALIZAR PAGOS · AUTO] ✓ [CompararActasPaso] Completado.
[ACTUALIZAR PAGOS · AUTO] ▶ [CargarPagosPaso] Iniciando...
[ACTUALIZAR PAGOS · AUTO] ==================================================
[ACTUALIZAR PAGOS · AUTO] 🚀 PASO: CargarPagosPaso
[ACTUALIZAR PAGOS · AUTO] ==================================================
[ACTUALIZAR PAGOS · AUTO] 📤 Subiendo TXT de pagos al SEMyT...
[ACTUALIZAR PAGOS · AUTO] ✅ Importación de pagos completada con éxito.
[ACTUALIZAR PAGOS · AUTO] ✅ Archivo TXT de pagos cargado en el SEMyT correctamente.
[ACTUALIZAR PAGOS · AUTO] ✅ CargarPagosPaso finalizado. (⏱ 2.7s)
[ACTUALIZAR PAGOS · AUTO] ✓ [CargarPagosPaso] Completado.
[ACTUALIZAR PAGOS · AUTO] === Ejecución finalizada con éxito ===
🤖 [Automático] Es hora de actualizar pagos. Arrancando...
[ACTUALIZAR PAGOS · AUTO] === Inicio de ejecución: pagos ===
[ACTUALIZAR PAGOS · AUTO] ▶ [LoginSemytPaso] Iniciando...
[ACTUALIZAR PAGOS · AUTO] ==================================================
[ACTUALIZAR PAGOS · AUTO] 🚀 PASO: LoginSemytPaso
[ACTUALIZAR PAGOS · AUTO] ==================================================
[ACTUALIZAR PAGOS · AUTO] Abriendo SEMyT...
[ACTUALIZAR PAGOS · AUTO] ✅ [SEMyT] Sesión existente detectada. Login omitido.
[ACTUALIZAR PAGOS · AUTO] ✅ LoginSemytPaso finalizado. (⏱ 4.6s)
[ACTUALIZAR PAGOS · AUTO] ✓ [LoginSemytPaso] Completado.
[ACTUALIZAR PAGOS · AUTO] ▶ [LoginJuzgadoPaso] Iniciando...
[ACTUALIZAR PAGOS · AUTO] ==================================================
[ACTUALIZAR PAGOS · AUTO] 🚀 PASO: LoginJuzgadoPaso
[ACTUALIZAR PAGOS · AUTO] ==================================================
[ACTUALIZAR PAGOS · AUTO] Abriendo sitio municipalidad (CiDi)...
[ACTUALIZAR PAGOS · AUTO] ✅ [Juzgado] Sesión existente detectada. Login omitido.
[ACTUALIZAR PAGOS · AUTO] ✅ LoginJuzgadoPaso finalizado. (⏱ 1.5s)
[ACTUALIZAR PAGOS · AUTO] ✓ [LoginJuzgadoPaso] Completado.
[ACTUALIZAR PAGOS · AUTO] ▶ [DescargasParalelasPaso] Iniciando...
[ACTUALIZAR PAGOS · AUTO] ==================================================
[ACTUALIZAR PAGOS · AUTO] 🚀 PASO: DescargasParalelasPaso
[ACTUALIZAR PAGOS · AUTO] ==================================================
[ACTUALIZAR PAGOS · AUTO] 📤 Arrancando las 3 descargas en paralelo (mismo browser, páginas separadas)...
[ACTUALIZAR PAGOS · AUTO] Fecha Desde: 27/06/2024
[ACTUALIZAR PAGOS · AUTO] Fecha Hasta: 24/11/2025
[ACTUALIZAR PAGOS · AUTO] Fecha Desde: 25/11/2025
[ACTUALIZAR PAGOS · AUTO] Fecha Hasta: 20/07/2026
[ACTUALIZAR PAGOS · AUTO] Descargando Excel...
[ACTUALIZAR PAGOS · AUTO] Descargando Excel...
⏳ [Automático] Tocaba disparar 'pagos' pero ya hay una ejecución en curso (Actualizar pagos); esperando a que termine; se reintenta en breve sin perder el turno.
[ACTUALIZAR PAGOS · AUTO] Archivo descargado en: backend/descargas/cache_actas_cruce/MULTAS_JUZGADO_CRUCE.xlsx
[ACTUALIZAR PAGOS · AUTO] ⏱ [actas_juzgado] completado en 22.1s
[ACTUALIZAR PAGOS · AUTO] Archivo descargado en: backend/descargas/cache_actas_cruce/MULTAS_SIGEMI_CRUCE.xlsx
[ACTUALIZAR PAGOS · AUTO] ⏱ [actas_sigemi] completado en 44.7s
[ACTUALIZAR PAGOS · AUTO] ✅ TXT de pagos descargado en: backend/descargas/pagos/2026-07-20/PAGOS DESCARGADOS.txt
[ACTUALIZAR PAGOS · AUTO] ⏱ [pagos_txt] completado en 44.9s
[ACTUALIZAR PAGOS · AUTO] ⏱ TOTAL descargas en paralelo: 44.9s
[ACTUALIZAR PAGOS · AUTO] ✅ DescargasParalelasPaso finalizado. (⏱ 46.7s)
[ACTUALIZAR PAGOS · AUTO] ✓ [DescargasParalelasPaso] Completado.
[ACTUALIZAR PAGOS · AUTO] ▶ [CompararActasPaso] Iniciando...
[ACTUALIZAR PAGOS · AUTO] ==================================================
[ACTUALIZAR PAGOS · AUTO] 🚀 PASO: CompararActasPaso
[ACTUALIZAR PAGOS · AUTO] ==================================================
[ACTUALIZAR PAGOS · AUTO] 🔍 Comparando actas del SEMyT contra pagos del Juzgado...
[ACTUALIZAR PAGOS · AUTO] ================================================================================
[ACTUALIZAR PAGOS · AUTO] INICIANDO PROCESO DE GENERACIÓN DE PAGOS DESACTUALIZADOS
[ACTUALIZAR PAGOS · AUTO] ================================================================================
[ACTUALIZAR PAGOS · AUTO] 📂 Cargando archivos...
[ACTUALIZAR PAGOS · AUTO]   ✓ Pagos: 15198 registros
[ACTUALIZAR PAGOS · AUTO]   ✓ Excel SIGEMI (multas vencidas viejas): 104229 registros
[ACTUALIZAR PAGOS · AUTO]   ✓ Excel Juzgado (multas vencidas nuevas): 39565 registros
[ACTUALIZAR PAGOS · AUTO] ================================================================================
[ACTUALIZAR PAGOS · AUTO] PASO 1: LLENANDO ACTA_NUMERO (búsqueda por patente + fecha, con desempate por hora)
[ACTUALIZAR PAGOS · AUTO] ================================================================================
[ACTUALIZAR PAGOS · AUTO] 📊 ESTADÍSTICAS DE LLENADO DE ACTAS:
[ACTUALIZAR PAGOS · AUTO]   • Pagos con acta ORIGINAL: 1897
[ACTUALIZAR PAGOS · AUTO]   • Pagos SIN acta (buscados): 13301
[ACTUALIZAR PAGOS · AUTO]   • Pagos LLENADOS exitosamente: 0
[ACTUALIZAR PAGOS · AUTO]   • Pagos NO encontrados en multas: 13301
[ACTUALIZAR PAGOS · AUTO]   • Pagos SIN RESOLVER por desbalance de cantidades: 0
[ACTUALIZAR PAGOS · AUTO] ================================================================================
[ACTUALIZAR PAGOS · AUTO] PASO 1: LLENANDO ACTA_NUMERO (búsqueda por patente + fecha, con desempate por hora)
[ACTUALIZAR PAGOS · AUTO] ================================================================================
[ACTUALIZAR PAGOS · AUTO] 📊 ESTADÍSTICAS DE LLENADO DE ACTAS:
[ACTUALIZAR PAGOS · AUTO]   • Pagos con acta ORIGINAL: 1897
[ACTUALIZAR PAGOS · AUTO]   • Pagos SIN acta (buscados): 13301
[ACTUALIZAR PAGOS · AUTO]   • Pagos LLENADOS exitosamente: 0
[ACTUALIZAR PAGOS · AUTO]   • Pagos NO encontrados en multas: 13301
[ACTUALIZAR PAGOS · AUTO]   • Pagos SIN RESOLVER por desbalance de cantidades: 0
[ACTUALIZAR PAGOS · AUTO] ⏱ PASO 1 (llenar actas): 16.9s
[ACTUALIZAR PAGOS · AUTO] ================================================================================
[ACTUALIZAR PAGOS · AUTO] PASO 2: FILTRANDO PAGOS CON ACTA_NUMERO COMPLETO
[ACTUALIZAR PAGOS · AUTO] ================================================================================
[ACTUALIZAR PAGOS · AUTO] 📊 ESTADÍSTICAS DE FILTRADO:
[ACTUALIZAR PAGOS · AUTO]   • Pagos TOTALES al inicio: 15198
[ACTUALIZAR PAGOS · AUTO]   • Pagos CON acta (MANTIENEN): 1897
[ACTUALIZAR PAGOS · AUTO]   • Pagos RECHAZADOS (sin coincidencias): 13301
[ACTUALIZAR PAGOS · AUTO] ⚠️  Se eliminaron 13301 registros sin número de acta
[ACTUALIZAR PAGOS · AUTO]      (recordá: esto incluye tanto pagos ya actualizados/pagados
[ACTUALIZAR PAGOS · AUTO]       como pagos que quedaron sin resolver por desbalance en el Paso 1)
[ACTUALIZAR PAGOS · AUTO] ================================================================================
[ACTUALIZAR PAGOS · AUTO] PASO 2-bis: CONFIRMANDO VIGENCIA DE PAGOS DEL SISTEMA NUEVO (contra MULTAS_JUZGADO_CRUCE)
[ACTUALIZAR PAGOS · AUTO] ================================================================================
[ACTUALIZAR PAGOS · AUTO]   ⚠ 1895 pago(s) del sistema nuevo descartados: su acta ya no figura como vencida en MULTAS_JUZGADO_CRUCE (SEMyT ya los actualizó).
[ACTUALIZAR PAGOS · AUTO]   • Pagos del sistema nuevo descartados por ya estar actualizados: 1895
[ACTUALIZAR PAGOS · AUTO] ⏱ PASO 2 (filtrar): 0.9s
[ACTUALIZAR PAGOS · AUTO] 📂 Cargando maestro de causas SIGEMI...
[ACTUALIZAR PAGOS · AUTO]   ✓ Causas totales (maestro): 134069 registros
[ACTUALIZAR PAGOS · AUTO] ⏱ PASO 2.5 (causas simplificado): 0.2s
[ACTUALIZAR PAGOS · AUTO] ================================================================================
[ACTUALIZAR PAGOS · AUTO] PASO 2.5: ARMANDO causas.txt SIMPLIFICADO (cruce contra total_causas_sigemi.txt)
[ACTUALIZAR PAGOS · AUTO] ================================================================================
[ACTUALIZAR PAGOS · AUTO]   • Actas vencidas viejas (multas): 104229
[ACTUALIZAR PAGOS · AUTO]   • Causas totales en el maestro SIGEMI: 134069
[ACTUALIZAR PAGOS · AUTO]   • Causas que coinciden (simplificado): 104229
[ACTUALIZAR PAGOS · AUTO]   ✅ Archivo escrito: backend/descargas/causas/causas.txt
[ACTUALIZAR PAGOS · AUTO] ⏱ PASO 2.5 (causas simplificado): 3.0s
[ACTUALIZAR PAGOS · AUTO] ================================================================================
[ACTUALIZAR PAGOS · AUTO] PASO 3: LLENANDO CAUSA_NUMERO (según fecha de cambio de sistema, cruzando por acta + año)
[ACTUALIZAR PAGOS · AUTO] ================================================================================
[ACTUALIZAR PAGOS · AUTO] 📊 ESTADÍSTICAS DE LLENADO DE CAUSAS:
[ACTUALIZAR PAGOS · AUTO]   • Pagos con causa ORIGINAL: 2
[ACTUALIZAR PAGOS · AUTO]   • Causas encontradas en SIGEMI (actas viejas): 0
[ACTUALIZAR PAGOS · AUTO]   • Causas NO encontradas en SIGEMI: 0
[ACTUALIZAR PAGOS · AUTO]   • Causas asignadas automáticamente (actas nuevas): 0
[ACTUALIZAR PAGOS · AUTO] ⏱ PASO 3 (llenar causas): 0.0s
[ACTUALIZAR PAGOS · AUTO] ================================================================================
[ACTUALIZAR PAGOS · AUTO] PASO 4: ORDENANDO POR FECHA Y ACTA_NUMERO
[ACTUALIZAR PAGOS · AUTO] ================================================================================
[ACTUALIZAR PAGOS · AUTO] ✓ Pagos ordenados correctamente
[ACTUALIZAR PAGOS · AUTO]   • Primera entrada: Acta=251116, Fecha=29/12/2025
[ACTUALIZAR PAGOS · AUTO]   • Última entrada: Acta=256123, Fecha=14/01/2026
[ACTUALIZAR PAGOS · AUTO] 📝 Escribiendo archivo de salida...
[ACTUALIZAR PAGOS · AUTO]   ✅ Archivo escrito: backend/descargas/pagos/2026-07-20/PAGOS 20260720 111043.txt
[ACTUALIZAR PAGOS · AUTO]   ✅ Total registros: 331
[ACTUALIZAR PAGOS · AUTO] ⏱ PASO 4 (ordenar y escribir): 0.0s
[ACTUALIZAR PAGOS · AUTO] ================================================================================
[ACTUALIZAR PAGOS · AUTO] ✅ PROCESO COMPLETADO EXITOSAMENTE
[ACTUALIZAR PAGOS · AUTO] ================================================================================
[ACTUALIZAR PAGOS · AUTO] 📊 RESUMEN FINAL DEL PROCESAMIENTO:
[ACTUALIZAR PAGOS · AUTO]   ENTRADA:
[ACTUALIZAR PAGOS · AUTO]     • Pagos originales: 15198
[ACTUALIZAR PAGOS · AUTO]     • Multas SIGEMI cargadas: 104229
[ACTUALIZAR PAGOS · AUTO]     • Multas Juzgado cargadas: 39565
[ACTUALIZAR PAGOS · AUTO]     • Causas simplificadas (usadas para el cruce): 104229
[ACTUALIZAR PAGOS · AUTO]   PROCESO:
[ACTUALIZAR PAGOS · AUTO]     • Pagos rechazados sigemi: 13301
[ACTUALIZAR PAGOS · AUTO]     • Pagos rechazados juzgado: 1895
[ACTUALIZAR PAGOS · AUTO]   SALIDA:
[ACTUALIZAR PAGOS · AUTO]     • Pagos desactualizados procesados: 2
[ACTUALIZAR PAGOS · AUTO]     • Archivo final: backend/descargas/pagos/2026-07-20/PAGOS 20260720 111043.txt
[ACTUALIZAR PAGOS · AUTO]     • Ordenados por fecha: SÍ ✓
[ACTUALIZAR PAGOS · AUTO]     • Todos con ACTA_NUMERO: SÍ ✓
[ACTUALIZAR PAGOS · AUTO]     • Todos con CAUSA_NUMERO: SÍ ✓
[ACTUALIZAR PAGOS · AUTO] ✅ TXT de pagos (ya cruzado con actas y causas) generado en: backend/descargas/pagos/2026-07-20/PAGOS 20260720 111043.txt
[ACTUALIZAR PAGOS · AUTO] 🧹 TXT de pagos crudo eliminado (ya usado en el cruce): backend/descargas/pagos/2026-07-20/PAGOS DESCARGADOS.txt
[ACTUALIZAR PAGOS · AUTO] 🧹 Excel MULTAS_SIGEMI_CRUCE eliminado (ya usado en el cruce): backend/descargas/cache_actas_cruce/MULTAS_SIGEMI_CRUCE.xlsx
[ACTUALIZAR PAGOS · AUTO] 🧹 Excel MULTAS_JUZGADO_CRUCE eliminado (ya usado en el cruce): backend/descargas/cache_actas_cruce/MULTAS_JUZGADO_CRUCE.xlsx
[ACTUALIZAR PAGOS · AUTO] ✅ CompararActasPaso finalizado. (⏱ 51.4s)
[ACTUALIZAR PAGOS · AUTO] ✓ [CompararActasPaso] Completado.
[ACTUALIZAR PAGOS · AUTO] ▶ [CargarPagosPaso] Iniciando...
[ACTUALIZAR PAGOS · AUTO] ==================================================
[ACTUALIZAR PAGOS · AUTO] 🚀 PASO: CargarPagosPaso
[ACTUALIZAR PAGOS · AUTO] ==================================================
[ACTUALIZAR PAGOS · AUTO] 📤 Subiendo TXT de pagos al SEMyT...
[ACTUALIZAR PAGOS · AUTO] ✅ Importación de pagos completada con éxito.
[ACTUALIZAR PAGOS · AUTO] ✅ Archivo TXT de pagos cargado en el SEMyT correctamente.
[ACTUALIZAR PAGOS · AUTO] ✅ CargarPagosPaso finalizado. (⏱ 2.9s)
[ACTUALIZAR PAGOS · AUTO] ✓ [CargarPagosPaso] Completado.
[ACTUALIZAR PAGOS · AUTO] === Ejecución finalizada con éxito ===
🤖 [Automático] Es hora de actualizar pagos. Arrancando...
[ACTUALIZAR PAGOS · AUTO] ❌ Ya hay otra ejecución de este proyecto usando los archivos compartidos (puede ser el servicio en segundo plano, o el panel abierto en otra terminal). Se cancela esta corrida para no pisarla.
ℹ El log detallado de esta corrida no se conservó en disco (no se llegó a subir ningún archivo).
❌ [Automático] 'pagos' falló (intento 1 de 4). Se reintenta a las 11:26.
🤖 [Automático] Es hora de actualizar pagos (reintento 1 de 3). Arrancando...
[ACTUALIZAR PAGOS · AUTO] ❌ Ya hay otra ejecución de este proyecto usando los archivos compartidos (puede ser el servicio en segundo plano, o el panel abierto en otra terminal). Se cancela esta corrida para no pisarla.
ℹ El log detallado de esta corrida no se conservó en disco (no se llegó a subir ningún archivo).
❌ [Automático] 'pagos' falló (intento 2 de 4). Se reintenta a las 11:41.
🤖 [Automático] Es hora de actualizar pagos (reintento 2 de 3). Arrancando...
[ACTUALIZAR PAGOS · AUTO] === Inicio de ejecución: pagos ===
[ACTUALIZAR PAGOS · AUTO] ▶ [LoginSemytPaso] Iniciando...
[ACTUALIZAR PAGOS · AUTO] ==================================================
[ACTUALIZAR PAGOS · AUTO] 🚀 PASO: LoginSemytPaso
[ACTUALIZAR PAGOS · AUTO] ==================================================
[ACTUALIZAR PAGOS · AUTO] Abriendo SEMyT...
[ACTUALIZAR PAGOS · AUTO] ✅ [SEMyT] Sesión existente detectada. Login omitido.
[ACTUALIZAR PAGOS · AUTO] ✅ LoginSemytPaso finalizado. (⏱ 4.3s)
[ACTUALIZAR PAGOS · AUTO] ✓ [LoginSemytPaso] Completado.
[ACTUALIZAR PAGOS · AUTO] ▶ [LoginJuzgadoPaso] Iniciando...
[ACTUALIZAR PAGOS · AUTO] ==================================================
[ACTUALIZAR PAGOS · AUTO] 🚀 PASO: LoginJuzgadoPaso
[ACTUALIZAR PAGOS · AUTO] ==================================================
[ACTUALIZAR PAGOS · AUTO] Abriendo sitio municipalidad (CiDi)...
[ACTUALIZAR PAGOS · AUTO] ✅ [Juzgado] Sesión existente detectada. Login omitido.
[ACTUALIZAR PAGOS · AUTO] ✅ LoginJuzgadoPaso finalizado. (⏱ 1.6s)
[ACTUALIZAR PAGOS · AUTO] ✓ [LoginJuzgadoPaso] Completado.
[ACTUALIZAR PAGOS · AUTO] ▶ [DescargasParalelasPaso] Iniciando...
[ACTUALIZAR PAGOS · AUTO] ==================================================
[ACTUALIZAR PAGOS · AUTO] 🚀 PASO: DescargasParalelasPaso
[ACTUALIZAR PAGOS · AUTO] ==================================================
[ACTUALIZAR PAGOS · AUTO] 📤 Arrancando las 3 descargas en paralelo (mismo browser, páginas separadas)...
[ACTUALIZAR PAGOS · AUTO] Fecha Desde: 27/06/2024
[ACTUALIZAR PAGOS · AUTO] Fecha Hasta: 24/11/2025
[ACTUALIZAR PAGOS · AUTO] Fecha Desde: 25/11/2025
[ACTUALIZAR PAGOS · AUTO] Fecha Hasta: 20/07/2026
[ACTUALIZAR PAGOS · AUTO] Descargando Excel...
[ACTUALIZAR PAGOS · AUTO] Descargando Excel...
⏳ [Automático] Tocaba disparar 'pagos' pero ya hay una ejecución en curso (Actualizar pagos); esperando a que termine; se reintenta en breve sin perder el turno.
[ACTUALIZAR PAGOS · AUTO] Archivo descargado en: backend/descargas/cache_actas_cruce/MULTAS_JUZGADO_CRUCE.xlsx
[ACTUALIZAR PAGOS · AUTO] ⏱ [actas_juzgado] completado en 20.5s
[ACTUALIZAR PAGOS · AUTO] Archivo descargado en: backend/descargas/cache_actas_cruce/MULTAS_SIGEMI_CRUCE.xlsx
[ACTUALIZAR PAGOS · AUTO] ⏱ [actas_sigemi] completado en 43.9s
[ACTUALIZAR PAGOS · AUTO] ✅ TXT de pagos descargado en: backend/descargas/pagos/2026-07-20/PAGOS DESCARGADOS.txt
[ACTUALIZAR PAGOS · AUTO] ⏱ [pagos_txt] completado en 44.1s
[ACTUALIZAR PAGOS · AUTO] ⏱ TOTAL descargas en paralelo: 44.1s
[ACTUALIZAR PAGOS · AUTO] ✅ DescargasParalelasPaso finalizado. (⏱ 46.1s)
[ACTUALIZAR PAGOS · AUTO] ✓ [DescargasParalelasPaso] Completado.
[ACTUALIZAR PAGOS · AUTO] ▶ [CompararActasPaso] Iniciando...
[ACTUALIZAR PAGOS · AUTO] ==================================================
[ACTUALIZAR PAGOS · AUTO] 🚀 PASO: CompararActasPaso
[ACTUALIZAR PAGOS · AUTO] ==================================================
[ACTUALIZAR PAGOS · AUTO] 🔍 Comparando actas del SEMyT contra pagos del Juzgado...
[ACTUALIZAR PAGOS · AUTO] ================================================================================
[ACTUALIZAR PAGOS · AUTO] INICIANDO PROCESO DE GENERACIÓN DE PAGOS DESACTUALIZADOS
[ACTUALIZAR PAGOS · AUTO] ================================================================================
[ACTUALIZAR PAGOS · AUTO] 📂 Cargando archivos...
[ACTUALIZAR PAGOS · AUTO]   ✓ Pagos: 15256 registros
[ACTUALIZAR PAGOS · AUTO]   ✓ Excel SIGEMI (multas vencidas viejas): 104229 registros
[ACTUALIZAR PAGOS · AUTO]   ✓ Excel Juzgado (multas vencidas nuevas): 39552 registros
[ACTUALIZAR PAGOS · AUTO] ================================================================================
[ACTUALIZAR PAGOS · AUTO] PASO 1: LLENANDO ACTA_NUMERO (búsqueda por patente + fecha, con desempate por hora)
[ACTUALIZAR PAGOS · AUTO] ================================================================================
[ACTUALIZAR PAGOS · AUTO] 📊 ESTADÍSTICAS DE LLENADO DE ACTAS:
[ACTUALIZAR PAGOS · AUTO]   • Pagos con acta ORIGINAL: 1931
[ACTUALIZAR PAGOS · AUTO]   • Pagos SIN acta (buscados): 13325
[ACTUALIZAR PAGOS · AUTO]   • Pagos LLENADOS exitosamente: 24
[ACTUALIZAR PAGOS · AUTO]   • Pagos NO encontrados en multas: 13301
[ACTUALIZAR PAGOS · AUTO]   • Pagos SIN RESOLVER por desbalance de cantidades: 0
[ACTUALIZAR PAGOS · AUTO] ================================================================================
[ACTUALIZAR PAGOS · AUTO] PASO 1: LLENANDO ACTA_NUMERO (búsqueda por patente + fecha, con desempate por hora)
[ACTUALIZAR PAGOS · AUTO] ================================================================================
[ACTUALIZAR PAGOS · AUTO] 📊 ESTADÍSTICAS DE LLENADO DE ACTAS:
[ACTUALIZAR PAGOS · AUTO]   • Pagos con acta ORIGINAL: 1955
[ACTUALIZAR PAGOS · AUTO]   • Pagos SIN acta (buscados): 13301
[ACTUALIZAR PAGOS · AUTO]   • Pagos LLENADOS exitosamente: 0
[ACTUALIZAR PAGOS · AUTO]   • Pagos NO encontrados en multas: 13301
[ACTUALIZAR PAGOS · AUTO]   • Pagos SIN RESOLVER por desbalance de cantidades: 0
[ACTUALIZAR PAGOS · AUTO] ⏱ PASO 1 (llenar actas): 14.5s
[ACTUALIZAR PAGOS · AUTO] ================================================================================
[ACTUALIZAR PAGOS · AUTO] PASO 2: FILTRANDO PAGOS CON ACTA_NUMERO COMPLETO
[ACTUALIZAR PAGOS · AUTO] ================================================================================
[ACTUALIZAR PAGOS · AUTO] 📊 ESTADÍSTICAS DE FILTRADO:
[ACTUALIZAR PAGOS · AUTO]   • Pagos TOTALES al inicio: 15256
[ACTUALIZAR PAGOS · AUTO]   • Pagos CON acta (MANTIENEN): 1955
[ACTUALIZAR PAGOS · AUTO]   • Pagos RECHAZADOS (sin coincidencias): 13301
[ACTUALIZAR PAGOS · AUTO] ⚠️  Se eliminaron 13301 registros sin número de acta
[ACTUALIZAR PAGOS · AUTO]      (recordá: esto incluye tanto pagos ya actualizados/pagados
[ACTUALIZAR PAGOS · AUTO]       como pagos que quedaron sin resolver por desbalance en el Paso 1)
[ACTUALIZAR PAGOS · AUTO] ================================================================================
[ACTUALIZAR PAGOS · AUTO] PASO 2-bis: CONFIRMANDO VIGENCIA DE PAGOS DEL SISTEMA NUEVO (contra MULTAS_JUZGADO_CRUCE)
[ACTUALIZAR PAGOS · AUTO] ================================================================================
[ACTUALIZAR PAGOS · AUTO]   ⚠ 1909 pago(s) del sistema nuevo descartados: su acta ya no figura como vencida en MULTAS_JUZGADO_CRUCE (SEMyT ya los actualizó).
[ACTUALIZAR PAGOS · AUTO]   • Pagos del sistema nuevo descartados por ya estar actualizados: 1909
[ACTUALIZAR PAGOS · AUTO] ⏱ PASO 2 (filtrar): 0.7s
[ACTUALIZAR PAGOS · AUTO] 📂 Cargando maestro de causas SIGEMI...
[ACTUALIZAR PAGOS · AUTO]   ✓ Causas totales (maestro): 134069 registros
[ACTUALIZAR PAGOS · AUTO] ⏱ PASO 2.5 (causas simplificado): 0.2s
[ACTUALIZAR PAGOS · AUTO] ================================================================================
[ACTUALIZAR PAGOS · AUTO] PASO 2.5: ARMANDO causas.txt SIMPLIFICADO (cruce contra total_causas_sigemi.txt)
[ACTUALIZAR PAGOS · AUTO] ================================================================================
[ACTUALIZAR PAGOS · AUTO]   • Actas vencidas viejas (multas): 104229
[ACTUALIZAR PAGOS · AUTO]   • Causas totales en el maestro SIGEMI: 134069
[ACTUALIZAR PAGOS · AUTO]   • Causas que coinciden (simplificado): 104229
[ACTUALIZAR PAGOS · AUTO]   ✅ Archivo escrito: backend/descargas/causas/causas.txt
[ACTUALIZAR PAGOS · AUTO] ⏱ PASO 2.5 (causas simplificado): 2.1s
[ACTUALIZAR PAGOS · AUTO] ================================================================================
[ACTUALIZAR PAGOS · AUTO] PASO 3: LLENANDO CAUSA_NUMERO (según fecha de cambio de sistema, cruzando por acta + año)
[ACTUALIZAR PAGOS · AUTO] ================================================================================
[ACTUALIZAR PAGOS · AUTO] 📊 ESTADÍSTICAS DE LLENADO DE CAUSAS:
[ACTUALIZAR PAGOS · AUTO]   • Pagos con causa ORIGINAL: 22
[ACTUALIZAR PAGOS · AUTO]   • Causas encontradas en SIGEMI (actas viejas): 24
[ACTUALIZAR PAGOS · AUTO]   • Causas NO encontradas en SIGEMI: 0
[ACTUALIZAR PAGOS · AUTO]   • Causas asignadas automáticamente (actas nuevas): 0
[ACTUALIZAR PAGOS · AUTO] ⏱ PASO 3 (llenar causas): 0.0s
[ACTUALIZAR PAGOS · AUTO] ================================================================================
[ACTUALIZAR PAGOS · AUTO] PASO 4: ORDENANDO POR FECHA Y ACTA_NUMERO
[ACTUALIZAR PAGOS · AUTO] ================================================================================
[ACTUALIZAR PAGOS · AUTO] ✓ Pagos ordenados correctamente
[ACTUALIZAR PAGOS · AUTO]   • Primera entrada: Acta=3966, Fecha=03/07/2024
[ACTUALIZAR PAGOS · AUTO]   • Última entrada: Acta=297472, Fecha=17/04/2026
[ACTUALIZAR PAGOS · AUTO] 📝 Escribiendo archivo de salida...
[ACTUALIZAR PAGOS · AUTO]   ✅ Archivo escrito: backend/descargas/pagos/2026-07-20/PAGOS 20260720 114252.txt
[ACTUALIZAR PAGOS · AUTO]   ✅ Total registros: 5033
[ACTUALIZAR PAGOS · AUTO] ⏱ PASO 4 (ordenar y escribir): 0.0s
[ACTUALIZAR PAGOS · AUTO] ================================================================================
[ACTUALIZAR PAGOS · AUTO] ✅ PROCESO COMPLETADO EXITOSAMENTE
[ACTUALIZAR PAGOS · AUTO] ================================================================================
[ACTUALIZAR PAGOS · AUTO] 📊 RESUMEN FINAL DEL PROCESAMIENTO:
[ACTUALIZAR PAGOS · AUTO]   ENTRADA:
[ACTUALIZAR PAGOS · AUTO]     • Pagos originales: 15256
[ACTUALIZAR PAGOS · AUTO]     • Multas SIGEMI cargadas: 104229
[ACTUALIZAR PAGOS · AUTO]     • Multas Juzgado cargadas: 39552
[ACTUALIZAR PAGOS · AUTO]     • Causas simplificadas (usadas para el cruce): 104229
[ACTUALIZAR PAGOS · AUTO]   PROCESO:
[ACTUALIZAR PAGOS · AUTO]     • Pagos rechazados sigemi: 13301
[ACTUALIZAR PAGOS · AUTO]     • Pagos rechazados juzgado: 1909
[ACTUALIZAR PAGOS · AUTO]   SALIDA:
[ACTUALIZAR PAGOS · AUTO]     • Pagos desactualizados procesados: 46
[ACTUALIZAR PAGOS · AUTO]     • Archivo final: backend/descargas/pagos/2026-07-20/PAGOS 20260720 114252.txt
[ACTUALIZAR PAGOS · AUTO]     • Ordenados por fecha: SÍ ✓
[ACTUALIZAR PAGOS · AUTO]     • Todos con ACTA_NUMERO: SÍ ✓
[ACTUALIZAR PAGOS · AUTO]     • Todos con CAUSA_NUMERO: SÍ ✓
[ACTUALIZAR PAGOS · AUTO] ✅ TXT de pagos (ya cruzado con actas y causas) generado en: backend/descargas/pagos/2026-07-20/PAGOS 20260720 114252.txt
[ACTUALIZAR PAGOS · AUTO] 🧹 TXT de pagos crudo eliminado (ya usado en el cruce): backend/descargas/pagos/2026-07-20/PAGOS DESCARGADOS.txt
[ACTUALIZAR PAGOS · AUTO] 🧹 Excel MULTAS_SIGEMI_CRUCE eliminado (ya usado en el cruce): backend/descargas/cache_actas_cruce/MULTAS_SIGEMI_CRUCE.xlsx
[ACTUALIZAR PAGOS · AUTO] 🧹 Excel MULTAS_JUZGADO_CRUCE eliminado (ya usado en el cruce): backend/descargas/cache_actas_cruce/MULTAS_JUZGADO_CRUCE.xlsx
[ACTUALIZAR PAGOS · AUTO] ✅ CompararActasPaso finalizado. (⏱ 44.8s)
[ACTUALIZAR PAGOS · AUTO] ✓ [CompararActasPaso] Completado.
[ACTUALIZAR PAGOS · AUTO] ▶ [CargarPagosPaso] Iniciando...
[ACTUALIZAR PAGOS · AUTO] ==================================================
[ACTUALIZAR PAGOS · AUTO] 🚀 PASO: CargarPagosPaso
[ACTUALIZAR PAGOS · AUTO] ==================================================
[ACTUALIZAR PAGOS · AUTO] 📤 Subiendo TXT de pagos al SEMyT...
[ACTUALIZAR PAGOS · AUTO] ✅ Importación de pagos completada con éxito.
[ACTUALIZAR PAGOS · AUTO] ✅ Archivo TXT de pagos cargado en el SEMyT correctamente.
[ACTUALIZAR PAGOS · AUTO] ✅ CargarPagosPaso finalizado. (⏱ 3.0s)
[ACTUALIZAR PAGOS · AUTO] ✓ [CargarPagosPaso] Completado.
[ACTUALIZAR PAGOS · AUTO] === Ejecución finalizada con éxito ===
✅ [Automático] 'pagos' terminó bien en el reintento 2.
🤖 [Automático] Es hora de actualizar pagos. Arrancando...
[ACTUALIZAR PAGOS · AUTO] === Inicio de ejecución: pagos ===
[ACTUALIZAR PAGOS · AUTO] ▶ [LoginSemytPaso] Iniciando...
[ACTUALIZAR PAGOS · AUTO] ==================================================
[ACTUALIZAR PAGOS · AUTO] 🚀 PASO: LoginSemytPaso
[ACTUALIZAR PAGOS · AUTO] ==================================================
[ACTUALIZAR PAGOS · AUTO] Abriendo SEMyT...
[ACTUALIZAR PAGOS · AUTO] ✅ [SEMyT] Sesión existente detectada. Login omitido.
[ACTUALIZAR PAGOS · AUTO] ✅ LoginSemytPaso finalizado. (⏱ 4.7s)
[ACTUALIZAR PAGOS · AUTO] ✓ [LoginSemytPaso] Completado.
[ACTUALIZAR PAGOS · AUTO] ▶ [LoginJuzgadoPaso] Iniciando...
[ACTUALIZAR PAGOS · AUTO] ==================================================
[ACTUALIZAR PAGOS · AUTO] 🚀 PASO: LoginJuzgadoPaso
[ACTUALIZAR PAGOS · AUTO] ==================================================
[ACTUALIZAR PAGOS · AUTO] Abriendo sitio municipalidad (CiDi)...
[ACTUALIZAR PAGOS · AUTO] ✅ [Juzgado] Sesión existente detectada. Login omitido.
[ACTUALIZAR PAGOS · AUTO] ✅ LoginJuzgadoPaso finalizado. (⏱ 1.5s)
[ACTUALIZAR PAGOS · AUTO] ✓ [LoginJuzgadoPaso] Completado.
[ACTUALIZAR PAGOS · AUTO] ▶ [DescargasParalelasPaso] Iniciando...
[ACTUALIZAR PAGOS · AUTO] ==================================================
[ACTUALIZAR PAGOS · AUTO] 🚀 PASO: DescargasParalelasPaso
[ACTUALIZAR PAGOS · AUTO] ==================================================
[ACTUALIZAR PAGOS · AUTO] 📤 Arrancando las 3 descargas en paralelo (mismo browser, páginas separadas)...
[ACTUALIZAR PAGOS · AUTO] Fecha Desde: 27/06/2024
[ACTUALIZAR PAGOS · AUTO] Fecha Hasta: 24/11/2025
[ACTUALIZAR PAGOS · AUTO] Fecha Desde: 25/11/2025
[ACTUALIZAR PAGOS · AUTO] Fecha Hasta: 20/07/2026
[ACTUALIZAR PAGOS · AUTO] Descargando Excel...
[ACTUALIZAR PAGOS · AUTO] Descargando Excel...
⏳ [Automático] Tocaba disparar 'pagos' pero ya hay una ejecución en curso (Actualizar pagos); esperando a que termine; se reintenta en breve sin perder el turno.
[ACTUALIZAR PAGOS · AUTO] Archivo descargado en: backend/descargas/cache_actas_cruce/MULTAS_JUZGADO_CRUCE.xlsx
[ACTUALIZAR PAGOS · AUTO] ⏱ [actas_juzgado] completado en 19.7s
[ACTUALIZAR PAGOS · AUTO] Archivo descargado en: backend/descargas/cache_actas_cruce/MULTAS_SIGEMI_CRUCE.xlsx
[ACTUALIZAR PAGOS · AUTO] ⏱ [actas_sigemi] completado en 42.2s
[ACTUALIZAR PAGOS · AUTO] ✅ TXT de pagos descargado en: backend/descargas/pagos/2026-07-20/PAGOS DESCARGADOS.txt
[ACTUALIZAR PAGOS · AUTO] ⏱ [pagos_txt] completado en 42.3s
[ACTUALIZAR PAGOS · AUTO] ⏱ TOTAL descargas en paralelo: 42.3s
[ACTUALIZAR PAGOS · AUTO] ✅ DescargasParalelasPaso finalizado. (⏱ 43.7s)
[ACTUALIZAR PAGOS · AUTO] ✓ [DescargasParalelasPaso] Completado.
[ACTUALIZAR PAGOS · AUTO] ▶ [CompararActasPaso] Iniciando...
[ACTUALIZAR PAGOS · AUTO] ==================================================
[ACTUALIZAR PAGOS · AUTO] 🚀 PASO: CompararActasPaso
[ACTUALIZAR PAGOS · AUTO] ==================================================
[ACTUALIZAR PAGOS · AUTO] 🔍 Comparando actas del SEMyT contra pagos del Juzgado...
[ACTUALIZAR PAGOS · AUTO] ================================================================================
[ACTUALIZAR PAGOS · AUTO] INICIANDO PROCESO DE GENERACIÓN DE PAGOS DESACTUALIZADOS
[ACTUALIZAR PAGOS · AUTO] ================================================================================
[ACTUALIZAR PAGOS · AUTO] 📂 Cargando archivos...
[ACTUALIZAR PAGOS · AUTO]   ✓ Pagos: 15264 registros
[ACTUALIZAR PAGOS · AUTO]   ✓ Excel SIGEMI (multas vencidas viejas): 104205 registros
[ACTUALIZAR PAGOS · AUTO]   ✓ Excel Juzgado (multas vencidas nuevas): 39530 registros
[ACTUALIZAR PAGOS · AUTO] ================================================================================
[ACTUALIZAR PAGOS · AUTO] PASO 1: LLENANDO ACTA_NUMERO (búsqueda por patente + fecha, con desempate por hora)
[ACTUALIZAR PAGOS · AUTO] ================================================================================
[ACTUALIZAR PAGOS · AUTO] 📊 ESTADÍSTICAS DE LLENADO DE ACTAS:
[ACTUALIZAR PAGOS · AUTO]   • Pagos con acta ORIGINAL: 1934
[ACTUALIZAR PAGOS · AUTO]   • Pagos SIN acta (buscados): 13330
[ACTUALIZAR PAGOS · AUTO]   • Pagos LLENADOS exitosamente: 5
[ACTUALIZAR PAGOS · AUTO]   • Pagos NO encontrados en multas: 13325
[ACTUALIZAR PAGOS · AUTO]   • Pagos SIN RESOLVER por desbalance de cantidades: 0
[ACTUALIZAR PAGOS · AUTO] ================================================================================
[ACTUALIZAR PAGOS · AUTO] PASO 1: LLENANDO ACTA_NUMERO (búsqueda por patente + fecha, con desempate por hora)
[ACTUALIZAR PAGOS · AUTO] ================================================================================
[ACTUALIZAR PAGOS · AUTO] 📊 ESTADÍSTICAS DE LLENADO DE ACTAS:
[ACTUALIZAR PAGOS · AUTO]   • Pagos con acta ORIGINAL: 1939
[ACTUALIZAR PAGOS · AUTO]   • Pagos SIN acta (buscados): 13325
[ACTUALIZAR PAGOS · AUTO]   • Pagos LLENADOS exitosamente: 0
[ACTUALIZAR PAGOS · AUTO]   • Pagos NO encontrados en multas: 13325
[ACTUALIZAR PAGOS · AUTO]   • Pagos SIN RESOLVER por desbalance de cantidades: 0
[ACTUALIZAR PAGOS · AUTO] ⏱ PASO 1 (llenar actas): 16.0s
[ACTUALIZAR PAGOS · AUTO] ================================================================================
[ACTUALIZAR PAGOS · AUTO] PASO 2: FILTRANDO PAGOS CON ACTA_NUMERO COMPLETO
[ACTUALIZAR PAGOS · AUTO] ================================================================================
[ACTUALIZAR PAGOS · AUTO] 📊 ESTADÍSTICAS DE FILTRADO:
[ACTUALIZAR PAGOS · AUTO]   • Pagos TOTALES al inicio: 15264
[ACTUALIZAR PAGOS · AUTO]   • Pagos CON acta (MANTIENEN): 1939
[ACTUALIZAR PAGOS · AUTO]   • Pagos RECHAZADOS (sin coincidencias): 13325
[ACTUALIZAR PAGOS · AUTO] ⚠️  Se eliminaron 13325 registros sin número de acta
[ACTUALIZAR PAGOS · AUTO]      (recordá: esto incluye tanto pagos ya actualizados/pagados
[ACTUALIZAR PAGOS · AUTO]       como pagos que quedaron sin resolver por desbalance en el Paso 1)
[ACTUALIZAR PAGOS · AUTO] ================================================================================
[ACTUALIZAR PAGOS · AUTO] PASO 2-bis: CONFIRMANDO VIGENCIA DE PAGOS DEL SISTEMA NUEVO (contra MULTAS_JUZGADO_CRUCE)
[ACTUALIZAR PAGOS · AUTO] ================================================================================
[ACTUALIZAR PAGOS · AUTO]   ⚠ 1931 pago(s) del sistema nuevo descartados: su acta ya no figura como vencida en MULTAS_JUZGADO_CRUCE (SEMyT ya los actualizó).
[ACTUALIZAR PAGOS · AUTO]   • Pagos del sistema nuevo descartados por ya estar actualizados: 1931
[ACTUALIZAR PAGOS · AUTO] ⏱ PASO 2 (filtrar): 0.9s
[ACTUALIZAR PAGOS · AUTO] 📂 Cargando maestro de causas SIGEMI...
[ACTUALIZAR PAGOS · AUTO]   ✓ Causas totales (maestro): 134069 registros
[ACTUALIZAR PAGOS · AUTO] ⏱ PASO 2.5 (causas simplificado): 0.2s
[ACTUALIZAR PAGOS · AUTO] ================================================================================
[ACTUALIZAR PAGOS · AUTO] PASO 2.5: ARMANDO causas.txt SIMPLIFICADO (cruce contra total_causas_sigemi.txt)
[ACTUALIZAR PAGOS · AUTO] ================================================================================
[ACTUALIZAR PAGOS · AUTO]   • Actas vencidas viejas (multas): 104205
[ACTUALIZAR PAGOS · AUTO]   • Causas totales en el maestro SIGEMI: 134069
[ACTUALIZAR PAGOS · AUTO]   • Causas que coinciden (simplificado): 104205
[ACTUALIZAR PAGOS · AUTO]   ✅ Archivo escrito: backend/descargas/causas/causas.txt
[ACTUALIZAR PAGOS · AUTO] ⏱ PASO 2.5 (causas simplificado): 3.0s
[ACTUALIZAR PAGOS · AUTO] ================================================================================
[ACTUALIZAR PAGOS · AUTO] PASO 3: LLENANDO CAUSA_NUMERO (según fecha de cambio de sistema, cruzando por acta + año)
[ACTUALIZAR PAGOS · AUTO] ================================================================================
[ACTUALIZAR PAGOS · AUTO] 📊 ESTADÍSTICAS DE LLENADO DE CAUSAS:
[ACTUALIZAR PAGOS · AUTO]   • Pagos con causa ORIGINAL: 3
[ACTUALIZAR PAGOS · AUTO]   • Causas encontradas en SIGEMI (actas viejas): 5
[ACTUALIZAR PAGOS · AUTO]   • Causas NO encontradas en SIGEMI: 0
[ACTUALIZAR PAGOS · AUTO]   • Causas asignadas automáticamente (actas nuevas): 0
[ACTUALIZAR PAGOS · AUTO] ⏱ PASO 3 (llenar causas): 0.0s
[ACTUALIZAR PAGOS · AUTO] ================================================================================
[ACTUALIZAR PAGOS · AUTO] PASO 4: ORDENANDO POR FECHA Y ACTA_NUMERO
[ACTUALIZAR PAGOS · AUTO] ================================================================================
[ACTUALIZAR PAGOS · AUTO] ✓ Pagos ordenados correctamente
[ACTUALIZAR PAGOS · AUTO]   • Primera entrada: Acta=50576, Fecha=21/09/2024
[ACTUALIZAR PAGOS · AUTO]   • Última entrada: Acta=249719, Fecha=23/12/2025
[ACTUALIZAR PAGOS · AUTO] 📝 Escribiendo archivo de salida...
[ACTUALIZAR PAGOS · AUTO]   ✅ Archivo escrito: backend/descargas/pagos/2026-07-20/PAGOS 20260720 115438.txt
[ACTUALIZAR PAGOS · AUTO]   ✅ Total registros: 1013
[ACTUALIZAR PAGOS · AUTO] ⏱ PASO 4 (ordenar y escribir): 0.0s
[ACTUALIZAR PAGOS · AUTO] ================================================================================
[ACTUALIZAR PAGOS · AUTO] ✅ PROCESO COMPLETADO EXITOSAMENTE
[ACTUALIZAR PAGOS · AUTO] ================================================================================
[ACTUALIZAR PAGOS · AUTO] 📊 RESUMEN FINAL DEL PROCESAMIENTO:
[ACTUALIZAR PAGOS · AUTO]   ENTRADA:
[ACTUALIZAR PAGOS · AUTO]     • Pagos originales: 15264
[ACTUALIZAR PAGOS · AUTO]     • Multas SIGEMI cargadas: 104205
[ACTUALIZAR PAGOS · AUTO]     • Multas Juzgado cargadas: 39530
[ACTUALIZAR PAGOS · AUTO]     • Causas simplificadas (usadas para el cruce): 104205
[ACTUALIZAR PAGOS · AUTO]   PROCESO:
[ACTUALIZAR PAGOS · AUTO]     • Pagos rechazados sigemi: 13325
[ACTUALIZAR PAGOS · AUTO]     • Pagos rechazados juzgado: 1931
[ACTUALIZAR PAGOS · AUTO]   SALIDA:
[ACTUALIZAR PAGOS · AUTO]     • Pagos desactualizados procesados: 8
[ACTUALIZAR PAGOS · AUTO]     • Archivo final: backend/descargas/pagos/2026-07-20/PAGOS 20260720 115438.txt
[ACTUALIZAR PAGOS · AUTO]     • Ordenados por fecha: SÍ ✓
[ACTUALIZAR PAGOS · AUTO]     • Todos con ACTA_NUMERO: SÍ ✓
[ACTUALIZAR PAGOS · AUTO]     • Todos con CAUSA_NUMERO: SÍ ✓
[ACTUALIZAR PAGOS · AUTO] ✅ TXT de pagos (ya cruzado con actas y causas) generado en: backend/descargas/pagos/2026-07-20/PAGOS 20260720 115438.txt
[ACTUALIZAR PAGOS · AUTO] 🧹 TXT de pagos crudo eliminado (ya usado en el cruce): backend/descargas/pagos/2026-07-20/PAGOS DESCARGADOS.txt
[ACTUALIZAR PAGOS · AUTO] 🧹 Excel MULTAS_SIGEMI_CRUCE eliminado (ya usado en el cruce): backend/descargas/cache_actas_cruce/MULTAS_SIGEMI_CRUCE.xlsx
[ACTUALIZAR PAGOS · AUTO] 🧹 Excel MULTAS_JUZGADO_CRUCE eliminado (ya usado en el cruce): backend/descargas/cache_actas_cruce/MULTAS_JUZGADO_CRUCE.xlsx
[ACTUALIZAR PAGOS · AUTO] ✅ CompararActasPaso finalizado. (⏱ 46.5s)
[ACTUALIZAR PAGOS · AUTO] ✓ [CompararActasPaso] Completado.
[ACTUALIZAR PAGOS · AUTO] ▶ [CargarPagosPaso] Iniciando...
[ACTUALIZAR PAGOS · AUTO] ==================================================
[ACTUALIZAR PAGOS · AUTO] 🚀 PASO: CargarPagosPaso
[ACTUALIZAR PAGOS · AUTO] ==================================================
[ACTUALIZAR PAGOS · AUTO] 📤 Subiendo TXT de pagos al SEMyT...
[ACTUALIZAR PAGOS · AUTO] ✅ Importación de pagos completada con éxito.
[ACTUALIZAR PAGOS · AUTO] ✅ Archivo TXT de pagos cargado en el SEMyT correctamente.
[ACTUALIZAR PAGOS · AUTO] ✅ CargarPagosPaso finalizado. (⏱ 3.0s)
[ACTUALIZAR PAGOS · AUTO] ✓ [CargarPagosPaso] Completado.
[ACTUALIZAR PAGOS · AUTO] === Ejecución finalizada con éxito ===
🤖 [Automático] Es hora de actualizar pagos. Arrancando...
[ACTUALIZAR PAGOS · AUTO] === Inicio de ejecución: pagos ===
[ACTUALIZAR PAGOS · AUTO] ▶ [LoginSemytPaso] Iniciando...
[ACTUALIZAR PAGOS · AUTO] ==================================================
[ACTUALIZAR PAGOS · AUTO] 🚀 PASO: LoginSemytPaso
[ACTUALIZAR PAGOS · AUTO] ==================================================
[ACTUALIZAR PAGOS · AUTO] Abriendo SEMyT...
[ACTUALIZAR PAGOS · AUTO] ✅ [SEMyT] Sesión existente detectada. Login omitido.
[ACTUALIZAR PAGOS · AUTO] ✅ LoginSemytPaso finalizado. (⏱ 5.1s)
[ACTUALIZAR PAGOS · AUTO] ✓ [LoginSemytPaso] Completado.
[ACTUALIZAR PAGOS · AUTO] ▶ [LoginJuzgadoPaso] Iniciando...
[ACTUALIZAR PAGOS · AUTO] ==================================================
[ACTUALIZAR PAGOS · AUTO] 🚀 PASO: LoginJuzgadoPaso
[ACTUALIZAR PAGOS · AUTO] ==================================================
[ACTUALIZAR PAGOS · AUTO] Abriendo sitio municipalidad (CiDi)...
[ACTUALIZAR PAGOS · AUTO] ✅ [Juzgado] Sesión existente detectada. Login omitido.
[ACTUALIZAR PAGOS · AUTO] ✅ LoginJuzgadoPaso finalizado. (⏱ 1.2s)
[ACTUALIZAR PAGOS · AUTO] ✓ [LoginJuzgadoPaso] Completado.
[ACTUALIZAR PAGOS · AUTO] ▶ [DescargasParalelasPaso] Iniciando...
[ACTUALIZAR PAGOS · AUTO] ==================================================
[ACTUALIZAR PAGOS · AUTO] 🚀 PASO: DescargasParalelasPaso
[ACTUALIZAR PAGOS · AUTO] ==================================================
[ACTUALIZAR PAGOS · AUTO] 📤 Arrancando las 3 descargas en paralelo (mismo browser, páginas separadas)...
[ACTUALIZAR PAGOS · AUTO] Fecha Desde: 27/06/2024
[ACTUALIZAR PAGOS · AUTO] Fecha Hasta: 24/11/2025
[ACTUALIZAR PAGOS · AUTO] Fecha Desde: 25/11/2025
[ACTUALIZAR PAGOS · AUTO] Fecha Hasta: 20/07/2026
[ACTUALIZAR PAGOS · AUTO] Descargando Excel...
[ACTUALIZAR PAGOS · AUTO] Descargando Excel...
⏳ [Automático] Tocaba disparar 'pagos' pero ya hay una ejecución en curso (Actualizar pagos); esperando a que termine; se reintenta en breve sin perder el turno.
[ACTUALIZAR PAGOS · AUTO] Archivo descargado en: backend/descargas/cache_actas_cruce/MULTAS_JUZGADO_CRUCE.xlsx
[ACTUALIZAR PAGOS · AUTO] ⏱ [actas_juzgado] completado en 18.8s
[ACTUALIZAR PAGOS · AUTO] Archivo descargado en: backend/descargas/cache_actas_cruce/MULTAS_SIGEMI_CRUCE.xlsx
[ACTUALIZAR PAGOS · AUTO] ⏱ [actas_sigemi] completado en 41.4s
[ACTUALIZAR PAGOS · AUTO] ✅ TXT de pagos descargado en: backend/descargas/pagos/2026-07-20/PAGOS DESCARGADOS.txt
[ACTUALIZAR PAGOS · AUTO] ⏱ [pagos_txt] completado en 45.7s
[ACTUALIZAR PAGOS · AUTO] ⏱ TOTAL descargas en paralelo: 45.7s
[ACTUALIZAR PAGOS · AUTO] ✅ DescargasParalelasPaso finalizado. (⏱ 47.2s)
[ACTUALIZAR PAGOS · AUTO] ✓ [DescargasParalelasPaso] Completado.
[ACTUALIZAR PAGOS · AUTO] ▶ [CompararActasPaso] Iniciando...
[ACTUALIZAR PAGOS · AUTO] ==================================================
[ACTUALIZAR PAGOS · AUTO] 🚀 PASO: CompararActasPaso
[ACTUALIZAR PAGOS · AUTO] ==================================================
[ACTUALIZAR PAGOS · AUTO] 🔍 Comparando actas del SEMyT contra pagos del Juzgado...
[ACTUALIZAR PAGOS · AUTO] ================================================================================
[ACTUALIZAR PAGOS · AUTO] INICIANDO PROCESO DE GENERACIÓN DE PAGOS DESACTUALIZADOS
[ACTUALIZAR PAGOS · AUTO] ================================================================================
[ACTUALIZAR PAGOS · AUTO] 📂 Cargando archivos...
[ACTUALIZAR PAGOS · AUTO]   ✓ Pagos: 15264 registros
[ACTUALIZAR PAGOS · AUTO]   ✓ Excel SIGEMI (multas vencidas viejas): 104200 registros
[ACTUALIZAR PAGOS · AUTO]   ✓ Excel Juzgado (multas vencidas nuevas): 39527 registros
[ACTUALIZAR PAGOS · AUTO] ================================================================================
[ACTUALIZAR PAGOS · AUTO] PASO 1: LLENANDO ACTA_NUMERO (búsqueda por patente + fecha, con desempate por hora)
[ACTUALIZAR PAGOS · AUTO] ================================================================================
[ACTUALIZAR PAGOS · AUTO] 📊 ESTADÍSTICAS DE LLENADO DE ACTAS:
[ACTUALIZAR PAGOS · AUTO]   • Pagos con acta ORIGINAL: 1934
[ACTUALIZAR PAGOS · AUTO]   • Pagos SIN acta (buscados): 13330
[ACTUALIZAR PAGOS · AUTO]   • Pagos LLENADOS exitosamente: 0
[ACTUALIZAR PAGOS · AUTO]   • Pagos NO encontrados en multas: 13330
[ACTUALIZAR PAGOS · AUTO]   • Pagos SIN RESOLVER por desbalance de cantidades: 0
[ACTUALIZAR PAGOS · AUTO] ================================================================================
[ACTUALIZAR PAGOS · AUTO] PASO 1: LLENANDO ACTA_NUMERO (búsqueda por patente + fecha, con desempate por hora)
[ACTUALIZAR PAGOS · AUTO] ================================================================================
[ACTUALIZAR PAGOS · AUTO] 📊 ESTADÍSTICAS DE LLENADO DE ACTAS:
[ACTUALIZAR PAGOS · AUTO]   • Pagos con acta ORIGINAL: 1934
[ACTUALIZAR PAGOS · AUTO]   • Pagos SIN acta (buscados): 13330
[ACTUALIZAR PAGOS · AUTO]   • Pagos LLENADOS exitosamente: 0
[ACTUALIZAR PAGOS · AUTO]   • Pagos NO encontrados en multas: 13330
[ACTUALIZAR PAGOS · AUTO]   • Pagos SIN RESOLVER por desbalance de cantidades: 0
[ACTUALIZAR PAGOS · AUTO] ⏱ PASO 1 (llenar actas): 16.6s
[ACTUALIZAR PAGOS · AUTO] ================================================================================
[ACTUALIZAR PAGOS · AUTO] PASO 2: FILTRANDO PAGOS CON ACTA_NUMERO COMPLETO
[ACTUALIZAR PAGOS · AUTO] ================================================================================
[ACTUALIZAR PAGOS · AUTO] 📊 ESTADÍSTICAS DE FILTRADO:
[ACTUALIZAR PAGOS · AUTO]   • Pagos TOTALES al inicio: 15264
[ACTUALIZAR PAGOS · AUTO]   • Pagos CON acta (MANTIENEN): 1934
[ACTUALIZAR PAGOS · AUTO]   • Pagos RECHAZADOS (sin coincidencias): 13330
[ACTUALIZAR PAGOS · AUTO] ⚠️  Se eliminaron 13330 registros sin número de acta
[ACTUALIZAR PAGOS · AUTO]      (recordá: esto incluye tanto pagos ya actualizados/pagados
[ACTUALIZAR PAGOS · AUTO]       como pagos que quedaron sin resolver por desbalance en el Paso 1)
[ACTUALIZAR PAGOS · AUTO] ================================================================================
[ACTUALIZAR PAGOS · AUTO] PASO 2-bis: CONFIRMANDO VIGENCIA DE PAGOS DEL SISTEMA NUEVO (contra MULTAS_JUZGADO_CRUCE)
[ACTUALIZAR PAGOS · AUTO] ================================================================================
[ACTUALIZAR PAGOS · AUTO]   ⚠ 1934 pago(s) del sistema nuevo descartados: su acta ya no figura como vencida en MULTAS_JUZGADO_CRUCE (SEMyT ya los actualizó).
[ACTUALIZAR PAGOS · AUTO]   • Pagos del sistema nuevo descartados por ya estar actualizados: 1934
[ACTUALIZAR PAGOS · AUTO] ⏱ PASO 2 (filtrar): 0.8s
[ACTUALIZAR PAGOS · AUTO] 📂 Cargando maestro de causas SIGEMI...
[ACTUALIZAR PAGOS · AUTO]   ✓ Causas totales (maestro): 134069 registros
[ACTUALIZAR PAGOS · AUTO] ⏱ PASO 2.5 (causas simplificado): 0.2s
[ACTUALIZAR PAGOS · AUTO] ================================================================================
[ACTUALIZAR PAGOS · AUTO] PASO 2.5: ARMANDO causas.txt SIMPLIFICADO (cruce contra total_causas_sigemi.txt)
[ACTUALIZAR PAGOS · AUTO] ================================================================================
[ACTUALIZAR PAGOS · AUTO]   • Actas vencidas viejas (multas): 104200
[ACTUALIZAR PAGOS · AUTO]   • Causas totales en el maestro SIGEMI: 134069
[ACTUALIZAR PAGOS · AUTO]   • Causas que coinciden (simplificado): 104200
[ACTUALIZAR PAGOS · AUTO]   ✅ Archivo escrito: backend/descargas/causas/causas.txt
[ACTUALIZAR PAGOS · AUTO] ⏱ PASO 2.5 (causas simplificado): 2.7s
[ACTUALIZAR PAGOS · AUTO] ⚠️  NO HAY PAGOS CON ACTA_NUMERO PARA PROCESAR
[ACTUALIZAR PAGOS · AUTO] Creando archivo vacío...
[ACTUALIZAR PAGOS · AUTO] ✅ TXT de pagos (ya cruzado con actas y causas) generado en: backend/descargas/pagos/2026-07-20/PAGOS 20260720 120633.txt
[ACTUALIZAR PAGOS · AUTO] 🧹 TXT de pagos crudo eliminado (ya usado en el cruce): backend/descargas/pagos/2026-07-20/PAGOS DESCARGADOS.txt
[ACTUALIZAR PAGOS · AUTO] 🧹 Excel MULTAS_SIGEMI_CRUCE eliminado (ya usado en el cruce): backend/descargas/cache_actas_cruce/MULTAS_SIGEMI_CRUCE.xlsx
[ACTUALIZAR PAGOS · AUTO] 🧹 Excel MULTAS_JUZGADO_CRUCE eliminado (ya usado en el cruce): backend/descargas/cache_actas_cruce/MULTAS_JUZGADO_CRUCE.xlsx
[ACTUALIZAR PAGOS · AUTO] ✅ CompararActasPaso finalizado. (⏱ 47.5s)
[ACTUALIZAR PAGOS · AUTO] ✓ [CompararActasPaso] Completado.
[ACTUALIZAR PAGOS · AUTO] ▶ [CargarPagosPaso] Iniciando...
[ACTUALIZAR PAGOS · AUTO] ==================================================
[ACTUALIZAR PAGOS · AUTO] 🚀 PASO: CargarPagosPaso
[ACTUALIZAR PAGOS · AUTO] ==================================================
[ACTUALIZAR PAGOS · AUTO] ℹ No se encontraron pagos para actualizar (el TXT final no tiene registros).
[ACTUALIZAR PAGOS · AUTO] 🧹 TXT de pagos sin registros eliminado (nada para subir): backend/descargas/pagos/2026-07-20/PAGOS 20260720 120633.txt
[ACTUALIZAR PAGOS · AUTO] ⏭ Se omite la carga al SEMyT.
[ACTUALIZAR PAGOS · AUTO] ✅ CargarPagosPaso finalizado. (⏱ 0.0s)
[ACTUALIZAR PAGOS · AUTO] ✓ [CargarPagosPaso] Completado.
[ACTUALIZAR PAGOS · AUTO] === Ejecución finalizada con éxito ===
[ACTUALIZAR PAGOS · AUTO] ℹ No se subió ningún archivo a ningún sistema externo en esta corrida: por política, el log detallado no se conserva en disco.
🤖 [Automático] Es hora de actualizar pagos. Arrancando...
[ACTUALIZAR PAGOS · AUTO] === Inicio de ejecución: pagos ===
[ACTUALIZAR PAGOS · AUTO] ▶ [LoginSemytPaso] Iniciando...
[ACTUALIZAR PAGOS · AUTO] ==================================================
[ACTUALIZAR PAGOS · AUTO] 🚀 PASO: LoginSemytPaso
[ACTUALIZAR PAGOS · AUTO] ==================================================
[ACTUALIZAR PAGOS · AUTO] Abriendo SEMyT...
[ACTUALIZAR PAGOS · AUTO] ✅ [SEMyT] Sesión existente detectada. Login omitido.
[ACTUALIZAR PAGOS · AUTO] ✅ LoginSemytPaso finalizado. (⏱ 4.1s)
[ACTUALIZAR PAGOS · AUTO] ✓ [LoginSemytPaso] Completado.
[ACTUALIZAR PAGOS · AUTO] ▶ [LoginJuzgadoPaso] Iniciando...
[ACTUALIZAR PAGOS · AUTO] ==================================================
[ACTUALIZAR PAGOS · AUTO] 🚀 PASO: LoginJuzgadoPaso
[ACTUALIZAR PAGOS · AUTO] ==================================================
[ACTUALIZAR PAGOS · AUTO] Abriendo sitio municipalidad (CiDi)...
[ACTUALIZAR PAGOS · AUTO] ✅ [Juzgado] Sesión existente detectada. Login omitido.
[ACTUALIZAR PAGOS · AUTO] ✅ LoginJuzgadoPaso finalizado. (⏱ 1.3s)
[ACTUALIZAR PAGOS · AUTO] ✓ [LoginJuzgadoPaso] Completado.
[ACTUALIZAR PAGOS · AUTO] ▶ [DescargasParalelasPaso] Iniciando...
[ACTUALIZAR PAGOS · AUTO] ==================================================
[ACTUALIZAR PAGOS · AUTO] 🚀 PASO: DescargasParalelasPaso
[ACTUALIZAR PAGOS · AUTO] ==================================================
[ACTUALIZAR PAGOS · AUTO] 📤 Arrancando las 3 descargas en paralelo (mismo browser, páginas separadas)...
[ACTUALIZAR PAGOS · AUTO] Fecha Desde: 27/06/2024
[ACTUALIZAR PAGOS · AUTO] Fecha Hasta: 24/11/2025
[ACTUALIZAR PAGOS · AUTO] Fecha Desde: 25/11/2025
[ACTUALIZAR PAGOS · AUTO] Fecha Hasta: 20/07/2026
[ACTUALIZAR PAGOS · AUTO] Descargando Excel...
[ACTUALIZAR PAGOS · AUTO] Descargando Excel...
⏳ [Automático] Tocaba disparar 'pagos' pero ya hay una ejecución en curso (Actualizar pagos); esperando a que termine; se reintenta en breve sin perder el turno.
[ACTUALIZAR PAGOS · AUTO] Archivo descargado en: backend/descargas/cache_actas_cruce/MULTAS_JUZGADO_CRUCE.xlsx
[ACTUALIZAR PAGOS · AUTO] ⏱ [actas_juzgado] completado en 20.9s
[ACTUALIZAR PAGOS · AUTO] Archivo descargado en: backend/descargas/cache_actas_cruce/MULTAS_SIGEMI_CRUCE.xlsx
[ACTUALIZAR PAGOS · AUTO] ⏱ [actas_sigemi] completado en 40.8s
[ACTUALIZAR PAGOS · AUTO] ✅ TXT de pagos descargado en: backend/descargas/pagos/2026-07-20/PAGOS DESCARGADOS.txt
[ACTUALIZAR PAGOS · AUTO] ⏱ [pagos_txt] completado en 40.9s
[ACTUALIZAR PAGOS · AUTO] ⏱ TOTAL descargas en paralelo: 40.9s
[ACTUALIZAR PAGOS · AUTO] ✅ DescargasParalelasPaso finalizado. (⏱ 42.4s)
[ACTUALIZAR PAGOS · AUTO] ✓ [DescargasParalelasPaso] Completado.
[ACTUALIZAR PAGOS · AUTO] ▶ [CompararActasPaso] Iniciando...
[ACTUALIZAR PAGOS · AUTO] ==================================================
[ACTUALIZAR PAGOS · AUTO] 🚀 PASO: CompararActasPaso
[ACTUALIZAR PAGOS · AUTO] ==================================================
[ACTUALIZAR PAGOS · AUTO] 🔍 Comparando actas del SEMyT contra pagos del Juzgado...
[ACTUALIZAR PAGOS · AUTO] ================================================================================
[ACTUALIZAR PAGOS · AUTO] INICIANDO PROCESO DE GENERACIÓN DE PAGOS DESACTUALIZADOS
[ACTUALIZAR PAGOS · AUTO] ================================================================================
[ACTUALIZAR PAGOS · AUTO] 📂 Cargando archivos...
[ACTUALIZAR PAGOS · AUTO]   ✓ Pagos: 15268 registros
[ACTUALIZAR PAGOS · AUTO]   ✓ Excel SIGEMI (multas vencidas viejas): 104200 registros
[ACTUALIZAR PAGOS · AUTO]   ✓ Excel Juzgado (multas vencidas nuevas): 39527 registros
[ACTUALIZAR PAGOS · AUTO] ================================================================================
[ACTUALIZAR PAGOS · AUTO] PASO 1: LLENANDO ACTA_NUMERO (búsqueda por patente + fecha, con desempate por hora)
[ACTUALIZAR PAGOS · AUTO] ================================================================================
[ACTUALIZAR PAGOS · AUTO] 📊 ESTADÍSTICAS DE LLENADO DE ACTAS:
[ACTUALIZAR PAGOS · AUTO]   • Pagos con acta ORIGINAL: 1936
[ACTUALIZAR PAGOS · AUTO]   • Pagos SIN acta (buscados): 13332
[ACTUALIZAR PAGOS · AUTO]   • Pagos LLENADOS exitosamente: 2
[ACTUALIZAR PAGOS · AUTO]   • Pagos NO encontrados en multas: 13330
[ACTUALIZAR PAGOS · AUTO]   • Pagos SIN RESOLVER por desbalance de cantidades: 0
[ACTUALIZAR PAGOS · AUTO] ================================================================================
[ACTUALIZAR PAGOS · AUTO] PASO 1: LLENANDO ACTA_NUMERO (búsqueda por patente + fecha, con desempate por hora)
[ACTUALIZAR PAGOS · AUTO] ================================================================================
[ACTUALIZAR PAGOS · AUTO] 📊 ESTADÍSTICAS DE LLENADO DE ACTAS:
[ACTUALIZAR PAGOS · AUTO]   • Pagos con acta ORIGINAL: 1938
[ACTUALIZAR PAGOS · AUTO]   • Pagos SIN acta (buscados): 13330
[ACTUALIZAR PAGOS · AUTO]   • Pagos LLENADOS exitosamente: 0
[ACTUALIZAR PAGOS · AUTO]   • Pagos NO encontrados en multas: 13330
[ACTUALIZAR PAGOS · AUTO]   • Pagos SIN RESOLVER por desbalance de cantidades: 0
[ACTUALIZAR PAGOS · AUTO] ⏱ PASO 1 (llenar actas): 16.5s
[ACTUALIZAR PAGOS · AUTO] ================================================================================
[ACTUALIZAR PAGOS · AUTO] PASO 2: FILTRANDO PAGOS CON ACTA_NUMERO COMPLETO
[ACTUALIZAR PAGOS · AUTO] ================================================================================
[ACTUALIZAR PAGOS · AUTO] 📊 ESTADÍSTICAS DE FILTRADO:
[ACTUALIZAR PAGOS · AUTO]   • Pagos TOTALES al inicio: 15268
[ACTUALIZAR PAGOS · AUTO]   • Pagos CON acta (MANTIENEN): 1938
[ACTUALIZAR PAGOS · AUTO]   • Pagos RECHAZADOS (sin coincidencias): 13330
[ACTUALIZAR PAGOS · AUTO] ⚠️  Se eliminaron 13330 registros sin número de acta
[ACTUALIZAR PAGOS · AUTO]      (recordá: esto incluye tanto pagos ya actualizados/pagados
[ACTUALIZAR PAGOS · AUTO]       como pagos que quedaron sin resolver por desbalance en el Paso 1)
[ACTUALIZAR PAGOS · AUTO] ================================================================================
[ACTUALIZAR PAGOS · AUTO] PASO 2-bis: CONFIRMANDO VIGENCIA DE PAGOS DEL SISTEMA NUEVO (contra MULTAS_JUZGADO_CRUCE)
[ACTUALIZAR PAGOS · AUTO] ================================================================================
[ACTUALIZAR PAGOS · AUTO]   ⚠ 1934 pago(s) del sistema nuevo descartados: su acta ya no figura como vencida en MULTAS_JUZGADO_CRUCE (SEMyT ya los actualizó).
[ACTUALIZAR PAGOS · AUTO]   • Pagos del sistema nuevo descartados por ya estar actualizados: 1934
[ACTUALIZAR PAGOS · AUTO] ⏱ PASO 2 (filtrar): 0.8s
[ACTUALIZAR PAGOS · AUTO] 📂 Cargando maestro de causas SIGEMI...
[ACTUALIZAR PAGOS · AUTO]   ✓ Causas totales (maestro): 134069 registros
[ACTUALIZAR PAGOS · AUTO] ⏱ PASO 2.5 (causas simplificado): 0.2s
[ACTUALIZAR PAGOS · AUTO] ================================================================================
[ACTUALIZAR PAGOS · AUTO] PASO 2.5: ARMANDO causas.txt SIMPLIFICADO (cruce contra total_causas_sigemi.txt)
[ACTUALIZAR PAGOS · AUTO] ================================================================================
[ACTUALIZAR PAGOS · AUTO]   • Actas vencidas viejas (multas): 104200
[ACTUALIZAR PAGOS · AUTO]   • Causas totales en el maestro SIGEMI: 134069
[ACTUALIZAR PAGOS · AUTO]   • Causas que coinciden (simplificado): 104200
[ACTUALIZAR PAGOS · AUTO]   ✅ Archivo escrito: backend/descargas/causas/causas.txt
[ACTUALIZAR PAGOS · AUTO] ⏱ PASO 2.5 (causas simplificado): 2.6s
[ACTUALIZAR PAGOS · AUTO] ================================================================================
[ACTUALIZAR PAGOS · AUTO] PASO 3: LLENANDO CAUSA_NUMERO (según fecha de cambio de sistema, cruzando por acta + año)
[ACTUALIZAR PAGOS · AUTO] ================================================================================
[ACTUALIZAR PAGOS · AUTO] 📊 ESTADÍSTICAS DE LLENADO DE CAUSAS:
[ACTUALIZAR PAGOS · AUTO]   • Pagos con causa ORIGINAL: 2
[ACTUALIZAR PAGOS · AUTO]   • Causas encontradas en SIGEMI (actas viejas): 2
[ACTUALIZAR PAGOS · AUTO]   • Causas NO encontradas en SIGEMI: 0
[ACTUALIZAR PAGOS · AUTO]   • Causas asignadas automáticamente (actas nuevas): 0
[ACTUALIZAR PAGOS · AUTO] ⏱ PASO 3 (llenar causas): 0.0s
[ACTUALIZAR PAGOS · AUTO] ================================================================================
[ACTUALIZAR PAGOS · AUTO] PASO 4: ORDENANDO POR FECHA Y ACTA_NUMERO
[ACTUALIZAR PAGOS · AUTO] ================================================================================
[ACTUALIZAR PAGOS · AUTO] ✓ Pagos ordenados correctamente
[ACTUALIZAR PAGOS · AUTO]   • Primera entrada: Acta=16360, Fecha=25/07/2024
[ACTUALIZAR PAGOS · AUTO]   • Última entrada: Acta=255060, Fecha=12/01/2026
[ACTUALIZAR PAGOS · AUTO] 📝 Escribiendo archivo de salida...
[ACTUALIZAR PAGOS · AUTO]   ✅ Archivo escrito: backend/descargas/pagos/2026-07-20/PAGOS 20260720 121820.txt
[ACTUALIZAR PAGOS · AUTO]   ✅ Total registros: 578
[ACTUALIZAR PAGOS · AUTO] ⏱ PASO 4 (ordenar y escribir): 0.0s
[ACTUALIZAR PAGOS · AUTO] ================================================================================
[ACTUALIZAR PAGOS · AUTO] ✅ PROCESO COMPLETADO EXITOSAMENTE
[ACTUALIZAR PAGOS · AUTO] ================================================================================
[ACTUALIZAR PAGOS · AUTO] 📊 RESUMEN FINAL DEL PROCESAMIENTO:
[ACTUALIZAR PAGOS · AUTO]   ENTRADA:
[ACTUALIZAR PAGOS · AUTO]     • Pagos originales: 15268
[ACTUALIZAR PAGOS · AUTO]     • Multas SIGEMI cargadas: 104200
[ACTUALIZAR PAGOS · AUTO]     • Multas Juzgado cargadas: 39527
[ACTUALIZAR PAGOS · AUTO]     • Causas simplificadas (usadas para el cruce): 104200
[ACTUALIZAR PAGOS · AUTO]   PROCESO:
[ACTUALIZAR PAGOS · AUTO]     • Pagos rechazados sigemi: 13330
[ACTUALIZAR PAGOS · AUTO]     • Pagos rechazados juzgado: 1934
[ACTUALIZAR PAGOS · AUTO]   SALIDA:
[ACTUALIZAR PAGOS · AUTO]     • Pagos desactualizados procesados: 4
[ACTUALIZAR PAGOS · AUTO]     • Archivo final: backend/descargas/pagos/2026-07-20/PAGOS 20260720 121820.txt
[ACTUALIZAR PAGOS · AUTO]     • Ordenados por fecha: SÍ ✓
[ACTUALIZAR PAGOS · AUTO]     • Todos con ACTA_NUMERO: SÍ ✓
[ACTUALIZAR PAGOS · AUTO]     • Todos con CAUSA_NUMERO: SÍ ✓
[ACTUALIZAR PAGOS · AUTO] ✅ TXT de pagos (ya cruzado con actas y causas) generado en: backend/descargas/pagos/2026-07-20/PAGOS 20260720 121820.txt
[ACTUALIZAR PAGOS · AUTO] 🧹 TXT de pagos crudo eliminado (ya usado en el cruce): backend/descargas/pagos/2026-07-20/PAGOS DESCARGADOS.txt
[ACTUALIZAR PAGOS · AUTO] 🧹 Excel MULTAS_SIGEMI_CRUCE eliminado (ya usado en el cruce): backend/descargas/cache_actas_cruce/MULTAS_SIGEMI_CRUCE.xlsx
[ACTUALIZAR PAGOS · AUTO] 🧹 Excel MULTAS_JUZGADO_CRUCE eliminado (ya usado en el cruce): backend/descargas/cache_actas_cruce/MULTAS_JUZGADO_CRUCE.xlsx
[ACTUALIZAR PAGOS · AUTO] ✅ CompararActasPaso finalizado. (⏱ 47.2s)
[ACTUALIZAR PAGOS · AUTO] ✓ [CompararActasPaso] Completado.
[ACTUALIZAR PAGOS · AUTO] ▶ [CargarPagosPaso] Iniciando...
[ACTUALIZAR PAGOS · AUTO] ==================================================
[ACTUALIZAR PAGOS · AUTO] 🚀 PASO: CargarPagosPaso
[ACTUALIZAR PAGOS · AUTO] ==================================================
[ACTUALIZAR PAGOS · AUTO] 📤 Subiendo TXT de pagos al SEMyT...
[ACTUALIZAR PAGOS · AUTO] ✅ Importación de pagos completada con éxito.
[ACTUALIZAR PAGOS · AUTO] ✅ Archivo TXT de pagos cargado en el SEMyT correctamente.
[ACTUALIZAR PAGOS · AUTO] ✅ CargarPagosPaso finalizado. (⏱ 3.8s)
[ACTUALIZAR PAGOS · AUTO] ✓ [CargarPagosPaso] Completado.
[ACTUALIZAR PAGOS · AUTO] === Ejecución finalizada con éxito ===
🤖 [Automático] Es hora de actualizar pagos. Arrancando...
[ACTUALIZAR PAGOS · AUTO] === Inicio de ejecución: pagos ===
[ACTUALIZAR PAGOS · AUTO] ▶ [LoginSemytPaso] Iniciando...
[ACTUALIZAR PAGOS · AUTO] ==================================================
[ACTUALIZAR PAGOS · AUTO] 🚀 PASO: LoginSemytPaso
[ACTUALIZAR PAGOS · AUTO] ==================================================
[ACTUALIZAR PAGOS · AUTO] Abriendo SEMyT...
[ACTUALIZAR PAGOS · AUTO] ✅ [SEMyT] Sesión existente detectada. Login omitido.
[ACTUALIZAR PAGOS · AUTO] ✅ LoginSemytPaso finalizado. (⏱ 4.3s)
[ACTUALIZAR PAGOS · AUTO] ✓ [LoginSemytPaso] Completado.
[ACTUALIZAR PAGOS · AUTO] ▶ [LoginJuzgadoPaso] Iniciando...
[ACTUALIZAR PAGOS · AUTO] ==================================================
[ACTUALIZAR PAGOS · AUTO] 🚀 PASO: LoginJuzgadoPaso
[ACTUALIZAR PAGOS · AUTO] ==================================================
[ACTUALIZAR PAGOS · AUTO] Abriendo sitio municipalidad (CiDi)...
[ACTUALIZAR PAGOS · AUTO] ✅ [Juzgado] Sesión existente detectada. Login omitido.
[ACTUALIZAR PAGOS · AUTO] ✅ LoginJuzgadoPaso finalizado. (⏱ 1.4s)
[ACTUALIZAR PAGOS · AUTO] ✓ [LoginJuzgadoPaso] Completado.
[ACTUALIZAR PAGOS · AUTO] ▶ [DescargasParalelasPaso] Iniciando...
[ACTUALIZAR PAGOS · AUTO] ==================================================
[ACTUALIZAR PAGOS · AUTO] 🚀 PASO: DescargasParalelasPaso
[ACTUALIZAR PAGOS · AUTO] ==================================================
[ACTUALIZAR PAGOS · AUTO] 📤 Arrancando las 3 descargas en paralelo (mismo browser, páginas separadas)...
[ACTUALIZAR PAGOS · AUTO] Fecha Desde: 27/06/2024
[ACTUALIZAR PAGOS · AUTO] Fecha Hasta: 24/11/2025
[ACTUALIZAR PAGOS · AUTO] Fecha Desde: 25/11/2025
[ACTUALIZAR PAGOS · AUTO] Fecha Hasta: 20/07/2026
[ACTUALIZAR PAGOS · AUTO] Descargando Excel...
[ACTUALIZAR PAGOS · AUTO] Descargando Excel...
⏳ [Automático] Tocaba disparar 'pagos' pero ya hay una ejecución en curso (Actualizar pagos); esperando a que termine; se reintenta en breve sin perder el turno.
[ACTUALIZAR PAGOS · AUTO] Archivo descargado en: backend/descargas/cache_actas_cruce/MULTAS_JUZGADO_CRUCE.xlsx
[ACTUALIZAR PAGOS · AUTO] ⏱ [actas_juzgado] completado en 19.2s
[ACTUALIZAR PAGOS · AUTO] ✅ TXT de pagos descargado en: backend/descargas/pagos/2026-07-20/PAGOS DESCARGADOS.txt
[ACTUALIZAR PAGOS · AUTO] ⏱ [pagos_txt] completado en 20.4s
[ACTUALIZAR PAGOS · AUTO] Archivo descargado en: backend/descargas/cache_actas_cruce/MULTAS_SIGEMI_CRUCE.xlsx
[ACTUALIZAR PAGOS · AUTO] ⏱ [actas_sigemi] completado en 43.0s
[ACTUALIZAR PAGOS · AUTO] ⏱ TOTAL descargas en paralelo: 43.0s
[ACTUALIZAR PAGOS · AUTO] ✅ DescargasParalelasPaso finalizado. (⏱ 44.6s)
[ACTUALIZAR PAGOS · AUTO] ✓ [DescargasParalelasPaso] Completado.
[ACTUALIZAR PAGOS · AUTO] ▶ [CompararActasPaso] Iniciando...
[ACTUALIZAR PAGOS · AUTO] ==================================================
[ACTUALIZAR PAGOS · AUTO] 🚀 PASO: CompararActasPaso
[ACTUALIZAR PAGOS · AUTO] ==================================================
[ACTUALIZAR PAGOS · AUTO] 🔍 Comparando actas del SEMyT contra pagos del Juzgado...
[ACTUALIZAR PAGOS · AUTO] ================================================================================
[ACTUALIZAR PAGOS · AUTO] INICIANDO PROCESO DE GENERACIÓN DE PAGOS DESACTUALIZADOS
[ACTUALIZAR PAGOS · AUTO] ================================================================================
[ACTUALIZAR PAGOS · AUTO] 📂 Cargando archivos...
[ACTUALIZAR PAGOS · AUTO]   ✓ Pagos: 15272 registros
[ACTUALIZAR PAGOS · AUTO]   ✓ Excel SIGEMI (multas vencidas viejas): 104198 registros
[ACTUALIZAR PAGOS · AUTO]   ✓ Excel Juzgado (multas vencidas nuevas): 39525 registros
[ACTUALIZAR PAGOS · AUTO] ================================================================================
[ACTUALIZAR PAGOS · AUTO] PASO 1: LLENANDO ACTA_NUMERO (búsqueda por patente + fecha, con desempate por hora)
[ACTUALIZAR PAGOS · AUTO] ================================================================================
[ACTUALIZAR PAGOS · AUTO] 📊 ESTADÍSTICAS DE LLENADO DE ACTAS:
[ACTUALIZAR PAGOS · AUTO]   • Pagos con acta ORIGINAL: 1939
[ACTUALIZAR PAGOS · AUTO]   • Pagos SIN acta (buscados): 13333
[ACTUALIZAR PAGOS · AUTO]   • Pagos LLENADOS exitosamente: 1
[ACTUALIZAR PAGOS · AUTO]   • Pagos NO encontrados en multas: 13332
[ACTUALIZAR PAGOS · AUTO]   • Pagos SIN RESOLVER por desbalance de cantidades: 0
[ACTUALIZAR PAGOS · AUTO] ================================================================================
[ACTUALIZAR PAGOS · AUTO] PASO 1: LLENANDO ACTA_NUMERO (búsqueda por patente + fecha, con desempate por hora)
[ACTUALIZAR PAGOS · AUTO] ================================================================================
[ACTUALIZAR PAGOS · AUTO] 📊 ESTADÍSTICAS DE LLENADO DE ACTAS:
[ACTUALIZAR PAGOS · AUTO]   • Pagos con acta ORIGINAL: 1940
[ACTUALIZAR PAGOS · AUTO]   • Pagos SIN acta (buscados): 13332
[ACTUALIZAR PAGOS · AUTO]   • Pagos LLENADOS exitosamente: 0
[ACTUALIZAR PAGOS · AUTO]   • Pagos NO encontrados en multas: 13332
[ACTUALIZAR PAGOS · AUTO]   • Pagos SIN RESOLVER por desbalance de cantidades: 0
[ACTUALIZAR PAGOS · AUTO] ⏱ PASO 1 (llenar actas): 15.9s
[ACTUALIZAR PAGOS · AUTO] ================================================================================
[ACTUALIZAR PAGOS · AUTO] PASO 2: FILTRANDO PAGOS CON ACTA_NUMERO COMPLETO
[ACTUALIZAR PAGOS · AUTO] ================================================================================
[ACTUALIZAR PAGOS · AUTO] 📊 ESTADÍSTICAS DE FILTRADO:
[ACTUALIZAR PAGOS · AUTO]   • Pagos TOTALES al inicio: 15272
[ACTUALIZAR PAGOS · AUTO]   • Pagos CON acta (MANTIENEN): 1940
[ACTUALIZAR PAGOS · AUTO]   • Pagos RECHAZADOS (sin coincidencias): 13332
[ACTUALIZAR PAGOS · AUTO] ⚠️  Se eliminaron 13332 registros sin número de acta
[ACTUALIZAR PAGOS · AUTO]      (recordá: esto incluye tanto pagos ya actualizados/pagados
[ACTUALIZAR PAGOS · AUTO]       como pagos que quedaron sin resolver por desbalance en el Paso 1)
[ACTUALIZAR PAGOS · AUTO] ================================================================================
[ACTUALIZAR PAGOS · AUTO] PASO 2-bis: CONFIRMANDO VIGENCIA DE PAGOS DEL SISTEMA NUEVO (contra MULTAS_JUZGADO_CRUCE)
[ACTUALIZAR PAGOS · AUTO] ================================================================================
[ACTUALIZAR PAGOS · AUTO]   ⚠ 1936 pago(s) del sistema nuevo descartados: su acta ya no figura como vencida en MULTAS_JUZGADO_CRUCE (SEMyT ya los actualizó).
[ACTUALIZAR PAGOS · AUTO]   • Pagos del sistema nuevo descartados por ya estar actualizados: 1936
[ACTUALIZAR PAGOS · AUTO] ⏱ PASO 2 (filtrar): 0.9s
[ACTUALIZAR PAGOS · AUTO] 📂 Cargando maestro de causas SIGEMI...
[ACTUALIZAR PAGOS · AUTO]   ✓ Causas totales (maestro): 134069 registros
[ACTUALIZAR PAGOS · AUTO] ⏱ PASO 2.5 (causas simplificado): 0.2s
[ACTUALIZAR PAGOS · AUTO] ================================================================================
[ACTUALIZAR PAGOS · AUTO] PASO 2.5: ARMANDO causas.txt SIMPLIFICADO (cruce contra total_causas_sigemi.txt)
[ACTUALIZAR PAGOS · AUTO] ================================================================================
[ACTUALIZAR PAGOS · AUTO]   • Actas vencidas viejas (multas): 104198
[ACTUALIZAR PAGOS · AUTO]   • Causas totales en el maestro SIGEMI: 134069
[ACTUALIZAR PAGOS · AUTO]   • Causas que coinciden (simplificado): 104198
[ACTUALIZAR PAGOS · AUTO]   ✅ Archivo escrito: backend/descargas/causas/causas.txt
[ACTUALIZAR PAGOS · AUTO] ⏱ PASO 2.5 (causas simplificado): 3.1s
[ACTUALIZAR PAGOS · AUTO] ================================================================================
[ACTUALIZAR PAGOS · AUTO] PASO 3: LLENANDO CAUSA_NUMERO (según fecha de cambio de sistema, cruzando por acta + año)
[ACTUALIZAR PAGOS · AUTO] ================================================================================
[ACTUALIZAR PAGOS · AUTO] 📊 ESTADÍSTICAS DE LLENADO DE CAUSAS:
[ACTUALIZAR PAGOS · AUTO]   • Pagos con causa ORIGINAL: 3
[ACTUALIZAR PAGOS · AUTO]   • Causas encontradas en SIGEMI (actas viejas): 1
[ACTUALIZAR PAGOS · AUTO]   • Causas NO encontradas en SIGEMI: 0
[ACTUALIZAR PAGOS · AUTO]   • Causas asignadas automáticamente (actas nuevas): 0
[ACTUALIZAR PAGOS · AUTO] ⏱ PASO 3 (llenar causas): 0.0s
[ACTUALIZAR PAGOS · AUTO] ================================================================================
[ACTUALIZAR PAGOS · AUTO] PASO 4: ORDENANDO POR FECHA Y ACTA_NUMERO
[ACTUALIZAR PAGOS · AUTO] ================================================================================
[ACTUALIZAR PAGOS · AUTO] ✓ Pagos ordenados correctamente
[ACTUALIZAR PAGOS · AUTO]   • Primera entrada: Acta=10780, Fecha=15/07/2024
[ACTUALIZAR PAGOS · AUTO]   • Última entrada: Acta=308791, Fecha=07/05/2026
[ACTUALIZAR PAGOS · AUTO] 📝 Escribiendo archivo de salida...
[ACTUALIZAR PAGOS · AUTO]   ✅ Archivo escrito: backend/descargas/pagos/2026-07-20/PAGOS 20260720 123016.txt
[ACTUALIZAR PAGOS · AUTO]   ✅ Total registros: 551
[ACTUALIZAR PAGOS · AUTO] ⏱ PASO 4 (ordenar y escribir): 0.0s
[ACTUALIZAR PAGOS · AUTO] ================================================================================
[ACTUALIZAR PAGOS · AUTO] ✅ PROCESO COMPLETADO EXITOSAMENTE
[ACTUALIZAR PAGOS · AUTO] ================================================================================
[ACTUALIZAR PAGOS · AUTO] 📊 RESUMEN FINAL DEL PROCESAMIENTO:
[ACTUALIZAR PAGOS · AUTO]   ENTRADA:
[ACTUALIZAR PAGOS · AUTO]     • Pagos originales: 15272
[ACTUALIZAR PAGOS · AUTO]     • Multas SIGEMI cargadas: 104198
[ACTUALIZAR PAGOS · AUTO]     • Multas Juzgado cargadas: 39525
[ACTUALIZAR PAGOS · AUTO]     • Causas simplificadas (usadas para el cruce): 104198
[ACTUALIZAR PAGOS · AUTO]   PROCESO:
[ACTUALIZAR PAGOS · AUTO]     • Pagos rechazados sigemi: 13332
[ACTUALIZAR PAGOS · AUTO]     • Pagos rechazados juzgado: 1936
[ACTUALIZAR PAGOS · AUTO]   SALIDA:
[ACTUALIZAR PAGOS · AUTO]     • Pagos desactualizados procesados: 4
[ACTUALIZAR PAGOS · AUTO]     • Archivo final: backend/descargas/pagos/2026-07-20/PAGOS 20260720 123016.txt
[ACTUALIZAR PAGOS · AUTO]     • Ordenados por fecha: SÍ ✓
[ACTUALIZAR PAGOS · AUTO]     • Todos con ACTA_NUMERO: SÍ ✓
[ACTUALIZAR PAGOS · AUTO]     • Todos con CAUSA_NUMERO: SÍ ✓
[ACTUALIZAR PAGOS · AUTO] ✅ TXT de pagos (ya cruzado con actas y causas) generado en: backend/descargas/pagos/2026-07-20/PAGOS 20260720 123016.txt
[ACTUALIZAR PAGOS · AUTO] 🧹 TXT de pagos crudo eliminado (ya usado en el cruce): backend/descargas/pagos/2026-07-20/PAGOS DESCARGADOS.txt
[ACTUALIZAR PAGOS · AUTO] 🧹 Excel MULTAS_SIGEMI_CRUCE eliminado (ya usado en el cruce): backend/descargas/cache_actas_cruce/MULTAS_SIGEMI_CRUCE.xlsx
[ACTUALIZAR PAGOS · AUTO] 🧹 Excel MULTAS_JUZGADO_CRUCE eliminado (ya usado en el cruce): backend/descargas/cache_actas_cruce/MULTAS_JUZGADO_CRUCE.xlsx
[ACTUALIZAR PAGOS · AUTO] ✅ CompararActasPaso finalizado. (⏱ 49.0s)
[ACTUALIZAR PAGOS · AUTO] ✓ [CompararActasPaso] Completado.
[ACTUALIZAR PAGOS · AUTO] ▶ [CargarPagosPaso] Iniciando...
[ACTUALIZAR PAGOS · AUTO] ==================================================
[ACTUALIZAR PAGOS · AUTO] 🚀 PASO: CargarPagosPaso
[ACTUALIZAR PAGOS · AUTO] ==================================================
[ACTUALIZAR PAGOS · AUTO] 📤 Subiendo TXT de pagos al SEMyT...
[ACTUALIZAR PAGOS · AUTO] ✅ Importación de pagos completada con éxito.
[ACTUALIZAR PAGOS · AUTO] ✅ Archivo TXT de pagos cargado en el SEMyT correctamente.
[ACTUALIZAR PAGOS · AUTO] ✅ CargarPagosPaso finalizado. (⏱ 4.4s)
[ACTUALIZAR PAGOS · AUTO] ✓ [CargarPagosPaso] Completado.
[ACTUALIZAR PAGOS · AUTO] === Ejecución finalizada con éxito ===
🤖 [Automático] Es hora de actualizar pagos. Arrancando...
[ACTUALIZAR PAGOS · AUTO] === Inicio de ejecución: pagos ===
[ACTUALIZAR PAGOS · AUTO] ▶ [LoginSemytPaso] Iniciando...
[ACTUALIZAR PAGOS · AUTO] ==================================================
[ACTUALIZAR PAGOS · AUTO] 🚀 PASO: LoginSemytPaso
[ACTUALIZAR PAGOS · AUTO] ==================================================
[ACTUALIZAR PAGOS · AUTO] Abriendo SEMyT...
[ACTUALIZAR PAGOS · AUTO] ✅ [SEMyT] Sesión existente detectada. Login omitido.
[ACTUALIZAR PAGOS · AUTO] ✅ LoginSemytPaso finalizado. (⏱ 4.0s)
[ACTUALIZAR PAGOS · AUTO] ✓ [LoginSemytPaso] Completado.
[ACTUALIZAR PAGOS · AUTO] ▶ [LoginJuzgadoPaso] Iniciando...
[ACTUALIZAR PAGOS · AUTO] ==================================================
[ACTUALIZAR PAGOS · AUTO] 🚀 PASO: LoginJuzgadoPaso
[ACTUALIZAR PAGOS · AUTO] ==================================================
[ACTUALIZAR PAGOS · AUTO] Abriendo sitio municipalidad (CiDi)...
[ACTUALIZAR PAGOS · AUTO] ✅ [Juzgado] Sesión existente detectada. Login omitido.
[ACTUALIZAR PAGOS · AUTO] ✅ LoginJuzgadoPaso finalizado. (⏱ 1.3s)
[ACTUALIZAR PAGOS · AUTO] ✓ [LoginJuzgadoPaso] Completado.
[ACTUALIZAR PAGOS · AUTO] ▶ [DescargasParalelasPaso] Iniciando...
[ACTUALIZAR PAGOS · AUTO] ==================================================
[ACTUALIZAR PAGOS · AUTO] 🚀 PASO: DescargasParalelasPaso
[ACTUALIZAR PAGOS · AUTO] ==================================================
[ACTUALIZAR PAGOS · AUTO] 📤 Arrancando las 3 descargas en paralelo (mismo browser, páginas separadas)...
[ACTUALIZAR PAGOS · AUTO] Fecha Desde: 27/06/2024
[ACTUALIZAR PAGOS · AUTO] Fecha Hasta: 24/11/2025
[ACTUALIZAR PAGOS · AUTO] Fecha Desde: 25/11/2025
[ACTUALIZAR PAGOS · AUTO] Fecha Hasta: 20/07/2026
[ACTUALIZAR PAGOS · AUTO] Descargando Excel...
[ACTUALIZAR PAGOS · AUTO] Descargando Excel...
⏳ [Automático] Tocaba disparar 'pagos' pero ya hay una ejecución en curso (Actualizar pagos); esperando a que termine; se reintenta en breve sin perder el turno.
[ACTUALIZAR PAGOS · AUTO] Archivo descargado en: backend/descargas/cache_actas_cruce/MULTAS_JUZGADO_CRUCE.xlsx
[ACTUALIZAR PAGOS · AUTO] ⏱ [actas_juzgado] completado en 20.6s
[ACTUALIZAR PAGOS · AUTO] Archivo descargado en: backend/descargas/cache_actas_cruce/MULTAS_SIGEMI_CRUCE.xlsx
[ACTUALIZAR PAGOS · AUTO] ⏱ [actas_sigemi] completado en 40.8s
[ACTUALIZAR PAGOS · AUTO] ✅ TXT de pagos descargado en: backend/descargas/pagos/2026-07-20/PAGOS DESCARGADOS.txt
[ACTUALIZAR PAGOS · AUTO] ⏱ [pagos_txt] completado en 40.9s
[ACTUALIZAR PAGOS · AUTO] ⏱ TOTAL descargas en paralelo: 40.9s
[ACTUALIZAR PAGOS · AUTO] ✅ DescargasParalelasPaso finalizado. (⏱ 42.4s)
[ACTUALIZAR PAGOS · AUTO] ✓ [DescargasParalelasPaso] Completado.
[ACTUALIZAR PAGOS · AUTO] ▶ [CompararActasPaso] Iniciando...
[ACTUALIZAR PAGOS · AUTO] ==================================================
[ACTUALIZAR PAGOS · AUTO] 🚀 PASO: CompararActasPaso
[ACTUALIZAR PAGOS · AUTO] ==================================================
[ACTUALIZAR PAGOS · AUTO] 🔍 Comparando actas del SEMyT contra pagos del Juzgado...
[ACTUALIZAR PAGOS · AUTO] ================================================================================
[ACTUALIZAR PAGOS · AUTO] INICIANDO PROCESO DE GENERACIÓN DE PAGOS DESACTUALIZADOS
[ACTUALIZAR PAGOS · AUTO] ================================================================================
[ACTUALIZAR PAGOS · AUTO] 📂 Cargando archivos...
[ACTUALIZAR PAGOS · AUTO]   ✓ Pagos: 15299 registros
[ACTUALIZAR PAGOS · AUTO]   ✓ Excel SIGEMI (multas vencidas viejas): 104197 registros
[ACTUALIZAR PAGOS · AUTO]   ✓ Excel Juzgado (multas vencidas nuevas): 39522 registros
[ACTUALIZAR PAGOS · AUTO] ================================================================================
[ACTUALIZAR PAGOS · AUTO] PASO 1: LLENANDO ACTA_NUMERO (búsqueda por patente + fecha, con desempate por hora)
[ACTUALIZAR PAGOS · AUTO] ================================================================================
[ACTUALIZAR PAGOS · AUTO] 📊 ESTADÍSTICAS DE LLENADO DE ACTAS:
[ACTUALIZAR PAGOS · AUTO]   • Pagos con acta ORIGINAL: 1947
[ACTUALIZAR PAGOS · AUTO]   • Pagos SIN acta (buscados): 13352
[ACTUALIZAR PAGOS · AUTO]   • Pagos LLENADOS exitosamente: 19
[ACTUALIZAR PAGOS · AUTO]   • Pagos NO encontrados en multas: 13333
[ACTUALIZAR PAGOS · AUTO]   • Pagos SIN RESOLVER por desbalance de cantidades: 0
[ACTUALIZAR PAGOS · AUTO] ================================================================================
[ACTUALIZAR PAGOS · AUTO] PASO 1: LLENANDO ACTA_NUMERO (búsqueda por patente + fecha, con desempate por hora)
[ACTUALIZAR PAGOS · AUTO] ================================================================================
[ACTUALIZAR PAGOS · AUTO] 📊 ESTADÍSTICAS DE LLENADO DE ACTAS:
[ACTUALIZAR PAGOS · AUTO]   • Pagos con acta ORIGINAL: 1966
[ACTUALIZAR PAGOS · AUTO]   • Pagos SIN acta (buscados): 13333
[ACTUALIZAR PAGOS · AUTO]   • Pagos LLENADOS exitosamente: 0
[ACTUALIZAR PAGOS · AUTO]   • Pagos NO encontrados en multas: 13333
[ACTUALIZAR PAGOS · AUTO]   • Pagos SIN RESOLVER por desbalance de cantidades: 0
[ACTUALIZAR PAGOS · AUTO] ⏱ PASO 1 (llenar actas): 16.7s
[ACTUALIZAR PAGOS · AUTO] ================================================================================
[ACTUALIZAR PAGOS · AUTO] PASO 2: FILTRANDO PAGOS CON ACTA_NUMERO COMPLETO
[ACTUALIZAR PAGOS · AUTO] ================================================================================
[ACTUALIZAR PAGOS · AUTO] 📊 ESTADÍSTICAS DE FILTRADO:
[ACTUALIZAR PAGOS · AUTO]   • Pagos TOTALES al inicio: 15299
[ACTUALIZAR PAGOS · AUTO]   • Pagos CON acta (MANTIENEN): 1966
[ACTUALIZAR PAGOS · AUTO]   • Pagos RECHAZADOS (sin coincidencias): 13333
[ACTUALIZAR PAGOS · AUTO] ⚠️  Se eliminaron 13333 registros sin número de acta
[ACTUALIZAR PAGOS · AUTO]      (recordá: esto incluye tanto pagos ya actualizados/pagados
[ACTUALIZAR PAGOS · AUTO]       como pagos que quedaron sin resolver por desbalance en el Paso 1)
[ACTUALIZAR PAGOS · AUTO] ================================================================================
[ACTUALIZAR PAGOS · AUTO] PASO 2-bis: CONFIRMANDO VIGENCIA DE PAGOS DEL SISTEMA NUEVO (contra MULTAS_JUZGADO_CRUCE)
[ACTUALIZAR PAGOS · AUTO] ================================================================================
[ACTUALIZAR PAGOS · AUTO]   ⚠ 1939 pago(s) del sistema nuevo descartados: su acta ya no figura como vencida en MULTAS_JUZGADO_CRUCE (SEMyT ya los actualizó).
[ACTUALIZAR PAGOS · AUTO]   • Pagos del sistema nuevo descartados por ya estar actualizados: 1939
[ACTUALIZAR PAGOS · AUTO] ⏱ PASO 2 (filtrar): 0.8s
[ACTUALIZAR PAGOS · AUTO] 📂 Cargando maestro de causas SIGEMI...
[ACTUALIZAR PAGOS · AUTO]   ✓ Causas totales (maestro): 134069 registros
[ACTUALIZAR PAGOS · AUTO] ⏱ PASO 2.5 (causas simplificado): 0.2s
[ACTUALIZAR PAGOS · AUTO] ================================================================================
[ACTUALIZAR PAGOS · AUTO] PASO 2.5: ARMANDO causas.txt SIMPLIFICADO (cruce contra total_causas_sigemi.txt)
[ACTUALIZAR PAGOS · AUTO] ================================================================================
[ACTUALIZAR PAGOS · AUTO]   • Actas vencidas viejas (multas): 104197
[ACTUALIZAR PAGOS · AUTO]   • Causas totales en el maestro SIGEMI: 134069
[ACTUALIZAR PAGOS · AUTO]   • Causas que coinciden (simplificado): 104197
[ACTUALIZAR PAGOS · AUTO]   ✅ Archivo escrito: backend/descargas/causas/causas.txt
[ACTUALIZAR PAGOS · AUTO] ⏱ PASO 2.5 (causas simplificado): 2.7s
[ACTUALIZAR PAGOS · AUTO] ================================================================================
[ACTUALIZAR PAGOS · AUTO] PASO 3: LLENANDO CAUSA_NUMERO (según fecha de cambio de sistema, cruzando por acta + año)
[ACTUALIZAR PAGOS · AUTO] ================================================================================
[ACTUALIZAR PAGOS · AUTO] 📊 ESTADÍSTICAS DE LLENADO DE CAUSAS:
[ACTUALIZAR PAGOS · AUTO]   • Pagos con causa ORIGINAL: 8
[ACTUALIZAR PAGOS · AUTO]   • Causas encontradas en SIGEMI (actas viejas): 19
[ACTUALIZAR PAGOS · AUTO]   • Causas NO encontradas en SIGEMI: 0
[ACTUALIZAR PAGOS · AUTO]   • Causas asignadas automáticamente (actas nuevas): 0
[ACTUALIZAR PAGOS · AUTO] ⏱ PASO 3 (llenar causas): 0.0s
[ACTUALIZAR PAGOS · AUTO] ================================================================================
[ACTUALIZAR PAGOS · AUTO] PASO 4: ORDENANDO POR FECHA Y ACTA_NUMERO
[ACTUALIZAR PAGOS · AUTO] ================================================================================
[ACTUALIZAR PAGOS · AUTO] ✓ Pagos ordenados correctamente
[ACTUALIZAR PAGOS · AUTO]   • Primera entrada: Acta=14665, Fecha=23/07/2024
[ACTUALIZAR PAGOS · AUTO]   • Última entrada: Acta=307528, Fecha=05/05/2026
[ACTUALIZAR PAGOS · AUTO] 📝 Escribiendo archivo de salida...
[ACTUALIZAR PAGOS · AUTO]   ✅ Archivo escrito: backend/descargas/pagos/2026-07-20/PAGOS 20260720 124205.txt
[ACTUALIZAR PAGOS · AUTO]   ✅ Total registros: 3002
[ACTUALIZAR PAGOS · AUTO] ⏱ PASO 4 (ordenar y escribir): 0.0s
[ACTUALIZAR PAGOS · AUTO] ================================================================================
[ACTUALIZAR PAGOS · AUTO] ✅ PROCESO COMPLETADO EXITOSAMENTE
[ACTUALIZAR PAGOS · AUTO] ================================================================================
[ACTUALIZAR PAGOS · AUTO] 📊 RESUMEN FINAL DEL PROCESAMIENTO:
[ACTUALIZAR PAGOS · AUTO]   ENTRADA:
[ACTUALIZAR PAGOS · AUTO]     • Pagos originales: 15299
[ACTUALIZAR PAGOS · AUTO]     • Multas SIGEMI cargadas: 104197
[ACTUALIZAR PAGOS · AUTO]     • Multas Juzgado cargadas: 39522
[ACTUALIZAR PAGOS · AUTO]     • Causas simplificadas (usadas para el cruce): 104197
[ACTUALIZAR PAGOS · AUTO]   PROCESO:
[ACTUALIZAR PAGOS · AUTO]     • Pagos rechazados sigemi: 13333
[ACTUALIZAR PAGOS · AUTO]     • Pagos rechazados juzgado: 1939
[ACTUALIZAR PAGOS · AUTO]   SALIDA:
[ACTUALIZAR PAGOS · AUTO]     • Pagos desactualizados procesados: 27
[ACTUALIZAR PAGOS · AUTO]     • Archivo final: backend/descargas/pagos/2026-07-20/PAGOS 20260720 124205.txt
[ACTUALIZAR PAGOS · AUTO]     • Ordenados por fecha: SÍ ✓
[ACTUALIZAR PAGOS · AUTO]     • Todos con ACTA_NUMERO: SÍ ✓
[ACTUALIZAR PAGOS · AUTO]     • Todos con CAUSA_NUMERO: SÍ ✓
[ACTUALIZAR PAGOS · AUTO] ✅ TXT de pagos (ya cruzado con actas y causas) generado en: backend/descargas/pagos/2026-07-20/PAGOS 20260720 124205.txt
[ACTUALIZAR PAGOS · AUTO] 🧹 TXT de pagos crudo eliminado (ya usado en el cruce): backend/descargas/pagos/2026-07-20/PAGOS DESCARGADOS.txt
[ACTUALIZAR PAGOS · AUTO] 🧹 Excel MULTAS_SIGEMI_CRUCE eliminado (ya usado en el cruce): backend/descargas/cache_actas_cruce/MULTAS_SIGEMI_CRUCE.xlsx
[ACTUALIZAR PAGOS · AUTO] 🧹 Excel MULTAS_JUZGADO_CRUCE eliminado (ya usado en el cruce): backend/descargas/cache_actas_cruce/MULTAS_JUZGADO_CRUCE.xlsx
[ACTUALIZAR PAGOS · AUTO] ✅ CompararActasPaso finalizado. (⏱ 46.2s)
[ACTUALIZAR PAGOS · AUTO] ✓ [CompararActasPaso] Completado.
[ACTUALIZAR PAGOS · AUTO] ▶ [CargarPagosPaso] Iniciando...
[ACTUALIZAR PAGOS · AUTO] ==================================================
[ACTUALIZAR PAGOS · AUTO] 🚀 PASO: CargarPagosPaso
[ACTUALIZAR PAGOS · AUTO] ==================================================
[ACTUALIZAR PAGOS · AUTO] 📤 Subiendo TXT de pagos al SEMyT...
[ACTUALIZAR PAGOS · AUTO] ✅ Importación de pagos completada con éxito.
[ACTUALIZAR PAGOS · AUTO] ✅ Archivo TXT de pagos cargado en el SEMyT correctamente.
[ACTUALIZAR PAGOS · AUTO] ✅ CargarPagosPaso finalizado. (⏱ 4.3s)
[ACTUALIZAR PAGOS · AUTO] ✓ [CargarPagosPaso] Completado.
[ACTUALIZAR PAGOS · AUTO] === Ejecución finalizada con éxito ===
🤖 [Automático] Es hora de actualizar pagos. Arrancando...
[ACTUALIZAR PAGOS · AUTO] === Inicio de ejecución: pagos ===
[ACTUALIZAR PAGOS · AUTO] ▶ [LoginSemytPaso] Iniciando...
[ACTUALIZAR PAGOS · AUTO] ==================================================
[ACTUALIZAR PAGOS · AUTO] 🚀 PASO: LoginSemytPaso
[ACTUALIZAR PAGOS · AUTO] ==================================================
[ACTUALIZAR PAGOS · AUTO] Abriendo SEMyT...
[ACTUALIZAR PAGOS · AUTO] ✅ [SEMyT] Sesión existente detectada. Login omitido.
[ACTUALIZAR PAGOS · AUTO] ✅ LoginSemytPaso finalizado. (⏱ 4.0s)
[ACTUALIZAR PAGOS · AUTO] ✓ [LoginSemytPaso] Completado.
[ACTUALIZAR PAGOS · AUTO] ▶ [LoginJuzgadoPaso] Iniciando...
[ACTUALIZAR PAGOS · AUTO] ==================================================
[ACTUALIZAR PAGOS · AUTO] 🚀 PASO: LoginJuzgadoPaso
[ACTUALIZAR PAGOS · AUTO] ==================================================
[ACTUALIZAR PAGOS · AUTO] Abriendo sitio municipalidad (CiDi)...
[ACTUALIZAR PAGOS · AUTO] ✅ [Juzgado] Sesión existente detectada. Login omitido.
[ACTUALIZAR PAGOS · AUTO] ✅ LoginJuzgadoPaso finalizado. (⏱ 1.2s)
[ACTUALIZAR PAGOS · AUTO] ✓ [LoginJuzgadoPaso] Completado.
[ACTUALIZAR PAGOS · AUTO] ▶ [DescargasParalelasPaso] Iniciando...
[ACTUALIZAR PAGOS · AUTO] ==================================================
[ACTUALIZAR PAGOS · AUTO] 🚀 PASO: DescargasParalelasPaso
[ACTUALIZAR PAGOS · AUTO] ==================================================
[ACTUALIZAR PAGOS · AUTO] 📤 Arrancando las 3 descargas en paralelo (mismo browser, páginas separadas)...
[ACTUALIZAR PAGOS · AUTO] Fecha Desde: 27/06/2024
[ACTUALIZAR PAGOS · AUTO] Fecha Hasta: 24/11/2025
[ACTUALIZAR PAGOS · AUTO] Fecha Desde: 25/11/2025
[ACTUALIZAR PAGOS · AUTO] Fecha Hasta: 20/07/2026
[ACTUALIZAR PAGOS · AUTO] Descargando Excel...
[ACTUALIZAR PAGOS · AUTO] Descargando Excel...
⏳ [Automático] Tocaba disparar 'pagos' pero ya hay una ejecución en curso (Actualizar pagos); esperando a que termine; se reintenta en breve sin perder el turno.
[ACTUALIZAR PAGOS · AUTO] Archivo descargado en: backend/descargas/cache_actas_cruce/MULTAS_JUZGADO_CRUCE.xlsx
[ACTUALIZAR PAGOS · AUTO] ⏱ [actas_juzgado] completado en 19.0s
[ACTUALIZAR PAGOS · AUTO] Archivo descargado en: backend/descargas/cache_actas_cruce/MULTAS_SIGEMI_CRUCE.xlsx
[ACTUALIZAR PAGOS · AUTO] ⏱ [actas_sigemi] completado en 38.5s
[ACTUALIZAR PAGOS · AUTO] ✅ TXT de pagos descargado en: backend/descargas/pagos/2026-07-20/PAGOS DESCARGADOS.txt
[ACTUALIZAR PAGOS · AUTO] ⏱ [pagos_txt] completado en 38.5s
[ACTUALIZAR PAGOS · AUTO] ⏱ TOTAL descargas en paralelo: 38.5s
[ACTUALIZAR PAGOS · AUTO] ✅ DescargasParalelasPaso finalizado. (⏱ 40.0s)
[ACTUALIZAR PAGOS · AUTO] ✓ [DescargasParalelasPaso] Completado.
[ACTUALIZAR PAGOS · AUTO] ▶ [CompararActasPaso] Iniciando...
[ACTUALIZAR PAGOS · AUTO] ==================================================
[ACTUALIZAR PAGOS · AUTO] 🚀 PASO: CompararActasPaso
[ACTUALIZAR PAGOS · AUTO] ==================================================
[ACTUALIZAR PAGOS · AUTO] 🔍 Comparando actas del SEMyT contra pagos del Juzgado...
[ACTUALIZAR PAGOS · AUTO] ================================================================================
[ACTUALIZAR PAGOS · AUTO] INICIANDO PROCESO DE GENERACIÓN DE PAGOS DESACTUALIZADOS
[ACTUALIZAR PAGOS · AUTO] ================================================================================
[ACTUALIZAR PAGOS · AUTO] 📂 Cargando archivos...
[ACTUALIZAR PAGOS · AUTO]   ✓ Pagos: 15306 registros
[ACTUALIZAR PAGOS · AUTO]   ✓ Excel SIGEMI (multas vencidas viejas): 104178 registros
[ACTUALIZAR PAGOS · AUTO]   ✓ Excel Juzgado (multas vencidas nuevas): 39514 registros
[ACTUALIZAR PAGOS · AUTO] ================================================================================
[ACTUALIZAR PAGOS · AUTO] PASO 1: LLENANDO ACTA_NUMERO (búsqueda por patente + fecha, con desempate por hora)
[ACTUALIZAR PAGOS · AUTO] ================================================================================
[ACTUALIZAR PAGOS · AUTO] 📊 ESTADÍSTICAS DE LLENADO DE ACTAS:
[ACTUALIZAR PAGOS · AUTO]   • Pagos con acta ORIGINAL: 1951
[ACTUALIZAR PAGOS · AUTO]   • Pagos SIN acta (buscados): 13355
[ACTUALIZAR PAGOS · AUTO]   • Pagos LLENADOS exitosamente: 3
[ACTUALIZAR PAGOS · AUTO]   • Pagos NO encontrados en multas: 13352
[ACTUALIZAR PAGOS · AUTO]   • Pagos SIN RESOLVER por desbalance de cantidades: 0
[ACTUALIZAR PAGOS · AUTO] ================================================================================
[ACTUALIZAR PAGOS · AUTO] PASO 1: LLENANDO ACTA_NUMERO (búsqueda por patente + fecha, con desempate por hora)
[ACTUALIZAR PAGOS · AUTO] ================================================================================
[ACTUALIZAR PAGOS · AUTO] 📊 ESTADÍSTICAS DE LLENADO DE ACTAS:
[ACTUALIZAR PAGOS · AUTO]   • Pagos con acta ORIGINAL: 1954
[ACTUALIZAR PAGOS · AUTO]   • Pagos SIN acta (buscados): 13352
[ACTUALIZAR PAGOS · AUTO]   • Pagos LLENADOS exitosamente: 0
[ACTUALIZAR PAGOS · AUTO]   • Pagos NO encontrados en multas: 13352
[ACTUALIZAR PAGOS · AUTO]   • Pagos SIN RESOLVER por desbalance de cantidades: 0
[ACTUALIZAR PAGOS · AUTO] ⏱ PASO 1 (llenar actas): 16.6s
[ACTUALIZAR PAGOS · AUTO] ================================================================================
[ACTUALIZAR PAGOS · AUTO] PASO 2: FILTRANDO PAGOS CON ACTA_NUMERO COMPLETO
[ACTUALIZAR PAGOS · AUTO] ================================================================================
[ACTUALIZAR PAGOS · AUTO] 📊 ESTADÍSTICAS DE FILTRADO:
[ACTUALIZAR PAGOS · AUTO]   • Pagos TOTALES al inicio: 15306
[ACTUALIZAR PAGOS · AUTO]   • Pagos CON acta (MANTIENEN): 1954
[ACTUALIZAR PAGOS · AUTO]   • Pagos RECHAZADOS (sin coincidencias): 13352
[ACTUALIZAR PAGOS · AUTO] ⚠️  Se eliminaron 13352 registros sin número de acta
[ACTUALIZAR PAGOS · AUTO]      (recordá: esto incluye tanto pagos ya actualizados/pagados
[ACTUALIZAR PAGOS · AUTO]       como pagos que quedaron sin resolver por desbalance en el Paso 1)
[ACTUALIZAR PAGOS · AUTO] ================================================================================
[ACTUALIZAR PAGOS · AUTO] PASO 2-bis: CONFIRMANDO VIGENCIA DE PAGOS DEL SISTEMA NUEVO (contra MULTAS_JUZGADO_CRUCE)
[ACTUALIZAR PAGOS · AUTO] ================================================================================
[ACTUALIZAR PAGOS · AUTO]   ⚠ 1947 pago(s) del sistema nuevo descartados: su acta ya no figura como vencida en MULTAS_JUZGADO_CRUCE (SEMyT ya los actualizó).
[ACTUALIZAR PAGOS · AUTO]   • Pagos del sistema nuevo descartados por ya estar actualizados: 1947
[ACTUALIZAR PAGOS · AUTO] ⏱ PASO 2 (filtrar): 0.8s
[ACTUALIZAR PAGOS · AUTO] 📂 Cargando maestro de causas SIGEMI...
[ACTUALIZAR PAGOS · AUTO]   ✓ Causas totales (maestro): 134069 registros
[ACTUALIZAR PAGOS · AUTO] ⏱ PASO 2.5 (causas simplificado): 0.2s
[ACTUALIZAR PAGOS · AUTO] ================================================================================
[ACTUALIZAR PAGOS · AUTO] PASO 2.5: ARMANDO causas.txt SIMPLIFICADO (cruce contra total_causas_sigemi.txt)
[ACTUALIZAR PAGOS · AUTO] ================================================================================
[ACTUALIZAR PAGOS · AUTO]   • Actas vencidas viejas (multas): 104178
[ACTUALIZAR PAGOS · AUTO]   • Causas totales en el maestro SIGEMI: 134069
[ACTUALIZAR PAGOS · AUTO]   • Causas que coinciden (simplificado): 104178
[ACTUALIZAR PAGOS · AUTO]   ✅ Archivo escrito: backend/descargas/causas/causas.txt
[ACTUALIZAR PAGOS · AUTO] ⏱ PASO 2.5 (causas simplificado): 2.6s
[ACTUALIZAR PAGOS · AUTO] ================================================================================
[ACTUALIZAR PAGOS · AUTO] PASO 3: LLENANDO CAUSA_NUMERO (según fecha de cambio de sistema, cruzando por acta + año)
[ACTUALIZAR PAGOS · AUTO] ================================================================================
[ACTUALIZAR PAGOS · AUTO] 📊 ESTADÍSTICAS DE LLENADO DE CAUSAS:
[ACTUALIZAR PAGOS · AUTO]   • Pagos con causa ORIGINAL: 4
[ACTUALIZAR PAGOS · AUTO]   • Causas encontradas en SIGEMI (actas viejas): 3
[ACTUALIZAR PAGOS · AUTO]   • Causas NO encontradas en SIGEMI: 0
[ACTUALIZAR PAGOS · AUTO]   • Causas asignadas automáticamente (actas nuevas): 0
[ACTUALIZAR PAGOS · AUTO] ⏱ PASO 3 (llenar causas): 0.0s
[ACTUALIZAR PAGOS · AUTO] ================================================================================
[ACTUALIZAR PAGOS · AUTO] PASO 4: ORDENANDO POR FECHA Y ACTA_NUMERO
[ACTUALIZAR PAGOS · AUTO] ================================================================================
[ACTUALIZAR PAGOS · AUTO] ✓ Pagos ordenados correctamente
[ACTUALIZAR PAGOS · AUTO]   • Primera entrada: Acta=176686, Fecha=17/07/2025
[ACTUALIZAR PAGOS · AUTO]   • Última entrada: Acta=306832, Fecha=04/05/2026
[ACTUALIZAR PAGOS · AUTO] 📝 Escribiendo archivo de salida...
[ACTUALIZAR PAGOS · AUTO]   ✅ Archivo escrito: backend/descargas/pagos/2026-07-20/PAGOS 20260720 125355.txt
[ACTUALIZAR PAGOS · AUTO]   ✅ Total registros: 894
[ACTUALIZAR PAGOS · AUTO] ⏱ PASO 4 (ordenar y escribir): 0.0s
[ACTUALIZAR PAGOS · AUTO] ================================================================================
[ACTUALIZAR PAGOS · AUTO] ✅ PROCESO COMPLETADO EXITOSAMENTE
[ACTUALIZAR PAGOS · AUTO] ================================================================================
[ACTUALIZAR PAGOS · AUTO] 📊 RESUMEN FINAL DEL PROCESAMIENTO:
[ACTUALIZAR PAGOS · AUTO]   ENTRADA:
[ACTUALIZAR PAGOS · AUTO]     • Pagos originales: 15306
[ACTUALIZAR PAGOS · AUTO]     • Multas SIGEMI cargadas: 104178
[ACTUALIZAR PAGOS · AUTO]     • Multas Juzgado cargadas: 39514
[ACTUALIZAR PAGOS · AUTO]     • Causas simplificadas (usadas para el cruce): 104178
[ACTUALIZAR PAGOS · AUTO]   PROCESO:
[ACTUALIZAR PAGOS · AUTO]     • Pagos rechazados sigemi: 13352
[ACTUALIZAR PAGOS · AUTO]     • Pagos rechazados juzgado: 1947
[ACTUALIZAR PAGOS · AUTO]   SALIDA:
[ACTUALIZAR PAGOS · AUTO]     • Pagos desactualizados procesados: 7
[ACTUALIZAR PAGOS · AUTO]     • Archivo final: backend/descargas/pagos/2026-07-20/PAGOS 20260720 125355.txt
[ACTUALIZAR PAGOS · AUTO]     • Ordenados por fecha: SÍ ✓
[ACTUALIZAR PAGOS · AUTO]     • Todos con ACTA_NUMERO: SÍ ✓
[ACTUALIZAR PAGOS · AUTO]     • Todos con CAUSA_NUMERO: SÍ ✓
[ACTUALIZAR PAGOS · AUTO] ✅ TXT de pagos (ya cruzado con actas y causas) generado en: backend/descargas/pagos/2026-07-20/PAGOS 20260720 125355.txt
[ACTUALIZAR PAGOS · AUTO] 🧹 TXT de pagos crudo eliminado (ya usado en el cruce): backend/descargas/pagos/2026-07-20/PAGOS DESCARGADOS.txt
[ACTUALIZAR PAGOS · AUTO] 🧹 Excel MULTAS_SIGEMI_CRUCE eliminado (ya usado en el cruce): backend/descargas/cache_actas_cruce/MULTAS_SIGEMI_CRUCE.xlsx
[ACTUALIZAR PAGOS · AUTO] 🧹 Excel MULTAS_JUZGADO_CRUCE eliminado (ya usado en el cruce): backend/descargas/cache_actas_cruce/MULTAS_JUZGADO_CRUCE.xlsx
[ACTUALIZAR PAGOS · AUTO] ✅ CompararActasPaso finalizado. (⏱ 51.3s)
[ACTUALIZAR PAGOS · AUTO] ✓ [CompararActasPaso] Completado.
[ACTUALIZAR PAGOS · AUTO] ▶ [CargarPagosPaso] Iniciando...
[ACTUALIZAR PAGOS · AUTO] ==================================================
[ACTUALIZAR PAGOS · AUTO] 🚀 PASO: CargarPagosPaso
[ACTUALIZAR PAGOS · AUTO] ==================================================
[ACTUALIZAR PAGOS · AUTO] 📤 Subiendo TXT de pagos al SEMyT...
[ACTUALIZAR PAGOS · AUTO] ✅ Importación de pagos completada con éxito.
[ACTUALIZAR PAGOS · AUTO] ✅ Archivo TXT de pagos cargado en el SEMyT correctamente.
[ACTUALIZAR PAGOS · AUTO] ✅ CargarPagosPaso finalizado. (⏱ 4.4s)
[ACTUALIZAR PAGOS · AUTO] ✓ [CargarPagosPaso] Completado.
[ACTUALIZAR PAGOS · AUTO] === Ejecución finalizada con éxito ===
🤖 [Automático] Es hora de actualizar pagos. Arrancando...
[ACTUALIZAR PAGOS · AUTO] === Inicio de ejecución: pagos ===
[ACTUALIZAR PAGOS · AUTO] ▶ [LoginSemytPaso] Iniciando...
[ACTUALIZAR PAGOS · AUTO] ==================================================
[ACTUALIZAR PAGOS · AUTO] 🚀 PASO: LoginSemytPaso
[ACTUALIZAR PAGOS · AUTO] ==================================================
[ACTUALIZAR PAGOS · AUTO] Abriendo SEMyT...
[ACTUALIZAR PAGOS · AUTO] ✅ [SEMyT] Sesión existente detectada. Login omitido.
[ACTUALIZAR PAGOS · AUTO] ✅ LoginSemytPaso finalizado. (⏱ 4.6s)
[ACTUALIZAR PAGOS · AUTO] ✓ [LoginSemytPaso] Completado.
[ACTUALIZAR PAGOS · AUTO] ▶ [LoginJuzgadoPaso] Iniciando...
[ACTUALIZAR PAGOS · AUTO] ==================================================
[ACTUALIZAR PAGOS · AUTO] 🚀 PASO: LoginJuzgadoPaso
[ACTUALIZAR PAGOS · AUTO] ==================================================
[ACTUALIZAR PAGOS · AUTO] Abriendo sitio municipalidad (CiDi)...
[ACTUALIZAR PAGOS · AUTO] ✅ [Juzgado] Sesión existente detectada. Login omitido.
[ACTUALIZAR PAGOS · AUTO] ✅ LoginJuzgadoPaso finalizado. (⏱ 1.3s)
[ACTUALIZAR PAGOS · AUTO] ✓ [LoginJuzgadoPaso] Completado.
[ACTUALIZAR PAGOS · AUTO] ▶ [DescargasParalelasPaso] Iniciando...
[ACTUALIZAR PAGOS · AUTO] ==================================================
[ACTUALIZAR PAGOS · AUTO] 🚀 PASO: DescargasParalelasPaso
[ACTUALIZAR PAGOS · AUTO] ==================================================
[ACTUALIZAR PAGOS · AUTO] 📤 Arrancando las 3 descargas en paralelo (mismo browser, páginas separadas)...
[ACTUALIZAR PAGOS · AUTO] Fecha Desde: 27/06/2024
[ACTUALIZAR PAGOS · AUTO] Fecha Hasta: 24/11/2025
[ACTUALIZAR PAGOS · AUTO] Fecha Desde: 25/11/2025
[ACTUALIZAR PAGOS · AUTO] Fecha Hasta: 20/07/2026
[ACTUALIZAR PAGOS · AUTO] Descargando Excel...
[ACTUALIZAR PAGOS · AUTO] Descargando Excel...
⏳ [Automático] Tocaba disparar 'pagos' pero ya hay una ejecución en curso (Actualizar pagos); esperando a que termine; se reintenta en breve sin perder el turno.
[ACTUALIZAR PAGOS · AUTO] Archivo descargado en: backend/descargas/cache_actas_cruce/MULTAS_JUZGADO_CRUCE.xlsx
[ACTUALIZAR PAGOS · AUTO] ⏱ [actas_juzgado] completado en 20.1s
[ACTUALIZAR PAGOS · AUTO] ✅ TXT de pagos descargado en: backend/descargas/pagos/2026-07-20/PAGOS DESCARGADOS.txt
[ACTUALIZAR PAGOS · AUTO] ⏱ [pagos_txt] completado en 20.5s
[ACTUALIZAR PAGOS · AUTO] Archivo descargado en: backend/descargas/cache_actas_cruce/MULTAS_SIGEMI_CRUCE.xlsx
[ACTUALIZAR PAGOS · AUTO] ⏱ [actas_sigemi] completado en 41.7s
[ACTUALIZAR PAGOS · AUTO] ⏱ TOTAL descargas en paralelo: 41.8s
[ACTUALIZAR PAGOS · AUTO] ✅ DescargasParalelasPaso finalizado. (⏱ 43.2s)
[ACTUALIZAR PAGOS · AUTO] ✓ [DescargasParalelasPaso] Completado.
[ACTUALIZAR PAGOS · AUTO] ▶ [CompararActasPaso] Iniciando...
[ACTUALIZAR PAGOS · AUTO] ==================================================
[ACTUALIZAR PAGOS · AUTO] 🚀 PASO: CompararActasPaso
[ACTUALIZAR PAGOS · AUTO] ==================================================
[ACTUALIZAR PAGOS · AUTO] 🔍 Comparando actas del SEMyT contra pagos del Juzgado...
[ACTUALIZAR PAGOS · AUTO] ================================================================================
[ACTUALIZAR PAGOS · AUTO] INICIANDO PROCESO DE GENERACIÓN DE PAGOS DESACTUALIZADOS
[ACTUALIZAR PAGOS · AUTO] ================================================================================
[ACTUALIZAR PAGOS · AUTO] 📂 Cargando archivos...
[ACTUALIZAR PAGOS · AUTO]   ✓ Pagos: 15310 registros
[ACTUALIZAR PAGOS · AUTO]   ✓ Excel SIGEMI (multas vencidas viejas): 104175 registros
[ACTUALIZAR PAGOS · AUTO]   ✓ Excel Juzgado (multas vencidas nuevas): 39510 registros
[ACTUALIZAR PAGOS · AUTO] ================================================================================
[ACTUALIZAR PAGOS · AUTO] PASO 1: LLENANDO ACTA_NUMERO (búsqueda por patente + fecha, con desempate por hora)
[ACTUALIZAR PAGOS · AUTO] ================================================================================
[ACTUALIZAR PAGOS · AUTO] 📊 ESTADÍSTICAS DE LLENADO DE ACTAS:
[ACTUALIZAR PAGOS · AUTO]   • Pagos con acta ORIGINAL: 1955
[ACTUALIZAR PAGOS · AUTO]   • Pagos SIN acta (buscados): 13355
[ACTUALIZAR PAGOS · AUTO]   • Pagos LLENADOS exitosamente: 0
[ACTUALIZAR PAGOS · AUTO]   • Pagos NO encontrados en multas: 13355
[ACTUALIZAR PAGOS · AUTO]   • Pagos SIN RESOLVER por desbalance de cantidades: 0
[ACTUALIZAR PAGOS · AUTO] ================================================================================
[ACTUALIZAR PAGOS · AUTO] PASO 1: LLENANDO ACTA_NUMERO (búsqueda por patente + fecha, con desempate por hora)
[ACTUALIZAR PAGOS · AUTO] ================================================================================
[ACTUALIZAR PAGOS · AUTO] 📊 ESTADÍSTICAS DE LLENADO DE ACTAS:
[ACTUALIZAR PAGOS · AUTO]   • Pagos con acta ORIGINAL: 1955
[ACTUALIZAR PAGOS · AUTO]   • Pagos SIN acta (buscados): 13355
[ACTUALIZAR PAGOS · AUTO]   • Pagos LLENADOS exitosamente: 0
[ACTUALIZAR PAGOS · AUTO]   • Pagos NO encontrados en multas: 13355
[ACTUALIZAR PAGOS · AUTO]   • Pagos SIN RESOLVER por desbalance de cantidades: 0
[ACTUALIZAR PAGOS · AUTO] ⏱ PASO 1 (llenar actas): 18.4s
[ACTUALIZAR PAGOS · AUTO] ================================================================================
[ACTUALIZAR PAGOS · AUTO] PASO 2: FILTRANDO PAGOS CON ACTA_NUMERO COMPLETO
[ACTUALIZAR PAGOS · AUTO] ================================================================================
[ACTUALIZAR PAGOS · AUTO] 📊 ESTADÍSTICAS DE FILTRADO:
[ACTUALIZAR PAGOS · AUTO]   • Pagos TOTALES al inicio: 15310
[ACTUALIZAR PAGOS · AUTO]   • Pagos CON acta (MANTIENEN): 1955
[ACTUALIZAR PAGOS · AUTO]   • Pagos RECHAZADOS (sin coincidencias): 13355
[ACTUALIZAR PAGOS · AUTO] ⚠️  Se eliminaron 13355 registros sin número de acta
[ACTUALIZAR PAGOS · AUTO]      (recordá: esto incluye tanto pagos ya actualizados/pagados
[ACTUALIZAR PAGOS · AUTO]       como pagos que quedaron sin resolver por desbalance en el Paso 1)
[ACTUALIZAR PAGOS · AUTO] ================================================================================
[ACTUALIZAR PAGOS · AUTO] PASO 2-bis: CONFIRMANDO VIGENCIA DE PAGOS DEL SISTEMA NUEVO (contra MULTAS_JUZGADO_CRUCE)
[ACTUALIZAR PAGOS · AUTO] ================================================================================
[ACTUALIZAR PAGOS · AUTO]   ⚠ 1951 pago(s) del sistema nuevo descartados: su acta ya no figura como vencida en MULTAS_JUZGADO_CRUCE (SEMyT ya los actualizó).
[ACTUALIZAR PAGOS · AUTO]   • Pagos del sistema nuevo descartados por ya estar actualizados: 1951
[ACTUALIZAR PAGOS · AUTO] ⏱ PASO 2 (filtrar): 0.9s
[ACTUALIZAR PAGOS · AUTO] 📂 Cargando maestro de causas SIGEMI...
[ACTUALIZAR PAGOS · AUTO]   ✓ Causas totales (maestro): 134069 registros
[ACTUALIZAR PAGOS · AUTO] ⏱ PASO 2.5 (causas simplificado): 0.2s
[ACTUALIZAR PAGOS · AUTO] ================================================================================
[ACTUALIZAR PAGOS · AUTO] PASO 2.5: ARMANDO causas.txt SIMPLIFICADO (cruce contra total_causas_sigemi.txt)
[ACTUALIZAR PAGOS · AUTO] ================================================================================
[ACTUALIZAR PAGOS · AUTO]   • Actas vencidas viejas (multas): 104175
[ACTUALIZAR PAGOS · AUTO]   • Causas totales en el maestro SIGEMI: 134069
[ACTUALIZAR PAGOS · AUTO]   • Causas que coinciden (simplificado): 104175
[ACTUALIZAR PAGOS · AUTO]   ✅ Archivo escrito: backend/descargas/causas/causas.txt
[ACTUALIZAR PAGOS · AUTO] ⏱ PASO 2.5 (causas simplificado): 3.0s
[ACTUALIZAR PAGOS · AUTO] ================================================================================
[ACTUALIZAR PAGOS · AUTO] PASO 3: LLENANDO CAUSA_NUMERO (según fecha de cambio de sistema, cruzando por acta + año)
[ACTUALIZAR PAGOS · AUTO] ================================================================================
[ACTUALIZAR PAGOS · AUTO] 📊 ESTADÍSTICAS DE LLENADO DE CAUSAS:
[ACTUALIZAR PAGOS · AUTO]   • Pagos con causa ORIGINAL: 4
[ACTUALIZAR PAGOS · AUTO]   • Causas encontradas en SIGEMI (actas viejas): 0
[ACTUALIZAR PAGOS · AUTO]   • Causas NO encontradas en SIGEMI: 0
[ACTUALIZAR PAGOS · AUTO]   • Causas asignadas automáticamente (actas nuevas): 0
[ACTUALIZAR PAGOS · AUTO] ⏱ PASO 3 (llenar causas): 0.0s
[ACTUALIZAR PAGOS · AUTO] ================================================================================
[ACTUALIZAR PAGOS · AUTO] PASO 4: ORDENANDO POR FECHA Y ACTA_NUMERO
[ACTUALIZAR PAGOS · AUTO] ================================================================================
[ACTUALIZAR PAGOS · AUTO] ✓ Pagos ordenados correctamente
[ACTUALIZAR PAGOS · AUTO]   • Primera entrada: Acta=247425, Fecha=17/12/2025
[ACTUALIZAR PAGOS · AUTO]   • Última entrada: Acta=281833, Fecha=18/03/2026
[ACTUALIZAR PAGOS · AUTO] 📝 Escribiendo archivo de salida...
[ACTUALIZAR PAGOS · AUTO]   ✅ Archivo escrito: backend/descargas/pagos/2026-07-20/PAGOS 20260720 130552.txt
[ACTUALIZAR PAGOS · AUTO]   ✅ Total registros: 571
[ACTUALIZAR PAGOS · AUTO] ⏱ PASO 4 (ordenar y escribir): 0.0s
[ACTUALIZAR PAGOS · AUTO] ================================================================================
[ACTUALIZAR PAGOS · AUTO] ✅ PROCESO COMPLETADO EXITOSAMENTE
[ACTUALIZAR PAGOS · AUTO] ================================================================================
[ACTUALIZAR PAGOS · AUTO] 📊 RESUMEN FINAL DEL PROCESAMIENTO:
[ACTUALIZAR PAGOS · AUTO]   ENTRADA:
[ACTUALIZAR PAGOS · AUTO]     • Pagos originales: 15310
[ACTUALIZAR PAGOS · AUTO]     • Multas SIGEMI cargadas: 104175
[ACTUALIZAR PAGOS · AUTO]     • Multas Juzgado cargadas: 39510
[ACTUALIZAR PAGOS · AUTO]     • Causas simplificadas (usadas para el cruce): 104175
[ACTUALIZAR PAGOS · AUTO]   PROCESO:
[ACTUALIZAR PAGOS · AUTO]     • Pagos rechazados sigemi: 13355
[ACTUALIZAR PAGOS · AUTO]     • Pagos rechazados juzgado: 1951
[ACTUALIZAR PAGOS · AUTO]   SALIDA:
[ACTUALIZAR PAGOS · AUTO]     • Pagos desactualizados procesados: 4
[ACTUALIZAR PAGOS · AUTO]     • Archivo final: backend/descargas/pagos/2026-07-20/PAGOS 20260720 130552.txt
[ACTUALIZAR PAGOS · AUTO]     • Ordenados por fecha: SÍ ✓
[ACTUALIZAR PAGOS · AUTO]     • Todos con ACTA_NUMERO: SÍ ✓
[ACTUALIZAR PAGOS · AUTO]     • Todos con CAUSA_NUMERO: SÍ ✓
[ACTUALIZAR PAGOS · AUTO] ✅ TXT de pagos (ya cruzado con actas y causas) generado en: backend/descargas/pagos/2026-07-20/PAGOS 20260720 130552.txt
[ACTUALIZAR PAGOS · AUTO] 🧹 TXT de pagos crudo eliminado (ya usado en el cruce): backend/descargas/pagos/2026-07-20/PAGOS DESCARGADOS.txt
[ACTUALIZAR PAGOS · AUTO] 🧹 Excel MULTAS_SIGEMI_CRUCE eliminado (ya usado en el cruce): backend/descargas/cache_actas_cruce/MULTAS_SIGEMI_CRUCE.xlsx
[ACTUALIZAR PAGOS · AUTO] 🧹 Excel MULTAS_JUZGADO_CRUCE eliminado (ya usado en el cruce): backend/descargas/cache_actas_cruce/MULTAS_JUZGADO_CRUCE.xlsx
[ACTUALIZAR PAGOS · AUTO] ✅ CompararActasPaso finalizado. (⏱ 51.0s)
[ACTUALIZAR PAGOS · AUTO] ✓ [CompararActasPaso] Completado.
[ACTUALIZAR PAGOS · AUTO] ▶ [CargarPagosPaso] Iniciando...
[ACTUALIZAR PAGOS · AUTO] ==================================================
[ACTUALIZAR PAGOS · AUTO] 🚀 PASO: CargarPagosPaso
[ACTUALIZAR PAGOS · AUTO] ==================================================
[ACTUALIZAR PAGOS · AUTO] 📤 Subiendo TXT de pagos al SEMyT...
[ACTUALIZAR PAGOS · AUTO] ✅ Importación de pagos completada con éxito.
[ACTUALIZAR PAGOS · AUTO] ✅ Archivo TXT de pagos cargado en el SEMyT correctamente.
[ACTUALIZAR PAGOS · AUTO] ✅ CargarPagosPaso finalizado. (⏱ 2.9s)
[ACTUALIZAR PAGOS · AUTO] ✓ [CargarPagosPaso] Completado.
[ACTUALIZAR PAGOS · AUTO] === Ejecución finalizada con éxito ===
🤖 [Automático] Es hora de actualizar pagos. Arrancando...
[ACTUALIZAR PAGOS · AUTO] === Inicio de ejecución: pagos ===
[ACTUALIZAR PAGOS · AUTO] ▶ [LoginSemytPaso] Iniciando...
[ACTUALIZAR PAGOS · AUTO] ==================================================
[ACTUALIZAR PAGOS · AUTO] 🚀 PASO: LoginSemytPaso
[ACTUALIZAR PAGOS · AUTO] ==================================================
[ACTUALIZAR PAGOS · AUTO] Abriendo SEMyT...
[ACTUALIZAR PAGOS · AUTO] ✅ [SEMyT] Sesión existente detectada. Login omitido.
[ACTUALIZAR PAGOS · AUTO] ✅ LoginSemytPaso finalizado. (⏱ 4.9s)
[ACTUALIZAR PAGOS · AUTO] ✓ [LoginSemytPaso] Completado.
[ACTUALIZAR PAGOS · AUTO] ▶ [LoginJuzgadoPaso] Iniciando...
[ACTUALIZAR PAGOS · AUTO] ==================================================
[ACTUALIZAR PAGOS · AUTO] 🚀 PASO: LoginJuzgadoPaso
[ACTUALIZAR PAGOS · AUTO] ==================================================
[ACTUALIZAR PAGOS · AUTO] Abriendo sitio municipalidad (CiDi)...
[ACTUALIZAR PAGOS · AUTO] ✅ [Juzgado] Sesión existente detectada. Login omitido.
[ACTUALIZAR PAGOS · AUTO] ✅ LoginJuzgadoPaso finalizado. (⏱ 1.3s)
[ACTUALIZAR PAGOS · AUTO] ✓ [LoginJuzgadoPaso] Completado.
[ACTUALIZAR PAGOS · AUTO] ▶ [DescargasParalelasPaso] Iniciando...
[ACTUALIZAR PAGOS · AUTO] ==================================================
[ACTUALIZAR PAGOS · AUTO] 🚀 PASO: DescargasParalelasPaso
[ACTUALIZAR PAGOS · AUTO] ==================================================
[ACTUALIZAR PAGOS · AUTO] 📤 Arrancando las 3 descargas en paralelo (mismo browser, páginas separadas)...
[ACTUALIZAR PAGOS · AUTO] Fecha Desde: 27/06/2024
[ACTUALIZAR PAGOS · AUTO] Fecha Hasta: 24/11/2025
[ACTUALIZAR PAGOS · AUTO] Fecha Desde: 25/11/2025
[ACTUALIZAR PAGOS · AUTO] Fecha Hasta: 20/07/2026
[ACTUALIZAR PAGOS · AUTO] Descargando Excel...
[ACTUALIZAR PAGOS · AUTO] Descargando Excel...
⏳ [Automático] Tocaba disparar 'pagos' pero ya hay una ejecución en curso (Actualizar pagos); esperando a que termine; se reintenta en breve sin perder el turno.
[ACTUALIZAR PAGOS · AUTO] Archivo descargado en: backend/descargas/cache_actas_cruce/MULTAS_JUZGADO_CRUCE.xlsx
[ACTUALIZAR PAGOS · AUTO] ⏱ [actas_juzgado] completado en 19.3s
[ACTUALIZAR PAGOS · AUTO] ✅ TXT de pagos descargado en: backend/descargas/pagos/2026-07-20/PAGOS DESCARGADOS.txt
[ACTUALIZAR PAGOS · AUTO] ⏱ [pagos_txt] completado en 20.1s
[ACTUALIZAR PAGOS · AUTO] Archivo descargado en: backend/descargas/cache_actas_cruce/MULTAS_SIGEMI_CRUCE.xlsx
[ACTUALIZAR PAGOS · AUTO] ⏱ [actas_sigemi] completado en 42.8s
[ACTUALIZAR PAGOS · AUTO] ⏱ TOTAL descargas en paralelo: 42.8s
[ACTUALIZAR PAGOS · AUTO] ✅ DescargasParalelasPaso finalizado. (⏱ 44.4s)
[ACTUALIZAR PAGOS · AUTO] ✓ [DescargasParalelasPaso] Completado.
[ACTUALIZAR PAGOS · AUTO] ▶ [CompararActasPaso] Iniciando...
[ACTUALIZAR PAGOS · AUTO] ==================================================
[ACTUALIZAR PAGOS · AUTO] 🚀 PASO: CompararActasPaso
[ACTUALIZAR PAGOS · AUTO] ==================================================
[ACTUALIZAR PAGOS · AUTO] 🔍 Comparando actas del SEMyT contra pagos del Juzgado...
[ACTUALIZAR PAGOS · AUTO] ================================================================================
[ACTUALIZAR PAGOS · AUTO] INICIANDO PROCESO DE GENERACIÓN DE PAGOS DESACTUALIZADOS
[ACTUALIZAR PAGOS · AUTO] ================================================================================
[ACTUALIZAR PAGOS · AUTO] 📂 Cargando archivos...
[ACTUALIZAR PAGOS · AUTO]   ✓ Pagos: 15311 registros
[ACTUALIZAR PAGOS · AUTO]   ✓ Excel SIGEMI (multas vencidas viejas): 104175 registros
[ACTUALIZAR PAGOS · AUTO]   ✓ Excel Juzgado (multas vencidas nuevas): 39506 registros
[ACTUALIZAR PAGOS · AUTO] ================================================================================
[ACTUALIZAR PAGOS · AUTO] PASO 1: LLENANDO ACTA_NUMERO (búsqueda por patente + fecha, con desempate por hora)
[ACTUALIZAR PAGOS · AUTO] ================================================================================
[ACTUALIZAR PAGOS · AUTO] 📊 ESTADÍSTICAS DE LLENADO DE ACTAS:
[ACTUALIZAR PAGOS · AUTO]   • Pagos con acta ORIGINAL: 1956
[ACTUALIZAR PAGOS · AUTO]   • Pagos SIN acta (buscados): 13355
[ACTUALIZAR PAGOS · AUTO]   • Pagos LLENADOS exitosamente: 0
[ACTUALIZAR PAGOS · AUTO]   • Pagos NO encontrados en multas: 13355
[ACTUALIZAR PAGOS · AUTO]   • Pagos SIN RESOLVER por desbalance de cantidades: 0
[ACTUALIZAR PAGOS · AUTO] ================================================================================
[ACTUALIZAR PAGOS · AUTO] PASO 1: LLENANDO ACTA_NUMERO (búsqueda por patente + fecha, con desempate por hora)
[ACTUALIZAR PAGOS · AUTO] ================================================================================
[ACTUALIZAR PAGOS · AUTO] 📊 ESTADÍSTICAS DE LLENADO DE ACTAS:
[ACTUALIZAR PAGOS · AUTO]   • Pagos con acta ORIGINAL: 1956
[ACTUALIZAR PAGOS · AUTO]   • Pagos SIN acta (buscados): 13355
[ACTUALIZAR PAGOS · AUTO]   • Pagos LLENADOS exitosamente: 0
[ACTUALIZAR PAGOS · AUTO]   • Pagos NO encontrados en multas: 13355
[ACTUALIZAR PAGOS · AUTO]   • Pagos SIN RESOLVER por desbalance de cantidades: 0
[ACTUALIZAR PAGOS · AUTO] ⏱ PASO 1 (llenar actas): 18.2s
[ACTUALIZAR PAGOS · AUTO] ================================================================================
[ACTUALIZAR PAGOS · AUTO] PASO 2: FILTRANDO PAGOS CON ACTA_NUMERO COMPLETO
[ACTUALIZAR PAGOS · AUTO] ================================================================================
[ACTUALIZAR PAGOS · AUTO] 📊 ESTADÍSTICAS DE FILTRADO:
[ACTUALIZAR PAGOS · AUTO]   • Pagos TOTALES al inicio: 15311
[ACTUALIZAR PAGOS · AUTO]   • Pagos CON acta (MANTIENEN): 1956
[ACTUALIZAR PAGOS · AUTO]   • Pagos RECHAZADOS (sin coincidencias): 13355
[ACTUALIZAR PAGOS · AUTO] ⚠️  Se eliminaron 13355 registros sin número de acta
[ACTUALIZAR PAGOS · AUTO]      (recordá: esto incluye tanto pagos ya actualizados/pagados
[ACTUALIZAR PAGOS · AUTO]       como pagos que quedaron sin resolver por desbalance en el Paso 1)
[ACTUALIZAR PAGOS · AUTO] ================================================================================
[ACTUALIZAR PAGOS · AUTO] PASO 2-bis: CONFIRMANDO VIGENCIA DE PAGOS DEL SISTEMA NUEVO (contra MULTAS_JUZGADO_CRUCE)
[ACTUALIZAR PAGOS · AUTO] ================================================================================
[ACTUALIZAR PAGOS · AUTO]   ⚠ 1955 pago(s) del sistema nuevo descartados: su acta ya no figura como vencida en MULTAS_JUZGADO_CRUCE (SEMyT ya los actualizó).
[ACTUALIZAR PAGOS · AUTO]   • Pagos del sistema nuevo descartados por ya estar actualizados: 1955
[ACTUALIZAR PAGOS · AUTO] ⏱ PASO 2 (filtrar): 0.9s
[ACTUALIZAR PAGOS · AUTO] 📂 Cargando maestro de causas SIGEMI...
[ACTUALIZAR PAGOS · AUTO]   ✓ Causas totales (maestro): 134069 registros
[ACTUALIZAR PAGOS · AUTO] ⏱ PASO 2.5 (causas simplificado): 0.2s
[ACTUALIZAR PAGOS · AUTO] ================================================================================
[ACTUALIZAR PAGOS · AUTO] PASO 2.5: ARMANDO causas.txt SIMPLIFICADO (cruce contra total_causas_sigemi.txt)
[ACTUALIZAR PAGOS · AUTO] ================================================================================
[ACTUALIZAR PAGOS · AUTO]   • Actas vencidas viejas (multas): 104175
[ACTUALIZAR PAGOS · AUTO]   • Causas totales en el maestro SIGEMI: 134069
[ACTUALIZAR PAGOS · AUTO]   • Causas que coinciden (simplificado): 104175
[ACTUALIZAR PAGOS · AUTO]   ✅ Archivo escrito: backend/descargas/causas/causas.txt
[ACTUALIZAR PAGOS · AUTO] ⏱ PASO 2.5 (causas simplificado): 3.0s
[ACTUALIZAR PAGOS · AUTO] ================================================================================
[ACTUALIZAR PAGOS · AUTO] PASO 3: LLENANDO CAUSA_NUMERO (según fecha de cambio de sistema, cruzando por acta + año)
[ACTUALIZAR PAGOS · AUTO] ================================================================================
[ACTUALIZAR PAGOS · AUTO] 📊 ESTADÍSTICAS DE LLENADO DE CAUSAS:
[ACTUALIZAR PAGOS · AUTO]   • Pagos con causa ORIGINAL: 1
[ACTUALIZAR PAGOS · AUTO]   • Causas encontradas en SIGEMI (actas viejas): 0
[ACTUALIZAR PAGOS · AUTO]   • Causas NO encontradas en SIGEMI: 0
[ACTUALIZAR PAGOS · AUTO]   • Causas asignadas automáticamente (actas nuevas): 0
[ACTUALIZAR PAGOS · AUTO] ⏱ PASO 3 (llenar causas): 0.0s
[ACTUALIZAR PAGOS · AUTO] ================================================================================
[ACTUALIZAR PAGOS · AUTO] PASO 4: ORDENANDO POR FECHA Y ACTA_NUMERO
[ACTUALIZAR PAGOS · AUTO] ================================================================================
[ACTUALIZAR PAGOS · AUTO] ✓ Pagos ordenados correctamente
[ACTUALIZAR PAGOS · AUTO]   • Primera entrada: Acta=256842, Fecha=16/01/2026
[ACTUALIZAR PAGOS · AUTO]   • Última entrada: Acta=256842, Fecha=16/01/2026
[ACTUALIZAR PAGOS · AUTO] 📝 Escribiendo archivo de salida...
[ACTUALIZAR PAGOS · AUTO]   ✅ Archivo escrito: backend/descargas/pagos/2026-07-20/PAGOS 20260720 131745.txt
[ACTUALIZAR PAGOS · AUTO]   ✅ Total registros: 269
[ACTUALIZAR PAGOS · AUTO] ⏱ PASO 4 (ordenar y escribir): 0.0s
[ACTUALIZAR PAGOS · AUTO] ================================================================================
[ACTUALIZAR PAGOS · AUTO] ✅ PROCESO COMPLETADO EXITOSAMENTE
[ACTUALIZAR PAGOS · AUTO] ================================================================================
[ACTUALIZAR PAGOS · AUTO] 📊 RESUMEN FINAL DEL PROCESAMIENTO:
[ACTUALIZAR PAGOS · AUTO]   ENTRADA:
[ACTUALIZAR PAGOS · AUTO]     • Pagos originales: 15311
[ACTUALIZAR PAGOS · AUTO]     • Multas SIGEMI cargadas: 104175
[ACTUALIZAR PAGOS · AUTO]     • Multas Juzgado cargadas: 39506
[ACTUALIZAR PAGOS · AUTO]     • Causas simplificadas (usadas para el cruce): 104175
[ACTUALIZAR PAGOS · AUTO]   PROCESO:
[ACTUALIZAR PAGOS · AUTO]     • Pagos rechazados sigemi: 13355
[ACTUALIZAR PAGOS · AUTO]     • Pagos rechazados juzgado: 1955
[ACTUALIZAR PAGOS · AUTO]   SALIDA:
[ACTUALIZAR PAGOS · AUTO]     • Pagos desactualizados procesados: 1
[ACTUALIZAR PAGOS · AUTO]     • Archivo final: backend/descargas/pagos/2026-07-20/PAGOS 20260720 131745.txt
[ACTUALIZAR PAGOS · AUTO]     • Ordenados por fecha: SÍ ✓
[ACTUALIZAR PAGOS · AUTO]     • Todos con ACTA_NUMERO: SÍ ✓
[ACTUALIZAR PAGOS · AUTO]     • Todos con CAUSA_NUMERO: SÍ ✓
[ACTUALIZAR PAGOS · AUTO] ✅ TXT de pagos (ya cruzado con actas y causas) generado en: backend/descargas/pagos/2026-07-20/PAGOS 20260720 131745.txt
[ACTUALIZAR PAGOS · AUTO] 🧹 TXT de pagos crudo eliminado (ya usado en el cruce): backend/descargas/pagos/2026-07-20/PAGOS DESCARGADOS.txt
[ACTUALIZAR PAGOS · AUTO] 🧹 Excel MULTAS_SIGEMI_CRUCE eliminado (ya usado en el cruce): backend/descargas/cache_actas_cruce/MULTAS_SIGEMI_CRUCE.xlsx
[ACTUALIZAR PAGOS · AUTO] 🧹 Excel MULTAS_JUZGADO_CRUCE eliminado (ya usado en el cruce): backend/descargas/cache_actas_cruce/MULTAS_JUZGADO_CRUCE.xlsx
[ACTUALIZAR PAGOS · AUTO] ✅ CompararActasPaso finalizado. (⏱ 51.4s)
[ACTUALIZAR PAGOS · AUTO] ✓ [CompararActasPaso] Completado.
[ACTUALIZAR PAGOS · AUTO] ▶ [CargarPagosPaso] Iniciando...
[ACTUALIZAR PAGOS · AUTO] ==================================================
[ACTUALIZAR PAGOS · AUTO] 🚀 PASO: CargarPagosPaso
[ACTUALIZAR PAGOS · AUTO] ==================================================
[ACTUALIZAR PAGOS · AUTO] 📤 Subiendo TXT de pagos al SEMyT...
[ACTUALIZAR PAGOS · AUTO] ✅ Importación de pagos completada con éxito.
[ACTUALIZAR PAGOS · AUTO] ✅ Archivo TXT de pagos cargado en el SEMyT correctamente.
[ACTUALIZAR PAGOS · AUTO] ✅ CargarPagosPaso finalizado. (⏱ 4.1s)
[ACTUALIZAR PAGOS · AUTO] ✓ [CargarPagosPaso] Completado.
[ACTUALIZAR PAGOS · AUTO] === Ejecución finalizada con éxito ===
🤖 [Automático] Es hora de actualizar pagos. Arrancando...
[ACTUALIZAR PAGOS · AUTO] === Inicio de ejecución: pagos ===
[ACTUALIZAR PAGOS · AUTO] ▶ [LoginSemytPaso] Iniciando...
[ACTUALIZAR PAGOS · AUTO] ==================================================
[ACTUALIZAR PAGOS · AUTO] 🚀 PASO: LoginSemytPaso
[ACTUALIZAR PAGOS · AUTO] ==================================================
[ACTUALIZAR PAGOS · AUTO] Abriendo SEMyT...
[ACTUALIZAR PAGOS · AUTO] ✅ [SEMyT] Sesión existente detectada. Login omitido.
[ACTUALIZAR PAGOS · AUTO] ✅ LoginSemytPaso finalizado. (⏱ 4.3s)
[ACTUALIZAR PAGOS · AUTO] ✓ [LoginSemytPaso] Completado.
[ACTUALIZAR PAGOS · AUTO] ▶ [LoginJuzgadoPaso] Iniciando...
[ACTUALIZAR PAGOS · AUTO] ==================================================
[ACTUALIZAR PAGOS · AUTO] 🚀 PASO: LoginJuzgadoPaso
[ACTUALIZAR PAGOS · AUTO] ==================================================
[ACTUALIZAR PAGOS · AUTO] Abriendo sitio municipalidad (CiDi)...
[ACTUALIZAR PAGOS · AUTO] ✅ [Juzgado] Sesión existente detectada. Login omitido.
[ACTUALIZAR PAGOS · AUTO] ✅ LoginJuzgadoPaso finalizado. (⏱ 1.3s)
[ACTUALIZAR PAGOS · AUTO] ✓ [LoginJuzgadoPaso] Completado.
[ACTUALIZAR PAGOS · AUTO] ▶ [DescargasParalelasPaso] Iniciando...
[ACTUALIZAR PAGOS · AUTO] ==================================================
[ACTUALIZAR PAGOS · AUTO] 🚀 PASO: DescargasParalelasPaso
[ACTUALIZAR PAGOS · AUTO] ==================================================
[ACTUALIZAR PAGOS · AUTO] 📤 Arrancando las 3 descargas en paralelo (mismo browser, páginas separadas)...
[ACTUALIZAR PAGOS · AUTO] Fecha Desde: 27/06/2024
[ACTUALIZAR PAGOS · AUTO] Fecha Hasta: 24/11/2025
[ACTUALIZAR PAGOS · AUTO] Fecha Desde: 25/11/2025
[ACTUALIZAR PAGOS · AUTO] Fecha Hasta: 20/07/2026
[ACTUALIZAR PAGOS · AUTO] Descargando Excel...
[ACTUALIZAR PAGOS · AUTO] Descargando Excel...
⏳ [Automático] Tocaba disparar 'pagos' pero ya hay una ejecución en curso (Actualizar pagos); esperando a que termine; se reintenta en breve sin perder el turno.
[ACTUALIZAR PAGOS · AUTO] Archivo descargado en: backend/descargas/cache_actas_cruce/MULTAS_JUZGADO_CRUCE.xlsx
[ACTUALIZAR PAGOS · AUTO] ⏱ [actas_juzgado] completado en 19.3s
[ACTUALIZAR PAGOS · AUTO] Archivo descargado en: backend/descargas/cache_actas_cruce/MULTAS_SIGEMI_CRUCE.xlsx
[ACTUALIZAR PAGOS · AUTO] ⏱ [actas_sigemi] completado en 41.9s
[ACTUALIZAR PAGOS · AUTO] ✅ TXT de pagos descargado en: backend/descargas/pagos/2026-07-20/PAGOS DESCARGADOS.txt
[ACTUALIZAR PAGOS · AUTO] ⏱ [pagos_txt] completado en 42.0s
[ACTUALIZAR PAGOS · AUTO] ⏱ TOTAL descargas en paralelo: 42.0s
[ACTUALIZAR PAGOS · AUTO] ✅ DescargasParalelasPaso finalizado. (⏱ 43.7s)
[ACTUALIZAR PAGOS · AUTO] ✓ [DescargasParalelasPaso] Completado.
[ACTUALIZAR PAGOS · AUTO] ▶ [CompararActasPaso] Iniciando...
[ACTUALIZAR PAGOS · AUTO] ==================================================
[ACTUALIZAR PAGOS · AUTO] 🚀 PASO: CompararActasPaso
[ACTUALIZAR PAGOS · AUTO] ==================================================
[ACTUALIZAR PAGOS · AUTO] 🔍 Comparando actas del SEMyT contra pagos del Juzgado...
[ACTUALIZAR PAGOS · AUTO] ================================================================================
[ACTUALIZAR PAGOS · AUTO] INICIANDO PROCESO DE GENERACIÓN DE PAGOS DESACTUALIZADOS
[ACTUALIZAR PAGOS · AUTO] ================================================================================
[ACTUALIZAR PAGOS · AUTO] 📂 Cargando archivos...
[ACTUALIZAR PAGOS · AUTO]   ✓ Pagos: 15321 registros
[ACTUALIZAR PAGOS · AUTO]   ✓ Excel SIGEMI (multas vencidas viejas): 104175 registros
[ACTUALIZAR PAGOS · AUTO]   ✓ Excel Juzgado (multas vencidas nuevas): 39505 registros
[ACTUALIZAR PAGOS · AUTO] ================================================================================
[ACTUALIZAR PAGOS · AUTO] PASO 1: LLENANDO ACTA_NUMERO (búsqueda por patente + fecha, con desempate por hora)
[ACTUALIZAR PAGOS · AUTO] ================================================================================
[ACTUALIZAR PAGOS · AUTO] 📊 ESTADÍSTICAS DE LLENADO DE ACTAS:
[ACTUALIZAR PAGOS · AUTO]   • Pagos con acta ORIGINAL: 1964
[ACTUALIZAR PAGOS · AUTO]   • Pagos SIN acta (buscados): 13357
[ACTUALIZAR PAGOS · AUTO]   • Pagos LLENADOS exitosamente: 2
[ACTUALIZAR PAGOS · AUTO]   • Pagos NO encontrados en multas: 13355
[ACTUALIZAR PAGOS · AUTO]   • Pagos SIN RESOLVER por desbalance de cantidades: 0
[ACTUALIZAR PAGOS · AUTO] ================================================================================
[ACTUALIZAR PAGOS · AUTO] PASO 1: LLENANDO ACTA_NUMERO (búsqueda por patente + fecha, con desempate por hora)
[ACTUALIZAR PAGOS · AUTO] ================================================================================
[ACTUALIZAR PAGOS · AUTO] 📊 ESTADÍSTICAS DE LLENADO DE ACTAS:
[ACTUALIZAR PAGOS · AUTO]   • Pagos con acta ORIGINAL: 1966
[ACTUALIZAR PAGOS · AUTO]   • Pagos SIN acta (buscados): 13355
[ACTUALIZAR PAGOS · AUTO]   • Pagos LLENADOS exitosamente: 0
[ACTUALIZAR PAGOS · AUTO]   • Pagos NO encontrados en multas: 13355
[ACTUALIZAR PAGOS · AUTO]   • Pagos SIN RESOLVER por desbalance de cantidades: 0
[ACTUALIZAR PAGOS · AUTO] ⏱ PASO 1 (llenar actas): 17.8s
[ACTUALIZAR PAGOS · AUTO] ================================================================================
[ACTUALIZAR PAGOS · AUTO] PASO 2: FILTRANDO PAGOS CON ACTA_NUMERO COMPLETO
[ACTUALIZAR PAGOS · AUTO] ================================================================================
[ACTUALIZAR PAGOS · AUTO] 📊 ESTADÍSTICAS DE FILTRADO:
[ACTUALIZAR PAGOS · AUTO]   • Pagos TOTALES al inicio: 15321
[ACTUALIZAR PAGOS · AUTO]   • Pagos CON acta (MANTIENEN): 1966
[ACTUALIZAR PAGOS · AUTO]   • Pagos RECHAZADOS (sin coincidencias): 13355
[ACTUALIZAR PAGOS · AUTO] ⚠️  Se eliminaron 13355 registros sin número de acta
[ACTUALIZAR PAGOS · AUTO]      (recordá: esto incluye tanto pagos ya actualizados/pagados
[ACTUALIZAR PAGOS · AUTO]       como pagos que quedaron sin resolver por desbalance en el Paso 1)
[ACTUALIZAR PAGOS · AUTO] ================================================================================
[ACTUALIZAR PAGOS · AUTO] PASO 2-bis: CONFIRMANDO VIGENCIA DE PAGOS DEL SISTEMA NUEVO (contra MULTAS_JUZGADO_CRUCE)
[ACTUALIZAR PAGOS · AUTO] ================================================================================
[ACTUALIZAR PAGOS · AUTO]   ⚠ 1956 pago(s) del sistema nuevo descartados: su acta ya no figura como vencida en MULTAS_JUZGADO_CRUCE (SEMyT ya los actualizó).
[ACTUALIZAR PAGOS · AUTO]   • Pagos del sistema nuevo descartados por ya estar actualizados: 1956
[ACTUALIZAR PAGOS · AUTO] ⏱ PASO 2 (filtrar): 1.0s
[ACTUALIZAR PAGOS · AUTO] 📂 Cargando maestro de causas SIGEMI...
[ACTUALIZAR PAGOS · AUTO]   ✓ Causas totales (maestro): 134069 registros
[ACTUALIZAR PAGOS · AUTO] ⏱ PASO 2.5 (causas simplificado): 0.2s
[ACTUALIZAR PAGOS · AUTO] ================================================================================
[ACTUALIZAR PAGOS · AUTO] PASO 2.5: ARMANDO causas.txt SIMPLIFICADO (cruce contra total_causas_sigemi.txt)
[ACTUALIZAR PAGOS · AUTO] ================================================================================
[ACTUALIZAR PAGOS · AUTO]   • Actas vencidas viejas (multas): 104175
[ACTUALIZAR PAGOS · AUTO]   • Causas totales en el maestro SIGEMI: 134069
[ACTUALIZAR PAGOS · AUTO]   • Causas que coinciden (simplificado): 104175
[ACTUALIZAR PAGOS · AUTO]   ✅ Archivo escrito: backend/descargas/causas/causas.txt
[ACTUALIZAR PAGOS · AUTO] ⏱ PASO 2.5 (causas simplificado): 2.9s
[ACTUALIZAR PAGOS · AUTO] ================================================================================
[ACTUALIZAR PAGOS · AUTO] PASO 3: LLENANDO CAUSA_NUMERO (según fecha de cambio de sistema, cruzando por acta + año)
[ACTUALIZAR PAGOS · AUTO] ================================================================================
[ACTUALIZAR PAGOS · AUTO] 📊 ESTADÍSTICAS DE LLENADO DE CAUSAS:
[ACTUALIZAR PAGOS · AUTO]   • Pagos con causa ORIGINAL: 8
[ACTUALIZAR PAGOS · AUTO]   • Causas encontradas en SIGEMI (actas viejas): 2
[ACTUALIZAR PAGOS · AUTO]   • Causas NO encontradas en SIGEMI: 0
[ACTUALIZAR PAGOS · AUTO]   • Causas asignadas automáticamente (actas nuevas): 0
[ACTUALIZAR PAGOS · AUTO] ⏱ PASO 3 (llenar causas): 0.0s
[ACTUALIZAR PAGOS · AUTO] ================================================================================
[ACTUALIZAR PAGOS · AUTO] PASO 4: ORDENANDO POR FECHA Y ACTA_NUMERO
[ACTUALIZAR PAGOS · AUTO] ================================================================================
[ACTUALIZAR PAGOS · AUTO] ✓ Pagos ordenados correctamente
[ACTUALIZAR PAGOS · AUTO]   • Primera entrada: Acta=132990, Fecha=09/04/2025
[ACTUALIZAR PAGOS · AUTO]   • Última entrada: Acta=297262, Fecha=17/04/2026
[ACTUALIZAR PAGOS · AUTO] 📝 Escribiendo archivo de salida...
[ACTUALIZAR PAGOS · AUTO]   ✅ Archivo escrito: backend/descargas/pagos/2026-07-20/PAGOS 20260720 132936.txt
[ACTUALIZAR PAGOS · AUTO]   ✅ Total registros: 1240
[ACTUALIZAR PAGOS · AUTO] ⏱ PASO 4 (ordenar y escribir): 0.0s
[ACTUALIZAR PAGOS · AUTO] ================================================================================
[ACTUALIZAR PAGOS · AUTO] ✅ PROCESO COMPLETADO EXITOSAMENTE
[ACTUALIZAR PAGOS · AUTO] ================================================================================
[ACTUALIZAR PAGOS · AUTO] 📊 RESUMEN FINAL DEL PROCESAMIENTO:
[ACTUALIZAR PAGOS · AUTO]   ENTRADA:
[ACTUALIZAR PAGOS · AUTO]     • Pagos originales: 15321
[ACTUALIZAR PAGOS · AUTO]     • Multas SIGEMI cargadas: 104175
[ACTUALIZAR PAGOS · AUTO]     • Multas Juzgado cargadas: 39505
[ACTUALIZAR PAGOS · AUTO]     • Causas simplificadas (usadas para el cruce): 104175
[ACTUALIZAR PAGOS · AUTO]   PROCESO:
[ACTUALIZAR PAGOS · AUTO]     • Pagos rechazados sigemi: 13355
[ACTUALIZAR PAGOS · AUTO]     • Pagos rechazados juzgado: 1956
[ACTUALIZAR PAGOS · AUTO]   SALIDA:
[ACTUALIZAR PAGOS · AUTO]     • Pagos desactualizados procesados: 10
[ACTUALIZAR PAGOS · AUTO]     • Archivo final: backend/descargas/pagos/2026-07-20/PAGOS 20260720 132936.txt
[ACTUALIZAR PAGOS · AUTO]     • Ordenados por fecha: SÍ ✓
[ACTUALIZAR PAGOS · AUTO]     • Todos con ACTA_NUMERO: SÍ ✓
[ACTUALIZAR PAGOS · AUTO]     • Todos con CAUSA_NUMERO: SÍ ✓
[ACTUALIZAR PAGOS · AUTO] ✅ TXT de pagos (ya cruzado con actas y causas) generado en: backend/descargas/pagos/2026-07-20/PAGOS 20260720 132936.txt
[ACTUALIZAR PAGOS · AUTO] 🧹 TXT de pagos crudo eliminado (ya usado en el cruce): backend/descargas/pagos/2026-07-20/PAGOS DESCARGADOS.txt
[ACTUALIZAR PAGOS · AUTO] 🧹 Excel MULTAS_SIGEMI_CRUCE eliminado (ya usado en el cruce): backend/descargas/cache_actas_cruce/MULTAS_SIGEMI_CRUCE.xlsx
[ACTUALIZAR PAGOS · AUTO] 🧹 Excel MULTAS_JUZGADO_CRUCE eliminado (ya usado en el cruce): backend/descargas/cache_actas_cruce/MULTAS_JUZGADO_CRUCE.xlsx
[ACTUALIZAR PAGOS · AUTO] ✅ CompararActasPaso finalizado. (⏱ 52.0s)
[ACTUALIZAR PAGOS · AUTO] ✓ [CompararActasPaso] Completado.
[ACTUALIZAR PAGOS · AUTO] ▶ [CargarPagosPaso] Iniciando...
[ACTUALIZAR PAGOS · AUTO] ==================================================
[ACTUALIZAR PAGOS · AUTO] 🚀 PASO: CargarPagosPaso
[ACTUALIZAR PAGOS · AUTO] ==================================================
[ACTUALIZAR PAGOS · AUTO] 📤 Subiendo TXT de pagos al SEMyT...
[ACTUALIZAR PAGOS · AUTO] ✅ Importación de pagos completada con éxito.
[ACTUALIZAR PAGOS · AUTO] ✅ Archivo TXT de pagos cargado en el SEMyT correctamente.
[ACTUALIZAR PAGOS · AUTO] ✅ CargarPagosPaso finalizado. (⏱ 4.3s)
[ACTUALIZAR PAGOS · AUTO] ✓ [CargarPagosPaso] Completado.
[ACTUALIZAR PAGOS · AUTO] === Ejecución finalizada con éxito ===
🤖 [Automático] Es hora de actualizar pagos. Arrancando...
[ACTUALIZAR PAGOS · AUTO] === Inicio de ejecución: pagos ===
[ACTUALIZAR PAGOS · AUTO] ▶ [LoginSemytPaso] Iniciando...
[ACTUALIZAR PAGOS · AUTO] ==================================================
[ACTUALIZAR PAGOS · AUTO] 🚀 PASO: LoginSemytPaso
[ACTUALIZAR PAGOS · AUTO] ==================================================
[ACTUALIZAR PAGOS · AUTO] Abriendo SEMyT...
[ACTUALIZAR PAGOS · AUTO] ✅ [SEMyT] Sesión existente detectada. Login omitido.
[ACTUALIZAR PAGOS · AUTO] ✅ LoginSemytPaso finalizado. (⏱ 4.0s)
[ACTUALIZAR PAGOS · AUTO] ✓ [LoginSemytPaso] Completado.
[ACTUALIZAR PAGOS · AUTO] ▶ [LoginJuzgadoPaso] Iniciando...
[ACTUALIZAR PAGOS · AUTO] ==================================================
[ACTUALIZAR PAGOS · AUTO] 🚀 PASO: LoginJuzgadoPaso
[ACTUALIZAR PAGOS · AUTO] ==================================================
[ACTUALIZAR PAGOS · AUTO] Abriendo sitio municipalidad (CiDi)...
[ACTUALIZAR PAGOS · AUTO] ✅ [Juzgado] Sesión existente detectada. Login omitido.
[ACTUALIZAR PAGOS · AUTO] ✅ LoginJuzgadoPaso finalizado. (⏱ 1.6s)
[ACTUALIZAR PAGOS · AUTO] ✓ [LoginJuzgadoPaso] Completado.
[ACTUALIZAR PAGOS · AUTO] ▶ [DescargasParalelasPaso] Iniciando...
[ACTUALIZAR PAGOS · AUTO] ==================================================
[ACTUALIZAR PAGOS · AUTO] 🚀 PASO: DescargasParalelasPaso
[ACTUALIZAR PAGOS · AUTO] ==================================================
[ACTUALIZAR PAGOS · AUTO] 📤 Arrancando las 3 descargas en paralelo (mismo browser, páginas separadas)...
[ACTUALIZAR PAGOS · AUTO] Fecha Desde: 27/06/2024
[ACTUALIZAR PAGOS · AUTO] Fecha Hasta: 24/11/2025
[ACTUALIZAR PAGOS · AUTO] Fecha Desde: 25/11/2025
[ACTUALIZAR PAGOS · AUTO] Fecha Hasta: 20/07/2026
[ACTUALIZAR PAGOS · AUTO] Descargando Excel...
[ACTUALIZAR PAGOS · AUTO] Descargando Excel...
⏳ [Automático] Tocaba disparar 'pagos' pero ya hay una ejecución en curso (Actualizar pagos); esperando a que termine; se reintenta en breve sin perder el turno.
[ACTUALIZAR PAGOS · AUTO] Archivo descargado en: backend/descargas/cache_actas_cruce/MULTAS_JUZGADO_CRUCE.xlsx
[ACTUALIZAR PAGOS · AUTO] ⏱ [actas_juzgado] completado en 18.7s
[ACTUALIZAR PAGOS · AUTO] Archivo descargado en: backend/descargas/cache_actas_cruce/MULTAS_SIGEMI_CRUCE.xlsx
[ACTUALIZAR PAGOS · AUTO] ⏱ [actas_sigemi] completado en 39.6s
[ACTUALIZAR PAGOS · AUTO] ✅ TXT de pagos descargado en: backend/descargas/pagos/2026-07-20/PAGOS DESCARGADOS.txt
[ACTUALIZAR PAGOS · AUTO] ⏱ [pagos_txt] completado en 39.7s
[ACTUALIZAR PAGOS · AUTO] ⏱ TOTAL descargas en paralelo: 39.7s
[ACTUALIZAR PAGOS · AUTO] ✅ DescargasParalelasPaso finalizado. (⏱ 41.2s)
[ACTUALIZAR PAGOS · AUTO] ✓ [DescargasParalelasPaso] Completado.
[ACTUALIZAR PAGOS · AUTO] ▶ [CompararActasPaso] Iniciando...
[ACTUALIZAR PAGOS · AUTO] ==================================================
[ACTUALIZAR PAGOS · AUTO] 🚀 PASO: CompararActasPaso
[ACTUALIZAR PAGOS · AUTO] ==================================================
[ACTUALIZAR PAGOS · AUTO] 🔍 Comparando actas del SEMyT contra pagos del Juzgado...
[ACTUALIZAR PAGOS · AUTO] ================================================================================
[ACTUALIZAR PAGOS · AUTO] INICIANDO PROCESO DE GENERACIÓN DE PAGOS DESACTUALIZADOS
[ACTUALIZAR PAGOS · AUTO] ================================================================================
[ACTUALIZAR PAGOS · AUTO] 📂 Cargando archivos...
[ACTUALIZAR PAGOS · AUTO]   ✓ Pagos: 15327 registros
[ACTUALIZAR PAGOS · AUTO]   ✓ Excel SIGEMI (multas vencidas viejas): 104249 registros
[ACTUALIZAR PAGOS · AUTO]   ✓ Excel Juzgado (multas vencidas nuevas): 39586 registros
[ACTUALIZAR PAGOS · AUTO] ================================================================================
[ACTUALIZAR PAGOS · AUTO] PASO 1: LLENANDO ACTA_NUMERO (búsqueda por patente + fecha, con desempate por hora)
[ACTUALIZAR PAGOS · AUTO] ================================================================================
[ACTUALIZAR PAGOS · AUTO] 📊 ESTADÍSTICAS DE LLENADO DE ACTAS:
[ACTUALIZAR PAGOS · AUTO]   • Pagos con acta ORIGINAL: 1967
[ACTUALIZAR PAGOS · AUTO]   • Pagos SIN acta (buscados): 13360
[ACTUALIZAR PAGOS · AUTO]   • Pagos LLENADOS exitosamente: 3
[ACTUALIZAR PAGOS · AUTO]   • Pagos NO encontrados en multas: 13357
[ACTUALIZAR PAGOS · AUTO]   • Pagos SIN RESOLVER por desbalance de cantidades: 0
[ACTUALIZAR PAGOS · AUTO] ================================================================================
[ACTUALIZAR PAGOS · AUTO] PASO 1: LLENANDO ACTA_NUMERO (búsqueda por patente + fecha, con desempate por hora)
[ACTUALIZAR PAGOS · AUTO] ================================================================================
[ACTUALIZAR PAGOS · AUTO] 📊 ESTADÍSTICAS DE LLENADO DE ACTAS:
[ACTUALIZAR PAGOS · AUTO]   • Pagos con acta ORIGINAL: 1970
[ACTUALIZAR PAGOS · AUTO]   • Pagos SIN acta (buscados): 13357
[ACTUALIZAR PAGOS · AUTO]   • Pagos LLENADOS exitosamente: 0
[ACTUALIZAR PAGOS · AUTO]   • Pagos NO encontrados en multas: 13357
[ACTUALIZAR PAGOS · AUTO]   • Pagos SIN RESOLVER por desbalance de cantidades: 0
[ACTUALIZAR PAGOS · AUTO] ⏱ PASO 1 (llenar actas): 17.9s
[ACTUALIZAR PAGOS · AUTO] ================================================================================
[ACTUALIZAR PAGOS · AUTO] PASO 2: FILTRANDO PAGOS CON ACTA_NUMERO COMPLETO
[ACTUALIZAR PAGOS · AUTO] ================================================================================
[ACTUALIZAR PAGOS · AUTO] 📊 ESTADÍSTICAS DE FILTRADO:
[ACTUALIZAR PAGOS · AUTO]   • Pagos TOTALES al inicio: 15327
[ACTUALIZAR PAGOS · AUTO]   • Pagos CON acta (MANTIENEN): 1970
[ACTUALIZAR PAGOS · AUTO]   • Pagos RECHAZADOS (sin coincidencias): 13357
[ACTUALIZAR PAGOS · AUTO] ⚠️  Se eliminaron 13357 registros sin número de acta
[ACTUALIZAR PAGOS · AUTO]      (recordá: esto incluye tanto pagos ya actualizados/pagados
[ACTUALIZAR PAGOS · AUTO]       como pagos que quedaron sin resolver por desbalance en el Paso 1)
[ACTUALIZAR PAGOS · AUTO] ================================================================================
[ACTUALIZAR PAGOS · AUTO] PASO 2-bis: CONFIRMANDO VIGENCIA DE PAGOS DEL SISTEMA NUEVO (contra MULTAS_JUZGADO_CRUCE)
[ACTUALIZAR PAGOS · AUTO] ================================================================================
[ACTUALIZAR PAGOS · AUTO]   ⚠ 1964 pago(s) del sistema nuevo descartados: su acta ya no figura como vencida en MULTAS_JUZGADO_CRUCE (SEMyT ya los actualizó).
[ACTUALIZAR PAGOS · AUTO]   • Pagos del sistema nuevo descartados por ya estar actualizados: 1964
[ACTUALIZAR PAGOS · AUTO] ⏱ PASO 2 (filtrar): 1.0s
[ACTUALIZAR PAGOS · AUTO] 📂 Cargando maestro de causas SIGEMI...
[ACTUALIZAR PAGOS · AUTO]   ✓ Causas totales (maestro): 134069 registros
[ACTUALIZAR PAGOS · AUTO] ⏱ PASO 2.5 (causas simplificado): 0.2s
[ACTUALIZAR PAGOS · AUTO] ================================================================================
[ACTUALIZAR PAGOS · AUTO] PASO 2.5: ARMANDO causas.txt SIMPLIFICADO (cruce contra total_causas_sigemi.txt)
[ACTUALIZAR PAGOS · AUTO] ================================================================================
[ACTUALIZAR PAGOS · AUTO]   • Actas vencidas viejas (multas): 104249
[ACTUALIZAR PAGOS · AUTO]   • Causas totales en el maestro SIGEMI: 134069
[ACTUALIZAR PAGOS · AUTO]   • Causas que coinciden (simplificado): 103918
[ACTUALIZAR PAGOS · AUTO]   ✅ Archivo escrito: backend/descargas/causas/causas.txt
[ACTUALIZAR PAGOS · AUTO] ⏱ PASO 2.5 (causas simplificado): 3.0s
[ACTUALIZAR PAGOS · AUTO] ================================================================================
[ACTUALIZAR PAGOS · AUTO] PASO 3: LLENANDO CAUSA_NUMERO (según fecha de cambio de sistema, cruzando por acta + año)
[ACTUALIZAR PAGOS · AUTO] ================================================================================
[ACTUALIZAR PAGOS · AUTO] 📊 ESTADÍSTICAS DE LLENADO DE CAUSAS:
[ACTUALIZAR PAGOS · AUTO]   • Pagos con causa ORIGINAL: 3
[ACTUALIZAR PAGOS · AUTO]   • Causas encontradas en SIGEMI (actas viejas): 3
[ACTUALIZAR PAGOS · AUTO]   • Causas NO encontradas en SIGEMI: 0
[ACTUALIZAR PAGOS · AUTO]   • Causas asignadas automáticamente (actas nuevas): 0
[ACTUALIZAR PAGOS · AUTO] ⏱ PASO 3 (llenar causas): 0.0s
[ACTUALIZAR PAGOS · AUTO] ================================================================================
[ACTUALIZAR PAGOS · AUTO] PASO 4: ORDENANDO POR FECHA Y ACTA_NUMERO
[ACTUALIZAR PAGOS · AUTO] ================================================================================
[ACTUALIZAR PAGOS · AUTO] ✓ Pagos ordenados correctamente
[ACTUALIZAR PAGOS · AUTO]   • Primera entrada: Acta=14959, Fecha=23/07/2024
[ACTUALIZAR PAGOS · AUTO]   • Última entrada: Acta=258748, Fecha=22/01/2026
[ACTUALIZAR PAGOS · AUTO] 📝 Escribiendo archivo de salida...
[ACTUALIZAR PAGOS · AUTO]   ✅ Archivo escrito: backend/descargas/pagos/2026-07-20/PAGOS 20260720 134318.txt
[ACTUALIZAR PAGOS · AUTO]   ✅ Total registros: 798
[ACTUALIZAR PAGOS · AUTO] ⏱ PASO 4 (ordenar y escribir): 0.0s
[ACTUALIZAR PAGOS · AUTO] ================================================================================
[ACTUALIZAR PAGOS · AUTO] ✅ PROCESO COMPLETADO EXITOSAMENTE
[ACTUALIZAR PAGOS · AUTO] ================================================================================
[ACTUALIZAR PAGOS · AUTO] 📊 RESUMEN FINAL DEL PROCESAMIENTO:
[ACTUALIZAR PAGOS · AUTO]   ENTRADA:
[ACTUALIZAR PAGOS · AUTO]     • Pagos originales: 15327
[ACTUALIZAR PAGOS · AUTO]     • Multas SIGEMI cargadas: 104249
[ACTUALIZAR PAGOS · AUTO]     • Multas Juzgado cargadas: 39586
[ACTUALIZAR PAGOS · AUTO]     • Causas simplificadas (usadas para el cruce): 103918
[ACTUALIZAR PAGOS · AUTO]   PROCESO:
[ACTUALIZAR PAGOS · AUTO]     • Pagos rechazados sigemi: 13357
[ACTUALIZAR PAGOS · AUTO]     • Pagos rechazados juzgado: 1964
[ACTUALIZAR PAGOS · AUTO]   SALIDA:
[ACTUALIZAR PAGOS · AUTO]     • Pagos desactualizados procesados: 6
[ACTUALIZAR PAGOS · AUTO]     • Archivo final: backend/descargas/pagos/2026-07-20/PAGOS 20260720 134318.txt
[ACTUALIZAR PAGOS · AUTO]     • Ordenados por fecha: SÍ ✓
[ACTUALIZAR PAGOS · AUTO]     • Todos con ACTA_NUMERO: SÍ ✓
[ACTUALIZAR PAGOS · AUTO]     • Todos con CAUSA_NUMERO: SÍ ✓
[ACTUALIZAR PAGOS · AUTO] ✅ TXT de pagos (ya cruzado con actas y causas) generado en: backend/descargas/pagos/2026-07-20/PAGOS 20260720 134318.txt
[ACTUALIZAR PAGOS · AUTO] 🧹 TXT de pagos crudo eliminado (ya usado en el cruce): backend/descargas/pagos/2026-07-20/PAGOS DESCARGADOS.txt
[ACTUALIZAR PAGOS · AUTO] 🧹 Excel MULTAS_SIGEMI_CRUCE eliminado (ya usado en el cruce): backend/descargas/cache_actas_cruce/MULTAS_SIGEMI_CRUCE.xlsx
[ACTUALIZAR PAGOS · AUTO] 🧹 Excel MULTAS_JUZGADO_CRUCE eliminado (ya usado en el cruce): backend/descargas/cache_actas_cruce/MULTAS_JUZGADO_CRUCE.xlsx
[ACTUALIZAR PAGOS · AUTO] ✅ CompararActasPaso finalizado. (⏱ 51.7s)
[ACTUALIZAR PAGOS · AUTO] ✓ [CompararActasPaso] Completado.
[ACTUALIZAR PAGOS · AUTO] ▶ [CargarPagosPaso] Iniciando...
[ACTUALIZAR PAGOS · AUTO] ==================================================
[ACTUALIZAR PAGOS · AUTO] 🚀 PASO: CargarPagosPaso
[ACTUALIZAR PAGOS · AUTO] ==================================================
[ACTUALIZAR PAGOS · AUTO] 📤 Subiendo TXT de pagos al SEMyT...
[ACTUALIZAR PAGOS · AUTO] ✅ Importación de pagos completada con éxito.
[ACTUALIZAR PAGOS · AUTO] ✅ Archivo TXT de pagos cargado en el SEMyT correctamente.
[ACTUALIZAR PAGOS · AUTO] ✅ CargarPagosPaso finalizado. (⏱ 4.1s)
[ACTUALIZAR PAGOS · AUTO] ✓ [CargarPagosPaso] Completado.
[ACTUALIZAR PAGOS · AUTO] === Ejecución finalizada con éxito ===
🤖 [Automático] Es hora de actualizar pagos. Arrancando...
[ACTUALIZAR PAGOS · AUTO] === Inicio de ejecución: pagos ===
[ACTUALIZAR PAGOS · AUTO] ▶ [LoginSemytPaso] Iniciando...
[ACTUALIZAR PAGOS · AUTO] ==================================================
[ACTUALIZAR PAGOS · AUTO] 🚀 PASO: LoginSemytPaso
[ACTUALIZAR PAGOS · AUTO] ==================================================
[ACTUALIZAR PAGOS · AUTO] Abriendo SEMyT...
[ACTUALIZAR PAGOS · AUTO] ✅ [SEMyT] Sesión existente detectada. Login omitido.
[ACTUALIZAR PAGOS · AUTO] ✅ LoginSemytPaso finalizado. (⏱ 5.3s)
[ACTUALIZAR PAGOS · AUTO] ✓ [LoginSemytPaso] Completado.
[ACTUALIZAR PAGOS · AUTO] ▶ [LoginJuzgadoPaso] Iniciando...
[ACTUALIZAR PAGOS · AUTO] ==================================================
[ACTUALIZAR PAGOS · AUTO] 🚀 PASO: LoginJuzgadoPaso
[ACTUALIZAR PAGOS · AUTO] ==================================================
[ACTUALIZAR PAGOS · AUTO] Abriendo sitio municipalidad (CiDi)...
[ACTUALIZAR PAGOS · AUTO] ❌ Error en el paso [LoginJuzgadoPaso]: TimeoutError: Page.goto: Timeout 60000ms exceeded.
[ACTUALIZAR PAGOS · AUTO] Call log:
[ACTUALIZAR PAGOS · AUTO]   - navigating to "https://juzgado.villamaria.gob.ar/", waiting until "domcontentloaded"
[ACTUALIZAR PAGOS · AUTO] ❌ === ERROR: TimeoutError: Page.goto: Timeout 60000ms exceeded.
[ACTUALIZAR PAGOS · AUTO] Call log:
[ACTUALIZAR PAGOS · AUTO]   - navigating to "https://juzgado.villamaria.gob.ar/", waiting until "domcontentloaded"
[ACTUALIZAR PAGOS · AUTO]  ===
[ACTUALIZAR PAGOS · AUTO] Traceback (most recent call last):
[ACTUALIZAR PAGOS · AUTO]   File "/Users/nicolascesolari/Downloads/proyectoJuzgado(perfect) /backend/orquestador/trabajador.py", line 87, in ejecutar_worker
[ACTUALIZAR PAGOS · AUTO]     contexto_resultado = asyncio.run(
[ACTUALIZAR PAGOS · AUTO]         _correr_tipo(tipo, origen, fecha_desde_multas_manual, archivo_creado)
[ACTUALIZAR PAGOS · AUTO]     )
[ACTUALIZAR PAGOS · AUTO]   File "/Library/Frameworks/Python.framework/Versions/3.14/lib/python3.14/asyncio/runners.py", line 205, in run
[ACTUALIZAR PAGOS · AUTO]     return runner.run(main)
[ACTUALIZAR PAGOS · AUTO]            ~~~~~~~~~~^^^^^^
[ACTUALIZAR PAGOS · AUTO]   File "/Library/Frameworks/Python.framework/Versions/3.14/lib/python3.14/asyncio/runners.py", line 128, in run
[ACTUALIZAR PAGOS · AUTO]     return self._loop.run_until_complete(task)
[ACTUALIZAR PAGOS · AUTO]            ~~~~~~~~~~~~~~~~~~~~~~~~~~~~~^^^^^^
[ACTUALIZAR PAGOS · AUTO]   File "/Library/Frameworks/Python.framework/Versions/3.14/lib/python3.14/asyncio/base_events.py", line 719, in run_until_complete
[ACTUALIZAR PAGOS · AUTO]     return future.result()
[ACTUALIZAR PAGOS · AUTO]            ~~~~~~~~~~~~~^^
[ACTUALIZAR PAGOS · AUTO]   File "/Users/nicolascesolari/Downloads/proyectoJuzgado(perfect) /backend/orquestador/trabajador.py", line 146, in _correr_tipo
[ACTUALIZAR PAGOS · AUTO]     return await PagosWorkflow(navegador).ejecutar(archivo_fn=archivo_creado,cerrar_navegador_al_final=False,)
[ACTUALIZAR PAGOS · AUTO]            ^^^^^^^^^^^^^^^^^^^^^^^^^^^^^^^^^^^^^^^^^^^^^^^^^^^^^^^^^^^^^^^^^^^^^^^^^^^^^^^^^^^^^^^^^^^^^^^^^^^
[ACTUALIZAR PAGOS · AUTO]   File "/Users/nicolascesolari/Downloads/proyectoJuzgado(perfect) /backend/workflows/workflow_base.py", line 35, in ejecutar
[ACTUALIZAR PAGOS · AUTO]     await paso.ejecutar(contexto)
[ACTUALIZAR PAGOS · AUTO]   File "/Users/nicolascesolari/Downloads/proyectoJuzgado(perfect) /backend/pasos/login_juzgado_paso.py", line 27, in ejecutar
[ACTUALIZAR PAGOS · AUTO]     await autenticacion.asegurar_sesion_juzgado(credenciales, config.ROL_A_SELECCIONAR)
[ACTUALIZAR PAGOS · AUTO]   File "/Users/nicolascesolari/Downloads/proyectoJuzgado(perfect) /backend/services/autenticacion_service.py", line 28, in asegurar_sesion_juzgado
[ACTUALIZAR PAGOS · AUTO]     await self.login_page.abrir_juzgado_login()
[ACTUALIZAR PAGOS · AUTO]   File "/Users/nicolascesolari/Downloads/proyectoJuzgado(perfect) /backend/pages/login_page.py", line 90, in abrir_juzgado_login
[ACTUALIZAR PAGOS · AUTO]     await self.page.goto(rutas.JUZGADO_LOGIN, wait_until="domcontentloaded", timeout=60000)
[ACTUALIZAR PAGOS · AUTO]   File "/Library/Frameworks/Python.framework/Versions/3.14/lib/python3.14/site-packages/playwright/async_api/_generated.py", line 9611, in goto
[ACTUALIZAR PAGOS · AUTO]     await self._impl_obj.goto(
[ACTUALIZAR PAGOS · AUTO]     ...<4 lines>...
[ACTUALIZAR PAGOS · AUTO]     )
[ACTUALIZAR PAGOS · AUTO]   File "/Library/Frameworks/Python.framework/Versions/3.14/lib/python3.14/site-packages/playwright/_impl/_page.py", line 557, in goto
[ACTUALIZAR PAGOS · AUTO]     return await self._main_frame.goto(**locals_to_params(locals()))
[ACTUALIZAR PAGOS · AUTO]            ^^^^^^^^^^^^^^^^^^^^^^^^^^^^^^^^^^^^^^^^^^^^^^^^^^^^^^^^^
[ACTUALIZAR PAGOS · AUTO]   File "/Library/Frameworks/Python.framework/Versions/3.14/lib/python3.14/site-packages/playwright/_impl/_frame.py", line 156, in goto
[ACTUALIZAR PAGOS · AUTO]     await self._channel.send(
[ACTUALIZAR PAGOS · AUTO]         "goto", self._navigation_timeout, locals_to_params(locals())
[ACTUALIZAR PAGOS · AUTO]     )
[ACTUALIZAR PAGOS · AUTO]   File "/Library/Frameworks/Python.framework/Versions/3.14/lib/python3.14/site-packages/playwright/_impl/_connection.py", line 69, in send
[ACTUALIZAR PAGOS · AUTO]     return await self._connection.wrap_api_call(
[ACTUALIZAR PAGOS · AUTO]            ^^^^^^^^^^^^^^^^^^^^^^^^^^^^^^^^^^^^^
[ACTUALIZAR PAGOS · AUTO]     ...<3 lines>...
[ACTUALIZAR PAGOS · AUTO]     )
[ACTUALIZAR PAGOS · AUTO]     ^
[ACTUALIZAR PAGOS · AUTO]   File "/Library/Frameworks/Python.framework/Versions/3.14/lib/python3.14/site-packages/playwright/_impl/_connection.py", line 559, in wrap_api_call
[ACTUALIZAR PAGOS · AUTO]     raise rewrite_error(error, f"{parsed_st['apiName']}: {error}") from None
[ACTUALIZAR PAGOS · AUTO] playwright._impl._errors.TimeoutError: Page.goto: Timeout 60000ms exceeded.
[ACTUALIZAR PAGOS · AUTO] Call log:
[ACTUALIZAR PAGOS · AUTO]   - navigating to "https://juzgado.villamaria.gob.ar/", waiting until "domcontentloaded"
ℹ El log detallado de esta corrida no se conservó en disco (no se llegó a subir ningún archivo).
❌ [Automático] 'pagos' falló (intento 1 de 4). Se reintenta a las 14:28.
🤖 [Automático] Es hora de actualizar pagos (reintento 1 de 3). Arrancando...
[ACTUALIZAR PAGOS · AUTO] === Inicio de ejecución: pagos ===
[ACTUALIZAR PAGOS · AUTO] ▶ [LoginSemytPaso] Iniciando...
[ACTUALIZAR PAGOS · AUTO] ==================================================
[ACTUALIZAR PAGOS · AUTO] 🚀 PASO: LoginSemytPaso
[ACTUALIZAR PAGOS · AUTO] ==================================================
[ACTUALIZAR PAGOS · AUTO] Abriendo SEMyT...
[ACTUALIZAR PAGOS · AUTO] ✅ [SEMyT] Sesión existente detectada. Login omitido.
[ACTUALIZAR PAGOS · AUTO] ✅ LoginSemytPaso finalizado. (⏱ 6.0s)
[ACTUALIZAR PAGOS · AUTO] ✓ [LoginSemytPaso] Completado.
[ACTUALIZAR PAGOS · AUTO] ▶ [LoginJuzgadoPaso] Iniciando...
[ACTUALIZAR PAGOS · AUTO] ==================================================
[ACTUALIZAR PAGOS · AUTO] 🚀 PASO: LoginJuzgadoPaso
[ACTUALIZAR PAGOS · AUTO] ==================================================
[ACTUALIZAR PAGOS · AUTO] Abriendo sitio municipalidad (CiDi)...
[ACTUALIZAR PAGOS · AUTO] ✅ [Juzgado] Sesión existente detectada. Login omitido.
[ACTUALIZAR PAGOS · AUTO] ✅ LoginJuzgadoPaso finalizado. (⏱ 1.8s)
[ACTUALIZAR PAGOS · AUTO] ✓ [LoginJuzgadoPaso] Completado.
[ACTUALIZAR PAGOS · AUTO] ▶ [DescargasParalelasPaso] Iniciando...
[ACTUALIZAR PAGOS · AUTO] ==================================================
[ACTUALIZAR PAGOS · AUTO] 🚀 PASO: DescargasParalelasPaso
[ACTUALIZAR PAGOS · AUTO] ==================================================
[ACTUALIZAR PAGOS · AUTO] 📤 Arrancando las 3 descargas en paralelo (mismo browser, páginas separadas)...
[ACTUALIZAR PAGOS · AUTO] Fecha Desde: 27/06/2024
[ACTUALIZAR PAGOS · AUTO] Fecha Hasta: 24/11/2025
[ACTUALIZAR PAGOS · AUTO] Fecha Desde: 25/11/2025
[ACTUALIZAR PAGOS · AUTO] Fecha Hasta: 20/07/2026
[ACTUALIZAR PAGOS · AUTO] Descargando Excel...
[ACTUALIZAR PAGOS · AUTO] Descargando Excel...
⏳ [Automático] Tocaba disparar 'pagos' pero ya hay una ejecución en curso (Actualizar pagos); esperando a que termine; se reintenta en breve sin perder el turno.
[ACTUALIZAR PAGOS · AUTO] Archivo descargado en: backend/descargas/cache_actas_cruce/MULTAS_JUZGADO_CRUCE.xlsx
[ACTUALIZAR PAGOS · AUTO] ⏱ [actas_juzgado] completado en 18.5s
[ACTUALIZAR PAGOS · AUTO] Archivo descargado en: backend/descargas/cache_actas_cruce/MULTAS_SIGEMI_CRUCE.xlsx
[ACTUALIZAR PAGOS · AUTO] ⏱ [actas_sigemi] completado en 41.6s
[ACTUALIZAR PAGOS · AUTO] ✅ TXT de pagos descargado en: backend/descargas/pagos/2026-07-20/PAGOS DESCARGADOS.txt
[ACTUALIZAR PAGOS · AUTO] ⏱ [pagos_txt] completado en 41.6s
[ACTUALIZAR PAGOS · AUTO] ⏱ TOTAL descargas en paralelo: 41.7s
[ACTUALIZAR PAGOS · AUTO] ✅ DescargasParalelasPaso finalizado. (⏱ 43.4s)
[ACTUALIZAR PAGOS · AUTO] ✓ [DescargasParalelasPaso] Completado.
[ACTUALIZAR PAGOS · AUTO] ▶ [CompararActasPaso] Iniciando...
[ACTUALIZAR PAGOS · AUTO] ==================================================
[ACTUALIZAR PAGOS · AUTO] 🚀 PASO: CompararActasPaso
[ACTUALIZAR PAGOS · AUTO] ==================================================
[ACTUALIZAR PAGOS · AUTO] 🔍 Comparando actas del SEMyT contra pagos del Juzgado...
[ACTUALIZAR PAGOS · AUTO] ================================================================================
[ACTUALIZAR PAGOS · AUTO] INICIANDO PROCESO DE GENERACIÓN DE PAGOS DESACTUALIZADOS
[ACTUALIZAR PAGOS · AUTO] ================================================================================
[ACTUALIZAR PAGOS · AUTO] 📂 Cargando archivos...
[ACTUALIZAR PAGOS · AUTO]   ✓ Pagos: 15361 registros
[ACTUALIZAR PAGOS · AUTO]   ✓ Excel SIGEMI (multas vencidas viejas): 104246 registros
[ACTUALIZAR PAGOS · AUTO]   ✓ Excel Juzgado (multas vencidas nuevas): 39583 registros
[ACTUALIZAR PAGOS · AUTO] ================================================================================
[ACTUALIZAR PAGOS · AUTO] PASO 1: LLENANDO ACTA_NUMERO (búsqueda por patente + fecha, con desempate por hora)
[ACTUALIZAR PAGOS · AUTO] ================================================================================
[ACTUALIZAR PAGOS · AUTO] 📊 ESTADÍSTICAS DE LLENADO DE ACTAS:
[ACTUALIZAR PAGOS · AUTO]   • Pagos con acta ORIGINAL: 1986
[ACTUALIZAR PAGOS · AUTO]   • Pagos SIN acta (buscados): 13375
[ACTUALIZAR PAGOS · AUTO]   • Pagos LLENADOS exitosamente: 14
[ACTUALIZAR PAGOS · AUTO]   • Pagos NO encontrados en multas: 13361
[ACTUALIZAR PAGOS · AUTO]   • Pagos SIN RESOLVER por desbalance de cantidades: 0
[ACTUALIZAR PAGOS · AUTO] ================================================================================
[ACTUALIZAR PAGOS · AUTO] PASO 1: LLENANDO ACTA_NUMERO (búsqueda por patente + fecha, con desempate por hora)
[ACTUALIZAR PAGOS · AUTO] ================================================================================
[ACTUALIZAR PAGOS · AUTO] 📊 ESTADÍSTICAS DE LLENADO DE ACTAS:
[ACTUALIZAR PAGOS · AUTO]   • Pagos con acta ORIGINAL: 2000
[ACTUALIZAR PAGOS · AUTO]   • Pagos SIN acta (buscados): 13361
[ACTUALIZAR PAGOS · AUTO]   • Pagos LLENADOS exitosamente: 0
[ACTUALIZAR PAGOS · AUTO]   • Pagos NO encontrados en multas: 13361
[ACTUALIZAR PAGOS · AUTO]   • Pagos SIN RESOLVER por desbalance de cantidades: 0
[ACTUALIZAR PAGOS · AUTO] ⏱ PASO 1 (llenar actas): 14.8s
[ACTUALIZAR PAGOS · AUTO] ================================================================================
[ACTUALIZAR PAGOS · AUTO] PASO 2: FILTRANDO PAGOS CON ACTA_NUMERO COMPLETO
[ACTUALIZAR PAGOS · AUTO] ================================================================================
[ACTUALIZAR PAGOS · AUTO] 📊 ESTADÍSTICAS DE FILTRADO:
[ACTUALIZAR PAGOS · AUTO]   • Pagos TOTALES al inicio: 15361
[ACTUALIZAR PAGOS · AUTO]   • Pagos CON acta (MANTIENEN): 2000
[ACTUALIZAR PAGOS · AUTO]   • Pagos RECHAZADOS (sin coincidencias): 13361
[ACTUALIZAR PAGOS · AUTO] ⚠️  Se eliminaron 13361 registros sin número de acta
[ACTUALIZAR PAGOS · AUTO]      (recordá: esto incluye tanto pagos ya actualizados/pagados
[ACTUALIZAR PAGOS · AUTO]       como pagos que quedaron sin resolver por desbalance en el Paso 1)
[ACTUALIZAR PAGOS · AUTO] ================================================================================
[ACTUALIZAR PAGOS · AUTO] PASO 2-bis: CONFIRMANDO VIGENCIA DE PAGOS DEL SISTEMA NUEVO (contra MULTAS_JUZGADO_CRUCE)
[ACTUALIZAR PAGOS · AUTO] ================================================================================
[ACTUALIZAR PAGOS · AUTO]   ⚠ 1967 pago(s) del sistema nuevo descartados: su acta ya no figura como vencida en MULTAS_JUZGADO_CRUCE (SEMyT ya los actualizó).
[ACTUALIZAR PAGOS · AUTO]   • Pagos del sistema nuevo descartados por ya estar actualizados: 1967
[ACTUALIZAR PAGOS · AUTO] ⏱ PASO 2 (filtrar): 0.9s
[ACTUALIZAR PAGOS · AUTO] 📂 Cargando maestro de causas SIGEMI...
[ACTUALIZAR PAGOS · AUTO]   ✓ Causas totales (maestro): 134069 registros
[ACTUALIZAR PAGOS · AUTO] ⏱ PASO 2.5 (causas simplificado): 0.2s
[ACTUALIZAR PAGOS · AUTO] ================================================================================
[ACTUALIZAR PAGOS · AUTO] PASO 2.5: ARMANDO causas.txt SIMPLIFICADO (cruce contra total_causas_sigemi.txt)
[ACTUALIZAR PAGOS · AUTO] ================================================================================
[ACTUALIZAR PAGOS · AUTO]   • Actas vencidas viejas (multas): 104246
[ACTUALIZAR PAGOS · AUTO]   • Causas totales en el maestro SIGEMI: 134069
[ACTUALIZAR PAGOS · AUTO]   • Causas que coinciden (simplificado): 103915
[ACTUALIZAR PAGOS · AUTO]   ✅ Archivo escrito: backend/descargas/causas/causas.txt
[ACTUALIZAR PAGOS · AUTO] ⏱ PASO 2.5 (causas simplificado): 3.2s
[ACTUALIZAR PAGOS · AUTO] ================================================================================
[ACTUALIZAR PAGOS · AUTO] PASO 3: LLENANDO CAUSA_NUMERO (según fecha de cambio de sistema, cruzando por acta + año)
[ACTUALIZAR PAGOS · AUTO] ================================================================================
[ACTUALIZAR PAGOS · AUTO] 📊 ESTADÍSTICAS DE LLENADO DE CAUSAS:
[ACTUALIZAR PAGOS · AUTO]   • Pagos con causa ORIGINAL: 19
[ACTUALIZAR PAGOS · AUTO]   • Causas encontradas en SIGEMI (actas viejas): 14
[ACTUALIZAR PAGOS · AUTO]   • Causas NO encontradas en SIGEMI: 0
[ACTUALIZAR PAGOS · AUTO]   • Causas asignadas automáticamente (actas nuevas): 0
[ACTUALIZAR PAGOS · AUTO] ⏱ PASO 3 (llenar causas): 0.0s
[ACTUALIZAR PAGOS · AUTO] ================================================================================
[ACTUALIZAR PAGOS · AUTO] PASO 4: ORDENANDO POR FECHA Y ACTA_NUMERO
[ACTUALIZAR PAGOS · AUTO] ================================================================================
[ACTUALIZAR PAGOS · AUTO] ✓ Pagos ordenados correctamente
[ACTUALIZAR PAGOS · AUTO]   • Primera entrada: Acta=14885, Fecha=23/07/2024
[ACTUALIZAR PAGOS · AUTO]   • Última entrada: Acta=273184, Fecha=02/03/2026
[ACTUALIZAR PAGOS · AUTO] 📝 Escribiendo archivo de salida...
[ACTUALIZAR PAGOS · AUTO]   ✅ Archivo escrito: backend/descargas/pagos/2026-07-20/PAGOS 20260720 145838.txt
[ACTUALIZAR PAGOS · AUTO]   ✅ Total registros: 3704
[ACTUALIZAR PAGOS · AUTO] ⏱ PASO 4 (ordenar y escribir): 0.0s
[ACTUALIZAR PAGOS · AUTO] ================================================================================
[ACTUALIZAR PAGOS · AUTO] ✅ PROCESO COMPLETADO EXITOSAMENTE
[ACTUALIZAR PAGOS · AUTO] ================================================================================
[ACTUALIZAR PAGOS · AUTO] 📊 RESUMEN FINAL DEL PROCESAMIENTO:
[ACTUALIZAR PAGOS · AUTO]   ENTRADA:
[ACTUALIZAR PAGOS · AUTO]     • Pagos originales: 15361
[ACTUALIZAR PAGOS · AUTO]     • Multas SIGEMI cargadas: 104246
[ACTUALIZAR PAGOS · AUTO]     • Multas Juzgado cargadas: 39583
[ACTUALIZAR PAGOS · AUTO]     • Causas simplificadas (usadas para el cruce): 103915
[ACTUALIZAR PAGOS · AUTO]   PROCESO:
[ACTUALIZAR PAGOS · AUTO]     • Pagos rechazados sigemi: 13361
[ACTUALIZAR PAGOS · AUTO]     • Pagos rechazados juzgado: 1967
[ACTUALIZAR PAGOS · AUTO]   SALIDA:
[ACTUALIZAR PAGOS · AUTO]     • Pagos desactualizados procesados: 33
[ACTUALIZAR PAGOS · AUTO]     • Archivo final: backend/descargas/pagos/2026-07-20/PAGOS 20260720 145838.txt
[ACTUALIZAR PAGOS · AUTO]     • Ordenados por fecha: SÍ ✓
[ACTUALIZAR PAGOS · AUTO]     • Todos con ACTA_NUMERO: SÍ ✓
[ACTUALIZAR PAGOS · AUTO]     • Todos con CAUSA_NUMERO: SÍ ✓
[ACTUALIZAR PAGOS · AUTO] ✅ TXT de pagos (ya cruzado con actas y causas) generado en: backend/descargas/pagos/2026-07-20/PAGOS 20260720 145838.txt
[ACTUALIZAR PAGOS · AUTO] 🧹 TXT de pagos crudo eliminado (ya usado en el cruce): backend/descargas/pagos/2026-07-20/PAGOS DESCARGADOS.txt
[ACTUALIZAR PAGOS · AUTO] 🧹 Excel MULTAS_SIGEMI_CRUCE eliminado (ya usado en el cruce): backend/descargas/cache_actas_cruce/MULTAS_SIGEMI_CRUCE.xlsx
[ACTUALIZAR PAGOS · AUTO] 🧹 Excel MULTAS_JUZGADO_CRUCE eliminado (ya usado en el cruce): backend/descargas/cache_actas_cruce/MULTAS_JUZGADO_CRUCE.xlsx
[ACTUALIZAR PAGOS · AUTO] ✅ CompararActasPaso finalizado. (⏱ 47.5s)
[ACTUALIZAR PAGOS · AUTO] ✓ [CompararActasPaso] Completado.
[ACTUALIZAR PAGOS · AUTO] ▶ [CargarPagosPaso] Iniciando...
[ACTUALIZAR PAGOS · AUTO] ==================================================
[ACTUALIZAR PAGOS · AUTO] 🚀 PASO: CargarPagosPaso
[ACTUALIZAR PAGOS · AUTO] ==================================================
[ACTUALIZAR PAGOS · AUTO] 📤 Subiendo TXT de pagos al SEMyT...
[ACTUALIZAR PAGOS · AUTO] ❌ Error en el paso [CargarPagosPaso]: TimeoutError: Locator.click: Timeout 10000ms exceeded.
[ACTUALIZAR PAGOS · AUTO] Call log:
[ACTUALIZAR PAGOS · AUTO]   - waiting for locator(".mat-dialog-container").locator("button:has(mat-icon:text-is('search'))")
[ACTUALIZAR PAGOS · AUTO]     - locator resolved to <button mat-button="" _ngcontent-c16="" class="mat-button cdk-focused cdk-program-focused">…</button>
[ACTUALIZAR PAGOS · AUTO]   - attempting click action
[ACTUALIZAR PAGOS · AUTO]     - waiting for element to be visible, enabled and stable
[ACTUALIZAR PAGOS · AUTO]     - element is visible, enabled and stable
[ACTUALIZAR PAGOS · AUTO]     - scrolling into view if needed
[ACTUALIZAR PAGOS · AUTO] ❌ === ERROR: TimeoutError: Locator.click: Timeout 10000ms exceeded.
[ACTUALIZAR PAGOS · AUTO] Call log:
[ACTUALIZAR PAGOS · AUTO]   - waiting for locator(".mat-dialog-container").locator("button:has(mat-icon:text-is('search'))")
[ACTUALIZAR PAGOS · AUTO]     - locator resolved to <button mat-button="" _ngcontent-c16="" class="mat-button cdk-focused cdk-program-focused">…</button>
[ACTUALIZAR PAGOS · AUTO]   - attempting click action
[ACTUALIZAR PAGOS · AUTO]     - waiting for element to be visible, enabled and stable
[ACTUALIZAR PAGOS · AUTO]     - element is visible, enabled and stable
[ACTUALIZAR PAGOS · AUTO]     - scrolling into view if needed
[ACTUALIZAR PAGOS · AUTO]  ===
[ACTUALIZAR PAGOS · AUTO] Traceback (most recent call last):
[ACTUALIZAR PAGOS · AUTO]   File "/Users/nicolascesolari/Downloads/proyectoJuzgado(perfect) /backend/orquestador/trabajador.py", line 87, in ejecutar_worker
[ACTUALIZAR PAGOS · AUTO]     contexto_resultado = asyncio.run(
[ACTUALIZAR PAGOS · AUTO]         _correr_tipo(tipo, origen, fecha_desde_multas_manual, archivo_creado)
[ACTUALIZAR PAGOS · AUTO]     )
[ACTUALIZAR PAGOS · AUTO]   File "/Library/Frameworks/Python.framework/Versions/3.14/lib/python3.14/asyncio/runners.py", line 205, in run
[ACTUALIZAR PAGOS · AUTO]     return runner.run(main)
[ACTUALIZAR PAGOS · AUTO]            ~~~~~~~~~~^^^^^^
[ACTUALIZAR PAGOS · AUTO]   File "/Library/Frameworks/Python.framework/Versions/3.14/lib/python3.14/asyncio/runners.py", line 128, in run
[ACTUALIZAR PAGOS · AUTO]     return self._loop.run_until_complete(task)
[ACTUALIZAR PAGOS · AUTO]            ~~~~~~~~~~~~~~~~~~~~~~~~~~~~~^^^^^^
[ACTUALIZAR PAGOS · AUTO]   File "/Library/Frameworks/Python.framework/Versions/3.14/lib/python3.14/asyncio/base_events.py", line 719, in run_until_complete
[ACTUALIZAR PAGOS · AUTO]     return future.result()
[ACTUALIZAR PAGOS · AUTO]            ~~~~~~~~~~~~~^^
[ACTUALIZAR PAGOS · AUTO]   File "/Users/nicolascesolari/Downloads/proyectoJuzgado(perfect) /backend/orquestador/trabajador.py", line 146, in _correr_tipo
[ACTUALIZAR PAGOS · AUTO]     return await PagosWorkflow(navegador).ejecutar(archivo_fn=archivo_creado,cerrar_navegador_al_final=False,)
[ACTUALIZAR PAGOS · AUTO]            ^^^^^^^^^^^^^^^^^^^^^^^^^^^^^^^^^^^^^^^^^^^^^^^^^^^^^^^^^^^^^^^^^^^^^^^^^^^^^^^^^^^^^^^^^^^^^^^^^^^
[ACTUALIZAR PAGOS · AUTO]   File "/Users/nicolascesolari/Downloads/proyectoJuzgado(perfect) /backend/workflows/workflow_base.py", line 35, in ejecutar
[ACTUALIZAR PAGOS · AUTO]     await paso.ejecutar(contexto)
[ACTUALIZAR PAGOS · AUTO]   File "/Users/nicolascesolari/Downloads/proyectoJuzgado(perfect) /backend/pasos/cargar_pagos_paso.py", line 22, in ejecutar
[ACTUALIZAR PAGOS · AUTO]     resultado = await service.subir_txt_pagos(contexto.pagina_semyt, ruta_txt)
[ACTUALIZAR PAGOS · AUTO]                 ^^^^^^^^^^^^^^^^^^^^^^^^^^^^^^^^^^^^^^^^^^^^^^^^^^^^^^^^^^^^^^
[ACTUALIZAR PAGOS · AUTO]   File "/Users/nicolascesolari/Downloads/proyectoJuzgado(perfect) /backend/services/pagos_service.py", line 33, in subir_txt_pagos
[ACTUALIZAR PAGOS · AUTO]     return await page.importar_txt(ruta_txt)
[ACTUALIZAR PAGOS · AUTO]            ^^^^^^^^^^^^^^^^^^^^^^^^^^^^^^^^^
[ACTUALIZAR PAGOS · AUTO]   File "/Users/nicolascesolari/Downloads/proyectoJuzgado(perfect) /backend/pages/importar_pagos_page.py", line 37, in importar_txt
[ACTUALIZAR PAGOS · AUTO]     await self.boton_lupa.click(timeout=10000)
[ACTUALIZAR PAGOS · AUTO]   File "/Library/Frameworks/Python.framework/Versions/3.14/lib/python3.14/site-packages/playwright/async_api/_generated.py", line 17449, in click
[ACTUALIZAR PAGOS · AUTO]     await self._impl_obj.click(
[ACTUALIZAR PAGOS · AUTO]     ...<10 lines>...
[ACTUALIZAR PAGOS · AUTO]     )
[ACTUALIZAR PAGOS · AUTO]   File "/Library/Frameworks/Python.framework/Versions/3.14/lib/python3.14/site-packages/playwright/_impl/_locator.py", line 163, in click
[ACTUALIZAR PAGOS · AUTO]     return await self._frame._click(self._selector, strict=True, **params)
[ACTUALIZAR PAGOS · AUTO]            ^^^^^^^^^^^^^^^^^^^^^^^^^^^^^^^^^^^^^^^^^^^^^^^^^^^^^^^^^^^^^^^
[ACTUALIZAR PAGOS · AUTO]   File "/Library/Frameworks/Python.framework/Versions/3.14/lib/python3.14/site-packages/playwright/_impl/_frame.py", line 569, in _click
[ACTUALIZAR PAGOS · AUTO]     await self._channel.send("click", self._timeout, locals_to_params(locals()))
[ACTUALIZAR PAGOS · AUTO]   File "/Library/Frameworks/Python.framework/Versions/3.14/lib/python3.14/site-packages/playwright/_impl/_connection.py", line 69, in send
[ACTUALIZAR PAGOS · AUTO]     return await self._connection.wrap_api_call(
[ACTUALIZAR PAGOS · AUTO]            ^^^^^^^^^^^^^^^^^^^^^^^^^^^^^^^^^^^^^
[ACTUALIZAR PAGOS · AUTO]     ...<3 lines>...
[ACTUALIZAR PAGOS · AUTO]     )
[ACTUALIZAR PAGOS · AUTO]     ^
[ACTUALIZAR PAGOS · AUTO]   File "/Library/Frameworks/Python.framework/Versions/3.14/lib/python3.14/site-packages/playwright/_impl/_connection.py", line 559, in wrap_api_call
[ACTUALIZAR PAGOS · AUTO]     raise rewrite_error(error, f"{parsed_st['apiName']}: {error}") from None
[ACTUALIZAR PAGOS · AUTO] playwright._impl._errors.TimeoutError: Locator.click: Timeout 10000ms exceeded.
[ACTUALIZAR PAGOS · AUTO] Call log:
[ACTUALIZAR PAGOS · AUTO]   - waiting for locator(".mat-dialog-container").locator("button:has(mat-icon:text-is('search'))")
[ACTUALIZAR PAGOS · AUTO]     - locator resolved to <button mat-button="" _ngcontent-c16="" class="mat-button cdk-focused cdk-program-focused">…</button>
[ACTUALIZAR PAGOS · AUTO]   - attempting click action
[ACTUALIZAR PAGOS · AUTO]     - waiting for element to be visible, enabled and stable
[ACTUALIZAR PAGOS · AUTO]     - element is visible, enabled and stable
[ACTUALIZAR PAGOS · AUTO]     - scrolling into view if needed
ℹ El log detallado de esta corrida no se conservó en disco (no se llegó a subir ningún archivo).
❌ [Automático] 'pagos' falló (intento 2 de 4). Se reintenta a las 15:57.
🤖 [Automático] Es hora de actualizar pagos (reintento 2 de 3). Arrancando...
[ACTUALIZAR PAGOS · AUTO] === Inicio de ejecución: pagos ===
[ACTUALIZAR PAGOS · AUTO] ▶ [LoginSemytPaso] Iniciando...
[ACTUALIZAR PAGOS · AUTO] ==================================================
[ACTUALIZAR PAGOS · AUTO] 🚀 PASO: LoginSemytPaso
[ACTUALIZAR PAGOS · AUTO] ==================================================
[ACTUALIZAR PAGOS · AUTO] Abriendo SEMyT...
[ACTUALIZAR PAGOS · AUTO] ✅ [SEMyT] Sesión existente detectada. Login omitido.
[ACTUALIZAR PAGOS · AUTO] ✅ LoginSemytPaso finalizado. (⏱ 4.4s)
[ACTUALIZAR PAGOS · AUTO] ✓ [LoginSemytPaso] Completado.
[ACTUALIZAR PAGOS · AUTO] ▶ [LoginJuzgadoPaso] Iniciando...
[ACTUALIZAR PAGOS · AUTO] ==================================================
[ACTUALIZAR PAGOS · AUTO] 🚀 PASO: LoginJuzgadoPaso
[ACTUALIZAR PAGOS · AUTO] ==================================================
[ACTUALIZAR PAGOS · AUTO] Abriendo sitio municipalidad (CiDi)...
[ACTUALIZAR PAGOS · AUTO] ✅ [Juzgado] Sesión existente detectada. Login omitido.
[ACTUALIZAR PAGOS · AUTO] ✅ LoginJuzgadoPaso finalizado. (⏱ 1.7s)
[ACTUALIZAR PAGOS · AUTO] ✓ [LoginJuzgadoPaso] Completado.
[ACTUALIZAR PAGOS · AUTO] ▶ [DescargasParalelasPaso] Iniciando...
[ACTUALIZAR PAGOS · AUTO] ==================================================
[ACTUALIZAR PAGOS · AUTO] 🚀 PASO: DescargasParalelasPaso
[ACTUALIZAR PAGOS · AUTO] ==================================================
[ACTUALIZAR PAGOS · AUTO] 📤 Arrancando las 3 descargas en paralelo (mismo browser, páginas separadas)...
[ACTUALIZAR PAGOS · AUTO] Fecha Desde: 27/06/2024
[ACTUALIZAR PAGOS · AUTO] Fecha Hasta: 24/11/2025
[ACTUALIZAR PAGOS · AUTO] Fecha Desde: 25/11/2025
[ACTUALIZAR PAGOS · AUTO] Fecha Hasta: 20/07/2026
[ACTUALIZAR PAGOS · AUTO] Descargando Excel...
[ACTUALIZAR PAGOS · AUTO] Descargando Excel...
⏳ [Automático] Tocaba disparar 'pagos' pero ya hay una ejecución en curso (Actualizar pagos); esperando a que termine; se reintenta en breve sin perder el turno.
[ACTUALIZAR PAGOS · AUTO] Archivo descargado en: backend/descargas/cache_actas_cruce/MULTAS_JUZGADO_CRUCE.xlsx
[ACTUALIZAR PAGOS · AUTO] ⏱ [actas_juzgado] completado en 20.6s
[ACTUALIZAR PAGOS · AUTO] Archivo descargado en: backend/descargas/cache_actas_cruce/MULTAS_SIGEMI_CRUCE.xlsx
[ACTUALIZAR PAGOS · AUTO] ⏱ [actas_sigemi] completado en 46.4s
[ACTUALIZAR PAGOS · AUTO] ✅ TXT de pagos descargado en: backend/descargas/pagos/2026-07-20/PAGOS DESCARGADOS.txt
[ACTUALIZAR PAGOS · AUTO] ⏱ [pagos_txt] completado en 77.8s
[ACTUALIZAR PAGOS · AUTO] ⏱ TOTAL descargas en paralelo: 77.8s
[ACTUALIZAR PAGOS · AUTO] ✅ DescargasParalelasPaso finalizado. (⏱ 79.4s)
[ACTUALIZAR PAGOS · AUTO] ✓ [DescargasParalelasPaso] Completado.
[ACTUALIZAR PAGOS · AUTO] ▶ [CompararActasPaso] Iniciando...
[ACTUALIZAR PAGOS · AUTO] ==================================================
[ACTUALIZAR PAGOS · AUTO] 🚀 PASO: CompararActasPaso
[ACTUALIZAR PAGOS · AUTO] ==================================================
[ACTUALIZAR PAGOS · AUTO] 🔍 Comparando actas del SEMyT contra pagos del Juzgado...
[ACTUALIZAR PAGOS · AUTO] ================================================================================
[ACTUALIZAR PAGOS · AUTO] INICIANDO PROCESO DE GENERACIÓN DE PAGOS DESACTUALIZADOS
[ACTUALIZAR PAGOS · AUTO] ================================================================================
[ACTUALIZAR PAGOS · AUTO] 📂 Cargando archivos...
[ACTUALIZAR PAGOS · AUTO]   ✓ Pagos: 15421 registros
[ACTUALIZAR PAGOS · AUTO]   ✓ Excel SIGEMI (multas vencidas viejas): 104246 registros
[ACTUALIZAR PAGOS · AUTO]   ✓ Excel Juzgado (multas vencidas nuevas): 39583 registros
[ACTUALIZAR PAGOS · AUTO] ================================================================================
[ACTUALIZAR PAGOS · AUTO] PASO 1: LLENANDO ACTA_NUMERO (búsqueda por patente + fecha, con desempate por hora)
[ACTUALIZAR PAGOS · AUTO] ================================================================================
[ACTUALIZAR PAGOS · AUTO] 📊 ESTADÍSTICAS DE LLENADO DE ACTAS:
[ACTUALIZAR PAGOS · AUTO]   • Pagos con acta ORIGINAL: 2015
[ACTUALIZAR PAGOS · AUTO]   • Pagos SIN acta (buscados): 13406
[ACTUALIZAR PAGOS · AUTO]   • Pagos LLENADOS exitosamente: 45
[ACTUALIZAR PAGOS · AUTO]   • Pagos NO encontrados en multas: 13361
[ACTUALIZAR PAGOS · AUTO]   • Pagos SIN RESOLVER por desbalance de cantidades: 0
[ACTUALIZAR PAGOS · AUTO] ================================================================================
[ACTUALIZAR PAGOS · AUTO] PASO 1: LLENANDO ACTA_NUMERO (búsqueda por patente + fecha, con desempate por hora)
[ACTUALIZAR PAGOS · AUTO] ================================================================================
[ACTUALIZAR PAGOS · AUTO] 📊 ESTADÍSTICAS DE LLENADO DE ACTAS:
[ACTUALIZAR PAGOS · AUTO]   • Pagos con acta ORIGINAL: 2060
[ACTUALIZAR PAGOS · AUTO]   • Pagos SIN acta (buscados): 13361
[ACTUALIZAR PAGOS · AUTO]   • Pagos LLENADOS exitosamente: 0
[ACTUALIZAR PAGOS · AUTO]   • Pagos NO encontrados en multas: 13361
[ACTUALIZAR PAGOS · AUTO]   • Pagos SIN RESOLVER por desbalance de cantidades: 0
[ACTUALIZAR PAGOS · AUTO] ⏱ PASO 1 (llenar actas): 16.7s
[ACTUALIZAR PAGOS · AUTO] ================================================================================
[ACTUALIZAR PAGOS · AUTO] PASO 2: FILTRANDO PAGOS CON ACTA_NUMERO COMPLETO
[ACTUALIZAR PAGOS · AUTO] ================================================================================
[ACTUALIZAR PAGOS · AUTO] 📊 ESTADÍSTICAS DE FILTRADO:
[ACTUALIZAR PAGOS · AUTO]   • Pagos TOTALES al inicio: 15421
[ACTUALIZAR PAGOS · AUTO]   • Pagos CON acta (MANTIENEN): 2060
[ACTUALIZAR PAGOS · AUTO]   • Pagos RECHAZADOS (sin coincidencias): 13361
[ACTUALIZAR PAGOS · AUTO] ⚠️  Se eliminaron 13361 registros sin número de acta
[ACTUALIZAR PAGOS · AUTO]      (recordá: esto incluye tanto pagos ya actualizados/pagados
[ACTUALIZAR PAGOS · AUTO]       como pagos que quedaron sin resolver por desbalance en el Paso 1)
[ACTUALIZAR PAGOS · AUTO] ================================================================================
[ACTUALIZAR PAGOS · AUTO] PASO 2-bis: CONFIRMANDO VIGENCIA DE PAGOS DEL SISTEMA NUEVO (contra MULTAS_JUZGADO_CRUCE)
[ACTUALIZAR PAGOS · AUTO] ================================================================================
[ACTUALIZAR PAGOS · AUTO]   ⚠ 1967 pago(s) del sistema nuevo descartados: su acta ya no figura como vencida en MULTAS_JUZGADO_CRUCE (SEMyT ya los actualizó).
[ACTUALIZAR PAGOS · AUTO]   • Pagos del sistema nuevo descartados por ya estar actualizados: 1967
[ACTUALIZAR PAGOS · AUTO] ⏱ PASO 2 (filtrar): 0.7s
[ACTUALIZAR PAGOS · AUTO] 📂 Cargando maestro de causas SIGEMI...
[ACTUALIZAR PAGOS · AUTO]   ✓ Causas totales (maestro): 134069 registros
[ACTUALIZAR PAGOS · AUTO] ⏱ PASO 2.5 (causas simplificado): 0.1s
[ACTUALIZAR PAGOS · AUTO] ================================================================================
[ACTUALIZAR PAGOS · AUTO] PASO 2.5: ARMANDO causas.txt SIMPLIFICADO (cruce contra total_causas_sigemi.txt)
[ACTUALIZAR PAGOS · AUTO] ================================================================================
[ACTUALIZAR PAGOS · AUTO]   • Actas vencidas viejas (multas): 104246
[ACTUALIZAR PAGOS · AUTO]   • Causas totales en el maestro SIGEMI: 134069
[ACTUALIZAR PAGOS · AUTO]   • Causas que coinciden (simplificado): 103915
[ACTUALIZAR PAGOS · AUTO]   ✅ Archivo escrito: backend/descargas/causas/causas.txt
[ACTUALIZAR PAGOS · AUTO] ⏱ PASO 2.5 (causas simplificado): 2.4s
[ACTUALIZAR PAGOS · AUTO] ================================================================================
[ACTUALIZAR PAGOS · AUTO] PASO 3: LLENANDO CAUSA_NUMERO (según fecha de cambio de sistema, cruzando por acta + año)
[ACTUALIZAR PAGOS · AUTO] ================================================================================
[ACTUALIZAR PAGOS · AUTO] 📊 ESTADÍSTICAS DE LLENADO DE CAUSAS:
[ACTUALIZAR PAGOS · AUTO]   • Pagos con causa ORIGINAL: 48
[ACTUALIZAR PAGOS · AUTO]   • Causas encontradas en SIGEMI (actas viejas): 45
[ACTUALIZAR PAGOS · AUTO]   • Causas NO encontradas en SIGEMI: 0
[ACTUALIZAR PAGOS · AUTO]   • Causas asignadas automáticamente (actas nuevas): 0
[ACTUALIZAR PAGOS · AUTO] ⏱ PASO 3 (llenar causas): 0.1s
[ACTUALIZAR PAGOS · AUTO] ================================================================================
[ACTUALIZAR PAGOS · AUTO] PASO 4: ORDENANDO POR FECHA Y ACTA_NUMERO
[ACTUALIZAR PAGOS · AUTO] ================================================================================
[ACTUALIZAR PAGOS · AUTO] ✓ Pagos ordenados correctamente
[ACTUALIZAR PAGOS · AUTO]   • Primera entrada: Acta=3302, Fecha=02/07/2024
[ACTUALIZAR PAGOS · AUTO]   • Última entrada: Acta=306491, Fecha=04/05/2026
[ACTUALIZAR PAGOS · AUTO] 📝 Escribiendo archivo de salida...
[ACTUALIZAR PAGOS · AUTO]   ✅ Archivo escrito: backend/descargas/pagos/2026-07-20/PAGOS 20260720 170053.txt
[ACTUALIZAR PAGOS · AUTO]   ✅ Total registros: 10143
[ACTUALIZAR PAGOS · AUTO] ⏱ PASO 4 (ordenar y escribir): 0.0s
[ACTUALIZAR PAGOS · AUTO] ================================================================================
[ACTUALIZAR PAGOS · AUTO] ✅ PROCESO COMPLETADO EXITOSAMENTE
[ACTUALIZAR PAGOS · AUTO] ================================================================================
[ACTUALIZAR PAGOS · AUTO] 📊 RESUMEN FINAL DEL PROCESAMIENTO:
[ACTUALIZAR PAGOS · AUTO]   ENTRADA:
[ACTUALIZAR PAGOS · AUTO]     • Pagos originales: 15421
[ACTUALIZAR PAGOS · AUTO]     • Multas SIGEMI cargadas: 104246
[ACTUALIZAR PAGOS · AUTO]     • Multas Juzgado cargadas: 39583
[ACTUALIZAR PAGOS · AUTO]     • Causas simplificadas (usadas para el cruce): 103915
[ACTUALIZAR PAGOS · AUTO]   PROCESO:
[ACTUALIZAR PAGOS · AUTO]     • Pagos rechazados sigemi: 13361
[ACTUALIZAR PAGOS · AUTO]     • Pagos rechazados juzgado: 1967
[ACTUALIZAR PAGOS · AUTO]   SALIDA:
[ACTUALIZAR PAGOS · AUTO]     • Pagos desactualizados procesados: 93
[ACTUALIZAR PAGOS · AUTO]     • Archivo final: backend/descargas/pagos/2026-07-20/PAGOS 20260720 170053.txt
[ACTUALIZAR PAGOS · AUTO]     • Ordenados por fecha: SÍ ✓
[ACTUALIZAR PAGOS · AUTO]     • Todos con ACTA_NUMERO: SÍ ✓
[ACTUALIZAR PAGOS · AUTO]     • Todos con CAUSA_NUMERO: SÍ ✓
[ACTUALIZAR PAGOS · AUTO] ✅ TXT de pagos (ya cruzado con actas y causas) generado en: backend/descargas/pagos/2026-07-20/PAGOS 20260720 170053.txt
[ACTUALIZAR PAGOS · AUTO] 🧹 TXT de pagos crudo eliminado (ya usado en el cruce): backend/descargas/pagos/2026-07-20/PAGOS DESCARGADOS.txt
[ACTUALIZAR PAGOS · AUTO] 🧹 Excel MULTAS_SIGEMI_CRUCE eliminado (ya usado en el cruce): backend/descargas/cache_actas_cruce/MULTAS_SIGEMI_CRUCE.xlsx
[ACTUALIZAR PAGOS · AUTO] 🧹 Excel MULTAS_JUZGADO_CRUCE eliminado (ya usado en el cruce): backend/descargas/cache_actas_cruce/MULTAS_JUZGADO_CRUCE.xlsx
[ACTUALIZAR PAGOS · AUTO] ✅ CompararActasPaso finalizado. (⏱ 44.2s)
[ACTUALIZAR PAGOS · AUTO] ✓ [CompararActasPaso] Completado.
[ACTUALIZAR PAGOS · AUTO] ▶ [CargarPagosPaso] Iniciando...
[ACTUALIZAR PAGOS · AUTO] ==================================================
[ACTUALIZAR PAGOS · AUTO] 🚀 PASO: CargarPagosPaso
[ACTUALIZAR PAGOS · AUTO] ==================================================
[ACTUALIZAR PAGOS · AUTO] 📤 Subiendo TXT de pagos al SEMyT...
[ACTUALIZAR PAGOS · AUTO] ✅ Importación de pagos completada con éxito.
[ACTUALIZAR PAGOS · AUTO] ✅ Archivo TXT de pagos cargado en el SEMyT correctamente.
[ACTUALIZAR PAGOS · AUTO] ✅ CargarPagosPaso finalizado. (⏱ 3.5s)
[ACTUALIZAR PAGOS · AUTO] ✓ [CargarPagosPaso] Completado.
[ACTUALIZAR PAGOS · AUTO] === Ejecución finalizada con éxito ===
✅ [Automático] 'pagos' terminó bien en el reintento 2.
🤖 [Automático] Es hora de actualizar pagos. Arrancando...
[ACTUALIZAR PAGOS · AUTO] === Inicio de ejecución: pagos ===
[ACTUALIZAR PAGOS · AUTO] ▶ [LoginSemytPaso] Iniciando...
[ACTUALIZAR PAGOS · AUTO] ==================================================
[ACTUALIZAR PAGOS · AUTO] 🚀 PASO: LoginSemytPaso
[ACTUALIZAR PAGOS · AUTO] ==================================================
[ACTUALIZAR PAGOS · AUTO] Abriendo SEMyT...
[ACTUALIZAR PAGOS · AUTO] ✅ [SEMyT] Sesión existente detectada. Login omitido.
[ACTUALIZAR PAGOS · AUTO] ✅ LoginSemytPaso finalizado. (⏱ 4.4s)
[ACTUALIZAR PAGOS · AUTO] ✓ [LoginSemytPaso] Completado.
[ACTUALIZAR PAGOS · AUTO] ▶ [LoginJuzgadoPaso] Iniciando...
[ACTUALIZAR PAGOS · AUTO] ==================================================
[ACTUALIZAR PAGOS · AUTO] 🚀 PASO: LoginJuzgadoPaso
[ACTUALIZAR PAGOS · AUTO] ==================================================
[ACTUALIZAR PAGOS · AUTO] Abriendo sitio municipalidad (CiDi)...
[ACTUALIZAR PAGOS · AUTO] ✅ [Juzgado] Sesión existente detectada. Login omitido.
[ACTUALIZAR PAGOS · AUTO] ✅ LoginJuzgadoPaso finalizado. (⏱ 2.1s)
[ACTUALIZAR PAGOS · AUTO] ✓ [LoginJuzgadoPaso] Completado.
[ACTUALIZAR PAGOS · AUTO] ▶ [DescargasParalelasPaso] Iniciando...
[ACTUALIZAR PAGOS · AUTO] ==================================================
[ACTUALIZAR PAGOS · AUTO] 🚀 PASO: DescargasParalelasPaso
[ACTUALIZAR PAGOS · AUTO] ==================================================
[ACTUALIZAR PAGOS · AUTO] 📤 Arrancando las 3 descargas en paralelo (mismo browser, páginas separadas)...
[ACTUALIZAR PAGOS · AUTO] Fecha Desde: 27/06/2024
[ACTUALIZAR PAGOS · AUTO] Fecha Hasta: 24/11/2025
[ACTUALIZAR PAGOS · AUTO] Fecha Desde: 25/11/2025
[ACTUALIZAR PAGOS · AUTO] Fecha Hasta: 20/07/2026
[ACTUALIZAR PAGOS · AUTO] Descargando Excel...
[ACTUALIZAR PAGOS · AUTO] Descargando Excel...
⏳ [Automático] Tocaba disparar 'pagos' pero ya hay una ejecución en curso (Actualizar pagos); esperando a que termine; se reintenta en breve sin perder el turno.
[ACTUALIZAR PAGOS · AUTO] Archivo descargado en: backend/descargas/cache_actas_cruce/MULTAS_JUZGADO_CRUCE.xlsx
[ACTUALIZAR PAGOS · AUTO] ⏱ [actas_juzgado] completado en 21.0s
[ACTUALIZAR PAGOS · AUTO] Archivo descargado en: backend/descargas/cache_actas_cruce/MULTAS_SIGEMI_CRUCE.xlsx
[ACTUALIZAR PAGOS · AUTO] ⏱ [actas_sigemi] completado en 42.4s
[ACTUALIZAR PAGOS · AUTO] ✅ TXT de pagos descargado en: backend/descargas/pagos/2026-07-20/PAGOS DESCARGADOS.txt
[ACTUALIZAR PAGOS · AUTO] ⏱ [pagos_txt] completado en 47.0s
[ACTUALIZAR PAGOS · AUTO] ⏱ TOTAL descargas en paralelo: 47.0s
[ACTUALIZAR PAGOS · AUTO] ✅ DescargasParalelasPaso finalizado. (⏱ 48.4s)
[ACTUALIZAR PAGOS · AUTO] ✓ [DescargasParalelasPaso] Completado.
[ACTUALIZAR PAGOS · AUTO] ▶ [CompararActasPaso] Iniciando...
[ACTUALIZAR PAGOS · AUTO] ==================================================
[ACTUALIZAR PAGOS · AUTO] 🚀 PASO: CompararActasPaso
[ACTUALIZAR PAGOS · AUTO] ==================================================
[ACTUALIZAR PAGOS · AUTO] 🔍 Comparando actas del SEMyT contra pagos del Juzgado...
[ACTUALIZAR PAGOS · AUTO] ================================================================================
[ACTUALIZAR PAGOS · AUTO] INICIANDO PROCESO DE GENERACIÓN DE PAGOS DESACTUALIZADOS
[ACTUALIZAR PAGOS · AUTO] ================================================================================
[ACTUALIZAR PAGOS · AUTO] 📂 Cargando archivos...
[ACTUALIZAR PAGOS · AUTO]   ✓ Pagos: 15422 registros
[ACTUALIZAR PAGOS · AUTO]   ✓ Excel SIGEMI (multas vencidas viejas): 104201 registros
[ACTUALIZAR PAGOS · AUTO]   ✓ Excel Juzgado (multas vencidas nuevas): 39535 registros
[ACTUALIZAR PAGOS · AUTO] ================================================================================
[ACTUALIZAR PAGOS · AUTO] PASO 1: LLENANDO ACTA_NUMERO (búsqueda por patente + fecha, con desempate por hora)
[ACTUALIZAR PAGOS · AUTO] ================================================================================
[ACTUALIZAR PAGOS · AUTO] 📊 ESTADÍSTICAS DE LLENADO DE ACTAS:
[ACTUALIZAR PAGOS · AUTO]   • Pagos con acta ORIGINAL: 2016
[ACTUALIZAR PAGOS · AUTO]   • Pagos SIN acta (buscados): 13406
[ACTUALIZAR PAGOS · AUTO]   • Pagos LLENADOS exitosamente: 0
[ACTUALIZAR PAGOS · AUTO]   • Pagos NO encontrados en multas: 13406
[ACTUALIZAR PAGOS · AUTO]   • Pagos SIN RESOLVER por desbalance de cantidades: 0
[ACTUALIZAR PAGOS · AUTO] ================================================================================
[ACTUALIZAR PAGOS · AUTO] PASO 1: LLENANDO ACTA_NUMERO (búsqueda por patente + fecha, con desempate por hora)
[ACTUALIZAR PAGOS · AUTO] ================================================================================
[ACTUALIZAR PAGOS · AUTO] 📊 ESTADÍSTICAS DE LLENADO DE ACTAS:
[ACTUALIZAR PAGOS · AUTO]   • Pagos con acta ORIGINAL: 2016
[ACTUALIZAR PAGOS · AUTO]   • Pagos SIN acta (buscados): 13406
[ACTUALIZAR PAGOS · AUTO]   • Pagos LLENADOS exitosamente: 0
[ACTUALIZAR PAGOS · AUTO]   • Pagos NO encontrados en multas: 13406
[ACTUALIZAR PAGOS · AUTO]   • Pagos SIN RESOLVER por desbalance de cantidades: 0
[ACTUALIZAR PAGOS · AUTO] ⏱ PASO 1 (llenar actas): 14.8s
[ACTUALIZAR PAGOS · AUTO] ================================================================================
[ACTUALIZAR PAGOS · AUTO] PASO 2: FILTRANDO PAGOS CON ACTA_NUMERO COMPLETO
[ACTUALIZAR PAGOS · AUTO] ================================================================================
[ACTUALIZAR PAGOS · AUTO] 📊 ESTADÍSTICAS DE FILTRADO:
[ACTUALIZAR PAGOS · AUTO]   • Pagos TOTALES al inicio: 15422
[ACTUALIZAR PAGOS · AUTO]   • Pagos CON acta (MANTIENEN): 2016
[ACTUALIZAR PAGOS · AUTO]   • Pagos RECHAZADOS (sin coincidencias): 13406
[ACTUALIZAR PAGOS · AUTO] ⚠️  Se eliminaron 13406 registros sin número de acta
[ACTUALIZAR PAGOS · AUTO]      (recordá: esto incluye tanto pagos ya actualizados/pagados
[ACTUALIZAR PAGOS · AUTO]       como pagos que quedaron sin resolver por desbalance en el Paso 1)
[ACTUALIZAR PAGOS · AUTO] ================================================================================
[ACTUALIZAR PAGOS · AUTO] PASO 2-bis: CONFIRMANDO VIGENCIA DE PAGOS DEL SISTEMA NUEVO (contra MULTAS_JUZGADO_CRUCE)
[ACTUALIZAR PAGOS · AUTO] ================================================================================
[ACTUALIZAR PAGOS · AUTO]   ⚠ 2015 pago(s) del sistema nuevo descartados: su acta ya no figura como vencida en MULTAS_JUZGADO_CRUCE (SEMyT ya los actualizó).
[ACTUALIZAR PAGOS · AUTO]   • Pagos del sistema nuevo descartados por ya estar actualizados: 2015
[ACTUALIZAR PAGOS · AUTO] ⏱ PASO 2 (filtrar): 0.8s
[ACTUALIZAR PAGOS · AUTO] 📂 Cargando maestro de causas SIGEMI...
[ACTUALIZAR PAGOS · AUTO]   ✓ Causas totales (maestro): 134069 registros
[ACTUALIZAR PAGOS · AUTO] ⏱ PASO 2.5 (causas simplificado): 0.2s
[ACTUALIZAR PAGOS · AUTO] ================================================================================
[ACTUALIZAR PAGOS · AUTO] PASO 2.5: ARMANDO causas.txt SIMPLIFICADO (cruce contra total_causas_sigemi.txt)
[ACTUALIZAR PAGOS · AUTO] ================================================================================
[ACTUALIZAR PAGOS · AUTO]   • Actas vencidas viejas (multas): 104201
[ACTUALIZAR PAGOS · AUTO]   • Causas totales en el maestro SIGEMI: 134069
[ACTUALIZAR PAGOS · AUTO]   • Causas que coinciden (simplificado): 103870
[ACTUALIZAR PAGOS · AUTO]   ✅ Archivo escrito: backend/descargas/causas/causas.txt
[ACTUALIZAR PAGOS · AUTO] ⏱ PASO 2.5 (causas simplificado): 2.4s
[ACTUALIZAR PAGOS · AUTO] ================================================================================
[ACTUALIZAR PAGOS · AUTO] PASO 3: LLENANDO CAUSA_NUMERO (según fecha de cambio de sistema, cruzando por acta + año)
[ACTUALIZAR PAGOS · AUTO] ================================================================================
[ACTUALIZAR PAGOS · AUTO] 📊 ESTADÍSTICAS DE LLENADO DE CAUSAS:
[ACTUALIZAR PAGOS · AUTO]   • Pagos con causa ORIGINAL: 1
[ACTUALIZAR PAGOS · AUTO]   • Causas encontradas en SIGEMI (actas viejas): 0
[ACTUALIZAR PAGOS · AUTO]   • Causas NO encontradas en SIGEMI: 0
[ACTUALIZAR PAGOS · AUTO]   • Causas asignadas automáticamente (actas nuevas): 0
[ACTUALIZAR PAGOS · AUTO] ⏱ PASO 3 (llenar causas): 0.0s
[ACTUALIZAR PAGOS · AUTO] ================================================================================
[ACTUALIZAR PAGOS · AUTO] PASO 4: ORDENANDO POR FECHA Y ACTA_NUMERO
[ACTUALIZAR PAGOS · AUTO] ================================================================================
[ACTUALIZAR PAGOS · AUTO] ✓ Pagos ordenados correctamente
[ACTUALIZAR PAGOS · AUTO]   • Primera entrada: Acta=249783, Fecha=23/12/2025
[ACTUALIZAR PAGOS · AUTO]   • Última entrada: Acta=249783, Fecha=23/12/2025
[ACTUALIZAR PAGOS · AUTO] 📝 Escribiendo archivo de salida...
[ACTUALIZAR PAGOS · AUTO]   ✅ Archivo escrito: backend/descargas/pagos/2026-07-20/PAGOS 20260720 171239.txt
[ACTUALIZAR PAGOS · AUTO]   ✅ Total registros: 256
[ACTUALIZAR PAGOS · AUTO] ⏱ PASO 4 (ordenar y escribir): 0.0s
[ACTUALIZAR PAGOS · AUTO] ================================================================================
[ACTUALIZAR PAGOS · AUTO] ✅ PROCESO COMPLETADO EXITOSAMENTE
[ACTUALIZAR PAGOS · AUTO] ================================================================================
[ACTUALIZAR PAGOS · AUTO] 📊 RESUMEN FINAL DEL PROCESAMIENTO:
[ACTUALIZAR PAGOS · AUTO]   ENTRADA:
[ACTUALIZAR PAGOS · AUTO]     • Pagos originales: 15422
[ACTUALIZAR PAGOS · AUTO]     • Multas SIGEMI cargadas: 104201
[ACTUALIZAR PAGOS · AUTO]     • Multas Juzgado cargadas: 39535
[ACTUALIZAR PAGOS · AUTO]     • Causas simplificadas (usadas para el cruce): 103870
[ACTUALIZAR PAGOS · AUTO]   PROCESO:
[ACTUALIZAR PAGOS · AUTO]     • Pagos rechazados sigemi: 13406
[ACTUALIZAR PAGOS · AUTO]     • Pagos rechazados juzgado: 2015
[ACTUALIZAR PAGOS · AUTO]   SALIDA:
[ACTUALIZAR PAGOS · AUTO]     • Pagos desactualizados procesados: 1
[ACTUALIZAR PAGOS · AUTO]     • Archivo final: backend/descargas/pagos/2026-07-20/PAGOS 20260720 171239.txt
[ACTUALIZAR PAGOS · AUTO]     • Ordenados por fecha: SÍ ✓
[ACTUALIZAR PAGOS · AUTO]     • Todos con ACTA_NUMERO: SÍ ✓
[ACTUALIZAR PAGOS · AUTO]     • Todos con CAUSA_NUMERO: SÍ ✓
[ACTUALIZAR PAGOS · AUTO] ✅ TXT de pagos (ya cruzado con actas y causas) generado en: backend/descargas/pagos/2026-07-20/PAGOS 20260720 171239.txt
[ACTUALIZAR PAGOS · AUTO] 🧹 TXT de pagos crudo eliminado (ya usado en el cruce): backend/descargas/pagos/2026-07-20/PAGOS DESCARGADOS.txt
[ACTUALIZAR PAGOS · AUTO] 🧹 Excel MULTAS_SIGEMI_CRUCE eliminado (ya usado en el cruce): backend/descargas/cache_actas_cruce/MULTAS_SIGEMI_CRUCE.xlsx
[ACTUALIZAR PAGOS · AUTO] 🧹 Excel MULTAS_JUZGADO_CRUCE eliminado (ya usado en el cruce): backend/descargas/cache_actas_cruce/MULTAS_JUZGADO_CRUCE.xlsx
[ACTUALIZAR PAGOS · AUTO] ✅ CompararActasPaso finalizado. (⏱ 43.2s)
[ACTUALIZAR PAGOS · AUTO] ✓ [CompararActasPaso] Completado.
[ACTUALIZAR PAGOS · AUTO] ▶ [CargarPagosPaso] Iniciando...
[ACTUALIZAR PAGOS · AUTO] ==================================================
[ACTUALIZAR PAGOS · AUTO] 🚀 PASO: CargarPagosPaso
[ACTUALIZAR PAGOS · AUTO] ==================================================
[ACTUALIZAR PAGOS · AUTO] 📤 Subiendo TXT de pagos al SEMyT...
[ACTUALIZAR PAGOS · AUTO] ✅ Importación de pagos completada con éxito.
[ACTUALIZAR PAGOS · AUTO] ✅ Archivo TXT de pagos cargado en el SEMyT correctamente.
[ACTUALIZAR PAGOS · AUTO] ✅ CargarPagosPaso finalizado. (⏱ 3.1s)
[ACTUALIZAR PAGOS · AUTO] ✓ [CargarPagosPaso] Completado.
[ACTUALIZAR PAGOS · AUTO] === Ejecución finalizada con éxito ===
🤖 [Automático] Es hora de actualizar pagos. Arrancando...
[ACTUALIZAR PAGOS · AUTO] === Inicio de ejecución: pagos ===
[ACTUALIZAR PAGOS · AUTO] ▶ [LoginSemytPaso] Iniciando...
[ACTUALIZAR PAGOS · AUTO] ==================================================
[ACTUALIZAR PAGOS · AUTO] 🚀 PASO: LoginSemytPaso
[ACTUALIZAR PAGOS · AUTO] ==================================================
[ACTUALIZAR PAGOS · AUTO] Abriendo SEMyT...
[ACTUALIZAR PAGOS · AUTO] ✅ [SEMyT] Sesión existente detectada. Login omitido.
[ACTUALIZAR PAGOS · AUTO] ✅ LoginSemytPaso finalizado. (⏱ 4.9s)
[ACTUALIZAR PAGOS · AUTO] ✓ [LoginSemytPaso] Completado.
[ACTUALIZAR PAGOS · AUTO] ▶ [LoginJuzgadoPaso] Iniciando...
[ACTUALIZAR PAGOS · AUTO] ==================================================
[ACTUALIZAR PAGOS · AUTO] 🚀 PASO: LoginJuzgadoPaso
[ACTUALIZAR PAGOS · AUTO] ==================================================
[ACTUALIZAR PAGOS · AUTO] Abriendo sitio municipalidad (CiDi)...
[ACTUALIZAR PAGOS · AUTO] ✅ [Juzgado] Sesión existente detectada. Login omitido.
[ACTUALIZAR PAGOS · AUTO] ✅ LoginJuzgadoPaso finalizado. (⏱ 1.5s)
[ACTUALIZAR PAGOS · AUTO] ✓ [LoginJuzgadoPaso] Completado.
[ACTUALIZAR PAGOS · AUTO] ▶ [DescargasParalelasPaso] Iniciando...
[ACTUALIZAR PAGOS · AUTO] ==================================================
[ACTUALIZAR PAGOS · AUTO] 🚀 PASO: DescargasParalelasPaso
[ACTUALIZAR PAGOS · AUTO] ==================================================
[ACTUALIZAR PAGOS · AUTO] 📤 Arrancando las 3 descargas en paralelo (mismo browser, páginas separadas)...
[ACTUALIZAR PAGOS · AUTO] Fecha Desde: 27/06/2024
[ACTUALIZAR PAGOS · AUTO] Fecha Hasta: 24/11/2025
[ACTUALIZAR PAGOS · AUTO] Fecha Desde: 25/11/2025
[ACTUALIZAR PAGOS · AUTO] Fecha Hasta: 20/07/2026
[ACTUALIZAR PAGOS · AUTO] Descargando Excel...
[ACTUALIZAR PAGOS · AUTO] Descargando Excel...
⏳ [Automático] Tocaba disparar 'pagos' pero ya hay una ejecución en curso (Actualizar pagos); esperando a que termine; se reintenta en breve sin perder el turno.
[ACTUALIZAR PAGOS · AUTO] Archivo descargado en: backend/descargas/cache_actas_cruce/MULTAS_JUZGADO_CRUCE.xlsx
[ACTUALIZAR PAGOS · AUTO] ⏱ [actas_juzgado] completado en 20.5s
[ACTUALIZAR PAGOS · AUTO] Archivo descargado en: backend/descargas/cache_actas_cruce/MULTAS_SIGEMI_CRUCE.xlsx
[ACTUALIZAR PAGOS · AUTO] ⏱ [actas_sigemi] completado en 41.7s
[ACTUALIZAR PAGOS · AUTO] ✅ TXT de pagos descargado en: backend/descargas/pagos/2026-07-20/PAGOS DESCARGADOS.txt
[ACTUALIZAR PAGOS · AUTO] ⏱ [pagos_txt] completado en 41.8s
[ACTUALIZAR PAGOS · AUTO] ⏱ TOTAL descargas en paralelo: 41.8s
[ACTUALIZAR PAGOS · AUTO] ✅ DescargasParalelasPaso finalizado. (⏱ 43.1s)
[ACTUALIZAR PAGOS · AUTO] ✓ [DescargasParalelasPaso] Completado.
[ACTUALIZAR PAGOS · AUTO] ▶ [CompararActasPaso] Iniciando...
[ACTUALIZAR PAGOS · AUTO] ==================================================
[ACTUALIZAR PAGOS · AUTO] 🚀 PASO: CompararActasPaso
[ACTUALIZAR PAGOS · AUTO] ==================================================
[ACTUALIZAR PAGOS · AUTO] 🔍 Comparando actas del SEMyT contra pagos del Juzgado...
[ACTUALIZAR PAGOS · AUTO] ================================================================================
[ACTUALIZAR PAGOS · AUTO] INICIANDO PROCESO DE GENERACIÓN DE PAGOS DESACTUALIZADOS
[ACTUALIZAR PAGOS · AUTO] ================================================================================
[ACTUALIZAR PAGOS · AUTO] 📂 Cargando archivos...
[ACTUALIZAR PAGOS · AUTO]   ✓ Pagos: 15423 registros
[ACTUALIZAR PAGOS · AUTO]   ✓ Excel SIGEMI (multas vencidas viejas): 104196 registros
[ACTUALIZAR PAGOS · AUTO]   ✓ Excel Juzgado (multas vencidas nuevas): 39533 registros
[ACTUALIZAR PAGOS · AUTO] ================================================================================
[ACTUALIZAR PAGOS · AUTO] PASO 1: LLENANDO ACTA_NUMERO (búsqueda por patente + fecha, con desempate por hora)
[ACTUALIZAR PAGOS · AUTO] ================================================================================
[ACTUALIZAR PAGOS · AUTO] 📊 ESTADÍSTICAS DE LLENADO DE ACTAS:
[ACTUALIZAR PAGOS · AUTO]   • Pagos con acta ORIGINAL: 2017
[ACTUALIZAR PAGOS · AUTO]   • Pagos SIN acta (buscados): 13406
[ACTUALIZAR PAGOS · AUTO]   • Pagos LLENADOS exitosamente: 0
[ACTUALIZAR PAGOS · AUTO]   • Pagos NO encontrados en multas: 13406
[ACTUALIZAR PAGOS · AUTO]   • Pagos SIN RESOLVER por desbalance de cantidades: 0
[ACTUALIZAR PAGOS · AUTO] ================================================================================
[ACTUALIZAR PAGOS · AUTO] PASO 1: LLENANDO ACTA_NUMERO (búsqueda por patente + fecha, con desempate por hora)
[ACTUALIZAR PAGOS · AUTO] ================================================================================
[ACTUALIZAR PAGOS · AUTO] 📊 ESTADÍSTICAS DE LLENADO DE ACTAS:
[ACTUALIZAR PAGOS · AUTO]   • Pagos con acta ORIGINAL: 2017
[ACTUALIZAR PAGOS · AUTO]   • Pagos SIN acta (buscados): 13406
[ACTUALIZAR PAGOS · AUTO]   • Pagos LLENADOS exitosamente: 0
[ACTUALIZAR PAGOS · AUTO]   • Pagos NO encontrados en multas: 13406
[ACTUALIZAR PAGOS · AUTO]   • Pagos SIN RESOLVER por desbalance de cantidades: 0
[ACTUALIZAR PAGOS · AUTO] ⏱ PASO 1 (llenar actas): 15.4s
[ACTUALIZAR PAGOS · AUTO] ================================================================================
[ACTUALIZAR PAGOS · AUTO] PASO 2: FILTRANDO PAGOS CON ACTA_NUMERO COMPLETO
[ACTUALIZAR PAGOS · AUTO] ================================================================================
[ACTUALIZAR PAGOS · AUTO] 📊 ESTADÍSTICAS DE FILTRADO:
[ACTUALIZAR PAGOS · AUTO]   • Pagos TOTALES al inicio: 15423
[ACTUALIZAR PAGOS · AUTO]   • Pagos CON acta (MANTIENEN): 2017
[ACTUALIZAR PAGOS · AUTO]   • Pagos RECHAZADOS (sin coincidencias): 13406
[ACTUALIZAR PAGOS · AUTO] ⚠️  Se eliminaron 13406 registros sin número de acta
[ACTUALIZAR PAGOS · AUTO]      (recordá: esto incluye tanto pagos ya actualizados/pagados
[ACTUALIZAR PAGOS · AUTO]       como pagos que quedaron sin resolver por desbalance en el Paso 1)
[ACTUALIZAR PAGOS · AUTO] ================================================================================
[ACTUALIZAR PAGOS · AUTO] PASO 2-bis: CONFIRMANDO VIGENCIA DE PAGOS DEL SISTEMA NUEVO (contra MULTAS_JUZGADO_CRUCE)
[ACTUALIZAR PAGOS · AUTO] ================================================================================
[ACTUALIZAR PAGOS · AUTO]   ⚠ 2016 pago(s) del sistema nuevo descartados: su acta ya no figura como vencida en MULTAS_JUZGADO_CRUCE (SEMyT ya los actualizó).
[ACTUALIZAR PAGOS · AUTO]   • Pagos del sistema nuevo descartados por ya estar actualizados: 2016
[ACTUALIZAR PAGOS · AUTO] ⏱ PASO 2 (filtrar): 0.8s
[ACTUALIZAR PAGOS · AUTO] 📂 Cargando maestro de causas SIGEMI...
[ACTUALIZAR PAGOS · AUTO]   ✓ Causas totales (maestro): 134069 registros
[ACTUALIZAR PAGOS · AUTO] ⏱ PASO 2.5 (causas simplificado): 0.2s
[ACTUALIZAR PAGOS · AUTO] ================================================================================
[ACTUALIZAR PAGOS · AUTO] PASO 2.5: ARMANDO causas.txt SIMPLIFICADO (cruce contra total_causas_sigemi.txt)
[ACTUALIZAR PAGOS · AUTO] ================================================================================
[ACTUALIZAR PAGOS · AUTO]   • Actas vencidas viejas (multas): 104196
[ACTUALIZAR PAGOS · AUTO]   • Causas totales en el maestro SIGEMI: 134069
[ACTUALIZAR PAGOS · AUTO]   • Causas que coinciden (simplificado): 103865
[ACTUALIZAR PAGOS · AUTO]   ✅ Archivo escrito: backend/descargas/causas/causas.txt
[ACTUALIZAR PAGOS · AUTO] ⏱ PASO 2.5 (causas simplificado): 3.0s
[ACTUALIZAR PAGOS · AUTO] ================================================================================
[ACTUALIZAR PAGOS · AUTO] PASO 3: LLENANDO CAUSA_NUMERO (según fecha de cambio de sistema, cruzando por acta + año)
[ACTUALIZAR PAGOS · AUTO] ================================================================================
[ACTUALIZAR PAGOS · AUTO] 📊 ESTADÍSTICAS DE LLENADO DE CAUSAS:
[ACTUALIZAR PAGOS · AUTO]   • Pagos con causa ORIGINAL: 1
[ACTUALIZAR PAGOS · AUTO]   • Causas encontradas en SIGEMI (actas viejas): 0
[ACTUALIZAR PAGOS · AUTO]   • Causas NO encontradas en SIGEMI: 0
[ACTUALIZAR PAGOS · AUTO]   • Causas asignadas automáticamente (actas nuevas): 0
[ACTUALIZAR PAGOS · AUTO] ⏱ PASO 3 (llenar causas): 0.0s
[ACTUALIZAR PAGOS · AUTO] ================================================================================
[ACTUALIZAR PAGOS · AUTO] PASO 4: ORDENANDO POR FECHA Y ACTA_NUMERO
[ACTUALIZAR PAGOS · AUTO] ================================================================================
[ACTUALIZAR PAGOS · AUTO] ✓ Pagos ordenados correctamente
[ACTUALIZAR PAGOS · AUTO]   • Primera entrada: Acta=255040, Fecha=12/01/2026
[ACTUALIZAR PAGOS · AUTO]   • Última entrada: Acta=255040, Fecha=12/01/2026
[ACTUALIZAR PAGOS · AUTO] 📝 Escribiendo archivo de salida...
[ACTUALIZAR PAGOS · AUTO]   ✅ Archivo escrito: backend/descargas/pagos/2026-07-20/PAGOS 20260720 172423.txt
[ACTUALIZAR PAGOS · AUTO]   ✅ Total registros: 250
[ACTUALIZAR PAGOS · AUTO] ⏱ PASO 4 (ordenar y escribir): 0.0s
[ACTUALIZAR PAGOS · AUTO] ================================================================================
[ACTUALIZAR PAGOS · AUTO] ✅ PROCESO COMPLETADO EXITOSAMENTE
[ACTUALIZAR PAGOS · AUTO] ================================================================================
[ACTUALIZAR PAGOS · AUTO] 📊 RESUMEN FINAL DEL PROCESAMIENTO:
[ACTUALIZAR PAGOS · AUTO]   ENTRADA:
[ACTUALIZAR PAGOS · AUTO]     • Pagos originales: 15423
[ACTUALIZAR PAGOS · AUTO]     • Multas SIGEMI cargadas: 104196
[ACTUALIZAR PAGOS · AUTO]     • Multas Juzgado cargadas: 39533
[ACTUALIZAR PAGOS · AUTO]     • Causas simplificadas (usadas para el cruce): 103865
[ACTUALIZAR PAGOS · AUTO]   PROCESO:
[ACTUALIZAR PAGOS · AUTO]     • Pagos rechazados sigemi: 13406
[ACTUALIZAR PAGOS · AUTO]     • Pagos rechazados juzgado: 2016
[ACTUALIZAR PAGOS · AUTO]   SALIDA:
[ACTUALIZAR PAGOS · AUTO]     • Pagos desactualizados procesados: 1
[ACTUALIZAR PAGOS · AUTO]     • Archivo final: backend/descargas/pagos/2026-07-20/PAGOS 20260720 172423.txt
[ACTUALIZAR PAGOS · AUTO]     • Ordenados por fecha: SÍ ✓
[ACTUALIZAR PAGOS · AUTO]     • Todos con ACTA_NUMERO: SÍ ✓
[ACTUALIZAR PAGOS · AUTO]     • Todos con CAUSA_NUMERO: SÍ ✓
[ACTUALIZAR PAGOS · AUTO] ✅ TXT de pagos (ya cruzado con actas y causas) generado en: backend/descargas/pagos/2026-07-20/PAGOS 20260720 172423.txt
[ACTUALIZAR PAGOS · AUTO] 🧹 TXT de pagos crudo eliminado (ya usado en el cruce): backend/descargas/pagos/2026-07-20/PAGOS DESCARGADOS.txt
[ACTUALIZAR PAGOS · AUTO] 🧹 Excel MULTAS_SIGEMI_CRUCE eliminado (ya usado en el cruce): backend/descargas/cache_actas_cruce/MULTAS_SIGEMI_CRUCE.xlsx
[ACTUALIZAR PAGOS · AUTO] 🧹 Excel MULTAS_JUZGADO_CRUCE eliminado (ya usado en el cruce): backend/descargas/cache_actas_cruce/MULTAS_JUZGADO_CRUCE.xlsx
[ACTUALIZAR PAGOS · AUTO] ✅ CompararActasPaso finalizado. (⏱ 45.9s)
[ACTUALIZAR PAGOS · AUTO] ✓ [CompararActasPaso] Completado.
[ACTUALIZAR PAGOS · AUTO] ▶ [CargarPagosPaso] Iniciando...
[ACTUALIZAR PAGOS · AUTO] ==================================================
[ACTUALIZAR PAGOS · AUTO] 🚀 PASO: CargarPagosPaso
[ACTUALIZAR PAGOS · AUTO] ==================================================
[ACTUALIZAR PAGOS · AUTO] 📤 Subiendo TXT de pagos al SEMyT...
[ACTUALIZAR PAGOS · AUTO] ✅ Importación de pagos completada con éxito.
[ACTUALIZAR PAGOS · AUTO] ✅ Archivo TXT de pagos cargado en el SEMyT correctamente.
[ACTUALIZAR PAGOS · AUTO] ✅ CargarPagosPaso finalizado. (⏱ 3.9s)
[ACTUALIZAR PAGOS · AUTO] ✓ [CargarPagosPaso] Completado.
[ACTUALIZAR PAGOS · AUTO] === Ejecución finalizada con éxito ===
🤖 [Automático] Es hora de actualizar pagos. Arrancando...
[ACTUALIZAR PAGOS · AUTO] === Inicio de ejecución: pagos ===
[ACTUALIZAR PAGOS · AUTO] ▶ [LoginSemytPaso] Iniciando...
[ACTUALIZAR PAGOS · AUTO] ==================================================
[ACTUALIZAR PAGOS · AUTO] 🚀 PASO: LoginSemytPaso
[ACTUALIZAR PAGOS · AUTO] ==================================================
[ACTUALIZAR PAGOS · AUTO] Abriendo SEMyT...
[ACTUALIZAR PAGOS · AUTO] ✅ [SEMyT] Sesión existente detectada. Login omitido.
[ACTUALIZAR PAGOS · AUTO] ✅ LoginSemytPaso finalizado. (⏱ 4.7s)
[ACTUALIZAR PAGOS · AUTO] ✓ [LoginSemytPaso] Completado.
[ACTUALIZAR PAGOS · AUTO] ▶ [LoginJuzgadoPaso] Iniciando...
[ACTUALIZAR PAGOS · AUTO] ==================================================
[ACTUALIZAR PAGOS · AUTO] 🚀 PASO: LoginJuzgadoPaso
[ACTUALIZAR PAGOS · AUTO] ==================================================
[ACTUALIZAR PAGOS · AUTO] Abriendo sitio municipalidad (CiDi)...
[ACTUALIZAR PAGOS · AUTO] ✅ [Juzgado] Sesión existente detectada. Login omitido.
[ACTUALIZAR PAGOS · AUTO] ✅ LoginJuzgadoPaso finalizado. (⏱ 1.2s)
[ACTUALIZAR PAGOS · AUTO] ✓ [LoginJuzgadoPaso] Completado.
[ACTUALIZAR PAGOS · AUTO] ▶ [DescargasParalelasPaso] Iniciando...
[ACTUALIZAR PAGOS · AUTO] ==================================================
[ACTUALIZAR PAGOS · AUTO] 🚀 PASO: DescargasParalelasPaso
[ACTUALIZAR PAGOS · AUTO] ==================================================
[ACTUALIZAR PAGOS · AUTO] 📤 Arrancando las 3 descargas en paralelo (mismo browser, páginas separadas)...
[ACTUALIZAR PAGOS · AUTO] Fecha Desde: 27/06/2024
[ACTUALIZAR PAGOS · AUTO] Fecha Hasta: 24/11/2025
[ACTUALIZAR PAGOS · AUTO] Fecha Desde: 25/11/2025
[ACTUALIZAR PAGOS · AUTO] Fecha Hasta: 20/07/2026
[ACTUALIZAR PAGOS · AUTO] Descargando Excel...
[ACTUALIZAR PAGOS · AUTO] Descargando Excel...
⏳ [Automático] Tocaba disparar 'pagos' pero ya hay una ejecución en curso (Actualizar pagos); esperando a que termine; se reintenta en breve sin perder el turno.
[ACTUALIZAR PAGOS · AUTO] Archivo descargado en: backend/descargas/cache_actas_cruce/MULTAS_JUZGADO_CRUCE.xlsx
[ACTUALIZAR PAGOS · AUTO] ⏱ [actas_juzgado] completado en 21.8s
[ACTUALIZAR PAGOS · AUTO] ✅ TXT de pagos descargado en: backend/descargas/pagos/2026-07-20/PAGOS DESCARGADOS.txt
[ACTUALIZAR PAGOS · AUTO] ⏱ [pagos_txt] completado en 21.9s
[ACTUALIZAR PAGOS · AUTO] Archivo descargado en: backend/descargas/cache_actas_cruce/MULTAS_SIGEMI_CRUCE.xlsx
[ACTUALIZAR PAGOS · AUTO] ⏱ [actas_sigemi] completado en 42.2s
[ACTUALIZAR PAGOS · AUTO] ⏱ TOTAL descargas en paralelo: 42.2s
[ACTUALIZAR PAGOS · AUTO] ✅ DescargasParalelasPaso finalizado. (⏱ 43.5s)
[ACTUALIZAR PAGOS · AUTO] ✓ [DescargasParalelasPaso] Completado.
[ACTUALIZAR PAGOS · AUTO] ▶ [CompararActasPaso] Iniciando...
[ACTUALIZAR PAGOS · AUTO] ==================================================
[ACTUALIZAR PAGOS · AUTO] 🚀 PASO: CompararActasPaso
[ACTUALIZAR PAGOS · AUTO] ==================================================
[ACTUALIZAR PAGOS · AUTO] 🔍 Comparando actas del SEMyT contra pagos del Juzgado...
[ACTUALIZAR PAGOS · AUTO] ================================================================================
[ACTUALIZAR PAGOS · AUTO] INICIANDO PROCESO DE GENERACIÓN DE PAGOS DESACTUALIZADOS
[ACTUALIZAR PAGOS · AUTO] ================================================================================
[ACTUALIZAR PAGOS · AUTO] 📂 Cargando archivos...
[ACTUALIZAR PAGOS · AUTO]   ✓ Pagos: 15433 registros
[ACTUALIZAR PAGOS · AUTO]   ✓ Excel SIGEMI (multas vencidas viejas): 104196 registros
[ACTUALIZAR PAGOS · AUTO]   ✓ Excel Juzgado (multas vencidas nuevas): 39532 registros
[ACTUALIZAR PAGOS · AUTO] ================================================================================
[ACTUALIZAR PAGOS · AUTO] PASO 1: LLENANDO ACTA_NUMERO (búsqueda por patente + fecha, con desempate por hora)
[ACTUALIZAR PAGOS · AUTO] ================================================================================
[ACTUALIZAR PAGOS · AUTO] 📊 ESTADÍSTICAS DE LLENADO DE ACTAS:
[ACTUALIZAR PAGOS · AUTO]   • Pagos con acta ORIGINAL: 2023
[ACTUALIZAR PAGOS · AUTO]   • Pagos SIN acta (buscados): 13410
[ACTUALIZAR PAGOS · AUTO]   • Pagos LLENADOS exitosamente: 4
[ACTUALIZAR PAGOS · AUTO]   • Pagos NO encontrados en multas: 13406
[ACTUALIZAR PAGOS · AUTO]   • Pagos SIN RESOLVER por desbalance de cantidades: 0
[ACTUALIZAR PAGOS · AUTO] ================================================================================
[ACTUALIZAR PAGOS · AUTO] PASO 1: LLENANDO ACTA_NUMERO (búsqueda por patente + fecha, con desempate por hora)
[ACTUALIZAR PAGOS · AUTO] ================================================================================
[ACTUALIZAR PAGOS · AUTO] 📊 ESTADÍSTICAS DE LLENADO DE ACTAS:
[ACTUALIZAR PAGOS · AUTO]   • Pagos con acta ORIGINAL: 2027
[ACTUALIZAR PAGOS · AUTO]   • Pagos SIN acta (buscados): 13406
[ACTUALIZAR PAGOS · AUTO]   • Pagos LLENADOS exitosamente: 0
[ACTUALIZAR PAGOS · AUTO]   • Pagos NO encontrados en multas: 13406
[ACTUALIZAR PAGOS · AUTO]   • Pagos SIN RESOLVER por desbalance de cantidades: 0
[ACTUALIZAR PAGOS · AUTO] ⏱ PASO 1 (llenar actas): 15.2s
[ACTUALIZAR PAGOS · AUTO] ================================================================================
[ACTUALIZAR PAGOS · AUTO] PASO 2: FILTRANDO PAGOS CON ACTA_NUMERO COMPLETO
[ACTUALIZAR PAGOS · AUTO] ================================================================================
[ACTUALIZAR PAGOS · AUTO] 📊 ESTADÍSTICAS DE FILTRADO:
[ACTUALIZAR PAGOS · AUTO]   • Pagos TOTALES al inicio: 15433
[ACTUALIZAR PAGOS · AUTO]   • Pagos CON acta (MANTIENEN): 2027
[ACTUALIZAR PAGOS · AUTO]   • Pagos RECHAZADOS (sin coincidencias): 13406
[ACTUALIZAR PAGOS · AUTO] ⚠️  Se eliminaron 13406 registros sin número de acta
[ACTUALIZAR PAGOS · AUTO]      (recordá: esto incluye tanto pagos ya actualizados/pagados
[ACTUALIZAR PAGOS · AUTO]       como pagos que quedaron sin resolver por desbalance en el Paso 1)
[ACTUALIZAR PAGOS · AUTO] ================================================================================
[ACTUALIZAR PAGOS · AUTO] PASO 2-bis: CONFIRMANDO VIGENCIA DE PAGOS DEL SISTEMA NUEVO (contra MULTAS_JUZGADO_CRUCE)
[ACTUALIZAR PAGOS · AUTO] ================================================================================
[ACTUALIZAR PAGOS · AUTO]   ⚠ 2017 pago(s) del sistema nuevo descartados: su acta ya no figura como vencida en MULTAS_JUZGADO_CRUCE (SEMyT ya los actualizó).
[ACTUALIZAR PAGOS · AUTO]   • Pagos del sistema nuevo descartados por ya estar actualizados: 2017
[ACTUALIZAR PAGOS · AUTO] ⏱ PASO 2 (filtrar): 0.7s
[ACTUALIZAR PAGOS · AUTO] 📂 Cargando maestro de causas SIGEMI...
[ACTUALIZAR PAGOS · AUTO]   ✓ Causas totales (maestro): 134069 registros
[ACTUALIZAR PAGOS · AUTO] ⏱ PASO 2.5 (causas simplificado): 0.1s
[ACTUALIZAR PAGOS · AUTO] ================================================================================
[ACTUALIZAR PAGOS · AUTO] PASO 2.5: ARMANDO causas.txt SIMPLIFICADO (cruce contra total_causas_sigemi.txt)
[ACTUALIZAR PAGOS · AUTO] ================================================================================
[ACTUALIZAR PAGOS · AUTO]   • Actas vencidas viejas (multas): 104196
[ACTUALIZAR PAGOS · AUTO]   • Causas totales en el maestro SIGEMI: 134069
[ACTUALIZAR PAGOS · AUTO]   • Causas que coinciden (simplificado): 103865
[ACTUALIZAR PAGOS · AUTO]   ✅ Archivo escrito: backend/descargas/causas/causas.txt
[ACTUALIZAR PAGOS · AUTO] ⏱ PASO 2.5 (causas simplificado): 2.9s
[ACTUALIZAR PAGOS · AUTO] ================================================================================
[ACTUALIZAR PAGOS · AUTO] PASO 3: LLENANDO CAUSA_NUMERO (según fecha de cambio de sistema, cruzando por acta + año)
[ACTUALIZAR PAGOS · AUTO] ================================================================================
[ACTUALIZAR PAGOS · AUTO] 📊 ESTADÍSTICAS DE LLENADO DE CAUSAS:
[ACTUALIZAR PAGOS · AUTO]   • Pagos con causa ORIGINAL: 6
[ACTUALIZAR PAGOS · AUTO]   • Causas encontradas en SIGEMI (actas viejas): 4
[ACTUALIZAR PAGOS · AUTO]   • Causas NO encontradas en SIGEMI: 0
[ACTUALIZAR PAGOS · AUTO]   • Causas asignadas automáticamente (actas nuevas): 0
[ACTUALIZAR PAGOS · AUTO] ⏱ PASO 3 (llenar causas): 0.0s
[ACTUALIZAR PAGOS · AUTO] ================================================================================
[ACTUALIZAR PAGOS · AUTO] PASO 4: ORDENANDO POR FECHA Y ACTA_NUMERO
[ACTUALIZAR PAGOS · AUTO] ================================================================================
[ACTUALIZAR PAGOS · AUTO] ✓ Pagos ordenados correctamente
[ACTUALIZAR PAGOS · AUTO]   • Primera entrada: Acta=83872, Fecha=02/12/2024
[ACTUALIZAR PAGOS · AUTO]   • Última entrada: Acta=254814, Fecha=09/01/2026
[ACTUALIZAR PAGOS · AUTO] 📝 Escribiendo archivo de salida...
[ACTUALIZAR PAGOS · AUTO]   ✅ Archivo escrito: backend/descargas/pagos/2026-07-20/PAGOS 20260720 173613.txt
[ACTUALIZAR PAGOS · AUTO]   ✅ Total registros: 1214
[ACTUALIZAR PAGOS · AUTO] ⏱ PASO 4 (ordenar y escribir): 0.0s
[ACTUALIZAR PAGOS · AUTO] ================================================================================
[ACTUALIZAR PAGOS · AUTO] ✅ PROCESO COMPLETADO EXITOSAMENTE
[ACTUALIZAR PAGOS · AUTO] ================================================================================
[ACTUALIZAR PAGOS · AUTO] 📊 RESUMEN FINAL DEL PROCESAMIENTO:
[ACTUALIZAR PAGOS · AUTO]   ENTRADA:
[ACTUALIZAR PAGOS · AUTO]     • Pagos originales: 15433
[ACTUALIZAR PAGOS · AUTO]     • Multas SIGEMI cargadas: 104196
[ACTUALIZAR PAGOS · AUTO]     • Multas Juzgado cargadas: 39532
[ACTUALIZAR PAGOS · AUTO]     • Causas simplificadas (usadas para el cruce): 103865
[ACTUALIZAR PAGOS · AUTO]   PROCESO:
[ACTUALIZAR PAGOS · AUTO]     • Pagos rechazados sigemi: 13406
[ACTUALIZAR PAGOS · AUTO]     • Pagos rechazados juzgado: 2017
[ACTUALIZAR PAGOS · AUTO]   SALIDA:
[ACTUALIZAR PAGOS · AUTO]     • Pagos desactualizados procesados: 10
[ACTUALIZAR PAGOS · AUTO]     • Archivo final: backend/descargas/pagos/2026-07-20/PAGOS 20260720 173613.txt
[ACTUALIZAR PAGOS · AUTO]     • Ordenados por fecha: SÍ ✓
[ACTUALIZAR PAGOS · AUTO]     • Todos con ACTA_NUMERO: SÍ ✓
[ACTUALIZAR PAGOS · AUTO]     • Todos con CAUSA_NUMERO: SÍ ✓
[ACTUALIZAR PAGOS · AUTO] ✅ TXT de pagos (ya cruzado con actas y causas) generado en: backend/descargas/pagos/2026-07-20/PAGOS 20260720 173613.txt
[ACTUALIZAR PAGOS · AUTO] 🧹 TXT de pagos crudo eliminado (ya usado en el cruce): backend/descargas/pagos/2026-07-20/PAGOS DESCARGADOS.txt
[ACTUALIZAR PAGOS · AUTO] 🧹 Excel MULTAS_SIGEMI_CRUCE eliminado (ya usado en el cruce): backend/descargas/cache_actas_cruce/MULTAS_SIGEMI_CRUCE.xlsx
[ACTUALIZAR PAGOS · AUTO] 🧹 Excel MULTAS_JUZGADO_CRUCE eliminado (ya usado en el cruce): backend/descargas/cache_actas_cruce/MULTAS_JUZGADO_CRUCE.xlsx
[ACTUALIZAR PAGOS · AUTO] ✅ CompararActasPaso finalizado. (⏱ 44.2s)
[ACTUALIZAR PAGOS · AUTO] ✓ [CompararActasPaso] Completado.
[ACTUALIZAR PAGOS · AUTO] ▶ [CargarPagosPaso] Iniciando...
[ACTUALIZAR PAGOS · AUTO] ==================================================
[ACTUALIZAR PAGOS · AUTO] 🚀 PASO: CargarPagosPaso
[ACTUALIZAR PAGOS · AUTO] ==================================================
[ACTUALIZAR PAGOS · AUTO] 📤 Subiendo TXT de pagos al SEMyT...
[ACTUALIZAR PAGOS · AUTO] ✅ Importación de pagos completada con éxito.
[ACTUALIZAR PAGOS · AUTO] ✅ Archivo TXT de pagos cargado en el SEMyT correctamente.
[ACTUALIZAR PAGOS · AUTO] ✅ CargarPagosPaso finalizado. (⏱ 3.0s)
[ACTUALIZAR PAGOS · AUTO] ✓ [CargarPagosPaso] Completado.
[ACTUALIZAR PAGOS · AUTO] === Ejecución finalizada con éxito ===
🤖 [Automático] Es hora de actualizar pagos. Arrancando...
[ACTUALIZAR PAGOS · AUTO] === Inicio de ejecución: pagos ===
[ACTUALIZAR PAGOS · AUTO] ▶ [LoginSemytPaso] Iniciando...
[ACTUALIZAR PAGOS · AUTO] ==================================================
[ACTUALIZAR PAGOS · AUTO] 🚀 PASO: LoginSemytPaso
[ACTUALIZAR PAGOS · AUTO] ==================================================
[ACTUALIZAR PAGOS · AUTO] Abriendo SEMyT...
[ACTUALIZAR PAGOS · AUTO] ✅ [SEMyT] Sesión existente detectada. Login omitido.
[ACTUALIZAR PAGOS · AUTO] ✅ LoginSemytPaso finalizado. (⏱ 4.2s)
[ACTUALIZAR PAGOS · AUTO] ✓ [LoginSemytPaso] Completado.
[ACTUALIZAR PAGOS · AUTO] ▶ [LoginJuzgadoPaso] Iniciando...
[ACTUALIZAR PAGOS · AUTO] ==================================================
[ACTUALIZAR PAGOS · AUTO] 🚀 PASO: LoginJuzgadoPaso
[ACTUALIZAR PAGOS · AUTO] ==================================================
[ACTUALIZAR PAGOS · AUTO] Abriendo sitio municipalidad (CiDi)...
[ACTUALIZAR PAGOS · AUTO] ✅ [Juzgado] Sesión existente detectada. Login omitido.
[ACTUALIZAR PAGOS · AUTO] ✅ LoginJuzgadoPaso finalizado. (⏱ 1.9s)
[ACTUALIZAR PAGOS · AUTO] ✓ [LoginJuzgadoPaso] Completado.
[ACTUALIZAR PAGOS · AUTO] ▶ [DescargasParalelasPaso] Iniciando...
[ACTUALIZAR PAGOS · AUTO] ==================================================
[ACTUALIZAR PAGOS · AUTO] 🚀 PASO: DescargasParalelasPaso
[ACTUALIZAR PAGOS · AUTO] ==================================================
[ACTUALIZAR PAGOS · AUTO] 📤 Arrancando las 3 descargas en paralelo (mismo browser, páginas separadas)...
[ACTUALIZAR PAGOS · AUTO] Fecha Desde: 27/06/2024
[ACTUALIZAR PAGOS · AUTO] Fecha Hasta: 24/11/2025
[ACTUALIZAR PAGOS · AUTO] Fecha Desde: 25/11/2025
[ACTUALIZAR PAGOS · AUTO] Fecha Hasta: 20/07/2026
[ACTUALIZAR PAGOS · AUTO] Descargando Excel...
[ACTUALIZAR PAGOS · AUTO] Descargando Excel...
⏳ [Automático] Tocaba disparar 'pagos' pero ya hay una ejecución en curso (Actualizar pagos); esperando a que termine; se reintenta en breve sin perder el turno.
[ACTUALIZAR PAGOS · AUTO] Archivo descargado en: backend/descargas/cache_actas_cruce/MULTAS_JUZGADO_CRUCE.xlsx
[ACTUALIZAR PAGOS · AUTO] ⏱ [actas_juzgado] completado en 16.9s
[ACTUALIZAR PAGOS · AUTO] Archivo descargado en: backend/descargas/cache_actas_cruce/MULTAS_SIGEMI_CRUCE.xlsx
[ACTUALIZAR PAGOS · AUTO] ⏱ [actas_sigemi] completado en 39.4s
[ACTUALIZAR PAGOS · AUTO] ✅ TXT de pagos descargado en: backend/descargas/pagos/2026-07-20/PAGOS DESCARGADOS.txt
[ACTUALIZAR PAGOS · AUTO] ⏱ [pagos_txt] completado en 39.5s
[ACTUALIZAR PAGOS · AUTO] ⏱ TOTAL descargas en paralelo: 39.5s
[ACTUALIZAR PAGOS · AUTO] ✅ DescargasParalelasPaso finalizado. (⏱ 41.0s)
[ACTUALIZAR PAGOS · AUTO] ✓ [DescargasParalelasPaso] Completado.
[ACTUALIZAR PAGOS · AUTO] ▶ [CompararActasPaso] Iniciando...
[ACTUALIZAR PAGOS · AUTO] ==================================================
[ACTUALIZAR PAGOS · AUTO] 🚀 PASO: CompararActasPaso
[ACTUALIZAR PAGOS · AUTO] ==================================================
[ACTUALIZAR PAGOS · AUTO] 🔍 Comparando actas del SEMyT contra pagos del Juzgado...
[ACTUALIZAR PAGOS · AUTO] ================================================================================
[ACTUALIZAR PAGOS · AUTO] INICIANDO PROCESO DE GENERACIÓN DE PAGOS DESACTUALIZADOS
[ACTUALIZAR PAGOS · AUTO] ================================================================================
[ACTUALIZAR PAGOS · AUTO] 📂 Cargando archivos...
[ACTUALIZAR PAGOS · AUTO]   ✓ Pagos: 15438 registros
[ACTUALIZAR PAGOS · AUTO]   ✓ Excel SIGEMI (multas vencidas viejas): 104192 registros
[ACTUALIZAR PAGOS · AUTO]   ✓ Excel Juzgado (multas vencidas nuevas): 39526 registros
[ACTUALIZAR PAGOS · AUTO] ================================================================================
[ACTUALIZAR PAGOS · AUTO] PASO 1: LLENANDO ACTA_NUMERO (búsqueda por patente + fecha, con desempate por hora)
[ACTUALIZAR PAGOS · AUTO] ================================================================================
[ACTUALIZAR PAGOS · AUTO] 📊 ESTADÍSTICAS DE LLENADO DE ACTAS:
[ACTUALIZAR PAGOS · AUTO]   • Pagos con acta ORIGINAL: 2025
[ACTUALIZAR PAGOS · AUTO]   • Pagos SIN acta (buscados): 13413
[ACTUALIZAR PAGOS · AUTO]   • Pagos LLENADOS exitosamente: 3
[ACTUALIZAR PAGOS · AUTO]   • Pagos NO encontrados en multas: 13410
[ACTUALIZAR PAGOS · AUTO]   • Pagos SIN RESOLVER por desbalance de cantidades: 0
[ACTUALIZAR PAGOS · AUTO] ================================================================================
[ACTUALIZAR PAGOS · AUTO] PASO 1: LLENANDO ACTA_NUMERO (búsqueda por patente + fecha, con desempate por hora)
[ACTUALIZAR PAGOS · AUTO] ================================================================================
[ACTUALIZAR PAGOS · AUTO] 📊 ESTADÍSTICAS DE LLENADO DE ACTAS:
[ACTUALIZAR PAGOS · AUTO]   • Pagos con acta ORIGINAL: 2028
[ACTUALIZAR PAGOS · AUTO]   • Pagos SIN acta (buscados): 13410
[ACTUALIZAR PAGOS · AUTO]   • Pagos LLENADOS exitosamente: 0
[ACTUALIZAR PAGOS · AUTO]   • Pagos NO encontrados en multas: 13410
[ACTUALIZAR PAGOS · AUTO]   • Pagos SIN RESOLVER por desbalance de cantidades: 0
[ACTUALIZAR PAGOS · AUTO] ⏱ PASO 1 (llenar actas): 18.4s
[ACTUALIZAR PAGOS · AUTO] ================================================================================
[ACTUALIZAR PAGOS · AUTO] PASO 2: FILTRANDO PAGOS CON ACTA_NUMERO COMPLETO
[ACTUALIZAR PAGOS · AUTO] ================================================================================
[ACTUALIZAR PAGOS · AUTO] 📊 ESTADÍSTICAS DE FILTRADO:
[ACTUALIZAR PAGOS · AUTO]   • Pagos TOTALES al inicio: 15438
[ACTUALIZAR PAGOS · AUTO]   • Pagos CON acta (MANTIENEN): 2028
[ACTUALIZAR PAGOS · AUTO]   • Pagos RECHAZADOS (sin coincidencias): 13410
[ACTUALIZAR PAGOS · AUTO] ⚠️  Se eliminaron 13410 registros sin número de acta
[ACTUALIZAR PAGOS · AUTO]      (recordá: esto incluye tanto pagos ya actualizados/pagados
[ACTUALIZAR PAGOS · AUTO]       como pagos que quedaron sin resolver por desbalance en el Paso 1)
[ACTUALIZAR PAGOS · AUTO] ================================================================================
[ACTUALIZAR PAGOS · AUTO] PASO 2-bis: CONFIRMANDO VIGENCIA DE PAGOS DEL SISTEMA NUEVO (contra MULTAS_JUZGADO_CRUCE)
[ACTUALIZAR PAGOS · AUTO] ================================================================================
[ACTUALIZAR PAGOS · AUTO]   ⚠ 2023 pago(s) del sistema nuevo descartados: su acta ya no figura como vencida en MULTAS_JUZGADO_CRUCE (SEMyT ya los actualizó).
[ACTUALIZAR PAGOS · AUTO]   • Pagos del sistema nuevo descartados por ya estar actualizados: 2023
[ACTUALIZAR PAGOS · AUTO] ⏱ PASO 2 (filtrar): 0.7s
[ACTUALIZAR PAGOS · AUTO] 📂 Cargando maestro de causas SIGEMI...
[ACTUALIZAR PAGOS · AUTO]   ✓ Causas totales (maestro): 134069 registros
[ACTUALIZAR PAGOS · AUTO] ⏱ PASO 2.5 (causas simplificado): 0.1s
[ACTUALIZAR PAGOS · AUTO] ================================================================================
[ACTUALIZAR PAGOS · AUTO] PASO 2.5: ARMANDO causas.txt SIMPLIFICADO (cruce contra total_causas_sigemi.txt)
[ACTUALIZAR PAGOS · AUTO] ================================================================================
[ACTUALIZAR PAGOS · AUTO]   • Actas vencidas viejas (multas): 104192
[ACTUALIZAR PAGOS · AUTO]   • Causas totales en el maestro SIGEMI: 134069
[ACTUALIZAR PAGOS · AUTO]   • Causas que coinciden (simplificado): 103861
[ACTUALIZAR PAGOS · AUTO]   ✅ Archivo escrito: backend/descargas/causas/causas.txt
[ACTUALIZAR PAGOS · AUTO] ⏱ PASO 2.5 (causas simplificado): 2.9s
[ACTUALIZAR PAGOS · AUTO] ================================================================================
[ACTUALIZAR PAGOS · AUTO] PASO 3: LLENANDO CAUSA_NUMERO (según fecha de cambio de sistema, cruzando por acta + año)
[ACTUALIZAR PAGOS · AUTO] ================================================================================
[ACTUALIZAR PAGOS · AUTO] 📊 ESTADÍSTICAS DE LLENADO DE CAUSAS:
[ACTUALIZAR PAGOS · AUTO]   • Pagos con causa ORIGINAL: 2
[ACTUALIZAR PAGOS · AUTO]   • Causas encontradas en SIGEMI (actas viejas): 3
[ACTUALIZAR PAGOS · AUTO]   • Causas NO encontradas en SIGEMI: 0
[ACTUALIZAR PAGOS · AUTO]   • Causas asignadas automáticamente (actas nuevas): 0
[ACTUALIZAR PAGOS · AUTO] ⏱ PASO 3 (llenar causas): 0.0s
[ACTUALIZAR PAGOS · AUTO] ================================================================================
[ACTUALIZAR PAGOS · AUTO] PASO 4: ORDENANDO POR FECHA Y ACTA_NUMERO
[ACTUALIZAR PAGOS · AUTO] ================================================================================
[ACTUALIZAR PAGOS · AUTO] ✓ Pagos ordenados correctamente
[ACTUALIZAR PAGOS · AUTO]   • Primera entrada: Acta=11595, Fecha=17/07/2024
[ACTUALIZAR PAGOS · AUTO]   • Última entrada: Acta=259557, Fecha=27/01/2026
[ACTUALIZAR PAGOS · AUTO] 📝 Escribiendo archivo de salida...
[ACTUALIZAR PAGOS · AUTO]   ✅ Archivo escrito: backend/descargas/pagos/2026-07-20/PAGOS 20260720 174801.txt
[ACTUALIZAR PAGOS · AUTO]   ✅ Total registros: 698
[ACTUALIZAR PAGOS · AUTO] ⏱ PASO 4 (ordenar y escribir): 0.0s
[ACTUALIZAR PAGOS · AUTO] ================================================================================
[ACTUALIZAR PAGOS · AUTO] ✅ PROCESO COMPLETADO EXITOSAMENTE
[ACTUALIZAR PAGOS · AUTO] ================================================================================
[ACTUALIZAR PAGOS · AUTO] 📊 RESUMEN FINAL DEL PROCESAMIENTO:
[ACTUALIZAR PAGOS · AUTO]   ENTRADA:
[ACTUALIZAR PAGOS · AUTO]     • Pagos originales: 15438
[ACTUALIZAR PAGOS · AUTO]     • Multas SIGEMI cargadas: 104192
[ACTUALIZAR PAGOS · AUTO]     • Multas Juzgado cargadas: 39526
[ACTUALIZAR PAGOS · AUTO]     • Causas simplificadas (usadas para el cruce): 103861
[ACTUALIZAR PAGOS · AUTO]   PROCESO:
[ACTUALIZAR PAGOS · AUTO]     • Pagos rechazados sigemi: 13410
[ACTUALIZAR PAGOS · AUTO]     • Pagos rechazados juzgado: 2023
[ACTUALIZAR PAGOS · AUTO]   SALIDA:
[ACTUALIZAR PAGOS · AUTO]     • Pagos desactualizados procesados: 5
[ACTUALIZAR PAGOS · AUTO]     • Archivo final: backend/descargas/pagos/2026-07-20/PAGOS 20260720 174801.txt
[ACTUALIZAR PAGOS · AUTO]     • Ordenados por fecha: SÍ ✓
[ACTUALIZAR PAGOS · AUTO]     • Todos con ACTA_NUMERO: SÍ ✓
[ACTUALIZAR PAGOS · AUTO]     • Todos con CAUSA_NUMERO: SÍ ✓
[ACTUALIZAR PAGOS · AUTO] ✅ TXT de pagos (ya cruzado con actas y causas) generado en: backend/descargas/pagos/2026-07-20/PAGOS 20260720 174801.txt
[ACTUALIZAR PAGOS · AUTO] 🧹 TXT de pagos crudo eliminado (ya usado en el cruce): backend/descargas/pagos/2026-07-20/PAGOS DESCARGADOS.txt
[ACTUALIZAR PAGOS · AUTO] 🧹 Excel MULTAS_SIGEMI_CRUCE eliminado (ya usado en el cruce): backend/descargas/cache_actas_cruce/MULTAS_SIGEMI_CRUCE.xlsx
[ACTUALIZAR PAGOS · AUTO] 🧹 Excel MULTAS_JUZGADO_CRUCE eliminado (ya usado en el cruce): backend/descargas/cache_actas_cruce/MULTAS_JUZGADO_CRUCE.xlsx
[ACTUALIZAR PAGOS · AUTO] ✅ CompararActasPaso finalizado. (⏱ 50.0s)
[ACTUALIZAR PAGOS · AUTO] ✓ [CompararActasPaso] Completado.
[ACTUALIZAR PAGOS · AUTO] ▶ [CargarPagosPaso] Iniciando...
[ACTUALIZAR PAGOS · AUTO] ==================================================
[ACTUALIZAR PAGOS · AUTO] 🚀 PASO: CargarPagosPaso
[ACTUALIZAR PAGOS · AUTO] ==================================================
[ACTUALIZAR PAGOS · AUTO] 📤 Subiendo TXT de pagos al SEMyT...
[ACTUALIZAR PAGOS · AUTO] ✅ Importación de pagos completada con éxito.
[ACTUALIZAR PAGOS · AUTO] ✅ Archivo TXT de pagos cargado en el SEMyT correctamente.
[ACTUALIZAR PAGOS · AUTO] ✅ CargarPagosPaso finalizado. (⏱ 2.6s)
[ACTUALIZAR PAGOS · AUTO] ✓ [CargarPagosPaso] Completado.
[ACTUALIZAR PAGOS · AUTO] === Ejecución finalizada con éxito ===
🤖 [Automático] Es hora de actualizar pagos. Arrancando...
[ACTUALIZAR PAGOS · AUTO] === Inicio de ejecución: pagos ===
[ACTUALIZAR PAGOS · AUTO] ▶ [LoginSemytPaso] Iniciando...
[ACTUALIZAR PAGOS · AUTO] ==================================================
[ACTUALIZAR PAGOS · AUTO] 🚀 PASO: LoginSemytPaso
[ACTUALIZAR PAGOS · AUTO] ==================================================
[ACTUALIZAR PAGOS · AUTO] Abriendo SEMyT...
[ACTUALIZAR PAGOS · AUTO] ✅ [SEMyT] Sesión existente detectada. Login omitido.
[ACTUALIZAR PAGOS · AUTO] ✅ LoginSemytPaso finalizado. (⏱ 5.5s)
[ACTUALIZAR PAGOS · AUTO] ✓ [LoginSemytPaso] Completado.
[ACTUALIZAR PAGOS · AUTO] ▶ [LoginJuzgadoPaso] Iniciando...
[ACTUALIZAR PAGOS · AUTO] ==================================================
[ACTUALIZAR PAGOS · AUTO] 🚀 PASO: LoginJuzgadoPaso
[ACTUALIZAR PAGOS · AUTO] ==================================================
[ACTUALIZAR PAGOS · AUTO] Abriendo sitio municipalidad (CiDi)...
[ACTUALIZAR PAGOS · AUTO] ✅ [Juzgado] Sesión existente detectada. Login omitido.
[ACTUALIZAR PAGOS · AUTO] ✅ LoginJuzgadoPaso finalizado. (⏱ 1.3s)
[ACTUALIZAR PAGOS · AUTO] ✓ [LoginJuzgadoPaso] Completado.
[ACTUALIZAR PAGOS · AUTO] ▶ [DescargasParalelasPaso] Iniciando...
[ACTUALIZAR PAGOS · AUTO] ==================================================
[ACTUALIZAR PAGOS · AUTO] 🚀 PASO: DescargasParalelasPaso
[ACTUALIZAR PAGOS · AUTO] ==================================================
[ACTUALIZAR PAGOS · AUTO] 📤 Arrancando las 3 descargas en paralelo (mismo browser, páginas separadas)...
[ACTUALIZAR PAGOS · AUTO] Fecha Desde: 27/06/2024
[ACTUALIZAR PAGOS · AUTO] Fecha Hasta: 24/11/2025
[ACTUALIZAR PAGOS · AUTO] Fecha Desde: 25/11/2025
[ACTUALIZAR PAGOS · AUTO] Fecha Hasta: 20/07/2026
[ACTUALIZAR PAGOS · AUTO] Descargando Excel...
[ACTUALIZAR PAGOS · AUTO] Descargando Excel...
⏳ [Automático] Tocaba disparar 'pagos' pero ya hay una ejecución en curso (Actualizar pagos); esperando a que termine; se reintenta en breve sin perder el turno.
[ACTUALIZAR PAGOS · AUTO] Archivo descargado en: backend/descargas/cache_actas_cruce/MULTAS_JUZGADO_CRUCE.xlsx
[ACTUALIZAR PAGOS · AUTO] ⏱ [actas_juzgado] completado en 20.3s
[ACTUALIZAR PAGOS · AUTO] ✅ TXT de pagos descargado en: backend/descargas/pagos/2026-07-20/PAGOS DESCARGADOS.txt
[ACTUALIZAR PAGOS · AUTO] ⏱ [pagos_txt] completado en 22.9s
[ACTUALIZAR PAGOS · AUTO] Archivo descargado en: backend/descargas/cache_actas_cruce/MULTAS_SIGEMI_CRUCE.xlsx
[ACTUALIZAR PAGOS · AUTO] ⏱ [actas_sigemi] completado en 43.7s
[ACTUALIZAR PAGOS · AUTO] ⏱ TOTAL descargas en paralelo: 43.7s
[ACTUALIZAR PAGOS · AUTO] ✅ DescargasParalelasPaso finalizado. (⏱ 45.2s)
[ACTUALIZAR PAGOS · AUTO] ✓ [DescargasParalelasPaso] Completado.
[ACTUALIZAR PAGOS · AUTO] ▶ [CompararActasPaso] Iniciando...
[ACTUALIZAR PAGOS · AUTO] ==================================================
[ACTUALIZAR PAGOS · AUTO] 🚀 PASO: CompararActasPaso
[ACTUALIZAR PAGOS · AUTO] ==================================================
[ACTUALIZAR PAGOS · AUTO] 🔍 Comparando actas del SEMyT contra pagos del Juzgado...
[ACTUALIZAR PAGOS · AUTO] ================================================================================
[ACTUALIZAR PAGOS · AUTO] INICIANDO PROCESO DE GENERACIÓN DE PAGOS DESACTUALIZADOS
[ACTUALIZAR PAGOS · AUTO] ================================================================================
[ACTUALIZAR PAGOS · AUTO] 📂 Cargando archivos...
[ACTUALIZAR PAGOS · AUTO]   ✓ Pagos: 15442 registros
[ACTUALIZAR PAGOS · AUTO]   ✓ Excel SIGEMI (multas vencidas viejas): 104189 registros
[ACTUALIZAR PAGOS · AUTO]   ✓ Excel Juzgado (multas vencidas nuevas): 39524 registros
[ACTUALIZAR PAGOS · AUTO] ================================================================================
[ACTUALIZAR PAGOS · AUTO] PASO 1: LLENANDO ACTA_NUMERO (búsqueda por patente + fecha, con desempate por hora)
[ACTUALIZAR PAGOS · AUTO] ================================================================================
[ACTUALIZAR PAGOS · AUTO] 📊 ESTADÍSTICAS DE LLENADO DE ACTAS:
[ACTUALIZAR PAGOS · AUTO]   • Pagos con acta ORIGINAL: 2028
[ACTUALIZAR PAGOS · AUTO]   • Pagos SIN acta (buscados): 13414
[ACTUALIZAR PAGOS · AUTO]   • Pagos LLENADOS exitosamente: 1
[ACTUALIZAR PAGOS · AUTO]   • Pagos NO encontrados en multas: 13413
[ACTUALIZAR PAGOS · AUTO]   • Pagos SIN RESOLVER por desbalance de cantidades: 0
[ACTUALIZAR PAGOS · AUTO] ================================================================================
[ACTUALIZAR PAGOS · AUTO] PASO 1: LLENANDO ACTA_NUMERO (búsqueda por patente + fecha, con desempate por hora)
[ACTUALIZAR PAGOS · AUTO] ================================================================================
[ACTUALIZAR PAGOS · AUTO] 📊 ESTADÍSTICAS DE LLENADO DE ACTAS:
[ACTUALIZAR PAGOS · AUTO]   • Pagos con acta ORIGINAL: 2029
[ACTUALIZAR PAGOS · AUTO]   • Pagos SIN acta (buscados): 13413
[ACTUALIZAR PAGOS · AUTO]   • Pagos LLENADOS exitosamente: 0
[ACTUALIZAR PAGOS · AUTO]   • Pagos NO encontrados en multas: 13413
[ACTUALIZAR PAGOS · AUTO]   • Pagos SIN RESOLVER por desbalance de cantidades: 0
[ACTUALIZAR PAGOS · AUTO] ⏱ PASO 1 (llenar actas): 15.1s
[ACTUALIZAR PAGOS · AUTO] ================================================================================
[ACTUALIZAR PAGOS · AUTO] PASO 2: FILTRANDO PAGOS CON ACTA_NUMERO COMPLETO
[ACTUALIZAR PAGOS · AUTO] ================================================================================
[ACTUALIZAR PAGOS · AUTO] 📊 ESTADÍSTICAS DE FILTRADO:
[ACTUALIZAR PAGOS · AUTO]   • Pagos TOTALES al inicio: 15442
[ACTUALIZAR PAGOS · AUTO]   • Pagos CON acta (MANTIENEN): 2029
[ACTUALIZAR PAGOS · AUTO]   • Pagos RECHAZADOS (sin coincidencias): 13413
[ACTUALIZAR PAGOS · AUTO] ⚠️  Se eliminaron 13413 registros sin número de acta
[ACTUALIZAR PAGOS · AUTO]      (recordá: esto incluye tanto pagos ya actualizados/pagados
[ACTUALIZAR PAGOS · AUTO]       como pagos que quedaron sin resolver por desbalance en el Paso 1)
[ACTUALIZAR PAGOS · AUTO] ================================================================================
[ACTUALIZAR PAGOS · AUTO] PASO 2-bis: CONFIRMANDO VIGENCIA DE PAGOS DEL SISTEMA NUEVO (contra MULTAS_JUZGADO_CRUCE)
[ACTUALIZAR PAGOS · AUTO] ================================================================================
[ACTUALIZAR PAGOS · AUTO]   ⚠ 2025 pago(s) del sistema nuevo descartados: su acta ya no figura como vencida en MULTAS_JUZGADO_CRUCE (SEMyT ya los actualizó).
[ACTUALIZAR PAGOS · AUTO]   • Pagos del sistema nuevo descartados por ya estar actualizados: 2025
[ACTUALIZAR PAGOS · AUTO] ⏱ PASO 2 (filtrar): 0.7s
[ACTUALIZAR PAGOS · AUTO] 📂 Cargando maestro de causas SIGEMI...
[ACTUALIZAR PAGOS · AUTO]   ✓ Causas totales (maestro): 134069 registros
[ACTUALIZAR PAGOS · AUTO] ⏱ PASO 2.5 (causas simplificado): 0.1s
[ACTUALIZAR PAGOS · AUTO] ================================================================================
[ACTUALIZAR PAGOS · AUTO] PASO 2.5: ARMANDO causas.txt SIMPLIFICADO (cruce contra total_causas_sigemi.txt)
[ACTUALIZAR PAGOS · AUTO] ================================================================================
[ACTUALIZAR PAGOS · AUTO]   • Actas vencidas viejas (multas): 104189
[ACTUALIZAR PAGOS · AUTO]   • Causas totales en el maestro SIGEMI: 134069
[ACTUALIZAR PAGOS · AUTO]   • Causas que coinciden (simplificado): 103858
[ACTUALIZAR PAGOS · AUTO]   ✅ Archivo escrito: backend/descargas/causas/causas.txt
[ACTUALIZAR PAGOS · AUTO] ⏱ PASO 2.5 (causas simplificado): 2.3s
[ACTUALIZAR PAGOS · AUTO] ================================================================================
[ACTUALIZAR PAGOS · AUTO] PASO 3: LLENANDO CAUSA_NUMERO (según fecha de cambio de sistema, cruzando por acta + año)
[ACTUALIZAR PAGOS · AUTO] ================================================================================
[ACTUALIZAR PAGOS · AUTO] 📊 ESTADÍSTICAS DE LLENADO DE CAUSAS:
[ACTUALIZAR PAGOS · AUTO]   • Pagos con causa ORIGINAL: 3
[ACTUALIZAR PAGOS · AUTO]   • Causas encontradas en SIGEMI (actas viejas): 1
[ACTUALIZAR PAGOS · AUTO]   • Causas NO encontradas en SIGEMI: 0
[ACTUALIZAR PAGOS · AUTO]   • Causas asignadas automáticamente (actas nuevas): 0
[ACTUALIZAR PAGOS · AUTO] ⏱ PASO 3 (llenar causas): 0.0s
[ACTUALIZAR PAGOS · AUTO] ================================================================================
[ACTUALIZAR PAGOS · AUTO] PASO 4: ORDENANDO POR FECHA Y ACTA_NUMERO
[ACTUALIZAR PAGOS · AUTO] ================================================================================
[ACTUALIZAR PAGOS · AUTO] ✓ Pagos ordenados correctamente
[ACTUALIZAR PAGOS · AUTO]   • Primera entrada: Acta=222906, Fecha=21/10/2025
[ACTUALIZAR PAGOS · AUTO]   • Última entrada: Acta=259502, Fecha=27/01/2026
[ACTUALIZAR PAGOS · AUTO] 📝 Escribiendo archivo de salida...
[ACTUALIZAR PAGOS · AUTO]   ✅ Archivo escrito: backend/descargas/pagos/2026-07-20/PAGOS 20260720 175955.txt
[ACTUALIZAR PAGOS · AUTO]   ✅ Total registros: 573
[ACTUALIZAR PAGOS · AUTO] ⏱ PASO 4 (ordenar y escribir): 0.0s
[ACTUALIZAR PAGOS · AUTO] ================================================================================
[ACTUALIZAR PAGOS · AUTO] ✅ PROCESO COMPLETADO EXITOSAMENTE
[ACTUALIZAR PAGOS · AUTO] ================================================================================
[ACTUALIZAR PAGOS · AUTO] 📊 RESUMEN FINAL DEL PROCESAMIENTO:
[ACTUALIZAR PAGOS · AUTO]   ENTRADA:
[ACTUALIZAR PAGOS · AUTO]     • Pagos originales: 15442
[ACTUALIZAR PAGOS · AUTO]     • Multas SIGEMI cargadas: 104189
[ACTUALIZAR PAGOS · AUTO]     • Multas Juzgado cargadas: 39524
[ACTUALIZAR PAGOS · AUTO]     • Causas simplificadas (usadas para el cruce): 103858
[ACTUALIZAR PAGOS · AUTO]   PROCESO:
[ACTUALIZAR PAGOS · AUTO]     • Pagos rechazados sigemi: 13413
[ACTUALIZAR PAGOS · AUTO]     • Pagos rechazados juzgado: 2025
[ACTUALIZAR PAGOS · AUTO]   SALIDA:
[ACTUALIZAR PAGOS · AUTO]     • Pagos desactualizados procesados: 4
[ACTUALIZAR PAGOS · AUTO]     • Archivo final: backend/descargas/pagos/2026-07-20/PAGOS 20260720 175955.txt
[ACTUALIZAR PAGOS · AUTO]     • Ordenados por fecha: SÍ ✓
[ACTUALIZAR PAGOS · AUTO]     • Todos con ACTA_NUMERO: SÍ ✓
[ACTUALIZAR PAGOS · AUTO]     • Todos con CAUSA_NUMERO: SÍ ✓
[ACTUALIZAR PAGOS · AUTO] ✅ TXT de pagos (ya cruzado con actas y causas) generado en: backend/descargas/pagos/2026-07-20/PAGOS 20260720 175955.txt
[ACTUALIZAR PAGOS · AUTO] 🧹 TXT de pagos crudo eliminado (ya usado en el cruce): backend/descargas/pagos/2026-07-20/PAGOS DESCARGADOS.txt
[ACTUALIZAR PAGOS · AUTO] 🧹 Excel MULTAS_SIGEMI_CRUCE eliminado (ya usado en el cruce): backend/descargas/cache_actas_cruce/MULTAS_SIGEMI_CRUCE.xlsx
[ACTUALIZAR PAGOS · AUTO] 🧹 Excel MULTAS_JUZGADO_CRUCE eliminado (ya usado en el cruce): backend/descargas/cache_actas_cruce/MULTAS_JUZGADO_CRUCE.xlsx
[ACTUALIZAR PAGOS · AUTO] ✅ CompararActasPaso finalizado. (⏱ 42.4s)
[ACTUALIZAR PAGOS · AUTO] ✓ [CompararActasPaso] Completado.
[ACTUALIZAR PAGOS · AUTO] ▶ [CargarPagosPaso] Iniciando...
[ACTUALIZAR PAGOS · AUTO] ==================================================
[ACTUALIZAR PAGOS · AUTO] 🚀 PASO: CargarPagosPaso
[ACTUALIZAR PAGOS · AUTO] ==================================================
[ACTUALIZAR PAGOS · AUTO] 📤 Subiendo TXT de pagos al SEMyT...
[ACTUALIZAR PAGOS · AUTO] ✅ Importación de pagos completada con éxito.
[ACTUALIZAR PAGOS · AUTO] ✅ Archivo TXT de pagos cargado en el SEMyT correctamente.
[ACTUALIZAR PAGOS · AUTO] ✅ CargarPagosPaso finalizado. (⏱ 2.8s)
[ACTUALIZAR PAGOS · AUTO] ✓ [CargarPagosPaso] Completado.
[ACTUALIZAR PAGOS · AUTO] === Ejecución finalizada con éxito ===
🤖 [Automático] Es hora de actualizar pagos. Arrancando...
[ACTUALIZAR PAGOS · AUTO] === Inicio de ejecución: pagos ===
[ACTUALIZAR PAGOS · AUTO] ▶ [LoginSemytPaso] Iniciando...
[ACTUALIZAR PAGOS · AUTO] ==================================================
[ACTUALIZAR PAGOS · AUTO] 🚀 PASO: LoginSemytPaso
[ACTUALIZAR PAGOS · AUTO] ==================================================
[ACTUALIZAR PAGOS · AUTO] Abriendo SEMyT...
[ACTUALIZAR PAGOS · AUTO] ✅ [SEMyT] Sesión existente detectada. Login omitido.
[ACTUALIZAR PAGOS · AUTO] ✅ LoginSemytPaso finalizado. (⏱ 5.6s)
[ACTUALIZAR PAGOS · AUTO] ✓ [LoginSemytPaso] Completado.
[ACTUALIZAR PAGOS · AUTO] ▶ [LoginJuzgadoPaso] Iniciando...
[ACTUALIZAR PAGOS · AUTO] ==================================================
[ACTUALIZAR PAGOS · AUTO] 🚀 PASO: LoginJuzgadoPaso
[ACTUALIZAR PAGOS · AUTO] ==================================================
[ACTUALIZAR PAGOS · AUTO] Abriendo sitio municipalidad (CiDi)...
[ACTUALIZAR PAGOS · AUTO] ✅ [Juzgado] Sesión existente detectada. Login omitido.
[ACTUALIZAR PAGOS · AUTO] ✅ LoginJuzgadoPaso finalizado. (⏱ 1.7s)
[ACTUALIZAR PAGOS · AUTO] ✓ [LoginJuzgadoPaso] Completado.
[ACTUALIZAR PAGOS · AUTO] ▶ [DescargasParalelasPaso] Iniciando...
[ACTUALIZAR PAGOS · AUTO] ==================================================
[ACTUALIZAR PAGOS · AUTO] 🚀 PASO: DescargasParalelasPaso
[ACTUALIZAR PAGOS · AUTO] ==================================================
[ACTUALIZAR PAGOS · AUTO] 📤 Arrancando las 3 descargas en paralelo (mismo browser, páginas separadas)...
[ACTUALIZAR PAGOS · AUTO] Fecha Desde: 27/06/2024
[ACTUALIZAR PAGOS · AUTO] Fecha Hasta: 24/11/2025
[ACTUALIZAR PAGOS · AUTO] Fecha Desde: 25/11/2025
[ACTUALIZAR PAGOS · AUTO] Fecha Hasta: 20/07/2026
[ACTUALIZAR PAGOS · AUTO] Descargando Excel...
[ACTUALIZAR PAGOS · AUTO] Descargando Excel...
⏳ [Automático] Tocaba disparar 'pagos' pero ya hay una ejecución en curso (Actualizar pagos); esperando a que termine; se reintenta en breve sin perder el turno.
[ACTUALIZAR PAGOS · AUTO] Archivo descargado en: backend/descargas/cache_actas_cruce/MULTAS_JUZGADO_CRUCE.xlsx
[ACTUALIZAR PAGOS · AUTO] ⏱ [actas_juzgado] completado en 17.9s
[ACTUALIZAR PAGOS · AUTO] Archivo descargado en: backend/descargas/cache_actas_cruce/MULTAS_SIGEMI_CRUCE.xlsx
[ACTUALIZAR PAGOS · AUTO] ⏱ [actas_sigemi] completado en 40.2s
[ACTUALIZAR PAGOS · AUTO] ✅ TXT de pagos descargado en: backend/descargas/pagos/2026-07-20/PAGOS DESCARGADOS.txt
[ACTUALIZAR PAGOS · AUTO] ⏱ [pagos_txt] completado en 45.1s
[ACTUALIZAR PAGOS · AUTO] ⏱ TOTAL descargas en paralelo: 45.1s
[ACTUALIZAR PAGOS · AUTO] ✅ DescargasParalelasPaso finalizado. (⏱ 46.5s)
[ACTUALIZAR PAGOS · AUTO] ✓ [DescargasParalelasPaso] Completado.
[ACTUALIZAR PAGOS · AUTO] ▶ [CompararActasPaso] Iniciando...
[ACTUALIZAR PAGOS · AUTO] ==================================================
[ACTUALIZAR PAGOS · AUTO] 🚀 PASO: CompararActasPaso
[ACTUALIZAR PAGOS · AUTO] ==================================================
[ACTUALIZAR PAGOS · AUTO] 🔍 Comparando actas del SEMyT contra pagos del Juzgado...
[ACTUALIZAR PAGOS · AUTO] ================================================================================
[ACTUALIZAR PAGOS · AUTO] INICIANDO PROCESO DE GENERACIÓN DE PAGOS DESACTUALIZADOS
[ACTUALIZAR PAGOS · AUTO] ================================================================================
[ACTUALIZAR PAGOS · AUTO] 📂 Cargando archivos...
[ACTUALIZAR PAGOS · AUTO]   ✓ Pagos: 15446 registros
[ACTUALIZAR PAGOS · AUTO]   ✓ Excel SIGEMI (multas vencidas viejas): 104179 registros
[ACTUALIZAR PAGOS · AUTO]   ✓ Excel Juzgado (multas vencidas nuevas): 39517 registros
[ACTUALIZAR PAGOS · AUTO] ================================================================================
[ACTUALIZAR PAGOS · AUTO] PASO 1: LLENANDO ACTA_NUMERO (búsqueda por patente + fecha, con desempate por hora)
[ACTUALIZAR PAGOS · AUTO] ================================================================================
[ACTUALIZAR PAGOS · AUTO] 📊 ESTADÍSTICAS DE LLENADO DE ACTAS:
[ACTUALIZAR PAGOS · AUTO]   • Pagos con acta ORIGINAL: 2030
[ACTUALIZAR PAGOS · AUTO]   • Pagos SIN acta (buscados): 13416
[ACTUALIZAR PAGOS · AUTO]   • Pagos LLENADOS exitosamente: 2
[ACTUALIZAR PAGOS · AUTO]   • Pagos NO encontrados en multas: 13414
[ACTUALIZAR PAGOS · AUTO]   • Pagos SIN RESOLVER por desbalance de cantidades: 0
[ACTUALIZAR PAGOS · AUTO] ================================================================================
[ACTUALIZAR PAGOS · AUTO] PASO 1: LLENANDO ACTA_NUMERO (búsqueda por patente + fecha, con desempate por hora)
[ACTUALIZAR PAGOS · AUTO] ================================================================================
[ACTUALIZAR PAGOS · AUTO] 📊 ESTADÍSTICAS DE LLENADO DE ACTAS:
[ACTUALIZAR PAGOS · AUTO]   • Pagos con acta ORIGINAL: 2032
[ACTUALIZAR PAGOS · AUTO]   • Pagos SIN acta (buscados): 13414
[ACTUALIZAR PAGOS · AUTO]   • Pagos LLENADOS exitosamente: 0
[ACTUALIZAR PAGOS · AUTO]   • Pagos NO encontrados en multas: 13414
[ACTUALIZAR PAGOS · AUTO]   • Pagos SIN RESOLVER por desbalance de cantidades: 0
[ACTUALIZAR PAGOS · AUTO] ⏱ PASO 1 (llenar actas): 15.0s
[ACTUALIZAR PAGOS · AUTO] ================================================================================
[ACTUALIZAR PAGOS · AUTO] PASO 2: FILTRANDO PAGOS CON ACTA_NUMERO COMPLETO
[ACTUALIZAR PAGOS · AUTO] ================================================================================
[ACTUALIZAR PAGOS · AUTO] 📊 ESTADÍSTICAS DE FILTRADO:
[ACTUALIZAR PAGOS · AUTO]   • Pagos TOTALES al inicio: 15446
[ACTUALIZAR PAGOS · AUTO]   • Pagos CON acta (MANTIENEN): 2032
[ACTUALIZAR PAGOS · AUTO]   • Pagos RECHAZADOS (sin coincidencias): 13414
[ACTUALIZAR PAGOS · AUTO] ⚠️  Se eliminaron 13414 registros sin número de acta
[ACTUALIZAR PAGOS · AUTO]      (recordá: esto incluye tanto pagos ya actualizados/pagados
[ACTUALIZAR PAGOS · AUTO]       como pagos que quedaron sin resolver por desbalance en el Paso 1)
[ACTUALIZAR PAGOS · AUTO] ================================================================================
[ACTUALIZAR PAGOS · AUTO] PASO 2-bis: CONFIRMANDO VIGENCIA DE PAGOS DEL SISTEMA NUEVO (contra MULTAS_JUZGADO_CRUCE)
[ACTUALIZAR PAGOS · AUTO] ================================================================================
[ACTUALIZAR PAGOS · AUTO]   ⚠ 2028 pago(s) del sistema nuevo descartados: su acta ya no figura como vencida en MULTAS_JUZGADO_CRUCE (SEMyT ya los actualizó).
[ACTUALIZAR PAGOS · AUTO]   • Pagos del sistema nuevo descartados por ya estar actualizados: 2028
[ACTUALIZAR PAGOS · AUTO] ⏱ PASO 2 (filtrar): 0.7s
[ACTUALIZAR PAGOS · AUTO] 📂 Cargando maestro de causas SIGEMI...
[ACTUALIZAR PAGOS · AUTO]   ✓ Causas totales (maestro): 134069 registros
[ACTUALIZAR PAGOS · AUTO] ⏱ PASO 2.5 (causas simplificado): 0.2s
[ACTUALIZAR PAGOS · AUTO] ================================================================================
[ACTUALIZAR PAGOS · AUTO] PASO 2.5: ARMANDO causas.txt SIMPLIFICADO (cruce contra total_causas_sigemi.txt)
[ACTUALIZAR PAGOS · AUTO] ================================================================================
[ACTUALIZAR PAGOS · AUTO]   • Actas vencidas viejas (multas): 104179
[ACTUALIZAR PAGOS · AUTO]   • Causas totales en el maestro SIGEMI: 134069
[ACTUALIZAR PAGOS · AUTO]   • Causas que coinciden (simplificado): 103848
[ACTUALIZAR PAGOS · AUTO]   ✅ Archivo escrito: backend/descargas/causas/causas.txt
[ACTUALIZAR PAGOS · AUTO] ⏱ PASO 2.5 (causas simplificado): 2.5s
[ACTUALIZAR PAGOS · AUTO] ================================================================================
[ACTUALIZAR PAGOS · AUTO] PASO 3: LLENANDO CAUSA_NUMERO (según fecha de cambio de sistema, cruzando por acta + año)
[ACTUALIZAR PAGOS · AUTO] ================================================================================
[ACTUALIZAR PAGOS · AUTO] 📊 ESTADÍSTICAS DE LLENADO DE CAUSAS:
[ACTUALIZAR PAGOS · AUTO]   • Pagos con causa ORIGINAL: 2
[ACTUALIZAR PAGOS · AUTO]   • Causas encontradas en SIGEMI (actas viejas): 2
[ACTUALIZAR PAGOS · AUTO]   • Causas NO encontradas en SIGEMI: 0
[ACTUALIZAR PAGOS · AUTO]   • Causas asignadas automáticamente (actas nuevas): 0
[ACTUALIZAR PAGOS · AUTO] ⏱ PASO 3 (llenar causas): 0.0s
[ACTUALIZAR PAGOS · AUTO] ================================================================================
[ACTUALIZAR PAGOS · AUTO] PASO 4: ORDENANDO POR FECHA Y ACTA_NUMERO
[ACTUALIZAR PAGOS · AUTO] ================================================================================
[ACTUALIZAR PAGOS · AUTO] ✓ Pagos ordenados correctamente
[ACTUALIZAR PAGOS · AUTO]   • Primera entrada: Acta=152272, Fecha=20/05/2025
[ACTUALIZAR PAGOS · AUTO]   • Última entrada: Acta=253328, Fecha=06/01/2026
[ACTUALIZAR PAGOS · AUTO] 📝 Escribiendo archivo de salida...
[ACTUALIZAR PAGOS · AUTO]   ✅ Archivo escrito: backend/descargas/pagos/2026-07-20/PAGOS 20260720 181146.txt
[ACTUALIZAR PAGOS · AUTO]   ✅ Total registros: 578
[ACTUALIZAR PAGOS · AUTO] ⏱ PASO 4 (ordenar y escribir): 0.0s
[ACTUALIZAR PAGOS · AUTO] ================================================================================
[ACTUALIZAR PAGOS · AUTO] ✅ PROCESO COMPLETADO EXITOSAMENTE
[ACTUALIZAR PAGOS · AUTO] ================================================================================
[ACTUALIZAR PAGOS · AUTO] 📊 RESUMEN FINAL DEL PROCESAMIENTO:
[ACTUALIZAR PAGOS · AUTO]   ENTRADA:
[ACTUALIZAR PAGOS · AUTO]     • Pagos originales: 15446
[ACTUALIZAR PAGOS · AUTO]     • Multas SIGEMI cargadas: 104179
[ACTUALIZAR PAGOS · AUTO]     • Multas Juzgado cargadas: 39517
[ACTUALIZAR PAGOS · AUTO]     • Causas simplificadas (usadas para el cruce): 103848
[ACTUALIZAR PAGOS · AUTO]   PROCESO:
[ACTUALIZAR PAGOS · AUTO]     • Pagos rechazados sigemi: 13414
[ACTUALIZAR PAGOS · AUTO]     • Pagos rechazados juzgado: 2028
[ACTUALIZAR PAGOS · AUTO]   SALIDA:
[ACTUALIZAR PAGOS · AUTO]     • Pagos desactualizados procesados: 4
[ACTUALIZAR PAGOS · AUTO]     • Archivo final: backend/descargas/pagos/2026-07-20/PAGOS 20260720 181146.txt
[ACTUALIZAR PAGOS · AUTO]     • Ordenados por fecha: SÍ ✓
[ACTUALIZAR PAGOS · AUTO]     • Todos con ACTA_NUMERO: SÍ ✓
[ACTUALIZAR PAGOS · AUTO]     • Todos con CAUSA_NUMERO: SÍ ✓
[ACTUALIZAR PAGOS · AUTO] ✅ TXT de pagos (ya cruzado con actas y causas) generado en: backend/descargas/pagos/2026-07-20/PAGOS 20260720 181146.txt
[ACTUALIZAR PAGOS · AUTO] 🧹 TXT de pagos crudo eliminado (ya usado en el cruce): backend/descargas/pagos/2026-07-20/PAGOS DESCARGADOS.txt
[ACTUALIZAR PAGOS · AUTO] 🧹 Excel MULTAS_SIGEMI_CRUCE eliminado (ya usado en el cruce): backend/descargas/cache_actas_cruce/MULTAS_SIGEMI_CRUCE.xlsx
[ACTUALIZAR PAGOS · AUTO] 🧹 Excel MULTAS_JUZGADO_CRUCE eliminado (ya usado en el cruce): backend/descargas/cache_actas_cruce/MULTAS_JUZGADO_CRUCE.xlsx
[ACTUALIZAR PAGOS · AUTO] ✅ CompararActasPaso finalizado. (⏱ 42.8s)
[ACTUALIZAR PAGOS · AUTO] ✓ [CompararActasPaso] Completado.
[ACTUALIZAR PAGOS · AUTO] ▶ [CargarPagosPaso] Iniciando...
[ACTUALIZAR PAGOS · AUTO] ==================================================
[ACTUALIZAR PAGOS · AUTO] 🚀 PASO: CargarPagosPaso
[ACTUALIZAR PAGOS · AUTO] ==================================================
[ACTUALIZAR PAGOS · AUTO] 📤 Subiendo TXT de pagos al SEMyT...
[ACTUALIZAR PAGOS · AUTO] ✅ Importación de pagos completada con éxito.
[ACTUALIZAR PAGOS · AUTO] ✅ Archivo TXT de pagos cargado en el SEMyT correctamente.
[ACTUALIZAR PAGOS · AUTO] ✅ CargarPagosPaso finalizado. (⏱ 4.5s)
[ACTUALIZAR PAGOS · AUTO] ✓ [CargarPagosPaso] Completado.
[ACTUALIZAR PAGOS · AUTO] === Ejecución finalizada con éxito ===
🤖 [Automático] Es hora de actualizar pagos. Arrancando...
[ACTUALIZAR PAGOS · AUTO] === Inicio de ejecución: pagos ===
[ACTUALIZAR PAGOS · AUTO] ▶ [LoginSemytPaso] Iniciando...
[ACTUALIZAR PAGOS · AUTO] ==================================================
[ACTUALIZAR PAGOS · AUTO] 🚀 PASO: LoginSemytPaso
[ACTUALIZAR PAGOS · AUTO] ==================================================
[ACTUALIZAR PAGOS · AUTO] Abriendo SEMyT...
[ACTUALIZAR PAGOS · AUTO] ✅ [SEMyT] Sesión existente detectada. Login omitido.
[ACTUALIZAR PAGOS · AUTO] ✅ LoginSemytPaso finalizado. (⏱ 4.1s)
[ACTUALIZAR PAGOS · AUTO] ✓ [LoginSemytPaso] Completado.
[ACTUALIZAR PAGOS · AUTO] ▶ [LoginJuzgadoPaso] Iniciando...
[ACTUALIZAR PAGOS · AUTO] ==================================================
[ACTUALIZAR PAGOS · AUTO] 🚀 PASO: LoginJuzgadoPaso
[ACTUALIZAR PAGOS · AUTO] ==================================================
[ACTUALIZAR PAGOS · AUTO] Abriendo sitio municipalidad (CiDi)...
[ACTUALIZAR PAGOS · AUTO] ✅ [Juzgado] Sesión existente detectada. Login omitido.
[ACTUALIZAR PAGOS · AUTO] ✅ LoginJuzgadoPaso finalizado. (⏱ 1.5s)
[ACTUALIZAR PAGOS · AUTO] ✓ [LoginJuzgadoPaso] Completado.
[ACTUALIZAR PAGOS · AUTO] ▶ [DescargasParalelasPaso] Iniciando...
[ACTUALIZAR PAGOS · AUTO] ==================================================
[ACTUALIZAR PAGOS · AUTO] 🚀 PASO: DescargasParalelasPaso
[ACTUALIZAR PAGOS · AUTO] ==================================================
[ACTUALIZAR PAGOS · AUTO] 📤 Arrancando las 3 descargas en paralelo (mismo browser, páginas separadas)...
[ACTUALIZAR PAGOS · AUTO] Fecha Desde: 27/06/2024
[ACTUALIZAR PAGOS · AUTO] Fecha Hasta: 24/11/2025
[ACTUALIZAR PAGOS · AUTO] Fecha Desde: 25/11/2025
[ACTUALIZAR PAGOS · AUTO] Fecha Hasta: 20/07/2026
[ACTUALIZAR PAGOS · AUTO] Descargando Excel...
[ACTUALIZAR PAGOS · AUTO] Descargando Excel...
⏳ [Automático] Tocaba disparar 'pagos' pero ya hay una ejecución en curso (Actualizar pagos); esperando a que termine; se reintenta en breve sin perder el turno.
[ACTUALIZAR PAGOS · AUTO] Archivo descargado en: backend/descargas/cache_actas_cruce/MULTAS_JUZGADO_CRUCE.xlsx
[ACTUALIZAR PAGOS · AUTO] ⏱ [actas_juzgado] completado en 18.2s
[ACTUALIZAR PAGOS · AUTO] Archivo descargado en: backend/descargas/cache_actas_cruce/MULTAS_SIGEMI_CRUCE.xlsx
[ACTUALIZAR PAGOS · AUTO] ⏱ [actas_sigemi] completado en 39.9s
[ACTUALIZAR PAGOS · AUTO] ✅ TXT de pagos descargado en: backend/descargas/pagos/2026-07-20/PAGOS DESCARGADOS.txt
[ACTUALIZAR PAGOS · AUTO] ⏱ [pagos_txt] completado en 40.0s
[ACTUALIZAR PAGOS · AUTO] ⏱ TOTAL descargas en paralelo: 40.0s
[ACTUALIZAR PAGOS · AUTO] ✅ DescargasParalelasPaso finalizado. (⏱ 41.2s)
[ACTUALIZAR PAGOS · AUTO] ✓ [DescargasParalelasPaso] Completado.
[ACTUALIZAR PAGOS · AUTO] ▶ [CompararActasPaso] Iniciando...
[ACTUALIZAR PAGOS · AUTO] ==================================================
[ACTUALIZAR PAGOS · AUTO] 🚀 PASO: CompararActasPaso
[ACTUALIZAR PAGOS · AUTO] ==================================================
[ACTUALIZAR PAGOS · AUTO] 🔍 Comparando actas del SEMyT contra pagos del Juzgado...
[ACTUALIZAR PAGOS · AUTO] ================================================================================
[ACTUALIZAR PAGOS · AUTO] INICIANDO PROCESO DE GENERACIÓN DE PAGOS DESACTUALIZADOS
[ACTUALIZAR PAGOS · AUTO] ================================================================================
[ACTUALIZAR PAGOS · AUTO] 📂 Cargando archivos...
[ACTUALIZAR PAGOS · AUTO]   ✓ Pagos: 15448 registros
[ACTUALIZAR PAGOS · AUTO]   ✓ Excel SIGEMI (multas vencidas viejas): 104177 registros
[ACTUALIZAR PAGOS · AUTO]   ✓ Excel Juzgado (multas vencidas nuevas): 39515 registros
[ACTUALIZAR PAGOS · AUTO] ================================================================================
[ACTUALIZAR PAGOS · AUTO] PASO 1: LLENANDO ACTA_NUMERO (búsqueda por patente + fecha, con desempate por hora)
[ACTUALIZAR PAGOS · AUTO] ================================================================================
[ACTUALIZAR PAGOS · AUTO] 📊 ESTADÍSTICAS DE LLENADO DE ACTAS:
[ACTUALIZAR PAGOS · AUTO]   • Pagos con acta ORIGINAL: 2031
[ACTUALIZAR PAGOS · AUTO]   • Pagos SIN acta (buscados): 13417
[ACTUALIZAR PAGOS · AUTO]   • Pagos LLENADOS exitosamente: 1
[ACTUALIZAR PAGOS · AUTO]   • Pagos NO encontrados en multas: 13416
[ACTUALIZAR PAGOS · AUTO]   • Pagos SIN RESOLVER por desbalance de cantidades: 0
[ACTUALIZAR PAGOS · AUTO] ================================================================================
[ACTUALIZAR PAGOS · AUTO] PASO 1: LLENANDO ACTA_NUMERO (búsqueda por patente + fecha, con desempate por hora)
[ACTUALIZAR PAGOS · AUTO] ================================================================================
[ACTUALIZAR PAGOS · AUTO] 📊 ESTADÍSTICAS DE LLENADO DE ACTAS:
[ACTUALIZAR PAGOS · AUTO]   • Pagos con acta ORIGINAL: 2032
[ACTUALIZAR PAGOS · AUTO]   • Pagos SIN acta (buscados): 13416
[ACTUALIZAR PAGOS · AUTO]   • Pagos LLENADOS exitosamente: 0
[ACTUALIZAR PAGOS · AUTO]   • Pagos NO encontrados en multas: 13416
[ACTUALIZAR PAGOS · AUTO]   • Pagos SIN RESOLVER por desbalance de cantidades: 0
[ACTUALIZAR PAGOS · AUTO] ⏱ PASO 1 (llenar actas): 14.6s
[ACTUALIZAR PAGOS · AUTO] ================================================================================
[ACTUALIZAR PAGOS · AUTO] PASO 2: FILTRANDO PAGOS CON ACTA_NUMERO COMPLETO
[ACTUALIZAR PAGOS · AUTO] ================================================================================
[ACTUALIZAR PAGOS · AUTO] 📊 ESTADÍSTICAS DE FILTRADO:
[ACTUALIZAR PAGOS · AUTO]   • Pagos TOTALES al inicio: 15448
[ACTUALIZAR PAGOS · AUTO]   • Pagos CON acta (MANTIENEN): 2032
[ACTUALIZAR PAGOS · AUTO]   • Pagos RECHAZADOS (sin coincidencias): 13416
[ACTUALIZAR PAGOS · AUTO] ⚠️  Se eliminaron 13416 registros sin número de acta
[ACTUALIZAR PAGOS · AUTO]      (recordá: esto incluye tanto pagos ya actualizados/pagados
[ACTUALIZAR PAGOS · AUTO]       como pagos que quedaron sin resolver por desbalance en el Paso 1)
[ACTUALIZAR PAGOS · AUTO] ================================================================================
[ACTUALIZAR PAGOS · AUTO] PASO 2-bis: CONFIRMANDO VIGENCIA DE PAGOS DEL SISTEMA NUEVO (contra MULTAS_JUZGADO_CRUCE)
[ACTUALIZAR PAGOS · AUTO] ================================================================================
[ACTUALIZAR PAGOS · AUTO]   ⚠ 2030 pago(s) del sistema nuevo descartados: su acta ya no figura como vencida en MULTAS_JUZGADO_CRUCE (SEMyT ya los actualizó).
[ACTUALIZAR PAGOS · AUTO]   • Pagos del sistema nuevo descartados por ya estar actualizados: 2030
[ACTUALIZAR PAGOS · AUTO] ⏱ PASO 2 (filtrar): 1.0s
[ACTUALIZAR PAGOS · AUTO] 📂 Cargando maestro de causas SIGEMI...
[ACTUALIZAR PAGOS · AUTO]   ✓ Causas totales (maestro): 134069 registros
[ACTUALIZAR PAGOS · AUTO] ⏱ PASO 2.5 (causas simplificado): 0.2s
[ACTUALIZAR PAGOS · AUTO] ================================================================================
[ACTUALIZAR PAGOS · AUTO] PASO 2.5: ARMANDO causas.txt SIMPLIFICADO (cruce contra total_causas_sigemi.txt)
[ACTUALIZAR PAGOS · AUTO] ================================================================================
[ACTUALIZAR PAGOS · AUTO]   • Actas vencidas viejas (multas): 104177
[ACTUALIZAR PAGOS · AUTO]   • Causas totales en el maestro SIGEMI: 134069
[ACTUALIZAR PAGOS · AUTO]   • Causas que coinciden (simplificado): 103846
[ACTUALIZAR PAGOS · AUTO]   ✅ Archivo escrito: backend/descargas/causas/causas.txt
[ACTUALIZAR PAGOS · AUTO] ⏱ PASO 2.5 (causas simplificado): 2.8s
[ACTUALIZAR PAGOS · AUTO] ================================================================================
[ACTUALIZAR PAGOS · AUTO] PASO 3: LLENANDO CAUSA_NUMERO (según fecha de cambio de sistema, cruzando por acta + año)
[ACTUALIZAR PAGOS · AUTO] ================================================================================
[ACTUALIZAR PAGOS · AUTO] 📊 ESTADÍSTICAS DE LLENADO DE CAUSAS:
[ACTUALIZAR PAGOS · AUTO]   • Pagos con causa ORIGINAL: 1
[ACTUALIZAR PAGOS · AUTO]   • Causas encontradas en SIGEMI (actas viejas): 1
[ACTUALIZAR PAGOS · AUTO]   • Causas NO encontradas en SIGEMI: 0
[ACTUALIZAR PAGOS · AUTO]   • Causas asignadas automáticamente (actas nuevas): 0
[ACTUALIZAR PAGOS · AUTO] ⏱ PASO 3 (llenar causas): 0.0s
[ACTUALIZAR PAGOS · AUTO] ================================================================================
[ACTUALIZAR PAGOS · AUTO] PASO 4: ORDENANDO POR FECHA Y ACTA_NUMERO
[ACTUALIZAR PAGOS · AUTO] ================================================================================
[ACTUALIZAR PAGOS · AUTO] ✓ Pagos ordenados correctamente
[ACTUALIZAR PAGOS · AUTO]   • Primera entrada: Acta=233699, Fecha=13/11/2025
[ACTUALIZAR PAGOS · AUTO]   • Última entrada: Acta=250218, Fecha=24/12/2025
[ACTUALIZAR PAGOS · AUTO] 📝 Escribiendo archivo de salida...
[ACTUALIZAR PAGOS · AUTO]   ✅ Archivo escrito: backend/descargas/pagos/2026-07-20/PAGOS 20260720 182329.txt
[ACTUALIZAR PAGOS · AUTO]   ✅ Total registros: 348
[ACTUALIZAR PAGOS · AUTO] ⏱ PASO 4 (ordenar y escribir): 0.0s
[ACTUALIZAR PAGOS · AUTO] ================================================================================
[ACTUALIZAR PAGOS · AUTO] ✅ PROCESO COMPLETADO EXITOSAMENTE
[ACTUALIZAR PAGOS · AUTO] ================================================================================
[ACTUALIZAR PAGOS · AUTO] 📊 RESUMEN FINAL DEL PROCESAMIENTO:
[ACTUALIZAR PAGOS · AUTO]   ENTRADA:
[ACTUALIZAR PAGOS · AUTO]     • Pagos originales: 15448
[ACTUALIZAR PAGOS · AUTO]     • Multas SIGEMI cargadas: 104177
[ACTUALIZAR PAGOS · AUTO]     • Multas Juzgado cargadas: 39515
[ACTUALIZAR PAGOS · AUTO]     • Causas simplificadas (usadas para el cruce): 103846
[ACTUALIZAR PAGOS · AUTO]   PROCESO:
[ACTUALIZAR PAGOS · AUTO]     • Pagos rechazados sigemi: 13416
[ACTUALIZAR PAGOS · AUTO]     • Pagos rechazados juzgado: 2030
[ACTUALIZAR PAGOS · AUTO]   SALIDA:
[ACTUALIZAR PAGOS · AUTO]     • Pagos desactualizados procesados: 2
[ACTUALIZAR PAGOS · AUTO]     • Archivo final: backend/descargas/pagos/2026-07-20/PAGOS 20260720 182329.txt
[ACTUALIZAR PAGOS · AUTO]     • Ordenados por fecha: SÍ ✓
[ACTUALIZAR PAGOS · AUTO]     • Todos con ACTA_NUMERO: SÍ ✓
[ACTUALIZAR PAGOS · AUTO]     • Todos con CAUSA_NUMERO: SÍ ✓
[ACTUALIZAR PAGOS · AUTO] ✅ TXT de pagos (ya cruzado con actas y causas) generado en: backend/descargas/pagos/2026-07-20/PAGOS 20260720 182329.txt
[ACTUALIZAR PAGOS · AUTO] 🧹 TXT de pagos crudo eliminado (ya usado en el cruce): backend/descargas/pagos/2026-07-20/PAGOS DESCARGADOS.txt
[ACTUALIZAR PAGOS · AUTO] 🧹 Excel MULTAS_SIGEMI_CRUCE eliminado (ya usado en el cruce): backend/descargas/cache_actas_cruce/MULTAS_SIGEMI_CRUCE.xlsx
[ACTUALIZAR PAGOS · AUTO] 🧹 Excel MULTAS_JUZGADO_CRUCE eliminado (ya usado en el cruce): backend/descargas/cache_actas_cruce/MULTAS_JUZGADO_CRUCE.xlsx
[ACTUALIZAR PAGOS · AUTO] ✅ CompararActasPaso finalizado. (⏱ 43.3s)
[ACTUALIZAR PAGOS · AUTO] ✓ [CompararActasPaso] Completado.
[ACTUALIZAR PAGOS · AUTO] ▶ [CargarPagosPaso] Iniciando...
[ACTUALIZAR PAGOS · AUTO] ==================================================
[ACTUALIZAR PAGOS · AUTO] 🚀 PASO: CargarPagosPaso
[ACTUALIZAR PAGOS · AUTO] ==================================================
[ACTUALIZAR PAGOS · AUTO] 📤 Subiendo TXT de pagos al SEMyT...
[ACTUALIZAR PAGOS · AUTO] ✅ Importación de pagos completada con éxito.
[ACTUALIZAR PAGOS · AUTO] ✅ Archivo TXT de pagos cargado en el SEMyT correctamente.
[ACTUALIZAR PAGOS · AUTO] ✅ CargarPagosPaso finalizado. (⏱ 2.7s)
[ACTUALIZAR PAGOS · AUTO] ✓ [CargarPagosPaso] Completado.
[ACTUALIZAR PAGOS · AUTO] === Ejecución finalizada con éxito ===
🤖 [Automático] Es hora de actualizar pagos. Arrancando...
[ACTUALIZAR PAGOS · AUTO] === Inicio de ejecución: pagos ===
[ACTUALIZAR PAGOS · AUTO] ▶ [LoginSemytPaso] Iniciando...
[ACTUALIZAR PAGOS · AUTO] ==================================================
[ACTUALIZAR PAGOS · AUTO] 🚀 PASO: LoginSemytPaso
[ACTUALIZAR PAGOS · AUTO] ==================================================
[ACTUALIZAR PAGOS · AUTO] Abriendo SEMyT...
[ACTUALIZAR PAGOS · AUTO] ✅ [SEMyT] Sesión existente detectada. Login omitido.
[ACTUALIZAR PAGOS · AUTO] ✅ LoginSemytPaso finalizado. (⏱ 4.3s)
[ACTUALIZAR PAGOS · AUTO] ✓ [LoginSemytPaso] Completado.
[ACTUALIZAR PAGOS · AUTO] ▶ [LoginJuzgadoPaso] Iniciando...
[ACTUALIZAR PAGOS · AUTO] ==================================================
[ACTUALIZAR PAGOS · AUTO] 🚀 PASO: LoginJuzgadoPaso
[ACTUALIZAR PAGOS · AUTO] ==================================================
[ACTUALIZAR PAGOS · AUTO] Abriendo sitio municipalidad (CiDi)...
[ACTUALIZAR PAGOS · AUTO] ✅ [Juzgado] Sesión existente detectada. Login omitido.
[ACTUALIZAR PAGOS · AUTO] ✅ LoginJuzgadoPaso finalizado. (⏱ 2.0s)
[ACTUALIZAR PAGOS · AUTO] ✓ [LoginJuzgadoPaso] Completado.
[ACTUALIZAR PAGOS · AUTO] ▶ [DescargasParalelasPaso] Iniciando...
[ACTUALIZAR PAGOS · AUTO] ==================================================
[ACTUALIZAR PAGOS · AUTO] 🚀 PASO: DescargasParalelasPaso
[ACTUALIZAR PAGOS · AUTO] ==================================================
[ACTUALIZAR PAGOS · AUTO] 📤 Arrancando las 3 descargas en paralelo (mismo browser, páginas separadas)...
[ACTUALIZAR PAGOS · AUTO] Fecha Desde: 27/06/2024
[ACTUALIZAR PAGOS · AUTO] Fecha Hasta: 24/11/2025
[ACTUALIZAR PAGOS · AUTO] Fecha Desde: 25/11/2025
[ACTUALIZAR PAGOS · AUTO] Fecha Hasta: 20/07/2026
[ACTUALIZAR PAGOS · AUTO] Descargando Excel...
[ACTUALIZAR PAGOS · AUTO] Descargando Excel...
⏳ [Automático] Tocaba disparar 'pagos' pero ya hay una ejecución en curso (Actualizar pagos); esperando a que termine; se reintenta en breve sin perder el turno.
[ACTUALIZAR PAGOS · AUTO] Archivo descargado en: backend/descargas/cache_actas_cruce/MULTAS_JUZGADO_CRUCE.xlsx
[ACTUALIZAR PAGOS · AUTO] ⏱ [actas_juzgado] completado en 19.6s
[ACTUALIZAR PAGOS · AUTO] Archivo descargado en: backend/descargas/cache_actas_cruce/MULTAS_SIGEMI_CRUCE.xlsx
[ACTUALIZAR PAGOS · AUTO] ⏱ [actas_sigemi] completado en 40.7s
[ACTUALIZAR PAGOS · AUTO] ✅ TXT de pagos descargado en: backend/descargas/pagos/2026-07-20/PAGOS DESCARGADOS.txt
[ACTUALIZAR PAGOS · AUTO] ⏱ [pagos_txt] completado en 40.7s
[ACTUALIZAR PAGOS · AUTO] ⏱ TOTAL descargas en paralelo: 40.7s
[ACTUALIZAR PAGOS · AUTO] ✅ DescargasParalelasPaso finalizado. (⏱ 42.3s)
[ACTUALIZAR PAGOS · AUTO] ✓ [DescargasParalelasPaso] Completado.
[ACTUALIZAR PAGOS · AUTO] ▶ [CompararActasPaso] Iniciando...
[ACTUALIZAR PAGOS · AUTO] ==================================================
[ACTUALIZAR PAGOS · AUTO] 🚀 PASO: CompararActasPaso
[ACTUALIZAR PAGOS · AUTO] ==================================================
[ACTUALIZAR PAGOS · AUTO] 🔍 Comparando actas del SEMyT contra pagos del Juzgado...
[ACTUALIZAR PAGOS · AUTO] ================================================================================
[ACTUALIZAR PAGOS · AUTO] INICIANDO PROCESO DE GENERACIÓN DE PAGOS DESACTUALIZADOS
[ACTUALIZAR PAGOS · AUTO] ================================================================================
[ACTUALIZAR PAGOS · AUTO] 📂 Cargando archivos...
[ACTUALIZAR PAGOS · AUTO]   ✓ Pagos: 15456 registros
[ACTUALIZAR PAGOS · AUTO]   ✓ Excel SIGEMI (multas vencidas viejas): 104176 registros
[ACTUALIZAR PAGOS · AUTO]   ✓ Excel Juzgado (multas vencidas nuevas): 39514 registros
[ACTUALIZAR PAGOS · AUTO] ================================================================================
[ACTUALIZAR PAGOS · AUTO] PASO 1: LLENANDO ACTA_NUMERO (búsqueda por patente + fecha, con desempate por hora)
[ACTUALIZAR PAGOS · AUTO] ================================================================================
[ACTUALIZAR PAGOS · AUTO] 📊 ESTADÍSTICAS DE LLENADO DE ACTAS:
[ACTUALIZAR PAGOS · AUTO]   • Pagos con acta ORIGINAL: 2034
[ACTUALIZAR PAGOS · AUTO]   • Pagos SIN acta (buscados): 13422
[ACTUALIZAR PAGOS · AUTO]   • Pagos LLENADOS exitosamente: 5
[ACTUALIZAR PAGOS · AUTO]   • Pagos NO encontrados en multas: 13417
[ACTUALIZAR PAGOS · AUTO]   • Pagos SIN RESOLVER por desbalance de cantidades: 0
[ACTUALIZAR PAGOS · AUTO] ================================================================================
[ACTUALIZAR PAGOS · AUTO] PASO 1: LLENANDO ACTA_NUMERO (búsqueda por patente + fecha, con desempate por hora)
[ACTUALIZAR PAGOS · AUTO] ================================================================================
[ACTUALIZAR PAGOS · AUTO] 📊 ESTADÍSTICAS DE LLENADO DE ACTAS:
[ACTUALIZAR PAGOS · AUTO]   • Pagos con acta ORIGINAL: 2039
[ACTUALIZAR PAGOS · AUTO]   • Pagos SIN acta (buscados): 13417
[ACTUALIZAR PAGOS · AUTO]   • Pagos LLENADOS exitosamente: 0
[ACTUALIZAR PAGOS · AUTO]   • Pagos NO encontrados en multas: 13417
[ACTUALIZAR PAGOS · AUTO]   • Pagos SIN RESOLVER por desbalance de cantidades: 0
[ACTUALIZAR PAGOS · AUTO] ⏱ PASO 1 (llenar actas): 15.9s
[ACTUALIZAR PAGOS · AUTO] ================================================================================
[ACTUALIZAR PAGOS · AUTO] PASO 2: FILTRANDO PAGOS CON ACTA_NUMERO COMPLETO
[ACTUALIZAR PAGOS · AUTO] ================================================================================
[ACTUALIZAR PAGOS · AUTO] 📊 ESTADÍSTICAS DE FILTRADO:
[ACTUALIZAR PAGOS · AUTO]   • Pagos TOTALES al inicio: 15456
[ACTUALIZAR PAGOS · AUTO]   • Pagos CON acta (MANTIENEN): 2039
[ACTUALIZAR PAGOS · AUTO]   • Pagos RECHAZADOS (sin coincidencias): 13417
[ACTUALIZAR PAGOS · AUTO] ⚠️  Se eliminaron 13417 registros sin número de acta
[ACTUALIZAR PAGOS · AUTO]      (recordá: esto incluye tanto pagos ya actualizados/pagados
[ACTUALIZAR PAGOS · AUTO]       como pagos que quedaron sin resolver por desbalance en el Paso 1)
[ACTUALIZAR PAGOS · AUTO] ================================================================================
[ACTUALIZAR PAGOS · AUTO] PASO 2-bis: CONFIRMANDO VIGENCIA DE PAGOS DEL SISTEMA NUEVO (contra MULTAS_JUZGADO_CRUCE)
[ACTUALIZAR PAGOS · AUTO] ================================================================================
[ACTUALIZAR PAGOS · AUTO]   ⚠ 2031 pago(s) del sistema nuevo descartados: su acta ya no figura como vencida en MULTAS_JUZGADO_CRUCE (SEMyT ya los actualizó).
[ACTUALIZAR PAGOS · AUTO]   • Pagos del sistema nuevo descartados por ya estar actualizados: 2031
[ACTUALIZAR PAGOS · AUTO] ⏱ PASO 2 (filtrar): 0.7s
[ACTUALIZAR PAGOS · AUTO] 📂 Cargando maestro de causas SIGEMI...
[ACTUALIZAR PAGOS · AUTO]   ✓ Causas totales (maestro): 134069 registros
[ACTUALIZAR PAGOS · AUTO] ⏱ PASO 2.5 (causas simplificado): 0.1s
[ACTUALIZAR PAGOS · AUTO] ================================================================================
[ACTUALIZAR PAGOS · AUTO] PASO 2.5: ARMANDO causas.txt SIMPLIFICADO (cruce contra total_causas_sigemi.txt)
[ACTUALIZAR PAGOS · AUTO] ================================================================================
[ACTUALIZAR PAGOS · AUTO]   • Actas vencidas viejas (multas): 104176
[ACTUALIZAR PAGOS · AUTO]   • Causas totales en el maestro SIGEMI: 134069
[ACTUALIZAR PAGOS · AUTO]   • Causas que coinciden (simplificado): 103845
[ACTUALIZAR PAGOS · AUTO]   ✅ Archivo escrito: backend/descargas/causas/causas.txt
[ACTUALIZAR PAGOS · AUTO] ⏱ PASO 2.5 (causas simplificado): 2.5s
[ACTUALIZAR PAGOS · AUTO] ================================================================================
[ACTUALIZAR PAGOS · AUTO] PASO 3: LLENANDO CAUSA_NUMERO (según fecha de cambio de sistema, cruzando por acta + año)
[ACTUALIZAR PAGOS · AUTO] ================================================================================
[ACTUALIZAR PAGOS · AUTO] 📊 ESTADÍSTICAS DE LLENADO DE CAUSAS:
[ACTUALIZAR PAGOS · AUTO]   • Pagos con causa ORIGINAL: 3
[ACTUALIZAR PAGOS · AUTO]   • Causas encontradas en SIGEMI (actas viejas): 5
[ACTUALIZAR PAGOS · AUTO]   • Causas NO encontradas en SIGEMI: 0
[ACTUALIZAR PAGOS · AUTO]   • Causas asignadas automáticamente (actas nuevas): 0
[ACTUALIZAR PAGOS · AUTO] ⏱ PASO 3 (llenar causas): 0.0s
[ACTUALIZAR PAGOS · AUTO] ================================================================================
[ACTUALIZAR PAGOS · AUTO] PASO 4: ORDENANDO POR FECHA Y ACTA_NUMERO
[ACTUALIZAR PAGOS · AUTO] ================================================================================
[ACTUALIZAR PAGOS · AUTO] ✓ Pagos ordenados correctamente
[ACTUALIZAR PAGOS · AUTO]   • Primera entrada: Acta=3585, Fecha=02/07/2024
[ACTUALIZAR PAGOS · AUTO]   • Última entrada: Acta=285538, Fecha=26/03/2026
[ACTUALIZAR PAGOS · AUTO] 📝 Escribiendo archivo de salida...
[ACTUALIZAR PAGOS · AUTO]   ✅ Archivo escrito: backend/descargas/pagos/2026-07-20/PAGOS 20260720 183519.txt
[ACTUALIZAR PAGOS · AUTO]   ✅ Total registros: 1006
[ACTUALIZAR PAGOS · AUTO] ⏱ PASO 4 (ordenar y escribir): 0.0s
[ACTUALIZAR PAGOS · AUTO] ================================================================================
[ACTUALIZAR PAGOS · AUTO] ✅ PROCESO COMPLETADO EXITOSAMENTE
[ACTUALIZAR PAGOS · AUTO] ================================================================================
[ACTUALIZAR PAGOS · AUTO] 📊 RESUMEN FINAL DEL PROCESAMIENTO:
[ACTUALIZAR PAGOS · AUTO]   ENTRADA:
[ACTUALIZAR PAGOS · AUTO]     • Pagos originales: 15456
[ACTUALIZAR PAGOS · AUTO]     • Multas SIGEMI cargadas: 104176
[ACTUALIZAR PAGOS · AUTO]     • Multas Juzgado cargadas: 39514
[ACTUALIZAR PAGOS · AUTO]     • Causas simplificadas (usadas para el cruce): 103845
[ACTUALIZAR PAGOS · AUTO]   PROCESO:
[ACTUALIZAR PAGOS · AUTO]     • Pagos rechazados sigemi: 13417
[ACTUALIZAR PAGOS · AUTO]     • Pagos rechazados juzgado: 2031
[ACTUALIZAR PAGOS · AUTO]   SALIDA:
[ACTUALIZAR PAGOS · AUTO]     • Pagos desactualizados procesados: 8
[ACTUALIZAR PAGOS · AUTO]     • Archivo final: backend/descargas/pagos/2026-07-20/PAGOS 20260720 183519.txt
[ACTUALIZAR PAGOS · AUTO]     • Ordenados por fecha: SÍ ✓
[ACTUALIZAR PAGOS · AUTO]     • Todos con ACTA_NUMERO: SÍ ✓
[ACTUALIZAR PAGOS · AUTO]     • Todos con CAUSA_NUMERO: SÍ ✓
[ACTUALIZAR PAGOS · AUTO] ✅ TXT de pagos (ya cruzado con actas y causas) generado en: backend/descargas/pagos/2026-07-20/PAGOS 20260720 183519.txt
[ACTUALIZAR PAGOS · AUTO] 🧹 TXT de pagos crudo eliminado (ya usado en el cruce): backend/descargas/pagos/2026-07-20/PAGOS DESCARGADOS.txt
[ACTUALIZAR PAGOS · AUTO] 🧹 Excel MULTAS_SIGEMI_CRUCE eliminado (ya usado en el cruce): backend/descargas/cache_actas_cruce/MULTAS_SIGEMI_CRUCE.xlsx
[ACTUALIZAR PAGOS · AUTO] 🧹 Excel MULTAS_JUZGADO_CRUCE eliminado (ya usado en el cruce): backend/descargas/cache_actas_cruce/MULTAS_JUZGADO_CRUCE.xlsx
[ACTUALIZAR PAGOS · AUTO] ✅ CompararActasPaso finalizado. (⏱ 47.1s)
[ACTUALIZAR PAGOS · AUTO] ✓ [CompararActasPaso] Completado.
[ACTUALIZAR PAGOS · AUTO] ▶ [CargarPagosPaso] Iniciando...
[ACTUALIZAR PAGOS · AUTO] ==================================================
[ACTUALIZAR PAGOS · AUTO] 🚀 PASO: CargarPagosPaso
[ACTUALIZAR PAGOS · AUTO] ==================================================
[ACTUALIZAR PAGOS · AUTO] 📤 Subiendo TXT de pagos al SEMyT...
[ACTUALIZAR PAGOS · AUTO] ✅ Importación de pagos completada con éxito.
[ACTUALIZAR PAGOS · AUTO] ✅ Archivo TXT de pagos cargado en el SEMyT correctamente.
[ACTUALIZAR PAGOS · AUTO] ✅ CargarPagosPaso finalizado. (⏱ 2.3s)
[ACTUALIZAR PAGOS · AUTO] ✓ [CargarPagosPaso] Completado.
[ACTUALIZAR PAGOS · AUTO] === Ejecución finalizada con éxito ===
🤖 [Automático] Es hora de actualizar pagos. Arrancando...
[ACTUALIZAR PAGOS · AUTO] === Inicio de ejecución: pagos ===
[ACTUALIZAR PAGOS · AUTO] ▶ [LoginSemytPaso] Iniciando...
[ACTUALIZAR PAGOS · AUTO] ==================================================
[ACTUALIZAR PAGOS · AUTO] 🚀 PASO: LoginSemytPaso
[ACTUALIZAR PAGOS · AUTO] ==================================================
[ACTUALIZAR PAGOS · AUTO] Abriendo SEMyT...
[ACTUALIZAR PAGOS · AUTO] ✅ [SEMyT] Sesión existente detectada. Login omitido.
[ACTUALIZAR PAGOS · AUTO] ✅ LoginSemytPaso finalizado. (⏱ 4.5s)
[ACTUALIZAR PAGOS · AUTO] ✓ [LoginSemytPaso] Completado.
[ACTUALIZAR PAGOS · AUTO] ▶ [LoginJuzgadoPaso] Iniciando...
[ACTUALIZAR PAGOS · AUTO] ==================================================
[ACTUALIZAR PAGOS · AUTO] 🚀 PASO: LoginJuzgadoPaso
[ACTUALIZAR PAGOS · AUTO] ==================================================
[ACTUALIZAR PAGOS · AUTO] Abriendo sitio municipalidad (CiDi)...
[ACTUALIZAR PAGOS · AUTO] ✅ [Juzgado] Sesión existente detectada. Login omitido.
[ACTUALIZAR PAGOS · AUTO] ✅ LoginJuzgadoPaso finalizado. (⏱ 1.8s)
[ACTUALIZAR PAGOS · AUTO] ✓ [LoginJuzgadoPaso] Completado.
[ACTUALIZAR PAGOS · AUTO] ▶ [DescargasParalelasPaso] Iniciando...
[ACTUALIZAR PAGOS · AUTO] ==================================================
[ACTUALIZAR PAGOS · AUTO] 🚀 PASO: DescargasParalelasPaso
[ACTUALIZAR PAGOS · AUTO] ==================================================
[ACTUALIZAR PAGOS · AUTO] 📤 Arrancando las 3 descargas en paralelo (mismo browser, páginas separadas)...
[ACTUALIZAR PAGOS · AUTO] Fecha Desde: 27/06/2024
[ACTUALIZAR PAGOS · AUTO] Fecha Hasta: 24/11/2025
[ACTUALIZAR PAGOS · AUTO] Fecha Desde: 25/11/2025
[ACTUALIZAR PAGOS · AUTO] Fecha Hasta: 20/07/2026
[ACTUALIZAR PAGOS · AUTO] Descargando Excel...
[ACTUALIZAR PAGOS · AUTO] Descargando Excel...
⏳ [Automático] Tocaba disparar 'pagos' pero ya hay una ejecución en curso (Actualizar pagos); esperando a que termine; se reintenta en breve sin perder el turno.
[ACTUALIZAR PAGOS · AUTO] Archivo descargado en: backend/descargas/cache_actas_cruce/MULTAS_JUZGADO_CRUCE.xlsx
[ACTUALIZAR PAGOS · AUTO] ⏱ [actas_juzgado] completado en 18.4s
[ACTUALIZAR PAGOS · AUTO] Archivo descargado en: backend/descargas/cache_actas_cruce/MULTAS_SIGEMI_CRUCE.xlsx
[ACTUALIZAR PAGOS · AUTO] ⏱ [actas_sigemi] completado en 37.2s
[ACTUALIZAR PAGOS · AUTO] ✅ TXT de pagos descargado en: backend/descargas/pagos/2026-07-20/PAGOS DESCARGADOS.txt
[ACTUALIZAR PAGOS · AUTO] ⏱ [pagos_txt] completado en 37.3s
[ACTUALIZAR PAGOS · AUTO] ⏱ TOTAL descargas en paralelo: 37.3s
[ACTUALIZAR PAGOS · AUTO] ✅ DescargasParalelasPaso finalizado. (⏱ 38.9s)
[ACTUALIZAR PAGOS · AUTO] ✓ [DescargasParalelasPaso] Completado.
[ACTUALIZAR PAGOS · AUTO] ▶ [CompararActasPaso] Iniciando...
[ACTUALIZAR PAGOS · AUTO] ==================================================
[ACTUALIZAR PAGOS · AUTO] 🚀 PASO: CompararActasPaso
[ACTUALIZAR PAGOS · AUTO] ==================================================
[ACTUALIZAR PAGOS · AUTO] 🔍 Comparando actas del SEMyT contra pagos del Juzgado...
[ACTUALIZAR PAGOS · AUTO] ================================================================================
[ACTUALIZAR PAGOS · AUTO] INICIANDO PROCESO DE GENERACIÓN DE PAGOS DESACTUALIZADOS
[ACTUALIZAR PAGOS · AUTO] ================================================================================
[ACTUALIZAR PAGOS · AUTO] 📂 Cargando archivos...
[ACTUALIZAR PAGOS · AUTO]   ✓ Pagos: 15457 registros
[ACTUALIZAR PAGOS · AUTO]   ✓ Excel SIGEMI (multas vencidas viejas): 104171 registros
[ACTUALIZAR PAGOS · AUTO]   ✓ Excel Juzgado (multas vencidas nuevas): 39511 registros
[ACTUALIZAR PAGOS · AUTO] ================================================================================
[ACTUALIZAR PAGOS · AUTO] PASO 1: LLENANDO ACTA_NUMERO (búsqueda por patente + fecha, con desempate por hora)
[ACTUALIZAR PAGOS · AUTO] ================================================================================
[ACTUALIZAR PAGOS · AUTO] 📊 ESTADÍSTICAS DE LLENADO DE ACTAS:
[ACTUALIZAR PAGOS · AUTO]   • Pagos con acta ORIGINAL: 2034
[ACTUALIZAR PAGOS · AUTO]   • Pagos SIN acta (buscados): 13423
[ACTUALIZAR PAGOS · AUTO]   • Pagos LLENADOS exitosamente: 1
[ACTUALIZAR PAGOS · AUTO]   • Pagos NO encontrados en multas: 13422
[ACTUALIZAR PAGOS · AUTO]   • Pagos SIN RESOLVER por desbalance de cantidades: 0
[ACTUALIZAR PAGOS · AUTO] ================================================================================
[ACTUALIZAR PAGOS · AUTO] PASO 1: LLENANDO ACTA_NUMERO (búsqueda por patente + fecha, con desempate por hora)
[ACTUALIZAR PAGOS · AUTO] ================================================================================
[ACTUALIZAR PAGOS · AUTO] 📊 ESTADÍSTICAS DE LLENADO DE ACTAS:
[ACTUALIZAR PAGOS · AUTO]   • Pagos con acta ORIGINAL: 2035
[ACTUALIZAR PAGOS · AUTO]   • Pagos SIN acta (buscados): 13422
[ACTUALIZAR PAGOS · AUTO]   • Pagos LLENADOS exitosamente: 0
[ACTUALIZAR PAGOS · AUTO]   • Pagos NO encontrados en multas: 13422
[ACTUALIZAR PAGOS · AUTO]   • Pagos SIN RESOLVER por desbalance de cantidades: 0
[ACTUALIZAR PAGOS · AUTO] ⏱ PASO 1 (llenar actas): 17.2s
[ACTUALIZAR PAGOS · AUTO] ================================================================================
[ACTUALIZAR PAGOS · AUTO] PASO 2: FILTRANDO PAGOS CON ACTA_NUMERO COMPLETO
[ACTUALIZAR PAGOS · AUTO] ================================================================================
[ACTUALIZAR PAGOS · AUTO] 📊 ESTADÍSTICAS DE FILTRADO:
[ACTUALIZAR PAGOS · AUTO]   • Pagos TOTALES al inicio: 15457
[ACTUALIZAR PAGOS · AUTO]   • Pagos CON acta (MANTIENEN): 2035
[ACTUALIZAR PAGOS · AUTO]   • Pagos RECHAZADOS (sin coincidencias): 13422
[ACTUALIZAR PAGOS · AUTO] ⚠️  Se eliminaron 13422 registros sin número de acta
[ACTUALIZAR PAGOS · AUTO]      (recordá: esto incluye tanto pagos ya actualizados/pagados
[ACTUALIZAR PAGOS · AUTO]       como pagos que quedaron sin resolver por desbalance en el Paso 1)
[ACTUALIZAR PAGOS · AUTO] ================================================================================
[ACTUALIZAR PAGOS · AUTO] PASO 2-bis: CONFIRMANDO VIGENCIA DE PAGOS DEL SISTEMA NUEVO (contra MULTAS_JUZGADO_CRUCE)
[ACTUALIZAR PAGOS · AUTO] ================================================================================
[ACTUALIZAR PAGOS · AUTO]   ⚠ 2034 pago(s) del sistema nuevo descartados: su acta ya no figura como vencida en MULTAS_JUZGADO_CRUCE (SEMyT ya los actualizó).
[ACTUALIZAR PAGOS · AUTO]   • Pagos del sistema nuevo descartados por ya estar actualizados: 2034
[ACTUALIZAR PAGOS · AUTO] ⏱ PASO 2 (filtrar): 1.0s
[ACTUALIZAR PAGOS · AUTO] 📂 Cargando maestro de causas SIGEMI...
[ACTUALIZAR PAGOS · AUTO]   ✓ Causas totales (maestro): 134069 registros
[ACTUALIZAR PAGOS · AUTO] ⏱ PASO 2.5 (causas simplificado): 0.2s
[ACTUALIZAR PAGOS · AUTO] ================================================================================
[ACTUALIZAR PAGOS · AUTO] PASO 2.5: ARMANDO causas.txt SIMPLIFICADO (cruce contra total_causas_sigemi.txt)
[ACTUALIZAR PAGOS · AUTO] ================================================================================
[ACTUALIZAR PAGOS · AUTO]   • Actas vencidas viejas (multas): 104171
[ACTUALIZAR PAGOS · AUTO]   • Causas totales en el maestro SIGEMI: 134069
[ACTUALIZAR PAGOS · AUTO]   • Causas que coinciden (simplificado): 103840
[ACTUALIZAR PAGOS · AUTO]   ✅ Archivo escrito: backend/descargas/causas/causas.txt
[ACTUALIZAR PAGOS · AUTO] ⏱ PASO 2.5 (causas simplificado): 3.0s
[ACTUALIZAR PAGOS · AUTO] ================================================================================
[ACTUALIZAR PAGOS · AUTO] PASO 3: LLENANDO CAUSA_NUMERO (según fecha de cambio de sistema, cruzando por acta + año)
[ACTUALIZAR PAGOS · AUTO] ================================================================================
[ACTUALIZAR PAGOS · AUTO] 📊 ESTADÍSTICAS DE LLENADO DE CAUSAS:
[ACTUALIZAR PAGOS · AUTO]   • Pagos con causa ORIGINAL: 0
[ACTUALIZAR PAGOS · AUTO]   • Causas encontradas en SIGEMI (actas viejas): 1
[ACTUALIZAR PAGOS · AUTO]   • Causas NO encontradas en SIGEMI: 0
[ACTUALIZAR PAGOS · AUTO]   • Causas asignadas automáticamente (actas nuevas): 0
[ACTUALIZAR PAGOS · AUTO] ⏱ PASO 3 (llenar causas): 0.0s
[ACTUALIZAR PAGOS · AUTO] ================================================================================
[ACTUALIZAR PAGOS · AUTO] PASO 4: ORDENANDO POR FECHA Y ACTA_NUMERO
[ACTUALIZAR PAGOS · AUTO] ================================================================================
[ACTUALIZAR PAGOS · AUTO] ✓ Pagos ordenados correctamente
[ACTUALIZAR PAGOS · AUTO]   • Primera entrada: Acta=120635, Fecha=10/03/2025
[ACTUALIZAR PAGOS · AUTO]   • Última entrada: Acta=120635, Fecha=10/03/2025
[ACTUALIZAR PAGOS · AUTO] 📝 Escribiendo archivo de salida...
[ACTUALIZAR PAGOS · AUTO]   ✅ Archivo escrito: backend/descargas/pagos/2026-07-20/PAGOS 20260720 184704.txt
[ACTUALIZAR PAGOS · AUTO]   ✅ Total registros: 257
[ACTUALIZAR PAGOS · AUTO] ⏱ PASO 4 (ordenar y escribir): 0.0s
[ACTUALIZAR PAGOS · AUTO] ================================================================================
[ACTUALIZAR PAGOS · AUTO] ✅ PROCESO COMPLETADO EXITOSAMENTE
[ACTUALIZAR PAGOS · AUTO] ================================================================================
[ACTUALIZAR PAGOS · AUTO] 📊 RESUMEN FINAL DEL PROCESAMIENTO:
[ACTUALIZAR PAGOS · AUTO]   ENTRADA:
[ACTUALIZAR PAGOS · AUTO]     • Pagos originales: 15457
[ACTUALIZAR PAGOS · AUTO]     • Multas SIGEMI cargadas: 104171
[ACTUALIZAR PAGOS · AUTO]     • Multas Juzgado cargadas: 39511
[ACTUALIZAR PAGOS · AUTO]     • Causas simplificadas (usadas para el cruce): 103840
[ACTUALIZAR PAGOS · AUTO]   PROCESO:
[ACTUALIZAR PAGOS · AUTO]     • Pagos rechazados sigemi: 13422
[ACTUALIZAR PAGOS · AUTO]     • Pagos rechazados juzgado: 2034
[ACTUALIZAR PAGOS · AUTO]   SALIDA:
[ACTUALIZAR PAGOS · AUTO]     • Pagos desactualizados procesados: 1
[ACTUALIZAR PAGOS · AUTO]     • Archivo final: backend/descargas/pagos/2026-07-20/PAGOS 20260720 184704.txt
[ACTUALIZAR PAGOS · AUTO]     • Ordenados por fecha: SÍ ✓
[ACTUALIZAR PAGOS · AUTO]     • Todos con ACTA_NUMERO: SÍ ✓
[ACTUALIZAR PAGOS · AUTO]     • Todos con CAUSA_NUMERO: SÍ ✓
[ACTUALIZAR PAGOS · AUTO] ✅ TXT de pagos (ya cruzado con actas y causas) generado en: backend/descargas/pagos/2026-07-20/PAGOS 20260720 184704.txt
[ACTUALIZAR PAGOS · AUTO] 🧹 TXT de pagos crudo eliminado (ya usado en el cruce): backend/descargas/pagos/2026-07-20/PAGOS DESCARGADOS.txt
[ACTUALIZAR PAGOS · AUTO] 🧹 Excel MULTAS_SIGEMI_CRUCE eliminado (ya usado en el cruce): backend/descargas/cache_actas_cruce/MULTAS_SIGEMI_CRUCE.xlsx
[ACTUALIZAR PAGOS · AUTO] 🧹 Excel MULTAS_JUZGADO_CRUCE eliminado (ya usado en el cruce): backend/descargas/cache_actas_cruce/MULTAS_JUZGADO_CRUCE.xlsx
[ACTUALIZAR PAGOS · AUTO] ✅ CompararActasPaso finalizado. (⏱ 48.1s)
[ACTUALIZAR PAGOS · AUTO] ✓ [CompararActasPaso] Completado.
[ACTUALIZAR PAGOS · AUTO] ▶ [CargarPagosPaso] Iniciando...
[ACTUALIZAR PAGOS · AUTO] ==================================================
[ACTUALIZAR PAGOS · AUTO] 🚀 PASO: CargarPagosPaso
[ACTUALIZAR PAGOS · AUTO] ==================================================
[ACTUALIZAR PAGOS · AUTO] 📤 Subiendo TXT de pagos al SEMyT...
[ACTUALIZAR PAGOS · AUTO] ✅ Importación de pagos completada con éxito.
[ACTUALIZAR PAGOS · AUTO] ✅ Archivo TXT de pagos cargado en el SEMyT correctamente.
[ACTUALIZAR PAGOS · AUTO] ✅ CargarPagosPaso finalizado. (⏱ 3.1s)
[ACTUALIZAR PAGOS · AUTO] ✓ [CargarPagosPaso] Completado.
[ACTUALIZAR PAGOS · AUTO] === Ejecución finalizada con éxito ===
🤖 [Automático] Es hora de actualizar pagos. Arrancando...
[ACTUALIZAR PAGOS · AUTO] === Inicio de ejecución: pagos ===
[ACTUALIZAR PAGOS · AUTO] ▶ [LoginSemytPaso] Iniciando...
[ACTUALIZAR PAGOS · AUTO] ==================================================
[ACTUALIZAR PAGOS · AUTO] 🚀 PASO: LoginSemytPaso
[ACTUALIZAR PAGOS · AUTO] ==================================================
[ACTUALIZAR PAGOS · AUTO] Abriendo SEMyT...
[ACTUALIZAR PAGOS · AUTO] ✅ [SEMyT] Sesión existente detectada. Login omitido.
[ACTUALIZAR PAGOS · AUTO] ✅ LoginSemytPaso finalizado. (⏱ 4.3s)
[ACTUALIZAR PAGOS · AUTO] ✓ [LoginSemytPaso] Completado.
[ACTUALIZAR PAGOS · AUTO] ▶ [LoginJuzgadoPaso] Iniciando...
[ACTUALIZAR PAGOS · AUTO] ==================================================
[ACTUALIZAR PAGOS · AUTO] 🚀 PASO: LoginJuzgadoPaso
[ACTUALIZAR PAGOS · AUTO] ==================================================
[ACTUALIZAR PAGOS · AUTO] Abriendo sitio municipalidad (CiDi)...
[ACTUALIZAR PAGOS · AUTO] ✅ [Juzgado] Sesión existente detectada. Login omitido.
[ACTUALIZAR PAGOS · AUTO] ✅ LoginJuzgadoPaso finalizado. (⏱ 1.3s)
[ACTUALIZAR PAGOS · AUTO] ✓ [LoginJuzgadoPaso] Completado.
[ACTUALIZAR PAGOS · AUTO] ▶ [DescargasParalelasPaso] Iniciando...
[ACTUALIZAR PAGOS · AUTO] ==================================================
[ACTUALIZAR PAGOS · AUTO] 🚀 PASO: DescargasParalelasPaso
[ACTUALIZAR PAGOS · AUTO] ==================================================
[ACTUALIZAR PAGOS · AUTO] 📤 Arrancando las 3 descargas en paralelo (mismo browser, páginas separadas)...
[ACTUALIZAR PAGOS · AUTO] Fecha Desde: 27/06/2024
[ACTUALIZAR PAGOS · AUTO] Fecha Hasta: 24/11/2025
[ACTUALIZAR PAGOS · AUTO] Fecha Desde: 25/11/2025
[ACTUALIZAR PAGOS · AUTO] Fecha Hasta: 20/07/2026
[ACTUALIZAR PAGOS · AUTO] Descargando Excel...
[ACTUALIZAR PAGOS · AUTO] Descargando Excel...
⏳ [Automático] Tocaba disparar 'pagos' pero ya hay una ejecución en curso (Actualizar pagos); esperando a que termine; se reintenta en breve sin perder el turno.
[ACTUALIZAR PAGOS · AUTO] Archivo descargado en: backend/descargas/cache_actas_cruce/MULTAS_JUZGADO_CRUCE.xlsx
[ACTUALIZAR PAGOS · AUTO] ⏱ [actas_juzgado] completado en 18.8s
[ACTUALIZAR PAGOS · AUTO] Archivo descargado en: backend/descargas/cache_actas_cruce/MULTAS_SIGEMI_CRUCE.xlsx
[ACTUALIZAR PAGOS · AUTO] ⏱ [actas_sigemi] completado en 41.3s
[ACTUALIZAR PAGOS · AUTO] ✅ TXT de pagos descargado en: backend/descargas/pagos/2026-07-20/PAGOS DESCARGADOS.txt
[ACTUALIZAR PAGOS · AUTO] ⏱ [pagos_txt] completado en 41.4s
[ACTUALIZAR PAGOS · AUTO] ⏱ TOTAL descargas en paralelo: 41.4s
[ACTUALIZAR PAGOS · AUTO] ✅ DescargasParalelasPaso finalizado. (⏱ 42.9s)
[ACTUALIZAR PAGOS · AUTO] ✓ [DescargasParalelasPaso] Completado.
[ACTUALIZAR PAGOS · AUTO] ▶ [CompararActasPaso] Iniciando...
[ACTUALIZAR PAGOS · AUTO] ==================================================
[ACTUALIZAR PAGOS · AUTO] 🚀 PASO: CompararActasPaso
[ACTUALIZAR PAGOS · AUTO] ==================================================
[ACTUALIZAR PAGOS · AUTO] 🔍 Comparando actas del SEMyT contra pagos del Juzgado...
[ACTUALIZAR PAGOS · AUTO] ================================================================================
[ACTUALIZAR PAGOS · AUTO] INICIANDO PROCESO DE GENERACIÓN DE PAGOS DESACTUALIZADOS
[ACTUALIZAR PAGOS · AUTO] ================================================================================
[ACTUALIZAR PAGOS · AUTO] 📂 Cargando archivos...
[ACTUALIZAR PAGOS · AUTO]   ✓ Pagos: 15457 registros
[ACTUALIZAR PAGOS · AUTO]   ✓ Excel SIGEMI (multas vencidas viejas): 104170 registros
[ACTUALIZAR PAGOS · AUTO]   ✓ Excel Juzgado (multas vencidas nuevas): 39511 registros
[ACTUALIZAR PAGOS · AUTO] ================================================================================
[ACTUALIZAR PAGOS · AUTO] PASO 1: LLENANDO ACTA_NUMERO (búsqueda por patente + fecha, con desempate por hora)
[ACTUALIZAR PAGOS · AUTO] ================================================================================
[ACTUALIZAR PAGOS · AUTO] 📊 ESTADÍSTICAS DE LLENADO DE ACTAS:
[ACTUALIZAR PAGOS · AUTO]   • Pagos con acta ORIGINAL: 2034
[ACTUALIZAR PAGOS · AUTO]   • Pagos SIN acta (buscados): 13423
[ACTUALIZAR PAGOS · AUTO]   • Pagos LLENADOS exitosamente: 0
[ACTUALIZAR PAGOS · AUTO]   • Pagos NO encontrados en multas: 13423
[ACTUALIZAR PAGOS · AUTO]   • Pagos SIN RESOLVER por desbalance de cantidades: 0
[ACTUALIZAR PAGOS · AUTO] ================================================================================
[ACTUALIZAR PAGOS · AUTO] PASO 1: LLENANDO ACTA_NUMERO (búsqueda por patente + fecha, con desempate por hora)
[ACTUALIZAR PAGOS · AUTO] ================================================================================
[ACTUALIZAR PAGOS · AUTO] 📊 ESTADÍSTICAS DE LLENADO DE ACTAS:
[ACTUALIZAR PAGOS · AUTO]   • Pagos con acta ORIGINAL: 2034
[ACTUALIZAR PAGOS · AUTO]   • Pagos SIN acta (buscados): 13423
[ACTUALIZAR PAGOS · AUTO]   • Pagos LLENADOS exitosamente: 0
[ACTUALIZAR PAGOS · AUTO]   • Pagos NO encontrados en multas: 13423
[ACTUALIZAR PAGOS · AUTO]   • Pagos SIN RESOLVER por desbalance de cantidades: 0
[ACTUALIZAR PAGOS · AUTO] ⏱ PASO 1 (llenar actas): 18.7s
[ACTUALIZAR PAGOS · AUTO] ================================================================================
[ACTUALIZAR PAGOS · AUTO] PASO 2: FILTRANDO PAGOS CON ACTA_NUMERO COMPLETO
[ACTUALIZAR PAGOS · AUTO] ================================================================================
[ACTUALIZAR PAGOS · AUTO] 📊 ESTADÍSTICAS DE FILTRADO:
[ACTUALIZAR PAGOS · AUTO]   • Pagos TOTALES al inicio: 15457
[ACTUALIZAR PAGOS · AUTO]   • Pagos CON acta (MANTIENEN): 2034
[ACTUALIZAR PAGOS · AUTO]   • Pagos RECHAZADOS (sin coincidencias): 13423
[ACTUALIZAR PAGOS · AUTO] ⚠️  Se eliminaron 13423 registros sin número de acta
[ACTUALIZAR PAGOS · AUTO]      (recordá: esto incluye tanto pagos ya actualizados/pagados
[ACTUALIZAR PAGOS · AUTO]       como pagos que quedaron sin resolver por desbalance en el Paso 1)
[ACTUALIZAR PAGOS · AUTO] ================================================================================
[ACTUALIZAR PAGOS · AUTO] PASO 2-bis: CONFIRMANDO VIGENCIA DE PAGOS DEL SISTEMA NUEVO (contra MULTAS_JUZGADO_CRUCE)
[ACTUALIZAR PAGOS · AUTO] ================================================================================
[ACTUALIZAR PAGOS · AUTO]   ⚠ 2034 pago(s) del sistema nuevo descartados: su acta ya no figura como vencida en MULTAS_JUZGADO_CRUCE (SEMyT ya los actualizó).
[ACTUALIZAR PAGOS · AUTO]   • Pagos del sistema nuevo descartados por ya estar actualizados: 2034
[ACTUALIZAR PAGOS · AUTO] ⏱ PASO 2 (filtrar): 0.6s
[ACTUALIZAR PAGOS · AUTO] 📂 Cargando maestro de causas SIGEMI...
[ACTUALIZAR PAGOS · AUTO]   ✓ Causas totales (maestro): 134069 registros
[ACTUALIZAR PAGOS · AUTO] ⏱ PASO 2.5 (causas simplificado): 0.1s
[ACTUALIZAR PAGOS · AUTO] ================================================================================
[ACTUALIZAR PAGOS · AUTO] PASO 2.5: ARMANDO causas.txt SIMPLIFICADO (cruce contra total_causas_sigemi.txt)
[ACTUALIZAR PAGOS · AUTO] ================================================================================
[ACTUALIZAR PAGOS · AUTO]   • Actas vencidas viejas (multas): 104170
[ACTUALIZAR PAGOS · AUTO]   • Causas totales en el maestro SIGEMI: 134069
[ACTUALIZAR PAGOS · AUTO]   • Causas que coinciden (simplificado): 103839
[ACTUALIZAR PAGOS · AUTO]   ✅ Archivo escrito: backend/descargas/causas/causas.txt
[ACTUALIZAR PAGOS · AUTO] ⏱ PASO 2.5 (causas simplificado): 2.8s
[ACTUALIZAR PAGOS · AUTO] ⚠️  NO HAY PAGOS CON ACTA_NUMERO PARA PROCESAR
[ACTUALIZAR PAGOS · AUTO] Creando archivo vacío...
[ACTUALIZAR PAGOS · AUTO] ✅ TXT de pagos (ya cruzado con actas y causas) generado en: backend/descargas/pagos/2026-07-20/PAGOS 20260720 185856.txt
[ACTUALIZAR PAGOS · AUTO] 🧹 TXT de pagos crudo eliminado (ya usado en el cruce): backend/descargas/pagos/2026-07-20/PAGOS DESCARGADOS.txt
[ACTUALIZAR PAGOS · AUTO] 🧹 Excel MULTAS_SIGEMI_CRUCE eliminado (ya usado en el cruce): backend/descargas/cache_actas_cruce/MULTAS_SIGEMI_CRUCE.xlsx
[ACTUALIZAR PAGOS · AUTO] 🧹 Excel MULTAS_JUZGADO_CRUCE eliminado (ya usado en el cruce): backend/descargas/cache_actas_cruce/MULTAS_JUZGADO_CRUCE.xlsx
[ACTUALIZAR PAGOS · AUTO] ✅ CompararActasPaso finalizado. (⏱ 52.6s)
[ACTUALIZAR PAGOS · AUTO] ✓ [CompararActasPaso] Completado.
[ACTUALIZAR PAGOS · AUTO] ▶ [CargarPagosPaso] Iniciando...
[ACTUALIZAR PAGOS · AUTO] ==================================================
[ACTUALIZAR PAGOS · AUTO] 🚀 PASO: CargarPagosPaso
[ACTUALIZAR PAGOS · AUTO] ==================================================
[ACTUALIZAR PAGOS · AUTO] ℹ No se encontraron pagos para actualizar (el TXT final no tiene registros).
[ACTUALIZAR PAGOS · AUTO] 🧹 TXT de pagos sin registros eliminado (nada para subir): backend/descargas/pagos/2026-07-20/PAGOS 20260720 185856.txt
[ACTUALIZAR PAGOS · AUTO] ⏭ Se omite la carga al SEMyT.
[ACTUALIZAR PAGOS · AUTO] ✅ CargarPagosPaso finalizado. (⏱ 0.0s)
[ACTUALIZAR PAGOS · AUTO] ✓ [CargarPagosPaso] Completado.
[ACTUALIZAR PAGOS · AUTO] === Ejecución finalizada con éxito ===
[ACTUALIZAR PAGOS · AUTO] ℹ No se subió ningún archivo a ningún sistema externo en esta corrida: por política, el log detallado no se conserva en disco.
🤖 [Automático] Es hora de actualizar pagos. Arrancando...
[ACTUALIZAR PAGOS · AUTO] === Inicio de ejecución: pagos ===
[ACTUALIZAR PAGOS · AUTO] ▶ [LoginSemytPaso] Iniciando...
[ACTUALIZAR PAGOS · AUTO] ==================================================
[ACTUALIZAR PAGOS · AUTO] 🚀 PASO: LoginSemytPaso
[ACTUALIZAR PAGOS · AUTO] ==================================================
[ACTUALIZAR PAGOS · AUTO] Abriendo SEMyT...
[ACTUALIZAR PAGOS · AUTO] ✅ [SEMyT] Sesión existente detectada. Login omitido.
[ACTUALIZAR PAGOS · AUTO] ✅ LoginSemytPaso finalizado. (⏱ 4.4s)
[ACTUALIZAR PAGOS · AUTO] ✓ [LoginSemytPaso] Completado.
[ACTUALIZAR PAGOS · AUTO] ▶ [LoginJuzgadoPaso] Iniciando...
[ACTUALIZAR PAGOS · AUTO] ==================================================
[ACTUALIZAR PAGOS · AUTO] 🚀 PASO: LoginJuzgadoPaso
[ACTUALIZAR PAGOS · AUTO] ==================================================
[ACTUALIZAR PAGOS · AUTO] Abriendo sitio municipalidad (CiDi)...
[ACTUALIZAR PAGOS · AUTO] ✅ [Juzgado] Sesión existente detectada. Login omitido.
[ACTUALIZAR PAGOS · AUTO] ✅ LoginJuzgadoPaso finalizado. (⏱ 2.3s)
[ACTUALIZAR PAGOS · AUTO] ✓ [LoginJuzgadoPaso] Completado.
[ACTUALIZAR PAGOS · AUTO] ▶ [DescargasParalelasPaso] Iniciando...
[ACTUALIZAR PAGOS · AUTO] ==================================================
[ACTUALIZAR PAGOS · AUTO] 🚀 PASO: DescargasParalelasPaso
[ACTUALIZAR PAGOS · AUTO] ==================================================
[ACTUALIZAR PAGOS · AUTO] 📤 Arrancando las 3 descargas en paralelo (mismo browser, páginas separadas)...
[ACTUALIZAR PAGOS · AUTO] Fecha Desde: 27/06/2024
[ACTUALIZAR PAGOS · AUTO] Fecha Hasta: 24/11/2025
[ACTUALIZAR PAGOS · AUTO] Fecha Desde: 25/11/2025
[ACTUALIZAR PAGOS · AUTO] Fecha Hasta: 20/07/2026
[ACTUALIZAR PAGOS · AUTO] Descargando Excel...
[ACTUALIZAR PAGOS · AUTO] Descargando Excel...
⏳ [Automático] Tocaba disparar 'pagos' pero ya hay una ejecución en curso (Actualizar pagos); esperando a que termine; se reintenta en breve sin perder el turno.
[ACTUALIZAR PAGOS · AUTO] Archivo descargado en: backend/descargas/cache_actas_cruce/MULTAS_JUZGADO_CRUCE.xlsx
[ACTUALIZAR PAGOS · AUTO] ⏱ [actas_juzgado] completado en 18.9s
[ACTUALIZAR PAGOS · AUTO] Archivo descargado en: backend/descargas/cache_actas_cruce/MULTAS_SIGEMI_CRUCE.xlsx
[ACTUALIZAR PAGOS · AUTO] ⏱ [actas_sigemi] completado en 42.8s
[ACTUALIZAR PAGOS · AUTO] ✅ TXT de pagos descargado en: backend/descargas/pagos/2026-07-20/PAGOS DESCARGADOS.txt
[ACTUALIZAR PAGOS · AUTO] ⏱ [pagos_txt] completado en 42.9s
[ACTUALIZAR PAGOS · AUTO] ⏱ TOTAL descargas en paralelo: 42.9s
[ACTUALIZAR PAGOS · AUTO] ✅ DescargasParalelasPaso finalizado. (⏱ 44.3s)
[ACTUALIZAR PAGOS · AUTO] ✓ [DescargasParalelasPaso] Completado.
[ACTUALIZAR PAGOS · AUTO] ▶ [CompararActasPaso] Iniciando...
[ACTUALIZAR PAGOS · AUTO] ==================================================
[ACTUALIZAR PAGOS · AUTO] 🚀 PASO: CompararActasPaso
[ACTUALIZAR PAGOS · AUTO] ==================================================
[ACTUALIZAR PAGOS · AUTO] 🔍 Comparando actas del SEMyT contra pagos del Juzgado...
[ACTUALIZAR PAGOS · AUTO] ================================================================================
[ACTUALIZAR PAGOS · AUTO] INICIANDO PROCESO DE GENERACIÓN DE PAGOS DESACTUALIZADOS
[ACTUALIZAR PAGOS · AUTO] ================================================================================
[ACTUALIZAR PAGOS · AUTO] 📂 Cargando archivos...
[ACTUALIZAR PAGOS · AUTO]   ✓ Pagos: 15459 registros
[ACTUALIZAR PAGOS · AUTO]   ✓ Excel SIGEMI (multas vencidas viejas): 104170 registros
[ACTUALIZAR PAGOS · AUTO]   ✓ Excel Juzgado (multas vencidas nuevas): 39511 registros
[ACTUALIZAR PAGOS · AUTO] ================================================================================
[ACTUALIZAR PAGOS · AUTO] PASO 1: LLENANDO ACTA_NUMERO (búsqueda por patente + fecha, con desempate por hora)
[ACTUALIZAR PAGOS · AUTO] ================================================================================
[ACTUALIZAR PAGOS · AUTO] 📊 ESTADÍSTICAS DE LLENADO DE ACTAS:
[ACTUALIZAR PAGOS · AUTO]   • Pagos con acta ORIGINAL: 2036
[ACTUALIZAR PAGOS · AUTO]   • Pagos SIN acta (buscados): 13423
[ACTUALIZAR PAGOS · AUTO]   • Pagos LLENADOS exitosamente: 0
[ACTUALIZAR PAGOS · AUTO]   • Pagos NO encontrados en multas: 13423
[ACTUALIZAR PAGOS · AUTO]   • Pagos SIN RESOLVER por desbalance de cantidades: 0
[ACTUALIZAR PAGOS · AUTO] ================================================================================
[ACTUALIZAR PAGOS · AUTO] PASO 1: LLENANDO ACTA_NUMERO (búsqueda por patente + fecha, con desempate por hora)
[ACTUALIZAR PAGOS · AUTO] ================================================================================
[ACTUALIZAR PAGOS · AUTO] 📊 ESTADÍSTICAS DE LLENADO DE ACTAS:
[ACTUALIZAR PAGOS · AUTO]   • Pagos con acta ORIGINAL: 2036
[ACTUALIZAR PAGOS · AUTO]   • Pagos SIN acta (buscados): 13423
[ACTUALIZAR PAGOS · AUTO]   • Pagos LLENADOS exitosamente: 0
[ACTUALIZAR PAGOS · AUTO]   • Pagos NO encontrados en multas: 13423
[ACTUALIZAR PAGOS · AUTO]   • Pagos SIN RESOLVER por desbalance de cantidades: 0
[ACTUALIZAR PAGOS · AUTO] ⏱ PASO 1 (llenar actas): 17.6s
[ACTUALIZAR PAGOS · AUTO] ================================================================================
[ACTUALIZAR PAGOS · AUTO] PASO 2: FILTRANDO PAGOS CON ACTA_NUMERO COMPLETO
[ACTUALIZAR PAGOS · AUTO] ================================================================================
[ACTUALIZAR PAGOS · AUTO] 📊 ESTADÍSTICAS DE FILTRADO:
[ACTUALIZAR PAGOS · AUTO]   • Pagos TOTALES al inicio: 15459
[ACTUALIZAR PAGOS · AUTO]   • Pagos CON acta (MANTIENEN): 2036
[ACTUALIZAR PAGOS · AUTO]   • Pagos RECHAZADOS (sin coincidencias): 13423
[ACTUALIZAR PAGOS · AUTO] ⚠️  Se eliminaron 13423 registros sin número de acta
[ACTUALIZAR PAGOS · AUTO]      (recordá: esto incluye tanto pagos ya actualizados/pagados
[ACTUALIZAR PAGOS · AUTO]       como pagos que quedaron sin resolver por desbalance en el Paso 1)
[ACTUALIZAR PAGOS · AUTO] ================================================================================
[ACTUALIZAR PAGOS · AUTO] PASO 2-bis: CONFIRMANDO VIGENCIA DE PAGOS DEL SISTEMA NUEVO (contra MULTAS_JUZGADO_CRUCE)
[ACTUALIZAR PAGOS · AUTO] ================================================================================
[ACTUALIZAR PAGOS · AUTO]   ⚠ 2034 pago(s) del sistema nuevo descartados: su acta ya no figura como vencida en MULTAS_JUZGADO_CRUCE (SEMyT ya los actualizó).
[ACTUALIZAR PAGOS · AUTO]   • Pagos del sistema nuevo descartados por ya estar actualizados: 2034
[ACTUALIZAR PAGOS · AUTO] ⏱ PASO 2 (filtrar): 1.0s
[ACTUALIZAR PAGOS · AUTO] 📂 Cargando maestro de causas SIGEMI...
[ACTUALIZAR PAGOS · AUTO]   ✓ Causas totales (maestro): 134069 registros
[ACTUALIZAR PAGOS · AUTO] ⏱ PASO 2.5 (causas simplificado): 0.1s
[ACTUALIZAR PAGOS · AUTO] ================================================================================
[ACTUALIZAR PAGOS · AUTO] PASO 2.5: ARMANDO causas.txt SIMPLIFICADO (cruce contra total_causas_sigemi.txt)
[ACTUALIZAR PAGOS · AUTO] ================================================================================
[ACTUALIZAR PAGOS · AUTO]   • Actas vencidas viejas (multas): 104170
[ACTUALIZAR PAGOS · AUTO]   • Causas totales en el maestro SIGEMI: 134069
[ACTUALIZAR PAGOS · AUTO]   • Causas que coinciden (simplificado): 103839
[ACTUALIZAR PAGOS · AUTO]   ✅ Archivo escrito: backend/descargas/causas/causas.txt
[ACTUALIZAR PAGOS · AUTO] ⏱ PASO 2.5 (causas simplificado): 2.6s
[ACTUALIZAR PAGOS · AUTO] ================================================================================
[ACTUALIZAR PAGOS · AUTO] PASO 3: LLENANDO CAUSA_NUMERO (según fecha de cambio de sistema, cruzando por acta + año)
[ACTUALIZAR PAGOS · AUTO] ================================================================================
[ACTUALIZAR PAGOS · AUTO] 📊 ESTADÍSTICAS DE LLENADO DE CAUSAS:
[ACTUALIZAR PAGOS · AUTO]   • Pagos con causa ORIGINAL: 2
[ACTUALIZAR PAGOS · AUTO]   • Causas encontradas en SIGEMI (actas viejas): 0
[ACTUALIZAR PAGOS · AUTO]   • Causas NO encontradas en SIGEMI: 0
[ACTUALIZAR PAGOS · AUTO]   • Causas asignadas automáticamente (actas nuevas): 0
[ACTUALIZAR PAGOS · AUTO] ⏱ PASO 3 (llenar causas): 0.0s
[ACTUALIZAR PAGOS · AUTO] ================================================================================
[ACTUALIZAR PAGOS · AUTO] PASO 4: ORDENANDO POR FECHA Y ACTA_NUMERO
[ACTUALIZAR PAGOS · AUTO] ================================================================================
[ACTUALIZAR PAGOS · AUTO] ✓ Pagos ordenados correctamente
[ACTUALIZAR PAGOS · AUTO]   • Primera entrada: Acta=248775, Fecha=22/12/2025
[ACTUALIZAR PAGOS · AUTO]   • Última entrada: Acta=257476, Fecha=19/01/2026
[ACTUALIZAR PAGOS · AUTO] 📝 Escribiendo archivo de salida...
[ACTUALIZAR PAGOS · AUTO]   ✅ Archivo escrito: backend/descargas/pagos/2026-07-20/PAGOS 20260720 191051.txt
[ACTUALIZAR PAGOS · AUTO]   ✅ Total registros: 373
[ACTUALIZAR PAGOS · AUTO] ⏱ PASO 4 (ordenar y escribir): 0.0s
[ACTUALIZAR PAGOS · AUTO] ================================================================================
[ACTUALIZAR PAGOS · AUTO] ✅ PROCESO COMPLETADO EXITOSAMENTE
[ACTUALIZAR PAGOS · AUTO] ================================================================================
[ACTUALIZAR PAGOS · AUTO] 📊 RESUMEN FINAL DEL PROCESAMIENTO:
[ACTUALIZAR PAGOS · AUTO]   ENTRADA:
[ACTUALIZAR PAGOS · AUTO]     • Pagos originales: 15459
[ACTUALIZAR PAGOS · AUTO]     • Multas SIGEMI cargadas: 104170
[ACTUALIZAR PAGOS · AUTO]     • Multas Juzgado cargadas: 39511
[ACTUALIZAR PAGOS · AUTO]     • Causas simplificadas (usadas para el cruce): 103839
[ACTUALIZAR PAGOS · AUTO]   PROCESO:
[ACTUALIZAR PAGOS · AUTO]     • Pagos rechazados sigemi: 13423
[ACTUALIZAR PAGOS · AUTO]     • Pagos rechazados juzgado: 2034
[ACTUALIZAR PAGOS · AUTO]   SALIDA:
[ACTUALIZAR PAGOS · AUTO]     • Pagos desactualizados procesados: 2
[ACTUALIZAR PAGOS · AUTO]     • Archivo final: backend/descargas/pagos/2026-07-20/PAGOS 20260720 191051.txt
[ACTUALIZAR PAGOS · AUTO]     • Ordenados por fecha: SÍ ✓
[ACTUALIZAR PAGOS · AUTO]     • Todos con ACTA_NUMERO: SÍ ✓
[ACTUALIZAR PAGOS · AUTO]     • Todos con CAUSA_NUMERO: SÍ ✓
[ACTUALIZAR PAGOS · AUTO] ✅ TXT de pagos (ya cruzado con actas y causas) generado en: backend/descargas/pagos/2026-07-20/PAGOS 20260720 191051.txt
[ACTUALIZAR PAGOS · AUTO] 🧹 TXT de pagos crudo eliminado (ya usado en el cruce): backend/descargas/pagos/2026-07-20/PAGOS DESCARGADOS.txt
[ACTUALIZAR PAGOS · AUTO] 🧹 Excel MULTAS_SIGEMI_CRUCE eliminado (ya usado en el cruce): backend/descargas/cache_actas_cruce/MULTAS_SIGEMI_CRUCE.xlsx
[ACTUALIZAR PAGOS · AUTO] 🧹 Excel MULTAS_JUZGADO_CRUCE eliminado (ya usado en el cruce): backend/descargas/cache_actas_cruce/MULTAS_JUZGADO_CRUCE.xlsx
[ACTUALIZAR PAGOS · AUTO] ✅ CompararActasPaso finalizado. (⏱ 49.5s)
[ACTUALIZAR PAGOS · AUTO] ✓ [CompararActasPaso] Completado.
[ACTUALIZAR PAGOS · AUTO] ▶ [CargarPagosPaso] Iniciando...
[ACTUALIZAR PAGOS · AUTO] ==================================================
[ACTUALIZAR PAGOS · AUTO] 🚀 PASO: CargarPagosPaso
[ACTUALIZAR PAGOS · AUTO] ==================================================
[ACTUALIZAR PAGOS · AUTO] 📤 Subiendo TXT de pagos al SEMyT...
[ACTUALIZAR PAGOS · AUTO] ✅ Importación de pagos completada con éxito.
[ACTUALIZAR PAGOS · AUTO] ✅ Archivo TXT de pagos cargado en el SEMyT correctamente.
[ACTUALIZAR PAGOS · AUTO] ✅ CargarPagosPaso finalizado. (⏱ 3.3s)
[ACTUALIZAR PAGOS · AUTO] ✓ [CargarPagosPaso] Completado.
[ACTUALIZAR PAGOS · AUTO] === Ejecución finalizada con éxito ===
🤖 [Automático] Es hora de actualizar pagos. Arrancando...
[ACTUALIZAR PAGOS · AUTO] === Inicio de ejecución: pagos ===
[ACTUALIZAR PAGOS · AUTO] ▶ [LoginSemytPaso] Iniciando...
[ACTUALIZAR PAGOS · AUTO] ==================================================
[ACTUALIZAR PAGOS · AUTO] 🚀 PASO: LoginSemytPaso
[ACTUALIZAR PAGOS · AUTO] ==================================================
[ACTUALIZAR PAGOS · AUTO] Abriendo SEMyT...
[ACTUALIZAR PAGOS · AUTO] ✅ [SEMyT] Sesión existente detectada. Login omitido.
[ACTUALIZAR PAGOS · AUTO] ✅ LoginSemytPaso finalizado. (⏱ 4.4s)
[ACTUALIZAR PAGOS · AUTO] ✓ [LoginSemytPaso] Completado.
[ACTUALIZAR PAGOS · AUTO] ▶ [LoginJuzgadoPaso] Iniciando...
[ACTUALIZAR PAGOS · AUTO] ==================================================
[ACTUALIZAR PAGOS · AUTO] 🚀 PASO: LoginJuzgadoPaso
[ACTUALIZAR PAGOS · AUTO] ==================================================
[ACTUALIZAR PAGOS · AUTO] Abriendo sitio municipalidad (CiDi)...
[ACTUALIZAR PAGOS · AUTO] ✅ [Juzgado] Sesión existente detectada. Login omitido.
[ACTUALIZAR PAGOS · AUTO] ✅ LoginJuzgadoPaso finalizado. (⏱ 2.5s)
[ACTUALIZAR PAGOS · AUTO] ✓ [LoginJuzgadoPaso] Completado.
[ACTUALIZAR PAGOS · AUTO] ▶ [DescargasParalelasPaso] Iniciando...
[ACTUALIZAR PAGOS · AUTO] ==================================================
[ACTUALIZAR PAGOS · AUTO] 🚀 PASO: DescargasParalelasPaso
[ACTUALIZAR PAGOS · AUTO] ==================================================
[ACTUALIZAR PAGOS · AUTO] 📤 Arrancando las 3 descargas en paralelo (mismo browser, páginas separadas)...
[ACTUALIZAR PAGOS · AUTO] Fecha Desde: 27/06/2024
[ACTUALIZAR PAGOS · AUTO] Fecha Hasta: 24/11/2025
[ACTUALIZAR PAGOS · AUTO] Fecha Desde: 25/11/2025
[ACTUALIZAR PAGOS · AUTO] Fecha Hasta: 20/07/2026
[ACTUALIZAR PAGOS · AUTO] Descargando Excel...
[ACTUALIZAR PAGOS · AUTO] Descargando Excel...
⏳ [Automático] Tocaba disparar 'pagos' pero ya hay una ejecución en curso (Actualizar pagos); esperando a que termine; se reintenta en breve sin perder el turno.
[ACTUALIZAR PAGOS · AUTO] Archivo descargado en: backend/descargas/cache_actas_cruce/MULTAS_JUZGADO_CRUCE.xlsx
[ACTUALIZAR PAGOS · AUTO] ⏱ [actas_juzgado] completado en 20.0s
[ACTUALIZAR PAGOS · AUTO] Archivo descargado en: backend/descargas/cache_actas_cruce/MULTAS_SIGEMI_CRUCE.xlsx
[ACTUALIZAR PAGOS · AUTO] ⏱ [actas_sigemi] completado en 43.3s
[ACTUALIZAR PAGOS · AUTO] ✅ TXT de pagos descargado en: backend/descargas/pagos/2026-07-20/PAGOS DESCARGADOS.txt
[ACTUALIZAR PAGOS · AUTO] ⏱ [pagos_txt] completado en 43.3s
[ACTUALIZAR PAGOS · AUTO] ⏱ TOTAL descargas en paralelo: 43.3s
[ACTUALIZAR PAGOS · AUTO] ✅ DescargasParalelasPaso finalizado. (⏱ 44.8s)
[ACTUALIZAR PAGOS · AUTO] ✓ [DescargasParalelasPaso] Completado.
[ACTUALIZAR PAGOS · AUTO] ▶ [CompararActasPaso] Iniciando...
[ACTUALIZAR PAGOS · AUTO] ==================================================
[ACTUALIZAR PAGOS · AUTO] 🚀 PASO: CompararActasPaso
[ACTUALIZAR PAGOS · AUTO] ==================================================
[ACTUALIZAR PAGOS · AUTO] 🔍 Comparando actas del SEMyT contra pagos del Juzgado...
[ACTUALIZAR PAGOS · AUTO] ================================================================================
[ACTUALIZAR PAGOS · AUTO] INICIANDO PROCESO DE GENERACIÓN DE PAGOS DESACTUALIZADOS
[ACTUALIZAR PAGOS · AUTO] ================================================================================
[ACTUALIZAR PAGOS · AUTO] 📂 Cargando archivos...
[ACTUALIZAR PAGOS · AUTO]   ✓ Pagos: 15465 registros
[ACTUALIZAR PAGOS · AUTO]   ✓ Excel SIGEMI (multas vencidas viejas): 104170 registros
[ACTUALIZAR PAGOS · AUTO]   ✓ Excel Juzgado (multas vencidas nuevas): 39509 registros
[ACTUALIZAR PAGOS · AUTO] ================================================================================
[ACTUALIZAR PAGOS · AUTO] PASO 1: LLENANDO ACTA_NUMERO (búsqueda por patente + fecha, con desempate por hora)
[ACTUALIZAR PAGOS · AUTO] ================================================================================
[ACTUALIZAR PAGOS · AUTO] 📊 ESTADÍSTICAS DE LLENADO DE ACTAS:
[ACTUALIZAR PAGOS · AUTO]   • Pagos con acta ORIGINAL: 2040
[ACTUALIZAR PAGOS · AUTO]   • Pagos SIN acta (buscados): 13425
[ACTUALIZAR PAGOS · AUTO]   • Pagos LLENADOS exitosamente: 2
[ACTUALIZAR PAGOS · AUTO]   • Pagos NO encontrados en multas: 13423
[ACTUALIZAR PAGOS · AUTO]   • Pagos SIN RESOLVER por desbalance de cantidades: 0
[ACTUALIZAR PAGOS · AUTO] ================================================================================
[ACTUALIZAR PAGOS · AUTO] PASO 1: LLENANDO ACTA_NUMERO (búsqueda por patente + fecha, con desempate por hora)
[ACTUALIZAR PAGOS · AUTO] ================================================================================
[ACTUALIZAR PAGOS · AUTO] 📊 ESTADÍSTICAS DE LLENADO DE ACTAS:
[ACTUALIZAR PAGOS · AUTO]   • Pagos con acta ORIGINAL: 2042
[ACTUALIZAR PAGOS · AUTO]   • Pagos SIN acta (buscados): 13423
[ACTUALIZAR PAGOS · AUTO]   • Pagos LLENADOS exitosamente: 0
[ACTUALIZAR PAGOS · AUTO]   • Pagos NO encontrados en multas: 13423
[ACTUALIZAR PAGOS · AUTO]   • Pagos SIN RESOLVER por desbalance de cantidades: 0
[ACTUALIZAR PAGOS · AUTO] ⏱ PASO 1 (llenar actas): 17.5s
[ACTUALIZAR PAGOS · AUTO] ================================================================================
[ACTUALIZAR PAGOS · AUTO] PASO 2: FILTRANDO PAGOS CON ACTA_NUMERO COMPLETO
[ACTUALIZAR PAGOS · AUTO] ================================================================================
[ACTUALIZAR PAGOS · AUTO] 📊 ESTADÍSTICAS DE FILTRADO:
[ACTUALIZAR PAGOS · AUTO]   • Pagos TOTALES al inicio: 15465
[ACTUALIZAR PAGOS · AUTO]   • Pagos CON acta (MANTIENEN): 2042
[ACTUALIZAR PAGOS · AUTO]   • Pagos RECHAZADOS (sin coincidencias): 13423
[ACTUALIZAR PAGOS · AUTO] ⚠️  Se eliminaron 13423 registros sin número de acta
[ACTUALIZAR PAGOS · AUTO]      (recordá: esto incluye tanto pagos ya actualizados/pagados
[ACTUALIZAR PAGOS · AUTO]       como pagos que quedaron sin resolver por desbalance en el Paso 1)
[ACTUALIZAR PAGOS · AUTO] ================================================================================
[ACTUALIZAR PAGOS · AUTO] PASO 2-bis: CONFIRMANDO VIGENCIA DE PAGOS DEL SISTEMA NUEVO (contra MULTAS_JUZGADO_CRUCE)
[ACTUALIZAR PAGOS · AUTO] ================================================================================
[ACTUALIZAR PAGOS · AUTO]   ⚠ 2036 pago(s) del sistema nuevo descartados: su acta ya no figura como vencida en MULTAS_JUZGADO_CRUCE (SEMyT ya los actualizó).
[ACTUALIZAR PAGOS · AUTO]   • Pagos del sistema nuevo descartados por ya estar actualizados: 2036
[ACTUALIZAR PAGOS · AUTO] ⏱ PASO 2 (filtrar): 1.0s
[ACTUALIZAR PAGOS · AUTO] 📂 Cargando maestro de causas SIGEMI...
[ACTUALIZAR PAGOS · AUTO]   ✓ Causas totales (maestro): 134069 registros
[ACTUALIZAR PAGOS · AUTO] ⏱ PASO 2.5 (causas simplificado): 0.2s
[ACTUALIZAR PAGOS · AUTO] ================================================================================
[ACTUALIZAR PAGOS · AUTO] PASO 2.5: ARMANDO causas.txt SIMPLIFICADO (cruce contra total_causas_sigemi.txt)
[ACTUALIZAR PAGOS · AUTO] ================================================================================
[ACTUALIZAR PAGOS · AUTO]   • Actas vencidas viejas (multas): 104170
[ACTUALIZAR PAGOS · AUTO]   • Causas totales en el maestro SIGEMI: 134069
[ACTUALIZAR PAGOS · AUTO]   • Causas que coinciden (simplificado): 103839
[ACTUALIZAR PAGOS · AUTO]   ✅ Archivo escrito: backend/descargas/causas/causas.txt
[ACTUALIZAR PAGOS · AUTO] ⏱ PASO 2.5 (causas simplificado): 3.1s
[ACTUALIZAR PAGOS · AUTO] ================================================================================
[ACTUALIZAR PAGOS · AUTO] PASO 3: LLENANDO CAUSA_NUMERO (según fecha de cambio de sistema, cruzando por acta + año)
[ACTUALIZAR PAGOS · AUTO] ================================================================================
[ACTUALIZAR PAGOS · AUTO] 📊 ESTADÍSTICAS DE LLENADO DE CAUSAS:
[ACTUALIZAR PAGOS · AUTO]   • Pagos con causa ORIGINAL: 4
[ACTUALIZAR PAGOS · AUTO]   • Causas encontradas en SIGEMI (actas viejas): 2
[ACTUALIZAR PAGOS · AUTO]   • Causas NO encontradas en SIGEMI: 0
[ACTUALIZAR PAGOS · AUTO]   • Causas asignadas automáticamente (actas nuevas): 0
[ACTUALIZAR PAGOS · AUTO] ⏱ PASO 3 (llenar causas): 0.0s
[ACTUALIZAR PAGOS · AUTO] ================================================================================
[ACTUALIZAR PAGOS · AUTO] PASO 4: ORDENANDO POR FECHA Y ACTA_NUMERO
[ACTUALIZAR PAGOS · AUTO] ================================================================================
[ACTUALIZAR PAGOS · AUTO] ✓ Pagos ordenados correctamente
[ACTUALIZAR PAGOS · AUTO]   • Primera entrada: Acta=17608, Fecha=27/07/2024
[ACTUALIZAR PAGOS · AUTO]   • Última entrada: Acta=255744, Fecha=13/01/2026
[ACTUALIZAR PAGOS · AUTO] 📝 Escribiendo archivo de salida...
[ACTUALIZAR PAGOS · AUTO]   ✅ Archivo escrito: backend/descargas/pagos/2026-07-20/PAGOS 20260720 192241.txt
[ACTUALIZAR PAGOS · AUTO]   ✅ Total registros: 791
[ACTUALIZAR PAGOS · AUTO] ⏱ PASO 4 (ordenar y escribir): 0.0s
[ACTUALIZAR PAGOS · AUTO] ================================================================================
[ACTUALIZAR PAGOS · AUTO] ✅ PROCESO COMPLETADO EXITOSAMENTE
[ACTUALIZAR PAGOS · AUTO] ================================================================================
[ACTUALIZAR PAGOS · AUTO] 📊 RESUMEN FINAL DEL PROCESAMIENTO:
[ACTUALIZAR PAGOS · AUTO]   ENTRADA:
[ACTUALIZAR PAGOS · AUTO]     • Pagos originales: 15465
[ACTUALIZAR PAGOS · AUTO]     • Multas SIGEMI cargadas: 104170
[ACTUALIZAR PAGOS · AUTO]     • Multas Juzgado cargadas: 39509
[ACTUALIZAR PAGOS · AUTO]     • Causas simplificadas (usadas para el cruce): 103839
[ACTUALIZAR PAGOS · AUTO]   PROCESO:
[ACTUALIZAR PAGOS · AUTO]     • Pagos rechazados sigemi: 13423
[ACTUALIZAR PAGOS · AUTO]     • Pagos rechazados juzgado: 2036
[ACTUALIZAR PAGOS · AUTO]   SALIDA:
[ACTUALIZAR PAGOS · AUTO]     • Pagos desactualizados procesados: 6
[ACTUALIZAR PAGOS · AUTO]     • Archivo final: backend/descargas/pagos/2026-07-20/PAGOS 20260720 192241.txt
[ACTUALIZAR PAGOS · AUTO]     • Ordenados por fecha: SÍ ✓
[ACTUALIZAR PAGOS · AUTO]     • Todos con ACTA_NUMERO: SÍ ✓
[ACTUALIZAR PAGOS · AUTO]     • Todos con CAUSA_NUMERO: SÍ ✓
[ACTUALIZAR PAGOS · AUTO] ✅ TXT de pagos (ya cruzado con actas y causas) generado en: backend/descargas/pagos/2026-07-20/PAGOS 20260720 192241.txt
[ACTUALIZAR PAGOS · AUTO] 🧹 TXT de pagos crudo eliminado (ya usado en el cruce): backend/descargas/pagos/2026-07-20/PAGOS DESCARGADOS.txt
[ACTUALIZAR PAGOS · AUTO] 🧹 Excel MULTAS_SIGEMI_CRUCE eliminado (ya usado en el cruce): backend/descargas/cache_actas_cruce/MULTAS_SIGEMI_CRUCE.xlsx
[ACTUALIZAR PAGOS · AUTO] 🧹 Excel MULTAS_JUZGADO_CRUCE eliminado (ya usado en el cruce): backend/descargas/cache_actas_cruce/MULTAS_JUZGADO_CRUCE.xlsx
[ACTUALIZAR PAGOS · AUTO] ✅ CompararActasPaso finalizado. (⏱ 52.0s)
[ACTUALIZAR PAGOS · AUTO] ✓ [CompararActasPaso] Completado.
[ACTUALIZAR PAGOS · AUTO] ▶ [CargarPagosPaso] Iniciando...
[ACTUALIZAR PAGOS · AUTO] ==================================================
[ACTUALIZAR PAGOS · AUTO] 🚀 PASO: CargarPagosPaso
[ACTUALIZAR PAGOS · AUTO] ==================================================
[ACTUALIZAR PAGOS · AUTO] 📤 Subiendo TXT de pagos al SEMyT...
[ACTUALIZAR PAGOS · AUTO] ✅ Importación de pagos completada con éxito.
[ACTUALIZAR PAGOS · AUTO] ✅ Archivo TXT de pagos cargado en el SEMyT correctamente.
[ACTUALIZAR PAGOS · AUTO] ✅ CargarPagosPaso finalizado. (⏱ 2.1s)
[ACTUALIZAR PAGOS · AUTO] ✓ [CargarPagosPaso] Completado.
[ACTUALIZAR PAGOS · AUTO] === Ejecución finalizada con éxito ===
🤖 [Automático] Es hora de actualizar pagos. Arrancando...
[ACTUALIZAR PAGOS · AUTO] === Inicio de ejecución: pagos ===
[ACTUALIZAR PAGOS · AUTO] ▶ [LoginSemytPaso] Iniciando...
[ACTUALIZAR PAGOS · AUTO] ==================================================
[ACTUALIZAR PAGOS · AUTO] 🚀 PASO: LoginSemytPaso
[ACTUALIZAR PAGOS · AUTO] ==================================================
[ACTUALIZAR PAGOS · AUTO] Abriendo SEMyT...
[ACTUALIZAR PAGOS · AUTO] ✅ [SEMyT] Sesión existente detectada. Login omitido.
[ACTUALIZAR PAGOS · AUTO] ✅ LoginSemytPaso finalizado. (⏱ 4.6s)
[ACTUALIZAR PAGOS · AUTO] ✓ [LoginSemytPaso] Completado.
[ACTUALIZAR PAGOS · AUTO] ▶ [LoginJuzgadoPaso] Iniciando...
[ACTUALIZAR PAGOS · AUTO] ==================================================
[ACTUALIZAR PAGOS · AUTO] 🚀 PASO: LoginJuzgadoPaso
[ACTUALIZAR PAGOS · AUTO] ==================================================
[ACTUALIZAR PAGOS · AUTO] Abriendo sitio municipalidad (CiDi)...
[ACTUALIZAR PAGOS · AUTO] ✅ [Juzgado] Sesión existente detectada. Login omitido.
[ACTUALIZAR PAGOS · AUTO] ✅ LoginJuzgadoPaso finalizado. (⏱ 1.7s)
[ACTUALIZAR PAGOS · AUTO] ✓ [LoginJuzgadoPaso] Completado.
[ACTUALIZAR PAGOS · AUTO] ▶ [DescargasParalelasPaso] Iniciando...
[ACTUALIZAR PAGOS · AUTO] ==================================================
[ACTUALIZAR PAGOS · AUTO] 🚀 PASO: DescargasParalelasPaso
[ACTUALIZAR PAGOS · AUTO] ==================================================
[ACTUALIZAR PAGOS · AUTO] 📤 Arrancando las 3 descargas en paralelo (mismo browser, páginas separadas)...
[ACTUALIZAR PAGOS · AUTO] Fecha Desde: 27/06/2024
[ACTUALIZAR PAGOS · AUTO] Fecha Hasta: 24/11/2025
[ACTUALIZAR PAGOS · AUTO] Fecha Desde: 25/11/2025
[ACTUALIZAR PAGOS · AUTO] Fecha Hasta: 20/07/2026
[ACTUALIZAR PAGOS · AUTO] Descargando Excel...
[ACTUALIZAR PAGOS · AUTO] Descargando Excel...
⏳ [Automático] Tocaba disparar 'pagos' pero ya hay una ejecución en curso (Actualizar pagos); esperando a que termine; se reintenta en breve sin perder el turno.
[ACTUALIZAR PAGOS · AUTO] Archivo descargado en: backend/descargas/cache_actas_cruce/MULTAS_JUZGADO_CRUCE.xlsx
[ACTUALIZAR PAGOS · AUTO] ⏱ [actas_juzgado] completado en 20.0s
[ACTUALIZAR PAGOS · AUTO] Archivo descargado en: backend/descargas/cache_actas_cruce/MULTAS_SIGEMI_CRUCE.xlsx
[ACTUALIZAR PAGOS · AUTO] ⏱ [actas_sigemi] completado en 42.6s
[ACTUALIZAR PAGOS · AUTO] ⏱ [pagos_txt] falló a los 120.1s -> TimeoutError: Timeout 100000ms exceeded while waiting for event "download"
[ACTUALIZAR PAGOS · AUTO] =========================== logs ===========================
[ACTUALIZAR PAGOS · AUTO] waiting for event "download"
[ACTUALIZAR PAGOS · AUTO] ============================================================
[ACTUALIZAR PAGOS · AUTO] ⏱ TOTAL descargas en paralelo: 120.1s
[ACTUALIZAR PAGOS · AUTO] ❌ Error en el paso [DescargasParalelasPaso]: TimeoutError: Timeout 100000ms exceeded while waiting for event "download"
[ACTUALIZAR PAGOS · AUTO] =========================== logs ===========================
[ACTUALIZAR PAGOS · AUTO] waiting for event "download"
[ACTUALIZAR PAGOS · AUTO] ============================================================
[ACTUALIZAR PAGOS · AUTO] ❌ === ERROR: TimeoutError: Timeout 100000ms exceeded while waiting for event "download"
[ACTUALIZAR PAGOS · AUTO] =========================== logs ===========================
[ACTUALIZAR PAGOS · AUTO] waiting for event "download"
[ACTUALIZAR PAGOS · AUTO] ============================================================ ===
[ACTUALIZAR PAGOS · AUTO] Traceback (most recent call last):
[ACTUALIZAR PAGOS · AUTO]   File "/Users/nicolascesolari/Downloads/proyectoJuzgado(perfect) /backend/orquestador/trabajador.py", line 87, in ejecutar_worker
[ACTUALIZAR PAGOS · AUTO]     contexto_resultado = asyncio.run(
[ACTUALIZAR PAGOS · AUTO]         _correr_tipo(tipo, origen, fecha_desde_multas_manual, archivo_creado)
[ACTUALIZAR PAGOS · AUTO]     )
[ACTUALIZAR PAGOS · AUTO]   File "/Library/Frameworks/Python.framework/Versions/3.14/lib/python3.14/asyncio/runners.py", line 205, in run
[ACTUALIZAR PAGOS · AUTO]     return runner.run(main)
[ACTUALIZAR PAGOS · AUTO]            ~~~~~~~~~~^^^^^^
[ACTUALIZAR PAGOS · AUTO]   File "/Library/Frameworks/Python.framework/Versions/3.14/lib/python3.14/asyncio/runners.py", line 128, in run
[ACTUALIZAR PAGOS · AUTO]     return self._loop.run_until_complete(task)
[ACTUALIZAR PAGOS · AUTO]            ~~~~~~~~~~~~~~~~~~~~~~~~~~~~~^^^^^^
[ACTUALIZAR PAGOS · AUTO]   File "/Library/Frameworks/Python.framework/Versions/3.14/lib/python3.14/asyncio/base_events.py", line 719, in run_until_complete
[ACTUALIZAR PAGOS · AUTO]     return future.result()
[ACTUALIZAR PAGOS · AUTO]            ~~~~~~~~~~~~~^^
[ACTUALIZAR PAGOS · AUTO]   File "/Users/nicolascesolari/Downloads/proyectoJuzgado(perfect) /backend/orquestador/trabajador.py", line 146, in _correr_tipo
[ACTUALIZAR PAGOS · AUTO]     return await PagosWorkflow(navegador).ejecutar(archivo_fn=archivo_creado,cerrar_navegador_al_final=False,)
[ACTUALIZAR PAGOS · AUTO]            ^^^^^^^^^^^^^^^^^^^^^^^^^^^^^^^^^^^^^^^^^^^^^^^^^^^^^^^^^^^^^^^^^^^^^^^^^^^^^^^^^^^^^^^^^^^^^^^^^^^
[ACTUALIZAR PAGOS · AUTO]   File "/Users/nicolascesolari/Downloads/proyectoJuzgado(perfect) /backend/workflows/workflow_base.py", line 35, in ejecutar
[ACTUALIZAR PAGOS · AUTO]     await paso.ejecutar(contexto)
[ACTUALIZAR PAGOS · AUTO]   File "/Users/nicolascesolari/Downloads/proyectoJuzgado(perfect) /backend/pasos/descargas_paralelas_paso.py", line 75, in ejecutar
[ACTUALIZAR PAGOS · AUTO]     ruta_txt, ruta_sigemi, ruta_juzgado = self._procesar_resultados(resultados)
[ACTUALIZAR PAGOS · AUTO]                                           ~~~~~~~~~~~~~~~~~~~~~~~~~^^^^^^^^^^^^
[ACTUALIZAR PAGOS · AUTO]   File "/Users/nicolascesolari/Downloads/proyectoJuzgado(perfect) /backend/pasos/descargas_paralelas_paso.py", line 153, in _procesar_resultados
[ACTUALIZAR PAGOS · AUTO]     raise error_txt
[ACTUALIZAR PAGOS · AUTO]   File "/Users/nicolascesolari/Downloads/proyectoJuzgado(perfect) /backend/pasos/descargas_paralelas_paso.py", line 128, in _con_tiempo
[ACTUALIZAR PAGOS · AUTO]     resultado = await corutina
[ACTUALIZAR PAGOS · AUTO]                 ^^^^^^^^^^^^^^
[ACTUALIZAR PAGOS · AUTO]   File "/Users/nicolascesolari/Downloads/proyectoJuzgado(perfect) /backend/pasos/descargas_paralelas_paso.py", line 101, in _descargar_pagos
[ACTUALIZAR PAGOS · AUTO]     return await service.descargar_txt_pagos(pagina)
[ACTUALIZAR PAGOS · AUTO]            ^^^^^^^^^^^^^^^^^^^^^^^^^^^^^^^^^^^^^^^^^
[ACTUALIZAR PAGOS · AUTO]   File "/Users/nicolascesolari/Downloads/proyectoJuzgado(perfect) /backend/services/pagos_service.py", line 22, in descargar_txt_pagos
[ACTUALIZAR PAGOS · AUTO]     descarga = await page.descargar_txt_pagos()
[ACTUALIZAR PAGOS · AUTO]                ^^^^^^^^^^^^^^^^^^^^^^^^^^^^^^^^
[ACTUALIZAR PAGOS · AUTO]   File "/Users/nicolascesolari/Downloads/proyectoJuzgado(perfect) /backend/pages/descargar_pagos_page.py", line 20, in descargar_txt_pagos
[ACTUALIZAR PAGOS · AUTO]     async with self.page.expect_download(timeout=100000) as descarga_info:
[ACTUALIZAR PAGOS · AUTO]                ~~~~~~~~~~~~~~~~~~~~~~~~~^^^^^^^^^^^^^^^^
[ACTUALIZAR PAGOS · AUTO]   File "/Library/Frameworks/Python.framework/Versions/3.14/lib/python3.14/site-packages/playwright/_impl/_async_base.py", line 60, in __aexit__
[ACTUALIZAR PAGOS · AUTO]     await self._event.value
[ACTUALIZAR PAGOS · AUTO]   File "/Library/Frameworks/Python.framework/Versions/3.14/lib/python3.14/site-packages/playwright/_impl/_async_base.py", line 35, in value
[ACTUALIZAR PAGOS · AUTO]     return mapping.from_maybe_impl(await self._future)
[ACTUALIZAR PAGOS · AUTO]                                    ^^^^^^^^^^^^^^^^^^
[ACTUALIZAR PAGOS · AUTO] playwright._impl._errors.TimeoutError: Timeout 100000ms exceeded while waiting for event "download"
[ACTUALIZAR PAGOS · AUTO] =========================== logs ===========================
[ACTUALIZAR PAGOS · AUTO] waiting for event "download"
[ACTUALIZAR PAGOS · AUTO] ============================================================
ℹ El log detallado de esta corrida no se conservó en disco (no se llegó a subir ningún archivo).
❌ [Automático] 'pagos' falló (intento 1 de 4). Se reintenta a las 19:41.
🤖 [Automático] Es hora de actualizar pagos (reintento 1 de 3). Arrancando...
[ACTUALIZAR PAGOS · AUTO] === Inicio de ejecución: pagos ===
[ACTUALIZAR PAGOS · AUTO] ▶ [LoginSemytPaso] Iniciando...
[ACTUALIZAR PAGOS · AUTO] ==================================================
[ACTUALIZAR PAGOS · AUTO] 🚀 PASO: LoginSemytPaso
[ACTUALIZAR PAGOS · AUTO] ==================================================
[ACTUALIZAR PAGOS · AUTO] Abriendo SEMyT...
[ACTUALIZAR PAGOS · AUTO] ✅ [SEMyT] Sesión existente detectada. Login omitido.
[ACTUALIZAR PAGOS · AUTO] ✅ LoginSemytPaso finalizado. (⏱ 4.4s)
[ACTUALIZAR PAGOS · AUTO] ✓ [LoginSemytPaso] Completado.
[ACTUALIZAR PAGOS · AUTO] ▶ [LoginJuzgadoPaso] Iniciando...
[ACTUALIZAR PAGOS · AUTO] ==================================================
[ACTUALIZAR PAGOS · AUTO] 🚀 PASO: LoginJuzgadoPaso
[ACTUALIZAR PAGOS · AUTO] ==================================================
[ACTUALIZAR PAGOS · AUTO] Abriendo sitio municipalidad (CiDi)...
[ACTUALIZAR PAGOS · AUTO] ✅ [Juzgado] Sesión existente detectada. Login omitido.
[ACTUALIZAR PAGOS · AUTO] ✅ LoginJuzgadoPaso finalizado. (⏱ 3.1s)
[ACTUALIZAR PAGOS · AUTO] ✓ [LoginJuzgadoPaso] Completado.
[ACTUALIZAR PAGOS · AUTO] ▶ [DescargasParalelasPaso] Iniciando...
[ACTUALIZAR PAGOS · AUTO] ==================================================
[ACTUALIZAR PAGOS · AUTO] 🚀 PASO: DescargasParalelasPaso
[ACTUALIZAR PAGOS · AUTO] ==================================================
[ACTUALIZAR PAGOS · AUTO] 📤 Arrancando las 3 descargas en paralelo (mismo browser, páginas separadas)...
[ACTUALIZAR PAGOS · AUTO] Fecha Desde: 27/06/2024
[ACTUALIZAR PAGOS · AUTO] Fecha Hasta: 24/11/2025
[ACTUALIZAR PAGOS · AUTO] Fecha Desde: 25/11/2025
[ACTUALIZAR PAGOS · AUTO] Fecha Hasta: 20/07/2026
[ACTUALIZAR PAGOS · AUTO] Descargando Excel...
[ACTUALIZAR PAGOS · AUTO] Descargando Excel...
⏳ [Automático] Tocaba disparar 'pagos' pero ya hay una ejecución en curso (Actualizar pagos); esperando a que termine; se reintenta en breve sin perder el turno.
[ACTUALIZAR PAGOS · AUTO] Archivo descargado en: backend/descargas/cache_actas_cruce/MULTAS_JUZGADO_CRUCE.xlsx
[ACTUALIZAR PAGOS · AUTO] ⏱ [actas_juzgado] completado en 20.1s
[ACTUALIZAR PAGOS · AUTO] Archivo descargado en: backend/descargas/cache_actas_cruce/MULTAS_SIGEMI_CRUCE.xlsx
[ACTUALIZAR PAGOS · AUTO] ⏱ [actas_sigemi] completado en 42.4s
[ACTUALIZAR PAGOS · AUTO] ✅ TXT de pagos descargado en: backend/descargas/pagos/2026-07-20/PAGOS DESCARGADOS.txt
[ACTUALIZAR PAGOS · AUTO] ⏱ [pagos_txt] completado en 42.6s
[ACTUALIZAR PAGOS · AUTO] ⏱ TOTAL descargas en paralelo: 42.6s
[ACTUALIZAR PAGOS · AUTO] ✅ DescargasParalelasPaso finalizado. (⏱ 44.7s)
[ACTUALIZAR PAGOS · AUTO] ✓ [DescargasParalelasPaso] Completado.
[ACTUALIZAR PAGOS · AUTO] ▶ [CompararActasPaso] Iniciando...
[ACTUALIZAR PAGOS · AUTO] ==================================================
[ACTUALIZAR PAGOS · AUTO] 🚀 PASO: CompararActasPaso
[ACTUALIZAR PAGOS · AUTO] ==================================================
[ACTUALIZAR PAGOS · AUTO] 🔍 Comparando actas del SEMyT contra pagos del Juzgado...
[ACTUALIZAR PAGOS · AUTO] ================================================================================
[ACTUALIZAR PAGOS · AUTO] INICIANDO PROCESO DE GENERACIÓN DE PAGOS DESACTUALIZADOS
[ACTUALIZAR PAGOS · AUTO] ================================================================================
[ACTUALIZAR PAGOS · AUTO] 📂 Cargando archivos...
[ACTUALIZAR PAGOS · AUTO]   ✓ Pagos: 15472 registros
[ACTUALIZAR PAGOS · AUTO]   ✓ Excel SIGEMI (multas vencidas viejas): 104168 registros
[ACTUALIZAR PAGOS · AUTO]   ✓ Excel Juzgado (multas vencidas nuevas): 39505 registros
[ACTUALIZAR PAGOS · AUTO] ================================================================================
[ACTUALIZAR PAGOS · AUTO] PASO 1: LLENANDO ACTA_NUMERO (búsqueda por patente + fecha, con desempate por hora)
[ACTUALIZAR PAGOS · AUTO] ================================================================================
[ACTUALIZAR PAGOS · AUTO] 📊 ESTADÍSTICAS DE LLENADO DE ACTAS:
[ACTUALIZAR PAGOS · AUTO]   • Pagos con acta ORIGINAL: 2045
[ACTUALIZAR PAGOS · AUTO]   • Pagos SIN acta (buscados): 13427
[ACTUALIZAR PAGOS · AUTO]   • Pagos LLENADOS exitosamente: 2
[ACTUALIZAR PAGOS · AUTO]   • Pagos NO encontrados en multas: 13425
[ACTUALIZAR PAGOS · AUTO]   • Pagos SIN RESOLVER por desbalance de cantidades: 0
[ACTUALIZAR PAGOS · AUTO] ================================================================================
[ACTUALIZAR PAGOS · AUTO] PASO 1: LLENANDO ACTA_NUMERO (búsqueda por patente + fecha, con desempate por hora)
[ACTUALIZAR PAGOS · AUTO] ================================================================================
[ACTUALIZAR PAGOS · AUTO] 📊 ESTADÍSTICAS DE LLENADO DE ACTAS:
[ACTUALIZAR PAGOS · AUTO]   • Pagos con acta ORIGINAL: 2047
[ACTUALIZAR PAGOS · AUTO]   • Pagos SIN acta (buscados): 13425
[ACTUALIZAR PAGOS · AUTO]   • Pagos LLENADOS exitosamente: 0
[ACTUALIZAR PAGOS · AUTO]   • Pagos NO encontrados en multas: 13425
[ACTUALIZAR PAGOS · AUTO]   • Pagos SIN RESOLVER por desbalance de cantidades: 0
[ACTUALIZAR PAGOS · AUTO] ⏱ PASO 1 (llenar actas): 18.0s
[ACTUALIZAR PAGOS · AUTO] ================================================================================
[ACTUALIZAR PAGOS · AUTO] PASO 2: FILTRANDO PAGOS CON ACTA_NUMERO COMPLETO
[ACTUALIZAR PAGOS · AUTO] ================================================================================
[ACTUALIZAR PAGOS · AUTO] 📊 ESTADÍSTICAS DE FILTRADO:
[ACTUALIZAR PAGOS · AUTO]   • Pagos TOTALES al inicio: 15472
[ACTUALIZAR PAGOS · AUTO]   • Pagos CON acta (MANTIENEN): 2047
[ACTUALIZAR PAGOS · AUTO]   • Pagos RECHAZADOS (sin coincidencias): 13425
[ACTUALIZAR PAGOS · AUTO] ⚠️  Se eliminaron 13425 registros sin número de acta
[ACTUALIZAR PAGOS · AUTO]      (recordá: esto incluye tanto pagos ya actualizados/pagados
[ACTUALIZAR PAGOS · AUTO]       como pagos que quedaron sin resolver por desbalance en el Paso 1)
[ACTUALIZAR PAGOS · AUTO] ================================================================================
[ACTUALIZAR PAGOS · AUTO] PASO 2-bis: CONFIRMANDO VIGENCIA DE PAGOS DEL SISTEMA NUEVO (contra MULTAS_JUZGADO_CRUCE)
[ACTUALIZAR PAGOS · AUTO] ================================================================================
[ACTUALIZAR PAGOS · AUTO]   ⚠ 2040 pago(s) del sistema nuevo descartados: su acta ya no figura como vencida en MULTAS_JUZGADO_CRUCE (SEMyT ya los actualizó).
[ACTUALIZAR PAGOS · AUTO]   • Pagos del sistema nuevo descartados por ya estar actualizados: 2040
[ACTUALIZAR PAGOS · AUTO] ⏱ PASO 2 (filtrar): 1.0s
[ACTUALIZAR PAGOS · AUTO] 📂 Cargando maestro de causas SIGEMI...
[ACTUALIZAR PAGOS · AUTO]   ✓ Causas totales (maestro): 134069 registros
[ACTUALIZAR PAGOS · AUTO] ⏱ PASO 2.5 (causas simplificado): 0.2s
[ACTUALIZAR PAGOS · AUTO] ================================================================================
[ACTUALIZAR PAGOS · AUTO] PASO 2.5: ARMANDO causas.txt SIMPLIFICADO (cruce contra total_causas_sigemi.txt)
[ACTUALIZAR PAGOS · AUTO] ================================================================================
[ACTUALIZAR PAGOS · AUTO]   • Actas vencidas viejas (multas): 104168
[ACTUALIZAR PAGOS · AUTO]   • Causas totales en el maestro SIGEMI: 134069
[ACTUALIZAR PAGOS · AUTO]   • Causas que coinciden (simplificado): 103837
[ACTUALIZAR PAGOS · AUTO]   ✅ Archivo escrito: backend/descargas/causas/causas.txt
[ACTUALIZAR PAGOS · AUTO] ⏱ PASO 2.5 (causas simplificado): 2.7s
[ACTUALIZAR PAGOS · AUTO] ================================================================================
[ACTUALIZAR PAGOS · AUTO] PASO 3: LLENANDO CAUSA_NUMERO (según fecha de cambio de sistema, cruzando por acta + año)
[ACTUALIZAR PAGOS · AUTO] ================================================================================
[ACTUALIZAR PAGOS · AUTO] 📊 ESTADÍSTICAS DE LLENADO DE CAUSAS:
[ACTUALIZAR PAGOS · AUTO]   • Pagos con causa ORIGINAL: 5
[ACTUALIZAR PAGOS · AUTO]   • Causas encontradas en SIGEMI (actas viejas): 2
[ACTUALIZAR PAGOS · AUTO]   • Causas NO encontradas en SIGEMI: 0
[ACTUALIZAR PAGOS · AUTO]   • Causas asignadas automáticamente (actas nuevas): 0
[ACTUALIZAR PAGOS · AUTO] ⏱ PASO 3 (llenar causas): 0.0s
[ACTUALIZAR PAGOS · AUTO] ================================================================================
[ACTUALIZAR PAGOS · AUTO] PASO 4: ORDENANDO POR FECHA Y ACTA_NUMERO
[ACTUALIZAR PAGOS · AUTO] ================================================================================
[ACTUALIZAR PAGOS · AUTO] ✓ Pagos ordenados correctamente
[ACTUALIZAR PAGOS · AUTO]   • Primera entrada: Acta=14407, Fecha=22/07/2024
[ACTUALIZAR PAGOS · AUTO]   • Última entrada: Acta=260197, Fecha=29/01/2026
[ACTUALIZAR PAGOS · AUTO] 📝 Escribiendo archivo de salida...
[ACTUALIZAR PAGOS · AUTO]   ✅ Archivo escrito: backend/descargas/pagos/2026-07-20/PAGOS 20260720 194201.txt
[ACTUALIZAR PAGOS · AUTO]   ✅ Total registros: 899
[ACTUALIZAR PAGOS · AUTO] ⏱ PASO 4 (ordenar y escribir): 0.0s
[ACTUALIZAR PAGOS · AUTO] ================================================================================
[ACTUALIZAR PAGOS · AUTO] ✅ PROCESO COMPLETADO EXITOSAMENTE
[ACTUALIZAR PAGOS · AUTO] ================================================================================
[ACTUALIZAR PAGOS · AUTO] 📊 RESUMEN FINAL DEL PROCESAMIENTO:
[ACTUALIZAR PAGOS · AUTO]   ENTRADA:
[ACTUALIZAR PAGOS · AUTO]     • Pagos originales: 15472
[ACTUALIZAR PAGOS · AUTO]     • Multas SIGEMI cargadas: 104168
[ACTUALIZAR PAGOS · AUTO]     • Multas Juzgado cargadas: 39505
[ACTUALIZAR PAGOS · AUTO]     • Causas simplificadas (usadas para el cruce): 103837
[ACTUALIZAR PAGOS · AUTO]   PROCESO:
[ACTUALIZAR PAGOS · AUTO]     • Pagos rechazados sigemi: 13425
[ACTUALIZAR PAGOS · AUTO]     • Pagos rechazados juzgado: 2040
[ACTUALIZAR PAGOS · AUTO]   SALIDA:
[ACTUALIZAR PAGOS · AUTO]     • Pagos desactualizados procesados: 7
[ACTUALIZAR PAGOS · AUTO]     • Archivo final: backend/descargas/pagos/2026-07-20/PAGOS 20260720 194201.txt
[ACTUALIZAR PAGOS · AUTO]     • Ordenados por fecha: SÍ ✓
[ACTUALIZAR PAGOS · AUTO]     • Todos con ACTA_NUMERO: SÍ ✓
[ACTUALIZAR PAGOS · AUTO]     • Todos con CAUSA_NUMERO: SÍ ✓
[ACTUALIZAR PAGOS · AUTO] ✅ TXT de pagos (ya cruzado con actas y causas) generado en: backend/descargas/pagos/2026-07-20/PAGOS 20260720 194201.txt
[ACTUALIZAR PAGOS · AUTO] 🧹 TXT de pagos crudo eliminado (ya usado en el cruce): backend/descargas/pagos/2026-07-20/PAGOS DESCARGADOS.txt
[ACTUALIZAR PAGOS · AUTO] 🧹 Excel MULTAS_SIGEMI_CRUCE eliminado (ya usado en el cruce): backend/descargas/cache_actas_cruce/MULTAS_SIGEMI_CRUCE.xlsx
[ACTUALIZAR PAGOS · AUTO] 🧹 Excel MULTAS_JUZGADO_CRUCE eliminado (ya usado en el cruce): backend/descargas/cache_actas_cruce/MULTAS_JUZGADO_CRUCE.xlsx
[ACTUALIZAR PAGOS · AUTO] ✅ CompararActasPaso finalizado. (⏱ 50.6s)
[ACTUALIZAR PAGOS · AUTO] ✓ [CompararActasPaso] Completado.
[ACTUALIZAR PAGOS · AUTO] ▶ [CargarPagosPaso] Iniciando...
[ACTUALIZAR PAGOS · AUTO] ==================================================
[ACTUALIZAR PAGOS · AUTO] 🚀 PASO: CargarPagosPaso
[ACTUALIZAR PAGOS · AUTO] ==================================================
[ACTUALIZAR PAGOS · AUTO] 📤 Subiendo TXT de pagos al SEMyT...
[ACTUALIZAR PAGOS · AUTO] ✅ Importación de pagos completada con éxito.
[ACTUALIZAR PAGOS · AUTO] ✅ Archivo TXT de pagos cargado en el SEMyT correctamente.
[ACTUALIZAR PAGOS · AUTO] ✅ CargarPagosPaso finalizado. (⏱ 3.3s)
[ACTUALIZAR PAGOS · AUTO] ✓ [CargarPagosPaso] Completado.
[ACTUALIZAR PAGOS · AUTO] === Ejecución finalizada con éxito ===
✅ [Automático] 'pagos' terminó bien en el reintento 1.
🤖 [Automático] Es hora de actualizar pagos. Arrancando...
[ACTUALIZAR PAGOS · AUTO] === Inicio de ejecución: pagos ===
[ACTUALIZAR PAGOS · AUTO] ▶ [LoginSemytPaso] Iniciando...
[ACTUALIZAR PAGOS · AUTO] ==================================================
[ACTUALIZAR PAGOS · AUTO] 🚀 PASO: LoginSemytPaso
[ACTUALIZAR PAGOS · AUTO] ==================================================
[ACTUALIZAR PAGOS · AUTO] Abriendo SEMyT...
[ACTUALIZAR PAGOS · AUTO] ✅ [SEMyT] Sesión existente detectada. Login omitido.
[ACTUALIZAR PAGOS · AUTO] ✅ LoginSemytPaso finalizado. (⏱ 4.1s)
[ACTUALIZAR PAGOS · AUTO] ✓ [LoginSemytPaso] Completado.
[ACTUALIZAR PAGOS · AUTO] ▶ [LoginJuzgadoPaso] Iniciando...
[ACTUALIZAR PAGOS · AUTO] ==================================================
[ACTUALIZAR PAGOS · AUTO] 🚀 PASO: LoginJuzgadoPaso
[ACTUALIZAR PAGOS · AUTO] ==================================================
[ACTUALIZAR PAGOS · AUTO] Abriendo sitio municipalidad (CiDi)...
[ACTUALIZAR PAGOS · AUTO] ✅ [Juzgado] Sesión existente detectada. Login omitido.
[ACTUALIZAR PAGOS · AUTO] ✅ LoginJuzgadoPaso finalizado. (⏱ 1.8s)
[ACTUALIZAR PAGOS · AUTO] ✓ [LoginJuzgadoPaso] Completado.
[ACTUALIZAR PAGOS · AUTO] ▶ [DescargasParalelasPaso] Iniciando...
[ACTUALIZAR PAGOS · AUTO] ==================================================
[ACTUALIZAR PAGOS · AUTO] 🚀 PASO: DescargasParalelasPaso
[ACTUALIZAR PAGOS · AUTO] ==================================================
[ACTUALIZAR PAGOS · AUTO] 📤 Arrancando las 3 descargas en paralelo (mismo browser, páginas separadas)...
[ACTUALIZAR PAGOS · AUTO] Fecha Desde: 27/06/2024
[ACTUALIZAR PAGOS · AUTO] Fecha Hasta: 24/11/2025
[ACTUALIZAR PAGOS · AUTO] Fecha Desde: 25/11/2025
[ACTUALIZAR PAGOS · AUTO] Fecha Hasta: 20/07/2026
[ACTUALIZAR PAGOS · AUTO] Descargando Excel...
[ACTUALIZAR PAGOS · AUTO] Descargando Excel...
⏳ [Automático] Tocaba disparar 'pagos' pero ya hay una ejecución en curso (Actualizar pagos); esperando a que termine; se reintenta en breve sin perder el turno.
[ACTUALIZAR PAGOS · AUTO] Archivo descargado en: backend/descargas/cache_actas_cruce/MULTAS_JUZGADO_CRUCE.xlsx
[ACTUALIZAR PAGOS · AUTO] ⏱ [actas_juzgado] completado en 18.0s
[ACTUALIZAR PAGOS · AUTO] Archivo descargado en: backend/descargas/cache_actas_cruce/MULTAS_SIGEMI_CRUCE.xlsx
[ACTUALIZAR PAGOS · AUTO] ⏱ [actas_sigemi] completado en 39.8s
[ACTUALIZAR PAGOS · AUTO] ✅ TXT de pagos descargado en: backend/descargas/pagos/2026-07-20/PAGOS DESCARGADOS.txt
[ACTUALIZAR PAGOS · AUTO] ⏱ [pagos_txt] completado en 39.8s
[ACTUALIZAR PAGOS · AUTO] ⏱ TOTAL descargas en paralelo: 39.9s
[ACTUALIZAR PAGOS · AUTO] ✅ DescargasParalelasPaso finalizado. (⏱ 41.1s)
[ACTUALIZAR PAGOS · AUTO] ✓ [DescargasParalelasPaso] Completado.
[ACTUALIZAR PAGOS · AUTO] ▶ [CompararActasPaso] Iniciando...
[ACTUALIZAR PAGOS · AUTO] ==================================================
[ACTUALIZAR PAGOS · AUTO] 🚀 PASO: CompararActasPaso
[ACTUALIZAR PAGOS · AUTO] ==================================================
[ACTUALIZAR PAGOS · AUTO] 🔍 Comparando actas del SEMyT contra pagos del Juzgado...
[ACTUALIZAR PAGOS · AUTO] ================================================================================
[ACTUALIZAR PAGOS · AUTO] INICIANDO PROCESO DE GENERACIÓN DE PAGOS DESACTUALIZADOS
[ACTUALIZAR PAGOS · AUTO] ================================================================================
[ACTUALIZAR PAGOS · AUTO] 📂 Cargando archivos...
[ACTUALIZAR PAGOS · AUTO]   ✓ Pagos: 15472 registros
[ACTUALIZAR PAGOS · AUTO]   ✓ Excel SIGEMI (multas vencidas viejas): 104166 registros
[ACTUALIZAR PAGOS · AUTO]   ✓ Excel Juzgado (multas vencidas nuevas): 39500 registros
[ACTUALIZAR PAGOS · AUTO] ================================================================================
[ACTUALIZAR PAGOS · AUTO] PASO 1: LLENANDO ACTA_NUMERO (búsqueda por patente + fecha, con desempate por hora)
[ACTUALIZAR PAGOS · AUTO] ================================================================================
[ACTUALIZAR PAGOS · AUTO] 📊 ESTADÍSTICAS DE LLENADO DE ACTAS:
[ACTUALIZAR PAGOS · AUTO]   • Pagos con acta ORIGINAL: 2045
[ACTUALIZAR PAGOS · AUTO]   • Pagos SIN acta (buscados): 13427
[ACTUALIZAR PAGOS · AUTO]   • Pagos LLENADOS exitosamente: 0
[ACTUALIZAR PAGOS · AUTO]   • Pagos NO encontrados en multas: 13427
[ACTUALIZAR PAGOS · AUTO]   • Pagos SIN RESOLVER por desbalance de cantidades: 0
[ACTUALIZAR PAGOS · AUTO] ================================================================================
[ACTUALIZAR PAGOS · AUTO] PASO 1: LLENANDO ACTA_NUMERO (búsqueda por patente + fecha, con desempate por hora)
[ACTUALIZAR PAGOS · AUTO] ================================================================================
[ACTUALIZAR PAGOS · AUTO] 📊 ESTADÍSTICAS DE LLENADO DE ACTAS:
[ACTUALIZAR PAGOS · AUTO]   • Pagos con acta ORIGINAL: 2045
[ACTUALIZAR PAGOS · AUTO]   • Pagos SIN acta (buscados): 13427
[ACTUALIZAR PAGOS · AUTO]   • Pagos LLENADOS exitosamente: 0
[ACTUALIZAR PAGOS · AUTO]   • Pagos NO encontrados en multas: 13427
[ACTUALIZAR PAGOS · AUTO]   • Pagos SIN RESOLVER por desbalance de cantidades: 0
[ACTUALIZAR PAGOS · AUTO] ⏱ PASO 1 (llenar actas): 17.0s
[ACTUALIZAR PAGOS · AUTO] ================================================================================
[ACTUALIZAR PAGOS · AUTO] PASO 2: FILTRANDO PAGOS CON ACTA_NUMERO COMPLETO
[ACTUALIZAR PAGOS · AUTO] ================================================================================
[ACTUALIZAR PAGOS · AUTO] 📊 ESTADÍSTICAS DE FILTRADO:
[ACTUALIZAR PAGOS · AUTO]   • Pagos TOTALES al inicio: 15472
[ACTUALIZAR PAGOS · AUTO]   • Pagos CON acta (MANTIENEN): 2045
[ACTUALIZAR PAGOS · AUTO]   • Pagos RECHAZADOS (sin coincidencias): 13427
[ACTUALIZAR PAGOS · AUTO] ⚠️  Se eliminaron 13427 registros sin número de acta
[ACTUALIZAR PAGOS · AUTO]      (recordá: esto incluye tanto pagos ya actualizados/pagados
[ACTUALIZAR PAGOS · AUTO]       como pagos que quedaron sin resolver por desbalance en el Paso 1)
[ACTUALIZAR PAGOS · AUTO] ================================================================================
[ACTUALIZAR PAGOS · AUTO] PASO 2-bis: CONFIRMANDO VIGENCIA DE PAGOS DEL SISTEMA NUEVO (contra MULTAS_JUZGADO_CRUCE)
[ACTUALIZAR PAGOS · AUTO] ================================================================================
[ACTUALIZAR PAGOS · AUTO]   ⚠ 2045 pago(s) del sistema nuevo descartados: su acta ya no figura como vencida en MULTAS_JUZGADO_CRUCE (SEMyT ya los actualizó).
[ACTUALIZAR PAGOS · AUTO]   • Pagos del sistema nuevo descartados por ya estar actualizados: 2045
[ACTUALIZAR PAGOS · AUTO] ⏱ PASO 2 (filtrar): 1.0s
[ACTUALIZAR PAGOS · AUTO] 📂 Cargando maestro de causas SIGEMI...
[ACTUALIZAR PAGOS · AUTO]   ✓ Causas totales (maestro): 134069 registros
[ACTUALIZAR PAGOS · AUTO] ⏱ PASO 2.5 (causas simplificado): 0.1s
[ACTUALIZAR PAGOS · AUTO] ================================================================================
[ACTUALIZAR PAGOS · AUTO] PASO 2.5: ARMANDO causas.txt SIMPLIFICADO (cruce contra total_causas_sigemi.txt)
[ACTUALIZAR PAGOS · AUTO] ================================================================================
[ACTUALIZAR PAGOS · AUTO]   • Actas vencidas viejas (multas): 104166
[ACTUALIZAR PAGOS · AUTO]   • Causas totales en el maestro SIGEMI: 134069
[ACTUALIZAR PAGOS · AUTO]   • Causas que coinciden (simplificado): 103835
[ACTUALIZAR PAGOS · AUTO]   ✅ Archivo escrito: backend/descargas/causas/causas.txt
[ACTUALIZAR PAGOS · AUTO] ⏱ PASO 2.5 (causas simplificado): 2.4s
[ACTUALIZAR PAGOS · AUTO] ⚠️  NO HAY PAGOS CON ACTA_NUMERO PARA PROCESAR
[ACTUALIZAR PAGOS · AUTO] Creando archivo vacío...
[ACTUALIZAR PAGOS · AUTO] ✅ TXT de pagos (ya cruzado con actas y causas) generado en: backend/descargas/pagos/2026-07-20/PAGOS 20260720 195359.txt
[ACTUALIZAR PAGOS · AUTO] 🧹 TXT de pagos crudo eliminado (ya usado en el cruce): backend/descargas/pagos/2026-07-20/PAGOS DESCARGADOS.txt
[ACTUALIZAR PAGOS · AUTO] 🧹 Excel MULTAS_SIGEMI_CRUCE eliminado (ya usado en el cruce): backend/descargas/cache_actas_cruce/MULTAS_SIGEMI_CRUCE.xlsx
[ACTUALIZAR PAGOS · AUTO] 🧹 Excel MULTAS_JUZGADO_CRUCE eliminado (ya usado en el cruce): backend/descargas/cache_actas_cruce/MULTAS_JUZGADO_CRUCE.xlsx
[ACTUALIZAR PAGOS · AUTO] ✅ CompararActasPaso finalizado. (⏱ 48.7s)
[ACTUALIZAR PAGOS · AUTO] ✓ [CompararActasPaso] Completado.
[ACTUALIZAR PAGOS · AUTO] ▶ [CargarPagosPaso] Iniciando...
[ACTUALIZAR PAGOS · AUTO] ==================================================
[ACTUALIZAR PAGOS · AUTO] 🚀 PASO: CargarPagosPaso
[ACTUALIZAR PAGOS · AUTO] ==================================================
[ACTUALIZAR PAGOS · AUTO] ℹ No se encontraron pagos para actualizar (el TXT final no tiene registros).
[ACTUALIZAR PAGOS · AUTO] 🧹 TXT de pagos sin registros eliminado (nada para subir): backend/descargas/pagos/2026-07-20/PAGOS 20260720 195359.txt
[ACTUALIZAR PAGOS · AUTO] ⏭ Se omite la carga al SEMyT.
[ACTUALIZAR PAGOS · AUTO] ✅ CargarPagosPaso finalizado. (⏱ 0.0s)
[ACTUALIZAR PAGOS · AUTO] ✓ [CargarPagosPaso] Completado.
[ACTUALIZAR PAGOS · AUTO] === Ejecución finalizada con éxito ===
[ACTUALIZAR PAGOS · AUTO] ℹ No se subió ningún archivo a ningún sistema externo en esta corrida: por política, el log detallado no se conserva en disco.
🤖 [Automático] Es hora de actualizar pagos. Arrancando...
[ACTUALIZAR PAGOS · AUTO] === Inicio de ejecución: pagos ===
[ACTUALIZAR PAGOS · AUTO] ▶ [LoginSemytPaso] Iniciando...
[ACTUALIZAR PAGOS · AUTO] ==================================================
[ACTUALIZAR PAGOS · AUTO] 🚀 PASO: LoginSemytPaso
[ACTUALIZAR PAGOS · AUTO] ==================================================
[ACTUALIZAR PAGOS · AUTO] Abriendo SEMyT...
[ACTUALIZAR PAGOS · AUTO] ✅ [SEMyT] Sesión existente detectada. Login omitido.
[ACTUALIZAR PAGOS · AUTO] ✅ LoginSemytPaso finalizado. (⏱ 4.2s)
[ACTUALIZAR PAGOS · AUTO] ✓ [LoginSemytPaso] Completado.
[ACTUALIZAR PAGOS · AUTO] ▶ [LoginJuzgadoPaso] Iniciando...
[ACTUALIZAR PAGOS · AUTO] ==================================================
[ACTUALIZAR PAGOS · AUTO] 🚀 PASO: LoginJuzgadoPaso
[ACTUALIZAR PAGOS · AUTO] ==================================================
[ACTUALIZAR PAGOS · AUTO] Abriendo sitio municipalidad (CiDi)...
[ACTUALIZAR PAGOS · AUTO] ✅ [Juzgado] Sesión existente detectada. Login omitido.
[ACTUALIZAR PAGOS · AUTO] ✅ LoginJuzgadoPaso finalizado. (⏱ 2.0s)
[ACTUALIZAR PAGOS · AUTO] ✓ [LoginJuzgadoPaso] Completado.
[ACTUALIZAR PAGOS · AUTO] ▶ [DescargasParalelasPaso] Iniciando...
[ACTUALIZAR PAGOS · AUTO] ==================================================
[ACTUALIZAR PAGOS · AUTO] 🚀 PASO: DescargasParalelasPaso
[ACTUALIZAR PAGOS · AUTO] ==================================================
[ACTUALIZAR PAGOS · AUTO] 📤 Arrancando las 3 descargas en paralelo (mismo browser, páginas separadas)...
[ACTUALIZAR PAGOS · AUTO] Fecha Desde: 27/06/2024
[ACTUALIZAR PAGOS · AUTO] Fecha Hasta: 24/11/2025
[ACTUALIZAR PAGOS · AUTO] Fecha Desde: 25/11/2025
[ACTUALIZAR PAGOS · AUTO] Fecha Hasta: 20/07/2026
[ACTUALIZAR PAGOS · AUTO] Descargando Excel...
[ACTUALIZAR PAGOS · AUTO] Descargando Excel...
⏳ [Automático] Tocaba disparar 'pagos' pero ya hay una ejecución en curso (Actualizar pagos); esperando a que termine; se reintenta en breve sin perder el turno.
[ACTUALIZAR PAGOS · AUTO] Archivo descargado en: backend/descargas/cache_actas_cruce/MULTAS_JUZGADO_CRUCE.xlsx
[ACTUALIZAR PAGOS · AUTO] ⏱ [actas_juzgado] completado en 19.8s
[ACTUALIZAR PAGOS · AUTO] Archivo descargado en: backend/descargas/cache_actas_cruce/MULTAS_SIGEMI_CRUCE.xlsx
[ACTUALIZAR PAGOS · AUTO] ⏱ [actas_sigemi] completado en 42.1s
[ACTUALIZAR PAGOS · AUTO] ✅ TXT de pagos descargado en: backend/descargas/pagos/2026-07-20/PAGOS DESCARGADOS.txt
[ACTUALIZAR PAGOS · AUTO] ⏱ [pagos_txt] completado en 42.2s
[ACTUALIZAR PAGOS · AUTO] ⏱ TOTAL descargas en paralelo: 42.2s
[ACTUALIZAR PAGOS · AUTO] ✅ DescargasParalelasPaso finalizado. (⏱ 43.4s)
[ACTUALIZAR PAGOS · AUTO] ✓ [DescargasParalelasPaso] Completado.
[ACTUALIZAR PAGOS · AUTO] ▶ [CompararActasPaso] Iniciando...
[ACTUALIZAR PAGOS · AUTO] ==================================================
[ACTUALIZAR PAGOS · AUTO] 🚀 PASO: CompararActasPaso
[ACTUALIZAR PAGOS · AUTO] ==================================================
[ACTUALIZAR PAGOS · AUTO] 🔍 Comparando actas del SEMyT contra pagos del Juzgado...
[ACTUALIZAR PAGOS · AUTO] ================================================================================
[ACTUALIZAR PAGOS · AUTO] INICIANDO PROCESO DE GENERACIÓN DE PAGOS DESACTUALIZADOS
[ACTUALIZAR PAGOS · AUTO] ================================================================================
[ACTUALIZAR PAGOS · AUTO] 📂 Cargando archivos...
[ACTUALIZAR PAGOS · AUTO]   ✓ Pagos: 15472 registros
[ACTUALIZAR PAGOS · AUTO]   ✓ Excel SIGEMI (multas vencidas viejas): 104166 registros
[ACTUALIZAR PAGOS · AUTO]   ✓ Excel Juzgado (multas vencidas nuevas): 39500 registros
[ACTUALIZAR PAGOS · AUTO] ================================================================================
[ACTUALIZAR PAGOS · AUTO] PASO 1: LLENANDO ACTA_NUMERO (búsqueda por patente + fecha, con desempate por hora)
[ACTUALIZAR PAGOS · AUTO] ================================================================================
[ACTUALIZAR PAGOS · AUTO] 📊 ESTADÍSTICAS DE LLENADO DE ACTAS:
[ACTUALIZAR PAGOS · AUTO]   • Pagos con acta ORIGINAL: 2045
[ACTUALIZAR PAGOS · AUTO]   • Pagos SIN acta (buscados): 13427
[ACTUALIZAR PAGOS · AUTO]   • Pagos LLENADOS exitosamente: 0
[ACTUALIZAR PAGOS · AUTO]   • Pagos NO encontrados en multas: 13427
[ACTUALIZAR PAGOS · AUTO]   • Pagos SIN RESOLVER por desbalance de cantidades: 0
[ACTUALIZAR PAGOS · AUTO] ================================================================================
[ACTUALIZAR PAGOS · AUTO] PASO 1: LLENANDO ACTA_NUMERO (búsqueda por patente + fecha, con desempate por hora)
[ACTUALIZAR PAGOS · AUTO] ================================================================================
[ACTUALIZAR PAGOS · AUTO] 📊 ESTADÍSTICAS DE LLENADO DE ACTAS:
[ACTUALIZAR PAGOS · AUTO]   • Pagos con acta ORIGINAL: 2045
[ACTUALIZAR PAGOS · AUTO]   • Pagos SIN acta (buscados): 13427
[ACTUALIZAR PAGOS · AUTO]   • Pagos LLENADOS exitosamente: 0
[ACTUALIZAR PAGOS · AUTO]   • Pagos NO encontrados en multas: 13427
[ACTUALIZAR PAGOS · AUTO]   • Pagos SIN RESOLVER por desbalance de cantidades: 0
[ACTUALIZAR PAGOS · AUTO] ⏱ PASO 1 (llenar actas): 15.9s
[ACTUALIZAR PAGOS · AUTO] ================================================================================
[ACTUALIZAR PAGOS · AUTO] PASO 2: FILTRANDO PAGOS CON ACTA_NUMERO COMPLETO
[ACTUALIZAR PAGOS · AUTO] ================================================================================
[ACTUALIZAR PAGOS · AUTO] 📊 ESTADÍSTICAS DE FILTRADO:
[ACTUALIZAR PAGOS · AUTO]   • Pagos TOTALES al inicio: 15472
[ACTUALIZAR PAGOS · AUTO]   • Pagos CON acta (MANTIENEN): 2045
[ACTUALIZAR PAGOS · AUTO]   • Pagos RECHAZADOS (sin coincidencias): 13427
[ACTUALIZAR PAGOS · AUTO] ⚠️  Se eliminaron 13427 registros sin número de acta
[ACTUALIZAR PAGOS · AUTO]      (recordá: esto incluye tanto pagos ya actualizados/pagados
[ACTUALIZAR PAGOS · AUTO]       como pagos que quedaron sin resolver por desbalance en el Paso 1)
[ACTUALIZAR PAGOS · AUTO] ================================================================================
[ACTUALIZAR PAGOS · AUTO] PASO 2-bis: CONFIRMANDO VIGENCIA DE PAGOS DEL SISTEMA NUEVO (contra MULTAS_JUZGADO_CRUCE)
[ACTUALIZAR PAGOS · AUTO] ================================================================================
[ACTUALIZAR PAGOS · AUTO]   ⚠ 2045 pago(s) del sistema nuevo descartados: su acta ya no figura como vencida en MULTAS_JUZGADO_CRUCE (SEMyT ya los actualizó).
[ACTUALIZAR PAGOS · AUTO]   • Pagos del sistema nuevo descartados por ya estar actualizados: 2045
[ACTUALIZAR PAGOS · AUTO] ⏱ PASO 2 (filtrar): 1.0s
[ACTUALIZAR PAGOS · AUTO] 📂 Cargando maestro de causas SIGEMI...
[ACTUALIZAR PAGOS · AUTO]   ✓ Causas totales (maestro): 134069 registros
[ACTUALIZAR PAGOS · AUTO] ⏱ PASO 2.5 (causas simplificado): 0.1s
[ACTUALIZAR PAGOS · AUTO] ================================================================================
[ACTUALIZAR PAGOS · AUTO] PASO 2.5: ARMANDO causas.txt SIMPLIFICADO (cruce contra total_causas_sigemi.txt)
[ACTUALIZAR PAGOS · AUTO] ================================================================================
[ACTUALIZAR PAGOS · AUTO]   • Actas vencidas viejas (multas): 104166
[ACTUALIZAR PAGOS · AUTO]   • Causas totales en el maestro SIGEMI: 134069
[ACTUALIZAR PAGOS · AUTO]   • Causas que coinciden (simplificado): 103835
[ACTUALIZAR PAGOS · AUTO]   ✅ Archivo escrito: backend/descargas/causas/causas.txt
[ACTUALIZAR PAGOS · AUTO] ⏱ PASO 2.5 (causas simplificado): 2.4s
[ACTUALIZAR PAGOS · AUTO] ⚠️  NO HAY PAGOS CON ACTA_NUMERO PARA PROCESAR
[ACTUALIZAR PAGOS · AUTO] Creando archivo vacío...
[ACTUALIZAR PAGOS · AUTO] ✅ TXT de pagos (ya cruzado con actas y causas) generado en: backend/descargas/pagos/2026-07-20/PAGOS 20260720 200551.txt
[ACTUALIZAR PAGOS · AUTO] 🧹 TXT de pagos crudo eliminado (ya usado en el cruce): backend/descargas/pagos/2026-07-20/PAGOS DESCARGADOS.txt
[ACTUALIZAR PAGOS · AUTO] 🧹 Excel MULTAS_SIGEMI_CRUCE eliminado (ya usado en el cruce): backend/descargas/cache_actas_cruce/MULTAS_SIGEMI_CRUCE.xlsx
[ACTUALIZAR PAGOS · AUTO] 🧹 Excel MULTAS_JUZGADO_CRUCE eliminado (ya usado en el cruce): backend/descargas/cache_actas_cruce/MULTAS_JUZGADO_CRUCE.xlsx
[ACTUALIZAR PAGOS · AUTO] ✅ CompararActasPaso finalizado. (⏱ 45.0s)
[ACTUALIZAR PAGOS · AUTO] ✓ [CompararActasPaso] Completado.
[ACTUALIZAR PAGOS · AUTO] ▶ [CargarPagosPaso] Iniciando...
[ACTUALIZAR PAGOS · AUTO] ==================================================
[ACTUALIZAR PAGOS · AUTO] 🚀 PASO: CargarPagosPaso
[ACTUALIZAR PAGOS · AUTO] ==================================================
[ACTUALIZAR PAGOS · AUTO] ℹ No se encontraron pagos para actualizar (el TXT final no tiene registros).
[ACTUALIZAR PAGOS · AUTO] 🧹 TXT de pagos sin registros eliminado (nada para subir): backend/descargas/pagos/2026-07-20/PAGOS 20260720 200551.txt
[ACTUALIZAR PAGOS · AUTO] ⏭ Se omite la carga al SEMyT.
[ACTUALIZAR PAGOS · AUTO] ✅ CargarPagosPaso finalizado. (⏱ 0.0s)
[ACTUALIZAR PAGOS · AUTO] ✓ [CargarPagosPaso] Completado.
[ACTUALIZAR PAGOS · AUTO] === Ejecución finalizada con éxito ===
[ACTUALIZAR PAGOS · AUTO] ℹ No se subió ningún archivo a ningún sistema externo en esta corrida: por política, el log detallado no se conserva en disco.
🤖 [Automático] Es hora de actualizar pagos. Arrancando...
[ACTUALIZAR PAGOS · AUTO] === Inicio de ejecución: pagos ===
[ACTUALIZAR PAGOS · AUTO] ▶ [LoginSemytPaso] Iniciando...
[ACTUALIZAR PAGOS · AUTO] ==================================================
[ACTUALIZAR PAGOS · AUTO] 🚀 PASO: LoginSemytPaso
[ACTUALIZAR PAGOS · AUTO] ==================================================
[ACTUALIZAR PAGOS · AUTO] Abriendo SEMyT...
[ACTUALIZAR PAGOS · AUTO] ✅ [SEMyT] Sesión existente detectada. Login omitido.
[ACTUALIZAR PAGOS · AUTO] ✅ LoginSemytPaso finalizado. (⏱ 4.5s)
[ACTUALIZAR PAGOS · AUTO] ✓ [LoginSemytPaso] Completado.
[ACTUALIZAR PAGOS · AUTO] ▶ [LoginJuzgadoPaso] Iniciando...
[ACTUALIZAR PAGOS · AUTO] ==================================================
[ACTUALIZAR PAGOS · AUTO] 🚀 PASO: LoginJuzgadoPaso
[ACTUALIZAR PAGOS · AUTO] ==================================================
[ACTUALIZAR PAGOS · AUTO] Abriendo sitio municipalidad (CiDi)...
[ACTUALIZAR PAGOS · AUTO] ✅ [Juzgado] Sesión existente detectada. Login omitido.
[ACTUALIZAR PAGOS · AUTO] ✅ LoginJuzgadoPaso finalizado. (⏱ 1.1s)
[ACTUALIZAR PAGOS · AUTO] ✓ [LoginJuzgadoPaso] Completado.
[ACTUALIZAR PAGOS · AUTO] ▶ [DescargasParalelasPaso] Iniciando...
[ACTUALIZAR PAGOS · AUTO] ==================================================
[ACTUALIZAR PAGOS · AUTO] 🚀 PASO: DescargasParalelasPaso
[ACTUALIZAR PAGOS · AUTO] ==================================================
[ACTUALIZAR PAGOS · AUTO] 📤 Arrancando las 3 descargas en paralelo (mismo browser, páginas separadas)...
[ACTUALIZAR PAGOS · AUTO] Fecha Desde: 27/06/2024
[ACTUALIZAR PAGOS · AUTO] Fecha Hasta: 24/11/2025
[ACTUALIZAR PAGOS · AUTO] Fecha Desde: 25/11/2025
[ACTUALIZAR PAGOS · AUTO] Fecha Hasta: 20/07/2026
[ACTUALIZAR PAGOS · AUTO] Descargando Excel...
[ACTUALIZAR PAGOS · AUTO] Descargando Excel...
⏳ [Automático] Tocaba disparar 'pagos' pero ya hay una ejecución en curso (Actualizar pagos); esperando a que termine; se reintenta en breve sin perder el turno.
[ACTUALIZAR PAGOS · AUTO] Archivo descargado en: backend/descargas/cache_actas_cruce/MULTAS_JUZGADO_CRUCE.xlsx
[ACTUALIZAR PAGOS · AUTO] ⏱ [actas_juzgado] completado en 17.7s
[ACTUALIZAR PAGOS · AUTO] Archivo descargado en: backend/descargas/cache_actas_cruce/MULTAS_SIGEMI_CRUCE.xlsx
[ACTUALIZAR PAGOS · AUTO] ⏱ [actas_sigemi] completado en 40.1s
[ACTUALIZAR PAGOS · AUTO] ✅ TXT de pagos descargado en: backend/descargas/pagos/2026-07-20/PAGOS DESCARGADOS.txt
[ACTUALIZAR PAGOS · AUTO] ⏱ [pagos_txt] completado en 40.2s
[ACTUALIZAR PAGOS · AUTO] ⏱ TOTAL descargas en paralelo: 40.2s
[ACTUALIZAR PAGOS · AUTO] ✅ DescargasParalelasPaso finalizado. (⏱ 41.5s)
[ACTUALIZAR PAGOS · AUTO] ✓ [DescargasParalelasPaso] Completado.
[ACTUALIZAR PAGOS · AUTO] ▶ [CompararActasPaso] Iniciando...
[ACTUALIZAR PAGOS · AUTO] ==================================================
[ACTUALIZAR PAGOS · AUTO] 🚀 PASO: CompararActasPaso
[ACTUALIZAR PAGOS · AUTO] ==================================================
[ACTUALIZAR PAGOS · AUTO] 🔍 Comparando actas del SEMyT contra pagos del Juzgado...
[ACTUALIZAR PAGOS · AUTO] ================================================================================
[ACTUALIZAR PAGOS · AUTO] INICIANDO PROCESO DE GENERACIÓN DE PAGOS DESACTUALIZADOS
[ACTUALIZAR PAGOS · AUTO] ================================================================================
[ACTUALIZAR PAGOS · AUTO] 📂 Cargando archivos...
[ACTUALIZAR PAGOS · AUTO]   ✓ Pagos: 15472 registros
[ACTUALIZAR PAGOS · AUTO]   ✓ Excel SIGEMI (multas vencidas viejas): 104166 registros
[ACTUALIZAR PAGOS · AUTO]   ✓ Excel Juzgado (multas vencidas nuevas): 39500 registros
[ACTUALIZAR PAGOS · AUTO] ================================================================================
[ACTUALIZAR PAGOS · AUTO] PASO 1: LLENANDO ACTA_NUMERO (búsqueda por patente + fecha, con desempate por hora)
[ACTUALIZAR PAGOS · AUTO] ================================================================================
[ACTUALIZAR PAGOS · AUTO] 📊 ESTADÍSTICAS DE LLENADO DE ACTAS:
[ACTUALIZAR PAGOS · AUTO]   • Pagos con acta ORIGINAL: 2045
[ACTUALIZAR PAGOS · AUTO]   • Pagos SIN acta (buscados): 13427
[ACTUALIZAR PAGOS · AUTO]   • Pagos LLENADOS exitosamente: 0
[ACTUALIZAR PAGOS · AUTO]   • Pagos NO encontrados en multas: 13427
[ACTUALIZAR PAGOS · AUTO]   • Pagos SIN RESOLVER por desbalance de cantidades: 0
[ACTUALIZAR PAGOS · AUTO] ================================================================================
[ACTUALIZAR PAGOS · AUTO] PASO 1: LLENANDO ACTA_NUMERO (búsqueda por patente + fecha, con desempate por hora)
[ACTUALIZAR PAGOS · AUTO] ================================================================================
[ACTUALIZAR PAGOS · AUTO] 📊 ESTADÍSTICAS DE LLENADO DE ACTAS:
[ACTUALIZAR PAGOS · AUTO]   • Pagos con acta ORIGINAL: 2045
[ACTUALIZAR PAGOS · AUTO]   • Pagos SIN acta (buscados): 13427
[ACTUALIZAR PAGOS · AUTO]   • Pagos LLENADOS exitosamente: 0
[ACTUALIZAR PAGOS · AUTO]   • Pagos NO encontrados en multas: 13427
[ACTUALIZAR PAGOS · AUTO]   • Pagos SIN RESOLVER por desbalance de cantidades: 0
[ACTUALIZAR PAGOS · AUTO] ⏱ PASO 1 (llenar actas): 18.2s
[ACTUALIZAR PAGOS · AUTO] ================================================================================
[ACTUALIZAR PAGOS · AUTO] PASO 2: FILTRANDO PAGOS CON ACTA_NUMERO COMPLETO
[ACTUALIZAR PAGOS · AUTO] ================================================================================
[ACTUALIZAR PAGOS · AUTO] 📊 ESTADÍSTICAS DE FILTRADO:
[ACTUALIZAR PAGOS · AUTO]   • Pagos TOTALES al inicio: 15472
[ACTUALIZAR PAGOS · AUTO]   • Pagos CON acta (MANTIENEN): 2045
[ACTUALIZAR PAGOS · AUTO]   • Pagos RECHAZADOS (sin coincidencias): 13427
[ACTUALIZAR PAGOS · AUTO] ⚠️  Se eliminaron 13427 registros sin número de acta
[ACTUALIZAR PAGOS · AUTO]      (recordá: esto incluye tanto pagos ya actualizados/pagados
[ACTUALIZAR PAGOS · AUTO]       como pagos que quedaron sin resolver por desbalance en el Paso 1)
[ACTUALIZAR PAGOS · AUTO] ================================================================================
[ACTUALIZAR PAGOS · AUTO] PASO 2-bis: CONFIRMANDO VIGENCIA DE PAGOS DEL SISTEMA NUEVO (contra MULTAS_JUZGADO_CRUCE)
[ACTUALIZAR PAGOS · AUTO] ================================================================================
[ACTUALIZAR PAGOS · AUTO]   ⚠ 2045 pago(s) del sistema nuevo descartados: su acta ya no figura como vencida en MULTAS_JUZGADO_CRUCE (SEMyT ya los actualizó).
[ACTUALIZAR PAGOS · AUTO]   • Pagos del sistema nuevo descartados por ya estar actualizados: 2045
[ACTUALIZAR PAGOS · AUTO] ⏱ PASO 2 (filtrar): 1.0s
[ACTUALIZAR PAGOS · AUTO] 📂 Cargando maestro de causas SIGEMI...
[ACTUALIZAR PAGOS · AUTO]   ✓ Causas totales (maestro): 134069 registros
[ACTUALIZAR PAGOS · AUTO] ⏱ PASO 2.5 (causas simplificado): 0.2s
[ACTUALIZAR PAGOS · AUTO] ================================================================================
[ACTUALIZAR PAGOS · AUTO] PASO 2.5: ARMANDO causas.txt SIMPLIFICADO (cruce contra total_causas_sigemi.txt)
[ACTUALIZAR PAGOS · AUTO] ================================================================================
[ACTUALIZAR PAGOS · AUTO]   • Actas vencidas viejas (multas): 104166
[ACTUALIZAR PAGOS · AUTO]   • Causas totales en el maestro SIGEMI: 134069
[ACTUALIZAR PAGOS · AUTO]   • Causas que coinciden (simplificado): 103835
[ACTUALIZAR PAGOS · AUTO]   ✅ Archivo escrito: backend/descargas/causas/causas.txt
[ACTUALIZAR PAGOS · AUTO] ⏱ PASO 2.5 (causas simplificado): 2.4s
[ACTUALIZAR PAGOS · AUTO] ⚠️  NO HAY PAGOS CON ACTA_NUMERO PARA PROCESAR
[ACTUALIZAR PAGOS · AUTO] Creando archivo vacío...
[ACTUALIZAR PAGOS · AUTO] ✅ TXT de pagos (ya cruzado con actas y causas) generado en: backend/descargas/pagos/2026-07-20/PAGOS 20260720 201737.txt
[ACTUALIZAR PAGOS · AUTO] 🧹 TXT de pagos crudo eliminado (ya usado en el cruce): backend/descargas/pagos/2026-07-20/PAGOS DESCARGADOS.txt
[ACTUALIZAR PAGOS · AUTO] 🧹 Excel MULTAS_SIGEMI_CRUCE eliminado (ya usado en el cruce): backend/descargas/cache_actas_cruce/MULTAS_SIGEMI_CRUCE.xlsx
[ACTUALIZAR PAGOS · AUTO] 🧹 Excel MULTAS_JUZGADO_CRUCE eliminado (ya usado en el cruce): backend/descargas/cache_actas_cruce/MULTAS_JUZGADO_CRUCE.xlsx
[ACTUALIZAR PAGOS · AUTO] ✅ CompararActasPaso finalizado. (⏱ 47.4s)
[ACTUALIZAR PAGOS · AUTO] ✓ [CompararActasPaso] Completado.
[ACTUALIZAR PAGOS · AUTO] ▶ [CargarPagosPaso] Iniciando...
[ACTUALIZAR PAGOS · AUTO] ==================================================
[ACTUALIZAR PAGOS · AUTO] 🚀 PASO: CargarPagosPaso
[ACTUALIZAR PAGOS · AUTO] ==================================================
[ACTUALIZAR PAGOS · AUTO] ℹ No se encontraron pagos para actualizar (el TXT final no tiene registros).
[ACTUALIZAR PAGOS · AUTO] 🧹 TXT de pagos sin registros eliminado (nada para subir): backend/descargas/pagos/2026-07-20/PAGOS 20260720 201737.txt
[ACTUALIZAR PAGOS · AUTO] ⏭ Se omite la carga al SEMyT.
[ACTUALIZAR PAGOS · AUTO] ✅ CargarPagosPaso finalizado. (⏱ 0.0s)
[ACTUALIZAR PAGOS · AUTO] ✓ [CargarPagosPaso] Completado.
[ACTUALIZAR PAGOS · AUTO] === Ejecución finalizada con éxito ===
[ACTUALIZAR PAGOS · AUTO] ℹ No se subió ningún archivo a ningún sistema externo en esta corrida: por política, el log detallado no se conserva en disco.
🤖 [Automático] Es hora de actualizar pagos. Arrancando...
[ACTUALIZAR PAGOS · AUTO] === Inicio de ejecución: pagos ===
[ACTUALIZAR PAGOS · AUTO] ❌ === ERROR: ImportError: cannot import name 'escribir_csv_recibos_faltantes' from 'backend.orquestador.recibos_faltantes' (/Users/nicolascesolari/Downloads/proyectoJuzgado(perfect) /backend/orquestador/recibos_faltantes.py) ===
[ACTUALIZAR PAGOS · AUTO] Traceback (most recent call last):
[ACTUALIZAR PAGOS · AUTO]   File "/Users/nicolascesolari/Downloads/proyectoJuzgado(perfect) /backend/orquestador/trabajador.py", line 87, in ejecutar_worker
[ACTUALIZAR PAGOS · AUTO]     contexto_resultado = asyncio.run(
[ACTUALIZAR PAGOS · AUTO]         _correr_tipo(tipo, origen, fecha_desde_multas_manual, archivo_creado)
[ACTUALIZAR PAGOS · AUTO]     )
[ACTUALIZAR PAGOS · AUTO]   File "/Library/Frameworks/Python.framework/Versions/3.14/lib/python3.14/asyncio/runners.py", line 205, in run
[ACTUALIZAR PAGOS · AUTO]     return runner.run(main)
[ACTUALIZAR PAGOS · AUTO]            ~~~~~~~~~~^^^^^^
[ACTUALIZAR PAGOS · AUTO]   File "/Library/Frameworks/Python.framework/Versions/3.14/lib/python3.14/asyncio/runners.py", line 128, in run
[ACTUALIZAR PAGOS · AUTO]     return self._loop.run_until_complete(task)
[ACTUALIZAR PAGOS · AUTO]            ~~~~~~~~~~~~~~~~~~~~~~~~~~~~~^^^^^^
[ACTUALIZAR PAGOS · AUTO]   File "/Library/Frameworks/Python.framework/Versions/3.14/lib/python3.14/asyncio/base_events.py", line 719, in run_until_complete
[ACTUALIZAR PAGOS · AUTO]     return future.result()
[ACTUALIZAR PAGOS · AUTO]            ~~~~~~~~~~~~~^^
[ACTUALIZAR PAGOS · AUTO]   File "/Users/nicolascesolari/Downloads/proyectoJuzgado(perfect) /backend/orquestador/trabajador.py", line 141, in _correr_tipo
[ACTUALIZAR PAGOS · AUTO]     from backend.workflows.pagos_no_impactados_workflow import PagosNoImpactadosWorkflow
[ACTUALIZAR PAGOS · AUTO]   File "/Users/nicolascesolari/Downloads/proyectoJuzgado(perfect) /backend/workflows/pagos_no_impactados_workflow.py", line 2, in <module>
[ACTUALIZAR PAGOS · AUTO]     from backend.pasos.descargar_pagos_paso import DescargarPagosPaso
[ACTUALIZAR PAGOS · AUTO]   File "/Users/nicolascesolari/Downloads/proyectoJuzgado(perfect) /backend/pasos/descargar_pagos_paso.py", line 8, in <module>
[ACTUALIZAR PAGOS · AUTO]     from backend.orquestador.recibos_faltantes import (
[ACTUALIZAR PAGOS · AUTO]     ...<2 lines>...
[ACTUALIZAR PAGOS · AUTO]     )
[ACTUALIZAR PAGOS · AUTO] ImportError: cannot import name 'escribir_csv_recibos_faltantes' from 'backend.orquestador.recibos_faltantes' (/Users/nicolascesolari/Downloads/proyectoJuzgado(perfect) /backend/orquestador/recibos_faltantes.py)
ℹ El log detallado de esta corrida no se conservó en disco (no se llegó a subir ningún archivo).
❌ [Automático] 'pagos' falló (intento 1 de 4). Se reintenta a las 20:33.
🤖 [Automático] Es hora de actualizar pagos (reintento 1 de 3). Arrancando...
[ACTUALIZAR PAGOS · AUTO] === Inicio de ejecución: pagos ===
[ACTUALIZAR PAGOS · AUTO] ▶ [LoginSemytPaso] Iniciando...
[ACTUALIZAR PAGOS · AUTO] ==================================================
[ACTUALIZAR PAGOS · AUTO] 🚀 PASO: LoginSemytPaso
[ACTUALIZAR PAGOS · AUTO] ==================================================
[ACTUALIZAR PAGOS · AUTO] Abriendo SEMyT...
[ACTUALIZAR PAGOS · AUTO] ✅ [SEMyT] Sesión existente detectada. Login omitido.
[ACTUALIZAR PAGOS · AUTO] ✅ LoginSemytPaso finalizado. (⏱ 4.1s)
[ACTUALIZAR PAGOS · AUTO] ✓ [LoginSemytPaso] Completado.
[ACTUALIZAR PAGOS · AUTO] ▶ [LoginJuzgadoPaso] Iniciando...
[ACTUALIZAR PAGOS · AUTO] ==================================================
[ACTUALIZAR PAGOS · AUTO] 🚀 PASO: LoginJuzgadoPaso
[ACTUALIZAR PAGOS · AUTO] ==================================================
[ACTUALIZAR PAGOS · AUTO] Abriendo sitio municipalidad (CiDi)...
[ACTUALIZAR PAGOS · AUTO] ✅ [Juzgado] Sesión existente detectada. Login omitido.
[ACTUALIZAR PAGOS · AUTO] ✅ LoginJuzgadoPaso finalizado. (⏱ 2.1s)
[ACTUALIZAR PAGOS · AUTO] ✓ [LoginJuzgadoPaso] Completado.
[ACTUALIZAR PAGOS · AUTO] ▶ [DescargasParalelasPaso] Iniciando...
[ACTUALIZAR PAGOS · AUTO] ==================================================
[ACTUALIZAR PAGOS · AUTO] 🚀 PASO: DescargasParalelasPaso
[ACTUALIZAR PAGOS · AUTO] ==================================================
[ACTUALIZAR PAGOS · AUTO] 📤 Arrancando las 3 descargas en paralelo (mismo browser, páginas separadas)...
[ACTUALIZAR PAGOS · AUTO] Fecha Desde: 27/06/2024
[ACTUALIZAR PAGOS · AUTO] Fecha Hasta: 24/11/2025
[ACTUALIZAR PAGOS · AUTO] Fecha Desde: 25/11/2025
[ACTUALIZAR PAGOS · AUTO] Fecha Hasta: 20/07/2026
[ACTUALIZAR PAGOS · AUTO] Descargando Excel...
[ACTUALIZAR PAGOS · AUTO] Descargando Excel...
⏳ [Automático] Tocaba disparar 'pagos' pero ya hay una ejecución en curso (Actualizar pagos); esperando a que termine; se reintenta en breve sin perder el turno.
[ACTUALIZAR PAGOS · AUTO] Archivo descargado en: backend/descargas/cache_actas_cruce/MULTAS_JUZGADO_CRUCE.xlsx
[ACTUALIZAR PAGOS · AUTO] ⏱ [actas_juzgado] completado en 18.7s
[ACTUALIZAR PAGOS · AUTO] ✅ TXT de pagos descargado en: backend/descargas/pagos/2026-07-20/PAGOS DESCARGADOS.txt
[ACTUALIZAR PAGOS · AUTO] ⏱ [pagos_txt] completado en 19.0s
[ACTUALIZAR PAGOS · AUTO] Archivo descargado en: backend/descargas/cache_actas_cruce/MULTAS_SIGEMI_CRUCE.xlsx
[ACTUALIZAR PAGOS · AUTO] ⏱ [actas_sigemi] completado en 38.5s
[ACTUALIZAR PAGOS · AUTO] ⏱ TOTAL descargas en paralelo: 38.5s
[ACTUALIZAR PAGOS · AUTO] ✅ DescargasParalelasPaso finalizado. (⏱ 39.6s)
[ACTUALIZAR PAGOS · AUTO] ✓ [DescargasParalelasPaso] Completado.
[ACTUALIZAR PAGOS · AUTO] ▶ [CompararActasPaso] Iniciando...
[ACTUALIZAR PAGOS · AUTO] ==================================================
[ACTUALIZAR PAGOS · AUTO] 🚀 PASO: CompararActasPaso
[ACTUALIZAR PAGOS · AUTO] ==================================================
[ACTUALIZAR PAGOS · AUTO] 🔍 Comparando actas del SEMyT contra pagos del Juzgado...
[ACTUALIZAR PAGOS · AUTO] ================================================================================
[ACTUALIZAR PAGOS · AUTO] INICIANDO PROCESO DE GENERACIÓN DE PAGOS DESACTUALIZADOS
[ACTUALIZAR PAGOS · AUTO] ================================================================================
[ACTUALIZAR PAGOS · AUTO] 📂 Cargando archivos...
[ACTUALIZAR PAGOS · AUTO]   ✓ Pagos: 15472 registros
[ACTUALIZAR PAGOS · AUTO]   ✓ Excel SIGEMI (multas vencidas viejas): 104166 registros
[ACTUALIZAR PAGOS · AUTO]   ✓ Excel Juzgado (multas vencidas nuevas): 39500 registros
[ACTUALIZAR PAGOS · AUTO] ================================================================================
[ACTUALIZAR PAGOS · AUTO] PASO 1: LLENANDO ACTA_NUMERO (búsqueda por patente + fecha, con desempate por hora)
[ACTUALIZAR PAGOS · AUTO] ================================================================================
[ACTUALIZAR PAGOS · AUTO] 📊 ESTADÍSTICAS DE LLENADO DE ACTAS:
[ACTUALIZAR PAGOS · AUTO]   • Pagos con acta ORIGINAL: 2045
[ACTUALIZAR PAGOS · AUTO]   • Pagos SIN acta (buscados): 13427
[ACTUALIZAR PAGOS · AUTO]   • Pagos LLENADOS exitosamente: 0
[ACTUALIZAR PAGOS · AUTO]   • Pagos NO encontrados en multas: 13427
[ACTUALIZAR PAGOS · AUTO]   • Pagos SIN RESOLVER por desbalance de cantidades: 0
[ACTUALIZAR PAGOS · AUTO] ================================================================================
[ACTUALIZAR PAGOS · AUTO] PASO 1: LLENANDO ACTA_NUMERO (búsqueda por patente + fecha, con desempate por hora)
[ACTUALIZAR PAGOS · AUTO] ================================================================================
[ACTUALIZAR PAGOS · AUTO] 📊 ESTADÍSTICAS DE LLENADO DE ACTAS:
[ACTUALIZAR PAGOS · AUTO]   • Pagos con acta ORIGINAL: 2045
[ACTUALIZAR PAGOS · AUTO]   • Pagos SIN acta (buscados): 13427
[ACTUALIZAR PAGOS · AUTO]   • Pagos LLENADOS exitosamente: 0
[ACTUALIZAR PAGOS · AUTO]   • Pagos NO encontrados en multas: 13427
[ACTUALIZAR PAGOS · AUTO]   • Pagos SIN RESOLVER por desbalance de cantidades: 0
[ACTUALIZAR PAGOS · AUTO] ⏱ PASO 1 (llenar actas): 16.4s
[ACTUALIZAR PAGOS · AUTO] ================================================================================
[ACTUALIZAR PAGOS · AUTO] PASO 2: FILTRANDO PAGOS CON ACTA_NUMERO COMPLETO
[ACTUALIZAR PAGOS · AUTO] ================================================================================
[ACTUALIZAR PAGOS · AUTO] 📊 ESTADÍSTICAS DE FILTRADO:
[ACTUALIZAR PAGOS · AUTO]   • Pagos TOTALES al inicio: 15472
[ACTUALIZAR PAGOS · AUTO]   • Pagos CON acta (MANTIENEN): 2045
[ACTUALIZAR PAGOS · AUTO]   • Pagos RECHAZADOS (sin coincidencias): 13427
[ACTUALIZAR PAGOS · AUTO] ⚠️  Se eliminaron 13427 registros sin número de acta
[ACTUALIZAR PAGOS · AUTO]      (recordá: esto incluye tanto pagos ya actualizados/pagados
[ACTUALIZAR PAGOS · AUTO]       como pagos que quedaron sin resolver por desbalance en el Paso 1)
[ACTUALIZAR PAGOS · AUTO] ================================================================================
[ACTUALIZAR PAGOS · AUTO] PASO 2-bis: CONFIRMANDO VIGENCIA DE PAGOS DEL SISTEMA NUEVO (contra MULTAS_JUZGADO_CRUCE)
[ACTUALIZAR PAGOS · AUTO] ================================================================================
[ACTUALIZAR PAGOS · AUTO]   ⚠ 2045 pago(s) del sistema nuevo descartados: su acta ya no figura como vencida en MULTAS_JUZGADO_CRUCE (SEMyT ya los actualizó).
[ACTUALIZAR PAGOS · AUTO]   • Pagos del sistema nuevo descartados por ya estar actualizados: 2045
[ACTUALIZAR PAGOS · AUTO] ⏱ PASO 2 (filtrar): 0.7s
[ACTUALIZAR PAGOS · AUTO] 📂 Cargando maestro de causas SIGEMI...
[ACTUALIZAR PAGOS · AUTO]   ✓ Causas totales (maestro): 134069 registros
[ACTUALIZAR PAGOS · AUTO] ⏱ PASO 2.5 (causas simplificado): 0.1s
[ACTUALIZAR PAGOS · AUTO] ================================================================================
[ACTUALIZAR PAGOS · AUTO] PASO 2.5: ARMANDO causas.txt SIMPLIFICADO (cruce contra total_causas_sigemi.txt)
[ACTUALIZAR PAGOS · AUTO] ================================================================================
[ACTUALIZAR PAGOS · AUTO]   • Actas vencidas viejas (multas): 104166
[ACTUALIZAR PAGOS · AUTO]   • Causas totales en el maestro SIGEMI: 134069
[ACTUALIZAR PAGOS · AUTO]   • Causas que coinciden (simplificado): 103835
[ACTUALIZAR PAGOS · AUTO]   ✅ Archivo escrito: backend/descargas/causas/causas.txt
[ACTUALIZAR PAGOS · AUTO] ⏱ PASO 2.5 (causas simplificado): 2.2s
[ACTUALIZAR PAGOS · AUTO] ⚠️  NO HAY PAGOS CON ACTA_NUMERO PARA PROCESAR
[ACTUALIZAR PAGOS · AUTO] Creando archivo vacío...
[ACTUALIZAR PAGOS · AUTO] ✅ TXT de pagos (ya cruzado con actas y causas) generado en: backend/descargas/pagos/2026-07-20/PAGOS 20260720 203428.txt
[ACTUALIZAR PAGOS · AUTO] 🧹 TXT de pagos crudo eliminado (ya usado en el cruce): backend/descargas/pagos/2026-07-20/PAGOS DESCARGADOS.txt
[ACTUALIZAR PAGOS · AUTO] 🧹 Excel MULTAS_SIGEMI_CRUCE eliminado (ya usado en el cruce): backend/descargas/cache_actas_cruce/MULTAS_SIGEMI_CRUCE.xlsx
[ACTUALIZAR PAGOS · AUTO] 🧹 Excel MULTAS_JUZGADO_CRUCE eliminado (ya usado en el cruce): backend/descargas/cache_actas_cruce/MULTAS_JUZGADO_CRUCE.xlsx
[ACTUALIZAR PAGOS · AUTO] ✅ CompararActasPaso finalizado. (⏱ 45.1s)
[ACTUALIZAR PAGOS · AUTO] ✓ [CompararActasPaso] Completado.
[ACTUALIZAR PAGOS · AUTO] ▶ [CargarPagosPaso] Iniciando...
[ACTUALIZAR PAGOS · AUTO] ==================================================
[ACTUALIZAR PAGOS · AUTO] 🚀 PASO: CargarPagosPaso
[ACTUALIZAR PAGOS · AUTO] ==================================================
[ACTUALIZAR PAGOS · AUTO] ℹ No se encontraron pagos para actualizar (el TXT final no tiene registros).
[ACTUALIZAR PAGOS · AUTO] 🧹 TXT de pagos sin registros eliminado (nada para subir): backend/descargas/pagos/2026-07-20/PAGOS 20260720 203428.txt
[ACTUALIZAR PAGOS · AUTO] ⏭ Se omite la carga al SEMyT.
[ACTUALIZAR PAGOS · AUTO] ✅ CargarPagosPaso finalizado. (⏱ 0.0s)
[ACTUALIZAR PAGOS · AUTO] ✓ [CargarPagosPaso] Completado.
[ACTUALIZAR PAGOS · AUTO] === Ejecución finalizada con éxito ===
[ACTUALIZAR PAGOS · AUTO] ℹ No se subió ningún archivo a ningún sistema externo en esta corrida: por política, el log detallado no se conserva en disco.
✅ [Automático] 'pagos' terminó bien en el reintento 1.
🤖 [Automático] Es hora de actualizar pagos. Arrancando...
[ACTUALIZAR PAGOS · AUTO] === Inicio de ejecución: pagos ===
[ACTUALIZAR PAGOS · AUTO] ▶ [LoginSemytPaso] Iniciando...
[ACTUALIZAR PAGOS · AUTO] ==================================================
[ACTUALIZAR PAGOS · AUTO] 🚀 PASO: LoginSemytPaso
[ACTUALIZAR PAGOS · AUTO] ==================================================
[ACTUALIZAR PAGOS · AUTO] Abriendo SEMyT...
[ACTUALIZAR PAGOS · AUTO] ✅ [SEMyT] Sesión existente detectada. Login omitido.
[ACTUALIZAR PAGOS · AUTO] ✅ LoginSemytPaso finalizado. (⏱ 3.8s)
[ACTUALIZAR PAGOS · AUTO] ✓ [LoginSemytPaso] Completado.
[ACTUALIZAR PAGOS · AUTO] ▶ [LoginJuzgadoPaso] Iniciando...
[ACTUALIZAR PAGOS · AUTO] ==================================================
[ACTUALIZAR PAGOS · AUTO] 🚀 PASO: LoginJuzgadoPaso
[ACTUALIZAR PAGOS · AUTO] ==================================================
[ACTUALIZAR PAGOS · AUTO] Abriendo sitio municipalidad (CiDi)...
[ACTUALIZAR PAGOS · AUTO] ✅ [Juzgado] Sesión existente detectada. Login omitido.
[ACTUALIZAR PAGOS · AUTO] ✅ LoginJuzgadoPaso finalizado. (⏱ 1.5s)
[ACTUALIZAR PAGOS · AUTO] ✓ [LoginJuzgadoPaso] Completado.
[ACTUALIZAR PAGOS · AUTO] ▶ [DescargasParalelasPaso] Iniciando...
[ACTUALIZAR PAGOS · AUTO] ==================================================
[ACTUALIZAR PAGOS · AUTO] 🚀 PASO: DescargasParalelasPaso
[ACTUALIZAR PAGOS · AUTO] ==================================================
[ACTUALIZAR PAGOS · AUTO] 📤 Arrancando las 3 descargas en paralelo (mismo browser, páginas separadas)...
[ACTUALIZAR PAGOS · AUTO] Fecha Desde: 27/06/2024
[ACTUALIZAR PAGOS · AUTO] Fecha Hasta: 24/11/2025
[ACTUALIZAR PAGOS · AUTO] Fecha Desde: 25/11/2025
[ACTUALIZAR PAGOS · AUTO] Fecha Hasta: 20/07/2026
[ACTUALIZAR PAGOS · AUTO] Descargando Excel...
[ACTUALIZAR PAGOS · AUTO] Descargando Excel...
⏳ [Automático] Tocaba disparar 'pagos' pero ya hay una ejecución en curso (Actualizar pagos); esperando a que termine; se reintenta en breve sin perder el turno.
[ACTUALIZAR PAGOS · AUTO] Archivo descargado en: backend/descargas/cache_actas_cruce/MULTAS_JUZGADO_CRUCE.xlsx
[ACTUALIZAR PAGOS · AUTO] ⏱ [actas_juzgado] completado en 16.9s
[ACTUALIZAR PAGOS · AUTO] Archivo descargado en: backend/descargas/cache_actas_cruce/MULTAS_SIGEMI_CRUCE.xlsx
[ACTUALIZAR PAGOS · AUTO] ⏱ [actas_sigemi] completado en 36.1s
[ACTUALIZAR PAGOS · AUTO] ✅ TXT de pagos descargado en: backend/descargas/pagos/2026-07-20/PAGOS DESCARGADOS.txt
[ACTUALIZAR PAGOS · AUTO] ⏱ [pagos_txt] completado en 46.0s
[ACTUALIZAR PAGOS · AUTO] ⏱ TOTAL descargas en paralelo: 46.0s
[ACTUALIZAR PAGOS · AUTO] ✅ DescargasParalelasPaso finalizado. (⏱ 47.3s)
[ACTUALIZAR PAGOS · AUTO] ✓ [DescargasParalelasPaso] Completado.
[ACTUALIZAR PAGOS · AUTO] ▶ [CompararActasPaso] Iniciando...
[ACTUALIZAR PAGOS · AUTO] ==================================================
[ACTUALIZAR PAGOS · AUTO] 🚀 PASO: CompararActasPaso
[ACTUALIZAR PAGOS · AUTO] ==================================================
[ACTUALIZAR PAGOS · AUTO] 🔍 Comparando actas del SEMyT contra pagos del Juzgado...
[ACTUALIZAR PAGOS · AUTO] ================================================================================
[ACTUALIZAR PAGOS · AUTO] INICIANDO PROCESO DE GENERACIÓN DE PAGOS DESACTUALIZADOS
[ACTUALIZAR PAGOS · AUTO] ================================================================================
[ACTUALIZAR PAGOS · AUTO] 📂 Cargando archivos...
[ACTUALIZAR PAGOS · AUTO]   ✓ Pagos: 15472 registros
[ACTUALIZAR PAGOS · AUTO]   ✓ Excel SIGEMI (multas vencidas viejas): 104166 registros
[ACTUALIZAR PAGOS · AUTO]   ✓ Excel Juzgado (multas vencidas nuevas): 39500 registros
[ACTUALIZAR PAGOS · AUTO] ================================================================================
[ACTUALIZAR PAGOS · AUTO] PASO 1: LLENANDO ACTA_NUMERO (búsqueda por patente + fecha, con desempate por hora)
[ACTUALIZAR PAGOS · AUTO] ================================================================================
[ACTUALIZAR PAGOS · AUTO] 📊 ESTADÍSTICAS DE LLENADO DE ACTAS:
[ACTUALIZAR PAGOS · AUTO]   • Pagos con acta ORIGINAL: 2045
[ACTUALIZAR PAGOS · AUTO]   • Pagos SIN acta (buscados): 13427
[ACTUALIZAR PAGOS · AUTO]   • Pagos LLENADOS exitosamente: 0
[ACTUALIZAR PAGOS · AUTO]   • Pagos NO encontrados en multas: 13427
[ACTUALIZAR PAGOS · AUTO]   • Pagos SIN RESOLVER por desbalance de cantidades: 0
[ACTUALIZAR PAGOS · AUTO] ================================================================================
[ACTUALIZAR PAGOS · AUTO] PASO 1: LLENANDO ACTA_NUMERO (búsqueda por patente + fecha, con desempate por hora)
[ACTUALIZAR PAGOS · AUTO] ================================================================================
[ACTUALIZAR PAGOS · AUTO] 📊 ESTADÍSTICAS DE LLENADO DE ACTAS:
[ACTUALIZAR PAGOS · AUTO]   • Pagos con acta ORIGINAL: 2045
[ACTUALIZAR PAGOS · AUTO]   • Pagos SIN acta (buscados): 13427
[ACTUALIZAR PAGOS · AUTO]   • Pagos LLENADOS exitosamente: 0
[ACTUALIZAR PAGOS · AUTO]   • Pagos NO encontrados en multas: 13427
[ACTUALIZAR PAGOS · AUTO]   • Pagos SIN RESOLVER por desbalance de cantidades: 0
[ACTUALIZAR PAGOS · AUTO] ⏱ PASO 1 (llenar actas): 15.5s
[ACTUALIZAR PAGOS · AUTO] ================================================================================
[ACTUALIZAR PAGOS · AUTO] PASO 2: FILTRANDO PAGOS CON ACTA_NUMERO COMPLETO
[ACTUALIZAR PAGOS · AUTO] ================================================================================
[ACTUALIZAR PAGOS · AUTO] 📊 ESTADÍSTICAS DE FILTRADO:
[ACTUALIZAR PAGOS · AUTO]   • Pagos TOTALES al inicio: 15472
[ACTUALIZAR PAGOS · AUTO]   • Pagos CON acta (MANTIENEN): 2045
[ACTUALIZAR PAGOS · AUTO]   • Pagos RECHAZADOS (sin coincidencias): 13427
[ACTUALIZAR PAGOS · AUTO] ⚠️  Se eliminaron 13427 registros sin número de acta
[ACTUALIZAR PAGOS · AUTO]      (recordá: esto incluye tanto pagos ya actualizados/pagados
[ACTUALIZAR PAGOS · AUTO]       como pagos que quedaron sin resolver por desbalance en el Paso 1)
[ACTUALIZAR PAGOS · AUTO] ================================================================================
[ACTUALIZAR PAGOS · AUTO] PASO 2-bis: CONFIRMANDO VIGENCIA DE PAGOS DEL SISTEMA NUEVO (contra MULTAS_JUZGADO_CRUCE)
[ACTUALIZAR PAGOS · AUTO] ================================================================================
[ACTUALIZAR PAGOS · AUTO]   ⚠ 2045 pago(s) del sistema nuevo descartados: su acta ya no figura como vencida en MULTAS_JUZGADO_CRUCE (SEMyT ya los actualizó).
[ACTUALIZAR PAGOS · AUTO]   • Pagos del sistema nuevo descartados por ya estar actualizados: 2045
[ACTUALIZAR PAGOS · AUTO] ⏱ PASO 2 (filtrar): 0.9s
[ACTUALIZAR PAGOS · AUTO] 📂 Cargando maestro de causas SIGEMI...
[ACTUALIZAR PAGOS · AUTO]   ✓ Causas totales (maestro): 134069 registros
[ACTUALIZAR PAGOS · AUTO] ⏱ PASO 2.5 (causas simplificado): 0.1s
[ACTUALIZAR PAGOS · AUTO] ================================================================================
[ACTUALIZAR PAGOS · AUTO] PASO 2.5: ARMANDO causas.txt SIMPLIFICADO (cruce contra total_causas_sigemi.txt)
[ACTUALIZAR PAGOS · AUTO] ================================================================================
[ACTUALIZAR PAGOS · AUTO]   • Actas vencidas viejas (multas): 104166
[ACTUALIZAR PAGOS · AUTO]   • Causas totales en el maestro SIGEMI: 134069
[ACTUALIZAR PAGOS · AUTO]   • Causas que coinciden (simplificado): 103835
[ACTUALIZAR PAGOS · AUTO]   ✅ Archivo escrito: backend/descargas/causas/causas.txt
[ACTUALIZAR PAGOS · AUTO] ⏱ PASO 2.5 (causas simplificado): 2.2s
[ACTUALIZAR PAGOS · AUTO] ⚠️  NO HAY PAGOS CON ACTA_NUMERO PARA PROCESAR
[ACTUALIZAR PAGOS · AUTO] Creando archivo vacío...
[ACTUALIZAR PAGOS · AUTO] ✅ TXT de pagos (ya cruzado con actas y causas) generado en: backend/descargas/pagos/2026-07-20/PAGOS 20260720 204608.txt
[ACTUALIZAR PAGOS · AUTO] 🧹 TXT de pagos crudo eliminado (ya usado en el cruce): backend/descargas/pagos/2026-07-20/PAGOS DESCARGADOS.txt
[ACTUALIZAR PAGOS · AUTO] 🧹 Excel MULTAS_SIGEMI_CRUCE eliminado (ya usado en el cruce): backend/descargas/cache_actas_cruce/MULTAS_SIGEMI_CRUCE.xlsx
[ACTUALIZAR PAGOS · AUTO] 🧹 Excel MULTAS_JUZGADO_CRUCE eliminado (ya usado en el cruce): backend/descargas/cache_actas_cruce/MULTAS_JUZGADO_CRUCE.xlsx
[ACTUALIZAR PAGOS · AUTO] ✅ CompararActasPaso finalizado. (⏱ 44.9s)
[ACTUALIZAR PAGOS · AUTO] ✓ [CompararActasPaso] Completado.
[ACTUALIZAR PAGOS · AUTO] ▶ [CargarPagosPaso] Iniciando...
[ACTUALIZAR PAGOS · AUTO] ==================================================
[ACTUALIZAR PAGOS · AUTO] 🚀 PASO: CargarPagosPaso
[ACTUALIZAR PAGOS · AUTO] ==================================================
[ACTUALIZAR PAGOS · AUTO] ℹ No se encontraron pagos para actualizar (el TXT final no tiene registros).
[ACTUALIZAR PAGOS · AUTO] 🧹 TXT de pagos sin registros eliminado (nada para subir): backend/descargas/pagos/2026-07-20/PAGOS 20260720 204608.txt
[ACTUALIZAR PAGOS · AUTO] ⏭ Se omite la carga al SEMyT.
[ACTUALIZAR PAGOS · AUTO] ✅ CargarPagosPaso finalizado. (⏱ 0.0s)
[ACTUALIZAR PAGOS · AUTO] ✓ [CargarPagosPaso] Completado.
[ACTUALIZAR PAGOS · AUTO] === Ejecución finalizada con éxito ===
[ACTUALIZAR PAGOS · AUTO] ℹ No se subió ningún archivo a ningún sistema externo en esta corrida: por política, el log detallado no se conserva en disco.
🤖 [Automático] Es hora de actualizar pagos. Arrancando...
[ACTUALIZAR PAGOS · AUTO] === Inicio de ejecución: pagos ===
[ACTUALIZAR PAGOS · AUTO] ▶ [LoginSemytPaso] Iniciando...
[ACTUALIZAR PAGOS · AUTO] ==================================================
[ACTUALIZAR PAGOS · AUTO] 🚀 PASO: LoginSemytPaso
[ACTUALIZAR PAGOS · AUTO] ==================================================
[ACTUALIZAR PAGOS · AUTO] Abriendo SEMyT...
[ACTUALIZAR PAGOS · AUTO] ✅ [SEMyT] Sesión existente detectada. Login omitido.
[ACTUALIZAR PAGOS · AUTO] ✅ LoginSemytPaso finalizado. (⏱ 3.8s)
[ACTUALIZAR PAGOS · AUTO] ✓ [LoginSemytPaso] Completado.
[ACTUALIZAR PAGOS · AUTO] ▶ [LoginJuzgadoPaso] Iniciando...
[ACTUALIZAR PAGOS · AUTO] ==================================================
[ACTUALIZAR PAGOS · AUTO] 🚀 PASO: LoginJuzgadoPaso
[ACTUALIZAR PAGOS · AUTO] ==================================================
[ACTUALIZAR PAGOS · AUTO] Abriendo sitio municipalidad (CiDi)...
[ACTUALIZAR PAGOS · AUTO] ✅ [Juzgado] Sesión existente detectada. Login omitido.
[ACTUALIZAR PAGOS · AUTO] ✅ LoginJuzgadoPaso finalizado. (⏱ 2.0s)
[ACTUALIZAR PAGOS · AUTO] ✓ [LoginJuzgadoPaso] Completado.
[ACTUALIZAR PAGOS · AUTO] ▶ [DescargasParalelasPaso] Iniciando...
[ACTUALIZAR PAGOS · AUTO] ==================================================
[ACTUALIZAR PAGOS · AUTO] 🚀 PASO: DescargasParalelasPaso
[ACTUALIZAR PAGOS · AUTO] ==================================================
[ACTUALIZAR PAGOS · AUTO] 📤 Arrancando las 3 descargas en paralelo (mismo browser, páginas separadas)...
[ACTUALIZAR PAGOS · AUTO] Fecha Desde: 27/06/2024
[ACTUALIZAR PAGOS · AUTO] Fecha Hasta: 24/11/2025
[ACTUALIZAR PAGOS · AUTO] Fecha Desde: 25/11/2025
[ACTUALIZAR PAGOS · AUTO] Fecha Hasta: 20/07/2026
[ACTUALIZAR PAGOS · AUTO] Descargando Excel...
[ACTUALIZAR PAGOS · AUTO] Descargando Excel...
⏳ [Automático] Tocaba disparar 'pagos' pero ya hay una ejecución en curso (Actualizar pagos); esperando a que termine; se reintenta en breve sin perder el turno.
[ACTUALIZAR PAGOS · AUTO] Archivo descargado en: backend/descargas/cache_actas_cruce/MULTAS_JUZGADO_CRUCE.xlsx
[ACTUALIZAR PAGOS · AUTO] ⏱ [actas_juzgado] completado en 18.8s
[ACTUALIZAR PAGOS · AUTO] Archivo descargado en: backend/descargas/cache_actas_cruce/MULTAS_SIGEMI_CRUCE.xlsx
[ACTUALIZAR PAGOS · AUTO] ⏱ [actas_sigemi] completado en 40.6s
[ACTUALIZAR PAGOS · AUTO] ✅ TXT de pagos descargado en: backend/descargas/pagos/2026-07-20/PAGOS DESCARGADOS.txt
[ACTUALIZAR PAGOS · AUTO] ⏱ [pagos_txt] completado en 40.8s
[ACTUALIZAR PAGOS · AUTO] ⏱ TOTAL descargas en paralelo: 40.8s
[ACTUALIZAR PAGOS · AUTO] ✅ DescargasParalelasPaso finalizado. (⏱ 42.0s)
[ACTUALIZAR PAGOS · AUTO] ✓ [DescargasParalelasPaso] Completado.
[ACTUALIZAR PAGOS · AUTO] ▶ [CompararActasPaso] Iniciando...
[ACTUALIZAR PAGOS · AUTO] ==================================================
[ACTUALIZAR PAGOS · AUTO] 🚀 PASO: CompararActasPaso
[ACTUALIZAR PAGOS · AUTO] ==================================================
[ACTUALIZAR PAGOS · AUTO] 🔍 Comparando actas del SEMyT contra pagos del Juzgado...
[ACTUALIZAR PAGOS · AUTO] ================================================================================
[ACTUALIZAR PAGOS · AUTO] INICIANDO PROCESO DE GENERACIÓN DE PAGOS DESACTUALIZADOS
[ACTUALIZAR PAGOS · AUTO] ================================================================================
[ACTUALIZAR PAGOS · AUTO] 📂 Cargando archivos...
[ACTUALIZAR PAGOS · AUTO]   ✓ Pagos: 15472 registros
[ACTUALIZAR PAGOS · AUTO]   ✓ Excel SIGEMI (multas vencidas viejas): 104166 registros
[ACTUALIZAR PAGOS · AUTO]   ✓ Excel Juzgado (multas vencidas nuevas): 39500 registros
[ACTUALIZAR PAGOS · AUTO] ================================================================================
[ACTUALIZAR PAGOS · AUTO] PASO 1: LLENANDO ACTA_NUMERO (búsqueda por patente + fecha, con desempate por hora)
[ACTUALIZAR PAGOS · AUTO] ================================================================================
[ACTUALIZAR PAGOS · AUTO] 📊 ESTADÍSTICAS DE LLENADO DE ACTAS:
[ACTUALIZAR PAGOS · AUTO]   • Pagos con acta ORIGINAL: 2045
[ACTUALIZAR PAGOS · AUTO]   • Pagos SIN acta (buscados): 13427
[ACTUALIZAR PAGOS · AUTO]   • Pagos LLENADOS exitosamente: 0
[ACTUALIZAR PAGOS · AUTO]   • Pagos NO encontrados en multas: 13427
[ACTUALIZAR PAGOS · AUTO]   • Pagos SIN RESOLVER por desbalance de cantidades: 0
[ACTUALIZAR PAGOS · AUTO] ================================================================================
[ACTUALIZAR PAGOS · AUTO] PASO 1: LLENANDO ACTA_NUMERO (búsqueda por patente + fecha, con desempate por hora)
[ACTUALIZAR PAGOS · AUTO] ================================================================================
[ACTUALIZAR PAGOS · AUTO] 📊 ESTADÍSTICAS DE LLENADO DE ACTAS:
[ACTUALIZAR PAGOS · AUTO]   • Pagos con acta ORIGINAL: 2045
[ACTUALIZAR PAGOS · AUTO]   • Pagos SIN acta (buscados): 13427
[ACTUALIZAR PAGOS · AUTO]   • Pagos LLENADOS exitosamente: 0
[ACTUALIZAR PAGOS · AUTO]   • Pagos NO encontrados en multas: 13427
[ACTUALIZAR PAGOS · AUTO]   • Pagos SIN RESOLVER por desbalance de cantidades: 0
[ACTUALIZAR PAGOS · AUTO] ⏱ PASO 1 (llenar actas): 15.5s
[ACTUALIZAR PAGOS · AUTO] ================================================================================
[ACTUALIZAR PAGOS · AUTO] PASO 2: FILTRANDO PAGOS CON ACTA_NUMERO COMPLETO
[ACTUALIZAR PAGOS · AUTO] ================================================================================
[ACTUALIZAR PAGOS · AUTO] 📊 ESTADÍSTICAS DE FILTRADO:
[ACTUALIZAR PAGOS · AUTO]   • Pagos TOTALES al inicio: 15472
[ACTUALIZAR PAGOS · AUTO]   • Pagos CON acta (MANTIENEN): 2045
[ACTUALIZAR PAGOS · AUTO]   • Pagos RECHAZADOS (sin coincidencias): 13427
[ACTUALIZAR PAGOS · AUTO] ⚠️  Se eliminaron 13427 registros sin número de acta
[ACTUALIZAR PAGOS · AUTO]      (recordá: esto incluye tanto pagos ya actualizados/pagados
[ACTUALIZAR PAGOS · AUTO]       como pagos que quedaron sin resolver por desbalance en el Paso 1)
[ACTUALIZAR PAGOS · AUTO] ================================================================================
[ACTUALIZAR PAGOS · AUTO] PASO 2-bis: CONFIRMANDO VIGENCIA DE PAGOS DEL SISTEMA NUEVO (contra MULTAS_JUZGADO_CRUCE)
[ACTUALIZAR PAGOS · AUTO] ================================================================================
[ACTUALIZAR PAGOS · AUTO]   ⚠ 2045 pago(s) del sistema nuevo descartados: su acta ya no figura como vencida en MULTAS_JUZGADO_CRUCE (SEMyT ya los actualizó).
[ACTUALIZAR PAGOS · AUTO]   • Pagos del sistema nuevo descartados por ya estar actualizados: 2045
[ACTUALIZAR PAGOS · AUTO] ⏱ PASO 2 (filtrar): 0.9s
[ACTUALIZAR PAGOS · AUTO] 📂 Cargando maestro de causas SIGEMI...
[ACTUALIZAR PAGOS · AUTO]   ✓ Causas totales (maestro): 134069 registros
[ACTUALIZAR PAGOS · AUTO] ⏱ PASO 2.5 (causas simplificado): 0.1s
[ACTUALIZAR PAGOS · AUTO] ================================================================================
[ACTUALIZAR PAGOS · AUTO] PASO 2.5: ARMANDO causas.txt SIMPLIFICADO (cruce contra total_causas_sigemi.txt)
[ACTUALIZAR PAGOS · AUTO] ================================================================================
[ACTUALIZAR PAGOS · AUTO]   • Actas vencidas viejas (multas): 104166
[ACTUALIZAR PAGOS · AUTO]   • Causas totales en el maestro SIGEMI: 134069
[ACTUALIZAR PAGOS · AUTO]   • Causas que coinciden (simplificado): 103835
[ACTUALIZAR PAGOS · AUTO]   ✅ Archivo escrito: backend/descargas/causas/causas.txt
[ACTUALIZAR PAGOS · AUTO] ⏱ PASO 2.5 (causas simplificado): 2.3s
[ACTUALIZAR PAGOS · AUTO] ⚠️  NO HAY PAGOS CON ACTA_NUMERO PARA PROCESAR
[ACTUALIZAR PAGOS · AUTO] Creando archivo vacío...
[ACTUALIZAR PAGOS · AUTO] ✅ TXT de pagos (ya cruzado con actas y causas) generado en: backend/descargas/pagos/2026-07-20/PAGOS 20260720 205752.txt
[ACTUALIZAR PAGOS · AUTO] 🧹 TXT de pagos crudo eliminado (ya usado en el cruce): backend/descargas/pagos/2026-07-20/PAGOS DESCARGADOS.txt
[ACTUALIZAR PAGOS · AUTO] 🧹 Excel MULTAS_SIGEMI_CRUCE eliminado (ya usado en el cruce): backend/descargas/cache_actas_cruce/MULTAS_SIGEMI_CRUCE.xlsx
[ACTUALIZAR PAGOS · AUTO] 🧹 Excel MULTAS_JUZGADO_CRUCE eliminado (ya usado en el cruce): backend/descargas/cache_actas_cruce/MULTAS_JUZGADO_CRUCE.xlsx
[ACTUALIZAR PAGOS · AUTO] ✅ CompararActasPaso finalizado. (⏱ 47.5s)
[ACTUALIZAR PAGOS · AUTO] ✓ [CompararActasPaso] Completado.
[ACTUALIZAR PAGOS · AUTO] ▶ [CargarPagosPaso] Iniciando...
[ACTUALIZAR PAGOS · AUTO] ==================================================
[ACTUALIZAR PAGOS · AUTO] 🚀 PASO: CargarPagosPaso
[ACTUALIZAR PAGOS · AUTO] ==================================================
[ACTUALIZAR PAGOS · AUTO] ℹ No se encontraron pagos para actualizar (el TXT final no tiene registros).
[ACTUALIZAR PAGOS · AUTO] 🧹 TXT de pagos sin registros eliminado (nada para subir): backend/descargas/pagos/2026-07-20/PAGOS 20260720 205752.txt
[ACTUALIZAR PAGOS · AUTO] ⏭ Se omite la carga al SEMyT.
[ACTUALIZAR PAGOS · AUTO] ✅ CargarPagosPaso finalizado. (⏱ 0.0s)
[ACTUALIZAR PAGOS · AUTO] ✓ [CargarPagosPaso] Completado.
[ACTUALIZAR PAGOS · AUTO] === Ejecución finalizada con éxito ===
[ACTUALIZAR PAGOS · AUTO] ℹ No se subió ningún archivo a ningún sistema externo en esta corrida: por política, el log detallado no se conserva en disco.
🤖 [Automático] Es hora de actualizar pagos. Arrancando...
[ACTUALIZAR PAGOS · AUTO] === Inicio de ejecución: pagos ===
[ACTUALIZAR PAGOS · AUTO] ▶ [LoginSemytPaso] Iniciando...
[ACTUALIZAR PAGOS · AUTO] ==================================================
[ACTUALIZAR PAGOS · AUTO] 🚀 PASO: LoginSemytPaso
[ACTUALIZAR PAGOS · AUTO] ==================================================
[ACTUALIZAR PAGOS · AUTO] Abriendo SEMyT...
[ACTUALIZAR PAGOS · AUTO] ✅ [SEMyT] Sesión existente detectada. Login omitido.
[ACTUALIZAR PAGOS · AUTO] ✅ LoginSemytPaso finalizado. (⏱ 3.8s)
[ACTUALIZAR PAGOS · AUTO] ✓ [LoginSemytPaso] Completado.
[ACTUALIZAR PAGOS · AUTO] ▶ [LoginJuzgadoPaso] Iniciando...
[ACTUALIZAR PAGOS · AUTO] ==================================================
[ACTUALIZAR PAGOS · AUTO] 🚀 PASO: LoginJuzgadoPaso
[ACTUALIZAR PAGOS · AUTO] ==================================================
[ACTUALIZAR PAGOS · AUTO] Abriendo sitio municipalidad (CiDi)...
[ACTUALIZAR PAGOS · AUTO] ✅ [Juzgado] Sesión existente detectada. Login omitido.
[ACTUALIZAR PAGOS · AUTO] ✅ LoginJuzgadoPaso finalizado. (⏱ 1.1s)
[ACTUALIZAR PAGOS · AUTO] ✓ [LoginJuzgadoPaso] Completado.
[ACTUALIZAR PAGOS · AUTO] ▶ [DescargasParalelasPaso] Iniciando...
[ACTUALIZAR PAGOS · AUTO] ==================================================
[ACTUALIZAR PAGOS · AUTO] 🚀 PASO: DescargasParalelasPaso
[ACTUALIZAR PAGOS · AUTO] ==================================================
[ACTUALIZAR PAGOS · AUTO] 📤 Arrancando las 3 descargas en paralelo (mismo browser, páginas separadas)...
[ACTUALIZAR PAGOS · AUTO] Fecha Desde: 27/06/2024
[ACTUALIZAR PAGOS · AUTO] Fecha Hasta: 24/11/2025
[ACTUALIZAR PAGOS · AUTO] Fecha Desde: 25/11/2025
[ACTUALIZAR PAGOS · AUTO] Fecha Hasta: 20/07/2026
[ACTUALIZAR PAGOS · AUTO] Descargando Excel...
[ACTUALIZAR PAGOS · AUTO] Descargando Excel...
⏳ [Automático] Tocaba disparar 'pagos' pero ya hay una ejecución en curso (Actualizar pagos); esperando a que termine; se reintenta en breve sin perder el turno.
[ACTUALIZAR PAGOS · AUTO] Archivo descargado en: backend/descargas/cache_actas_cruce/MULTAS_JUZGADO_CRUCE.xlsx
[ACTUALIZAR PAGOS · AUTO] ⏱ [actas_juzgado] completado en 17.0s
[ACTUALIZAR PAGOS · AUTO] Archivo descargado en: backend/descargas/cache_actas_cruce/MULTAS_SIGEMI_CRUCE.xlsx
[ACTUALIZAR PAGOS · AUTO] ⏱ [actas_sigemi] completado en 36.0s
[ACTUALIZAR PAGOS · AUTO] ✅ TXT de pagos descargado en: backend/descargas/pagos/2026-07-20/PAGOS DESCARGADOS.txt
[ACTUALIZAR PAGOS · AUTO] ⏱ [pagos_txt] completado en 36.2s
[ACTUALIZAR PAGOS · AUTO] ⏱ TOTAL descargas en paralelo: 36.2s
[ACTUALIZAR PAGOS · AUTO] ✅ DescargasParalelasPaso finalizado. (⏱ 37.5s)
[ACTUALIZAR PAGOS · AUTO] ✓ [DescargasParalelasPaso] Completado.
[ACTUALIZAR PAGOS · AUTO] ▶ [CompararActasPaso] Iniciando...
[ACTUALIZAR PAGOS · AUTO] ==================================================
[ACTUALIZAR PAGOS · AUTO] 🚀 PASO: CompararActasPaso
[ACTUALIZAR PAGOS · AUTO] ==================================================
[ACTUALIZAR PAGOS · AUTO] 🔍 Comparando actas del SEMyT contra pagos del Juzgado...
[ACTUALIZAR PAGOS · AUTO] ================================================================================
[ACTUALIZAR PAGOS · AUTO] INICIANDO PROCESO DE GENERACIÓN DE PAGOS DESACTUALIZADOS
[ACTUALIZAR PAGOS · AUTO] ================================================================================
[ACTUALIZAR PAGOS · AUTO] 📂 Cargando archivos...
[ACTUALIZAR PAGOS · AUTO]   ✓ Pagos: 15472 registros
[ACTUALIZAR PAGOS · AUTO]   ✓ Excel SIGEMI (multas vencidas viejas): 104166 registros
[ACTUALIZAR PAGOS · AUTO]   ✓ Excel Juzgado (multas vencidas nuevas): 39500 registros
[ACTUALIZAR PAGOS · AUTO] ================================================================================
[ACTUALIZAR PAGOS · AUTO] PASO 1: LLENANDO ACTA_NUMERO (búsqueda por patente + fecha, con desempate por hora)
[ACTUALIZAR PAGOS · AUTO] ================================================================================
[ACTUALIZAR PAGOS · AUTO] 📊 ESTADÍSTICAS DE LLENADO DE ACTAS:
[ACTUALIZAR PAGOS · AUTO]   • Pagos con acta ORIGINAL: 2045
[ACTUALIZAR PAGOS · AUTO]   • Pagos SIN acta (buscados): 13427
[ACTUALIZAR PAGOS · AUTO]   • Pagos LLENADOS exitosamente: 0
[ACTUALIZAR PAGOS · AUTO]   • Pagos NO encontrados en multas: 13427
[ACTUALIZAR PAGOS · AUTO]   • Pagos SIN RESOLVER por desbalance de cantidades: 0
[ACTUALIZAR PAGOS · AUTO] ================================================================================
[ACTUALIZAR PAGOS · AUTO] PASO 1: LLENANDO ACTA_NUMERO (búsqueda por patente + fecha, con desempate por hora)
[ACTUALIZAR PAGOS · AUTO] ================================================================================
[ACTUALIZAR PAGOS · AUTO] 📊 ESTADÍSTICAS DE LLENADO DE ACTAS:
[ACTUALIZAR PAGOS · AUTO]   • Pagos con acta ORIGINAL: 2045
[ACTUALIZAR PAGOS · AUTO]   • Pagos SIN acta (buscados): 13427
[ACTUALIZAR PAGOS · AUTO]   • Pagos LLENADOS exitosamente: 0
[ACTUALIZAR PAGOS · AUTO]   • Pagos NO encontrados en multas: 13427
[ACTUALIZAR PAGOS · AUTO]   • Pagos SIN RESOLVER por desbalance de cantidades: 0
[ACTUALIZAR PAGOS · AUTO] ⏱ PASO 1 (llenar actas): 16.4s
[ACTUALIZAR PAGOS · AUTO] ================================================================================
[ACTUALIZAR PAGOS · AUTO] PASO 2: FILTRANDO PAGOS CON ACTA_NUMERO COMPLETO
[ACTUALIZAR PAGOS · AUTO] ================================================================================
[ACTUALIZAR PAGOS · AUTO] 📊 ESTADÍSTICAS DE FILTRADO:
[ACTUALIZAR PAGOS · AUTO]   • Pagos TOTALES al inicio: 15472
[ACTUALIZAR PAGOS · AUTO]   • Pagos CON acta (MANTIENEN): 2045
[ACTUALIZAR PAGOS · AUTO]   • Pagos RECHAZADOS (sin coincidencias): 13427
[ACTUALIZAR PAGOS · AUTO] ⚠️  Se eliminaron 13427 registros sin número de acta
[ACTUALIZAR PAGOS · AUTO]      (recordá: esto incluye tanto pagos ya actualizados/pagados
[ACTUALIZAR PAGOS · AUTO]       como pagos que quedaron sin resolver por desbalance en el Paso 1)
[ACTUALIZAR PAGOS · AUTO] ================================================================================
[ACTUALIZAR PAGOS · AUTO] PASO 2-bis: CONFIRMANDO VIGENCIA DE PAGOS DEL SISTEMA NUEVO (contra MULTAS_JUZGADO_CRUCE)
[ACTUALIZAR PAGOS · AUTO] ================================================================================
[ACTUALIZAR PAGOS · AUTO]   ⚠ 2045 pago(s) del sistema nuevo descartados: su acta ya no figura como vencida en MULTAS_JUZGADO_CRUCE (SEMyT ya los actualizó).
[ACTUALIZAR PAGOS · AUTO]   • Pagos del sistema nuevo descartados por ya estar actualizados: 2045
[ACTUALIZAR PAGOS · AUTO] ⏱ PASO 2 (filtrar): 1.0s
[ACTUALIZAR PAGOS · AUTO] 📂 Cargando maestro de causas SIGEMI...
[ACTUALIZAR PAGOS · AUTO]   ✓ Causas totales (maestro): 134069 registros
[ACTUALIZAR PAGOS · AUTO] ⏱ PASO 2.5 (causas simplificado): 0.1s
[ACTUALIZAR PAGOS · AUTO] ================================================================================
[ACTUALIZAR PAGOS · AUTO] PASO 2.5: ARMANDO causas.txt SIMPLIFICADO (cruce contra total_causas_sigemi.txt)
[ACTUALIZAR PAGOS · AUTO] ================================================================================
[ACTUALIZAR PAGOS · AUTO]   • Actas vencidas viejas (multas): 104166
[ACTUALIZAR PAGOS · AUTO]   • Causas totales en el maestro SIGEMI: 134069
[ACTUALIZAR PAGOS · AUTO]   • Causas que coinciden (simplificado): 103835
[ACTUALIZAR PAGOS · AUTO]   ✅ Archivo escrito: backend/descargas/causas/causas.txt
[ACTUALIZAR PAGOS · AUTO] ⏱ PASO 2.5 (causas simplificado): 2.6s
[ACTUALIZAR PAGOS · AUTO] ⚠️  NO HAY PAGOS CON ACTA_NUMERO PARA PROCESAR
[ACTUALIZAR PAGOS · AUTO] Creando archivo vacío...
[ACTUALIZAR PAGOS · AUTO] ✅ TXT de pagos (ya cruzado con actas y causas) generado en: backend/descargas/pagos/2026-07-20/PAGOS 20260720 210936.txt
[ACTUALIZAR PAGOS · AUTO] 🧹 TXT de pagos crudo eliminado (ya usado en el cruce): backend/descargas/pagos/2026-07-20/PAGOS DESCARGADOS.txt
[ACTUALIZAR PAGOS · AUTO] 🧹 Excel MULTAS_SIGEMI_CRUCE eliminado (ya usado en el cruce): backend/descargas/cache_actas_cruce/MULTAS_SIGEMI_CRUCE.xlsx
[ACTUALIZAR PAGOS · AUTO] 🧹 Excel MULTAS_JUZGADO_CRUCE eliminado (ya usado en el cruce): backend/descargas/cache_actas_cruce/MULTAS_JUZGADO_CRUCE.xlsx
[ACTUALIZAR PAGOS · AUTO] ✅ CompararActasPaso finalizado. (⏱ 46.7s)
[ACTUALIZAR PAGOS · AUTO] ✓ [CompararActasPaso] Completado.
[ACTUALIZAR PAGOS · AUTO] ▶ [CargarPagosPaso] Iniciando...
[ACTUALIZAR PAGOS · AUTO] ==================================================
[ACTUALIZAR PAGOS · AUTO] 🚀 PASO: CargarPagosPaso
[ACTUALIZAR PAGOS · AUTO] ==================================================
[ACTUALIZAR PAGOS · AUTO] ℹ No se encontraron pagos para actualizar (el TXT final no tiene registros).
[ACTUALIZAR PAGOS · AUTO] 🧹 TXT de pagos sin registros eliminado (nada para subir): backend/descargas/pagos/2026-07-20/PAGOS 20260720 210936.txt
[ACTUALIZAR PAGOS · AUTO] ⏭ Se omite la carga al SEMyT.
[ACTUALIZAR PAGOS · AUTO] ✅ CargarPagosPaso finalizado. (⏱ 0.0s)
[ACTUALIZAR PAGOS · AUTO] ✓ [CargarPagosPaso] Completado.
[ACTUALIZAR PAGOS · AUTO] === Ejecución finalizada con éxito ===
[ACTUALIZAR PAGOS · AUTO] ℹ No se subió ningún archivo a ningún sistema externo en esta corrida: por política, el log detallado no se conserva en disco.
🤖 [Automático] Es hora de actualizar pagos. Arrancando...
[ACTUALIZAR PAGOS · AUTO] ❌ Ya hay otra ejecución de este proyecto usando los archivos compartidos (puede ser el servicio en segundo plano, o el panel abierto en otra terminal). Se cancela esta corrida para no pisarla.
ℹ El log detallado de esta corrida no se conservó en disco (no se llegó a subir ningún archivo).
❌ [Automático] 'pagos' falló (intento 1 de 4). Se reintenta a las 21:25.
🤖 [Automático] Es hora de actualizar pagos (reintento 1 de 3). Arrancando...
[ACTUALIZAR PAGOS · AUTO] === Inicio de ejecución: pagos ===
[ACTUALIZAR PAGOS · AUTO] ▶ [LoginSemytPaso] Iniciando...
[ACTUALIZAR PAGOS · AUTO] ==================================================
[ACTUALIZAR PAGOS · AUTO] 🚀 PASO: LoginSemytPaso
[ACTUALIZAR PAGOS · AUTO] ==================================================
[ACTUALIZAR PAGOS · AUTO] Abriendo SEMyT...
[ACTUALIZAR PAGOS · AUTO] ✅ [SEMyT] Sesión existente detectada. Login omitido.
[ACTUALIZAR PAGOS · AUTO] ✅ LoginSemytPaso finalizado. (⏱ 3.4s)
[ACTUALIZAR PAGOS · AUTO] ✓ [LoginSemytPaso] Completado.
[ACTUALIZAR PAGOS · AUTO] ▶ [LoginJuzgadoPaso] Iniciando...
[ACTUALIZAR PAGOS · AUTO] ==================================================
[ACTUALIZAR PAGOS · AUTO] 🚀 PASO: LoginJuzgadoPaso
[ACTUALIZAR PAGOS · AUTO] ==================================================
[ACTUALIZAR PAGOS · AUTO] Abriendo sitio municipalidad (CiDi)...
[ACTUALIZAR PAGOS · AUTO] ✅ [Juzgado] Sesión existente detectada. Login omitido.
[ACTUALIZAR PAGOS · AUTO] ✅ LoginJuzgadoPaso finalizado. (⏱ 1.7s)
[ACTUALIZAR PAGOS · AUTO] ✓ [LoginJuzgadoPaso] Completado.
[ACTUALIZAR PAGOS · AUTO] ▶ [DescargasParalelasPaso] Iniciando...
[ACTUALIZAR PAGOS · AUTO] ==================================================
[ACTUALIZAR PAGOS · AUTO] 🚀 PASO: DescargasParalelasPaso
[ACTUALIZAR PAGOS · AUTO] ==================================================
[ACTUALIZAR PAGOS · AUTO] 📤 Arrancando las 3 descargas en paralelo (mismo browser, páginas separadas)...
[ACTUALIZAR PAGOS · AUTO] Fecha Desde: 27/06/2024
[ACTUALIZAR PAGOS · AUTO] Fecha Hasta: 24/11/2025
[ACTUALIZAR PAGOS · AUTO] Fecha Desde: 25/11/2025
[ACTUALIZAR PAGOS · AUTO] Fecha Hasta: 20/07/2026
[ACTUALIZAR PAGOS · AUTO] Descargando Excel...
[ACTUALIZAR PAGOS · AUTO] Descargando Excel...
⏳ [Automático] Tocaba disparar 'pagos' pero ya hay una ejecución en curso (Actualizar pagos); esperando a que termine; se reintenta en breve sin perder el turno.
[ACTUALIZAR PAGOS · AUTO] Archivo descargado en: backend/descargas/cache_actas_cruce/MULTAS_JUZGADO_CRUCE.xlsx
[ACTUALIZAR PAGOS · AUTO] ⏱ [actas_juzgado] completado en 17.0s
[ACTUALIZAR PAGOS · AUTO] Archivo descargado en: backend/descargas/cache_actas_cruce/MULTAS_SIGEMI_CRUCE.xlsx
[ACTUALIZAR PAGOS · AUTO] ⏱ [actas_sigemi] completado en 36.9s
[ACTUALIZAR PAGOS · AUTO] ✅ TXT de pagos descargado en: backend/descargas/pagos/2026-07-20/PAGOS DESCARGADOS.txt
[ACTUALIZAR PAGOS · AUTO] ⏱ [pagos_txt] completado en 116.4s
[ACTUALIZAR PAGOS · AUTO] ⏱ TOTAL descargas en paralelo: 116.4s
[ACTUALIZAR PAGOS · AUTO] ✅ DescargasParalelasPaso finalizado. (⏱ 117.5s)
[ACTUALIZAR PAGOS · AUTO] ✓ [DescargasParalelasPaso] Completado.
[ACTUALIZAR PAGOS · AUTO] ▶ [CompararActasPaso] Iniciando...
[ACTUALIZAR PAGOS · AUTO] ==================================================
[ACTUALIZAR PAGOS · AUTO] 🚀 PASO: CompararActasPaso
[ACTUALIZAR PAGOS · AUTO] ==================================================
[ACTUALIZAR PAGOS · AUTO] 🔍 Comparando actas del SEMyT contra pagos del Juzgado...
[ACTUALIZAR PAGOS · AUTO] ================================================================================
[ACTUALIZAR PAGOS · AUTO] INICIANDO PROCESO DE GENERACIÓN DE PAGOS DESACTUALIZADOS
[ACTUALIZAR PAGOS · AUTO] ================================================================================
[ACTUALIZAR PAGOS · AUTO] 📂 Cargando archivos...
[ACTUALIZAR PAGOS · AUTO]   ✓ Pagos: 15472 registros
[ACTUALIZAR PAGOS · AUTO]   ✓ Excel SIGEMI (multas vencidas viejas): 104166 registros
[ACTUALIZAR PAGOS · AUTO]   ✓ Excel Juzgado (multas vencidas nuevas): 39500 registros
[ACTUALIZAR PAGOS · AUTO] ================================================================================
[ACTUALIZAR PAGOS · AUTO] PASO 1: LLENANDO ACTA_NUMERO (búsqueda por patente + fecha, con desempate por hora)
[ACTUALIZAR PAGOS · AUTO] ================================================================================
[ACTUALIZAR PAGOS · AUTO] 📊 ESTADÍSTICAS DE LLENADO DE ACTAS:
[ACTUALIZAR PAGOS · AUTO]   • Pagos con acta ORIGINAL: 2045
[ACTUALIZAR PAGOS · AUTO]   • Pagos SIN acta (buscados): 13427
[ACTUALIZAR PAGOS · AUTO]   • Pagos LLENADOS exitosamente: 0
[ACTUALIZAR PAGOS · AUTO]   • Pagos NO encontrados en multas: 13427
[ACTUALIZAR PAGOS · AUTO]   • Pagos SIN RESOLVER por desbalance de cantidades: 0
[ACTUALIZAR PAGOS · AUTO] ================================================================================
[ACTUALIZAR PAGOS · AUTO] PASO 1: LLENANDO ACTA_NUMERO (búsqueda por patente + fecha, con desempate por hora)
[ACTUALIZAR PAGOS · AUTO] ================================================================================
[ACTUALIZAR PAGOS · AUTO] 📊 ESTADÍSTICAS DE LLENADO DE ACTAS:
[ACTUALIZAR PAGOS · AUTO]   • Pagos con acta ORIGINAL: 2045
[ACTUALIZAR PAGOS · AUTO]   • Pagos SIN acta (buscados): 13427
[ACTUALIZAR PAGOS · AUTO]   • Pagos LLENADOS exitosamente: 0
[ACTUALIZAR PAGOS · AUTO]   • Pagos NO encontrados en multas: 13427
[ACTUALIZAR PAGOS · AUTO]   • Pagos SIN RESOLVER por desbalance de cantidades: 0
[ACTUALIZAR PAGOS · AUTO] ⏱ PASO 1 (llenar actas): 15.5s
[ACTUALIZAR PAGOS · AUTO] ================================================================================
[ACTUALIZAR PAGOS · AUTO] PASO 2: FILTRANDO PAGOS CON ACTA_NUMERO COMPLETO
[ACTUALIZAR PAGOS · AUTO] ================================================================================
[ACTUALIZAR PAGOS · AUTO] 📊 ESTADÍSTICAS DE FILTRADO:
[ACTUALIZAR PAGOS · AUTO]   • Pagos TOTALES al inicio: 15472
[ACTUALIZAR PAGOS · AUTO]   • Pagos CON acta (MANTIENEN): 2045
[ACTUALIZAR PAGOS · AUTO]   • Pagos RECHAZADOS (sin coincidencias): 13427
[ACTUALIZAR PAGOS · AUTO] ⚠️  Se eliminaron 13427 registros sin número de acta
[ACTUALIZAR PAGOS · AUTO]      (recordá: esto incluye tanto pagos ya actualizados/pagados
[ACTUALIZAR PAGOS · AUTO]       como pagos que quedaron sin resolver por desbalance en el Paso 1)
[ACTUALIZAR PAGOS · AUTO] ================================================================================
[ACTUALIZAR PAGOS · AUTO] PASO 2-bis: CONFIRMANDO VIGENCIA DE PAGOS DEL SISTEMA NUEVO (contra MULTAS_JUZGADO_CRUCE)
[ACTUALIZAR PAGOS · AUTO] ================================================================================
[ACTUALIZAR PAGOS · AUTO]   ⚠ 2045 pago(s) del sistema nuevo descartados: su acta ya no figura como vencida en MULTAS_JUZGADO_CRUCE (SEMyT ya los actualizó).
[ACTUALIZAR PAGOS · AUTO]   • Pagos del sistema nuevo descartados por ya estar actualizados: 2045
[ACTUALIZAR PAGOS · AUTO] ⏱ PASO 2 (filtrar): 0.7s
[ACTUALIZAR PAGOS · AUTO] 📂 Cargando maestro de causas SIGEMI...
[ACTUALIZAR PAGOS · AUTO]   ✓ Causas totales (maestro): 134069 registros
[ACTUALIZAR PAGOS · AUTO] ⏱ PASO 2.5 (causas simplificado): 0.1s
[ACTUALIZAR PAGOS · AUTO] ================================================================================
[ACTUALIZAR PAGOS · AUTO] PASO 2.5: ARMANDO causas.txt SIMPLIFICADO (cruce contra total_causas_sigemi.txt)
[ACTUALIZAR PAGOS · AUTO] ================================================================================
[ACTUALIZAR PAGOS · AUTO]   • Actas vencidas viejas (multas): 104166
[ACTUALIZAR PAGOS · AUTO]   • Causas totales en el maestro SIGEMI: 134069
[ACTUALIZAR PAGOS · AUTO]   • Causas que coinciden (simplificado): 103835
[ACTUALIZAR PAGOS · AUTO]   ✅ Archivo escrito: backend/descargas/causas/causas.txt
[ACTUALIZAR PAGOS · AUTO] ⏱ PASO 2.5 (causas simplificado): 3.2s
[ACTUALIZAR PAGOS · AUTO] ⚠️  NO HAY PAGOS CON ACTA_NUMERO PARA PROCESAR
[ACTUALIZAR PAGOS · AUTO] Creando archivo vacío...
[ACTUALIZAR PAGOS · AUTO] ✅ TXT de pagos (ya cruzado con actas y causas) generado en: backend/descargas/pagos/2026-07-20/PAGOS 20260720 212732.txt
[ACTUALIZAR PAGOS · AUTO] 🧹 TXT de pagos crudo eliminado (ya usado en el cruce): backend/descargas/pagos/2026-07-20/PAGOS DESCARGADOS.txt
[ACTUALIZAR PAGOS · AUTO] 🧹 Excel MULTAS_SIGEMI_CRUCE eliminado (ya usado en el cruce): backend/descargas/cache_actas_cruce/MULTAS_SIGEMI_CRUCE.xlsx
[ACTUALIZAR PAGOS · AUTO] 🧹 Excel MULTAS_JUZGADO_CRUCE eliminado (ya usado en el cruce): backend/descargas/cache_actas_cruce/MULTAS_JUZGADO_CRUCE.xlsx
[ACTUALIZAR PAGOS · AUTO] ✅ CompararActasPaso finalizado. (⏱ 44.8s)
[ACTUALIZAR PAGOS · AUTO] ✓ [CompararActasPaso] Completado.
[ACTUALIZAR PAGOS · AUTO] ▶ [CargarPagosPaso] Iniciando...
[ACTUALIZAR PAGOS · AUTO] ==================================================
[ACTUALIZAR PAGOS · AUTO] 🚀 PASO: CargarPagosPaso
[ACTUALIZAR PAGOS · AUTO] ==================================================
[ACTUALIZAR PAGOS · AUTO] ℹ No se encontraron pagos para actualizar (el TXT final no tiene registros).
[ACTUALIZAR PAGOS · AUTO] 🧹 TXT de pagos sin registros eliminado (nada para subir): backend/descargas/pagos/2026-07-20/PAGOS 20260720 212732.txt
[ACTUALIZAR PAGOS · AUTO] ⏭ Se omite la carga al SEMyT.
[ACTUALIZAR PAGOS · AUTO] ✅ CargarPagosPaso finalizado. (⏱ 0.0s)
[ACTUALIZAR PAGOS · AUTO] ✓ [CargarPagosPaso] Completado.
[ACTUALIZAR PAGOS · AUTO] === Ejecución finalizada con éxito ===
[ACTUALIZAR PAGOS · AUTO] ℹ No se subió ningún archivo a ningún sistema externo en esta corrida: por política, el log detallado no se conserva en disco.
✅ [Automático] 'pagos' terminó bien en el reintento 1.
🤖 [Automático] Es hora de actualizar pagos. Arrancando...
[ACTUALIZAR PAGOS · AUTO] === Inicio de ejecución: pagos ===
[ACTUALIZAR PAGOS · AUTO] ▶ [LoginSemytPaso] Iniciando...
[ACTUALIZAR PAGOS · AUTO] ==================================================
[ACTUALIZAR PAGOS · AUTO] 🚀 PASO: LoginSemytPaso
[ACTUALIZAR PAGOS · AUTO] ==================================================
[ACTUALIZAR PAGOS · AUTO] Abriendo SEMyT...
[ACTUALIZAR PAGOS · AUTO] ✅ [SEMyT] Sesión existente detectada. Login omitido.
[ACTUALIZAR PAGOS · AUTO] ✅ LoginSemytPaso finalizado. (⏱ 3.7s)
[ACTUALIZAR PAGOS · AUTO] ✓ [LoginSemytPaso] Completado.
[ACTUALIZAR PAGOS · AUTO] ▶ [LoginJuzgadoPaso] Iniciando...
[ACTUALIZAR PAGOS · AUTO] ==================================================
[ACTUALIZAR PAGOS · AUTO] 🚀 PASO: LoginJuzgadoPaso
[ACTUALIZAR PAGOS · AUTO] ==================================================
[ACTUALIZAR PAGOS · AUTO] Abriendo sitio municipalidad (CiDi)...
[ACTUALIZAR PAGOS · AUTO] ✅ [Juzgado] Sesión existente detectada. Login omitido.
[ACTUALIZAR PAGOS · AUTO] ✅ LoginJuzgadoPaso finalizado. (⏱ 1.4s)
[ACTUALIZAR PAGOS · AUTO] ✓ [LoginJuzgadoPaso] Completado.
[ACTUALIZAR PAGOS · AUTO] ▶ [DescargasParalelasPaso] Iniciando...
[ACTUALIZAR PAGOS · AUTO] ==================================================
[ACTUALIZAR PAGOS · AUTO] 🚀 PASO: DescargasParalelasPaso
[ACTUALIZAR PAGOS · AUTO] ==================================================
[ACTUALIZAR PAGOS · AUTO] 📤 Arrancando las 3 descargas en paralelo (mismo browser, páginas separadas)...
[ACTUALIZAR PAGOS · AUTO] Fecha Desde: 27/06/2024
[ACTUALIZAR PAGOS · AUTO] Fecha Hasta: 24/11/2025
[ACTUALIZAR PAGOS · AUTO] Fecha Desde: 25/11/2025
[ACTUALIZAR PAGOS · AUTO] Fecha Hasta: 20/07/2026
[ACTUALIZAR PAGOS · AUTO] Descargando Excel...
[ACTUALIZAR PAGOS · AUTO] Descargando Excel...
⏳ [Automático] Tocaba disparar 'pagos' pero ya hay una ejecución en curso (Actualizar pagos); esperando a que termine; se reintenta en breve sin perder el turno.
[ACTUALIZAR PAGOS · AUTO] Archivo descargado en: backend/descargas/cache_actas_cruce/MULTAS_JUZGADO_CRUCE.xlsx
[ACTUALIZAR PAGOS · AUTO] ⏱ [actas_juzgado] completado en 17.2s
[ACTUALIZAR PAGOS · AUTO] Archivo descargado en: backend/descargas/cache_actas_cruce/MULTAS_SIGEMI_CRUCE.xlsx
[ACTUALIZAR PAGOS · AUTO] ⏱ [actas_sigemi] completado en 37.4s
[ACTUALIZAR PAGOS · AUTO] ✅ TXT de pagos descargado en: backend/descargas/pagos/2026-07-20/PAGOS DESCARGADOS.txt
[ACTUALIZAR PAGOS · AUTO] ⏱ [pagos_txt] completado en 37.5s
[ACTUALIZAR PAGOS · AUTO] ⏱ TOTAL descargas en paralelo: 37.5s
[ACTUALIZAR PAGOS · AUTO] ✅ DescargasParalelasPaso finalizado. (⏱ 38.6s)
[ACTUALIZAR PAGOS · AUTO] ✓ [DescargasParalelasPaso] Completado.
[ACTUALIZAR PAGOS · AUTO] ▶ [CompararActasPaso] Iniciando...
[ACTUALIZAR PAGOS · AUTO] ==================================================
[ACTUALIZAR PAGOS · AUTO] 🚀 PASO: CompararActasPaso
[ACTUALIZAR PAGOS · AUTO] ==================================================
[ACTUALIZAR PAGOS · AUTO] 🔍 Comparando actas del SEMyT contra pagos del Juzgado...
[ACTUALIZAR PAGOS · AUTO] ================================================================================
[ACTUALIZAR PAGOS · AUTO] INICIANDO PROCESO DE GENERACIÓN DE PAGOS DESACTUALIZADOS
[ACTUALIZAR PAGOS · AUTO] ================================================================================
[ACTUALIZAR PAGOS · AUTO] 📂 Cargando archivos...
[ACTUALIZAR PAGOS · AUTO]   ✓ Pagos: 15472 registros
[ACTUALIZAR PAGOS · AUTO]   ✓ Excel SIGEMI (multas vencidas viejas): 104166 registros
[ACTUALIZAR PAGOS · AUTO]   ✓ Excel Juzgado (multas vencidas nuevas): 39500 registros
[ACTUALIZAR PAGOS · AUTO] ================================================================================
[ACTUALIZAR PAGOS · AUTO] PASO 1: LLENANDO ACTA_NUMERO (búsqueda por patente + fecha, con desempate por hora)
[ACTUALIZAR PAGOS · AUTO] ================================================================================
[ACTUALIZAR PAGOS · AUTO] 📊 ESTADÍSTICAS DE LLENADO DE ACTAS:
[ACTUALIZAR PAGOS · AUTO]   • Pagos con acta ORIGINAL: 2045
[ACTUALIZAR PAGOS · AUTO]   • Pagos SIN acta (buscados): 13427
[ACTUALIZAR PAGOS · AUTO]   • Pagos LLENADOS exitosamente: 0
[ACTUALIZAR PAGOS · AUTO]   • Pagos NO encontrados en multas: 13427
[ACTUALIZAR PAGOS · AUTO]   • Pagos SIN RESOLVER por desbalance de cantidades: 0
[ACTUALIZAR PAGOS · AUTO] ================================================================================
[ACTUALIZAR PAGOS · AUTO] PASO 1: LLENANDO ACTA_NUMERO (búsqueda por patente + fecha, con desempate por hora)
[ACTUALIZAR PAGOS · AUTO] ================================================================================
[ACTUALIZAR PAGOS · AUTO] 📊 ESTADÍSTICAS DE LLENADO DE ACTAS:
[ACTUALIZAR PAGOS · AUTO]   • Pagos con acta ORIGINAL: 2045
[ACTUALIZAR PAGOS · AUTO]   • Pagos SIN acta (buscados): 13427
[ACTUALIZAR PAGOS · AUTO]   • Pagos LLENADOS exitosamente: 0
[ACTUALIZAR PAGOS · AUTO]   • Pagos NO encontrados en multas: 13427
[ACTUALIZAR PAGOS · AUTO]   • Pagos SIN RESOLVER por desbalance de cantidades: 0
[ACTUALIZAR PAGOS · AUTO] ⏱ PASO 1 (llenar actas): 15.9s
[ACTUALIZAR PAGOS · AUTO] ================================================================================
[ACTUALIZAR PAGOS · AUTO] PASO 2: FILTRANDO PAGOS CON ACTA_NUMERO COMPLETO
[ACTUALIZAR PAGOS · AUTO] ================================================================================
[ACTUALIZAR PAGOS · AUTO] 📊 ESTADÍSTICAS DE FILTRADO:
[ACTUALIZAR PAGOS · AUTO]   • Pagos TOTALES al inicio: 15472
[ACTUALIZAR PAGOS · AUTO]   • Pagos CON acta (MANTIENEN): 2045
[ACTUALIZAR PAGOS · AUTO]   • Pagos RECHAZADOS (sin coincidencias): 13427
[ACTUALIZAR PAGOS · AUTO] ⚠️  Se eliminaron 13427 registros sin número de acta
[ACTUALIZAR PAGOS · AUTO]      (recordá: esto incluye tanto pagos ya actualizados/pagados
[ACTUALIZAR PAGOS · AUTO]       como pagos que quedaron sin resolver por desbalance en el Paso 1)
[ACTUALIZAR PAGOS · AUTO] ================================================================================
[ACTUALIZAR PAGOS · AUTO] PASO 2-bis: CONFIRMANDO VIGENCIA DE PAGOS DEL SISTEMA NUEVO (contra MULTAS_JUZGADO_CRUCE)
[ACTUALIZAR PAGOS · AUTO] ================================================================================
[ACTUALIZAR PAGOS · AUTO]   ⚠ 2045 pago(s) del sistema nuevo descartados: su acta ya no figura como vencida en MULTAS_JUZGADO_CRUCE (SEMyT ya los actualizó).
[ACTUALIZAR PAGOS · AUTO]   • Pagos del sistema nuevo descartados por ya estar actualizados: 2045
[ACTUALIZAR PAGOS · AUTO] ⏱ PASO 2 (filtrar): 0.9s
[ACTUALIZAR PAGOS · AUTO] 📂 Cargando maestro de causas SIGEMI...
[ACTUALIZAR PAGOS · AUTO]   ✓ Causas totales (maestro): 134069 registros
[ACTUALIZAR PAGOS · AUTO] ⏱ PASO 2.5 (causas simplificado): 0.1s
[ACTUALIZAR PAGOS · AUTO] ================================================================================
[ACTUALIZAR PAGOS · AUTO] PASO 2.5: ARMANDO causas.txt SIMPLIFICADO (cruce contra total_causas_sigemi.txt)
[ACTUALIZAR PAGOS · AUTO] ================================================================================
[ACTUALIZAR PAGOS · AUTO]   • Actas vencidas viejas (multas): 104166
[ACTUALIZAR PAGOS · AUTO]   • Causas totales en el maestro SIGEMI: 134069
[ACTUALIZAR PAGOS · AUTO]   • Causas que coinciden (simplificado): 103835
[ACTUALIZAR PAGOS · AUTO]   ✅ Archivo escrito: backend/descargas/causas/causas.txt
[ACTUALIZAR PAGOS · AUTO] ⏱ PASO 2.5 (causas simplificado): 2.1s
[ACTUALIZAR PAGOS · AUTO] ⚠️  NO HAY PAGOS CON ACTA_NUMERO PARA PROCESAR
[ACTUALIZAR PAGOS · AUTO] Creando archivo vacío...
[ACTUALIZAR PAGOS · AUTO] ✅ TXT de pagos (ya cruzado con actas y causas) generado en: backend/descargas/pagos/2026-07-20/PAGOS 20260720 213917.txt
[ACTUALIZAR PAGOS · AUTO] 🧹 TXT de pagos crudo eliminado (ya usado en el cruce): backend/descargas/pagos/2026-07-20/PAGOS DESCARGADOS.txt
[ACTUALIZAR PAGOS · AUTO] 🧹 Excel MULTAS_SIGEMI_CRUCE eliminado (ya usado en el cruce): backend/descargas/cache_actas_cruce/MULTAS_SIGEMI_CRUCE.xlsx
[ACTUALIZAR PAGOS · AUTO] 🧹 Excel MULTAS_JUZGADO_CRUCE eliminado (ya usado en el cruce): backend/descargas/cache_actas_cruce/MULTAS_JUZGADO_CRUCE.xlsx
[ACTUALIZAR PAGOS · AUTO] ✅ CompararActasPaso finalizado. (⏱ 42.9s)
[ACTUALIZAR PAGOS · AUTO] ✓ [CompararActasPaso] Completado.
[ACTUALIZAR PAGOS · AUTO] ▶ [CargarPagosPaso] Iniciando...
[ACTUALIZAR PAGOS · AUTO] ==================================================
[ACTUALIZAR PAGOS · AUTO] 🚀 PASO: CargarPagosPaso
[ACTUALIZAR PAGOS · AUTO] ==================================================
[ACTUALIZAR PAGOS · AUTO] ℹ No se encontraron pagos para actualizar (el TXT final no tiene registros).
[ACTUALIZAR PAGOS · AUTO] 🧹 TXT de pagos sin registros eliminado (nada para subir): backend/descargas/pagos/2026-07-20/PAGOS 20260720 213917.txt
[ACTUALIZAR PAGOS · AUTO] ⏭ Se omite la carga al SEMyT.
[ACTUALIZAR PAGOS · AUTO] ✅ CargarPagosPaso finalizado. (⏱ 0.0s)
[ACTUALIZAR PAGOS · AUTO] ✓ [CargarPagosPaso] Completado.
[ACTUALIZAR PAGOS · AUTO] === Ejecución finalizada con éxito ===
[ACTUALIZAR PAGOS · AUTO] ℹ No se subió ningún archivo a ningún sistema externo en esta corrida: por política, el log detallado no se conserva en disco.

👋 Deteniendo servicio: cancelando procesos activos antes de salir...
🤖 Modo automático desactivado. (Si había una ejecución en curso disparada por el automático, no se cancela sola: cancelala desde su propia opción si querés detenerla.)
✅ Servicio detenido de forma prolija.
